18283 execve("/root/m4t12/bin/mmbench_dyn", ["/root/m4t12/bin/mmbench_dyn", "mmap-pf", "low", "16", "1", "20262035"], 0x7ffc1b9c2468 /* 29 vars */) = 0
18283 brk(NULL)                         = 0x55eb89020000
18283 mmap(NULL, 8192, PROT_READ|PROT_WRITE, MAP_PRIVATE|MAP_ANONYMOUS, -1, 0) = 0x7f54030c6000
18283 access("/etc/ld.so.preload", R_OK) = -1 ENOENT (No such file or directory)
18283 openat(AT_FDCWD, "/etc/ld.so.cache", O_RDONLY|O_CLOEXEC) = 3
18283 fstat(3, {st_mode=S_IFREG|0644, st_size=27983, ...}) = 0
18283 mmap(NULL, 27983, PROT_READ, MAP_PRIVATE, 3, 0) = 0x7f54030bf000
18283 close(3)                          = 0
18283 openat(AT_FDCWD, "/lib/x86_64-linux-gnu/libc.so.6", O_RDONLY|O_CLOEXEC) = 3
18283 read(3, "\177ELF\2\1\1\3\0\0\0\0\0\0\0\0\3\0>\0\1\0\0\0p\236\2\0\0\0\0\0@\0\0\0\0\0\0\0\220b\36\0\0\0\0\0\0\0\0\0@\08\0\17\0@\0=\0<\0\6\0\0\0\4\0\0\0@\0\0\0\0\0\0\0@\0\0\0\0\0\0\0@\0\0\0\0\0\0\0"..., 832) = 832
18283 pread64(3, "\6\0\0\0\4\0\0\0@\0\0\0\0\0\0\0@\0\0\0\0\0\0\0@\0\0\0\0\0\0\0H\3\0\0\0\0\0\0H\3\0\0\0\0\0\0\10\0\0\0\0\0\0\0\3\0\0\0\4\0\0\0\240\1\36\0\0\0\0\0\240\1\36\0\0\0\0\0\240\1\36\0\0\0\0\0\34\0\0\0\0\0\0\0"..., 840, 64) = 840
18283 fstat(3, {st_mode=S_IFREG|0755, st_size=1995216, ...}) = 0
18283 pread64(3, "\6\0\0\0\4\0\0\0@\0\0\0\0\0\0\0@\0\0\0\0\0\0\0@\0\0\0\0\0\0\0H\3\0\0\0\0\0\0H\3\0\0\0\0\0\0\10\0\0\0\0\0\0\0\3\0\0\0\4\0\0\0\240\1\36\0\0\0\0\0\240\1\36\0\0\0\0\0\240\1\36\0\0\0\0\0\34\0\0\0\0\0\0\0"..., 840, 64) = 840
18283 mmap(NULL, 2047568, PROT_READ, MAP_PRIVATE|MAP_DENYWRITE, 3, 0) = 0x7f5402ecb000
18283 mmap(0x7f5402ef3000, 1454080, PROT_READ|PROT_EXEC, MAP_PRIVATE|MAP_FIXED|MAP_DENYWRITE, 3, 0x28000) = 0x7f5402ef3000
18283 mmap(0x7f5403056000, 352256, PROT_READ, MAP_PRIVATE|MAP_FIXED|MAP_DENYWRITE, 3, 0x18b000) = 0x7f5403056000
18283 mmap(0x7f54030ac000, 24576, PROT_READ|PROT_WRITE, MAP_PRIVATE|MAP_FIXED|MAP_DENYWRITE, 3, 0x1e0000) = 0x7f54030ac000
18283 mmap(0x7f54030b2000, 52816, PROT_READ|PROT_WRITE, MAP_PRIVATE|MAP_FIXED|MAP_ANONYMOUS, -1, 0) = 0x7f54030b2000
18283 close(3)                          = 0
18283 mmap(NULL, 12288, PROT_READ|PROT_WRITE, MAP_PRIVATE|MAP_ANONYMOUS, -1, 0) = 0x7f5402ec8000
18283 arch_prctl(ARCH_SET_FS, 0x7f5402ec8740) = 0
18283 set_tid_address(0x7f5402ec8a10)   = 18283
18283 set_robust_list(0x7f5402ec8a20, 24) = 0
18283 rseq(0x7f5402ec8680, 0x20, 0, 0x53053053) = 0
18283 mprotect(0x7f54030ac000, 16384, PROT_READ) = 0
18283 mprotect(0x55eb4fd5c000, 4096, PROT_READ) = 0
18283 mprotect(0x7f5403118000, 8192, PROT_READ) = 0
18283 prlimit64(0, RLIMIT_STACK, NULL, {rlim_cur=8192*1024, rlim_max=RLIM64_INFINITY}) = 0
18283 munmap(0x7f54030bf000, 27983)     = 0
18283 prlimit64(0, RLIMIT_AS, NULL, {rlim_cur=RLIM64_INFINITY, rlim_max=RLIM64_INFINITY}) = 0
18283 getrandom("\x5d\x24\x09\x52\x42\x16\x53\xaf", 8, GRND_NONBLOCK) = 8
18283 brk(NULL)                         = 0x55eb89020000
18283 brk(0x55eb89041000)               = 0x55eb89041000
18283 rt_sigaction(SIGRT_1, {sa_handler=0x7f5402f5b4b0, sa_mask=[], sa_flags=SA_RESTORER|SA_ONSTACK|SA_RESTART|SA_SIGINFO, sa_restorer=0x7f5402f0adf0}, NULL, 8) = 0
18283 rt_sigprocmask(SIG_UNBLOCK, [RTMIN RT_1], NULL, 8) = 0
18283 mmap(NULL, 8392704, PROT_NONE, MAP_PRIVATE|MAP_ANONYMOUS|MAP_STACK, -1, 0) = 0x7f54026c7000
18283 mprotect(0x7f54026c8000, 8388608, PROT_READ|PROT_WRITE) = 0
18283 rt_sigprocmask(SIG_BLOCK, ~[], [], 8) = 0
18283 clone3({flags=CLONE_VM|CLONE_FS|CLONE_FILES|CLONE_SIGHAND|CLONE_THREAD|CLONE_SYSVSEM|CLONE_SETTLS|CLONE_PARENT_SETTID|CLONE_CHILD_CLEARTID, child_tid=0x7f5402ec7990, parent_tid=0x7f5402ec7990, exit_signal=0, stack=0x7f54026c7000, stack_size=0x7fff80, tls=0x7f5402ec76c0} => {parent_tid=[18285]}, 88) = 18285
18283 rt_sigprocmask(SIG_SETMASK, [], NULL, 8) = 0
18285 rseq(0x7f5402ec7600, 0x20, 0, 0x53053053 <unfinished ...>
18283 mmap(NULL, 8392704, PROT_NONE, MAP_PRIVATE|MAP_ANONYMOUS|MAP_STACK, -1, 0 <unfinished ...>
18285 <... rseq resumed>)               = 0
18283 <... mmap resumed>)               = 0x7f5401ec6000
18285 set_robust_list(0x7f5402ec79a0, 24 <unfinished ...>
18283 mprotect(0x7f5401ec7000, 8388608, PROT_READ|PROT_WRITE) = 0
18285 <... set_robust_list resumed>)    = 0
18283 rt_sigprocmask(SIG_BLOCK, ~[],  <unfinished ...>
18285 rt_sigprocmask(SIG_SETMASK, [],  <unfinished ...>
18283 <... rt_sigprocmask resumed>[], 8) = 0
18285 <... rt_sigprocmask resumed>NULL, 8) = 0
18283 clone3({flags=CLONE_VM|CLONE_FS|CLONE_FILES|CLONE_SIGHAND|CLONE_THREAD|CLONE_SYSVSEM|CLONE_SETTLS|CLONE_PARENT_SETTID|CLONE_CHILD_CLEARTID, child_tid=0x7f54026c6990, parent_tid=0x7f54026c6990, exit_signal=0, stack=0x7f5401ec6000, stack_size=0x7fff80, tls=0x7f54026c66c0} <unfinished ...>
18285 futex(0x7fff5b252394, FUTEX_WAIT_PRIVATE, 0, NULL <unfinished ...>
18283 <... clone3 resumed> => {parent_tid=[18286]}, 88) = 18286
18286 rseq(0x7f54026c6600, 0x20, 0, 0x53053053 <unfinished ...>
18283 rt_sigprocmask(SIG_SETMASK, [],  <unfinished ...>
18286 <... rseq resumed>)               = 0
18286 set_robust_list(0x7f54026c69a0, 24 <unfinished ...>
18283 <... rt_sigprocmask resumed>NULL, 8) = 0
18286 <... set_robust_list resumed>)    = 0
18283 mmap(NULL, 8392704, PROT_NONE, MAP_PRIVATE|MAP_ANONYMOUS|MAP_STACK, -1, 0 <unfinished ...>
18286 rt_sigprocmask(SIG_SETMASK, [],  <unfinished ...>
18283 <... mmap resumed>)               = 0x7f54016c5000
18283 mprotect(0x7f54016c6000, 8388608, PROT_READ|PROT_WRITE <unfinished ...>
18286 <... rt_sigprocmask resumed>NULL, 8) = 0
18283 <... mprotect resumed>)           = 0
18283 rt_sigprocmask(SIG_BLOCK, ~[],  <unfinished ...>
18286 futex(0x7fff5b252394, FUTEX_WAIT_PRIVATE, 0, NULL <unfinished ...>
18283 <... rt_sigprocmask resumed>[], 8) = 0
18283 clone3({flags=CLONE_VM|CLONE_FS|CLONE_FILES|CLONE_SIGHAND|CLONE_THREAD|CLONE_SYSVSEM|CLONE_SETTLS|CLONE_PARENT_SETTID|CLONE_CHILD_CLEARTID, child_tid=0x7f5401ec5990, parent_tid=0x7f5401ec5990, exit_signal=0, stack=0x7f54016c5000, stack_size=0x7fff80, tls=0x7f5401ec56c0} => {parent_tid=[18287]}, 88) = 18287
18283 rt_sigprocmask(SIG_SETMASK, [], NULL, 8) = 0
18287 rseq(0x7f5401ec5600, 0x20, 0, 0x53053053 <unfinished ...>
18283 mmap(NULL, 8392704, PROT_NONE, MAP_PRIVATE|MAP_ANONYMOUS|MAP_STACK, -1, 0 <unfinished ...>
18287 <... rseq resumed>)               = 0
18283 <... mmap resumed>)               = 0x7f5400ec4000
18287 set_robust_list(0x7f5401ec59a0, 24 <unfinished ...>
18283 mprotect(0x7f5400ec5000, 8388608, PROT_READ|PROT_WRITE) = 0
18287 <... set_robust_list resumed>)    = 0
18283 rt_sigprocmask(SIG_BLOCK, ~[],  <unfinished ...>
18287 rt_sigprocmask(SIG_SETMASK, [],  <unfinished ...>
18283 <... rt_sigprocmask resumed>[], 8) = 0
18287 <... rt_sigprocmask resumed>NULL, 8) = 0
18283 clone3({flags=CLONE_VM|CLONE_FS|CLONE_FILES|CLONE_SIGHAND|CLONE_THREAD|CLONE_SYSVSEM|CLONE_SETTLS|CLONE_PARENT_SETTID|CLONE_CHILD_CLEARTID, child_tid=0x7f54016c4990, parent_tid=0x7f54016c4990, exit_signal=0, stack=0x7f5400ec4000, stack_size=0x7fff80, tls=0x7f54016c46c0} <unfinished ...>
18287 futex(0x7fff5b252394, FUTEX_WAIT_PRIVATE, 0, NULL <unfinished ...>
18283 <... clone3 resumed> => {parent_tid=[18288]}, 88) = 18288
18283 rt_sigprocmask(SIG_SETMASK, [],  <unfinished ...>
18288 rseq(0x7f54016c4600, 0x20, 0, 0x53053053 <unfinished ...>
18283 <... rt_sigprocmask resumed>NULL, 8) = 0
18288 <... rseq resumed>)               = 0
18283 mmap(NULL, 8392704, PROT_NONE, MAP_PRIVATE|MAP_ANONYMOUS|MAP_STACK, -1, 0) = 0x7f54006c3000
18288 set_robust_list(0x7f54016c49a0, 24 <unfinished ...>
18283 mprotect(0x7f54006c4000, 8388608, PROT_READ|PROT_WRITE) = 0
18288 <... set_robust_list resumed>)    = 0
18283 rt_sigprocmask(SIG_BLOCK, ~[],  <unfinished ...>
18288 rt_sigprocmask(SIG_SETMASK, [],  <unfinished ...>
18283 <... rt_sigprocmask resumed>[], 8) = 0
18283 clone3({flags=CLONE_VM|CLONE_FS|CLONE_FILES|CLONE_SIGHAND|CLONE_THREAD|CLONE_SYSVSEM|CLONE_SETTLS|CLONE_PARENT_SETTID|CLONE_CHILD_CLEARTID, child_tid=0x7f5400ec3990, parent_tid=0x7f5400ec3990, exit_signal=0, stack=0x7f54006c3000, stack_size=0x7fff80, tls=0x7f5400ec36c0} <unfinished ...>
18288 <... rt_sigprocmask resumed>NULL, 8) = 0
18289 rseq(0x7f5400ec3600, 0x20, 0, 0x53053053 <unfinished ...>
18283 <... clone3 resumed> => {parent_tid=[18289]}, 88) = 18289
18288 futex(0x7fff5b252394, FUTEX_WAIT_PRIVATE, 0, NULL <unfinished ...>
18289 <... rseq resumed>)               = 0
18283 rt_sigprocmask(SIG_SETMASK, [],  <unfinished ...>
18289 set_robust_list(0x7f5400ec39a0, 24 <unfinished ...>
18283 <... rt_sigprocmask resumed>NULL, 8) = 0
18289 <... set_robust_list resumed>)    = 0
18283 mmap(NULL, 8392704, PROT_NONE, MAP_PRIVATE|MAP_ANONYMOUS|MAP_STACK, -1, 0) = 0x7f53ffec2000
18283 mprotect(0x7f53ffec3000, 8388608, PROT_READ|PROT_WRITE <unfinished ...>
18289 rt_sigprocmask(SIG_SETMASK, [],  <unfinished ...>
18283 <... mprotect resumed>)           = 0
18289 <... rt_sigprocmask resumed>NULL, 8) = 0
18283 rt_sigprocmask(SIG_BLOCK, ~[], [], 8) = 0
18289 futex(0x7fff5b252394, FUTEX_WAIT_PRIVATE, 0, NULL <unfinished ...>
18283 clone3({flags=CLONE_VM|CLONE_FS|CLONE_FILES|CLONE_SIGHAND|CLONE_THREAD|CLONE_SYSVSEM|CLONE_SETTLS|CLONE_PARENT_SETTID|CLONE_CHILD_CLEARTID, child_tid=0x7f54006c2990, parent_tid=0x7f54006c2990, exit_signal=0, stack=0x7f53ffec2000, stack_size=0x7fff80, tls=0x7f54006c26c0} => {parent_tid=[18290]}, 88) = 18290
18290 rseq(0x7f54006c2600, 0x20, 0, 0x53053053 <unfinished ...>
18283 rt_sigprocmask(SIG_SETMASK, [],  <unfinished ...>
18290 <... rseq resumed>)               = 0
18283 <... rt_sigprocmask resumed>NULL, 8) = 0
18290 set_robust_list(0x7f54006c29a0, 24 <unfinished ...>
18283 mmap(NULL, 8392704, PROT_NONE, MAP_PRIVATE|MAP_ANONYMOUS|MAP_STACK, -1, 0 <unfinished ...>
18290 <... set_robust_list resumed>)    = 0
18283 <... mmap resumed>)               = 0x7f53ff6c1000
18290 rt_sigprocmask(SIG_SETMASK, [],  <unfinished ...>
18283 mprotect(0x7f53ff6c2000, 8388608, PROT_READ|PROT_WRITE <unfinished ...>
18290 <... rt_sigprocmask resumed>NULL, 8) = 0
18283 <... mprotect resumed>)           = 0
18290 futex(0x7fff5b252394, FUTEX_WAIT_PRIVATE, 0, NULL <unfinished ...>
18283 rt_sigprocmask(SIG_BLOCK, ~[], [], 8) = 0
18283 clone3({flags=CLONE_VM|CLONE_FS|CLONE_FILES|CLONE_SIGHAND|CLONE_THREAD|CLONE_SYSVSEM|CLONE_SETTLS|CLONE_PARENT_SETTID|CLONE_CHILD_CLEARTID, child_tid=0x7f53ffec1990, parent_tid=0x7f53ffec1990, exit_signal=0, stack=0x7f53ff6c1000, stack_size=0x7fff80, tls=0x7f53ffec16c0} => {parent_tid=[18291]}, 88) = 18291
18291 rseq(0x7f53ffec1600, 0x20, 0, 0x53053053 <unfinished ...>
18283 rt_sigprocmask(SIG_SETMASK, [],  <unfinished ...>
18291 <... rseq resumed>)               = 0
18283 <... rt_sigprocmask resumed>NULL, 8) = 0
18291 set_robust_list(0x7f53ffec19a0, 24 <unfinished ...>
18283 mmap(NULL, 8392704, PROT_NONE, MAP_PRIVATE|MAP_ANONYMOUS|MAP_STACK, -1, 0) = 0x7f53feec0000
18291 <... set_robust_list resumed>)    = 0
18283 mprotect(0x7f53feec1000, 8388608, PROT_READ|PROT_WRITE) = 0
18291 rt_sigprocmask(SIG_SETMASK, [],  <unfinished ...>
18283 rt_sigprocmask(SIG_BLOCK, ~[], [], 8) = 0
18291 <... rt_sigprocmask resumed>NULL, 8) = 0
18283 clone3({flags=CLONE_VM|CLONE_FS|CLONE_FILES|CLONE_SIGHAND|CLONE_THREAD|CLONE_SYSVSEM|CLONE_SETTLS|CLONE_PARENT_SETTID|CLONE_CHILD_CLEARTID, child_tid=0x7f53ff6c0990, parent_tid=0x7f53ff6c0990, exit_signal=0, stack=0x7f53feec0000, stack_size=0x7fff80, tls=0x7f53ff6c06c0} <unfinished ...>
18291 futex(0x7fff5b252394, FUTEX_WAIT_PRIVATE, 0, NULL <unfinished ...>
18283 <... clone3 resumed> => {parent_tid=[18292]}, 88) = 18292
18283 rt_sigprocmask(SIG_SETMASK, [],  <unfinished ...>
18292 rseq(0x7f53ff6c0600, 0x20, 0, 0x53053053 <unfinished ...>
18283 <... rt_sigprocmask resumed>NULL, 8) = 0
18292 <... rseq resumed>)               = 0
18283 mmap(NULL, 8392704, PROT_NONE, MAP_PRIVATE|MAP_ANONYMOUS|MAP_STACK, -1, 0) = 0x7f53fe6bf000
18292 set_robust_list(0x7f53ff6c09a0, 24 <unfinished ...>
18283 mprotect(0x7f53fe6c0000, 8388608, PROT_READ|PROT_WRITE <unfinished ...>
18292 <... set_robust_list resumed>)    = 0
18292 rt_sigprocmask(SIG_SETMASK, [],  <unfinished ...>
18283 <... mprotect resumed>)           = 0
18292 <... rt_sigprocmask resumed>NULL, 8) = 0
18283 rt_sigprocmask(SIG_BLOCK, ~[],  <unfinished ...>
18292 futex(0x7fff5b252394, FUTEX_WAIT_PRIVATE, 0, NULL <unfinished ...>
18283 <... rt_sigprocmask resumed>[], 8) = 0
18283 clone3({flags=CLONE_VM|CLONE_FS|CLONE_FILES|CLONE_SIGHAND|CLONE_THREAD|CLONE_SYSVSEM|CLONE_SETTLS|CLONE_PARENT_SETTID|CLONE_CHILD_CLEARTID, child_tid=0x7f53feebf990, parent_tid=0x7f53feebf990, exit_signal=0, stack=0x7f53fe6bf000, stack_size=0x7fff80, tls=0x7f53feebf6c0} => {parent_tid=[18293]}, 88) = 18293
18293 rseq(0x7f53feebf600, 0x20, 0, 0x53053053 <unfinished ...>
18283 rt_sigprocmask(SIG_SETMASK, [], NULL, 8) = 0
18283 mmap(NULL, 8392704, PROT_NONE, MAP_PRIVATE|MAP_ANONYMOUS|MAP_STACK, -1, 0 <unfinished ...>
18293 <... rseq resumed>)               = 0
18283 <... mmap resumed>)               = 0x7f53fdebe000
18293 set_robust_list(0x7f53feebf9a0, 24 <unfinished ...>
18283 mprotect(0x7f53fdebf000, 8388608, PROT_READ|PROT_WRITE <unfinished ...>
18293 <... set_robust_list resumed>)    = 0
18283 <... mprotect resumed>)           = 0
18293 rt_sigprocmask(SIG_SETMASK, [],  <unfinished ...>
18283 rt_sigprocmask(SIG_BLOCK, ~[],  <unfinished ...>
18293 <... rt_sigprocmask resumed>NULL, 8) = 0
18283 <... rt_sigprocmask resumed>[], 8) = 0
18283 clone3({flags=CLONE_VM|CLONE_FS|CLONE_FILES|CLONE_SIGHAND|CLONE_THREAD|CLONE_SYSVSEM|CLONE_SETTLS|CLONE_PARENT_SETTID|CLONE_CHILD_CLEARTID, child_tid=0x7f53fe6be990, parent_tid=0x7f53fe6be990, exit_signal=0, stack=0x7f53fdebe000, stack_size=0x7fff80, tls=0x7f53fe6be6c0} <unfinished ...>
18293 futex(0x7fff5b252394, FUTEX_WAIT_PRIVATE, 0, NULL <unfinished ...>
18283 <... clone3 resumed> => {parent_tid=[18294]}, 88) = 18294
18283 rt_sigprocmask(SIG_SETMASK, [], NULL, 8) = 0
18294 rseq(0x7f53fe6be600, 0x20, 0, 0x53053053 <unfinished ...>
18283 mmap(NULL, 8392704, PROT_NONE, MAP_PRIVATE|MAP_ANONYMOUS|MAP_STACK, -1, 0 <unfinished ...>
18294 <... rseq resumed>)               = 0
18283 <... mmap resumed>)               = 0x7f53fd6bd000
18283 mprotect(0x7f53fd6be000, 8388608, PROT_READ|PROT_WRITE <unfinished ...>
18294 set_robust_list(0x7f53fe6be9a0, 24 <unfinished ...>
18283 <... mprotect resumed>)           = 0
18294 <... set_robust_list resumed>)    = 0
18294 rt_sigprocmask(SIG_SETMASK, [],  <unfinished ...>
18283 rt_sigprocmask(SIG_BLOCK, ~[],  <unfinished ...>
18294 <... rt_sigprocmask resumed>NULL, 8) = 0
18283 <... rt_sigprocmask resumed>[], 8) = 0
18294 futex(0x7fff5b252394, FUTEX_WAIT_PRIVATE, 0, NULL <unfinished ...>
18283 clone3({flags=CLONE_VM|CLONE_FS|CLONE_FILES|CLONE_SIGHAND|CLONE_THREAD|CLONE_SYSVSEM|CLONE_SETTLS|CLONE_PARENT_SETTID|CLONE_CHILD_CLEARTID, child_tid=0x7f53fdebd990, parent_tid=0x7f53fdebd990, exit_signal=0, stack=0x7f53fd6bd000, stack_size=0x7fff80, tls=0x7f53fdebd6c0} => {parent_tid=[18295]}, 88) = 18295
18283 rt_sigprocmask(SIG_SETMASK, [],  <unfinished ...>
18295 rseq(0x7f53fdebd600, 0x20, 0, 0x53053053 <unfinished ...>
18283 <... rt_sigprocmask resumed>NULL, 8) = 0
18283 mmap(NULL, 8392704, PROT_NONE, MAP_PRIVATE|MAP_ANONYMOUS|MAP_STACK, -1, 0 <unfinished ...>
18295 <... rseq resumed>)               = 0
18283 <... mmap resumed>)               = 0x7f53fcebc000
18295 set_robust_list(0x7f53fdebd9a0, 24 <unfinished ...>
18283 mprotect(0x7f53fcebd000, 8388608, PROT_READ|PROT_WRITE) = 0
18295 <... set_robust_list resumed>)    = 0
18283 rt_sigprocmask(SIG_BLOCK, ~[],  <unfinished ...>
18295 rt_sigprocmask(SIG_SETMASK, [],  <unfinished ...>
18283 <... rt_sigprocmask resumed>[], 8) = 0
18283 clone3({flags=CLONE_VM|CLONE_FS|CLONE_FILES|CLONE_SIGHAND|CLONE_THREAD|CLONE_SYSVSEM|CLONE_SETTLS|CLONE_PARENT_SETTID|CLONE_CHILD_CLEARTID, child_tid=0x7f53fd6bc990, parent_tid=0x7f53fd6bc990, exit_signal=0, stack=0x7f53fcebc000, stack_size=0x7fff80, tls=0x7f53fd6bc6c0} <unfinished ...>
18295 <... rt_sigprocmask resumed>NULL, 8) = 0
18295 futex(0x7fff5b252394, FUTEX_WAIT_PRIVATE, 0, NULL <unfinished ...>
18283 <... clone3 resumed> => {parent_tid=[18296]}, 88) = 18296
18283 rt_sigprocmask(SIG_SETMASK, [],  <unfinished ...>
18296 rseq(0x7f53fd6bc600, 0x20, 0, 0x53053053 <unfinished ...>
18283 <... rt_sigprocmask resumed>NULL, 8) = 0
18296 <... rseq resumed>)               = 0
18283 mmap(NULL, 8392704, PROT_NONE, MAP_PRIVATE|MAP_ANONYMOUS|MAP_STACK, -1, 0 <unfinished ...>
18296 set_robust_list(0x7f53fd6bc9a0, 24 <unfinished ...>
18283 <... mmap resumed>)               = 0x7f53fc6bb000
18296 <... set_robust_list resumed>)    = 0
18283 mprotect(0x7f53fc6bc000, 8388608, PROT_READ|PROT_WRITE <unfinished ...>
18296 rt_sigprocmask(SIG_SETMASK, [],  <unfinished ...>
18283 <... mprotect resumed>)           = 0
18296 <... rt_sigprocmask resumed>NULL, 8) = 0
18283 rt_sigprocmask(SIG_BLOCK, ~[], [], 8) = 0
18296 futex(0x7fff5b252394, FUTEX_WAIT_PRIVATE, 0, NULL <unfinished ...>
18283 clone3({flags=CLONE_VM|CLONE_FS|CLONE_FILES|CLONE_SIGHAND|CLONE_THREAD|CLONE_SYSVSEM|CLONE_SETTLS|CLONE_PARENT_SETTID|CLONE_CHILD_CLEARTID, child_tid=0x7f53fcebb990, parent_tid=0x7f53fcebb990, exit_signal=0, stack=0x7f53fc6bb000, stack_size=0x7fff80, tls=0x7f53fcebb6c0} => {parent_tid=[18297]}, 88) = 18297
18283 rt_sigprocmask(SIG_SETMASK, [],  <unfinished ...>
18297 rseq(0x7f53fcebb600, 0x20, 0, 0x53053053 <unfinished ...>
18283 <... rt_sigprocmask resumed>NULL, 8) = 0
18297 <... rseq resumed>)               = 0
18283 mmap(NULL, 8392704, PROT_NONE, MAP_PRIVATE|MAP_ANONYMOUS|MAP_STACK, -1, 0) = 0x7f53fbeba000
18297 set_robust_list(0x7f53fcebb9a0, 24 <unfinished ...>
18283 mprotect(0x7f53fbebb000, 8388608, PROT_READ|PROT_WRITE) = 0
18297 <... set_robust_list resumed>)    = 0
18283 rt_sigprocmask(SIG_BLOCK, ~[], [], 8) = 0
18297 rt_sigprocmask(SIG_SETMASK, [],  <unfinished ...>
18283 clone3({flags=CLONE_VM|CLONE_FS|CLONE_FILES|CLONE_SIGHAND|CLONE_THREAD|CLONE_SYSVSEM|CLONE_SETTLS|CLONE_PARENT_SETTID|CLONE_CHILD_CLEARTID, child_tid=0x7f53fc6ba990, parent_tid=0x7f53fc6ba990, exit_signal=0, stack=0x7f53fbeba000, stack_size=0x7fff80, tls=0x7f53fc6ba6c0} <unfinished ...>
18297 <... rt_sigprocmask resumed>NULL, 8) = 0
18297 futex(0x7fff5b252394, FUTEX_WAIT_PRIVATE, 0, NULL <unfinished ...>
18283 <... clone3 resumed> => {parent_tid=[18298]}, 88) = 18298
18298 rseq(0x7f53fc6ba600, 0x20, 0, 0x53053053 <unfinished ...>
18283 rt_sigprocmask(SIG_SETMASK, [], NULL, 8) = 0
18298 <... rseq resumed>)               = 0
18283 mmap(NULL, 8392704, PROT_NONE, MAP_PRIVATE|MAP_ANONYMOUS|MAP_STACK, -1, 0 <unfinished ...>
18298 set_robust_list(0x7f53fc6ba9a0, 24 <unfinished ...>
18283 <... mmap resumed>)               = 0x7f53fb6b9000
18283 mprotect(0x7f53fb6ba000, 8388608, PROT_READ|PROT_WRITE <unfinished ...>
18298 <... set_robust_list resumed>)    = 0
18283 <... mprotect resumed>)           = 0
18283 rt_sigprocmask(SIG_BLOCK, ~[],  <unfinished ...>
18298 rt_sigprocmask(SIG_SETMASK, [],  <unfinished ...>
18283 <... rt_sigprocmask resumed>[], 8) = 0
18283 clone3({flags=CLONE_VM|CLONE_FS|CLONE_FILES|CLONE_SIGHAND|CLONE_THREAD|CLONE_SYSVSEM|CLONE_SETTLS|CLONE_PARENT_SETTID|CLONE_CHILD_CLEARTID, child_tid=0x7f53fbeb9990, parent_tid=0x7f53fbeb9990, exit_signal=0, stack=0x7f53fb6b9000, stack_size=0x7fff80, tls=0x7f53fbeb96c0} <unfinished ...>
18298 <... rt_sigprocmask resumed>NULL, 8) = 0
18298 futex(0x7fff5b252394, FUTEX_WAIT_PRIVATE, 0, NULL <unfinished ...>
18283 <... clone3 resumed> => {parent_tid=[18299]}, 88) = 18299
18283 rt_sigprocmask(SIG_SETMASK, [],  <unfinished ...>
18299 rseq(0x7f53fbeb9600, 0x20, 0, 0x53053053 <unfinished ...>
18283 <... rt_sigprocmask resumed>NULL, 8) = 0
18283 mmap(NULL, 8392704, PROT_NONE, MAP_PRIVATE|MAP_ANONYMOUS|MAP_STACK, -1, 0 <unfinished ...>
18299 <... rseq resumed>)               = 0
18283 <... mmap resumed>)               = 0x7f53faeb8000
18299 set_robust_list(0x7f53fbeb99a0, 24 <unfinished ...>
18283 mprotect(0x7f53faeb9000, 8388608, PROT_READ|PROT_WRITE) = 0
18299 <... set_robust_list resumed>)    = 0
18283 rt_sigprocmask(SIG_BLOCK, ~[],  <unfinished ...>
18299 rt_sigprocmask(SIG_SETMASK, [],  <unfinished ...>
18283 <... rt_sigprocmask resumed>[], 8) = 0
18283 clone3({flags=CLONE_VM|CLONE_FS|CLONE_FILES|CLONE_SIGHAND|CLONE_THREAD|CLONE_SYSVSEM|CLONE_SETTLS|CLONE_PARENT_SETTID|CLONE_CHILD_CLEARTID, child_tid=0x7f53fb6b8990, parent_tid=0x7f53fb6b8990, exit_signal=0, stack=0x7f53faeb8000, stack_size=0x7fff80, tls=0x7f53fb6b86c0} <unfinished ...>
18299 <... rt_sigprocmask resumed>NULL, 8) = 0
18299 futex(0x7fff5b252394, FUTEX_WAIT_PRIVATE, 0, NULL <unfinished ...>
18283 <... clone3 resumed> => {parent_tid=[18300]}, 88) = 18300
18283 rt_sigprocmask(SIG_SETMASK, [],  <unfinished ...>
18300 rseq(0x7f53fb6b8600, 0x20, 0, 0x53053053 <unfinished ...>
18283 <... rt_sigprocmask resumed>NULL, 8) = 0
18300 <... rseq resumed>)               = 0
18283 futex(0x7fff5b252394, FUTEX_WAIT_PRIVATE, 0, NULL <unfinished ...>
18300 set_robust_list(0x7f53fb6b89a0, 24) = 0
18300 rt_sigprocmask(SIG_SETMASK, [], NULL, 8) = 0
18300 futex(0x7fff5b252394, FUTEX_WAKE_PRIVATE, 2147483647 <unfinished ...>
18291 <... futex resumed>)              = 0
18290 <... futex resumed>)              = 0
18288 <... futex resumed>)              = 0
18287 <... futex resumed>)              = 0
18286 <... futex resumed>)              = 0
18285 <... futex resumed>)              = 0
18300 <... futex resumed>)              = 16
18298 <... futex resumed>)              = 0
18295 <... futex resumed>)              = 0
18292 <... futex resumed>)              = 0
18291 mmap(NULL, 16384, PROT_READ|PROT_WRITE, MAP_PRIVATE|MAP_ANONYMOUS|MAP_NORESERVE, -1, 0 <unfinished ...>
18290 mmap(NULL, 16384, PROT_READ|PROT_WRITE, MAP_PRIVATE|MAP_ANONYMOUS|MAP_NORESERVE, -1, 0 <unfinished ...>
18289 <... futex resumed>)              = 0
18283 <... futex resumed>)              = 0
18300 mmap(NULL, 16384, PROT_READ|PROT_WRITE, MAP_PRIVATE|MAP_ANONYMOUS|MAP_NORESERVE, -1, 0 <unfinished ...>
18299 <... futex resumed>)              = 0
18298 mmap(NULL, 16384, PROT_READ|PROT_WRITE, MAP_PRIVATE|MAP_ANONYMOUS|MAP_NORESERVE, -1, 0 <unfinished ...>
18297 <... futex resumed>)              = 0
18296 <... futex resumed>)              = 0
18294 <... futex resumed>)              = 0
18293 <... futex resumed>)              = 0
18291 <... mmap resumed>)               = 0x7f54030c2000
18288 mmap(NULL, 16384, PROT_READ|PROT_WRITE, MAP_PRIVATE|MAP_ANONYMOUS|MAP_NORESERVE, -1, 0 <unfinished ...>
18286 mmap(NULL, 16384, PROT_READ|PROT_WRITE, MAP_PRIVATE|MAP_ANONYMOUS|MAP_NORESERVE, -1, 0 <unfinished ...>
18285 mmap(NULL, 16384, PROT_READ|PROT_WRITE, MAP_PRIVATE|MAP_ANONYMOUS|MAP_NORESERVE, -1, 0 <unfinished ...>
18283 futex(0x7fff5b2523b4, FUTEX_WAIT_PRIVATE, 0, NULL <unfinished ...>
18300 <... mmap resumed>)               = 0x7f53faeac000
18299 mmap(NULL, 16384, PROT_READ|PROT_WRITE, MAP_PRIVATE|MAP_ANONYMOUS|MAP_NORESERVE, -1, 0 <unfinished ...>
18298 <... mmap resumed>)               = 0x7f53faeb0000
18297 mmap(NULL, 16384, PROT_READ|PROT_WRITE, MAP_PRIVATE|MAP_ANONYMOUS|MAP_NORESERVE, -1, 0 <unfinished ...>
18296 mmap(NULL, 16384, PROT_READ|PROT_WRITE, MAP_PRIVATE|MAP_ANONYMOUS|MAP_NORESERVE, -1, 0 <unfinished ...>
18295 mmap(NULL, 16384, PROT_READ|PROT_WRITE, MAP_PRIVATE|MAP_ANONYMOUS|MAP_NORESERVE, -1, 0 <unfinished ...>
18294 mmap(NULL, 16384, PROT_READ|PROT_WRITE, MAP_PRIVATE|MAP_ANONYMOUS|MAP_NORESERVE, -1, 0 <unfinished ...>
18293 mmap(NULL, 16384, PROT_READ|PROT_WRITE, MAP_PRIVATE|MAP_ANONYMOUS|MAP_NORESERVE, -1, 0 <unfinished ...>
18292 mmap(NULL, 16384, PROT_READ|PROT_WRITE, MAP_PRIVATE|MAP_ANONYMOUS|MAP_NORESERVE, -1, 0 <unfinished ...>
18291 munmap(0x7f54030c2000, 16384 <unfinished ...>
18290 <... mmap resumed>)               = 0x7f53faeb4000
18289 mmap(NULL, 16384, PROT_READ|PROT_WRITE, MAP_PRIVATE|MAP_ANONYMOUS|MAP_NORESERVE, -1, 0 <unfinished ...>
18288 <... mmap resumed>)               = 0x7f53faea8000
18287 mmap(NULL, 16384, PROT_READ|PROT_WRITE, MAP_PRIVATE|MAP_ANONYMOUS|MAP_NORESERVE, -1, 0 <unfinished ...>
18286 <... mmap resumed>)               = 0x7f53faea4000
18300 munmap(0x7f53faeac000, 16384 <unfinished ...>
18299 <... mmap resumed>)               = 0x7f53fae9c000
18298 munmap(0x7f53faeb0000, 16384 <unfinished ...>
18297 <... mmap resumed>)               = 0x7f53fae90000
18296 <... mmap resumed>)               = 0x7f53fae94000
18295 <... mmap resumed>)               = 0x7f53fae8c000
18294 <... mmap resumed>)               = 0x7f53fae98000
18293 <... mmap resumed>)               = 0x7f53fae88000
18292 <... mmap resumed>)               = 0x7f53fae84000
18290 munmap(0x7f53faeb4000, 16384 <unfinished ...>
18285 <... mmap resumed>)               = 0x7f53faea0000
18300 <... munmap resumed>)             = 0
18299 munmap(0x7f53fae9c000, 16384 <unfinished ...>
18298 <... munmap resumed>)             = 0
18297 munmap(0x7f53fae90000, 16384 <unfinished ...>
18296 munmap(0x7f53fae94000, 16384 <unfinished ...>
18295 munmap(0x7f53fae8c000, 16384 <unfinished ...>
18294 munmap(0x7f53fae98000, 16384 <unfinished ...>
18292 munmap(0x7f53fae84000, 16384 <unfinished ...>
18291 <... munmap resumed>)             = 0
18289 <... mmap resumed>)               = 0x7f54030c2000
18288 munmap(0x7f53faea8000, 16384 <unfinished ...>
18287 <... mmap resumed>)               = 0x7f53faeb0000
18286 munmap(0x7f53faea4000, 16384 <unfinished ...>
18300 mmap(NULL, 16384, PROT_READ|PROT_WRITE, MAP_PRIVATE|MAP_ANONYMOUS|MAP_NORESERVE, -1, 0 <unfinished ...>
18299 <... munmap resumed>)             = 0
18298 mmap(NULL, 16384, PROT_READ|PROT_WRITE, MAP_PRIVATE|MAP_ANONYMOUS|MAP_NORESERVE, -1, 0 <unfinished ...>
18297 <... munmap resumed>)             = 0
18296 <... munmap resumed>)             = 0
18295 <... munmap resumed>)             = 0
18294 <... munmap resumed>)             = 0
18293 munmap(0x7f53fae88000, 16384 <unfinished ...>
18291 mmap(NULL, 16384, PROT_READ|PROT_WRITE, MAP_PRIVATE|MAP_ANONYMOUS|MAP_NORESERVE, -1, 0 <unfinished ...>
18290 <... munmap resumed>)             = 0
18285 munmap(0x7f53faea0000, 16384 <unfinished ...>
18289 munmap(0x7f54030c2000, 16384 <unfinished ...>
18300 <... mmap resumed>)               = 0x7f53faeac000
18299 mmap(NULL, 16384, PROT_READ|PROT_WRITE, MAP_PRIVATE|MAP_ANONYMOUS|MAP_NORESERVE, -1, 0 <unfinished ...>
18298 <... mmap resumed>)               = 0x7f53faeb4000
18297 mmap(NULL, 16384, PROT_READ|PROT_WRITE, MAP_PRIVATE|MAP_ANONYMOUS|MAP_NORESERVE, -1, 0 <unfinished ...>
18296 mmap(NULL, 16384, PROT_READ|PROT_WRITE, MAP_PRIVATE|MAP_ANONYMOUS|MAP_NORESERVE, -1, 0 <unfinished ...>
18295 mmap(NULL, 16384, PROT_READ|PROT_WRITE, MAP_PRIVATE|MAP_ANONYMOUS|MAP_NORESERVE, -1, 0 <unfinished ...>
18294 mmap(NULL, 16384, PROT_READ|PROT_WRITE, MAP_PRIVATE|MAP_ANONYMOUS|MAP_NORESERVE, -1, 0 <unfinished ...>
18293 <... munmap resumed>)             = 0
18292 <... munmap resumed>)             = 0
18291 <... mmap resumed>)               = 0x7f53faea8000
18290 mmap(NULL, 16384, PROT_READ|PROT_WRITE, MAP_PRIVATE|MAP_ANONYMOUS|MAP_NORESERVE, -1, 0 <unfinished ...>
18288 <... munmap resumed>)             = 0
18287 munmap(0x7f53faeb0000, 16384 <unfinished ...>
18286 <... munmap resumed>)             = 0
18300 munmap(0x7f53faeac000, 16384 <unfinished ...>
18299 <... mmap resumed>)               = 0x7f53faea4000
18298 munmap(0x7f53faeb4000, 16384 <unfinished ...>
18297 <... mmap resumed>)               = 0x7f54030c2000
18296 <... mmap resumed>)               = 0x7f53faea0000
18295 <... mmap resumed>)               = 0x7f53fae9c000
18294 <... mmap resumed>)               = 0x7f53fae98000
18293 mmap(NULL, 16384, PROT_READ|PROT_WRITE, MAP_PRIVATE|MAP_ANONYMOUS|MAP_NORESERVE, -1, 0 <unfinished ...>
18292 mmap(NULL, 16384, PROT_READ|PROT_WRITE, MAP_PRIVATE|MAP_ANONYMOUS|MAP_NORESERVE, -1, 0 <unfinished ...>
18291 munmap(0x7f53faea8000, 16384 <unfinished ...>
18290 <... mmap resumed>)               = 0x7f53fae94000
18289 <... munmap resumed>)             = 0
18288 mmap(NULL, 16384, PROT_READ|PROT_WRITE, MAP_PRIVATE|MAP_ANONYMOUS|MAP_NORESERVE, -1, 0 <unfinished ...>
18285 <... munmap resumed>)             = 0
18300 <... munmap resumed>)             = 0
18299 munmap(0x7f53faea4000, 16384 <unfinished ...>
18298 <... munmap resumed>)             = 0
18297 munmap(0x7f54030c2000, 16384 <unfinished ...>
18296 munmap(0x7f53faea0000, 16384 <unfinished ...>
18295 munmap(0x7f53fae9c000, 16384 <unfinished ...>
18294 munmap(0x7f53fae98000, 16384 <unfinished ...>
18291 <... munmap resumed>)             = 0
18290 munmap(0x7f53fae94000, 16384 <unfinished ...>
18286 mmap(NULL, 16384, PROT_READ|PROT_WRITE, MAP_PRIVATE|MAP_ANONYMOUS|MAP_NORESERVE, -1, 0 <unfinished ...>
18300 mmap(NULL, 16384, PROT_READ|PROT_WRITE, MAP_PRIVATE|MAP_ANONYMOUS|MAP_NORESERVE, -1, 0 <unfinished ...>
18298 mmap(NULL, 16384, PROT_READ|PROT_WRITE, MAP_PRIVATE|MAP_ANONYMOUS|MAP_NORESERVE, -1, 0 <unfinished ...>
18293 <... mmap resumed>)               = 0x7f53faeb4000
18289 mmap(NULL, 16384, PROT_READ|PROT_WRITE, MAP_PRIVATE|MAP_ANONYMOUS|MAP_NORESERVE, -1, 0 <unfinished ...>
18288 <... mmap resumed>)               = 0x7f53faeb0000
18287 <... munmap resumed>)             = 0
18285 mmap(NULL, 16384, PROT_READ|PROT_WRITE, MAP_PRIVATE|MAP_ANONYMOUS|MAP_NORESERVE, -1, 0 <unfinished ...>
18299 <... munmap resumed>)             = 0
18298 <... mmap resumed>)               = 0x7f53faeac000
18295 <... munmap resumed>)             = 0
18292 <... mmap resumed>)               = 0x7f53faea4000
18291 mmap(NULL, 16384, PROT_READ|PROT_WRITE, MAP_PRIVATE|MAP_ANONYMOUS|MAP_NORESERVE, -1, 0 <unfinished ...>
18289 <... mmap resumed>)               = 0x7f53faea8000
18287 mmap(NULL, 16384, PROT_READ|PROT_WRITE, MAP_PRIVATE|MAP_ANONYMOUS|MAP_NORESERVE, -1, 0 <unfinished ...>
18297 <... munmap resumed>)             = 0
18295 mmap(NULL, 16384, PROT_READ|PROT_WRITE, MAP_PRIVATE|MAP_ANONYMOUS|MAP_NORESERVE, -1, 0 <unfinished ...>
18299 mmap(NULL, 16384, PROT_READ|PROT_WRITE, MAP_PRIVATE|MAP_ANONYMOUS|MAP_NORESERVE, -1, 0 <unfinished ...>
18298 munmap(0x7f53faeac000, 16384 <unfinished ...>
18297 mmap(NULL, 16384, PROT_READ|PROT_WRITE, MAP_PRIVATE|MAP_ANONYMOUS|MAP_NORESERVE, -1, 0 <unfinished ...>
18296 <... munmap resumed>)             = 0
18293 munmap(0x7f53faeb4000, 16384 <unfinished ...>
18292 munmap(0x7f53faea4000, 16384 <unfinished ...>
18291 <... mmap resumed>)               = 0x7f54030c2000
18289 munmap(0x7f53faea8000, 16384 <unfinished ...>
18299 <... mmap resumed>)               = 0x7f53faea0000
18296 mmap(NULL, 16384, PROT_READ|PROT_WRITE, MAP_PRIVATE|MAP_ANONYMOUS|MAP_NORESERVE, -1, 0 <unfinished ...>
18288 munmap(0x7f53faeb0000, 16384 <unfinished ...>
18299 munmap(0x7f53faea0000, 16384 <unfinished ...>
18297 <... mmap resumed>)               = 0x7f53faea4000
18292 <... munmap resumed>)             = 0
18298 <... munmap resumed>)             = 0
18297 munmap(0x7f53faea4000, 16384 <unfinished ...>
18292 mmap(NULL, 16384, PROT_READ|PROT_WRITE, MAP_PRIVATE|MAP_ANONYMOUS|MAP_NORESERVE, -1, 0 <unfinished ...>
18288 <... munmap resumed>)             = 0
18286 <... mmap resumed>)               = 0x7f53faeb0000
18298 mmap(NULL, 16384, PROT_READ|PROT_WRITE, MAP_PRIVATE|MAP_ANONYMOUS|MAP_NORESERVE, -1, 0 <unfinished ...>
18288 mmap(NULL, 16384, PROT_READ|PROT_WRITE, MAP_PRIVATE|MAP_ANONYMOUS|MAP_NORESERVE, -1, 0 <unfinished ...>
18300 <... mmap resumed>)               = 0x7f53faeac000
18286 munmap(0x7f53faeb0000, 16384 <unfinished ...>
18297 <... munmap resumed>)             = 0
18297 mmap(NULL, 16384, PROT_READ|PROT_WRITE, MAP_PRIVATE|MAP_ANONYMOUS|MAP_NORESERVE, -1, 0 <unfinished ...>
18300 munmap(0x7f53faeac000, 16384 <unfinished ...>
18288 <... mmap resumed>)               = 0x7f53faea4000
18294 <... munmap resumed>)             = 0
18294 mmap(NULL, 16384, PROT_READ|PROT_WRITE, MAP_PRIVATE|MAP_ANONYMOUS|MAP_NORESERVE, -1, 0 <unfinished ...>
18288 munmap(0x7f53faea4000, 16384 <unfinished ...>
18285 <... mmap resumed>)               = 0x7f53fae9c000
18294 <... mmap resumed>)               = 0x7f53fae98000
18290 <... munmap resumed>)             = 0
18288 <... munmap resumed>)             = 0
18295 <... mmap resumed>)               = 0x7f53faea4000
18288 mmap(NULL, 16384, PROT_READ|PROT_WRITE, MAP_PRIVATE|MAP_ANONYMOUS|MAP_NORESERVE, -1, 0 <unfinished ...>
18295 munmap(0x7f53faea4000, 16384 <unfinished ...>
18294 munmap(0x7f53fae98000, 16384 <unfinished ...>
18296 <... mmap resumed>)               = 0x7f53fae90000
18287 <... mmap resumed>)               = 0x7f53fae94000
18285 munmap(0x7f53fae9c000, 16384 <unfinished ...>
18291 munmap(0x7f54030c2000, 16384 <unfinished ...>
18293 <... munmap resumed>)             = 0
18291 <... munmap resumed>)             = 0
18290 mmap(NULL, 16384, PROT_READ|PROT_WRITE, MAP_PRIVATE|MAP_ANONYMOUS|MAP_NORESERVE, -1, 0 <unfinished ...>
18289 <... munmap resumed>)             = 0
18287 munmap(0x7f53fae94000, 16384 <unfinished ...>
18299 <... munmap resumed>)             = 0
18296 munmap(0x7f53fae90000, 16384 <unfinished ...>
18293 mmap(NULL, 16384, PROT_READ|PROT_WRITE, MAP_PRIVATE|MAP_ANONYMOUS|MAP_NORESERVE, -1, 0 <unfinished ...>
18291 mmap(NULL, 16384, PROT_READ|PROT_WRITE, MAP_PRIVATE|MAP_ANONYMOUS|MAP_NORESERVE, -1, 0 <unfinished ...>
18289 mmap(NULL, 16384, PROT_READ|PROT_WRITE, MAP_PRIVATE|MAP_ANONYMOUS|MAP_NORESERVE, -1, 0 <unfinished ...>
18299 mmap(NULL, 16384, PROT_READ|PROT_WRITE, MAP_PRIVATE|MAP_ANONYMOUS|MAP_NORESERVE, -1, 0 <unfinished ...>
18298 <... mmap resumed>)               = 0x7f53faeb4000
18296 <... munmap resumed>)             = 0
18292 <... mmap resumed>)               = 0x7f54030c2000
18293 <... mmap resumed>)               = 0x7f53faea8000
18293 munmap(0x7f53faea8000, 16384 <unfinished ...>
18286 <... munmap resumed>)             = 0
18293 <... munmap resumed>)             = 0
18289 <... mmap resumed>)               = 0x7f53faeb0000
18299 <... mmap resumed>)               = 0x7f53faea8000
18298 munmap(0x7f53faeb4000, 16384 <unfinished ...>
18296 mmap(NULL, 16384, PROT_READ|PROT_WRITE, MAP_PRIVATE|MAP_ANONYMOUS|MAP_NORESERVE, -1, 0 <unfinished ...>
18292 munmap(0x7f54030c2000, 16384 <unfinished ...>
18299 munmap(0x7f53faea8000, 16384 <unfinished ...>
18298 <... munmap resumed>)             = 0
18297 <... mmap resumed>)               = 0x7f53faea0000
18293 mmap(NULL, 16384, PROT_READ|PROT_WRITE, MAP_PRIVATE|MAP_ANONYMOUS|MAP_NORESERVE, -1, 0 <unfinished ...>
18289 munmap(0x7f53faeb0000, 16384 <unfinished ...>
18286 mmap(NULL, 16384, PROT_READ|PROT_WRITE, MAP_PRIVATE|MAP_ANONYMOUS|MAP_NORESERVE, -1, 0 <unfinished ...>
18300 <... munmap resumed>)             = 0
18297 munmap(0x7f53faea0000, 16384 <unfinished ...>
18298 mmap(NULL, 16384, PROT_READ|PROT_WRITE, MAP_PRIVATE|MAP_ANONYMOUS|MAP_NORESERVE, -1, 0 <unfinished ...>
18300 mmap(NULL, 16384, PROT_READ|PROT_WRITE, MAP_PRIVATE|MAP_ANONYMOUS|MAP_NORESERVE, -1, 0 <unfinished ...>
18294 <... munmap resumed>)             = 0
18300 <... mmap resumed>)               = 0x7f53faeb4000
18285 <... munmap resumed>)             = 0
18288 <... mmap resumed>)               = 0x7f53faeac000
18285 mmap(NULL, 16384, PROT_READ|PROT_WRITE, MAP_PRIVATE|MAP_ANONYMOUS|MAP_NORESERVE, -1, 0 <unfinished ...>
18294 mmap(NULL, 16384, PROT_READ|PROT_WRITE, MAP_PRIVATE|MAP_ANONYMOUS|MAP_NORESERVE, -1, 0 <unfinished ...>
18295 <... munmap resumed>)             = 0
18294 <... mmap resumed>)               = 0x7f53faea4000
18285 <... mmap resumed>)               = 0x7f53fae9c000
18287 <... munmap resumed>)             = 0
18295 mmap(NULL, 16384, PROT_READ|PROT_WRITE, MAP_PRIVATE|MAP_ANONYMOUS|MAP_NORESERVE, -1, 0 <unfinished ...>
18290 <... mmap resumed>)               = 0x7f53fae98000
18296 <... mmap resumed>)               = 0x7f53fae90000
18294 munmap(0x7f53faea4000, 16384 <unfinished ...>
18291 <... mmap resumed>)               = 0x7f53fae94000
18287 mmap(NULL, 16384, PROT_READ|PROT_WRITE, MAP_PRIVATE|MAP_ANONYMOUS|MAP_NORESERVE, -1, 0 <unfinished ...>
18291 munmap(0x7f53fae94000, 16384 <unfinished ...>
18299 <... munmap resumed>)             = 0
18296 munmap(0x7f53fae90000, 16384 <unfinished ...>
18292 <... munmap resumed>)             = 0
18290 munmap(0x7f53fae98000, 16384 <unfinished ...>
18289 <... munmap resumed>)             = 0
18287 <... mmap resumed>)               = 0x7f54030c2000
18285 munmap(0x7f53fae9c000, 16384 <unfinished ...>
18296 <... munmap resumed>)             = 0
18292 mmap(NULL, 16384, PROT_READ|PROT_WRITE, MAP_PRIVATE|MAP_ANONYMOUS|MAP_NORESERVE, -1, 0 <unfinished ...>
18286 <... mmap resumed>)               = 0x7f53faeb0000
18300 munmap(0x7f53faeb4000, 16384 <unfinished ...>
18299 mmap(NULL, 16384, PROT_READ|PROT_WRITE, MAP_PRIVATE|MAP_ANONYMOUS|MAP_NORESERVE, -1, 0 <unfinished ...>
18298 <... mmap resumed>)               = 0x7f53faea0000
18297 <... munmap resumed>)             = 0
18296 mmap(NULL, 16384, PROT_READ|PROT_WRITE, MAP_PRIVATE|MAP_ANONYMOUS|MAP_NORESERVE, -1, 0 <unfinished ...>
18293 <... mmap resumed>)               = 0x7f53faea8000
18290 <... munmap resumed>)             = 0
18289 mmap(NULL, 16384, PROT_READ|PROT_WRITE, MAP_PRIVATE|MAP_ANONYMOUS|MAP_NORESERVE, -1, 0 <unfinished ...>
18286 munmap(0x7f53faeb0000, 16384 <unfinished ...>
18298 munmap(0x7f53faea0000, 16384 <unfinished ...>
18297 mmap(NULL, 16384, PROT_READ|PROT_WRITE, MAP_PRIVATE|MAP_ANONYMOUS|MAP_NORESERVE, -1, 0 <unfinished ...>
18287 munmap(0x7f54030c2000, 16384 <unfinished ...>
18298 <... munmap resumed>)             = 0
18297 <... mmap resumed>)               = 0x7f53fae90000
18293 munmap(0x7f53faea8000, 16384 <unfinished ...>
18290 mmap(NULL, 16384, PROT_READ|PROT_WRITE, MAP_PRIVATE|MAP_ANONYMOUS|MAP_NORESERVE, -1, 0 <unfinished ...>
18289 <... mmap resumed>)               = 0x7f53fae98000
18288 munmap(0x7f53faeac000, 16384 <unfinished ...>
18298 mmap(NULL, 16384, PROT_READ|PROT_WRITE, MAP_PRIVATE|MAP_ANONYMOUS|MAP_NORESERVE, -1, 0 <unfinished ...>
18297 munmap(0x7f53fae90000, 16384 <unfinished ...>
18295 <... mmap resumed>)               = 0x7f53faea0000
18287 <... munmap resumed>)             = 0
18291 <... munmap resumed>)             = 0
18295 munmap(0x7f53faea0000, 16384 <unfinished ...>
18293 <... munmap resumed>)             = 0
18291 mmap(NULL, 16384, PROT_READ|PROT_WRITE, MAP_PRIVATE|MAP_ANONYMOUS|MAP_NORESERVE, -1, 0 <unfinished ...>
18287 mmap(NULL, 16384, PROT_READ|PROT_WRITE, MAP_PRIVATE|MAP_ANONYMOUS|MAP_NORESERVE, -1, 0 <unfinished ...>
18297 <... munmap resumed>)             = 0
18293 mmap(NULL, 16384, PROT_READ|PROT_WRITE, MAP_PRIVATE|MAP_ANONYMOUS|MAP_NORESERVE, -1, 0 <unfinished ...>
18297 mmap(NULL, 16384, PROT_READ|PROT_WRITE, MAP_PRIVATE|MAP_ANONYMOUS|MAP_NORESERVE, -1, 0 <unfinished ...>
18295 <... munmap resumed>)             = 0
18294 <... munmap resumed>)             = 0
18287 <... mmap resumed>)               = 0x7f54030c2000
18297 <... mmap resumed>)               = 0x7f53faea4000
18295 mmap(NULL, 16384, PROT_READ|PROT_WRITE, MAP_PRIVATE|MAP_ANONYMOUS|MAP_NORESERVE, -1, 0 <unfinished ...>
18294 mmap(NULL, 16384, PROT_READ|PROT_WRITE, MAP_PRIVATE|MAP_ANONYMOUS|MAP_NORESERVE, -1, 0 <unfinished ...>
18292 <... mmap resumed>)               = 0x7f53faea8000
18285 <... munmap resumed>)             = 0
18300 <... munmap resumed>)             = 0
18297 munmap(0x7f53faea4000, 16384 <unfinished ...>
18296 <... mmap resumed>)               = 0x7f53faeb4000
18300 mmap(NULL, 16384, PROT_READ|PROT_WRITE, MAP_PRIVATE|MAP_ANONYMOUS|MAP_NORESERVE, -1, 0 <unfinished ...>
18299 <... mmap resumed>)               = 0x7f53faea0000
18295 <... mmap resumed>)               = 0x7f53fae9c000
18292 munmap(0x7f53faea8000, 16384 <unfinished ...>
18294 <... mmap resumed>)               = 0x7f53fae94000
18285 mmap(NULL, 16384, PROT_READ|PROT_WRITE, MAP_PRIVATE|MAP_ANONYMOUS|MAP_NORESERVE, -1, 0 <unfinished ...>
18287 munmap(0x7f54030c2000, 16384 <unfinished ...>
18299 munmap(0x7f53faea0000, 16384 <unfinished ...>
18295 munmap(0x7f53fae9c000, 16384 <unfinished ...>
18294 munmap(0x7f53fae94000, 16384 <unfinished ...>
18286 <... munmap resumed>)             = 0
18299 <... munmap resumed>)             = 0
18296 munmap(0x7f53faeb4000, 16384 <unfinished ...>
18295 <... munmap resumed>)             = 0
18289 munmap(0x7f53fae98000, 16384 <unfinished ...>
18299 mmap(NULL, 16384, PROT_READ|PROT_WRITE, MAP_PRIVATE|MAP_ANONYMOUS|MAP_NORESERVE, -1, 0 <unfinished ...>
18298 <... mmap resumed>)               = 0x7f53faeb0000
18295 mmap(NULL, 16384, PROT_READ|PROT_WRITE, MAP_PRIVATE|MAP_ANONYMOUS|MAP_NORESERVE, -1, 0 <unfinished ...>
18286 mmap(NULL, 16384, PROT_READ|PROT_WRITE, MAP_PRIVATE|MAP_ANONYMOUS|MAP_NORESERVE, -1, 0 <unfinished ...>
18296 <... munmap resumed>)             = 0
18289 <... munmap resumed>)             = 0
18296 mmap(NULL, 16384, PROT_READ|PROT_WRITE, MAP_PRIVATE|MAP_ANONYMOUS|MAP_NORESERVE, -1, 0 <unfinished ...>
18295 <... mmap resumed>)               = 0x7f53fae9c000
18290 <... mmap resumed>)               = 0x7f53faeb4000
18286 <... mmap resumed>)               = 0x7f53faea0000
18298 munmap(0x7f53faeb0000, 16384 <unfinished ...>
18296 <... mmap resumed>)               = 0x7f53faeac000
18295 munmap(0x7f53fae9c000, 16384 <unfinished ...>
18291 <... mmap resumed>)               = 0x7f53fae98000
18290 munmap(0x7f53faeb4000, 16384 <unfinished ...>
18289 mmap(NULL, 16384, PROT_READ|PROT_WRITE, MAP_PRIVATE|MAP_ANONYMOUS|MAP_NORESERVE, -1, 0 <unfinished ...>
18288 <... munmap resumed>)             = 0
18300 <... mmap resumed>)               = 0x7f53faeb0000
18298 <... munmap resumed>)             = 0
18297 <... munmap resumed>)             = 0
18296 munmap(0x7f53faeac000, 16384 <unfinished ...>
18293 <... mmap resumed>)               = 0x7f53fae90000
18286 munmap(0x7f53faea0000, 16384 <unfinished ...>
18291 munmap(0x7f53fae98000, 16384 <unfinished ...>
18289 <... mmap resumed>)               = 0x7f53fae8c000
18288 mmap(NULL, 16384, PROT_READ|PROT_WRITE, MAP_PRIVATE|MAP_ANONYMOUS|MAP_NORESERVE, -1, 0 <unfinished ...>
18285 <... mmap resumed>)               = 0x7f53faea4000
18297 mmap(NULL, 16384, PROT_READ|PROT_WRITE, MAP_PRIVATE|MAP_ANONYMOUS|MAP_NORESERVE, -1, 0 <unfinished ...>
18287 <... munmap resumed>)             = 0
18298 mmap(NULL, 16384, PROT_READ|PROT_WRITE, MAP_PRIVATE|MAP_ANONYMOUS|MAP_NORESERVE, -1, 0 <unfinished ...>
18293 munmap(0x7f53fae90000, 16384 <unfinished ...>
18285 munmap(0x7f53faea4000, 16384 <unfinished ...>
18300 munmap(0x7f53faeb0000, 16384 <unfinished ...>
18294 <... munmap resumed>)             = 0
18292 <... munmap resumed>)             = 0
18291 <... munmap resumed>)             = 0
18289 munmap(0x7f53fae8c000, 16384 <unfinished ...>
18287 mmap(NULL, 16384, PROT_READ|PROT_WRITE, MAP_PRIVATE|MAP_ANONYMOUS|MAP_NORESERVE, -1, 0 <unfinished ...>
18299 <... mmap resumed>)               = 0x7f54030c2000
18294 mmap(NULL, 16384, PROT_READ|PROT_WRITE, MAP_PRIVATE|MAP_ANONYMOUS|MAP_NORESERVE, -1, 0 <unfinished ...>
18295 <... munmap resumed>)             = 0
18292 mmap(NULL, 16384, PROT_READ|PROT_WRITE, MAP_PRIVATE|MAP_ANONYMOUS|MAP_NORESERVE, -1, 0 <unfinished ...>
18291 mmap(NULL, 16384, PROT_READ|PROT_WRITE, MAP_PRIVATE|MAP_ANONYMOUS|MAP_NORESERVE, -1, 0 <unfinished ...>
18295 mmap(NULL, 16384, PROT_READ|PROT_WRITE, MAP_PRIVATE|MAP_ANONYMOUS|MAP_NORESERVE, -1, 0 <unfinished ...>
18300 <... munmap resumed>)             = 0
18290 <... munmap resumed>)             = 0
18300 mmap(NULL, 16384, PROT_READ|PROT_WRITE, MAP_PRIVATE|MAP_ANONYMOUS|MAP_NORESERVE, -1, 0 <unfinished ...>
18295 <... mmap resumed>)               = 0x7f53faeb4000
18290 mmap(NULL, 16384, PROT_READ|PROT_WRITE, MAP_PRIVATE|MAP_ANONYMOUS|MAP_NORESERVE, -1, 0 <unfinished ...>
18300 <... mmap resumed>)               = 0x7f53faeb0000
18286 <... munmap resumed>)             = 0
18296 <... munmap resumed>)             = 0
18295 munmap(0x7f53faeb4000, 16384 <unfinished ...>
18290 <... mmap resumed>)               = 0x7f53faeac000
18296 mmap(NULL, 16384, PROT_READ|PROT_WRITE, MAP_PRIVATE|MAP_ANONYMOUS|MAP_NORESERVE, -1, 0 <unfinished ...>
18300 munmap(0x7f53faeb0000, 16384 <unfinished ...>
18295 <... munmap resumed>)             = 0
18290 munmap(0x7f53faeac000, 16384 <unfinished ...>
18288 <... mmap resumed>)               = 0x7f53faea8000
18286 mmap(NULL, 16384, PROT_READ|PROT_WRITE, MAP_PRIVATE|MAP_ANONYMOUS|MAP_NORESERVE, -1, 0 <unfinished ...>
18300 <... munmap resumed>)             = 0
18295 mmap(NULL, 16384, PROT_READ|PROT_WRITE, MAP_PRIVATE|MAP_ANONYMOUS|MAP_NORESERVE, -1, 0 <unfinished ...>
18293 <... munmap resumed>)             = 0
18285 <... munmap resumed>)             = 0
18298 <... mmap resumed>)               = 0x7f53faeb0000
18290 <... munmap resumed>)             = 0
18288 munmap(0x7f53faea8000, 16384 <unfinished ...>
18286 <... mmap resumed>)               = 0x7f53faeb4000
18300 mmap(NULL, 16384, PROT_READ|PROT_WRITE, MAP_PRIVATE|MAP_ANONYMOUS|MAP_NORESERVE, -1, 0 <unfinished ...>
18298 munmap(0x7f53faeb0000, 16384 <unfinished ...>
18297 <... mmap resumed>)               = 0x7f53faea4000
18295 <... mmap resumed>)               = 0x7f53faeac000
18285 mmap(NULL, 16384, PROT_READ|PROT_WRITE, MAP_PRIVATE|MAP_ANONYMOUS|MAP_NORESERVE, -1, 0 <unfinished ...>
18299 munmap(0x7f54030c2000, 16384 <unfinished ...>
18294 <... mmap resumed>)               = 0x7f53fae9c000
18293 mmap(NULL, 16384, PROT_READ|PROT_WRITE, MAP_PRIVATE|MAP_ANONYMOUS|MAP_NORESERVE, -1, 0 <unfinished ...>
18290 mmap(NULL, 16384, PROT_READ|PROT_WRITE, MAP_PRIVATE|MAP_ANONYMOUS|MAP_NORESERVE, -1, 0 <unfinished ...>
18287 <... mmap resumed>)               = 0x7f53faea0000
18286 munmap(0x7f53faeb4000, 16384 <unfinished ...>
18300 <... mmap resumed>)               = 0x7f53fae98000
18297 munmap(0x7f53faea4000, 16384 <unfinished ...>
18300 munmap(0x7f53fae98000, 16384 <unfinished ...>
18299 <... munmap resumed>)             = 0
18295 munmap(0x7f53faeac000, 16384 <unfinished ...>
18294 munmap(0x7f53fae9c000, 16384 <unfinished ...>
18300 <... munmap resumed>)             = 0
18299 mmap(NULL, 16384, PROT_READ|PROT_WRITE, MAP_PRIVATE|MAP_ANONYMOUS|MAP_NORESERVE, -1, 0 <unfinished ...>
18287 munmap(0x7f53faea0000, 16384 <unfinished ...>
18289 <... munmap resumed>)             = 0
18300 mmap(NULL, 16384, PROT_READ|PROT_WRITE, MAP_PRIVATE|MAP_ANONYMOUS|MAP_NORESERVE, -1, 0 <unfinished ...>
18295 <... munmap resumed>)             = 0
18292 <... mmap resumed>)               = 0x7f54030c2000
18289 mmap(NULL, 16384, PROT_READ|PROT_WRITE, MAP_PRIVATE|MAP_ANONYMOUS|MAP_NORESERVE, -1, 0 <unfinished ...>
18295 mmap(NULL, 16384, PROT_READ|PROT_WRITE, MAP_PRIVATE|MAP_ANONYMOUS|MAP_NORESERVE, -1, 0 <unfinished ...>
18291 <... mmap resumed>)               = 0x7f53faeac000
18292 munmap(0x7f54030c2000, 16384 <unfinished ...>
18296 <... mmap resumed>)               = 0x7f53fae98000
18296 munmap(0x7f53fae98000, 16384 <unfinished ...>
18295 <... mmap resumed>)               = 0x7f53fae94000
18291 munmap(0x7f53faeac000, 16384 <unfinished ...>
18296 <... munmap resumed>)             = 0
18292 <... munmap resumed>)             = 0
18298 <... munmap resumed>)             = 0
18295 munmap(0x7f53fae94000, 16384 <unfinished ...>
18296 mmap(NULL, 16384, PROT_READ|PROT_WRITE, MAP_PRIVATE|MAP_ANONYMOUS|MAP_NORESERVE, -1, 0 <unfinished ...>
18293 <... mmap resumed>)               = 0x7f54030c2000
18292 mmap(NULL, 16384, PROT_READ|PROT_WRITE, MAP_PRIVATE|MAP_ANONYMOUS|MAP_NORESERVE, -1, 0 <unfinished ...>
18291 <... munmap resumed>)             = 0
18288 <... munmap resumed>)             = 0
18298 mmap(NULL, 16384, PROT_READ|PROT_WRITE, MAP_PRIVATE|MAP_ANONYMOUS|MAP_NORESERVE, -1, 0 <unfinished ...>
18295 <... munmap resumed>)             = 0
18290 <... mmap resumed>)               = 0x7f53faeb0000
18295 mmap(NULL, 16384, PROT_READ|PROT_WRITE, MAP_PRIVATE|MAP_ANONYMOUS|MAP_NORESERVE, -1, 0 <unfinished ...>
18290 munmap(0x7f53faeb0000, 16384 <unfinished ...>
18288 mmap(NULL, 16384, PROT_READ|PROT_WRITE, MAP_PRIVATE|MAP_ANONYMOUS|MAP_NORESERVE, -1, 0 <unfinished ...>
18291 mmap(NULL, 16384, PROT_READ|PROT_WRITE, MAP_PRIVATE|MAP_ANONYMOUS|MAP_NORESERVE, -1, 0 <unfinished ...>
18286 <... munmap resumed>)             = 0
18297 <... munmap resumed>)             = 0
18291 <... mmap resumed>)               = 0x7f53faeb4000
18286 mmap(NULL, 16384, PROT_READ|PROT_WRITE, MAP_PRIVATE|MAP_ANONYMOUS|MAP_NORESERVE, -1, 0 <unfinished ...>
18285 <... mmap resumed>)               = 0x7f53faeac000
18299 <... mmap resumed>)               = 0x7f53faea8000
18297 mmap(NULL, 16384, PROT_READ|PROT_WRITE, MAP_PRIVATE|MAP_ANONYMOUS|MAP_NORESERVE, -1, 0 <unfinished ...>
18294 <... munmap resumed>)             = 0
18291 munmap(0x7f53faeb4000, 16384 <unfinished ...>
18297 <... mmap resumed>)               = 0x7f53faea4000
18287 <... munmap resumed>)             = 0
18285 munmap(0x7f53faeac000, 16384 <unfinished ...>
18300 <... mmap resumed>)               = 0x7f53faea0000
18299 munmap(0x7f53faea8000, 16384 <unfinished ...>
18297 munmap(0x7f53faea4000, 16384 <unfinished ...>
18294 mmap(NULL, 16384, PROT_READ|PROT_WRITE, MAP_PRIVATE|MAP_ANONYMOUS|MAP_NORESERVE, -1, 0 <unfinished ...>
18293 munmap(0x7f54030c2000, 16384 <unfinished ...>
18289 <... mmap resumed>)               = 0x7f53fae9c000
18287 mmap(NULL, 16384, PROT_READ|PROT_WRITE, MAP_PRIVATE|MAP_ANONYMOUS|MAP_NORESERVE, -1, 0 <unfinished ...>
18300 munmap(0x7f53faea0000, 16384 <unfinished ...>
18298 <... mmap resumed>)               = 0x7f53faeac000
18296 <... mmap resumed>)               = 0x7f53fae98000
18294 <... mmap resumed>)               = 0x7f53fae94000
18292 <... mmap resumed>)               = 0x7f53faeb4000
18291 <... munmap resumed>)             = 0
18285 <... munmap resumed>)             = 0
18300 <... munmap resumed>)             = 0
18298 munmap(0x7f53faeac000, 16384 <unfinished ...>
18296 munmap(0x7f53fae98000, 16384 <unfinished ...>
18295 <... mmap resumed>)               = 0x7f53fae90000
18291 mmap(NULL, 16384, PROT_READ|PROT_WRITE, MAP_PRIVATE|MAP_ANONYMOUS|MAP_NORESERVE, -1, 0 <unfinished ...>
18290 <... munmap resumed>)             = 0
18288 <... mmap resumed>)               = 0x7f53faeb0000
18300 mmap(NULL, 16384, PROT_READ|PROT_WRITE, MAP_PRIVATE|MAP_ANONYMOUS|MAP_NORESERVE, -1, 0 <unfinished ...>
18299 <... munmap resumed>)             = 0
18298 <... munmap resumed>)             = 0
18294 munmap(0x7f53fae94000, 16384 <unfinished ...>
18286 <... mmap resumed>)               = 0x7f53faea0000
18285 mmap(NULL, 16384, PROT_READ|PROT_WRITE, MAP_PRIVATE|MAP_ANONYMOUS|MAP_NORESERVE, -1, 0 <unfinished ...>
18299 mmap(NULL, 16384, PROT_READ|PROT_WRITE, MAP_PRIVATE|MAP_ANONYMOUS|MAP_NORESERVE, -1, 0 <unfinished ...>
18298 mmap(NULL, 16384, PROT_READ|PROT_WRITE, MAP_PRIVATE|MAP_ANONYMOUS|MAP_NORESERVE, -1, 0 <unfinished ...>
18297 <... munmap resumed>)             = 0
18292 munmap(0x7f53faeb4000, 16384 <unfinished ...>
18290 mmap(NULL, 16384, PROT_READ|PROT_WRITE, MAP_PRIVATE|MAP_ANONYMOUS|MAP_NORESERVE, -1, 0 <unfinished ...>
18289 munmap(0x7f53fae9c000, 16384 <unfinished ...>
18288 munmap(0x7f53faeb0000, 16384 <unfinished ...>
18299 <... mmap resumed>)               = 0x7f54030c2000
18298 <... mmap resumed>)               = 0x7f53faeac000
18297 mmap(NULL, 16384, PROT_READ|PROT_WRITE, MAP_PRIVATE|MAP_ANONYMOUS|MAP_NORESERVE, -1, 0 <unfinished ...>
18295 munmap(0x7f53fae90000, 16384 <unfinished ...>
18293 <... munmap resumed>)             = 0
18287 <... mmap resumed>)               = 0x7f53faea8000
18286 munmap(0x7f53faea0000, 16384 <unfinished ...>
18298 munmap(0x7f53faeac000, 16384 <unfinished ...>
18296 <... munmap resumed>)             = 0
18288 <... munmap resumed>)             = 0
18296 mmap(NULL, 16384, PROT_READ|PROT_WRITE, MAP_PRIVATE|MAP_ANONYMOUS|MAP_NORESERVE, -1, 0 <unfinished ...>
18293 mmap(NULL, 16384, PROT_READ|PROT_WRITE, MAP_PRIVATE|MAP_ANONYMOUS|MAP_NORESERVE, -1, 0 <unfinished ...>
18296 <... mmap resumed>)               = 0x7f53faeb0000
18288 mmap(NULL, 16384, PROT_READ|PROT_WRITE, MAP_PRIVATE|MAP_ANONYMOUS|MAP_NORESERVE, -1, 0 <unfinished ...>
18300 <... mmap resumed>)               = 0x7f53fae98000
18291 <... mmap resumed>)               = 0x7f53faea4000
18289 <... munmap resumed>)             = 0
18296 munmap(0x7f53faeb0000, 16384 <unfinished ...>
18293 <... mmap resumed>)               = 0x7f53fae9c000
18300 munmap(0x7f53fae98000, 16384 <unfinished ...>
18294 <... munmap resumed>)             = 0
18291 munmap(0x7f53faea4000, 16384 <unfinished ...>
18289 mmap(NULL, 16384, PROT_READ|PROT_WRITE, MAP_PRIVATE|MAP_ANONYMOUS|MAP_NORESERVE, -1, 0 <unfinished ...>
18285 <... mmap resumed>)               = 0x7f53fae94000
18285 munmap(0x7f53fae94000, 16384 <unfinished ...>
18296 <... munmap resumed>)             = 0
18294 mmap(NULL, 16384, PROT_READ|PROT_WRITE, MAP_PRIVATE|MAP_ANONYMOUS|MAP_NORESERVE, -1, 0 <unfinished ...>
18296 mmap(NULL, 16384, PROT_READ|PROT_WRITE, MAP_PRIVATE|MAP_ANONYMOUS|MAP_NORESERVE, -1, 0 <unfinished ...>
18294 <... mmap resumed>)               = 0x7f53faea4000
18291 <... munmap resumed>)             = 0
18290 <... mmap resumed>)               = 0x7f53faeb0000
18296 <... mmap resumed>)               = 0x7f53faeb4000
18292 <... munmap resumed>)             = 0
18291 mmap(NULL, 16384, PROT_READ|PROT_WRITE, MAP_PRIVATE|MAP_ANONYMOUS|MAP_NORESERVE, -1, 0 <unfinished ...>
18297 <... mmap resumed>)               = 0x7f53fae8c000
18295 <... munmap resumed>)             = 0
18292 mmap(NULL, 16384, PROT_READ|PROT_WRITE, MAP_PRIVATE|MAP_ANONYMOUS|MAP_NORESERVE, -1, 0 <unfinished ...>
18297 munmap(0x7f53fae8c000, 16384 <unfinished ...>
18299 munmap(0x7f54030c2000, 16384 <unfinished ...>
18290 munmap(0x7f53faeb0000, 16384 <unfinished ...>
18295 mmap(NULL, 16384, PROT_READ|PROT_WRITE, MAP_PRIVATE|MAP_ANONYMOUS|MAP_NORESERVE, -1, 0 <unfinished ...>
18287 munmap(0x7f53faea8000, 16384 <unfinished ...>
18296 munmap(0x7f53faeb4000, 16384 <unfinished ...>
18294 munmap(0x7f53faea4000, 16384 <unfinished ...>
18293 munmap(0x7f53fae9c000, 16384 <unfinished ...>
18292 <... mmap resumed>)               = 0x7f53faea0000
18298 <... munmap resumed>)             = 0
18286 <... munmap resumed>)             = 0
18298 mmap(NULL, 16384, PROT_READ|PROT_WRITE, MAP_PRIVATE|MAP_ANONYMOUS|MAP_NORESERVE, -1, 0 <unfinished ...>
18286 mmap(NULL, 16384, PROT_READ|PROT_WRITE, MAP_PRIVATE|MAP_ANONYMOUS|MAP_NORESERVE, -1, 0 <unfinished ...>
18294 <... munmap resumed>)             = 0
18292 munmap(0x7f53faea0000, 16384 <unfinished ...>
18288 <... mmap resumed>)               = 0x7f53faeac000
18288 munmap(0x7f53faeac000, 16384 <unfinished ...>
18286 <... mmap resumed>)               = 0x7f53faea4000
18300 <... munmap resumed>)             = 0
18298 <... mmap resumed>)               = 0x7f53fae90000
18294 mmap(NULL, 16384, PROT_READ|PROT_WRITE, MAP_PRIVATE|MAP_ANONYMOUS|MAP_NORESERVE, -1, 0 <unfinished ...>
18286 munmap(0x7f53faea4000, 16384 <unfinished ...>
18300 mmap(NULL, 16384, PROT_READ|PROT_WRITE, MAP_PRIVATE|MAP_ANONYMOUS|MAP_NORESERVE, -1, 0 <unfinished ...>
18298 munmap(0x7f53fae90000, 16384 <unfinished ...>
18288 <... munmap resumed>)             = 0
18289 <... mmap resumed>)               = 0x7f53faeac000
18300 <... mmap resumed>)               = 0x7f53fae98000
18300 munmap(0x7f53fae98000, 16384 <unfinished ...>
18298 <... munmap resumed>)             = 0
18289 munmap(0x7f53faeac000, 16384 <unfinished ...>
18288 mmap(NULL, 16384, PROT_READ|PROT_WRITE, MAP_PRIVATE|MAP_ANONYMOUS|MAP_NORESERVE, -1, 0 <unfinished ...>
18285 <... munmap resumed>)             = 0
18300 <... munmap resumed>)             = 0
18298 mmap(NULL, 16384, PROT_READ|PROT_WRITE, MAP_PRIVATE|MAP_ANONYMOUS|MAP_NORESERVE, -1, 0 <unfinished ...>
18291 <... mmap resumed>)               = 0x7f53fae94000
18297 <... munmap resumed>)             = 0
18300 mmap(NULL, 16384, PROT_READ|PROT_WRITE, MAP_PRIVATE|MAP_ANONYMOUS|MAP_NORESERVE, -1, 0 <unfinished ...>
18291 munmap(0x7f53fae94000, 16384 <unfinished ...>
18285 mmap(NULL, 16384, PROT_READ|PROT_WRITE, MAP_PRIVATE|MAP_ANONYMOUS|MAP_NORESERVE, -1, 0 <unfinished ...>
18299 <... munmap resumed>)             = 0
18297 mmap(NULL, 16384, PROT_READ|PROT_WRITE, MAP_PRIVATE|MAP_ANONYMOUS|MAP_NORESERVE, -1, 0 <unfinished ...>
18290 <... munmap resumed>)             = 0
18299 mmap(NULL, 16384, PROT_READ|PROT_WRITE, MAP_PRIVATE|MAP_ANONYMOUS|MAP_NORESERVE, -1, 0 <unfinished ...>
18297 <... mmap resumed>)               = 0x7f54030c2000
18296 <... munmap resumed>)             = 0
18290 mmap(NULL, 16384, PROT_READ|PROT_WRITE, MAP_PRIVATE|MAP_ANONYMOUS|MAP_NORESERVE, -1, 0 <unfinished ...>
18287 <... munmap resumed>)             = 0
18299 <... mmap resumed>)               = 0x7f53faeb0000
18295 <... mmap resumed>)               = 0x7f53faeb4000
18296 mmap(NULL, 16384, PROT_READ|PROT_WRITE, MAP_PRIVATE|MAP_ANONYMOUS|MAP_NORESERVE, -1, 0 <unfinished ...>
18295 munmap(0x7f53faeb4000, 16384 <unfinished ...>
18299 munmap(0x7f53faeb0000, 16384 <unfinished ...>
18287 mmap(NULL, 16384, PROT_READ|PROT_WRITE, MAP_PRIVATE|MAP_ANONYMOUS|MAP_NORESERVE, -1, 0 <unfinished ...>
18299 <... munmap resumed>)             = 0
18295 <... munmap resumed>)             = 0
18293 <... munmap resumed>)             = 0
18292 <... munmap resumed>)             = 0
18299 mmap(NULL, 16384, PROT_READ|PROT_WRITE, MAP_PRIVATE|MAP_ANONYMOUS|MAP_NORESERVE, -1, 0 <unfinished ...>
18286 <... munmap resumed>)             = 0
18295 mmap(NULL, 16384, PROT_READ|PROT_WRITE, MAP_PRIVATE|MAP_ANONYMOUS|MAP_NORESERVE, -1, 0 <unfinished ...>
18292 mmap(NULL, 16384, PROT_READ|PROT_WRITE, MAP_PRIVATE|MAP_ANONYMOUS|MAP_NORESERVE, -1, 0 <unfinished ...>
18294 <... mmap resumed>)               = 0x7f53faeb4000
18293 mmap(NULL, 16384, PROT_READ|PROT_WRITE, MAP_PRIVATE|MAP_ANONYMOUS|MAP_NORESERVE, -1, 0 <unfinished ...>
18289 <... munmap resumed>)             = 0
18286 mmap(NULL, 16384, PROT_READ|PROT_WRITE, MAP_PRIVATE|MAP_ANONYMOUS|MAP_NORESERVE, -1, 0 <unfinished ...>
18292 <... mmap resumed>)               = 0x7f53faeb0000
18298 <... mmap resumed>)               = 0x7f53faea8000
18293 <... mmap resumed>)               = 0x7f53faeac000
18289 mmap(NULL, 16384, PROT_READ|PROT_WRITE, MAP_PRIVATE|MAP_ANONYMOUS|MAP_NORESERVE, -1, 0 <unfinished ...>
18298 munmap(0x7f53faea8000, 16384 <unfinished ...>
18292 munmap(0x7f53faeb0000, 16384 <unfinished ...>
18288 <... mmap resumed>)               = 0x7f53faea4000
18289 <... mmap resumed>)               = 0x7f53faea0000
18298 <... munmap resumed>)             = 0
18289 munmap(0x7f53faea0000, 16384 <unfinished ...>
18288 munmap(0x7f53faea4000, 16384 <unfinished ...>
18286 <... mmap resumed>)               = 0x7f53fae9c000
18298 mmap(NULL, 16384, PROT_READ|PROT_WRITE, MAP_PRIVATE|MAP_ANONYMOUS|MAP_NORESERVE, -1, 0 <unfinished ...>
18291 <... munmap resumed>)             = 0
18289 <... munmap resumed>)             = 0
18285 <... mmap resumed>)               = 0x7f53faea8000
18291 mmap(NULL, 16384, PROT_READ|PROT_WRITE, MAP_PRIVATE|MAP_ANONYMOUS|MAP_NORESERVE, -1, 0 <unfinished ...>
18286 munmap(0x7f53fae9c000, 16384 <unfinished ...>
18300 <... mmap resumed>)               = 0x7f53faea0000
18297 munmap(0x7f54030c2000, 16384 <unfinished ...>
18285 munmap(0x7f53faea8000, 16384 <unfinished ...>
18293 munmap(0x7f53faeac000, 16384 <unfinished ...>
18289 mmap(NULL, 16384, PROT_READ|PROT_WRITE, MAP_PRIVATE|MAP_ANONYMOUS|MAP_NORESERVE, -1, 0 <unfinished ...>
18300 munmap(0x7f53faea0000, 16384 <unfinished ...>
18294 munmap(0x7f53faeb4000, 16384 <unfinished ...>
18293 <... munmap resumed>)             = 0
18290 <... mmap resumed>)               = 0x7f53faeac000
18293 mmap(NULL, 16384, PROT_READ|PROT_WRITE, MAP_PRIVATE|MAP_ANONYMOUS|MAP_NORESERVE, -1, 0 <unfinished ...>
18296 <... mmap resumed>)               = 0x7f53fae98000
18296 munmap(0x7f53fae98000, 16384 <unfinished ...>
18287 <... mmap resumed>)               = 0x7f53fae94000
18299 <... mmap resumed>)               = 0x7f53fae88000
18293 <... mmap resumed>)               = 0x7f53fae90000
18295 <... mmap resumed>)               = 0x7f53fae8c000
18296 <... munmap resumed>)             = 0
18287 munmap(0x7f53fae94000, 16384 <unfinished ...>
18299 munmap(0x7f53fae88000, 16384 <unfinished ...>
18296 mmap(NULL, 16384, PROT_READ|PROT_WRITE, MAP_PRIVATE|MAP_ANONYMOUS|MAP_NORESERVE, -1, 0 <unfinished ...>
18295 munmap(0x7f53fae8c000, 16384 <unfinished ...>
18293 munmap(0x7f53fae90000, 16384 <unfinished ...>
18292 <... munmap resumed>)             = 0
18288 <... munmap resumed>)             = 0
18293 <... munmap resumed>)             = 0
18298 <... mmap resumed>)               = 0x7f53faeb0000
18293 mmap(NULL, 16384, PROT_READ|PROT_WRITE, MAP_PRIVATE|MAP_ANONYMOUS|MAP_NORESERVE, -1, 0 <unfinished ...>
18292 mmap(NULL, 16384, PROT_READ|PROT_WRITE, MAP_PRIVATE|MAP_ANONYMOUS|MAP_NORESERVE, -1, 0 <unfinished ...>
18291 <... mmap resumed>)               = 0x7f53faea4000
18288 mmap(NULL, 16384, PROT_READ|PROT_WRITE, MAP_PRIVATE|MAP_ANONYMOUS|MAP_NORESERVE, -1, 0 <unfinished ...>
18298 munmap(0x7f53faeb0000, 16384 <unfinished ...>
18297 <... munmap resumed>)             = 0
18293 <... mmap resumed>)               = 0x7f54030c2000
18286 <... munmap resumed>)             = 0
18291 munmap(0x7f53faea4000, 16384 <unfinished ...>
18285 <... munmap resumed>)             = 0
18297 mmap(NULL, 16384, PROT_READ|PROT_WRITE, MAP_PRIVATE|MAP_ANONYMOUS|MAP_NORESERVE, -1, 0 <unfinished ...>
18286 mmap(NULL, 16384, PROT_READ|PROT_WRITE, MAP_PRIVATE|MAP_ANONYMOUS|MAP_NORESERVE, -1, 0 <unfinished ...>
18298 <... munmap resumed>)             = 0
18285 mmap(NULL, 16384, PROT_READ|PROT_WRITE, MAP_PRIVATE|MAP_ANONYMOUS|MAP_NORESERVE, -1, 0 <unfinished ...>
18297 <... mmap resumed>)               = 0x7f53faea8000
18289 <... mmap resumed>)               = 0x7f53faeb0000
18298 mmap(NULL, 16384, PROT_READ|PROT_WRITE, MAP_PRIVATE|MAP_ANONYMOUS|MAP_NORESERVE, -1, 0 <unfinished ...>
18300 <... munmap resumed>)             = 0
18297 munmap(0x7f53faea8000, 16384 <unfinished ...>
18300 mmap(NULL, 16384, PROT_READ|PROT_WRITE, MAP_PRIVATE|MAP_ANONYMOUS|MAP_NORESERVE, -1, 0 <unfinished ...>
18294 <... munmap resumed>)             = 0
18289 munmap(0x7f53faeb0000, 16384 <unfinished ...>
18290 munmap(0x7f53faeac000, 16384 <unfinished ...>
18300 <... mmap resumed>)               = 0x7f53faeb4000
18299 <... munmap resumed>)             = 0
18294 mmap(NULL, 16384, PROT_READ|PROT_WRITE, MAP_PRIVATE|MAP_ANONYMOUS|MAP_NORESERVE, -1, 0 <unfinished ...>
18293 munmap(0x7f54030c2000, 16384 <unfinished ...>
18287 <... munmap resumed>)             = 0
18289 <... munmap resumed>)             = 0
18300 munmap(0x7f53faeb4000, 16384 <unfinished ...>
18299 mmap(NULL, 16384, PROT_READ|PROT_WRITE, MAP_PRIVATE|MAP_ANONYMOUS|MAP_NORESERVE, -1, 0 <unfinished ...>
18295 <... munmap resumed>)             = 0
18290 <... munmap resumed>)             = 0
18300 <... munmap resumed>)             = 0
18296 <... mmap resumed>)               = 0x7f53faeb0000
18289 mmap(NULL, 16384, PROT_READ|PROT_WRITE, MAP_PRIVATE|MAP_ANONYMOUS|MAP_NORESERVE, -1, 0 <unfinished ...>
18288 <... mmap resumed>)               = 0x7f53faeb4000
18287 mmap(NULL, 16384, PROT_READ|PROT_WRITE, MAP_PRIVATE|MAP_ANONYMOUS|MAP_NORESERVE, -1, 0 <unfinished ...>
18300 mmap(NULL, 16384, PROT_READ|PROT_WRITE, MAP_PRIVATE|MAP_ANONYMOUS|MAP_NORESERVE, -1, 0 <unfinished ...>
18299 <... mmap resumed>)               = 0x7f53faea0000
18295 mmap(NULL, 16384, PROT_READ|PROT_WRITE, MAP_PRIVATE|MAP_ANONYMOUS|MAP_NORESERVE, -1, 0 <unfinished ...>
18292 <... mmap resumed>)               = 0x7f53faeac000
18290 mmap(NULL, 16384, PROT_READ|PROT_WRITE, MAP_PRIVATE|MAP_ANONYMOUS|MAP_NORESERVE, -1, 0 <unfinished ...>
18296 munmap(0x7f53faeb0000, 16384 <unfinished ...>
18291 <... munmap resumed>)             = 0
18289 <... mmap resumed>)               = 0x7f53fae9c000
18288 munmap(0x7f53faeb4000, 16384 <unfinished ...>
18292 munmap(0x7f53faeac000, 16384 <unfinished ...>
18286 <... mmap resumed>)               = 0x7f53faea4000
18291 mmap(NULL, 16384, PROT_READ|PROT_WRITE, MAP_PRIVATE|MAP_ANONYMOUS|MAP_NORESERVE, -1, 0 <unfinished ...>
18289 munmap(0x7f53fae9c000, 16384 <unfinished ...>
18285 <... mmap resumed>)               = 0x7f53fae98000
18296 <... munmap resumed>)             = 0
18286 munmap(0x7f53faea4000, 16384 <unfinished ...>
18298 <... mmap resumed>)               = 0x7f53faeb0000
18296 mmap(NULL, 16384, PROT_READ|PROT_WRITE, MAP_PRIVATE|MAP_ANONYMOUS|MAP_NORESERVE, -1, 0 <unfinished ...>
18298 munmap(0x7f53faeb0000, 16384 <unfinished ...>
18297 <... munmap resumed>)             = 0
18297 mmap(NULL, 16384, PROT_READ|PROT_WRITE, MAP_PRIVATE|MAP_ANONYMOUS|MAP_NORESERVE, -1, 0 <unfinished ...>
18294 <... mmap resumed>)               = 0x7f53faea8000
18286 <... munmap resumed>)             = 0
18297 <... mmap resumed>)               = 0x7f54030c2000
18300 <... mmap resumed>)               = 0x7f53fae94000
18299 munmap(0x7f53faea0000, 16384 <unfinished ...>
18294 munmap(0x7f53faea8000, 16384 <unfinished ...>
18293 <... munmap resumed>)             = 0
18287 <... mmap resumed>)               = 0x7f53faea4000
18286 mmap(NULL, 16384, PROT_READ|PROT_WRITE, MAP_PRIVATE|MAP_ANONYMOUS|MAP_NORESERVE, -1, 0 <unfinished ...>
18295 <... mmap resumed>)               = 0x7f53fae90000
18285 munmap(0x7f53fae98000, 16384 <unfinished ...>
18293 mmap(NULL, 16384, PROT_READ|PROT_WRITE, MAP_PRIVATE|MAP_ANONYMOUS|MAP_NORESERVE, -1, 0 <unfinished ...>
18295 munmap(0x7f53fae90000, 16384 <unfinished ...>
18294 <... munmap resumed>)             = 0
18290 <... mmap resumed>)               = 0x7f53faea8000
18294 mmap(NULL, 16384, PROT_READ|PROT_WRITE, MAP_PRIVATE|MAP_ANONYMOUS|MAP_NORESERVE, -1, 0 <unfinished ...>
18292 <... munmap resumed>)             = 0
18290 munmap(0x7f53faea8000, 16384 <unfinished ...>
18288 <... munmap resumed>)             = 0
18292 mmap(NULL, 16384, PROT_READ|PROT_WRITE, MAP_PRIVATE|MAP_ANONYMOUS|MAP_NORESERVE, -1, 0 <unfinished ...>
18290 <... munmap resumed>)             = 0
18290 mmap(NULL, 16384, PROT_READ|PROT_WRITE, MAP_PRIVATE|MAP_ANONYMOUS|MAP_NORESERVE, -1, 0 <unfinished ...>
18292 <... mmap resumed>)               = 0x7f53faeb4000
18288 mmap(NULL, 16384, PROT_READ|PROT_WRITE, MAP_PRIVATE|MAP_ANONYMOUS|MAP_NORESERVE, -1, 0 <unfinished ...>
18296 <... mmap resumed>)               = 0x7f53faea8000
18291 <... mmap resumed>)               = 0x7f53faeac000
18289 <... munmap resumed>)             = 0
18287 munmap(0x7f53faea4000, 16384 <unfinished ...>
18296 munmap(0x7f53faea8000, 16384 <unfinished ...>
18300 munmap(0x7f53fae94000, 16384 <unfinished ...>
18298 <... munmap resumed>)             = 0
18297 munmap(0x7f54030c2000, 16384 <unfinished ...>
18289 mmap(NULL, 16384, PROT_READ|PROT_WRITE, MAP_PRIVATE|MAP_ANONYMOUS|MAP_NORESERVE, -1, 0 <unfinished ...>
18300 <... munmap resumed>)             = 0
18292 munmap(0x7f53faeb4000, 16384 <unfinished ...>
18291 munmap(0x7f53faeac000, 16384 <unfinished ...>
18300 mmap(NULL, 16384, PROT_READ|PROT_WRITE, MAP_PRIVATE|MAP_ANONYMOUS|MAP_NORESERVE, -1, 0 <unfinished ...>
18298 mmap(NULL, 16384, PROT_READ|PROT_WRITE, MAP_PRIVATE|MAP_ANONYMOUS|MAP_NORESERVE, -1, 0 <unfinished ...>
18297 <... munmap resumed>)             = 0
18289 <... mmap resumed>)               = 0x7f54030c2000
18286 <... mmap resumed>)               = 0x7f53faeb0000
18300 <... mmap resumed>)               = 0x7f53faeac000
18291 <... munmap resumed>)             = 0
18286 munmap(0x7f53faeb0000, 16384 <unfinished ...>
18300 munmap(0x7f53faeac000, 16384 <unfinished ...>
18291 mmap(NULL, 16384, PROT_READ|PROT_WRITE, MAP_PRIVATE|MAP_ANONYMOUS|MAP_NORESERVE, -1, 0 <unfinished ...>
18297 mmap(NULL, 16384, PROT_READ|PROT_WRITE, MAP_PRIVATE|MAP_ANONYMOUS|MAP_NORESERVE, -1, 0 <unfinished ...>
18289 munmap(0x7f54030c2000, 16384 <unfinished ...>
18300 <... munmap resumed>)             = 0
18297 <... mmap resumed>)               = 0x7f53fae9c000
18291 <... mmap resumed>)               = 0x7f53faeac000
18289 <... munmap resumed>)             = 0
18300 mmap(NULL, 16384, PROT_READ|PROT_WRITE, MAP_PRIVATE|MAP_ANONYMOUS|MAP_NORESERVE, -1, 0 <unfinished ...>
18299 <... munmap resumed>)             = 0
18291 munmap(0x7f53faeac000, 16384 <unfinished ...>
18297 munmap(0x7f53fae9c000, 16384 <unfinished ...>
18289 mmap(NULL, 16384, PROT_READ|PROT_WRITE, MAP_PRIVATE|MAP_ANONYMOUS|MAP_NORESERVE, -1, 0 <unfinished ...>
18299 mmap(NULL, 16384, PROT_READ|PROT_WRITE, MAP_PRIVATE|MAP_ANONYMOUS|MAP_NORESERVE, -1, 0 <unfinished ...>
18300 <... mmap resumed>)               = 0x7f54030c2000
18289 <... mmap resumed>)               = 0x7f53faea0000
18285 <... munmap resumed>)             = 0
18285 mmap(NULL, 16384, PROT_READ|PROT_WRITE, MAP_PRIVATE|MAP_ANONYMOUS|MAP_NORESERVE, -1, 0 <unfinished ...>
18293 <... mmap resumed>)               = 0x7f53fae9c000
18289 munmap(0x7f53faea0000, 16384 <unfinished ...>
18297 <... munmap resumed>)             = 0
18285 <... mmap resumed>)               = 0x7f53fae98000
18293 munmap(0x7f53fae9c000, 16384 <unfinished ...>
18289 <... munmap resumed>)             = 0
18285 munmap(0x7f53fae98000, 16384 <unfinished ...>
18293 <... munmap resumed>)             = 0
18289 mmap(NULL, 16384, PROT_READ|PROT_WRITE, MAP_PRIVATE|MAP_ANONYMOUS|MAP_NORESERVE, -1, 0 <unfinished ...>
18297 mmap(NULL, 16384, PROT_READ|PROT_WRITE, MAP_PRIVATE|MAP_ANONYMOUS|MAP_NORESERVE, -1, 0 <unfinished ...>
18293 mmap(NULL, 16384, PROT_READ|PROT_WRITE, MAP_PRIVATE|MAP_ANONYMOUS|MAP_NORESERVE, -1, 0 <unfinished ...>
18295 <... munmap resumed>)             = 0
18295 mmap(NULL, 16384, PROT_READ|PROT_WRITE, MAP_PRIVATE|MAP_ANONYMOUS|MAP_NORESERVE, -1, 0 <unfinished ...>
18285 <... munmap resumed>)             = 0
18294 <... mmap resumed>)               = 0x7f53faea0000
18290 <... mmap resumed>)               = 0x7f53fae9c000
18294 munmap(0x7f53faea0000, 16384 <unfinished ...>
18287 <... munmap resumed>)             = 0
18285 mmap(NULL, 16384, PROT_READ|PROT_WRITE, MAP_PRIVATE|MAP_ANONYMOUS|MAP_NORESERVE, -1, 0 <unfinished ...>
18290 munmap(0x7f53fae9c000, 16384 <unfinished ...>
18294 <... munmap resumed>)             = 0
18288 <... mmap resumed>)               = 0x7f53faea4000
18287 mmap(NULL, 16384, PROT_READ|PROT_WRITE, MAP_PRIVATE|MAP_ANONYMOUS|MAP_NORESERVE, -1, 0 <unfinished ...>
18294 mmap(NULL, 16384, PROT_READ|PROT_WRITE, MAP_PRIVATE|MAP_ANONYMOUS|MAP_NORESERVE, -1, 0 <unfinished ...>
18296 <... munmap resumed>)             = 0
18288 munmap(0x7f53faea4000, 16384 <unfinished ...>
18292 <... munmap resumed>)             = 0
18298 <... mmap resumed>)               = 0x7f53faeb4000
18296 mmap(NULL, 16384, PROT_READ|PROT_WRITE, MAP_PRIVATE|MAP_ANONYMOUS|MAP_NORESERVE, -1, 0 <unfinished ...>
18298 munmap(0x7f53faeb4000, 16384 <unfinished ...>
18292 mmap(NULL, 16384, PROT_READ|PROT_WRITE, MAP_PRIVATE|MAP_ANONYMOUS|MAP_NORESERVE, -1, 0 <unfinished ...>
18288 <... munmap resumed>)             = 0
18298 <... munmap resumed>)             = 0
18286 <... munmap resumed>)             = 0
18298 mmap(NULL, 16384, PROT_READ|PROT_WRITE, MAP_PRIVATE|MAP_ANONYMOUS|MAP_NORESERVE, -1, 0 <unfinished ...>
18299 <... mmap resumed>)               = 0x7f53faeb0000
18292 <... mmap resumed>)               = 0x7f53faeb4000
18291 <... munmap resumed>)             = 0
18288 mmap(NULL, 16384, PROT_READ|PROT_WRITE, MAP_PRIVATE|MAP_ANONYMOUS|MAP_NORESERVE, -1, 0 <unfinished ...>
18300 munmap(0x7f54030c2000, 16384 <unfinished ...>
18299 munmap(0x7f53faeb0000, 16384 <unfinished ...>
18298 <... mmap resumed>)               = 0x7f53faea8000
18297 <... mmap resumed>)               = 0x7f53faea4000
18292 munmap(0x7f53faeb4000, 16384 <unfinished ...>
18291 mmap(NULL, 16384, PROT_READ|PROT_WRITE, MAP_PRIVATE|MAP_ANONYMOUS|MAP_NORESERVE, -1, 0 <unfinished ...>
18289 <... mmap resumed>)               = 0x7f53faeac000
18286 mmap(NULL, 16384, PROT_READ|PROT_WRITE, MAP_PRIVATE|MAP_ANONYMOUS|MAP_NORESERVE, -1, 0 <unfinished ...>
18293 <... mmap resumed>)               = 0x7f53fae98000
18288 <... mmap resumed>)               = 0x7f53faea0000
18300 <... munmap resumed>)             = 0
18298 munmap(0x7f53faea8000, 16384 <unfinished ...>
18291 <... mmap resumed>)               = 0x7f54030c2000
18300 mmap(NULL, 16384, PROT_READ|PROT_WRITE, MAP_PRIVATE|MAP_ANONYMOUS|MAP_NORESERVE, -1, 0 <unfinished ...>
18293 munmap(0x7f53fae98000, 16384 <unfinished ...>
18299 <... munmap resumed>)             = 0
18295 <... mmap resumed>)               = 0x7f53faeb0000
18289 munmap(0x7f53faeac000, 16384 <unfinished ...>
18300 <... mmap resumed>)               = 0x7f53fae94000
18297 munmap(0x7f53faea4000, 16384 <unfinished ...>
18285 <... mmap resumed>)               = 0x7f53fae90000
18299 mmap(NULL, 16384, PROT_READ|PROT_WRITE, MAP_PRIVATE|MAP_ANONYMOUS|MAP_NORESERVE, -1, 0 <unfinished ...>
18295 munmap(0x7f53faeb0000, 16384 <unfinished ...>
18290 <... munmap resumed>)             = 0
18288 munmap(0x7f53faea0000, 16384 <unfinished ...>
18300 munmap(0x7f53fae94000, 16384 <unfinished ...>
18299 <... mmap resumed>)               = 0x7f53faeac000
18289 <... munmap resumed>)             = 0
18285 munmap(0x7f53fae90000, 16384 <unfinished ...>
18299 munmap(0x7f53faeac000, 16384 <unfinished ...>
18294 <... mmap resumed>)               = 0x7f53fae9c000
18290 mmap(NULL, 16384, PROT_READ|PROT_WRITE, MAP_PRIVATE|MAP_ANONYMOUS|MAP_NORESERVE, -1, 0 <unfinished ...>
18288 <... munmap resumed>)             = 0
18287 <... mmap resumed>)               = 0x7f53faea0000
18288 mmap(NULL, 16384, PROT_READ|PROT_WRITE, MAP_PRIVATE|MAP_ANONYMOUS|MAP_NORESERVE, -1, 0 <unfinished ...>
18287 munmap(0x7f53faea0000, 16384 <unfinished ...>
18289 mmap(NULL, 16384, PROT_READ|PROT_WRITE, MAP_PRIVATE|MAP_ANONYMOUS|MAP_NORESERVE, -1, 0 <unfinished ...>
18294 munmap(0x7f53fae9c000, 16384 <unfinished ...>
18300 <... munmap resumed>)             = 0
18296 <... mmap resumed>)               = 0x7f53fae94000
18298 <... munmap resumed>)             = 0
18296 munmap(0x7f53fae94000, 16384 <unfinished ...>
18300 mmap(NULL, 16384, PROT_READ|PROT_WRITE, MAP_PRIVATE|MAP_ANONYMOUS|MAP_NORESERVE, -1, 0 <unfinished ...>
18298 mmap(NULL, 16384, PROT_READ|PROT_WRITE, MAP_PRIVATE|MAP_ANONYMOUS|MAP_NORESERVE, -1, 0 <unfinished ...>
18291 munmap(0x7f54030c2000, 16384 <unfinished ...>
18298 <... mmap resumed>)               = 0x7f53faeb4000
18292 <... munmap resumed>)             = 0
18298 munmap(0x7f53faeb4000, 16384 <unfinished ...>
18286 <... mmap resumed>)               = 0x7f53faea8000
18293 <... munmap resumed>)             = 0
18286 munmap(0x7f53faea8000, 16384 <unfinished ...>
18293 mmap(NULL, 16384, PROT_READ|PROT_WRITE, MAP_PRIVATE|MAP_ANONYMOUS|MAP_NORESERVE, -1, 0 <unfinished ...>
18292 mmap(NULL, 16384, PROT_READ|PROT_WRITE, MAP_PRIVATE|MAP_ANONYMOUS|MAP_NORESERVE, -1, 0 <unfinished ...>
18298 <... munmap resumed>)             = 0
18298 mmap(NULL, 16384, PROT_READ|PROT_WRITE, MAP_PRIVATE|MAP_ANONYMOUS|MAP_NORESERVE, -1, 0) = 0x7f53faeb4000
18297 <... munmap resumed>)             = 0
18285 <... munmap resumed>)             = 0
18297 mmap(NULL, 16384, PROT_READ|PROT_WRITE, MAP_PRIVATE|MAP_ANONYMOUS|MAP_NORESERVE, -1, 0 <unfinished ...>
18285 mmap(NULL, 16384, PROT_READ|PROT_WRITE, MAP_PRIVATE|MAP_ANONYMOUS|MAP_NORESERVE, -1, 0 <unfinished ...>
18295 <... munmap resumed>)             = 0
18299 <... munmap resumed>)             = 0
18297 <... mmap resumed>)               = 0x7f53faeb0000
18299 mmap(NULL, 16384, PROT_READ|PROT_WRITE, MAP_PRIVATE|MAP_ANONYMOUS|MAP_NORESERVE, -1, 0 <unfinished ...>
18297 munmap(0x7f53faeb0000, 16384 <unfinished ...>
18295 mmap(NULL, 16384, PROT_READ|PROT_WRITE, MAP_PRIVATE|MAP_ANONYMOUS|MAP_NORESERVE, -1, 0 <unfinished ...>
18288 <... mmap resumed>)               = 0x7f53faea4000
18285 <... mmap resumed>)               = 0x7f53faeac000
18299 <... mmap resumed>)               = 0x7f53faea0000
18287 <... munmap resumed>)             = 0
18295 <... mmap resumed>)               = 0x7f53fae9c000
18294 <... munmap resumed>)             = 0
18295 munmap(0x7f53fae9c000, 16384 <unfinished ...>
18288 munmap(0x7f53faea4000, 16384 <unfinished ...>
18287 mmap(NULL, 16384, PROT_READ|PROT_WRITE, MAP_PRIVATE|MAP_ANONYMOUS|MAP_NORESERVE, -1, 0 <unfinished ...>
18285 munmap(0x7f53faeac000, 16384 <unfinished ...>
18295 <... munmap resumed>)             = 0
18294 mmap(NULL, 16384, PROT_READ|PROT_WRITE, MAP_PRIVATE|MAP_ANONYMOUS|MAP_NORESERVE, -1, 0 <unfinished ...>
18288 <... munmap resumed>)             = 0
18295 mmap(NULL, 16384, PROT_READ|PROT_WRITE, MAP_PRIVATE|MAP_ANONYMOUS|MAP_NORESERVE, -1, 0 <unfinished ...>
18290 <... mmap resumed>)               = 0x7f53faea4000
18287 <... mmap resumed>)               = 0x7f53fae9c000
18295 <... mmap resumed>)               = 0x7f53fae98000
18288 mmap(NULL, 16384, PROT_READ|PROT_WRITE, MAP_PRIVATE|MAP_ANONYMOUS|MAP_NORESERVE, -1, 0 <unfinished ...>
18295 munmap(0x7f53fae98000, 16384 <unfinished ...>
18294 <... mmap resumed>)               = 0x7f53fae8c000
18289 <... mmap resumed>)               = 0x7f53fae90000
18287 munmap(0x7f53fae9c000, 16384 <unfinished ...>
18300 <... mmap resumed>)               = 0x7f53fae88000
18296 <... munmap resumed>)             = 0
18288 <... mmap resumed>)               = 0x7f53fae94000
18300 munmap(0x7f53fae88000, 16384 <unfinished ...>
18287 <... munmap resumed>)             = 0
18296 mmap(NULL, 16384, PROT_READ|PROT_WRITE, MAP_PRIVATE|MAP_ANONYMOUS|MAP_NORESERVE, -1, 0 <unfinished ...>
18294 munmap(0x7f53fae8c000, 16384 <unfinished ...>
18300 <... munmap resumed>)             = 0
18291 <... munmap resumed>)             = 0
18288 munmap(0x7f53fae94000, 16384 <unfinished ...>
18287 mmap(NULL, 16384, PROT_READ|PROT_WRITE, MAP_PRIVATE|MAP_ANONYMOUS|MAP_NORESERVE, -1, 0 <unfinished ...>
18300 mmap(NULL, 16384, PROT_READ|PROT_WRITE, MAP_PRIVATE|MAP_ANONYMOUS|MAP_NORESERVE, -1, 0 <unfinished ...>
18296 <... mmap resumed>)               = 0x7f54030c2000
18294 <... munmap resumed>)             = 0
18286 <... munmap resumed>)             = 0
18291 mmap(NULL, 16384, PROT_READ|PROT_WRITE, MAP_PRIVATE|MAP_ANONYMOUS|MAP_NORESERVE, -1, 0 <unfinished ...>
18286 mmap(NULL, 16384, PROT_READ|PROT_WRITE, MAP_PRIVATE|MAP_ANONYMOUS|MAP_NORESERVE, -1, 0 <unfinished ...>
18294 mmap(NULL, 16384, PROT_READ|PROT_WRITE, MAP_PRIVATE|MAP_ANONYMOUS|MAP_NORESERVE, -1, 0 <unfinished ...>
18293 <... mmap resumed>)               = 0x7f53faea8000
18288 <... munmap resumed>)             = 0
18299 munmap(0x7f53faea0000, 16384 <unfinished ...>
18298 munmap(0x7f53faeb4000, 16384 <unfinished ...>
18292 <... mmap resumed>)               = 0x7f53fae9c000
18290 munmap(0x7f53faea4000, 16384 <unfinished ...>
18288 mmap(NULL, 16384, PROT_READ|PROT_WRITE, MAP_PRIVATE|MAP_ANONYMOUS|MAP_NORESERVE, -1, 0 <unfinished ...>
18296 munmap(0x7f54030c2000, 16384 <unfinished ...>
18293 munmap(0x7f53faea8000, 16384 <unfinished ...>
18292 munmap(0x7f53fae9c000, 16384 <unfinished ...>
18289 munmap(0x7f53fae90000, 16384 <unfinished ...>
18297 <... munmap resumed>)             = 0
18297 mmap(NULL, 16384, PROT_READ|PROT_WRITE, MAP_PRIVATE|MAP_ANONYMOUS|MAP_NORESERVE, -1, 0 <unfinished ...>
18285 <... munmap resumed>)             = 0
18297 <... mmap resumed>)               = 0x7f53faeb0000
18295 <... munmap resumed>)             = 0
18285 mmap(NULL, 16384, PROT_READ|PROT_WRITE, MAP_PRIVATE|MAP_ANONYMOUS|MAP_NORESERVE, -1, 0 <unfinished ...>
18287 <... mmap resumed>)               = 0x7f53faeac000
18300 <... mmap resumed>)               = 0x7f53fae98000
18295 mmap(NULL, 16384, PROT_READ|PROT_WRITE, MAP_PRIVATE|MAP_ANONYMOUS|MAP_NORESERVE, -1, 0 <unfinished ...>
18297 munmap(0x7f53faeb0000, 16384 <unfinished ...>
18287 munmap(0x7f53faeac000, 16384 <unfinished ...>
18285 <... mmap resumed>)               = 0x7f53fae94000
18300 munmap(0x7f53fae98000, 16384 <unfinished ...>
18297 <... munmap resumed>)             = 0
18295 <... mmap resumed>)               = 0x7f53fae88000
18291 <... mmap resumed>)               = 0x7f53fae8c000
18286 <... mmap resumed>)               = 0x7f53faeb0000
18300 <... munmap resumed>)             = 0
18297 mmap(NULL, 16384, PROT_READ|PROT_WRITE, MAP_PRIVATE|MAP_ANONYMOUS|MAP_NORESERVE, -1, 0 <unfinished ...>
18294 <... mmap resumed>)               = 0x7f53faeac000
18287 <... munmap resumed>)             = 0
18285 munmap(0x7f53fae94000, 16384 <unfinished ...>
18300 mmap(NULL, 16384, PROT_READ|PROT_WRITE, MAP_PRIVATE|MAP_ANONYMOUS|MAP_NORESERVE, -1, 0 <unfinished ...>
18295 munmap(0x7f53fae88000, 16384 <unfinished ...>
18294 munmap(0x7f53faeac000, 16384 <unfinished ...>
18291 munmap(0x7f53fae8c000, 16384 <unfinished ...>
18286 munmap(0x7f53faeb0000, 16384 <unfinished ...>
18299 <... munmap resumed>)             = 0
18298 <... munmap resumed>)             = 0
18291 <... munmap resumed>)             = 0
18287 mmap(NULL, 16384, PROT_READ|PROT_WRITE, MAP_PRIVATE|MAP_ANONYMOUS|MAP_NORESERVE, -1, 0 <unfinished ...>
18299 mmap(NULL, 16384, PROT_READ|PROT_WRITE, MAP_PRIVATE|MAP_ANONYMOUS|MAP_NORESERVE, -1, 0 <unfinished ...>
18298 mmap(NULL, 16384, PROT_READ|PROT_WRITE, MAP_PRIVATE|MAP_ANONYMOUS|MAP_NORESERVE, -1, 0 <unfinished ...>
18291 mmap(NULL, 16384, PROT_READ|PROT_WRITE, MAP_PRIVATE|MAP_ANONYMOUS|MAP_NORESERVE, -1, 0 <unfinished ...>
18286 <... munmap resumed>)             = 0
18299 <... mmap resumed>)               = 0x7f53faea4000
18296 <... munmap resumed>)             = 0
18290 <... munmap resumed>)             = 0
18288 <... mmap resumed>)               = 0x7f53faeb4000
18287 <... mmap resumed>)               = 0x7f53faeb0000
18299 munmap(0x7f53faea4000, 16384 <unfinished ...>
18296 mmap(NULL, 16384, PROT_READ|PROT_WRITE, MAP_PRIVATE|MAP_ANONYMOUS|MAP_NORESERVE, -1, 0 <unfinished ...>
18293 <... munmap resumed>)             = 0
18290 mmap(NULL, 16384, PROT_READ|PROT_WRITE, MAP_PRIVATE|MAP_ANONYMOUS|MAP_NORESERVE, -1, 0 <unfinished ...>
18286 mmap(NULL, 16384, PROT_READ|PROT_WRITE, MAP_PRIVATE|MAP_ANONYMOUS|MAP_NORESERVE, -1, 0 <unfinished ...>
18299 <... munmap resumed>)             = 0
18297 <... mmap resumed>)               = 0x7f54030c2000
18293 mmap(NULL, 16384, PROT_READ|PROT_WRITE, MAP_PRIVATE|MAP_ANONYMOUS|MAP_NORESERVE, -1, 0 <unfinished ...>
18292 <... munmap resumed>)             = 0
18289 <... munmap resumed>)             = 0
18288 munmap(0x7f53faeb4000, 16384 <unfinished ...>
18287 munmap(0x7f53faeb0000, 16384 <unfinished ...>
18300 <... mmap resumed>)               = 0x7f53faea4000
18299 mmap(NULL, 16384, PROT_READ|PROT_WRITE, MAP_PRIVATE|MAP_ANONYMOUS|MAP_NORESERVE, -1, 0 <unfinished ...>
18298 <... mmap resumed>)               = 0x7f53faeac000
18297 munmap(0x7f54030c2000, 16384 <unfinished ...>
18295 <... munmap resumed>)             = 0
18294 <... munmap resumed>)             = 0
18293 <... mmap resumed>)               = 0x7f53faea0000
18292 mmap(NULL, 16384, PROT_READ|PROT_WRITE, MAP_PRIVATE|MAP_ANONYMOUS|MAP_NORESERVE, -1, 0 <unfinished ...>
18290 <... mmap resumed>)               = 0x7f53faea8000
18289 mmap(NULL, 16384, PROT_READ|PROT_WRITE, MAP_PRIVATE|MAP_ANONYMOUS|MAP_NORESERVE, -1, 0 <unfinished ...>
18285 <... munmap resumed>)             = 0
18300 munmap(0x7f53faea4000, 16384 <unfinished ...>
18299 <... mmap resumed>)               = 0x7f53faeb0000
18298 munmap(0x7f53faeac000, 16384 <unfinished ...>
18296 <... mmap resumed>)               = 0x7f53fae98000
18291 <... mmap resumed>)               = 0x7f53fae9c000
18287 <... munmap resumed>)             = 0
18296 munmap(0x7f53fae98000, 16384 <unfinished ...>
18294 mmap(NULL, 16384, PROT_READ|PROT_WRITE, MAP_PRIVATE|MAP_ANONYMOUS|MAP_NORESERVE, -1, 0 <unfinished ...>
18299 munmap(0x7f53faeb0000, 16384 <unfinished ...>
18298 <... munmap resumed>)             = 0
18297 <... munmap resumed>)             = 0
18295 mmap(NULL, 16384, PROT_READ|PROT_WRITE, MAP_PRIVATE|MAP_ANONYMOUS|MAP_NORESERVE, -1, 0 <unfinished ...>
18293 munmap(0x7f53faea0000, 16384 <unfinished ...>
18292 <... mmap resumed>)               = 0x7f53fae94000
18294 <... mmap resumed>)               = 0x7f53faeac000
18291 munmap(0x7f53fae9c000, 16384 <unfinished ...>
18290 munmap(0x7f53faea8000, 16384 <unfinished ...>
18287 mmap(NULL, 16384, PROT_READ|PROT_WRITE, MAP_PRIVATE|MAP_ANONYMOUS|MAP_NORESERVE, -1, 0 <unfinished ...>
18286 <... mmap resumed>)               = 0x7f54030c2000
18285 mmap(NULL, 16384, PROT_READ|PROT_WRITE, MAP_PRIVATE|MAP_ANONYMOUS|MAP_NORESERVE, -1, 0 <unfinished ...>
18300 <... munmap resumed>)             = 0
18299 <... munmap resumed>)             = 0
18298 mmap(NULL, 16384, PROT_READ|PROT_WRITE, MAP_PRIVATE|MAP_ANONYMOUS|MAP_NORESERVE, -1, 0 <unfinished ...>
18297 mmap(NULL, 16384, PROT_READ|PROT_WRITE, MAP_PRIVATE|MAP_ANONYMOUS|MAP_NORESERVE, -1, 0 <unfinished ...>
18296 <... munmap resumed>)             = 0
18294 munmap(0x7f53faeac000, 16384 <unfinished ...>
18293 <... munmap resumed>)             = 0
18292 munmap(0x7f53fae94000, 16384 <unfinished ...>
18288 <... munmap resumed>)             = 0
18289 <... mmap resumed>)               = 0x7f53faeb4000
18300 mmap(NULL, 16384, PROT_READ|PROT_WRITE, MAP_PRIVATE|MAP_ANONYMOUS|MAP_NORESERVE, -1, 0 <unfinished ...>
18299 mmap(NULL, 16384, PROT_READ|PROT_WRITE, MAP_PRIVATE|MAP_ANONYMOUS|MAP_NORESERVE, -1, 0 <unfinished ...>
18293 mmap(NULL, 16384, PROT_READ|PROT_WRITE, MAP_PRIVATE|MAP_ANONYMOUS|MAP_NORESERVE, -1, 0 <unfinished ...>
18288 mmap(NULL, 16384, PROT_READ|PROT_WRITE, MAP_PRIVATE|MAP_ANONYMOUS|MAP_NORESERVE, -1, 0 <unfinished ...>
18296 mmap(NULL, 16384, PROT_READ|PROT_WRITE, MAP_PRIVATE|MAP_ANONYMOUS|MAP_NORESERVE, -1, 0 <unfinished ...>
18290 <... munmap resumed>)             = 0
18295 <... mmap resumed>)               = 0x7f53faeb0000
18290 mmap(NULL, 16384, PROT_READ|PROT_WRITE, MAP_PRIVATE|MAP_ANONYMOUS|MAP_NORESERVE, -1, 0 <unfinished ...>
18286 munmap(0x7f54030c2000, 16384 <unfinished ...>
18289 munmap(0x7f53faeb4000, 16384 <unfinished ...>
18290 <... mmap resumed>)               = 0x7f53faea8000
18290 munmap(0x7f53faea8000, 16384 <unfinished ...>
18289 <... munmap resumed>)             = 0
18289 mmap(NULL, 16384, PROT_READ|PROT_WRITE, MAP_PRIVATE|MAP_ANONYMOUS|MAP_NORESERVE, -1, 0 <unfinished ...>
18290 <... munmap resumed>)             = 0
18290 mmap(NULL, 16384, PROT_READ|PROT_WRITE, MAP_PRIVATE|MAP_ANONYMOUS|MAP_NORESERVE, -1, 0) = 0x7f53faea4000
18289 <... mmap resumed>)               = 0x7f53faea8000
18285 <... mmap resumed>)               = 0x7f53faeb4000
18297 <... mmap resumed>)               = 0x7f53faea0000
18292 <... munmap resumed>)             = 0
18294 <... munmap resumed>)             = 0
18291 <... munmap resumed>)             = 0
18294 mmap(NULL, 16384, PROT_READ|PROT_WRITE, MAP_PRIVATE|MAP_ANONYMOUS|MAP_NORESERVE, -1, 0 <unfinished ...>
18291 mmap(NULL, 16384, PROT_READ|PROT_WRITE, MAP_PRIVATE|MAP_ANONYMOUS|MAP_NORESERVE, -1, 0 <unfinished ...>
18300 <... mmap resumed>)               = 0x7f53faeac000
18297 munmap(0x7f53faea0000, 16384 <unfinished ...>
18292 mmap(NULL, 16384, PROT_READ|PROT_WRITE, MAP_PRIVATE|MAP_ANONYMOUS|MAP_NORESERVE, -1, 0 <unfinished ...>
18287 <... mmap resumed>)               = 0x7f53fae9c000
18294 <... mmap resumed>)               = 0x7f53fae98000
18291 <... mmap resumed>)               = 0x7f53fae94000
18300 munmap(0x7f53faeac000, 16384 <unfinished ...>
18287 munmap(0x7f53fae9c000, 16384 <unfinished ...>
18297 <... munmap resumed>)             = 0
18294 munmap(0x7f53fae98000, 16384 <unfinished ...>
18292 <... mmap resumed>)               = 0x7f53faea0000
18297 mmap(NULL, 16384, PROT_READ|PROT_WRITE, MAP_PRIVATE|MAP_ANONYMOUS|MAP_NORESERVE, -1, 0 <unfinished ...>
18287 <... munmap resumed>)             = 0
18294 <... munmap resumed>)             = 0
18296 <... mmap resumed>)               = 0x7f53fae98000
18294 mmap(NULL, 16384, PROT_READ|PROT_WRITE, MAP_PRIVATE|MAP_ANONYMOUS|MAP_NORESERVE, -1, 0 <unfinished ...>
18292 munmap(0x7f53faea0000, 16384 <unfinished ...>
18287 mmap(NULL, 16384, PROT_READ|PROT_WRITE, MAP_PRIVATE|MAP_ANONYMOUS|MAP_NORESERVE, -1, 0 <unfinished ...>
18299 <... mmap resumed>)               = 0x7f53fae90000
18298 <... mmap resumed>)               = 0x7f53fae9c000
18294 <... mmap resumed>)               = 0x7f53fae84000
18293 <... mmap resumed>)               = 0x7f53fae88000
18288 <... mmap resumed>)               = 0x7f53fae8c000
18299 munmap(0x7f53fae90000, 16384 <unfinished ...>
18298 munmap(0x7f53fae9c000, 16384 <unfinished ...>
18295 munmap(0x7f53faeb0000, 16384 <unfinished ...>
18293 munmap(0x7f53fae88000, 16384 <unfinished ...>
18285 munmap(0x7f53faeb4000, 16384 <unfinished ...>
18289 munmap(0x7f53faea8000, 16384 <unfinished ...>
18294 munmap(0x7f53fae84000, 16384 <unfinished ...>
18291 munmap(0x7f53fae94000, 16384 <unfinished ...>
18288 munmap(0x7f53fae8c000, 16384 <unfinished ...>
18296 munmap(0x7f53fae98000, 16384 <unfinished ...>
18290 munmap(0x7f53faea4000, 16384 <unfinished ...>
18286 <... munmap resumed>)             = 0
18300 <... munmap resumed>)             = 0
18296 <... munmap resumed>)             = 0
18290 <... munmap resumed>)             = 0
18286 mmap(NULL, 16384, PROT_READ|PROT_WRITE, MAP_PRIVATE|MAP_ANONYMOUS|MAP_NORESERVE, -1, 0 <unfinished ...>
18296 mmap(NULL, 16384, PROT_READ|PROT_WRITE, MAP_PRIVATE|MAP_ANONYMOUS|MAP_NORESERVE, -1, 0 <unfinished ...>
18287 <... mmap resumed>)               = 0x7f54030c2000
18290 mmap(NULL, 16384, PROT_READ|PROT_WRITE, MAP_PRIVATE|MAP_ANONYMOUS|MAP_NORESERVE, -1, 0) = 0x7f53faeac000
18297 <... mmap resumed>)               = 0x7f53faea4000
18300 mmap(NULL, 16384, PROT_READ|PROT_WRITE, MAP_PRIVATE|MAP_ANONYMOUS|MAP_NORESERVE, -1, 0 <unfinished ...>
18297 munmap(0x7f53faea4000, 16384 <unfinished ...>
18300 <... mmap resumed>)               = 0x7f53faea0000
18298 <... munmap resumed>)             = 0
18292 <... munmap resumed>)             = 0
18290 munmap(0x7f53faeac000, 16384 <unfinished ...>
18300 munmap(0x7f53faea0000, 16384 <unfinished ...>
18299 <... munmap resumed>)             = 0
18293 <... munmap resumed>)             = 0
18292 mmap(NULL, 16384, PROT_READ|PROT_WRITE, MAP_PRIVATE|MAP_ANONYMOUS|MAP_NORESERVE, -1, 0 <unfinished ...>
18298 mmap(NULL, 16384, PROT_READ|PROT_WRITE, MAP_PRIVATE|MAP_ANONYMOUS|MAP_NORESERVE, -1, 0 <unfinished ...>
18285 <... munmap resumed>)             = 0
18294 <... munmap resumed>)             = 0
18285 mmap(NULL, 16384, PROT_READ|PROT_WRITE, MAP_PRIVATE|MAP_ANONYMOUS|MAP_NORESERVE, -1, 0 <unfinished ...>
18293 mmap(NULL, 16384, PROT_READ|PROT_WRITE, MAP_PRIVATE|MAP_ANONYMOUS|MAP_NORESERVE, -1, 0 <unfinished ...>
18289 <... munmap resumed>)             = 0
18294 mmap(NULL, 16384, PROT_READ|PROT_WRITE, MAP_PRIVATE|MAP_ANONYMOUS|MAP_NORESERVE, -1, 0 <unfinished ...>
18299 mmap(NULL, 16384, PROT_READ|PROT_WRITE, MAP_PRIVATE|MAP_ANONYMOUS|MAP_NORESERVE, -1, 0 <unfinished ...>
18292 <... mmap resumed>)               = 0x7f53faeb4000
18288 <... munmap resumed>)             = 0
18299 <... mmap resumed>)               = 0x7f53fae98000
18293 <... mmap resumed>)               = 0x7f53fae9c000
18292 munmap(0x7f53faeb4000, 16384 <unfinished ...>
18291 <... munmap resumed>)             = 0
18289 mmap(NULL, 16384, PROT_READ|PROT_WRITE, MAP_PRIVATE|MAP_ANONYMOUS|MAP_NORESERVE, -1, 0 <unfinished ...>
18288 mmap(NULL, 16384, PROT_READ|PROT_WRITE, MAP_PRIVATE|MAP_ANONYMOUS|MAP_NORESERVE, -1, 0 <unfinished ...>
18285 <... mmap resumed>)               = 0x7f53faea8000
18299 munmap(0x7f53fae98000, 16384 <unfinished ...>
18293 munmap(0x7f53fae9c000, 16384 <unfinished ...>
18292 <... munmap resumed>)             = 0
18291 mmap(NULL, 16384, PROT_READ|PROT_WRITE, MAP_PRIVATE|MAP_ANONYMOUS|MAP_NORESERVE, -1, 0 <unfinished ...>
18285 munmap(0x7f53faea8000, 16384 <unfinished ...>
18292 mmap(NULL, 16384, PROT_READ|PROT_WRITE, MAP_PRIVATE|MAP_ANONYMOUS|MAP_NORESERVE, -1, 0 <unfinished ...>
18287 munmap(0x7f54030c2000, 16384 <unfinished ...>
18295 <... munmap resumed>)             = 0
18296 <... mmap resumed>)               = 0x7f53faeb0000
18295 mmap(NULL, 16384, PROT_READ|PROT_WRITE, MAP_PRIVATE|MAP_ANONYMOUS|MAP_NORESERVE, -1, 0 <unfinished ...>
18286 <... mmap resumed>)               = 0x7f53faeb4000
18297 <... munmap resumed>)             = 0
18300 <... munmap resumed>)             = 0
18297 mmap(NULL, 16384, PROT_READ|PROT_WRITE, MAP_PRIVATE|MAP_ANONYMOUS|MAP_NORESERVE, -1, 0 <unfinished ...>
18296 munmap(0x7f53faeb0000, 16384 <unfinished ...>
18295 <... mmap resumed>)               = 0x7f53faea4000
18286 munmap(0x7f53faeb4000, 16384 <unfinished ...>
18298 <... mmap resumed>)               = 0x7f53faeac000
18290 <... munmap resumed>)             = 0
18300 mmap(NULL, 16384, PROT_READ|PROT_WRITE, MAP_PRIVATE|MAP_ANONYMOUS|MAP_NORESERVE, -1, 0 <unfinished ...>
18296 <... munmap resumed>)             = 0
18295 munmap(0x7f53faea4000, 16384 <unfinished ...>
18294 <... mmap resumed>)               = 0x7f53faeb0000
18300 <... mmap resumed>)               = 0x7f53faea0000
18290 mmap(NULL, 16384, PROT_READ|PROT_WRITE, MAP_PRIVATE|MAP_ANONYMOUS|MAP_NORESERVE, -1, 0 <unfinished ...>
18299 <... munmap resumed>)             = 0
18296 mmap(NULL, 16384, PROT_READ|PROT_WRITE, MAP_PRIVATE|MAP_ANONYMOUS|MAP_NORESERVE, -1, 0 <unfinished ...>
18299 mmap(NULL, 16384, PROT_READ|PROT_WRITE, MAP_PRIVATE|MAP_ANONYMOUS|MAP_NORESERVE, -1, 0 <unfinished ...>
18290 <... mmap resumed>)               = 0x7f53fae98000
18299 <... mmap resumed>)               = 0x7f53fae90000
18290 munmap(0x7f53fae98000, 16384 <unfinished ...>
18289 <... mmap resumed>)               = 0x7f53fae94000
18292 <... mmap resumed>)               = 0x7f53fae8c000
18293 <... munmap resumed>)             = 0
18288 <... mmap resumed>)               = 0x7f53fae9c000
18299 munmap(0x7f53fae90000, 16384 <unfinished ...>
18288 munmap(0x7f53fae9c000, 16384 <unfinished ...>
18293 mmap(NULL, 16384, PROT_READ|PROT_WRITE, MAP_PRIVATE|MAP_ANONYMOUS|MAP_NORESERVE, -1, 0 <unfinished ...>
18292 munmap(0x7f53fae8c000, 16384 <unfinished ...>
18290 <... munmap resumed>)             = 0
18289 munmap(0x7f53fae94000, 16384 <unfinished ...>
18288 <... munmap resumed>)             = 0
18291 <... mmap resumed>)               = 0x7f53fae9c000
18290 mmap(NULL, 16384, PROT_READ|PROT_WRITE, MAP_PRIVATE|MAP_ANONYMOUS|MAP_NORESERVE, -1, 0 <unfinished ...>
18287 <... munmap resumed>)             = 0
18286 <... munmap resumed>)             = 0
18285 <... munmap resumed>)             = 0
18300 munmap(0x7f53faea0000, 16384 <unfinished ...>
18298 munmap(0x7f53faeac000, 16384 <unfinished ...>
18297 <... mmap resumed>)               = 0x7f54030c2000
18294 munmap(0x7f53faeb0000, 16384 <unfinished ...>
18291 munmap(0x7f53fae9c000, 16384 <unfinished ...>
18290 <... mmap resumed>)               = 0x7f53faeb4000
18289 <... munmap resumed>)             = 0
18288 mmap(NULL, 16384, PROT_READ|PROT_WRITE, MAP_PRIVATE|MAP_ANONYMOUS|MAP_NORESERVE, -1, 0 <unfinished ...>
18287 mmap(NULL, 16384, PROT_READ|PROT_WRITE, MAP_PRIVATE|MAP_ANONYMOUS|MAP_NORESERVE, -1, 0 <unfinished ...>
18286 mmap(NULL, 16384, PROT_READ|PROT_WRITE, MAP_PRIVATE|MAP_ANONYMOUS|MAP_NORESERVE, -1, 0 <unfinished ...>
18299 <... munmap resumed>)             = 0
18298 <... munmap resumed>)             = 0
18296 <... mmap resumed>)               = 0x7f53faeac000
18295 <... munmap resumed>)             = 0
18290 munmap(0x7f53faeb4000, 16384 <unfinished ...>
18289 mmap(NULL, 16384, PROT_READ|PROT_WRITE, MAP_PRIVATE|MAP_ANONYMOUS|MAP_NORESERVE, -1, 0 <unfinished ...>
18285 mmap(NULL, 16384, PROT_READ|PROT_WRITE, MAP_PRIVATE|MAP_ANONYMOUS|MAP_NORESERVE, -1, 0 <unfinished ...>
18299 mmap(NULL, 16384, PROT_READ|PROT_WRITE, MAP_PRIVATE|MAP_ANONYMOUS|MAP_NORESERVE, -1, 0 <unfinished ...>
18298 mmap(NULL, 16384, PROT_READ|PROT_WRITE, MAP_PRIVATE|MAP_ANONYMOUS|MAP_NORESERVE, -1, 0 <unfinished ...>
18297 munmap(0x7f54030c2000, 16384 <unfinished ...>
18295 mmap(NULL, 16384, PROT_READ|PROT_WRITE, MAP_PRIVATE|MAP_ANONYMOUS|MAP_NORESERVE, -1, 0 <unfinished ...>
18293 <... mmap resumed>)               = 0x7f53faeb4000
18292 <... munmap resumed>)             = 0
18290 <... munmap resumed>)             = 0
18287 <... mmap resumed>)               = 0x7f53faea8000
18296 munmap(0x7f53faeac000, 16384 <unfinished ...>
18294 <... munmap resumed>)             = 0
18293 munmap(0x7f53faeb4000, 16384 <unfinished ...>
18292 mmap(NULL, 16384, PROT_READ|PROT_WRITE, MAP_PRIVATE|MAP_ANONYMOUS|MAP_NORESERVE, -1, 0 <unfinished ...>
18287 munmap(0x7f53faea8000, 16384 <unfinished ...>
18300 <... munmap resumed>)             = 0
18294 mmap(NULL, 16384, PROT_READ|PROT_WRITE, MAP_PRIVATE|MAP_ANONYMOUS|MAP_NORESERVE, -1, 0 <unfinished ...>
18292 <... mmap resumed>)               = 0x7f53faeb0000
18290 mmap(NULL, 16384, PROT_READ|PROT_WRITE, MAP_PRIVATE|MAP_ANONYMOUS|MAP_NORESERVE, -1, 0 <unfinished ...>
18300 mmap(NULL, 16384, PROT_READ|PROT_WRITE, MAP_PRIVATE|MAP_ANONYMOUS|MAP_NORESERVE, -1, 0) = 0x7f53faea4000
18294 <... mmap resumed>)               = 0x7f53faea0000
18291 <... munmap resumed>)             = 0
18300 munmap(0x7f53faea4000, 16384)     = 0
18291 mmap(NULL, 16384, PROT_READ|PROT_WRITE, MAP_PRIVATE|MAP_ANONYMOUS|MAP_NORESERVE, -1, 0 <unfinished ...>
18290 <... mmap resumed>)               = 0x7f53faea4000
18288 <... mmap resumed>)               = 0x7f53fae9c000
18286 <... mmap resumed>)               = 0x7f53fae98000
18286 munmap(0x7f53fae98000, 16384 <unfinished ...>
18300 mmap(NULL, 16384, PROT_READ|PROT_WRITE, MAP_PRIVATE|MAP_ANONYMOUS|MAP_NORESERVE, -1, 0 <unfinished ...>
18286 <... munmap resumed>)             = 0
18286 mmap(NULL, 16384, PROT_READ|PROT_WRITE, MAP_PRIVATE|MAP_ANONYMOUS|MAP_NORESERVE, -1, 0 <unfinished ...>
18289 <... mmap resumed>)               = 0x7f53fae98000
18298 <... mmap resumed>)               = 0x7f53fae94000
18298 munmap(0x7f53fae94000, 16384 <unfinished ...>
18289 munmap(0x7f53fae98000, 16384 <unfinished ...>
18297 <... munmap resumed>)             = 0
18297 mmap(NULL, 16384, PROT_READ|PROT_WRITE, MAP_PRIVATE|MAP_ANONYMOUS|MAP_NORESERVE, -1, 0 <unfinished ...>
18298 <... munmap resumed>)             = 0
18298 mmap(NULL, 16384, PROT_READ|PROT_WRITE, MAP_PRIVATE|MAP_ANONYMOUS|MAP_NORESERVE, -1, 0 <unfinished ...>
18297 <... mmap resumed>)               = 0x7f54030c2000
18295 <... mmap resumed>)               = 0x7f53fae94000
18299 <... mmap resumed>)               = 0x7f53fae90000
18287 <... munmap resumed>)             = 0
18298 <... mmap resumed>)               = 0x7f53faea8000
18287 mmap(NULL, 16384, PROT_READ|PROT_WRITE, MAP_PRIVATE|MAP_ANONYMOUS|MAP_NORESERVE, -1, 0 <unfinished ...>
18297 munmap(0x7f54030c2000, 16384 <unfinished ...>
18287 <... mmap resumed>)               = 0x7f53fae8c000
18295 munmap(0x7f53fae94000, 16384 <unfinished ...>
18299 munmap(0x7f53fae90000, 16384 <unfinished ...>
18298 munmap(0x7f53faea8000, 16384 <unfinished ...>
18287 munmap(0x7f53fae8c000, 16384 <unfinished ...>
18297 <... munmap resumed>)             = 0
18287 <... munmap resumed>)             = 0
18297 mmap(NULL, 16384, PROT_READ|PROT_WRITE, MAP_PRIVATE|MAP_ANONYMOUS|MAP_NORESERVE, -1, 0 <unfinished ...>
18296 <... munmap resumed>)             = 0
18287 mmap(NULL, 16384, PROT_READ|PROT_WRITE, MAP_PRIVATE|MAP_ANONYMOUS|MAP_NORESERVE, -1, 0 <unfinished ...>
18285 <... mmap resumed>)               = 0x7f54030c2000
18294 munmap(0x7f53faea0000, 16384 <unfinished ...>
18293 <... munmap resumed>)             = 0
18296 mmap(NULL, 16384, PROT_READ|PROT_WRITE, MAP_PRIVATE|MAP_ANONYMOUS|MAP_NORESERVE, -1, 0 <unfinished ...>
18293 mmap(NULL, 16384, PROT_READ|PROT_WRITE, MAP_PRIVATE|MAP_ANONYMOUS|MAP_NORESERVE, -1, 0 <unfinished ...>
18292 munmap(0x7f53faeb0000, 16384 <unfinished ...>
18288 munmap(0x7f53fae9c000, 16384 <unfinished ...>
18300 <... mmap resumed>)               = 0x7f53faeb4000
18296 <... mmap resumed>)               = 0x7f53faeac000
18290 munmap(0x7f53faea4000, 16384 <unfinished ...>
18287 <... mmap resumed>)               = 0x7f53fae88000
18293 <... mmap resumed>)               = 0x7f53fae8c000
18300 munmap(0x7f53faeb4000, 16384 <unfinished ...>
18292 <... munmap resumed>)             = 0
18292 mmap(NULL, 16384, PROT_READ|PROT_WRITE, MAP_PRIVATE|MAP_ANONYMOUS|MAP_NORESERVE, -1, 0 <unfinished ...>
18288 <... munmap resumed>)             = 0
18288 mmap(NULL, 16384, PROT_READ|PROT_WRITE, MAP_PRIVATE|MAP_ANONYMOUS|MAP_NORESERVE, -1, 0) = 0x7f53fae84000
18286 <... mmap resumed>)               = 0x7f53faeb0000
18288 munmap(0x7f53fae84000, 16384 <unfinished ...>
18292 <... mmap resumed>)               = 0x7f53fae9c000
18291 <... mmap resumed>)               = 0x7f53fae84000
18288 <... munmap resumed>)             = 0
18286 munmap(0x7f53faeb0000, 16384 <unfinished ...>
18291 munmap(0x7f53fae84000, 16384 <unfinished ...>
18292 munmap(0x7f53fae9c000, 16384 <unfinished ...>
18288 mmap(NULL, 16384, PROT_READ|PROT_WRITE, MAP_PRIVATE|MAP_ANONYMOUS|MAP_NORESERVE, -1, 0 <unfinished ...>
18286 <... munmap resumed>)             = 0
18286 mmap(NULL, 16384, PROT_READ|PROT_WRITE, MAP_PRIVATE|MAP_ANONYMOUS|MAP_NORESERVE, -1, 0 <unfinished ...>
18299 <... munmap resumed>)             = 0
18298 <... munmap resumed>)             = 0
18289 <... munmap resumed>)             = 0
18295 <... munmap resumed>)             = 0
18299 mmap(NULL, 16384, PROT_READ|PROT_WRITE, MAP_PRIVATE|MAP_ANONYMOUS|MAP_NORESERVE, -1, 0 <unfinished ...>
18293 munmap(0x7f53fae8c000, 16384 <unfinished ...>
18287 munmap(0x7f53fae88000, 16384 <unfinished ...>
18285 munmap(0x7f54030c2000, 16384 <unfinished ...>
18296 munmap(0x7f53faeac000, 16384 <unfinished ...>
18295 mmap(NULL, 16384, PROT_READ|PROT_WRITE, MAP_PRIVATE|MAP_ANONYMOUS|MAP_NORESERVE, -1, 0 <unfinished ...>
18289 mmap(NULL, 16384, PROT_READ|PROT_WRITE, MAP_PRIVATE|MAP_ANONYMOUS|MAP_NORESERVE, -1, 0 <unfinished ...>
18299 <... mmap resumed>)               = 0x7f53faeb0000
18298 mmap(NULL, 16384, PROT_READ|PROT_WRITE, MAP_PRIVATE|MAP_ANONYMOUS|MAP_NORESERVE, -1, 0 <unfinished ...>
18299 munmap(0x7f53faeb0000, 16384 <unfinished ...>
18293 <... munmap resumed>)             = 0
18297 <... mmap resumed>)               = 0x7f53faea8000
18293 mmap(NULL, 16384, PROT_READ|PROT_WRITE, MAP_PRIVATE|MAP_ANONYMOUS|MAP_NORESERVE, -1, 0 <unfinished ...>
18287 <... munmap resumed>)             = 0
18298 <... mmap resumed>)               = 0x7f53fae98000
18297 munmap(0x7f53faea8000, 16384 <unfinished ...>
18298 munmap(0x7f53fae98000, 16384 <unfinished ...>
18293 <... mmap resumed>)               = 0x7f53fae94000
18287 mmap(NULL, 16384, PROT_READ|PROT_WRITE, MAP_PRIVATE|MAP_ANONYMOUS|MAP_NORESERVE, -1, 0 <unfinished ...>
18294 <... munmap resumed>)             = 0
18294 mmap(NULL, 16384, PROT_READ|PROT_WRITE, MAP_PRIVATE|MAP_ANONYMOUS|MAP_NORESERVE, -1, 0 <unfinished ...>
18290 <... munmap resumed>)             = 0
18287 <... mmap resumed>)               = 0x7f53faea0000
18300 <... munmap resumed>)             = 0
18292 <... munmap resumed>)             = 0
18290 mmap(NULL, 16384, PROT_READ|PROT_WRITE, MAP_PRIVATE|MAP_ANONYMOUS|MAP_NORESERVE, -1, 0 <unfinished ...>
18288 <... mmap resumed>)               = 0x7f53faeb4000
18287 munmap(0x7f53faea0000, 16384 <unfinished ...>
18288 munmap(0x7f53faeb4000, 16384 <unfinished ...>
18300 mmap(NULL, 16384, PROT_READ|PROT_WRITE, MAP_PRIVATE|MAP_ANONYMOUS|MAP_NORESERVE, -1, 0 <unfinished ...>
18291 <... munmap resumed>)             = 0
18290 <... mmap resumed>)               = 0x7f53faeb4000
18288 <... munmap resumed>)             = 0
18292 mmap(NULL, 16384, PROT_READ|PROT_WRITE, MAP_PRIVATE|MAP_ANONYMOUS|MAP_NORESERVE, -1, 0 <unfinished ...>
18286 <... mmap resumed>)               = 0x7f53faea4000
18291 mmap(NULL, 16384, PROT_READ|PROT_WRITE, MAP_PRIVATE|MAP_ANONYMOUS|MAP_NORESERVE, -1, 0 <unfinished ...>
18287 <... munmap resumed>)             = 0
18286 munmap(0x7f53faea4000, 16384 <unfinished ...>
18288 mmap(NULL, 16384, PROT_READ|PROT_WRITE, MAP_PRIVATE|MAP_ANONYMOUS|MAP_NORESERVE, -1, 0 <unfinished ...>
18287 mmap(NULL, 16384, PROT_READ|PROT_WRITE, MAP_PRIVATE|MAP_ANONYMOUS|MAP_NORESERVE, -1, 0 <unfinished ...>
18288 <... mmap resumed>)               = 0x7f54030c2000
18285 <... munmap resumed>)             = 0
18285 mmap(NULL, 16384, PROT_READ|PROT_WRITE, MAP_PRIVATE|MAP_ANONYMOUS|MAP_NORESERVE, -1, 0 <unfinished ...>
18287 <... mmap resumed>)               = 0x7f53faea0000
18285 <... mmap resumed>)               = 0x7f53fae9c000
18289 <... mmap resumed>)               = 0x7f53fae90000
18287 munmap(0x7f53faea0000, 16384 <unfinished ...>
18285 munmap(0x7f53fae9c000, 16384 <unfinished ...>
18296 <... munmap resumed>)             = 0
18289 munmap(0x7f53fae90000, 16384 <unfinished ...>
18296 mmap(NULL, 16384, PROT_READ|PROT_WRITE, MAP_PRIVATE|MAP_ANONYMOUS|MAP_NORESERVE, -1, 0 <unfinished ...>
18285 <... munmap resumed>)             = 0
18299 <... munmap resumed>)             = 0
18296 <... mmap resumed>)               = 0x7f53faeac000
18295 <... mmap resumed>)               = 0x7f53faeb0000
18289 <... munmap resumed>)             = 0
18299 mmap(NULL, 16384, PROT_READ|PROT_WRITE, MAP_PRIVATE|MAP_ANONYMOUS|MAP_NORESERVE, -1, 0 <unfinished ...>
18297 <... munmap resumed>)             = 0
18296 munmap(0x7f53faeac000, 16384 <unfinished ...>
18285 mmap(NULL, 16384, PROT_READ|PROT_WRITE, MAP_PRIVATE|MAP_ANONYMOUS|MAP_NORESERVE, -1, 0 <unfinished ...>
18299 <... mmap resumed>)               = 0x7f53faea8000
18298 <... munmap resumed>)             = 0
18297 mmap(NULL, 16384, PROT_READ|PROT_WRITE, MAP_PRIVATE|MAP_ANONYMOUS|MAP_NORESERVE, -1, 0 <unfinished ...>
18295 munmap(0x7f53faeb0000, 16384 <unfinished ...>
18293 munmap(0x7f53fae94000, 16384 <unfinished ...>
18290 munmap(0x7f53faeb4000, 16384 <unfinished ...>
18289 mmap(NULL, 16384, PROT_READ|PROT_WRITE, MAP_PRIVATE|MAP_ANONYMOUS|MAP_NORESERVE, -1, 0 <unfinished ...>
18288 munmap(0x7f54030c2000, 16384 <unfinished ...>
18294 <... mmap resumed>)               = 0x7f53fae98000
18285 <... mmap resumed>)               = 0x7f53fae9c000
18300 <... mmap resumed>)               = 0x7f53faeac000
18296 <... munmap resumed>)             = 0
18292 <... mmap resumed>)               = 0x7f53fae90000
18300 munmap(0x7f53faeac000, 16384 <unfinished ...>
18299 munmap(0x7f53faea8000, 16384 <unfinished ...>
18298 mmap(NULL, 16384, PROT_READ|PROT_WRITE, MAP_PRIVATE|MAP_ANONYMOUS|MAP_NORESERVE, -1, 0 <unfinished ...>
18296 mmap(NULL, 16384, PROT_READ|PROT_WRITE, MAP_PRIVATE|MAP_ANONYMOUS|MAP_NORESERVE, -1, 0 <unfinished ...>
18294 munmap(0x7f53fae98000, 16384 <unfinished ...>
18285 munmap(0x7f53fae9c000, 16384 <unfinished ...>
18286 <... munmap resumed>)             = 0
18300 <... munmap resumed>)             = 0
18291 <... mmap resumed>)               = 0x7f53faea4000
18286 mmap(NULL, 16384, PROT_READ|PROT_WRITE, MAP_PRIVATE|MAP_ANONYMOUS|MAP_NORESERVE, -1, 0 <unfinished ...>
18300 mmap(NULL, 16384, PROT_READ|PROT_WRITE, MAP_PRIVATE|MAP_ANONYMOUS|MAP_NORESERVE, -1, 0 <unfinished ...>
18291 munmap(0x7f53faea4000, 16384 <unfinished ...>
18287 <... munmap resumed>)             = 0
18287 mmap(NULL, 16384, PROT_READ|PROT_WRITE, MAP_PRIVATE|MAP_ANONYMOUS|MAP_NORESERVE, -1, 0 <unfinished ...>
18293 <... munmap resumed>)             = 0
18295 <... munmap resumed>)             = 0
18290 <... munmap resumed>)             = 0
18293 mmap(NULL, 16384, PROT_READ|PROT_WRITE, MAP_PRIVATE|MAP_ANONYMOUS|MAP_NORESERVE, -1, 0 <unfinished ...>
18289 <... mmap resumed>)               = 0x7f53faeb4000
18295 mmap(NULL, 16384, PROT_READ|PROT_WRITE, MAP_PRIVATE|MAP_ANONYMOUS|MAP_NORESERVE, -1, 0 <unfinished ...>
18290 mmap(NULL, 16384, PROT_READ|PROT_WRITE, MAP_PRIVATE|MAP_ANONYMOUS|MAP_NORESERVE, -1, 0 <unfinished ...>
18297 <... mmap resumed>)               = 0x7f53faeb0000
18293 <... mmap resumed>)               = 0x7f53faeac000
18289 munmap(0x7f53faeb4000, 16384 <unfinished ...>
18288 <... munmap resumed>)             = 0
18297 munmap(0x7f53faeb0000, 16384 <unfinished ...>
18293 munmap(0x7f53faeac000, 16384 <unfinished ...>
18292 munmap(0x7f53fae90000, 16384 <unfinished ...>
18288 mmap(NULL, 16384, PROT_READ|PROT_WRITE, MAP_PRIVATE|MAP_ANONYMOUS|MAP_NORESERVE, -1, 0 <unfinished ...>
18297 <... munmap resumed>)             = 0
18296 <... mmap resumed>)               = 0x7f54030c2000
18289 <... munmap resumed>)             = 0
18292 <... munmap resumed>)             = 0
18297 mmap(NULL, 16384, PROT_READ|PROT_WRITE, MAP_PRIVATE|MAP_ANONYMOUS|MAP_NORESERVE, -1, 0 <unfinished ...>
18292 mmap(NULL, 16384, PROT_READ|PROT_WRITE, MAP_PRIVATE|MAP_ANONYMOUS|MAP_NORESERVE, -1, 0 <unfinished ...>
18289 mmap(NULL, 16384, PROT_READ|PROT_WRITE, MAP_PRIVATE|MAP_ANONYMOUS|MAP_NORESERVE, -1, 0 <unfinished ...>
18299 <... munmap resumed>)             = 0
18292 <... mmap resumed>)               = 0x7f53faeb4000
18299 mmap(NULL, 16384, PROT_READ|PROT_WRITE, MAP_PRIVATE|MAP_ANONYMOUS|MAP_NORESERVE, -1, 0 <unfinished ...>
18294 <... munmap resumed>)             = 0
18289 <... mmap resumed>)               = 0x7f53faeb0000
18299 <... mmap resumed>)               = 0x7f53faea8000
18298 <... mmap resumed>)               = 0x7f53fae98000
18294 mmap(NULL, 16384, PROT_READ|PROT_WRITE, MAP_PRIVATE|MAP_ANONYMOUS|MAP_NORESERVE, -1, 0 <unfinished ...>
18292 munmap(0x7f53faeb4000, 16384 <unfinished ...>
18286 <... mmap resumed>)               = 0x7f53faea0000
18300 <... mmap resumed>)               = 0x7f53fae94000
18299 munmap(0x7f53faea8000, 16384 <unfinished ...>
18289 munmap(0x7f53faeb0000, 16384 <unfinished ...>
18300 munmap(0x7f53fae94000, 16384 <unfinished ...>
18291 <... munmap resumed>)             = 0
18287 <... mmap resumed>)               = 0x7f53faea4000
18298 munmap(0x7f53fae98000, 16384 <unfinished ...>
18292 <... munmap resumed>)             = 0
18291 mmap(NULL, 16384, PROT_READ|PROT_WRITE, MAP_PRIVATE|MAP_ANONYMOUS|MAP_NORESERVE, -1, 0 <unfinished ...>
18292 mmap(NULL, 16384, PROT_READ|PROT_WRITE, MAP_PRIVATE|MAP_ANONYMOUS|MAP_NORESERVE, -1, 0 <unfinished ...>
18287 munmap(0x7f53faea4000, 16384 <unfinished ...>
18285 <... munmap resumed>)             = 0
18298 <... munmap resumed>)             = 0
18295 <... mmap resumed>)               = 0x7f53faeb4000
18290 <... mmap resumed>)               = 0x7f53fae9c000
18298 mmap(NULL, 16384, PROT_READ|PROT_WRITE, MAP_PRIVATE|MAP_ANONYMOUS|MAP_NORESERVE, -1, 0 <unfinished ...>
18295 munmap(0x7f53faeb4000, 16384 <unfinished ...>
18293 <... munmap resumed>)             = 0
18285 mmap(NULL, 16384, PROT_READ|PROT_WRITE, MAP_PRIVATE|MAP_ANONYMOUS|MAP_NORESERVE, -1, 0 <unfinished ...>
18290 munmap(0x7f53fae9c000, 16384 <unfinished ...>
18296 munmap(0x7f54030c2000, 16384 <unfinished ...>
18297 <... mmap resumed>)               = 0x7f53fae98000
18294 <... mmap resumed>)               = 0x7f53fae90000
18293 mmap(NULL, 16384, PROT_READ|PROT_WRITE, MAP_PRIVATE|MAP_ANONYMOUS|MAP_NORESERVE, -1, 0 <unfinished ...>
18288 <... mmap resumed>)               = 0x7f53faeac000
18286 munmap(0x7f53faea0000, 16384 <unfinished ...>
18299 <... munmap resumed>)             = 0
18297 munmap(0x7f53fae98000, 16384 <unfinished ...>
18294 munmap(0x7f53fae90000, 16384 <unfinished ...>
18289 <... munmap resumed>)             = 0
18288 munmap(0x7f53faeac000, 16384 <unfinished ...>
18299 mmap(NULL, 16384, PROT_READ|PROT_WRITE, MAP_PRIVATE|MAP_ANONYMOUS|MAP_NORESERVE, -1, 0 <unfinished ...>
18286 <... munmap resumed>)             = 0
18300 <... munmap resumed>)             = 0
18299 <... mmap resumed>)               = 0x7f53faeb0000
18291 <... mmap resumed>)               = 0x7f53faeac000
18289 mmap(NULL, 16384, PROT_READ|PROT_WRITE, MAP_PRIVATE|MAP_ANONYMOUS|MAP_NORESERVE, -1, 0 <unfinished ...>
18288 <... munmap resumed>)             = 0
18286 mmap(NULL, 16384, PROT_READ|PROT_WRITE, MAP_PRIVATE|MAP_ANONYMOUS|MAP_NORESERVE, -1, 0 <unfinished ...>
18300 mmap(NULL, 16384, PROT_READ|PROT_WRITE, MAP_PRIVATE|MAP_ANONYMOUS|MAP_NORESERVE, -1, 0 <unfinished ...>
18299 munmap(0x7f53faeb0000, 16384 <unfinished ...>
18295 <... munmap resumed>)             = 0
18292 <... mmap resumed>)               = 0x7f53faea8000
18291 munmap(0x7f53faeac000, 16384 <unfinished ...>
18287 <... munmap resumed>)             = 0
18298 <... mmap resumed>)               = 0x7f53faea4000
18295 mmap(NULL, 16384, PROT_READ|PROT_WRITE, MAP_PRIVATE|MAP_ANONYMOUS|MAP_NORESERVE, -1, 0 <unfinished ...>
18288 mmap(NULL, 16384, PROT_READ|PROT_WRITE, MAP_PRIVATE|MAP_ANONYMOUS|MAP_NORESERVE, -1, 0 <unfinished ...>
18286 <... mmap resumed>)               = 0x7f53faeb4000
18299 <... munmap resumed>)             = 0
18298 munmap(0x7f53faea4000, 16384 <unfinished ...>
18291 <... munmap resumed>)             = 0
18287 mmap(NULL, 16384, PROT_READ|PROT_WRITE, MAP_PRIVATE|MAP_ANONYMOUS|MAP_NORESERVE, -1, 0 <unfinished ...>
18286 munmap(0x7f53faeb4000, 16384 <unfinished ...>
18299 mmap(NULL, 16384, PROT_READ|PROT_WRITE, MAP_PRIVATE|MAP_ANONYMOUS|MAP_NORESERVE, -1, 0 <unfinished ...>
18291 mmap(NULL, 16384, PROT_READ|PROT_WRITE, MAP_PRIVATE|MAP_ANONYMOUS|MAP_NORESERVE, -1, 0 <unfinished ...>
18290 <... munmap resumed>)             = 0
18287 <... mmap resumed>)               = 0x7f53faeb0000
18296 <... munmap resumed>)             = 0
18285 <... mmap resumed>)               = 0x7f54030c2000
18290 mmap(NULL, 16384, PROT_READ|PROT_WRITE, MAP_PRIVATE|MAP_ANONYMOUS|MAP_NORESERVE, -1, 0 <unfinished ...>
18299 <... mmap resumed>)               = 0x7f53faea0000
18296 mmap(NULL, 16384, PROT_READ|PROT_WRITE, MAP_PRIVATE|MAP_ANONYMOUS|MAP_NORESERVE, -1, 0 <unfinished ...>
18287 munmap(0x7f53faeb0000, 16384 <unfinished ...>
18294 <... munmap resumed>)             = 0
18293 <... mmap resumed>)               = 0x7f53faeac000
18291 <... mmap resumed>)               = 0x7f53fae94000
18290 <... mmap resumed>)               = 0x7f53fae9c000
18299 munmap(0x7f53faea0000, 16384 <unfinished ...>
18294 mmap(NULL, 16384, PROT_READ|PROT_WRITE, MAP_PRIVATE|MAP_ANONYMOUS|MAP_NORESERVE, -1, 0 <unfinished ...>
18297 <... munmap resumed>)             = 0
18290 munmap(0x7f53fae9c000, 16384 <unfinished ...>
18297 mmap(NULL, 16384, PROT_READ|PROT_WRITE, MAP_PRIVATE|MAP_ANONYMOUS|MAP_NORESERVE, -1, 0 <unfinished ...>
18293 munmap(0x7f53faeac000, 16384 <unfinished ...>
18291 munmap(0x7f53fae94000, 16384 <unfinished ...>
18299 <... munmap resumed>)             = 0
18299 mmap(NULL, 16384, PROT_READ|PROT_WRITE, MAP_PRIVATE|MAP_ANONYMOUS|MAP_NORESERVE, -1, 0 <unfinished ...>
18293 <... munmap resumed>)             = 0
18299 <... mmap resumed>)               = 0x7f53faeb0000
18287 <... munmap resumed>)             = 0
18289 <... mmap resumed>)               = 0x7f53faeac000
18293 mmap(NULL, 16384, PROT_READ|PROT_WRITE, MAP_PRIVATE|MAP_ANONYMOUS|MAP_NORESERVE, -1, 0 <unfinished ...>
18289 munmap(0x7f53faeac000, 16384 <unfinished ...>
18287 mmap(NULL, 16384, PROT_READ|PROT_WRITE, MAP_PRIVATE|MAP_ANONYMOUS|MAP_NORESERVE, -1, 0 <unfinished ...>
18293 <... mmap resumed>)               = 0x7f53faea0000
18299 munmap(0x7f53faeb0000, 16384 <unfinished ...>
18287 <... mmap resumed>)               = 0x7f53fae98000
18287 munmap(0x7f53fae98000, 16384 <unfinished ...>
18289 <... munmap resumed>)             = 0
18300 <... mmap resumed>)               = 0x7f53faeac000
18292 munmap(0x7f53faea8000, 16384 <unfinished ...>
18293 munmap(0x7f53faea0000, 16384 <unfinished ...>
18289 mmap(NULL, 16384, PROT_READ|PROT_WRITE, MAP_PRIVATE|MAP_ANONYMOUS|MAP_NORESERVE, -1, 0 <unfinished ...>
18285 munmap(0x7f54030c2000, 16384 <unfinished ...>
18292 <... munmap resumed>)             = 0
18295 <... mmap resumed>)               = 0x7f53faea8000
18295 munmap(0x7f53faea8000, 16384 <unfinished ...>
18292 mmap(NULL, 16384, PROT_READ|PROT_WRITE, MAP_PRIVATE|MAP_ANONYMOUS|MAP_NORESERVE, -1, 0 <unfinished ...>
18285 <... munmap resumed>)             = 0
18298 <... munmap resumed>)             = 0
18288 <... mmap resumed>)               = 0x7f54030c2000
18298 mmap(NULL, 16384, PROT_READ|PROT_WRITE, MAP_PRIVATE|MAP_ANONYMOUS|MAP_NORESERVE, -1, 0 <unfinished ...>
18292 <... mmap resumed>)               = 0x7f53faeb4000
18296 <... mmap resumed>)               = 0x7f53fae90000
18286 <... munmap resumed>)             = 0
18285 mmap(NULL, 16384, PROT_READ|PROT_WRITE, MAP_PRIVATE|MAP_ANONYMOUS|MAP_NORESERVE, -1, 0 <unfinished ...>
18286 mmap(NULL, 16384, PROT_READ|PROT_WRITE, MAP_PRIVATE|MAP_ANONYMOUS|MAP_NORESERVE, -1, 0 <unfinished ...>
18296 munmap(0x7f53fae90000, 16384 <unfinished ...>
18298 <... mmap resumed>)               = 0x7f53faea4000
18292 munmap(0x7f53faeb4000, 16384 <unfinished ...>
18298 munmap(0x7f53faea4000, 16384 <unfinished ...>
18295 <... munmap resumed>)             = 0
18297 <... mmap resumed>)               = 0x7f53faea8000
18295 mmap(NULL, 16384, PROT_READ|PROT_WRITE, MAP_PRIVATE|MAP_ANONYMOUS|MAP_NORESERVE, -1, 0 <unfinished ...>
18297 munmap(0x7f53faea8000, 16384 <unfinished ...>
18292 <... munmap resumed>)             = 0
18290 <... munmap resumed>)             = 0
18295 <... mmap resumed>)               = 0x7f53fae9c000
18294 <... mmap resumed>)               = 0x7f53faeb4000
18291 <... munmap resumed>)             = 0
18292 mmap(NULL, 16384, PROT_READ|PROT_WRITE, MAP_PRIVATE|MAP_ANONYMOUS|MAP_NORESERVE, -1, 0 <unfinished ...>
18290 mmap(NULL, 16384, PROT_READ|PROT_WRITE, MAP_PRIVATE|MAP_ANONYMOUS|MAP_NORESERVE, -1, 0 <unfinished ...>
18299 <... munmap resumed>)             = 0
18291 mmap(NULL, 16384, PROT_READ|PROT_WRITE, MAP_PRIVATE|MAP_ANONYMOUS|MAP_NORESERVE, -1, 0 <unfinished ...>
18299 mmap(NULL, 16384, PROT_READ|PROT_WRITE, MAP_PRIVATE|MAP_ANONYMOUS|MAP_NORESERVE, -1, 0 <unfinished ...>
18297 <... munmap resumed>)             = 0
18299 <... mmap resumed>)               = 0x7f53faea8000
18291 <... mmap resumed>)               = 0x7f53faeb0000
18287 <... munmap resumed>)             = 0
18299 munmap(0x7f53faea8000, 16384 <unfinished ...>
18297 mmap(NULL, 16384, PROT_READ|PROT_WRITE, MAP_PRIVATE|MAP_ANONYMOUS|MAP_NORESERVE, -1, 0 <unfinished ...>
18293 <... munmap resumed>)             = 0
18291 munmap(0x7f53faeb0000, 16384 <unfinished ...>
18300 munmap(0x7f53faeac000, 16384 <unfinished ...>
18295 munmap(0x7f53fae9c000, 16384 <unfinished ...>
18294 munmap(0x7f53faeb4000, 16384 <unfinished ...>
18289 <... mmap resumed>)               = 0x7f53faea0000
18288 munmap(0x7f54030c2000, 16384 <unfinished ...>
18287 mmap(NULL, 16384, PROT_READ|PROT_WRITE, MAP_PRIVATE|MAP_ANONYMOUS|MAP_NORESERVE, -1, 0 <unfinished ...>
18286 <... mmap resumed>)               = 0x7f53fae94000
18285 <... mmap resumed>)               = 0x7f53fae98000
18293 mmap(NULL, 16384, PROT_READ|PROT_WRITE, MAP_PRIVATE|MAP_ANONYMOUS|MAP_NORESERVE, -1, 0 <unfinished ...>
18289 munmap(0x7f53faea0000, 16384 <unfinished ...>
18285 munmap(0x7f53fae98000, 16384 <unfinished ...>
18300 <... munmap resumed>)             = 0
18286 munmap(0x7f53fae94000, 16384 <unfinished ...>
18298 <... munmap resumed>)             = 0
18296 <... munmap resumed>)             = 0
18300 mmap(NULL, 16384, PROT_READ|PROT_WRITE, MAP_PRIVATE|MAP_ANONYMOUS|MAP_NORESERVE, -1, 0 <unfinished ...>
18298 mmap(NULL, 16384, PROT_READ|PROT_WRITE, MAP_PRIVATE|MAP_ANONYMOUS|MAP_NORESERVE, -1, 0 <unfinished ...>
18296 mmap(NULL, 16384, PROT_READ|PROT_WRITE, MAP_PRIVATE|MAP_ANONYMOUS|MAP_NORESERVE, -1, 0 <unfinished ...>
18292 <... mmap resumed>)               = 0x7f53faeac000
18300 <... mmap resumed>)               = 0x7f53faea4000
18296 <... mmap resumed>)               = 0x7f53fae94000
18292 munmap(0x7f53faeac000, 16384 <unfinished ...>
18286 <... munmap resumed>)             = 0
18300 munmap(0x7f53faea4000, 16384 <unfinished ...>
18290 <... mmap resumed>)               = 0x7f53fae90000
18297 <... mmap resumed>)               = 0x7f53fae8c000
18286 mmap(NULL, 16384, PROT_READ|PROT_WRITE, MAP_PRIVATE|MAP_ANONYMOUS|MAP_NORESERVE, -1, 0 <unfinished ...>
18298 <... mmap resumed>)               = 0x7f53fae88000
18297 munmap(0x7f53fae8c000, 16384 <unfinished ...>
18298 munmap(0x7f53fae88000, 16384 <unfinished ...>
18299 <... munmap resumed>)             = 0
18290 munmap(0x7f53fae90000, 16384 <unfinished ...>
18299 mmap(NULL, 16384, PROT_READ|PROT_WRITE, MAP_PRIVATE|MAP_ANONYMOUS|MAP_NORESERVE, -1, 0 <unfinished ...>
18298 <... munmap resumed>)             = 0
18299 <... mmap resumed>)               = 0x7f53faea8000
18298 mmap(NULL, 16384, PROT_READ|PROT_WRITE, MAP_PRIVATE|MAP_ANONYMOUS|MAP_NORESERVE, -1, 0 <unfinished ...>
18290 <... munmap resumed>)             = 0
18299 munmap(0x7f53faea8000, 16384 <unfinished ...>
18291 <... munmap resumed>)             = 0
18290 mmap(NULL, 16384, PROT_READ|PROT_WRITE, MAP_PRIVATE|MAP_ANONYMOUS|MAP_NORESERVE, -1, 0 <unfinished ...>
18288 <... munmap resumed>)             = 0
18293 <... mmap resumed>)               = 0x7f53faeb0000
18287 <... mmap resumed>)               = 0x7f54030c2000
18291 mmap(NULL, 16384, PROT_READ|PROT_WRITE, MAP_PRIVATE|MAP_ANONYMOUS|MAP_NORESERVE, -1, 0 <unfinished ...>
18288 mmap(NULL, 16384, PROT_READ|PROT_WRITE, MAP_PRIVATE|MAP_ANONYMOUS|MAP_NORESERVE, -1, 0 <unfinished ...>
18295 <... munmap resumed>)             = 0
18299 <... munmap resumed>)             = 0
18293 munmap(0x7f53faeb0000, 16384 <unfinished ...>
18294 <... munmap resumed>)             = 0
18288 <... mmap resumed>)               = 0x7f53faeb4000
18295 mmap(NULL, 16384, PROT_READ|PROT_WRITE, MAP_PRIVATE|MAP_ANONYMOUS|MAP_NORESERVE, -1, 0 <unfinished ...>
18287 munmap(0x7f54030c2000, 16384 <unfinished ...>
18289 <... munmap resumed>)             = 0
18285 <... munmap resumed>)             = 0
18296 munmap(0x7f53fae94000, 16384 <unfinished ...>
18289 mmap(NULL, 16384, PROT_READ|PROT_WRITE, MAP_PRIVATE|MAP_ANONYMOUS|MAP_NORESERVE, -1, 0 <unfinished ...>
18285 mmap(NULL, 16384, PROT_READ|PROT_WRITE, MAP_PRIVATE|MAP_ANONYMOUS|MAP_NORESERVE, -1, 0 <unfinished ...>
18299 mmap(NULL, 16384, PROT_READ|PROT_WRITE, MAP_PRIVATE|MAP_ANONYMOUS|MAP_NORESERVE, -1, 0 <unfinished ...>
18288 munmap(0x7f53faeb4000, 16384 <unfinished ...>
18294 mmap(NULL, 16384, PROT_READ|PROT_WRITE, MAP_PRIVATE|MAP_ANONYMOUS|MAP_NORESERVE, -1, 0 <unfinished ...>
18287 <... munmap resumed>)             = 0
18292 <... munmap resumed>)             = 0
18287 mmap(NULL, 16384, PROT_READ|PROT_WRITE, MAP_PRIVATE|MAP_ANONYMOUS|MAP_NORESERVE, -1, 0 <unfinished ...>
18294 <... mmap resumed>)               = 0x7f54030c2000
18287 <... mmap resumed>)               = 0x7f53faeac000
18300 <... munmap resumed>)             = 0
18286 <... mmap resumed>)               = 0x7f53faea8000
18297 <... munmap resumed>)             = 0
18292 mmap(NULL, 16384, PROT_READ|PROT_WRITE, MAP_PRIVATE|MAP_ANONYMOUS|MAP_NORESERVE, -1, 0 <unfinished ...>
18287 munmap(0x7f53faeac000, 16384 <unfinished ...>
18300 mmap(NULL, 16384, PROT_READ|PROT_WRITE, MAP_PRIVATE|MAP_ANONYMOUS|MAP_NORESERVE, -1, 0 <unfinished ...>
18297 mmap(NULL, 16384, PROT_READ|PROT_WRITE, MAP_PRIVATE|MAP_ANONYMOUS|MAP_NORESERVE, -1, 0 <unfinished ...>
18286 munmap(0x7f53faea8000, 16384 <unfinished ...>
18300 <... mmap resumed>)               = 0x7f53faea0000
18292 <... mmap resumed>)               = 0x7f53faea4000
18300 munmap(0x7f53faea0000, 16384 <unfinished ...>
18292 munmap(0x7f53faea4000, 16384 <unfinished ...>
18287 <... munmap resumed>)             = 0
18298 <... mmap resumed>)               = 0x7f53faeac000
18298 munmap(0x7f53faeac000, 16384 <unfinished ...>
18287 mmap(NULL, 16384, PROT_READ|PROT_WRITE, MAP_PRIVATE|MAP_ANONYMOUS|MAP_NORESERVE, -1, 0 <unfinished ...>
18290 <... mmap resumed>)               = 0x7f53fae9c000
18291 <... mmap resumed>)               = 0x7f53fae98000
18287 <... mmap resumed>)               = 0x7f53fae90000
18298 <... munmap resumed>)             = 0
18295 <... mmap resumed>)               = 0x7f53faeac000
18290 munmap(0x7f53fae9c000, 16384 <unfinished ...>
18287 munmap(0x7f53fae90000, 16384 <unfinished ...>
18293 <... munmap resumed>)             = 0
18291 munmap(0x7f53fae98000, 16384 <unfinished ...>
18295 munmap(0x7f53faeac000, 16384 <unfinished ...>
18287 <... munmap resumed>)             = 0
18298 mmap(NULL, 16384, PROT_READ|PROT_WRITE, MAP_PRIVATE|MAP_ANONYMOUS|MAP_NORESERVE, -1, 0 <unfinished ...>
18287 mmap(NULL, 16384, PROT_READ|PROT_WRITE, MAP_PRIVATE|MAP_ANONYMOUS|MAP_NORESERVE, -1, 0 <unfinished ...>
18293 mmap(NULL, 16384, PROT_READ|PROT_WRITE, MAP_PRIVATE|MAP_ANONYMOUS|MAP_NORESERVE, -1, 0 <unfinished ...>
18290 <... munmap resumed>)             = 0
18289 <... mmap resumed>)               = 0x7f53faeb0000
18293 <... mmap resumed>)               = 0x7f53fae9c000
18290 mmap(NULL, 16384, PROT_READ|PROT_WRITE, MAP_PRIVATE|MAP_ANONYMOUS|MAP_NORESERVE, -1, 0) = 0x7f53fae90000
18290 munmap(0x7f53fae90000, 16384 <unfinished ...>
18289 munmap(0x7f53faeb0000, 16384 <unfinished ...>
18287 <... mmap resumed>)               = 0x7f53fae8c000
18285 <... mmap resumed>)               = 0x7f53fae88000
18296 <... munmap resumed>)             = 0
18287 munmap(0x7f53fae8c000, 16384 <unfinished ...>
18296 mmap(NULL, 16384, PROT_READ|PROT_WRITE, MAP_PRIVATE|MAP_ANONYMOUS|MAP_NORESERVE, -1, 0 <unfinished ...>
18285 munmap(0x7f53fae88000, 16384 <unfinished ...>
18288 <... munmap resumed>)             = 0
18289 <... munmap resumed>)             = 0
18288 mmap(NULL, 16384, PROT_READ|PROT_WRITE, MAP_PRIVATE|MAP_ANONYMOUS|MAP_NORESERVE, -1, 0 <unfinished ...>
18299 <... mmap resumed>)               = 0x7f53faeb4000
18289 mmap(NULL, 16384, PROT_READ|PROT_WRITE, MAP_PRIVATE|MAP_ANONYMOUS|MAP_NORESERVE, -1, 0 <unfinished ...>
18294 munmap(0x7f54030c2000, 16384 <unfinished ...>
18293 munmap(0x7f53fae9c000, 16384 <unfinished ...>
18289 <... mmap resumed>)               = 0x7f53faeb0000
18286 <... munmap resumed>)             = 0
18294 <... munmap resumed>)             = 0
18294 mmap(NULL, 16384, PROT_READ|PROT_WRITE, MAP_PRIVATE|MAP_ANONYMOUS|MAP_NORESERVE, -1, 0 <unfinished ...>
18293 <... munmap resumed>)             = 0
18294 <... mmap resumed>)               = 0x7f54030c2000
18294 munmap(0x7f54030c2000, 16384 <unfinished ...>
18293 mmap(NULL, 16384, PROT_READ|PROT_WRITE, MAP_PRIVATE|MAP_ANONYMOUS|MAP_NORESERVE, -1, 0 <unfinished ...>
18294 <... munmap resumed>)             = 0
18289 munmap(0x7f53faeb0000, 16384 <unfinished ...>
18294 mmap(NULL, 16384, PROT_READ|PROT_WRITE, MAP_PRIVATE|MAP_ANONYMOUS|MAP_NORESERVE, -1, 0 <unfinished ...>
18286 mmap(NULL, 16384, PROT_READ|PROT_WRITE, MAP_PRIVATE|MAP_ANONYMOUS|MAP_NORESERVE, -1, 0 <unfinished ...>
18300 <... munmap resumed>)             = 0
18294 <... mmap resumed>)               = 0x7f53faea8000
18293 <... mmap resumed>)               = 0x7f54030c2000
18300 mmap(NULL, 16384, PROT_READ|PROT_WRITE, MAP_PRIVATE|MAP_ANONYMOUS|MAP_NORESERVE, -1, 0 <unfinished ...>
18297 <... mmap resumed>)               = 0x7f53faea0000
18292 <... munmap resumed>)             = 0
18286 <... mmap resumed>)               = 0x7f53faea4000
18295 <... munmap resumed>)             = 0
18294 munmap(0x7f53faea8000, 16384 <unfinished ...>
18292 mmap(NULL, 16384, PROT_READ|PROT_WRITE, MAP_PRIVATE|MAP_ANONYMOUS|MAP_NORESERVE, -1, 0 <unfinished ...>
18297 munmap(0x7f53faea0000, 16384 <unfinished ...>
18295 mmap(NULL, 16384, PROT_READ|PROT_WRITE, MAP_PRIVATE|MAP_ANONYMOUS|MAP_NORESERVE, -1, 0 <unfinished ...>
18291 <... munmap resumed>)             = 0
18286 munmap(0x7f53faea4000, 16384 <unfinished ...>
18298 <... mmap resumed>)               = 0x7f53faeac000
18291 mmap(NULL, 16384, PROT_READ|PROT_WRITE, MAP_PRIVATE|MAP_ANONYMOUS|MAP_NORESERVE, -1, 0 <unfinished ...>
18290 <... munmap resumed>)             = 0
18287 <... munmap resumed>)             = 0
18298 munmap(0x7f53faeac000, 16384 <unfinished ...>
18296 <... mmap resumed>)               = 0x7f53fae9c000
18291 <... mmap resumed>)               = 0x7f53fae98000
18290 mmap(NULL, 16384, PROT_READ|PROT_WRITE, MAP_PRIVATE|MAP_ANONYMOUS|MAP_NORESERVE, -1, 0 <unfinished ...>
18287 mmap(NULL, 16384, PROT_READ|PROT_WRITE, MAP_PRIVATE|MAP_ANONYMOUS|MAP_NORESERVE, -1, 0 <unfinished ...>
18296 munmap(0x7f53fae9c000, 16384 <unfinished ...>
18291 munmap(0x7f53fae98000, 16384 <unfinished ...>
18299 munmap(0x7f53faeb4000, 16384 <unfinished ...>
18298 <... munmap resumed>)             = 0
18293 munmap(0x7f54030c2000, 16384 <unfinished ...>
18285 <... munmap resumed>)             = 0
18298 mmap(NULL, 16384, PROT_READ|PROT_WRITE, MAP_PRIVATE|MAP_ANONYMOUS|MAP_NORESERVE, -1, 0 <unfinished ...>
18296 <... munmap resumed>)             = 0
18288 <... mmap resumed>)               = 0x7f53faeac000
18285 mmap(NULL, 16384, PROT_READ|PROT_WRITE, MAP_PRIVATE|MAP_ANONYMOUS|MAP_NORESERVE, -1, 0 <unfinished ...>
18296 mmap(NULL, 16384, PROT_READ|PROT_WRITE, MAP_PRIVATE|MAP_ANONYMOUS|MAP_NORESERVE, -1, 0 <unfinished ...>
18293 <... munmap resumed>)             = 0
18288 munmap(0x7f53faeac000, 16384 <unfinished ...>
18300 <... mmap resumed>)               = 0x7f54030c2000
18293 mmap(NULL, 16384, PROT_READ|PROT_WRITE, MAP_PRIVATE|MAP_ANONYMOUS|MAP_NORESERVE, -1, 0 <unfinished ...>
18292 <... mmap resumed>)               = 0x7f53faeb0000
18289 <... munmap resumed>)             = 0
18292 munmap(0x7f53faeb0000, 16384 <unfinished ...>
18289 mmap(NULL, 16384, PROT_READ|PROT_WRITE, MAP_PRIVATE|MAP_ANONYMOUS|MAP_NORESERVE, -1, 0 <unfinished ...>
18288 <... munmap resumed>)             = 0
18294 <... munmap resumed>)             = 0
18288 mmap(NULL, 16384, PROT_READ|PROT_WRITE, MAP_PRIVATE|MAP_ANONYMOUS|MAP_NORESERVE, -1, 0 <unfinished ...>
18292 <... munmap resumed>)             = 0
18294 mmap(NULL, 16384, PROT_READ|PROT_WRITE, MAP_PRIVATE|MAP_ANONYMOUS|MAP_NORESERVE, -1, 0 <unfinished ...>
18292 mmap(NULL, 16384, PROT_READ|PROT_WRITE, MAP_PRIVATE|MAP_ANONYMOUS|MAP_NORESERVE, -1, 0 <unfinished ...>
18295 <... mmap resumed>)               = 0x7f53faeb0000
18297 <... munmap resumed>)             = 0
18297 mmap(NULL, 16384, PROT_READ|PROT_WRITE, MAP_PRIVATE|MAP_ANONYMOUS|MAP_NORESERVE, -1, 0 <unfinished ...>
18295 munmap(0x7f53faeb0000, 16384 <unfinished ...>
18292 <... mmap resumed>)               = 0x7f53faeac000
18290 <... mmap resumed>)               = 0x7f53faea8000
18286 <... munmap resumed>)             = 0
18299 <... munmap resumed>)             = 0
18297 <... mmap resumed>)               = 0x7f53faeb4000
18292 munmap(0x7f53faeac000, 16384 <unfinished ...>
18297 munmap(0x7f53faeb4000, 16384 <unfinished ...>
18291 <... munmap resumed>)             = 0
18290 munmap(0x7f53faea8000, 16384 <unfinished ...>
18286 mmap(NULL, 16384, PROT_READ|PROT_WRITE, MAP_PRIVATE|MAP_ANONYMOUS|MAP_NORESERVE, -1, 0 <unfinished ...>
18299 mmap(NULL, 16384, PROT_READ|PROT_WRITE, MAP_PRIVATE|MAP_ANONYMOUS|MAP_NORESERVE, -1, 0 <unfinished ...>
18295 <... munmap resumed>)             = 0
18291 mmap(NULL, 16384, PROT_READ|PROT_WRITE, MAP_PRIVATE|MAP_ANONYMOUS|MAP_NORESERVE, -1, 0 <unfinished ...>
18299 <... mmap resumed>)               = 0x7f53fae9c000
18298 <... mmap resumed>)               = 0x7f53faea0000
18286 <... mmap resumed>)               = 0x7f53faea4000
18295 mmap(NULL, 16384, PROT_READ|PROT_WRITE, MAP_PRIVATE|MAP_ANONYMOUS|MAP_NORESERVE, -1, 0 <unfinished ...>
18291 <... mmap resumed>)               = 0x7f53faea8000
18290 <... munmap resumed>)             = 0
18287 <... mmap resumed>)               = 0x7f53faeb0000
18295 <... mmap resumed>)               = 0x7f53fae98000
18285 <... mmap resumed>)               = 0x7f53fae94000
18287 munmap(0x7f53faeb0000, 16384 <unfinished ...>
18298 munmap(0x7f53faea0000, 16384 <unfinished ...>
18290 mmap(NULL, 16384, PROT_READ|PROT_WRITE, MAP_PRIVATE|MAP_ANONYMOUS|MAP_NORESERVE, -1, 0 <unfinished ...>
18285 munmap(0x7f53fae94000, 16384 <unfinished ...>
18299 munmap(0x7f53fae9c000, 16384 <unfinished ...>
18295 munmap(0x7f53fae98000, 16384 <unfinished ...>
18287 <... munmap resumed>)             = 0
18300 munmap(0x7f54030c2000, 16384 <unfinished ...>
18296 <... mmap resumed>)               = 0x7f53faeb0000
18287 mmap(NULL, 16384, PROT_READ|PROT_WRITE, MAP_PRIVATE|MAP_ANONYMOUS|MAP_NORESERVE, -1, 0 <unfinished ...>
18286 munmap(0x7f53faea4000, 16384 <unfinished ...>
18293 <... mmap resumed>)               = 0x7f53fae90000
18287 <... mmap resumed>)               = 0x7f53fae8c000
18287 munmap(0x7f53fae8c000, 16384 <unfinished ...>
18296 munmap(0x7f53faeb0000, 16384 <unfinished ...>
18293 munmap(0x7f53fae90000, 16384 <unfinished ...>
18291 munmap(0x7f53faea8000, 16384 <unfinished ...>
18289 <... mmap resumed>)               = 0x7f53faea4000
18288 <... mmap resumed>)               = 0x7f53fae88000
18286 <... munmap resumed>)             = 0
18296 <... munmap resumed>)             = 0
18294 <... mmap resumed>)               = 0x7f53fae84000
18292 <... munmap resumed>)             = 0
18289 munmap(0x7f53faea4000, 16384 <unfinished ...>
18298 <... munmap resumed>)             = 0
18297 <... munmap resumed>)             = 0
18296 mmap(NULL, 16384, PROT_READ|PROT_WRITE, MAP_PRIVATE|MAP_ANONYMOUS|MAP_NORESERVE, -1, 0 <unfinished ...>
18292 mmap(NULL, 16384, PROT_READ|PROT_WRITE, MAP_PRIVATE|MAP_ANONYMOUS|MAP_NORESERVE, -1, 0 <unfinished ...>
18290 <... mmap resumed>)               = 0x7f53faeb4000
18288 munmap(0x7f53fae88000, 16384 <unfinished ...>
18286 mmap(NULL, 16384, PROT_READ|PROT_WRITE, MAP_PRIVATE|MAP_ANONYMOUS|MAP_NORESERVE, -1, 0 <unfinished ...>
18285 <... munmap resumed>)             = 0
18299 <... munmap resumed>)             = 0
18298 mmap(NULL, 16384, PROT_READ|PROT_WRITE, MAP_PRIVATE|MAP_ANONYMOUS|MAP_NORESERVE, -1, 0 <unfinished ...>
18297 mmap(NULL, 16384, PROT_READ|PROT_WRITE, MAP_PRIVATE|MAP_ANONYMOUS|MAP_NORESERVE, -1, 0 <unfinished ...>
18295 <... munmap resumed>)             = 0
18294 munmap(0x7f53fae84000, 16384 <unfinished ...>
18289 <... munmap resumed>)             = 0
18288 <... munmap resumed>)             = 0
18299 mmap(NULL, 16384, PROT_READ|PROT_WRITE, MAP_PRIVATE|MAP_ANONYMOUS|MAP_NORESERVE, -1, 0 <unfinished ...>
18298 <... mmap resumed>)               = 0x7f53faeac000
18295 mmap(NULL, 16384, PROT_READ|PROT_WRITE, MAP_PRIVATE|MAP_ANONYMOUS|MAP_NORESERVE, -1, 0 <unfinished ...>
18287 <... munmap resumed>)             = 0
18286 <... mmap resumed>)               = 0x7f53faeb0000
18285 mmap(NULL, 16384, PROT_READ|PROT_WRITE, MAP_PRIVATE|MAP_ANONYMOUS|MAP_NORESERVE, -1, 0 <unfinished ...>
18300 <... munmap resumed>)             = 0
18298 munmap(0x7f53faeac000, 16384 <unfinished ...>
18294 <... munmap resumed>)             = 0
18289 mmap(NULL, 16384, PROT_READ|PROT_WRITE, MAP_PRIVATE|MAP_ANONYMOUS|MAP_NORESERVE, -1, 0 <unfinished ...>
18288 mmap(NULL, 16384, PROT_READ|PROT_WRITE, MAP_PRIVATE|MAP_ANONYMOUS|MAP_NORESERVE, -1, 0 <unfinished ...>
18287 mmap(NULL, 16384, PROT_READ|PROT_WRITE, MAP_PRIVATE|MAP_ANONYMOUS|MAP_NORESERVE, -1, 0 <unfinished ...>
18300 mmap(NULL, 16384, PROT_READ|PROT_WRITE, MAP_PRIVATE|MAP_ANONYMOUS|MAP_NORESERVE, -1, 0 <unfinished ...>
18294 mmap(NULL, 16384, PROT_READ|PROT_WRITE, MAP_PRIVATE|MAP_ANONYMOUS|MAP_NORESERVE, -1, 0 <unfinished ...>
18293 <... munmap resumed>)             = 0
18286 munmap(0x7f53faeb0000, 16384 <unfinished ...>
18298 <... munmap resumed>)             = 0
18291 <... munmap resumed>)             = 0
18298 mmap(NULL, 16384, PROT_READ|PROT_WRITE, MAP_PRIVATE|MAP_ANONYMOUS|MAP_NORESERVE, -1, 0 <unfinished ...>
18294 <... mmap resumed>)               = 0x7f54030c2000
18293 mmap(NULL, 16384, PROT_READ|PROT_WRITE, MAP_PRIVATE|MAP_ANONYMOUS|MAP_NORESERVE, -1, 0 <unfinished ...>
18290 munmap(0x7f53faeb4000, 16384 <unfinished ...>
18292 <... mmap resumed>)               = 0x7f53faeac000
18291 mmap(NULL, 16384, PROT_READ|PROT_WRITE, MAP_PRIVATE|MAP_ANONYMOUS|MAP_NORESERVE, -1, 0 <unfinished ...>
18298 <... mmap resumed>)               = 0x7f53faeb0000
18296 <... mmap resumed>)               = 0x7f53faea4000
18294 munmap(0x7f54030c2000, 16384 <unfinished ...>
18293 <... mmap resumed>)               = 0x7f53faea8000
18298 munmap(0x7f53faeb0000, 16384 <unfinished ...>
18297 <... mmap resumed>)               = 0x7f53faeb4000
18296 munmap(0x7f53faea4000, 16384 <unfinished ...>
18293 munmap(0x7f53faea8000, 16384 <unfinished ...>
18292 munmap(0x7f53faeac000, 16384 <unfinished ...>
18291 <... mmap resumed>)               = 0x7f53faea0000
18290 <... munmap resumed>)             = 0
18286 <... munmap resumed>)             = 0
18299 <... mmap resumed>)               = 0x7f53fae9c000
18298 <... munmap resumed>)             = 0
18297 munmap(0x7f53faeb4000, 16384 <unfinished ...>
18296 <... munmap resumed>)             = 0
18295 <... mmap resumed>)               = 0x7f54030c2000
18294 <... munmap resumed>)             = 0
18292 <... munmap resumed>)             = 0
18291 munmap(0x7f53faea0000, 16384 <unfinished ...>
18290 mmap(NULL, 16384, PROT_READ|PROT_WRITE, MAP_PRIVATE|MAP_ANONYMOUS|MAP_NORESERVE, -1, 0 <unfinished ...>
18289 <... mmap resumed>)               = 0x7f53faeac000
18285 <... mmap resumed>)               = 0x7f53faeb0000
18299 munmap(0x7f53fae9c000, 16384 <unfinished ...>
18293 <... munmap resumed>)             = 0
18288 <... mmap resumed>)               = 0x7f53faea4000
18287 <... mmap resumed>)               = 0x7f53faea8000
18286 mmap(NULL, 16384, PROT_READ|PROT_WRITE, MAP_PRIVATE|MAP_ANONYMOUS|MAP_NORESERVE, -1, 0 <unfinished ...>
18298 mmap(NULL, 16384, PROT_READ|PROT_WRITE, MAP_PRIVATE|MAP_ANONYMOUS|MAP_NORESERVE, -1, 0 <unfinished ...>
18297 <... munmap resumed>)             = 0
18296 mmap(NULL, 16384, PROT_READ|PROT_WRITE, MAP_PRIVATE|MAP_ANONYMOUS|MAP_NORESERVE, -1, 0 <unfinished ...>
18294 mmap(NULL, 16384, PROT_READ|PROT_WRITE, MAP_PRIVATE|MAP_ANONYMOUS|MAP_NORESERVE, -1, 0 <unfinished ...>
18293 mmap(NULL, 16384, PROT_READ|PROT_WRITE, MAP_PRIVATE|MAP_ANONYMOUS|MAP_NORESERVE, -1, 0 <unfinished ...>
18292 mmap(NULL, 16384, PROT_READ|PROT_WRITE, MAP_PRIVATE|MAP_ANONYMOUS|MAP_NORESERVE, -1, 0 <unfinished ...>
18288 munmap(0x7f53faea4000, 16384 <unfinished ...>
18287 munmap(0x7f53faea8000, 16384 <unfinished ...>
18285 munmap(0x7f53faeb0000, 16384 <unfinished ...>
18300 <... mmap resumed>)               = 0x7f53faeb4000
18297 mmap(NULL, 16384, PROT_READ|PROT_WRITE, MAP_PRIVATE|MAP_ANONYMOUS|MAP_NORESERVE, -1, 0 <unfinished ...>
18295 munmap(0x7f54030c2000, 16384 <unfinished ...>
18291 <... munmap resumed>)             = 0
18289 munmap(0x7f53faeac000, 16384 <unfinished ...>
18300 munmap(0x7f53faeb4000, 16384 <unfinished ...>
18299 <... munmap resumed>)             = 0
18291 mmap(NULL, 16384, PROT_READ|PROT_WRITE, MAP_PRIVATE|MAP_ANONYMOUS|MAP_NORESERVE, -1, 0 <unfinished ...>
18295 <... munmap resumed>)             = 0
18290 <... mmap resumed>)               = 0x7f54030c2000
18299 mmap(NULL, 16384, PROT_READ|PROT_WRITE, MAP_PRIVATE|MAP_ANONYMOUS|MAP_NORESERVE, -1, 0 <unfinished ...>
18295 mmap(NULL, 16384, PROT_READ|PROT_WRITE, MAP_PRIVATE|MAP_ANONYMOUS|MAP_NORESERVE, -1, 0 <unfinished ...>
18300 <... munmap resumed>)             = 0
18294 <... mmap resumed>)               = 0x7f53faeb4000
18300 mmap(NULL, 16384, PROT_READ|PROT_WRITE, MAP_PRIVATE|MAP_ANONYMOUS|MAP_NORESERVE, -1, 0 <unfinished ...>
18293 <... mmap resumed>)               = 0x7f53faea0000
18299 <... mmap resumed>)               = 0x7f53fae98000
18298 <... mmap resumed>)               = 0x7f53fae9c000
18295 <... mmap resumed>)               = 0x7f53fae94000
18300 <... mmap resumed>)               = 0x7f53fae8c000
18294 munmap(0x7f53faeb4000, 16384 <unfinished ...>
18293 munmap(0x7f53faea0000, 16384 <unfinished ...>
18286 <... mmap resumed>)               = 0x7f53fae90000
18300 munmap(0x7f53fae8c000, 16384 <unfinished ...>
18299 munmap(0x7f53fae98000, 16384 <unfinished ...>
18296 <... mmap resumed>)               = 0x7f53fae88000
18285 <... munmap resumed>)             = 0
18296 munmap(0x7f53fae88000, 16384 <unfinished ...>
18286 munmap(0x7f53fae90000, 16384 <unfinished ...>
18285 mmap(NULL, 16384, PROT_READ|PROT_WRITE, MAP_PRIVATE|MAP_ANONYMOUS|MAP_NORESERVE, -1, 0 <unfinished ...>
18300 <... munmap resumed>)             = 0
18286 <... munmap resumed>)             = 0
18300 mmap(NULL, 16384, PROT_READ|PROT_WRITE, MAP_PRIVATE|MAP_ANONYMOUS|MAP_NORESERVE, -1, 0 <unfinished ...>
18286 mmap(NULL, 16384, PROT_READ|PROT_WRITE, MAP_PRIVATE|MAP_ANONYMOUS|MAP_NORESERVE, -1, 0 <unfinished ...>
18300 <... mmap resumed>)               = 0x7f53faeb0000
18300 munmap(0x7f53faeb0000, 16384)     = 0
18288 <... munmap resumed>)             = 0
18287 <... munmap resumed>)             = 0
18300 mmap(NULL, 16384, PROT_READ|PROT_WRITE, MAP_PRIVATE|MAP_ANONYMOUS|MAP_NORESERVE, -1, 0 <unfinished ...>
18297 <... mmap resumed>)               = 0x7f53faeb0000
18288 mmap(NULL, 16384, PROT_READ|PROT_WRITE, MAP_PRIVATE|MAP_ANONYMOUS|MAP_NORESERVE, -1, 0 <unfinished ...>
18287 mmap(NULL, 16384, PROT_READ|PROT_WRITE, MAP_PRIVATE|MAP_ANONYMOUS|MAP_NORESERVE, -1, 0 <unfinished ...>
18300 <... mmap resumed>)               = 0x7f53faea8000
18297 munmap(0x7f53faeb0000, 16384 <unfinished ...>
18292 <... mmap resumed>)               = 0x7f53faeac000
18289 <... munmap resumed>)             = 0
18288 <... mmap resumed>)               = 0x7f53faea4000
18298 munmap(0x7f53fae9c000, 16384 <unfinished ...>
18295 munmap(0x7f53fae94000, 16384 <unfinished ...>
18291 <... mmap resumed>)               = 0x7f53fae90000
18290 munmap(0x7f54030c2000, 16384 <unfinished ...>
18287 <... mmap resumed>)               = 0x7f53fae8c000
18298 <... munmap resumed>)             = 0
18288 munmap(0x7f53faea4000, 16384 <unfinished ...>
18287 munmap(0x7f53fae8c000, 16384 <unfinished ...>
18298 mmap(NULL, 16384, PROT_READ|PROT_WRITE, MAP_PRIVATE|MAP_ANONYMOUS|MAP_NORESERVE, -1, 0 <unfinished ...>
18292 munmap(0x7f53faeac000, 16384 <unfinished ...>
18289 mmap(NULL, 16384, PROT_READ|PROT_WRITE, MAP_PRIVATE|MAP_ANONYMOUS|MAP_NORESERVE, -1, 0 <unfinished ...>
18291 munmap(0x7f53fae90000, 16384 <unfinished ...>
18295 <... munmap resumed>)             = 0
18292 <... munmap resumed>)             = 0
18289 <... mmap resumed>)               = 0x7f53faeac000
18292 mmap(NULL, 16384, PROT_READ|PROT_WRITE, MAP_PRIVATE|MAP_ANONYMOUS|MAP_NORESERVE, -1, 0 <unfinished ...>
18295 mmap(NULL, 16384, PROT_READ|PROT_WRITE, MAP_PRIVATE|MAP_ANONYMOUS|MAP_NORESERVE, -1, 0 <unfinished ...>
18294 <... munmap resumed>)             = 0
18289 munmap(0x7f53faeac000, 16384 <unfinished ...>
18294 mmap(NULL, 16384, PROT_READ|PROT_WRITE, MAP_PRIVATE|MAP_ANONYMOUS|MAP_NORESERVE, -1, 0 <unfinished ...>
18299 <... munmap resumed>)             = 0
18293 <... munmap resumed>)             = 0
18293 mmap(NULL, 16384, PROT_READ|PROT_WRITE, MAP_PRIVATE|MAP_ANONYMOUS|MAP_NORESERVE, -1, 0 <unfinished ...>
18296 <... munmap resumed>)             = 0
18299 mmap(NULL, 16384, PROT_READ|PROT_WRITE, MAP_PRIVATE|MAP_ANONYMOUS|MAP_NORESERVE, -1, 0 <unfinished ...>
18294 <... mmap resumed>)               = 0x7f53faea0000
18286 <... mmap resumed>)               = 0x7f53faeb4000
18299 <... mmap resumed>)               = 0x7f53fae98000
18296 mmap(NULL, 16384, PROT_READ|PROT_WRITE, MAP_PRIVATE|MAP_ANONYMOUS|MAP_NORESERVE, -1, 0 <unfinished ...>
18293 <... mmap resumed>)               = 0x7f53fae9c000
18285 <... mmap resumed>)               = 0x7f53fae94000
18299 munmap(0x7f53fae98000, 16384 <unfinished ...>
18294 munmap(0x7f53faea0000, 16384 <unfinished ...>
18293 munmap(0x7f53fae9c000, 16384 <unfinished ...>
18286 munmap(0x7f53faeb4000, 16384 <unfinished ...>
18296 <... mmap resumed>)               = 0x7f53fae88000
18299 <... munmap resumed>)             = 0
18297 <... munmap resumed>)             = 0
18296 munmap(0x7f53fae88000, 16384 <unfinished ...>
18285 munmap(0x7f53fae94000, 16384 <unfinished ...>
18300 munmap(0x7f53faea8000, 16384 <unfinished ...>
18299 mmap(NULL, 16384, PROT_READ|PROT_WRITE, MAP_PRIVATE|MAP_ANONYMOUS|MAP_NORESERVE, -1, 0 <unfinished ...>
18297 mmap(NULL, 16384, PROT_READ|PROT_WRITE, MAP_PRIVATE|MAP_ANONYMOUS|MAP_NORESERVE, -1, 0 <unfinished ...>
18288 <... munmap resumed>)             = 0
18296 <... munmap resumed>)             = 0
18287 <... munmap resumed>)             = 0
18288 mmap(NULL, 16384, PROT_READ|PROT_WRITE, MAP_PRIVATE|MAP_ANONYMOUS|MAP_NORESERVE, -1, 0 <unfinished ...>
18298 <... mmap resumed>)               = 0x7f53faeb0000
18296 mmap(NULL, 16384, PROT_READ|PROT_WRITE, MAP_PRIVATE|MAP_ANONYMOUS|MAP_NORESERVE, -1, 0 <unfinished ...>
18287 mmap(NULL, 16384, PROT_READ|PROT_WRITE, MAP_PRIVATE|MAP_ANONYMOUS|MAP_NORESERVE, -1, 0 <unfinished ...>
18298 munmap(0x7f53faeb0000, 16384 <unfinished ...>
18292 <... mmap resumed>)               = 0x7f54030c2000
18291 <... munmap resumed>)             = 0
18290 <... munmap resumed>)             = 0
18288 <... mmap resumed>)               = 0x7f53faea4000
18295 <... mmap resumed>)               = 0x7f53fae98000
18292 munmap(0x7f54030c2000, 16384 <unfinished ...>
18291 mmap(NULL, 16384, PROT_READ|PROT_WRITE, MAP_PRIVATE|MAP_ANONYMOUS|MAP_NORESERVE, -1, 0 <unfinished ...>
18290 mmap(NULL, 16384, PROT_READ|PROT_WRITE, MAP_PRIVATE|MAP_ANONYMOUS|MAP_NORESERVE, -1, 0 <unfinished ...>
18289 <... munmap resumed>)             = 0
18288 munmap(0x7f53faea4000, 16384 <unfinished ...>
18287 <... mmap resumed>)               = 0x7f53faeac000
18295 munmap(0x7f53fae98000, 16384 <unfinished ...>
18291 <... mmap resumed>)               = 0x7f53faeb0000
18289 mmap(NULL, 16384, PROT_READ|PROT_WRITE, MAP_PRIVATE|MAP_ANONYMOUS|MAP_NORESERVE, -1, 0 <unfinished ...>
18298 <... munmap resumed>)             = 0
18292 <... munmap resumed>)             = 0
18287 munmap(0x7f53faeac000, 16384 <unfinished ...>
18291 munmap(0x7f53faeb0000, 16384 <unfinished ...>
18298 mmap(NULL, 16384, PROT_READ|PROT_WRITE, MAP_PRIVATE|MAP_ANONYMOUS|MAP_NORESERVE, -1, 0 <unfinished ...>
18288 <... munmap resumed>)             = 0
18293 <... munmap resumed>)             = 0
18292 mmap(NULL, 16384, PROT_READ|PROT_WRITE, MAP_PRIVATE|MAP_ANONYMOUS|MAP_NORESERVE, -1, 0 <unfinished ...>
18288 mmap(NULL, 16384, PROT_READ|PROT_WRITE, MAP_PRIVATE|MAP_ANONYMOUS|MAP_NORESERVE, -1, 0 <unfinished ...>
18293 mmap(NULL, 16384, PROT_READ|PROT_WRITE, MAP_PRIVATE|MAP_ANONYMOUS|MAP_NORESERVE, -1, 0) = 0x7f54030c2000
18287 <... munmap resumed>)             = 0
18294 <... munmap resumed>)             = 0
18293 munmap(0x7f54030c2000, 16384 <unfinished ...>
18287 mmap(NULL, 16384, PROT_READ|PROT_WRITE, MAP_PRIVATE|MAP_ANONYMOUS|MAP_NORESERVE, -1, 0 <unfinished ...>
18299 <... mmap resumed>)               = 0x7f53faeb4000
18294 mmap(NULL, 16384, PROT_READ|PROT_WRITE, MAP_PRIVATE|MAP_ANONYMOUS|MAP_NORESERVE, -1, 0 <unfinished ...>
18286 <... munmap resumed>)             = 0
18293 <... munmap resumed>)             = 0
18297 <... mmap resumed>)               = 0x7f54030c2000
18294 <... mmap resumed>)               = 0x7f53faeac000
18293 mmap(NULL, 16384, PROT_READ|PROT_WRITE, MAP_PRIVATE|MAP_ANONYMOUS|MAP_NORESERVE, -1, 0 <unfinished ...>
18286 mmap(NULL, 16384, PROT_READ|PROT_WRITE, MAP_PRIVATE|MAP_ANONYMOUS|MAP_NORESERVE, -1, 0 <unfinished ...>
18300 <... munmap resumed>)             = 0
18299 munmap(0x7f53faeb4000, 16384 <unfinished ...>
18294 munmap(0x7f53faeac000, 16384 <unfinished ...>
18293 <... mmap resumed>)               = 0x7f53faea8000
18286 <... mmap resumed>)               = 0x7f53faea4000
18285 <... munmap resumed>)             = 0
18296 <... mmap resumed>)               = 0x7f53faea0000
18300 mmap(NULL, 16384, PROT_READ|PROT_WRITE, MAP_PRIVATE|MAP_ANONYMOUS|MAP_NORESERVE, -1, 0 <unfinished ...>
18299 <... munmap resumed>)             = 0
18293 munmap(0x7f53faea8000, 16384 <unfinished ...>
18286 munmap(0x7f53faea4000, 16384 <unfinished ...>
18285 mmap(NULL, 16384, PROT_READ|PROT_WRITE, MAP_PRIVATE|MAP_ANONYMOUS|MAP_NORESERVE, -1, 0 <unfinished ...>
18300 <... mmap resumed>)               = 0x7f53faeac000
18299 mmap(NULL, 16384, PROT_READ|PROT_WRITE, MAP_PRIVATE|MAP_ANONYMOUS|MAP_NORESERVE, -1, 0 <unfinished ...>
18296 munmap(0x7f53faea0000, 16384 <unfinished ...>
18294 <... munmap resumed>)             = 0
18290 <... mmap resumed>)               = 0x7f53faeb4000
18300 munmap(0x7f53faeac000, 16384 <unfinished ...>
18295 <... munmap resumed>)             = 0
18285 <... mmap resumed>)               = 0x7f53fae9c000
18295 mmap(NULL, 16384, PROT_READ|PROT_WRITE, MAP_PRIVATE|MAP_ANONYMOUS|MAP_NORESERVE, -1, 0 <unfinished ...>
18300 <... munmap resumed>)             = 0
18294 mmap(NULL, 16384, PROT_READ|PROT_WRITE, MAP_PRIVATE|MAP_ANONYMOUS|MAP_NORESERVE, -1, 0 <unfinished ...>
18290 munmap(0x7f53faeb4000, 16384 <unfinished ...>
18285 munmap(0x7f53fae9c000, 16384 <unfinished ...>
18298 <... mmap resumed>)               = 0x7f53fae98000
18289 <... mmap resumed>)               = 0x7f53faeac000
18300 mmap(NULL, 16384, PROT_READ|PROT_WRITE, MAP_PRIVATE|MAP_ANONYMOUS|MAP_NORESERVE, -1, 0 <unfinished ...>
18289 munmap(0x7f53faeac000, 16384 <unfinished ...>
18298 munmap(0x7f53fae98000, 16384 <unfinished ...>
18295 <... mmap resumed>)               = 0x7f53fae94000
18288 <... mmap resumed>)               = 0x7f53fae9c000
18285 <... munmap resumed>)             = 0
18295 munmap(0x7f53fae94000, 16384 <unfinished ...>
18290 <... munmap resumed>)             = 0
18288 munmap(0x7f53fae9c000, 16384 <unfinished ...>
18292 <... mmap resumed>)               = 0x7f53faeb4000
18291 <... munmap resumed>)             = 0
18290 mmap(NULL, 16384, PROT_READ|PROT_WRITE, MAP_PRIVATE|MAP_ANONYMOUS|MAP_NORESERVE, -1, 0 <unfinished ...>
18285 mmap(NULL, 16384, PROT_READ|PROT_WRITE, MAP_PRIVATE|MAP_ANONYMOUS|MAP_NORESERVE, -1, 0 <unfinished ...>
18288 <... munmap resumed>)             = 0
18291 mmap(NULL, 16384, PROT_READ|PROT_WRITE, MAP_PRIVATE|MAP_ANONYMOUS|MAP_NORESERVE, -1, 0 <unfinished ...>
18287 <... mmap resumed>)               = 0x7f53faeb0000
18288 mmap(NULL, 16384, PROT_READ|PROT_WRITE, MAP_PRIVATE|MAP_ANONYMOUS|MAP_NORESERVE, -1, 0 <unfinished ...>
18297 munmap(0x7f54030c2000, 16384 <unfinished ...>
18285 <... mmap resumed>)               = 0x7f53fae9c000
18287 munmap(0x7f53faeb0000, 16384 <unfinished ...>
18297 <... munmap resumed>)             = 0
18293 <... munmap resumed>)             = 0
18285 munmap(0x7f53fae9c000, 16384 <unfinished ...>
18299 <... mmap resumed>)               = 0x7f54030c2000
18297 mmap(NULL, 16384, PROT_READ|PROT_WRITE, MAP_PRIVATE|MAP_ANONYMOUS|MAP_NORESERVE, -1, 0 <unfinished ...>
18293 mmap(NULL, 16384, PROT_READ|PROT_WRITE, MAP_PRIVATE|MAP_ANONYMOUS|MAP_NORESERVE, -1, 0) = 0x7f53faea8000
18286 <... munmap resumed>)             = 0
18296 <... munmap resumed>)             = 0
18293 munmap(0x7f53faea8000, 16384 <unfinished ...>
18294 <... mmap resumed>)               = 0x7f53faea4000
18286 mmap(NULL, 16384, PROT_READ|PROT_WRITE, MAP_PRIVATE|MAP_ANONYMOUS|MAP_NORESERVE, -1, 0 <unfinished ...>
18294 munmap(0x7f53faea4000, 16384 <unfinished ...>
18293 <... munmap resumed>)             = 0
18300 <... mmap resumed>)               = 0x7f53faea8000
18293 mmap(NULL, 16384, PROT_READ|PROT_WRITE, MAP_PRIVATE|MAP_ANONYMOUS|MAP_NORESERVE, -1, 0 <unfinished ...>
18286 <... mmap resumed>)               = 0x7f53faea0000
18296 mmap(NULL, 16384, PROT_READ|PROT_WRITE, MAP_PRIVATE|MAP_ANONYMOUS|MAP_NORESERVE, -1, 0 <unfinished ...>
18293 <... mmap resumed>)               = 0x7f53fae90000
18296 <... mmap resumed>)               = 0x7f53faeac000
18289 <... munmap resumed>)             = 0
18298 <... munmap resumed>)             = 0
18296 munmap(0x7f53faeac000, 16384 <unfinished ...>
18293 munmap(0x7f53fae90000, 16384 <unfinished ...>
18289 mmap(NULL, 16384, PROT_READ|PROT_WRITE, MAP_PRIVATE|MAP_ANONYMOUS|MAP_NORESERVE, -1, 0 <unfinished ...>
18298 mmap(NULL, 16384, PROT_READ|PROT_WRITE, MAP_PRIVATE|MAP_ANONYMOUS|MAP_NORESERVE, -1, 0 <unfinished ...>
18295 <... munmap resumed>)             = 0
18293 <... munmap resumed>)             = 0
18295 mmap(NULL, 16384, PROT_READ|PROT_WRITE, MAP_PRIVATE|MAP_ANONYMOUS|MAP_NORESERVE, -1, 0 <unfinished ...>
18293 mmap(NULL, 16384, PROT_READ|PROT_WRITE, MAP_PRIVATE|MAP_ANONYMOUS|MAP_NORESERVE, -1, 0 <unfinished ...>
18298 <... mmap resumed>)               = 0x7f53fae98000
18290 <... mmap resumed>)               = 0x7f53fae94000
18299 munmap(0x7f54030c2000, 16384 <unfinished ...>
18292 munmap(0x7f53faeb4000, 16384 <unfinished ...>
18290 munmap(0x7f53fae94000, 16384 <unfinished ...>
18298 munmap(0x7f53fae98000, 16384 <unfinished ...>
18291 <... mmap resumed>)               = 0x7f53fae90000
18286 munmap(0x7f53faea0000, 16384 <unfinished ...>
18300 munmap(0x7f53faea8000, 16384 <unfinished ...>
18299 <... munmap resumed>)             = 0
18288 <... mmap resumed>)               = 0x7f53fae8c000
18299 mmap(NULL, 16384, PROT_READ|PROT_WRITE, MAP_PRIVATE|MAP_ANONYMOUS|MAP_NORESERVE, -1, 0 <unfinished ...>
18288 munmap(0x7f53fae8c000, 16384 <unfinished ...>
18287 <... munmap resumed>)             = 0
18285 <... munmap resumed>)             = 0
18297 <... mmap resumed>)               = 0x7f54030c2000
18294 <... munmap resumed>)             = 0
18287 mmap(NULL, 16384, PROT_READ|PROT_WRITE, MAP_PRIVATE|MAP_ANONYMOUS|MAP_NORESERVE, -1, 0 <unfinished ...>
18285 mmap(NULL, 16384, PROT_READ|PROT_WRITE, MAP_PRIVATE|MAP_ANONYMOUS|MAP_NORESERVE, -1, 0 <unfinished ...>
18289 <... mmap resumed>)               = 0x7f53faeb0000
18294 mmap(NULL, 16384, PROT_READ|PROT_WRITE, MAP_PRIVATE|MAP_ANONYMOUS|MAP_NORESERVE, -1, 0 <unfinished ...>
18289 munmap(0x7f53faeb0000, 16384 <unfinished ...>
18288 <... munmap resumed>)             = 0
18297 munmap(0x7f54030c2000, 16384 <unfinished ...>
18294 <... mmap resumed>)               = 0x7f53faea4000
18288 mmap(NULL, 16384, PROT_READ|PROT_WRITE, MAP_PRIVATE|MAP_ANONYMOUS|MAP_NORESERVE, -1, 0 <unfinished ...>
18296 <... munmap resumed>)             = 0
18295 <... mmap resumed>)               = 0x7f53faeac000
18293 <... mmap resumed>)               = 0x7f53faeb0000
18289 <... munmap resumed>)             = 0
18294 munmap(0x7f53faea4000, 16384 <unfinished ...>
18296 mmap(NULL, 16384, PROT_READ|PROT_WRITE, MAP_PRIVATE|MAP_ANONYMOUS|MAP_NORESERVE, -1, 0 <unfinished ...>
18295 munmap(0x7f53faeac000, 16384 <unfinished ...>
18289 mmap(NULL, 16384, PROT_READ|PROT_WRITE, MAP_PRIVATE|MAP_ANONYMOUS|MAP_NORESERVE, -1, 0 <unfinished ...>
18293 munmap(0x7f53faeb0000, 16384 <unfinished ...>
18292 <... munmap resumed>)             = 0
18292 mmap(NULL, 16384, PROT_READ|PROT_WRITE, MAP_PRIVATE|MAP_ANONYMOUS|MAP_NORESERVE, -1, 0 <unfinished ...>
18293 <... munmap resumed>)             = 0
18289 <... mmap resumed>)               = 0x7f53faeb4000
18294 <... munmap resumed>)             = 0
18293 mmap(NULL, 16384, PROT_READ|PROT_WRITE, MAP_PRIVATE|MAP_ANONYMOUS|MAP_NORESERVE, -1, 0 <unfinished ...>
18298 <... munmap resumed>)             = 0
18294 mmap(NULL, 16384, PROT_READ|PROT_WRITE, MAP_PRIVATE|MAP_ANONYMOUS|MAP_NORESERVE, -1, 0 <unfinished ...>
18289 munmap(0x7f53faeb4000, 16384 <unfinished ...>
18298 mmap(NULL, 16384, PROT_READ|PROT_WRITE, MAP_PRIVATE|MAP_ANONYMOUS|MAP_NORESERVE, -1, 0 <unfinished ...>
18294 <... mmap resumed>)               = 0x7f53faea4000
18293 <... mmap resumed>)               = 0x7f53faeb0000
18291 munmap(0x7f53fae90000, 16384 <unfinished ...>
18290 <... munmap resumed>)             = 0
18289 <... munmap resumed>)             = 0
18286 <... munmap resumed>)             = 0
18293 munmap(0x7f53faeb0000, 16384 <unfinished ...>
18290 mmap(NULL, 16384, PROT_READ|PROT_WRITE, MAP_PRIVATE|MAP_ANONYMOUS|MAP_NORESERVE, -1, 0 <unfinished ...>
18289 mmap(NULL, 16384, PROT_READ|PROT_WRITE, MAP_PRIVATE|MAP_ANONYMOUS|MAP_NORESERVE, -1, 0 <unfinished ...>
18294 munmap(0x7f53faea4000, 16384 <unfinished ...>
18286 mmap(NULL, 16384, PROT_READ|PROT_WRITE, MAP_PRIVATE|MAP_ANONYMOUS|MAP_NORESERVE, -1, 0 <unfinished ...>
18291 <... munmap resumed>)             = 0
18300 <... munmap resumed>)             = 0
18300 mmap(NULL, 16384, PROT_READ|PROT_WRITE, MAP_PRIVATE|MAP_ANONYMOUS|MAP_NORESERVE, -1, 0 <unfinished ...>
18299 <... mmap resumed>)               = 0x7f53faeb4000
18297 <... munmap resumed>)             = 0
18294 <... munmap resumed>)             = 0
18291 mmap(NULL, 16384, PROT_READ|PROT_WRITE, MAP_PRIVATE|MAP_ANONYMOUS|MAP_NORESERVE, -1, 0 <unfinished ...>
18287 <... mmap resumed>)               = 0x7f53faea0000
18286 <... mmap resumed>)               = 0x7f53faea4000
18285 <... mmap resumed>)               = 0x7f53faea8000
18300 <... mmap resumed>)               = 0x7f53fae9c000
18299 munmap(0x7f53faeb4000, 16384 <unfinished ...>
18298 <... mmap resumed>)               = 0x7f53fae94000
18297 mmap(NULL, 16384, PROT_READ|PROT_WRITE, MAP_PRIVATE|MAP_ANONYMOUS|MAP_NORESERVE, -1, 0 <unfinished ...>
18296 <... mmap resumed>)               = 0x7f53faeac000
18295 <... munmap resumed>)             = 0
18294 mmap(NULL, 16384, PROT_READ|PROT_WRITE, MAP_PRIVATE|MAP_ANONYMOUS|MAP_NORESERVE, -1, 0 <unfinished ...>
18293 <... munmap resumed>)             = 0
18292 <... mmap resumed>)               = 0x7f53fae98000
18291 <... mmap resumed>)               = 0x7f53fae90000
18288 <... mmap resumed>)               = 0x7f54030c2000
18287 munmap(0x7f53faea0000, 16384 <unfinished ...>
18300 munmap(0x7f53fae9c000, 16384 <unfinished ...>
18299 <... munmap resumed>)             = 0
18298 munmap(0x7f53fae94000, 16384 <unfinished ...>
18297 <... mmap resumed>)               = 0x7f53fae8c000
18296 munmap(0x7f53faeac000, 16384 <unfinished ...>
18295 mmap(NULL, 16384, PROT_READ|PROT_WRITE, MAP_PRIVATE|MAP_ANONYMOUS|MAP_NORESERVE, -1, 0 <unfinished ...>
18294 <... mmap resumed>)               = 0x7f53fae88000
18293 mmap(NULL, 16384, PROT_READ|PROT_WRITE, MAP_PRIVATE|MAP_ANONYMOUS|MAP_NORESERVE, -1, 0 <unfinished ...>
18292 munmap(0x7f53fae98000, 16384 <unfinished ...>
18291 munmap(0x7f53fae90000, 16384 <unfinished ...>
18290 <... mmap resumed>)               = 0x7f53faeb0000
18289 <... mmap resumed>)               = 0x7f53faeb4000
18288 munmap(0x7f54030c2000, 16384 <unfinished ...>
18287 <... munmap resumed>)             = 0
18286 munmap(0x7f53faea4000, 16384 <unfinished ...>
18285 munmap(0x7f53faea8000, 16384 <unfinished ...>
18300 <... munmap resumed>)             = 0
18299 mmap(NULL, 16384, PROT_READ|PROT_WRITE, MAP_PRIVATE|MAP_ANONYMOUS|MAP_NORESERVE, -1, 0 <unfinished ...>
18298 <... munmap resumed>)             = 0
18297 munmap(0x7f53fae8c000, 16384 <unfinished ...>
18294 munmap(0x7f53fae88000, 16384 <unfinished ...>
18293 <... mmap resumed>)               = 0x7f53faea0000
18290 munmap(0x7f53faeb0000, 16384 <unfinished ...>
18300 mmap(NULL, 16384, PROT_READ|PROT_WRITE, MAP_PRIVATE|MAP_ANONYMOUS|MAP_NORESERVE, -1, 0 <unfinished ...>
18299 <... mmap resumed>)               = 0x7f54030c2000
18298 mmap(NULL, 16384, PROT_READ|PROT_WRITE, MAP_PRIVATE|MAP_ANONYMOUS|MAP_NORESERVE, -1, 0 <unfinished ...>
18297 <... munmap resumed>)             = 0
18296 <... munmap resumed>)             = 0
18295 <... mmap resumed>)               = 0x7f53faeac000
18292 <... munmap resumed>)             = 0
18289 munmap(0x7f53faeb4000, 16384 <unfinished ...>
18288 <... munmap resumed>)             = 0
18287 mmap(NULL, 16384, PROT_READ|PROT_WRITE, MAP_PRIVATE|MAP_ANONYMOUS|MAP_NORESERVE, -1, 0 <unfinished ...>
18300 <... mmap resumed>)               = 0x7f53fae9c000
18299 munmap(0x7f54030c2000, 16384 <unfinished ...>
18298 <... mmap resumed>)               = 0x7f53fae98000
18296 mmap(NULL, 16384, PROT_READ|PROT_WRITE, MAP_PRIVATE|MAP_ANONYMOUS|MAP_NORESERVE, -1, 0 <unfinished ...>
18295 munmap(0x7f53faeac000, 16384 <unfinished ...>
18293 munmap(0x7f53faea0000, 16384 <unfinished ...>
18292 mmap(NULL, 16384, PROT_READ|PROT_WRITE, MAP_PRIVATE|MAP_ANONYMOUS|MAP_NORESERVE, -1, 0 <unfinished ...>
18291 <... munmap resumed>)             = 0
18288 mmap(NULL, 16384, PROT_READ|PROT_WRITE, MAP_PRIVATE|MAP_ANONYMOUS|MAP_NORESERVE, -1, 0 <unfinished ...>
18286 <... munmap resumed>)             = 0
18300 munmap(0x7f53fae9c000, 16384 <unfinished ...>
18298 munmap(0x7f53fae98000, 16384 <unfinished ...>
18297 mmap(NULL, 16384, PROT_READ|PROT_WRITE, MAP_PRIVATE|MAP_ANONYMOUS|MAP_NORESERVE, -1, 0 <unfinished ...>
18296 <... mmap resumed>)               = 0x7f53faeb0000
18294 <... munmap resumed>)             = 0
18291 mmap(NULL, 16384, PROT_READ|PROT_WRITE, MAP_PRIVATE|MAP_ANONYMOUS|MAP_NORESERVE, -1, 0 <unfinished ...>
18290 <... munmap resumed>)             = 0
18286 mmap(NULL, 16384, PROT_READ|PROT_WRITE, MAP_PRIVATE|MAP_ANONYMOUS|MAP_NORESERVE, -1, 0 <unfinished ...>
18285 <... munmap resumed>)             = 0
18300 <... munmap resumed>)             = 0
18296 munmap(0x7f53faeb0000, 16384 <unfinished ...>
18289 <... munmap resumed>)             = 0
18290 mmap(NULL, 16384, PROT_READ|PROT_WRITE, MAP_PRIVATE|MAP_ANONYMOUS|MAP_NORESERVE, -1, 0 <unfinished ...>
18299 <... munmap resumed>)             = 0
18300 mmap(NULL, 16384, PROT_READ|PROT_WRITE, MAP_PRIVATE|MAP_ANONYMOUS|MAP_NORESERVE, -1, 0 <unfinished ...>
18294 mmap(NULL, 16384, PROT_READ|PROT_WRITE, MAP_PRIVATE|MAP_ANONYMOUS|MAP_NORESERVE, -1, 0 <unfinished ...>
18287 <... mmap resumed>)               = 0x7f53faeb4000
18286 <... mmap resumed>)               = 0x7f54030c2000
18285 mmap(NULL, 16384, PROT_READ|PROT_WRITE, MAP_PRIVATE|MAP_ANONYMOUS|MAP_NORESERVE, -1, 0 <unfinished ...>
18300 <... mmap resumed>)               = 0x7f53faea4000
18299 mmap(NULL, 16384, PROT_READ|PROT_WRITE, MAP_PRIVATE|MAP_ANONYMOUS|MAP_NORESERVE, -1, 0 <unfinished ...>
18292 <... mmap resumed>)               = 0x7f53faeac000
18290 <... mmap resumed>)               = 0x7f53faea8000
18289 mmap(NULL, 16384, PROT_READ|PROT_WRITE, MAP_PRIVATE|MAP_ANONYMOUS|MAP_NORESERVE, -1, 0 <unfinished ...>
18287 munmap(0x7f53faeb4000, 16384 <unfinished ...>
18286 munmap(0x7f54030c2000, 16384 <unfinished ...>
18300 munmap(0x7f53faea4000, 16384 <unfinished ...>
18295 <... munmap resumed>)             = 0
18294 <... mmap resumed>)               = 0x7f53fae9c000
18293 <... munmap resumed>)             = 0
18292 munmap(0x7f53faeac000, 16384 <unfinished ...>
18290 munmap(0x7f53faea8000, 16384 <unfinished ...>
18289 <... mmap resumed>)               = 0x7f53fae94000
18288 <... mmap resumed>)               = 0x7f53faea0000
18300 <... munmap resumed>)             = 0
18298 <... munmap resumed>)             = 0
18295 mmap(NULL, 16384, PROT_READ|PROT_WRITE, MAP_PRIVATE|MAP_ANONYMOUS|MAP_NORESERVE, -1, 0 <unfinished ...>
18294 munmap(0x7f53fae9c000, 16384 <unfinished ...>
18293 mmap(NULL, 16384, PROT_READ|PROT_WRITE, MAP_PRIVATE|MAP_ANONYMOUS|MAP_NORESERVE, -1, 0 <unfinished ...>
18287 <... munmap resumed>)             = 0
18300 mmap(NULL, 16384, PROT_READ|PROT_WRITE, MAP_PRIVATE|MAP_ANONYMOUS|MAP_NORESERVE, -1, 0 <unfinished ...>
18298 mmap(NULL, 16384, PROT_READ|PROT_WRITE, MAP_PRIVATE|MAP_ANONYMOUS|MAP_NORESERVE, -1, 0 <unfinished ...>
18297 <... mmap resumed>)               = 0x7f53faeb4000
18295 <... mmap resumed>)               = 0x7f53fae98000
18293 <... mmap resumed>)               = 0x7f53fae90000
18291 <... mmap resumed>)               = 0x7f53faea4000
18290 <... munmap resumed>)             = 0
18289 munmap(0x7f53fae94000, 16384 <unfinished ...>
18287 mmap(NULL, 16384, PROT_READ|PROT_WRITE, MAP_PRIVATE|MAP_ANONYMOUS|MAP_NORESERVE, -1, 0 <unfinished ...>
18295 munmap(0x7f53fae98000, 16384 <unfinished ...>
18293 munmap(0x7f53fae90000, 16384 <unfinished ...>
18296 <... munmap resumed>)             = 0
18291 munmap(0x7f53faea4000, 16384 <unfinished ...>
18290 mmap(NULL, 16384, PROT_READ|PROT_WRITE, MAP_PRIVATE|MAP_ANONYMOUS|MAP_NORESERVE, -1, 0 <unfinished ...>
18297 munmap(0x7f53faeb4000, 16384 <unfinished ...>
18296 mmap(NULL, 16384, PROT_READ|PROT_WRITE, MAP_PRIVATE|MAP_ANONYMOUS|MAP_NORESERVE, -1, 0 <unfinished ...>
18289 <... munmap resumed>)             = 0
18296 <... mmap resumed>)               = 0x7f53faea8000
18289 mmap(NULL, 16384, PROT_READ|PROT_WRITE, MAP_PRIVATE|MAP_ANONYMOUS|MAP_NORESERVE, -1, 0 <unfinished ...>
18285 <... mmap resumed>)               = 0x7f53faeb0000
18297 <... munmap resumed>)             = 0
18296 munmap(0x7f53faea8000, 16384 <unfinished ...>
18285 munmap(0x7f53faeb0000, 16384 <unfinished ...>
18299 <... mmap resumed>)               = 0x7f53faeb4000
18297 mmap(NULL, 16384, PROT_READ|PROT_WRITE, MAP_PRIVATE|MAP_ANONYMOUS|MAP_NORESERVE, -1, 0 <unfinished ...>
18299 munmap(0x7f53faeb4000, 16384 <unfinished ...>
18288 munmap(0x7f53faea0000, 16384 <unfinished ...>
18294 <... munmap resumed>)             = 0
18286 <... munmap resumed>)             = 0
18298 <... mmap resumed>)               = 0x7f54030c2000
18294 mmap(NULL, 16384, PROT_READ|PROT_WRITE, MAP_PRIVATE|MAP_ANONYMOUS|MAP_NORESERVE, -1, 0 <unfinished ...>
18300 <... mmap resumed>)               = 0x7f53faeac000
18292 <... munmap resumed>)             = 0
18286 mmap(NULL, 16384, PROT_READ|PROT_WRITE, MAP_PRIVATE|MAP_ANONYMOUS|MAP_NORESERVE, -1, 0 <unfinished ...>
18300 munmap(0x7f53faeac000, 16384 <unfinished ...>
18287 <... mmap resumed>)               = 0x7f53fae9c000
18295 <... munmap resumed>)             = 0
18293 <... munmap resumed>)             = 0
18292 mmap(NULL, 16384, PROT_READ|PROT_WRITE, MAP_PRIVATE|MAP_ANONYMOUS|MAP_NORESERVE, -1, 0 <unfinished ...>
18295 mmap(NULL, 16384, PROT_READ|PROT_WRITE, MAP_PRIVATE|MAP_ANONYMOUS|MAP_NORESERVE, -1, 0 <unfinished ...>
18287 munmap(0x7f53fae9c000, 16384 <unfinished ...>
18300 <... munmap resumed>)             = 0
18300 mmap(NULL, 16384, PROT_READ|PROT_WRITE, MAP_PRIVATE|MAP_ANONYMOUS|MAP_NORESERVE, -1, 0 <unfinished ...>
18293 mmap(NULL, 16384, PROT_READ|PROT_WRITE, MAP_PRIVATE|MAP_ANONYMOUS|MAP_NORESERVE, -1, 0 <unfinished ...>
18292 <... mmap resumed>)               = 0x7f53fae98000
18290 <... mmap resumed>)               = 0x7f53faeac000
18300 <... mmap resumed>)               = 0x7f53fae9c000
18295 <... mmap resumed>)               = 0x7f53fae94000
18291 <... munmap resumed>)             = 0
18287 <... munmap resumed>)             = 0
18300 munmap(0x7f53fae9c000, 16384 <unfinished ...>
18293 <... mmap resumed>)               = 0x7f53fae90000
18292 munmap(0x7f53fae98000, 16384 <unfinished ...>
18290 munmap(0x7f53faeac000, 16384 <unfinished ...>
18289 <... mmap resumed>)               = 0x7f53faea4000
18296 <... munmap resumed>)             = 0
18295 munmap(0x7f53fae94000, 16384 <unfinished ...>
18293 munmap(0x7f53fae90000, 16384 <unfinished ...>
18291 mmap(NULL, 16384, PROT_READ|PROT_WRITE, MAP_PRIVATE|MAP_ANONYMOUS|MAP_NORESERVE, -1, 0 <unfinished ...>
18287 mmap(NULL, 16384, PROT_READ|PROT_WRITE, MAP_PRIVATE|MAP_ANONYMOUS|MAP_NORESERVE, -1, 0 <unfinished ...>
18296 mmap(NULL, 16384, PROT_READ|PROT_WRITE, MAP_PRIVATE|MAP_ANONYMOUS|MAP_NORESERVE, -1, 0 <unfinished ...>
18295 <... munmap resumed>)             = 0
18292 <... munmap resumed>)             = 0
18289 munmap(0x7f53faea4000, 16384 <unfinished ...>
18285 <... munmap resumed>)             = 0
18297 <... mmap resumed>)               = 0x7f53faeb0000
18296 <... mmap resumed>)               = 0x7f53faea8000
18295 mmap(NULL, 16384, PROT_READ|PROT_WRITE, MAP_PRIVATE|MAP_ANONYMOUS|MAP_NORESERVE, -1, 0 <unfinished ...>
18292 mmap(NULL, 16384, PROT_READ|PROT_WRITE, MAP_PRIVATE|MAP_ANONYMOUS|MAP_NORESERVE, -1, 0 <unfinished ...>
18287 <... mmap resumed>)               = 0x7f53fae98000
18297 munmap(0x7f53faeb0000, 16384 <unfinished ...>
18296 munmap(0x7f53faea8000, 16384 <unfinished ...>
18288 <... munmap resumed>)             = 0
18285 mmap(NULL, 16384, PROT_READ|PROT_WRITE, MAP_PRIVATE|MAP_ANONYMOUS|MAP_NORESERVE, -1, 0 <unfinished ...>
18299 <... munmap resumed>)             = 0
18298 munmap(0x7f54030c2000, 16384 <unfinished ...>
18296 <... munmap resumed>)             = 0
18294 <... mmap resumed>)               = 0x7f53faeb4000
18289 <... munmap resumed>)             = 0
18288 mmap(NULL, 16384, PROT_READ|PROT_WRITE, MAP_PRIVATE|MAP_ANONYMOUS|MAP_NORESERVE, -1, 0 <unfinished ...>
18287 munmap(0x7f53fae98000, 16384 <unfinished ...>
18286 <... mmap resumed>)               = 0x7f53faea8000
18285 <... mmap resumed>)               = 0x7f53faea4000
18300 <... munmap resumed>)             = 0
18299 mmap(NULL, 16384, PROT_READ|PROT_WRITE, MAP_PRIVATE|MAP_ANONYMOUS|MAP_NORESERVE, -1, 0 <unfinished ...>
18296 mmap(NULL, 16384, PROT_READ|PROT_WRITE, MAP_PRIVATE|MAP_ANONYMOUS|MAP_NORESERVE, -1, 0 <unfinished ...>
18294 munmap(0x7f53faeb4000, 16384 <unfinished ...>
18290 <... munmap resumed>)             = 0
18300 mmap(NULL, 16384, PROT_READ|PROT_WRITE, MAP_PRIVATE|MAP_ANONYMOUS|MAP_NORESERVE, -1, 0 <unfinished ...>
18298 <... munmap resumed>)             = 0
18289 mmap(NULL, 16384, PROT_READ|PROT_WRITE, MAP_PRIVATE|MAP_ANONYMOUS|MAP_NORESERVE, -1, 0 <unfinished ...>
18286 munmap(0x7f53faea8000, 16384 <unfinished ...>
18285 munmap(0x7f53faea4000, 16384 <unfinished ...>
18294 <... munmap resumed>)             = 0
18290 mmap(NULL, 16384, PROT_READ|PROT_WRITE, MAP_PRIVATE|MAP_ANONYMOUS|MAP_NORESERVE, -1, 0 <unfinished ...>
18289 <... mmap resumed>)               = 0x7f54030c2000
18287 <... munmap resumed>)             = 0
18298 mmap(NULL, 16384, PROT_READ|PROT_WRITE, MAP_PRIVATE|MAP_ANONYMOUS|MAP_NORESERVE, -1, 0 <unfinished ...>
18294 mmap(NULL, 16384, PROT_READ|PROT_WRITE, MAP_PRIVATE|MAP_ANONYMOUS|MAP_NORESERVE, -1, 0 <unfinished ...>
18293 <... munmap resumed>)             = 0
18287 mmap(NULL, 16384, PROT_READ|PROT_WRITE, MAP_PRIVATE|MAP_ANONYMOUS|MAP_NORESERVE, -1, 0 <unfinished ...>
18291 <... mmap resumed>)               = 0x7f53faeb4000
18285 <... munmap resumed>)             = 0
18298 <... mmap resumed>)               = 0x7f53faea0000
18295 <... mmap resumed>)               = 0x7f53faea4000
18294 <... mmap resumed>)               = 0x7f53faeac000
18293 mmap(NULL, 16384, PROT_READ|PROT_WRITE, MAP_PRIVATE|MAP_ANONYMOUS|MAP_NORESERVE, -1, 0 <unfinished ...>
18287 <... mmap resumed>)               = 0x7f53fae9c000
18298 munmap(0x7f53faea0000, 16384 <unfinished ...>
18295 munmap(0x7f53faea4000, 16384 <unfinished ...>
18294 munmap(0x7f53faeac000, 16384 <unfinished ...>
18291 munmap(0x7f53faeb4000, 16384 <unfinished ...>
18285 mmap(NULL, 16384, PROT_READ|PROT_WRITE, MAP_PRIVATE|MAP_ANONYMOUS|MAP_NORESERVE, -1, 0 <unfinished ...>
18297 <... munmap resumed>)             = 0
18292 <... mmap resumed>)               = 0x7f53fae98000
18287 munmap(0x7f53fae9c000, 16384 <unfinished ...>
18297 mmap(NULL, 16384, PROT_READ|PROT_WRITE, MAP_PRIVATE|MAP_ANONYMOUS|MAP_NORESERVE, -1, 0 <unfinished ...>
18295 <... munmap resumed>)             = 0
18292 munmap(0x7f53fae98000, 16384 <unfinished ...>
18295 mmap(NULL, 16384, PROT_READ|PROT_WRITE, MAP_PRIVATE|MAP_ANONYMOUS|MAP_NORESERVE, -1, 0 <unfinished ...>
18288 <... mmap resumed>)               = 0x7f53faeb0000
18288 munmap(0x7f53faeb0000, 16384 <unfinished ...>
18292 <... munmap resumed>)             = 0
18287 <... munmap resumed>)             = 0
18288 <... munmap resumed>)             = 0
18292 mmap(NULL, 16384, PROT_READ|PROT_WRITE, MAP_PRIVATE|MAP_ANONYMOUS|MAP_NORESERVE, -1, 0 <unfinished ...>
18288 mmap(NULL, 16384, PROT_READ|PROT_WRITE, MAP_PRIVATE|MAP_ANONYMOUS|MAP_NORESERVE, -1, 0 <unfinished ...>
18287 mmap(NULL, 16384, PROT_READ|PROT_WRITE, MAP_PRIVATE|MAP_ANONYMOUS|MAP_NORESERVE, -1, 0 <unfinished ...>
18296 <... mmap resumed>)               = 0x7f53faeb0000
18292 <... mmap resumed>)               = 0x7f53faea4000
18288 <... mmap resumed>)               = 0x7f53fae9c000
18296 munmap(0x7f53faeb0000, 16384 <unfinished ...>
18287 <... mmap resumed>)               = 0x7f53fae98000
18300 <... mmap resumed>)               = 0x7f53fae90000
18288 munmap(0x7f53fae9c000, 16384 <unfinished ...>
18299 <... mmap resumed>)               = 0x7f53fae94000
18292 munmap(0x7f53faea4000, 16384 <unfinished ...>
18287 munmap(0x7f53fae98000, 16384 <unfinished ...>
18300 munmap(0x7f53fae90000, 16384 <unfinished ...>
18299 munmap(0x7f53fae94000, 16384 <unfinished ...>
18286 <... munmap resumed>)             = 0
18300 <... munmap resumed>)             = 0
18296 <... munmap resumed>)             = 0
18290 <... mmap resumed>)               = 0x7f53faeb0000
18300 mmap(NULL, 16384, PROT_READ|PROT_WRITE, MAP_PRIVATE|MAP_ANONYMOUS|MAP_NORESERVE, -1, 0 <unfinished ...>
18286 mmap(NULL, 16384, PROT_READ|PROT_WRITE, MAP_PRIVATE|MAP_ANONYMOUS|MAP_NORESERVE, -1, 0 <unfinished ...>
18296 mmap(NULL, 16384, PROT_READ|PROT_WRITE, MAP_PRIVATE|MAP_ANONYMOUS|MAP_NORESERVE, -1, 0 <unfinished ...>
18290 munmap(0x7f53faeb0000, 16384 <unfinished ...>
18289 munmap(0x7f54030c2000, 16384 <unfinished ...>
18300 <... mmap resumed>)               = 0x7f53faea8000
18298 <... munmap resumed>)             = 0
18300 munmap(0x7f53faea8000, 16384 <unfinished ...>
18298 mmap(NULL, 16384, PROT_READ|PROT_WRITE, MAP_PRIVATE|MAP_ANONYMOUS|MAP_NORESERVE, -1, 0 <unfinished ...>
18290 <... munmap resumed>)             = 0
18289 <... munmap resumed>)             = 0
18300 <... munmap resumed>)             = 0
18298 <... mmap resumed>)               = 0x7f53faeb4000
18293 <... mmap resumed>)               = 0x7f54030c2000
18291 <... munmap resumed>)             = 0
18300 mmap(NULL, 16384, PROT_READ|PROT_WRITE, MAP_PRIVATE|MAP_ANONYMOUS|MAP_NORESERVE, -1, 0 <unfinished ...>
18290 mmap(NULL, 16384, PROT_READ|PROT_WRITE, MAP_PRIVATE|MAP_ANONYMOUS|MAP_NORESERVE, -1, 0 <unfinished ...>
18289 mmap(NULL, 16384, PROT_READ|PROT_WRITE, MAP_PRIVATE|MAP_ANONYMOUS|MAP_NORESERVE, -1, 0 <unfinished ...>
18291 mmap(NULL, 16384, PROT_READ|PROT_WRITE, MAP_PRIVATE|MAP_ANONYMOUS|MAP_NORESERVE, -1, 0 <unfinished ...>
18300 <... mmap resumed>)               = 0x7f53faeac000
18297 <... mmap resumed>)               = 0x7f53faea8000
18294 <... munmap resumed>)             = 0
18285 <... mmap resumed>)               = 0x7f53faeb0000
18298 munmap(0x7f53faeb4000, 16384 <unfinished ...>
18295 <... mmap resumed>)               = 0x7f53fae90000
18293 munmap(0x7f54030c2000, 16384 <unfinished ...>
18291 <... mmap resumed>)               = 0x7f53fae8c000
18290 <... mmap resumed>)               = 0x7f53faea0000
18300 munmap(0x7f53faeac000, 16384 <unfinished ...>
18297 munmap(0x7f53faea8000, 16384 <unfinished ...>
18295 munmap(0x7f53fae90000, 16384 <unfinished ...>
18294 mmap(NULL, 16384, PROT_READ|PROT_WRITE, MAP_PRIVATE|MAP_ANONYMOUS|MAP_NORESERVE, -1, 0 <unfinished ...>
18292 <... munmap resumed>)             = 0
18287 <... munmap resumed>)             = 0
18285 munmap(0x7f53faeb0000, 16384 <unfinished ...>
18293 <... munmap resumed>)             = 0
18291 munmap(0x7f53fae8c000, 16384 <unfinished ...>
18290 munmap(0x7f53faea0000, 16384 <unfinished ...>
18287 mmap(NULL, 16384, PROT_READ|PROT_WRITE, MAP_PRIVATE|MAP_ANONYMOUS|MAP_NORESERVE, -1, 0 <unfinished ...>
18293 mmap(NULL, 16384, PROT_READ|PROT_WRITE, MAP_PRIVATE|MAP_ANONYMOUS|MAP_NORESERVE, -1, 0 <unfinished ...>
18292 mmap(NULL, 16384, PROT_READ|PROT_WRITE, MAP_PRIVATE|MAP_ANONYMOUS|MAP_NORESERVE, -1, 0 <unfinished ...>
18288 <... munmap resumed>)             = 0
18285 <... munmap resumed>)             = 0
18299 <... munmap resumed>)             = 0
18296 <... mmap resumed>)               = 0x7f53faeb0000
18288 mmap(NULL, 16384, PROT_READ|PROT_WRITE, MAP_PRIVATE|MAP_ANONYMOUS|MAP_NORESERVE, -1, 0 <unfinished ...>
18286 <... mmap resumed>)               = 0x7f54030c2000
18299 mmap(NULL, 16384, PROT_READ|PROT_WRITE, MAP_PRIVATE|MAP_ANONYMOUS|MAP_NORESERVE, -1, 0 <unfinished ...>
18296 munmap(0x7f53faeb0000, 16384 <unfinished ...>
18292 <... mmap resumed>)               = 0x7f53faea4000
18285 mmap(NULL, 16384, PROT_READ|PROT_WRITE, MAP_PRIVATE|MAP_ANONYMOUS|MAP_NORESERVE, -1, 0 <unfinished ...>
18289 <... mmap resumed>)               = 0x7f53fae9c000
18288 <... mmap resumed>)               = 0x7f53fae98000
18298 <... munmap resumed>)             = 0
18292 munmap(0x7f53faea4000, 16384 <unfinished ...>
18289 munmap(0x7f53fae9c000, 16384 <unfinished ...>
18298 mmap(NULL, 16384, PROT_READ|PROT_WRITE, MAP_PRIVATE|MAP_ANONYMOUS|MAP_NORESERVE, -1, 0 <unfinished ...>
18296 <... munmap resumed>)             = 0
18288 munmap(0x7f53fae98000, 16384 <unfinished ...>
18300 <... munmap resumed>)             = 0
18298 <... mmap resumed>)               = 0x7f53faeb4000
18292 <... munmap resumed>)             = 0
18300 mmap(NULL, 16384, PROT_READ|PROT_WRITE, MAP_PRIVATE|MAP_ANONYMOUS|MAP_NORESERVE, -1, 0 <unfinished ...>
18298 munmap(0x7f53faeb4000, 16384 <unfinished ...>
18297 <... munmap resumed>)             = 0
18296 mmap(NULL, 16384, PROT_READ|PROT_WRITE, MAP_PRIVATE|MAP_ANONYMOUS|MAP_NORESERVE, -1, 0 <unfinished ...>
18300 <... mmap resumed>)               = 0x7f53faeb0000
18297 mmap(NULL, 16384, PROT_READ|PROT_WRITE, MAP_PRIVATE|MAP_ANONYMOUS|MAP_NORESERVE, -1, 0 <unfinished ...>
18295 <... munmap resumed>)             = 0
18292 mmap(NULL, 16384, PROT_READ|PROT_WRITE, MAP_PRIVATE|MAP_ANONYMOUS|MAP_NORESERVE, -1, 0 <unfinished ...>
18296 <... mmap resumed>)               = 0x7f53faea8000
18294 <... mmap resumed>)               = 0x7f53faeac000
18297 <... mmap resumed>)               = 0x7f53faea4000
18291 <... munmap resumed>)             = 0
18300 munmap(0x7f53faeb0000, 16384 <unfinished ...>
18295 mmap(NULL, 16384, PROT_READ|PROT_WRITE, MAP_PRIVATE|MAP_ANONYMOUS|MAP_NORESERVE, -1, 0 <unfinished ...>
18296 munmap(0x7f53faea8000, 16384 <unfinished ...>
18294 munmap(0x7f53faeac000, 16384 <unfinished ...>
18292 <... mmap resumed>)               = 0x7f53fae94000
18291 mmap(NULL, 16384, PROT_READ|PROT_WRITE, MAP_PRIVATE|MAP_ANONYMOUS|MAP_NORESERVE, -1, 0 <unfinished ...>
18297 munmap(0x7f53faea4000, 16384 <unfinished ...>
18290 <... munmap resumed>)             = 0
18292 munmap(0x7f53fae94000, 16384 <unfinished ...>
18290 mmap(NULL, 16384, PROT_READ|PROT_WRITE, MAP_PRIVATE|MAP_ANONYMOUS|MAP_NORESERVE, -1, 0 <unfinished ...>
18296 <... munmap resumed>)             = 0
18290 <... mmap resumed>)               = 0x7f53faea8000
18296 mmap(NULL, 16384, PROT_READ|PROT_WRITE, MAP_PRIVATE|MAP_ANONYMOUS|MAP_NORESERVE, -1, 0 <unfinished ...>
18291 <... mmap resumed>)               = 0x7f53faea0000
18296 <... mmap resumed>)               = 0x7f53fae90000
18291 munmap(0x7f53faea0000, 16384 <unfinished ...>
18287 <... mmap resumed>)               = 0x7f53fae8c000
18296 munmap(0x7f53fae90000, 16384 <unfinished ...>
18293 <... mmap resumed>)               = 0x7f53fae88000
18290 munmap(0x7f53faea8000, 16384 <unfinished ...>
18287 munmap(0x7f53fae8c000, 16384 <unfinished ...>
18286 munmap(0x7f54030c2000, 16384 <unfinished ...>
18299 <... mmap resumed>)               = 0x7f53fae84000
18299 munmap(0x7f53fae84000, 16384 <unfinished ...>
18293 munmap(0x7f53fae88000, 16384 <unfinished ...>
18290 <... munmap resumed>)             = 0
18290 mmap(NULL, 16384, PROT_READ|PROT_WRITE, MAP_PRIVATE|MAP_ANONYMOUS|MAP_NORESERVE, -1, 0 <unfinished ...>
18289 <... munmap resumed>)             = 0
18286 <... munmap resumed>)             = 0
18285 <... mmap resumed>)               = 0x7f53faea8000
18288 <... munmap resumed>)             = 0
18290 <... mmap resumed>)               = 0x7f54030c2000
18289 mmap(NULL, 16384, PROT_READ|PROT_WRITE, MAP_PRIVATE|MAP_ANONYMOUS|MAP_NORESERVE, -1, 0 <unfinished ...>
18288 mmap(NULL, 16384, PROT_READ|PROT_WRITE, MAP_PRIVATE|MAP_ANONYMOUS|MAP_NORESERVE, -1, 0 <unfinished ...>
18286 mmap(NULL, 16384, PROT_READ|PROT_WRITE, MAP_PRIVATE|MAP_ANONYMOUS|MAP_NORESERVE, -1, 0 <unfinished ...>
18285 munmap(0x7f53faea8000, 16384 <unfinished ...>
18300 <... munmap resumed>)             = 0
18298 <... munmap resumed>)             = 0
18289 <... mmap resumed>)               = 0x7f53faeb4000
18294 <... munmap resumed>)             = 0
18286 <... mmap resumed>)               = 0x7f53faeb0000
18300 mmap(NULL, 16384, PROT_READ|PROT_WRITE, MAP_PRIVATE|MAP_ANONYMOUS|MAP_NORESERVE, -1, 0 <unfinished ...>
18294 mmap(NULL, 16384, PROT_READ|PROT_WRITE, MAP_PRIVATE|MAP_ANONYMOUS|MAP_NORESERVE, -1, 0 <unfinished ...>
18288 <... mmap resumed>)               = 0x7f53faeac000
18300 <... mmap resumed>)               = 0x7f53fae98000
18298 mmap(NULL, 16384, PROT_READ|PROT_WRITE, MAP_PRIVATE|MAP_ANONYMOUS|MAP_NORESERVE, -1, 0 <unfinished ...>
18295 <... mmap resumed>)               = 0x7f53fae9c000
18289 munmap(0x7f53faeb4000, 16384 <unfinished ...>
18286 munmap(0x7f53faeb0000, 16384 <unfinished ...>
18300 munmap(0x7f53fae98000, 16384 <unfinished ...>
18297 <... munmap resumed>)             = 0
18295 munmap(0x7f53fae9c000, 16384 <unfinished ...>
18289 <... munmap resumed>)             = 0
18288 munmap(0x7f53faeac000, 16384 <unfinished ...>
18297 mmap(NULL, 16384, PROT_READ|PROT_WRITE, MAP_PRIVATE|MAP_ANONYMOUS|MAP_NORESERVE, -1, 0 <unfinished ...>
18292 <... munmap resumed>)             = 0
18289 mmap(NULL, 16384, PROT_READ|PROT_WRITE, MAP_PRIVATE|MAP_ANONYMOUS|MAP_NORESERVE, -1, 0 <unfinished ...>
18288 <... munmap resumed>)             = 0
18291 <... munmap resumed>)             = 0
18297 <... mmap resumed>)               = 0x7f53faeb4000
18296 <... munmap resumed>)             = 0
18292 mmap(NULL, 16384, PROT_READ|PROT_WRITE, MAP_PRIVATE|MAP_ANONYMOUS|MAP_NORESERVE, -1, 0 <unfinished ...>
18297 munmap(0x7f53faeb4000, 16384 <unfinished ...>
18291 mmap(NULL, 16384, PROT_READ|PROT_WRITE, MAP_PRIVATE|MAP_ANONYMOUS|MAP_NORESERVE, -1, 0 <unfinished ...>
18289 <... mmap resumed>)               = 0x7f53faeac000
18288 mmap(NULL, 16384, PROT_READ|PROT_WRITE, MAP_PRIVATE|MAP_ANONYMOUS|MAP_NORESERVE, -1, 0 <unfinished ...>
18297 <... munmap resumed>)             = 0
18296 mmap(NULL, 16384, PROT_READ|PROT_WRITE, MAP_PRIVATE|MAP_ANONYMOUS|MAP_NORESERVE, -1, 0 <unfinished ...>
18287 <... munmap resumed>)             = 0
18297 mmap(NULL, 16384, PROT_READ|PROT_WRITE, MAP_PRIVATE|MAP_ANONYMOUS|MAP_NORESERVE, -1, 0 <unfinished ...>
18291 <... mmap resumed>)               = 0x7f53faeb4000
18288 <... mmap resumed>)               = 0x7f53faea4000
18287 mmap(NULL, 16384, PROT_READ|PROT_WRITE, MAP_PRIVATE|MAP_ANONYMOUS|MAP_NORESERVE, -1, 0 <unfinished ...>
18299 <... munmap resumed>)             = 0
18297 <... mmap resumed>)               = 0x7f53fae94000
18296 <... mmap resumed>)               = 0x7f53faea0000
18290 munmap(0x7f54030c2000, 16384 <unfinished ...>
18289 munmap(0x7f53faeac000, 16384 <unfinished ...>
18299 mmap(NULL, 16384, PROT_READ|PROT_WRITE, MAP_PRIVATE|MAP_ANONYMOUS|MAP_NORESERVE, -1, 0 <unfinished ...>
18297 munmap(0x7f53fae94000, 16384 <unfinished ...>
18296 munmap(0x7f53faea0000, 16384 <unfinished ...>
18291 munmap(0x7f53faeb4000, 16384 <unfinished ...>
18288 munmap(0x7f53faea4000, 16384 <unfinished ...>
18293 <... munmap resumed>)             = 0
18285 <... munmap resumed>)             = 0
18285 mmap(NULL, 16384, PROT_READ|PROT_WRITE, MAP_PRIVATE|MAP_ANONYMOUS|MAP_NORESERVE, -1, 0 <unfinished ...>
18293 mmap(NULL, 16384, PROT_READ|PROT_WRITE, MAP_PRIVATE|MAP_ANONYMOUS|MAP_NORESERVE, -1, 0 <unfinished ...>
18291 <... munmap resumed>)             = 0
18291 mmap(NULL, 16384, PROT_READ|PROT_WRITE, MAP_PRIVATE|MAP_ANONYMOUS|MAP_NORESERVE, -1, 0 <unfinished ...>
18285 <... mmap resumed>)               = 0x7f53faeb4000
18294 <... mmap resumed>)               = 0x7f53faea8000
18298 <... mmap resumed>)               = 0x7f53fae90000
18293 <... mmap resumed>)               = 0x7f53fae8c000
18291 <... mmap resumed>)               = 0x7f53fae88000
18298 munmap(0x7f53fae90000, 16384 <unfinished ...>
18285 munmap(0x7f53faeb4000, 16384 <unfinished ...>
18294 munmap(0x7f53faea8000, 16384 <unfinished ...>
18293 munmap(0x7f53fae8c000, 16384 <unfinished ...>
18291 munmap(0x7f53fae88000, 16384 <unfinished ...>
18298 <... munmap resumed>)             = 0
18286 <... munmap resumed>)             = 0
18300 <... munmap resumed>)             = 0
18300 mmap(NULL, 16384, PROT_READ|PROT_WRITE, MAP_PRIVATE|MAP_ANONYMOUS|MAP_NORESERVE, -1, 0 <unfinished ...>
18298 mmap(NULL, 16384, PROT_READ|PROT_WRITE, MAP_PRIVATE|MAP_ANONYMOUS|MAP_NORESERVE, -1, 0 <unfinished ...>
18293 <... munmap resumed>)             = 0
18286 mmap(NULL, 16384, PROT_READ|PROT_WRITE, MAP_PRIVATE|MAP_ANONYMOUS|MAP_NORESERVE, -1, 0 <unfinished ...>
18300 <... mmap resumed>)               = 0x7f53faeb0000
18298 <... mmap resumed>)               = 0x7f53fae9c000
18295 <... munmap resumed>)             = 0
18293 mmap(NULL, 16384, PROT_READ|PROT_WRITE, MAP_PRIVATE|MAP_ANONYMOUS|MAP_NORESERVE, -1, 0 <unfinished ...>
18292 <... mmap resumed>)               = 0x7f53fae98000
18300 munmap(0x7f53faeb0000, 16384 <unfinished ...>
18298 munmap(0x7f53fae9c000, 16384 <unfinished ...>
18287 <... mmap resumed>)               = 0x7f53fae90000
18292 munmap(0x7f53fae98000, 16384 <unfinished ...>
18289 <... munmap resumed>)             = 0
18300 <... munmap resumed>)             = 0
18295 mmap(NULL, 16384, PROT_READ|PROT_WRITE, MAP_PRIVATE|MAP_ANONYMOUS|MAP_NORESERVE, -1, 0 <unfinished ...>
18287 munmap(0x7f53fae90000, 16384 <unfinished ...>
18289 mmap(NULL, 16384, PROT_READ|PROT_WRITE, MAP_PRIVATE|MAP_ANONYMOUS|MAP_NORESERVE, -1, 0 <unfinished ...>
18300 mmap(NULL, 16384, PROT_READ|PROT_WRITE, MAP_PRIVATE|MAP_ANONYMOUS|MAP_NORESERVE, -1, 0 <unfinished ...>
18290 <... munmap resumed>)             = 0
18289 <... mmap resumed>)               = 0x7f54030c2000
18292 <... munmap resumed>)             = 0
18292 mmap(NULL, 16384, PROT_READ|PROT_WRITE, MAP_PRIVATE|MAP_ANONYMOUS|MAP_NORESERVE, -1, 0 <unfinished ...>
18290 mmap(NULL, 16384, PROT_READ|PROT_WRITE, MAP_PRIVATE|MAP_ANONYMOUS|MAP_NORESERVE, -1, 0 <unfinished ...>
18299 <... mmap resumed>)               = 0x7f53faeb0000
18297 <... munmap resumed>)             = 0
18296 <... munmap resumed>)             = 0
18292 <... mmap resumed>)               = 0x7f53faeac000
18290 <... mmap resumed>)               = 0x7f53faea0000
18299 munmap(0x7f53faeb0000, 16384 <unfinished ...>
18297 mmap(NULL, 16384, PROT_READ|PROT_WRITE, MAP_PRIVATE|MAP_ANONYMOUS|MAP_NORESERVE, -1, 0 <unfinished ...>
18288 <... munmap resumed>)             = 0
18296 mmap(NULL, 16384, PROT_READ|PROT_WRITE, MAP_PRIVATE|MAP_ANONYMOUS|MAP_NORESERVE, -1, 0 <unfinished ...>
18285 <... munmap resumed>)             = 0
18299 <... munmap resumed>)             = 0
18292 munmap(0x7f53faeac000, 16384 <unfinished ...>
18290 munmap(0x7f53faea0000, 16384 <unfinished ...>
18288 mmap(NULL, 16384, PROT_READ|PROT_WRITE, MAP_PRIVATE|MAP_ANONYMOUS|MAP_NORESERVE, -1, 0 <unfinished ...>
18299 mmap(NULL, 16384, PROT_READ|PROT_WRITE, MAP_PRIVATE|MAP_ANONYMOUS|MAP_NORESERVE, -1, 0 <unfinished ...>
18294 <... munmap resumed>)             = 0
18291 <... munmap resumed>)             = 0
18285 mmap(NULL, 16384, PROT_READ|PROT_WRITE, MAP_PRIVATE|MAP_ANONYMOUS|MAP_NORESERVE, -1, 0 <unfinished ...>
18299 <... mmap resumed>)               = 0x7f53faeb4000
18290 <... munmap resumed>)             = 0
18294 mmap(NULL, 16384, PROT_READ|PROT_WRITE, MAP_PRIVATE|MAP_ANONYMOUS|MAP_NORESERVE, -1, 0 <unfinished ...>
18291 mmap(NULL, 16384, PROT_READ|PROT_WRITE, MAP_PRIVATE|MAP_ANONYMOUS|MAP_NORESERVE, -1, 0 <unfinished ...>
18288 <... mmap resumed>)               = 0x7f53faeb0000
18286 <... mmap resumed>)               = 0x7f53faea8000
18299 munmap(0x7f53faeb4000, 16384 <unfinished ...>
18294 <... mmap resumed>)               = 0x7f53fae98000
18293 <... mmap resumed>)               = 0x7f53faea4000
18290 mmap(NULL, 16384, PROT_READ|PROT_WRITE, MAP_PRIVATE|MAP_ANONYMOUS|MAP_NORESERVE, -1, 0 <unfinished ...>
18285 <... mmap resumed>)               = 0x7f53faea0000
18298 <... munmap resumed>)             = 0
18291 <... mmap resumed>)               = 0x7f53fae94000
18290 <... mmap resumed>)               = 0x7f53fae8c000
18295 <... mmap resumed>)               = 0x7f53fae9c000
18288 munmap(0x7f53faeb0000, 16384 <unfinished ...>
18286 munmap(0x7f53faea8000, 16384 <unfinished ...>
18298 mmap(NULL, 16384, PROT_READ|PROT_WRITE, MAP_PRIVATE|MAP_ANONYMOUS|MAP_NORESERVE, -1, 0 <unfinished ...>
18294 munmap(0x7f53fae98000, 16384 <unfinished ...>
18295 munmap(0x7f53fae9c000, 16384 <unfinished ...>
18290 munmap(0x7f53fae8c000, 16384 <unfinished ...>
18287 <... munmap resumed>)             = 0
18286 <... munmap resumed>)             = 0
18290 <... munmap resumed>)             = 0
18286 mmap(NULL, 16384, PROT_READ|PROT_WRITE, MAP_PRIVATE|MAP_ANONYMOUS|MAP_NORESERVE, -1, 0 <unfinished ...>
18289 munmap(0x7f54030c2000, 16384 <unfinished ...>
18287 mmap(NULL, 16384, PROT_READ|PROT_WRITE, MAP_PRIVATE|MAP_ANONYMOUS|MAP_NORESERVE, -1, 0 <unfinished ...>
18300 <... mmap resumed>)               = 0x7f53faea8000
18293 munmap(0x7f53faea4000, 16384 <unfinished ...>
18290 mmap(NULL, 16384, PROT_READ|PROT_WRITE, MAP_PRIVATE|MAP_ANONYMOUS|MAP_NORESERVE, -1, 0 <unfinished ...>
18285 munmap(0x7f53faea0000, 16384 <unfinished ...>
18297 <... mmap resumed>)               = 0x7f53fae8c000
18296 <... mmap resumed>)               = 0x7f53faea4000
18293 <... munmap resumed>)             = 0
18291 munmap(0x7f53fae94000, 16384 <unfinished ...>
18287 <... mmap resumed>)               = 0x7f53fae90000
18292 <... munmap resumed>)             = 0
18299 <... munmap resumed>)             = 0
18297 munmap(0x7f53fae8c000, 16384 <unfinished ...>
18296 munmap(0x7f53faea4000, 16384 <unfinished ...>
18293 mmap(NULL, 16384, PROT_READ|PROT_WRITE, MAP_PRIVATE|MAP_ANONYMOUS|MAP_NORESERVE, -1, 0 <unfinished ...>
18292 mmap(NULL, 16384, PROT_READ|PROT_WRITE, MAP_PRIVATE|MAP_ANONYMOUS|MAP_NORESERVE, -1, 0 <unfinished ...>
18288 <... munmap resumed>)             = 0
18298 <... mmap resumed>)               = 0x7f53faeb4000
18291 <... munmap resumed>)             = 0
18287 munmap(0x7f53fae90000, 16384 <unfinished ...>
18288 mmap(NULL, 16384, PROT_READ|PROT_WRITE, MAP_PRIVATE|MAP_ANONYMOUS|MAP_NORESERVE, -1, 0 <unfinished ...>
18299 mmap(NULL, 16384, PROT_READ|PROT_WRITE, MAP_PRIVATE|MAP_ANONYMOUS|MAP_NORESERVE, -1, 0 <unfinished ...>
18295 <... munmap resumed>)             = 0
18294 <... munmap resumed>)             = 0
18291 mmap(NULL, 16384, PROT_READ|PROT_WRITE, MAP_PRIVATE|MAP_ANONYMOUS|MAP_NORESERVE, -1, 0 <unfinished ...>
18299 <... mmap resumed>)               = 0x7f54030c2000
18295 mmap(NULL, 16384, PROT_READ|PROT_WRITE, MAP_PRIVATE|MAP_ANONYMOUS|MAP_NORESERVE, -1, 0 <unfinished ...>
18294 mmap(NULL, 16384, PROT_READ|PROT_WRITE, MAP_PRIVATE|MAP_ANONYMOUS|MAP_NORESERVE, -1, 0 <unfinished ...>
18289 <... munmap resumed>)             = 0
18300 munmap(0x7f53faea8000, 16384 <unfinished ...>
18299 munmap(0x7f54030c2000, 16384 <unfinished ...>
18298 munmap(0x7f53faeb4000, 16384 <unfinished ...>
18286 <... mmap resumed>)               = 0x7f53faeb0000
18290 <... mmap resumed>)               = 0x7f53faeac000
18289 mmap(NULL, 16384, PROT_READ|PROT_WRITE, MAP_PRIVATE|MAP_ANONYMOUS|MAP_NORESERVE, -1, 0 <unfinished ...>
18286 munmap(0x7f53faeb0000, 16384 <unfinished ...>
18285 <... munmap resumed>)             = 0
18295 <... mmap resumed>)               = 0x7f53faea0000
18295 munmap(0x7f53faea0000, 16384 <unfinished ...>
18285 mmap(NULL, 16384, PROT_READ|PROT_WRITE, MAP_PRIVATE|MAP_ANONYMOUS|MAP_NORESERVE, -1, 0 <unfinished ...>
18299 <... munmap resumed>)             = 0
18290 munmap(0x7f53faeac000, 16384 <unfinished ...>
18295 <... munmap resumed>)             = 0
18299 mmap(NULL, 16384, PROT_READ|PROT_WRITE, MAP_PRIVATE|MAP_ANONYMOUS|MAP_NORESERVE, -1, 0 <unfinished ...>
18285 <... mmap resumed>)               = 0x7f54030c2000
18295 mmap(NULL, 16384, PROT_READ|PROT_WRITE, MAP_PRIVATE|MAP_ANONYMOUS|MAP_NORESERVE, -1, 0 <unfinished ...>
18287 <... munmap resumed>)             = 0
18288 <... mmap resumed>)               = 0x7f53faea0000
18295 <... mmap resumed>)               = 0x7f53fae9c000
18287 mmap(NULL, 16384, PROT_READ|PROT_WRITE, MAP_PRIVATE|MAP_ANONYMOUS|MAP_NORESERVE, -1, 0 <unfinished ...>
18295 munmap(0x7f53fae9c000, 16384 <unfinished ...>
18287 <... mmap resumed>)               = 0x7f53fae98000
18288 munmap(0x7f53faea0000, 16384 <unfinished ...>
18297 <... munmap resumed>)             = 0
18287 munmap(0x7f53fae98000, 16384 <unfinished ...>
18293 <... mmap resumed>)               = 0x7f53faea0000
18288 <... munmap resumed>)             = 0
18297 mmap(NULL, 16384, PROT_READ|PROT_WRITE, MAP_PRIVATE|MAP_ANONYMOUS|MAP_NORESERVE, -1, 0 <unfinished ...>
18288 mmap(NULL, 16384, PROT_READ|PROT_WRITE, MAP_PRIVATE|MAP_ANONYMOUS|MAP_NORESERVE, -1, 0 <unfinished ...>
18296 <... munmap resumed>)             = 0
18288 <... mmap resumed>)               = 0x7f53faea4000
18300 <... munmap resumed>)             = 0
18296 mmap(NULL, 16384, PROT_READ|PROT_WRITE, MAP_PRIVATE|MAP_ANONYMOUS|MAP_NORESERVE, -1, 0 <unfinished ...>
18292 <... mmap resumed>)               = 0x7f53fae94000
18291 <... mmap resumed>)               = 0x7f53fae90000
18288 munmap(0x7f53faea4000, 16384 <unfinished ...>
18300 mmap(NULL, 16384, PROT_READ|PROT_WRITE, MAP_PRIVATE|MAP_ANONYMOUS|MAP_NORESERVE, -1, 0 <unfinished ...>
18298 <... munmap resumed>)             = 0
18296 <... mmap resumed>)               = 0x7f53faea8000
18294 <... mmap resumed>)               = 0x7f53faeb4000
18292 munmap(0x7f53fae94000, 16384 <unfinished ...>
18289 <... mmap resumed>)               = 0x7f53fae8c000
18288 <... munmap resumed>)             = 0
18286 <... munmap resumed>)             = 0
18294 munmap(0x7f53faeb4000, 16384 <unfinished ...>
18288 mmap(NULL, 16384, PROT_READ|PROT_WRITE, MAP_PRIVATE|MAP_ANONYMOUS|MAP_NORESERVE, -1, 0 <unfinished ...>
18298 mmap(NULL, 16384, PROT_READ|PROT_WRITE, MAP_PRIVATE|MAP_ANONYMOUS|MAP_NORESERVE, -1, 0 <unfinished ...>
18296 munmap(0x7f53faea8000, 16384 <unfinished ...>
18289 munmap(0x7f53fae8c000, 16384 <unfinished ...>
18286 mmap(NULL, 16384, PROT_READ|PROT_WRITE, MAP_PRIVATE|MAP_ANONYMOUS|MAP_NORESERVE, -1, 0 <unfinished ...>
18290 <... munmap resumed>)             = 0
18299 <... mmap resumed>)               = 0x7f53faeb0000
18293 munmap(0x7f53faea0000, 16384 <unfinished ...>
18290 mmap(NULL, 16384, PROT_READ|PROT_WRITE, MAP_PRIVATE|MAP_ANONYMOUS|MAP_NORESERVE, -1, 0 <unfinished ...>
18285 munmap(0x7f54030c2000, 16384 <unfinished ...>
18296 <... munmap resumed>)             = 0
18292 <... munmap resumed>)             = 0
18291 munmap(0x7f53fae90000, 16384 <unfinished ...>
18295 <... munmap resumed>)             = 0
18296 mmap(NULL, 16384, PROT_READ|PROT_WRITE, MAP_PRIVATE|MAP_ANONYMOUS|MAP_NORESERVE, -1, 0 <unfinished ...>
18292 mmap(NULL, 16384, PROT_READ|PROT_WRITE, MAP_PRIVATE|MAP_ANONYMOUS|MAP_NORESERVE, -1, 0 <unfinished ...>
18299 munmap(0x7f53faeb0000, 16384 <unfinished ...>
18290 <... mmap resumed>)               = 0x7f53faeac000
18290 munmap(0x7f53faeac000, 16384 <unfinished ...>
18287 <... munmap resumed>)             = 0
18295 mmap(NULL, 16384, PROT_READ|PROT_WRITE, MAP_PRIVATE|MAP_ANONYMOUS|MAP_NORESERVE, -1, 0 <unfinished ...>
18290 <... munmap resumed>)             = 0
18300 <... mmap resumed>)               = 0x7f53faeac000
18299 <... munmap resumed>)             = 0
18297 <... mmap resumed>)               = 0x7f53faeb0000
18295 <... mmap resumed>)               = 0x7f53faea8000
18287 mmap(NULL, 16384, PROT_READ|PROT_WRITE, MAP_PRIVATE|MAP_ANONYMOUS|MAP_NORESERVE, -1, 0 <unfinished ...>
18300 munmap(0x7f53faeac000, 16384 <unfinished ...>
18299 mmap(NULL, 16384, PROT_READ|PROT_WRITE, MAP_PRIVATE|MAP_ANONYMOUS|MAP_NORESERVE, -1, 0 <unfinished ...>
18297 munmap(0x7f53faeb0000, 16384 <unfinished ...>
18290 mmap(NULL, 16384, PROT_READ|PROT_WRITE, MAP_PRIVATE|MAP_ANONYMOUS|MAP_NORESERVE, -1, 0 <unfinished ...>
18288 <... mmap resumed>)               = 0x7f53faea4000
18300 <... munmap resumed>)             = 0
18299 <... mmap resumed>)               = 0x7f53fae98000
18298 <... mmap resumed>)               = 0x7f53faeb4000
18294 <... munmap resumed>)             = 0
18287 <... mmap resumed>)               = 0x7f53fae9c000
18286 <... mmap resumed>)               = 0x7f53fae94000
18299 munmap(0x7f53fae98000, 16384 <unfinished ...>
18298 munmap(0x7f53faeb4000, 16384 <unfinished ...>
18297 <... munmap resumed>)             = 0
18288 munmap(0x7f53faea4000, 16384 <unfinished ...>
18287 munmap(0x7f53fae9c000, 16384 <unfinished ...>
18294 mmap(NULL, 16384, PROT_READ|PROT_WRITE, MAP_PRIVATE|MAP_ANONYMOUS|MAP_NORESERVE, -1, 0 <unfinished ...>
18286 munmap(0x7f53fae94000, 16384 <unfinished ...>
18300 mmap(NULL, 16384, PROT_READ|PROT_WRITE, MAP_PRIVATE|MAP_ANONYMOUS|MAP_NORESERVE, -1, 0 <unfinished ...>
18297 mmap(NULL, 16384, PROT_READ|PROT_WRITE, MAP_PRIVATE|MAP_ANONYMOUS|MAP_NORESERVE, -1, 0 <unfinished ...>
18289 <... munmap resumed>)             = 0
18286 <... munmap resumed>)             = 0
18300 <... mmap resumed>)               = 0x7f53faeb0000
18293 <... munmap resumed>)             = 0
18291 <... munmap resumed>)             = 0
18289 mmap(NULL, 16384, PROT_READ|PROT_WRITE, MAP_PRIVATE|MAP_ANONYMOUS|MAP_NORESERVE, -1, 0 <unfinished ...>
18286 mmap(NULL, 16384, PROT_READ|PROT_WRITE, MAP_PRIVATE|MAP_ANONYMOUS|MAP_NORESERVE, -1, 0 <unfinished ...>
18300 munmap(0x7f53faeb0000, 16384 <unfinished ...>
18296 <... mmap resumed>)               = 0x7f54030c2000
18295 munmap(0x7f53faea8000, 16384 <unfinished ...>
18293 mmap(NULL, 16384, PROT_READ|PROT_WRITE, MAP_PRIVATE|MAP_ANONYMOUS|MAP_NORESERVE, -1, 0 <unfinished ...>
18292 <... mmap resumed>)               = 0x7f53faeac000
18291 mmap(NULL, 16384, PROT_READ|PROT_WRITE, MAP_PRIVATE|MAP_ANONYMOUS|MAP_NORESERVE, -1, 0 <unfinished ...>
18290 <... mmap resumed>)               = 0x7f53fae94000
18289 <... mmap resumed>)               = 0x7f53faea0000
18285 <... munmap resumed>)             = 0
18300 <... munmap resumed>)             = 0
18299 <... munmap resumed>)             = 0
18298 <... munmap resumed>)             = 0
18292 munmap(0x7f53faeac000, 16384 <unfinished ...>
18291 <... mmap resumed>)               = 0x7f53faeb0000
18286 <... mmap resumed>)               = 0x7f53faeb4000
18300 mmap(NULL, 16384, PROT_READ|PROT_WRITE, MAP_PRIVATE|MAP_ANONYMOUS|MAP_NORESERVE, -1, 0 <unfinished ...>
18299 mmap(NULL, 16384, PROT_READ|PROT_WRITE, MAP_PRIVATE|MAP_ANONYMOUS|MAP_NORESERVE, -1, 0 <unfinished ...>
18298 mmap(NULL, 16384, PROT_READ|PROT_WRITE, MAP_PRIVATE|MAP_ANONYMOUS|MAP_NORESERVE, -1, 0 <unfinished ...>
18290 munmap(0x7f53fae94000, 16384 <unfinished ...>
18289 munmap(0x7f53faea0000, 16384 <unfinished ...>
18287 <... munmap resumed>)             = 0
18285 mmap(NULL, 16384, PROT_READ|PROT_WRITE, MAP_PRIVATE|MAP_ANONYMOUS|MAP_NORESERVE, -1, 0 <unfinished ...>
18300 <... mmap resumed>)               = 0x7f53fae9c000
18299 <... mmap resumed>)               = 0x7f53fae90000
18297 <... mmap resumed>)               = 0x7f53fae98000
18296 munmap(0x7f54030c2000, 16384 <unfinished ...>
18295 <... munmap resumed>)             = 0
18294 <... mmap resumed>)               = 0x7f53faea4000
18291 munmap(0x7f53faeb0000, 16384 <unfinished ...>
18288 <... munmap resumed>)             = 0
18286 munmap(0x7f53faeb4000, 16384 <unfinished ...>
18300 munmap(0x7f53fae9c000, 16384 <unfinished ...>
18299 munmap(0x7f53fae90000, 16384 <unfinished ...>
18297 munmap(0x7f53fae98000, 16384 <unfinished ...>
18296 <... munmap resumed>)             = 0
18295 mmap(NULL, 16384, PROT_READ|PROT_WRITE, MAP_PRIVATE|MAP_ANONYMOUS|MAP_NORESERVE, -1, 0 <unfinished ...>
18294 munmap(0x7f53faea4000, 16384 <unfinished ...>
18289 <... munmap resumed>)             = 0
18287 mmap(NULL, 16384, PROT_READ|PROT_WRITE, MAP_PRIVATE|MAP_ANONYMOUS|MAP_NORESERVE, -1, 0 <unfinished ...>
18285 <... mmap resumed>)               = 0x7f53faea8000
18300 <... munmap resumed>)             = 0
18298 <... mmap resumed>)               = 0x7f53faeb0000
18296 mmap(NULL, 16384, PROT_READ|PROT_WRITE, MAP_PRIVATE|MAP_ANONYMOUS|MAP_NORESERVE, -1, 0 <unfinished ...>
18295 <... mmap resumed>)               = 0x7f53faeb4000
18293 <... mmap resumed>)               = 0x7f54030c2000
18292 <... munmap resumed>)             = 0
18291 <... munmap resumed>)             = 0
18289 mmap(NULL, 16384, PROT_READ|PROT_WRITE, MAP_PRIVATE|MAP_ANONYMOUS|MAP_NORESERVE, -1, 0 <unfinished ...>
18288 mmap(NULL, 16384, PROT_READ|PROT_WRITE, MAP_PRIVATE|MAP_ANONYMOUS|MAP_NORESERVE, -1, 0 <unfinished ...>
18286 <... munmap resumed>)             = 0
18285 munmap(0x7f53faea8000, 16384 <unfinished ...>
18300 mmap(NULL, 16384, PROT_READ|PROT_WRITE, MAP_PRIVATE|MAP_ANONYMOUS|MAP_NORESERVE, -1, 0 <unfinished ...>
18299 <... munmap resumed>)             = 0
18298 munmap(0x7f53faeb0000, 16384 <unfinished ...>
18297 <... munmap resumed>)             = 0
18296 <... mmap resumed>)               = 0x7f53faeac000
18295 munmap(0x7f53faeb4000, 16384 <unfinished ...>
18294 <... munmap resumed>)             = 0
18292 mmap(NULL, 16384, PROT_READ|PROT_WRITE, MAP_PRIVATE|MAP_ANONYMOUS|MAP_NORESERVE, -1, 0 <unfinished ...>
18291 mmap(NULL, 16384, PROT_READ|PROT_WRITE, MAP_PRIVATE|MAP_ANONYMOUS|MAP_NORESERVE, -1, 0 <unfinished ...>
18290 <... munmap resumed>)             = 0
18289 <... mmap resumed>)               = 0x7f53faea4000
18288 <... mmap resumed>)               = 0x7f53faea0000
18286 mmap(NULL, 16384, PROT_READ|PROT_WRITE, MAP_PRIVATE|MAP_ANONYMOUS|MAP_NORESERVE, -1, 0 <unfinished ...>
18300 <... mmap resumed>)               = 0x7f53fae98000
18299 mmap(NULL, 16384, PROT_READ|PROT_WRITE, MAP_PRIVATE|MAP_ANONYMOUS|MAP_NORESERVE, -1, 0 <unfinished ...>
18297 mmap(NULL, 16384, PROT_READ|PROT_WRITE, MAP_PRIVATE|MAP_ANONYMOUS|MAP_NORESERVE, -1, 0 <unfinished ...>
18293 munmap(0x7f54030c2000, 16384 <unfinished ...>
18291 <... mmap resumed>)               = 0x7f53faea8000
18290 mmap(NULL, 16384, PROT_READ|PROT_WRITE, MAP_PRIVATE|MAP_ANONYMOUS|MAP_NORESERVE, -1, 0 <unfinished ...>
18287 <... mmap resumed>)               = 0x7f53fae9c000
18285 <... munmap resumed>)             = 0
18299 <... mmap resumed>)               = 0x7f53faeb0000
18298 <... munmap resumed>)             = 0
18294 mmap(NULL, 16384, PROT_READ|PROT_WRITE, MAP_PRIVATE|MAP_ANONYMOUS|MAP_NORESERVE, -1, 0 <unfinished ...>
18285 mmap(NULL, 16384, PROT_READ|PROT_WRITE, MAP_PRIVATE|MAP_ANONYMOUS|MAP_NORESERVE, -1, 0 <unfinished ...>
18298 mmap(NULL, 16384, PROT_READ|PROT_WRITE, MAP_PRIVATE|MAP_ANONYMOUS|MAP_NORESERVE, -1, 0 <unfinished ...>
18297 <... mmap resumed>)               = 0x7f53fae94000
18295 <... munmap resumed>)             = 0
18290 <... mmap resumed>)               = 0x7f53faeb4000
18289 munmap(0x7f53faea4000, 16384 <unfinished ...>
18287 munmap(0x7f53fae9c000, 16384 <unfinished ...>
18285 <... mmap resumed>)               = 0x7f53fae90000
18300 munmap(0x7f53fae98000, 16384 <unfinished ...>
18299 munmap(0x7f53faeb0000, 16384 <unfinished ...>
18297 munmap(0x7f53fae94000, 16384 <unfinished ...>
18296 munmap(0x7f53faeac000, 16384 <unfinished ...>
18295 mmap(NULL, 16384, PROT_READ|PROT_WRITE, MAP_PRIVATE|MAP_ANONYMOUS|MAP_NORESERVE, -1, 0 <unfinished ...>
18292 <... mmap resumed>)               = 0x7f53fae8c000
18291 munmap(0x7f53faea8000, 16384 <unfinished ...>
18288 munmap(0x7f53faea0000, 16384 <unfinished ...>
18285 munmap(0x7f53fae90000, 16384 <unfinished ...>
18292 munmap(0x7f53fae8c000, 16384 <unfinished ...>
18286 <... mmap resumed>)               = 0x7f53fae88000
18300 <... munmap resumed>)             = 0
18291 <... munmap resumed>)             = 0
18286 munmap(0x7f53fae88000, 16384 <unfinished ...>
18285 <... munmap resumed>)             = 0
18300 mmap(NULL, 16384, PROT_READ|PROT_WRITE, MAP_PRIVATE|MAP_ANONYMOUS|MAP_NORESERVE, -1, 0 <unfinished ...>
18291 mmap(NULL, 16384, PROT_READ|PROT_WRITE, MAP_PRIVATE|MAP_ANONYMOUS|MAP_NORESERVE, -1, 0 <unfinished ...>
18285 mmap(NULL, 16384, PROT_READ|PROT_WRITE, MAP_PRIVATE|MAP_ANONYMOUS|MAP_NORESERVE, -1, 0 <unfinished ...>
18293 <... munmap resumed>)             = 0
18291 <... mmap resumed>)               = 0x7f54030c2000
18285 <... mmap resumed>)               = 0x7f53faea8000
18298 <... mmap resumed>)               = 0x7f53fae90000
18294 <... mmap resumed>)               = 0x7f53fae98000
18293 mmap(NULL, 16384, PROT_READ|PROT_WRITE, MAP_PRIVATE|MAP_ANONYMOUS|MAP_NORESERVE, -1, 0 <unfinished ...>
18291 munmap(0x7f54030c2000, 16384 <unfinished ...>
18298 munmap(0x7f53fae90000, 16384 <unfinished ...>
18294 munmap(0x7f53fae98000, 16384 <unfinished ...>
18287 <... munmap resumed>)             = 0
18285 munmap(0x7f53faea8000, 16384 <unfinished ...>
18299 <... munmap resumed>)             = 0
18297 <... munmap resumed>)             = 0
18287 mmap(NULL, 16384, PROT_READ|PROT_WRITE, MAP_PRIVATE|MAP_ANONYMOUS|MAP_NORESERVE, -1, 0 <unfinished ...>
18285 <... munmap resumed>)             = 0
18299 mmap(NULL, 16384, PROT_READ|PROT_WRITE, MAP_PRIVATE|MAP_ANONYMOUS|MAP_NORESERVE, -1, 0 <unfinished ...>
18297 mmap(NULL, 16384, PROT_READ|PROT_WRITE, MAP_PRIVATE|MAP_ANONYMOUS|MAP_NORESERVE, -1, 0 <unfinished ...>
18296 <... munmap resumed>)             = 0
18285 mmap(NULL, 16384, PROT_READ|PROT_WRITE, MAP_PRIVATE|MAP_ANONYMOUS|MAP_NORESERVE, -1, 0 <unfinished ...>
18299 <... mmap resumed>)               = 0x7f53faeac000
18296 mmap(NULL, 16384, PROT_READ|PROT_WRITE, MAP_PRIVATE|MAP_ANONYMOUS|MAP_NORESERVE, -1, 0 <unfinished ...>
18290 munmap(0x7f53faeb4000, 16384 <unfinished ...>
18287 <... mmap resumed>)               = 0x7f53faeb0000
18296 <... mmap resumed>)               = 0x7f53faea4000
18289 <... munmap resumed>)             = 0
18285 <... mmap resumed>)               = 0x7f53faea8000
18296 munmap(0x7f53faea4000, 16384 <unfinished ...>
18295 <... mmap resumed>)               = 0x7f53fae9c000
18287 munmap(0x7f53faeb0000, 16384 <unfinished ...>
18290 <... munmap resumed>)             = 0
18285 munmap(0x7f53faea8000, 16384 <unfinished ...>
18295 munmap(0x7f53fae9c000, 16384 <unfinished ...>
18290 mmap(NULL, 16384, PROT_READ|PROT_WRITE, MAP_PRIVATE|MAP_ANONYMOUS|MAP_NORESERVE, -1, 0 <unfinished ...>
18289 mmap(NULL, 16384, PROT_READ|PROT_WRITE, MAP_PRIVATE|MAP_ANONYMOUS|MAP_NORESERVE, -1, 0 <unfinished ...>
18296 <... munmap resumed>)             = 0
18288 <... munmap resumed>)             = 0
18290 <... mmap resumed>)               = 0x7f53faeb4000
18289 <... mmap resumed>)               = 0x7f53faea4000
18296 mmap(NULL, 16384, PROT_READ|PROT_WRITE, MAP_PRIVATE|MAP_ANONYMOUS|MAP_NORESERVE, -1, 0 <unfinished ...>
18290 munmap(0x7f53faeb4000, 16384 <unfinished ...>
18289 munmap(0x7f53faea4000, 16384 <unfinished ...>
18288 mmap(NULL, 16384, PROT_READ|PROT_WRITE, MAP_PRIVATE|MAP_ANONYMOUS|MAP_NORESERVE, -1, 0 <unfinished ...>
18292 <... munmap resumed>)             = 0
18290 <... munmap resumed>)             = 0
18286 <... munmap resumed>)             = 0
18300 <... mmap resumed>)               = 0x7f53faeb4000
18292 mmap(NULL, 16384, PROT_READ|PROT_WRITE, MAP_PRIVATE|MAP_ANONYMOUS|MAP_NORESERVE, -1, 0 <unfinished ...>
18290 mmap(NULL, 16384, PROT_READ|PROT_WRITE, MAP_PRIVATE|MAP_ANONYMOUS|MAP_NORESERVE, -1, 0 <unfinished ...>
18286 mmap(NULL, 16384, PROT_READ|PROT_WRITE, MAP_PRIVATE|MAP_ANONYMOUS|MAP_NORESERVE, -1, 0 <unfinished ...>
18300 munmap(0x7f53faeb4000, 16384 <unfinished ...>
18293 <... mmap resumed>)               = 0x7f53faea0000
18291 <... munmap resumed>)             = 0
18290 <... mmap resumed>)               = 0x7f54030c2000
18300 <... munmap resumed>)             = 0
18298 <... munmap resumed>)             = 0
18300 mmap(NULL, 16384, PROT_READ|PROT_WRITE, MAP_PRIVATE|MAP_ANONYMOUS|MAP_NORESERVE, -1, 0 <unfinished ...>
18298 mmap(NULL, 16384, PROT_READ|PROT_WRITE, MAP_PRIVATE|MAP_ANONYMOUS|MAP_NORESERVE, -1, 0 <unfinished ...>
18291 mmap(NULL, 16384, PROT_READ|PROT_WRITE, MAP_PRIVATE|MAP_ANONYMOUS|MAP_NORESERVE, -1, 0 <unfinished ...>
18300 <... mmap resumed>)               = 0x7f53faeb4000
18294 <... munmap resumed>)             = 0
18297 <... mmap resumed>)               = 0x7f53fae98000
18299 munmap(0x7f53faeac000, 16384 <unfinished ...>
18294 mmap(NULL, 16384, PROT_READ|PROT_WRITE, MAP_PRIVATE|MAP_ANONYMOUS|MAP_NORESERVE, -1, 0 <unfinished ...>
18293 munmap(0x7f53faea0000, 16384 <unfinished ...>
18300 munmap(0x7f53faeb4000, 16384 <unfinished ...>
18290 munmap(0x7f54030c2000, 16384 <unfinished ...>
18299 <... munmap resumed>)             = 0
18290 <... munmap resumed>)             = 0
18287 <... munmap resumed>)             = 0
18299 mmap(NULL, 16384, PROT_READ|PROT_WRITE, MAP_PRIVATE|MAP_ANONYMOUS|MAP_NORESERVE, -1, 0 <unfinished ...>
18290 mmap(NULL, 16384, PROT_READ|PROT_WRITE, MAP_PRIVATE|MAP_ANONYMOUS|MAP_NORESERVE, -1, 0 <unfinished ...>
18287 mmap(NULL, 16384, PROT_READ|PROT_WRITE, MAP_PRIVATE|MAP_ANONYMOUS|MAP_NORESERVE, -1, 0 <unfinished ...>
18285 <... munmap resumed>)             = 0
18290 <... mmap resumed>)               = 0x7f54030c2000
18299 <... mmap resumed>)               = 0x7f53faeb0000
18296 <... mmap resumed>)               = 0x7f53faea8000
18295 <... munmap resumed>)             = 0
18290 munmap(0x7f54030c2000, 16384 <unfinished ...>
18287 <... mmap resumed>)               = 0x7f53faeac000
18285 mmap(NULL, 16384, PROT_READ|PROT_WRITE, MAP_PRIVATE|MAP_ANONYMOUS|MAP_NORESERVE, -1, 0 <unfinished ...>
18299 munmap(0x7f53faeb0000, 16384 <unfinished ...>
18295 mmap(NULL, 16384, PROT_READ|PROT_WRITE, MAP_PRIVATE|MAP_ANONYMOUS|MAP_NORESERVE, -1, 0 <unfinished ...>
18289 <... munmap resumed>)             = 0
18296 munmap(0x7f53faea8000, 16384 <unfinished ...>
18288 <... mmap resumed>)               = 0x7f53faea4000
18289 mmap(NULL, 16384, PROT_READ|PROT_WRITE, MAP_PRIVATE|MAP_ANONYMOUS|MAP_NORESERVE, -1, 0 <unfinished ...>
18299 <... munmap resumed>)             = 0
18299 mmap(NULL, 16384, PROT_READ|PROT_WRITE, MAP_PRIVATE|MAP_ANONYMOUS|MAP_NORESERVE, -1, 0 <unfinished ...>
18292 <... mmap resumed>)               = 0x7f53faeb0000
18289 <... mmap resumed>)               = 0x7f53fae9c000
18299 <... mmap resumed>)               = 0x7f53fae94000
18292 munmap(0x7f53faeb0000, 16384 <unfinished ...>
18286 <... mmap resumed>)               = 0x7f53fae90000
18289 munmap(0x7f53fae9c000, 16384 <unfinished ...>
18298 <... mmap resumed>)               = 0x7f53fae8c000
18292 <... munmap resumed>)             = 0
18286 munmap(0x7f53fae90000, 16384 <unfinished ...>
18299 munmap(0x7f53fae94000, 16384 <unfinished ...>
18298 munmap(0x7f53fae8c000, 16384 <unfinished ...>
18292 mmap(NULL, 16384, PROT_READ|PROT_WRITE, MAP_PRIVATE|MAP_ANONYMOUS|MAP_NORESERVE, -1, 0 <unfinished ...>
18291 <... mmap resumed>)               = 0x7f53faeb0000
18288 munmap(0x7f53faea4000, 16384 <unfinished ...>
18287 munmap(0x7f53faeac000, 16384 <unfinished ...>
18299 <... munmap resumed>)             = 0
18297 munmap(0x7f53fae98000, 16384 <unfinished ...>
18294 <... mmap resumed>)               = 0x7f53fae90000
18291 munmap(0x7f53faeb0000, 16384 <unfinished ...>
18286 <... munmap resumed>)             = 0
18300 <... munmap resumed>)             = 0
18299 mmap(NULL, 16384, PROT_READ|PROT_WRITE, MAP_PRIVATE|MAP_ANONYMOUS|MAP_NORESERVE, -1, 0 <unfinished ...>
18287 <... munmap resumed>)             = 0
18286 mmap(NULL, 16384, PROT_READ|PROT_WRITE, MAP_PRIVATE|MAP_ANONYMOUS|MAP_NORESERVE, -1, 0 <unfinished ...>
18294 munmap(0x7f53fae90000, 16384 <unfinished ...>
18300 mmap(NULL, 16384, PROT_READ|PROT_WRITE, MAP_PRIVATE|MAP_ANONYMOUS|MAP_NORESERVE, -1, 0 <unfinished ...>
18286 <... mmap resumed>)               = 0x7f53faeb4000
18294 <... munmap resumed>)             = 0
18293 <... munmap resumed>)             = 0
18286 munmap(0x7f53faeb4000, 16384 <unfinished ...>
18287 mmap(NULL, 16384, PROT_READ|PROT_WRITE, MAP_PRIVATE|MAP_ANONYMOUS|MAP_NORESERVE, -1, 0 <unfinished ...>
18296 <... munmap resumed>)             = 0
18294 mmap(NULL, 16384, PROT_READ|PROT_WRITE, MAP_PRIVATE|MAP_ANONYMOUS|MAP_NORESERVE, -1, 0 <unfinished ...>
18293 mmap(NULL, 16384, PROT_READ|PROT_WRITE, MAP_PRIVATE|MAP_ANONYMOUS|MAP_NORESERVE, -1, 0 <unfinished ...>
18287 <... mmap resumed>)               = 0x7f53faeac000
18296 mmap(NULL, 16384, PROT_READ|PROT_WRITE, MAP_PRIVATE|MAP_ANONYMOUS|MAP_NORESERVE, -1, 0 <unfinished ...>
18294 <... mmap resumed>)               = 0x7f53faea8000
18293 <... mmap resumed>)               = 0x7f53faeb4000
18286 <... munmap resumed>)             = 0
18296 <... mmap resumed>)               = 0x7f53faea0000
18290 <... munmap resumed>)             = 0
18285 <... mmap resumed>)               = 0x7f54030c2000
18295 <... mmap resumed>)               = 0x7f53fae94000
18286 mmap(NULL, 16384, PROT_READ|PROT_WRITE, MAP_PRIVATE|MAP_ANONYMOUS|MAP_NORESERVE, -1, 0 <unfinished ...>
18296 munmap(0x7f53faea0000, 16384 <unfinished ...>
18294 munmap(0x7f53faea8000, 16384 <unfinished ...>
18293 munmap(0x7f53faeb4000, 16384 <unfinished ...>
18290 mmap(NULL, 16384, PROT_READ|PROT_WRITE, MAP_PRIVATE|MAP_ANONYMOUS|MAP_NORESERVE, -1, 0 <unfinished ...>
18289 <... munmap resumed>)             = 0
18295 munmap(0x7f53fae94000, 16384 <unfinished ...>
18298 <... munmap resumed>)             = 0
18294 <... munmap resumed>)             = 0
18289 mmap(NULL, 16384, PROT_READ|PROT_WRITE, MAP_PRIVATE|MAP_ANONYMOUS|MAP_NORESERVE, -1, 0 <unfinished ...>
18286 <... mmap resumed>)               = 0x7f53fae9c000
18298 mmap(NULL, 16384, PROT_READ|PROT_WRITE, MAP_PRIVATE|MAP_ANONYMOUS|MAP_NORESERVE, -1, 0 <unfinished ...>
18297 <... munmap resumed>)             = 0
18294 mmap(NULL, 16384, PROT_READ|PROT_WRITE, MAP_PRIVATE|MAP_ANONYMOUS|MAP_NORESERVE, -1, 0 <unfinished ...>
18292 <... mmap resumed>)               = 0x7f53faea8000
18288 <... munmap resumed>)             = 0
18297 mmap(NULL, 16384, PROT_READ|PROT_WRITE, MAP_PRIVATE|MAP_ANONYMOUS|MAP_NORESERVE, -1, 0 <unfinished ...>
18291 <... munmap resumed>)             = 0
18289 <... mmap resumed>)               = 0x7f53faeb0000
18298 <... mmap resumed>)               = 0x7f53faea4000
18297 <... mmap resumed>)               = 0x7f53fae90000
18294 <... mmap resumed>)               = 0x7f53fae8c000
18292 munmap(0x7f53faea8000, 16384 <unfinished ...>
18291 mmap(NULL, 16384, PROT_READ|PROT_WRITE, MAP_PRIVATE|MAP_ANONYMOUS|MAP_NORESERVE, -1, 0 <unfinished ...>
18288 mmap(NULL, 16384, PROT_READ|PROT_WRITE, MAP_PRIVATE|MAP_ANONYMOUS|MAP_NORESERVE, -1, 0 <unfinished ...>
18300 <... mmap resumed>)               = 0x7f53fae88000
18299 <... mmap resumed>)               = 0x7f53fae98000
18298 munmap(0x7f53faea4000, 16384 <unfinished ...>
18297 munmap(0x7f53fae90000, 16384 <unfinished ...>
18294 munmap(0x7f53fae8c000, 16384 <unfinished ...>
18289 munmap(0x7f53faeb0000, 16384 <unfinished ...>
18287 munmap(0x7f53faeac000, 16384 <unfinished ...>
18286 munmap(0x7f53fae9c000, 16384 <unfinished ...>
18300 munmap(0x7f53fae88000, 16384 <unfinished ...>
18299 munmap(0x7f53fae98000, 16384 <unfinished ...>
18297 <... munmap resumed>)             = 0
18296 <... munmap resumed>)             = 0
18291 <... mmap resumed>)               = 0x7f53fae80000
18288 <... mmap resumed>)               = 0x7f53fae84000
18285 munmap(0x7f54030c2000, 16384 <unfinished ...>
18297 mmap(NULL, 16384, PROT_READ|PROT_WRITE, MAP_PRIVATE|MAP_ANONYMOUS|MAP_NORESERVE, -1, 0 <unfinished ...>
18293 <... munmap resumed>)             = 0
18299 <... munmap resumed>)             = 0
18296 mmap(NULL, 16384, PROT_READ|PROT_WRITE, MAP_PRIVATE|MAP_ANONYMOUS|MAP_NORESERVE, -1, 0 <unfinished ...>
18291 munmap(0x7f53fae80000, 16384 <unfinished ...>
18288 munmap(0x7f53fae84000, 16384 <unfinished ...>
18299 mmap(NULL, 16384, PROT_READ|PROT_WRITE, MAP_PRIVATE|MAP_ANONYMOUS|MAP_NORESERVE, -1, 0 <unfinished ...>
18290 <... mmap resumed>)               = 0x7f53faeb4000
18293 mmap(NULL, 16384, PROT_READ|PROT_WRITE, MAP_PRIVATE|MAP_ANONYMOUS|MAP_NORESERVE, -1, 0 <unfinished ...>
18290 munmap(0x7f53faeb4000, 16384 <unfinished ...>
18288 <... munmap resumed>)             = 0
18295 <... munmap resumed>)             = 0
18293 <... mmap resumed>)               = 0x7f53faea0000
18288 mmap(NULL, 16384, PROT_READ|PROT_WRITE, MAP_PRIVATE|MAP_ANONYMOUS|MAP_NORESERVE, -1, 0 <unfinished ...>
18292 <... munmap resumed>)             = 0
18295 mmap(NULL, 16384, PROT_READ|PROT_WRITE, MAP_PRIVATE|MAP_ANONYMOUS|MAP_NORESERVE, -1, 0 <unfinished ...>
18293 munmap(0x7f53faea0000, 16384 <unfinished ...>
18292 mmap(NULL, 16384, PROT_READ|PROT_WRITE, MAP_PRIVATE|MAP_ANONYMOUS|MAP_NORESERVE, -1, 0 <unfinished ...>
18298 <... munmap resumed>)             = 0
18295 <... mmap resumed>)               = 0x7f53faea8000
18293 <... munmap resumed>)             = 0
18298 mmap(NULL, 16384, PROT_READ|PROT_WRITE, MAP_PRIVATE|MAP_ANONYMOUS|MAP_NORESERVE, -1, 0) = 0x7f53faea4000
18295 munmap(0x7f53faea8000, 16384 <unfinished ...>
18294 <... munmap resumed>)             = 0
18293 mmap(NULL, 16384, PROT_READ|PROT_WRITE, MAP_PRIVATE|MAP_ANONYMOUS|MAP_NORESERVE, -1, 0 <unfinished ...>
18292 <... mmap resumed>)               = 0x7f53faea0000
18295 <... munmap resumed>)             = 0
18294 mmap(NULL, 16384, PROT_READ|PROT_WRITE, MAP_PRIVATE|MAP_ANONYMOUS|MAP_NORESERVE, -1, 0 <unfinished ...>
18289 <... munmap resumed>)             = 0
18295 mmap(NULL, 16384, PROT_READ|PROT_WRITE, MAP_PRIVATE|MAP_ANONYMOUS|MAP_NORESERVE, -1, 0 <unfinished ...>
18292 munmap(0x7f53faea0000, 16384 <unfinished ...>
18287 <... munmap resumed>)             = 0
18289 mmap(NULL, 16384, PROT_READ|PROT_WRITE, MAP_PRIVATE|MAP_ANONYMOUS|MAP_NORESERVE, -1, 0 <unfinished ...>
18300 <... munmap resumed>)             = 0
18292 <... munmap resumed>)             = 0
18287 mmap(NULL, 16384, PROT_READ|PROT_WRITE, MAP_PRIVATE|MAP_ANONYMOUS|MAP_NORESERVE, -1, 0 <unfinished ...>
18300 mmap(NULL, 16384, PROT_READ|PROT_WRITE, MAP_PRIVATE|MAP_ANONYMOUS|MAP_NORESERVE, -1, 0 <unfinished ...>
18292 mmap(NULL, 16384, PROT_READ|PROT_WRITE, MAP_PRIVATE|MAP_ANONYMOUS|MAP_NORESERVE, -1, 0 <unfinished ...>
18289 <... mmap resumed>)               = 0x7f53faeb0000
18300 <... mmap resumed>)               = 0x7f53faea8000
18297 <... mmap resumed>)               = 0x7f53faeac000
18287 <... mmap resumed>)               = 0x7f54030c2000
18285 <... munmap resumed>)             = 0
18300 munmap(0x7f53faea8000, 16384 <unfinished ...>
18297 munmap(0x7f53faeac000, 16384 <unfinished ...>
18292 <... mmap resumed>)               = 0x7f53faea0000
18289 munmap(0x7f53faeb0000, 16384 <unfinished ...>
18297 <... munmap resumed>)             = 0
18291 <... munmap resumed>)             = 0
18286 <... munmap resumed>)             = 0
18285 mmap(NULL, 16384, PROT_READ|PROT_WRITE, MAP_PRIVATE|MAP_ANONYMOUS|MAP_NORESERVE, -1, 0 <unfinished ...>
18299 <... mmap resumed>)               = 0x7f53fae9c000
18297 mmap(NULL, 16384, PROT_READ|PROT_WRITE, MAP_PRIVATE|MAP_ANONYMOUS|MAP_NORESERVE, -1, 0 <unfinished ...>
18296 <... mmap resumed>)               = 0x7f53faeac000
18292 munmap(0x7f53faea0000, 16384 <unfinished ...>
18291 mmap(NULL, 16384, PROT_READ|PROT_WRITE, MAP_PRIVATE|MAP_ANONYMOUS|MAP_NORESERVE, -1, 0 <unfinished ...>
18289 <... munmap resumed>)             = 0
18286 mmap(NULL, 16384, PROT_READ|PROT_WRITE, MAP_PRIVATE|MAP_ANONYMOUS|MAP_NORESERVE, -1, 0 <unfinished ...>
18285 <... mmap resumed>)               = 0x7f53faeb0000
18299 munmap(0x7f53fae9c000, 16384 <unfinished ...>
18297 <... mmap resumed>)               = 0x7f53fae98000
18296 munmap(0x7f53faeac000, 16384 <unfinished ...>
18289 mmap(NULL, 16384, PROT_READ|PROT_WRITE, MAP_PRIVATE|MAP_ANONYMOUS|MAP_NORESERVE, -1, 0 <unfinished ...>
18298 munmap(0x7f53faea4000, 16384 <unfinished ...>
18297 munmap(0x7f53fae98000, 16384 <unfinished ...>
18290 <... munmap resumed>)             = 0
18288 <... mmap resumed>)               = 0x7f53fae94000
18286 <... mmap resumed>)               = 0x7f53faeb4000
18285 munmap(0x7f53faeb0000, 16384 <unfinished ...>
18298 <... munmap resumed>)             = 0
18297 <... munmap resumed>)             = 0
18290 mmap(NULL, 16384, PROT_READ|PROT_WRITE, MAP_PRIVATE|MAP_ANONYMOUS|MAP_NORESERVE, -1, 0 <unfinished ...>
18288 munmap(0x7f53fae94000, 16384 <unfinished ...>
18287 munmap(0x7f54030c2000, 16384 <unfinished ...>
18298 mmap(NULL, 16384, PROT_READ|PROT_WRITE, MAP_PRIVATE|MAP_ANONYMOUS|MAP_NORESERVE, -1, 0 <unfinished ...>
18297 mmap(NULL, 16384, PROT_READ|PROT_WRITE, MAP_PRIVATE|MAP_ANONYMOUS|MAP_NORESERVE, -1, 0 <unfinished ...>
18294 <... mmap resumed>)               = 0x7f53fae98000
18293 <... mmap resumed>)               = 0x7f53faea4000
18290 <... mmap resumed>)               = 0x7f53faeb0000
18286 munmap(0x7f53faeb4000, 16384 <unfinished ...>
18285 <... munmap resumed>)             = 0
18297 <... mmap resumed>)               = 0x7f53fae94000
18295 <... mmap resumed>)               = 0x7f53fae90000
18294 munmap(0x7f53fae98000, 16384 <unfinished ...>
18288 <... munmap resumed>)             = 0
18293 munmap(0x7f53faea4000, 16384 <unfinished ...>
18300 <... munmap resumed>)             = 0
18295 munmap(0x7f53fae90000, 16384 <unfinished ...>
18285 mmap(NULL, 16384, PROT_READ|PROT_WRITE, MAP_PRIVATE|MAP_ANONYMOUS|MAP_NORESERVE, -1, 0 <unfinished ...>
18300 mmap(NULL, 16384, PROT_READ|PROT_WRITE, MAP_PRIVATE|MAP_ANONYMOUS|MAP_NORESERVE, -1, 0 <unfinished ...>
18294 <... munmap resumed>)             = 0
18290 munmap(0x7f53faeb0000, 16384 <unfinished ...>
18288 mmap(NULL, 16384, PROT_READ|PROT_WRITE, MAP_PRIVATE|MAP_ANONYMOUS|MAP_NORESERVE, -1, 0 <unfinished ...>
18297 munmap(0x7f53fae94000, 16384 <unfinished ...>
18294 mmap(NULL, 16384, PROT_READ|PROT_WRITE, MAP_PRIVATE|MAP_ANONYMOUS|MAP_NORESERVE, -1, 0 <unfinished ...>
18293 <... munmap resumed>)             = 0
18299 <... munmap resumed>)             = 0
18297 <... munmap resumed>)             = 0
18292 <... munmap resumed>)             = 0
18291 <... mmap resumed>)               = 0x7f53faea8000
18299 mmap(NULL, 16384, PROT_READ|PROT_WRITE, MAP_PRIVATE|MAP_ANONYMOUS|MAP_NORESERVE, -1, 0 <unfinished ...>
18294 <... mmap resumed>)               = 0x7f53faea4000
18297 mmap(NULL, 16384, PROT_READ|PROT_WRITE, MAP_PRIVATE|MAP_ANONYMOUS|MAP_NORESERVE, -1, 0 <unfinished ...>
18293 mmap(NULL, 16384, PROT_READ|PROT_WRITE, MAP_PRIVATE|MAP_ANONYMOUS|MAP_NORESERVE, -1, 0 <unfinished ...>
18292 mmap(NULL, 16384, PROT_READ|PROT_WRITE, MAP_PRIVATE|MAP_ANONYMOUS|MAP_NORESERVE, -1, 0 <unfinished ...>
18289 <... mmap resumed>)               = 0x7f53faea0000
18299 <... mmap resumed>)               = 0x7f53faeac000
18296 <... munmap resumed>)             = 0
18294 munmap(0x7f53faea4000, 16384 <unfinished ...>
18291 munmap(0x7f53faea8000, 16384 <unfinished ...>
18287 <... munmap resumed>)             = 0
18299 munmap(0x7f53faeac000, 16384 <unfinished ...>
18298 <... mmap resumed>)               = 0x7f53fae98000
18296 mmap(NULL, 16384, PROT_READ|PROT_WRITE, MAP_PRIVATE|MAP_ANONYMOUS|MAP_NORESERVE, -1, 0 <unfinished ...>
18293 <... mmap resumed>)               = 0x7f53fae9c000
18292 <... mmap resumed>)               = 0x7f54030c2000
18289 munmap(0x7f53faea0000, 16384 <unfinished ...>
18298 munmap(0x7f53fae98000, 16384 <unfinished ...>
18294 <... munmap resumed>)             = 0
18287 mmap(NULL, 16384, PROT_READ|PROT_WRITE, MAP_PRIVATE|MAP_ANONYMOUS|MAP_NORESERVE, -1, 0 <unfinished ...>
18286 <... munmap resumed>)             = 0
18293 munmap(0x7f53fae9c000, 16384 <unfinished ...>
18292 munmap(0x7f54030c2000, 16384 <unfinished ...>
18289 <... munmap resumed>)             = 0
18289 mmap(NULL, 16384, PROT_READ|PROT_WRITE, MAP_PRIVATE|MAP_ANONYMOUS|MAP_NORESERVE, -1, 0 <unfinished ...>
18298 <... munmap resumed>)             = 0
18295 <... munmap resumed>)             = 0
18294 mmap(NULL, 16384, PROT_READ|PROT_WRITE, MAP_PRIVATE|MAP_ANONYMOUS|MAP_NORESERVE, -1, 0 <unfinished ...>
18286 mmap(NULL, 16384, PROT_READ|PROT_WRITE, MAP_PRIVATE|MAP_ANONYMOUS|MAP_NORESERVE, -1, 0 <unfinished ...>
18298 mmap(NULL, 16384, PROT_READ|PROT_WRITE, MAP_PRIVATE|MAP_ANONYMOUS|MAP_NORESERVE, -1, 0 <unfinished ...>
18293 <... munmap resumed>)             = 0
18295 mmap(NULL, 16384, PROT_READ|PROT_WRITE, MAP_PRIVATE|MAP_ANONYMOUS|MAP_NORESERVE, -1, 0 <unfinished ...>
18294 <... mmap resumed>)               = 0x7f53faea4000
18286 <... mmap resumed>)               = 0x7f53faeb4000
18295 <... mmap resumed>)               = 0x7f53faea0000
18293 mmap(NULL, 16384, PROT_READ|PROT_WRITE, MAP_PRIVATE|MAP_ANONYMOUS|MAP_NORESERVE, -1, 0 <unfinished ...>
18298 <... mmap resumed>)               = 0x7f53fae94000
18295 munmap(0x7f53faea0000, 16384 <unfinished ...>
18294 munmap(0x7f53faea4000, 16384 <unfinished ...>
18286 munmap(0x7f53faeb4000, 16384 <unfinished ...>
18285 <... mmap resumed>)               = 0x7f53fae9c000
18300 <... mmap resumed>)               = 0x7f53fae90000
18293 <... mmap resumed>)               = 0x7f53fae98000
18295 <... munmap resumed>)             = 0
18285 munmap(0x7f53fae9c000, 16384 <unfinished ...>
18300 munmap(0x7f53fae90000, 16384 <unfinished ...>
18295 mmap(NULL, 16384, PROT_READ|PROT_WRITE, MAP_PRIVATE|MAP_ANONYMOUS|MAP_NORESERVE, -1, 0 <unfinished ...>
18293 munmap(0x7f53fae98000, 16384 <unfinished ...>
18290 <... munmap resumed>)             = 0
18288 <... mmap resumed>)               = 0x7f53faeb0000
18297 <... mmap resumed>)               = 0x7f53faea0000
18290 mmap(NULL, 16384, PROT_READ|PROT_WRITE, MAP_PRIVATE|MAP_ANONYMOUS|MAP_NORESERVE, -1, 0 <unfinished ...>
18288 munmap(0x7f53faeb0000, 16384 <unfinished ...>
18297 munmap(0x7f53faea0000, 16384 <unfinished ...>
18291 <... munmap resumed>)             = 0
18290 <... mmap resumed>)               = 0x7f53faea8000
18299 <... munmap resumed>)             = 0
18291 mmap(NULL, 16384, PROT_READ|PROT_WRITE, MAP_PRIVATE|MAP_ANONYMOUS|MAP_NORESERVE, -1, 0 <unfinished ...>
18297 <... munmap resumed>)             = 0
18296 <... mmap resumed>)               = 0x7f53faeac000
18290 munmap(0x7f53faea8000, 16384 <unfinished ...>
18287 <... mmap resumed>)               = 0x7f53faea0000
18299 mmap(NULL, 16384, PROT_READ|PROT_WRITE, MAP_PRIVATE|MAP_ANONYMOUS|MAP_NORESERVE, -1, 0 <unfinished ...>
18298 munmap(0x7f53fae94000, 16384 <unfinished ...>
18297 mmap(NULL, 16384, PROT_READ|PROT_WRITE, MAP_PRIVATE|MAP_ANONYMOUS|MAP_NORESERVE, -1, 0 <unfinished ...>
18296 munmap(0x7f53faeac000, 16384 <unfinished ...>
18292 <... munmap resumed>)             = 0
18291 <... mmap resumed>)               = 0x7f54030c2000
18290 <... munmap resumed>)             = 0
18289 <... mmap resumed>)               = 0x7f53fae8c000
18298 <... munmap resumed>)             = 0
18294 <... munmap resumed>)             = 0
18287 munmap(0x7f53faea0000, 16384 <unfinished ...>
18290 mmap(NULL, 16384, PROT_READ|PROT_WRITE, MAP_PRIVATE|MAP_ANONYMOUS|MAP_NORESERVE, -1, 0 <unfinished ...>
18286 <... munmap resumed>)             = 0
18298 mmap(NULL, 16384, PROT_READ|PROT_WRITE, MAP_PRIVATE|MAP_ANONYMOUS|MAP_NORESERVE, -1, 0 <unfinished ...>
18291 munmap(0x7f54030c2000, 16384 <unfinished ...>
18289 munmap(0x7f53fae8c000, 16384 <unfinished ...>
18287 <... munmap resumed>)             = 0
18294 mmap(NULL, 16384, PROT_READ|PROT_WRITE, MAP_PRIVATE|MAP_ANONYMOUS|MAP_NORESERVE, -1, 0 <unfinished ...>
18292 mmap(NULL, 16384, PROT_READ|PROT_WRITE, MAP_PRIVATE|MAP_ANONYMOUS|MAP_NORESERVE, -1, 0 <unfinished ...>
18290 <... mmap resumed>)               = 0x7f53faeb4000
18287 mmap(NULL, 16384, PROT_READ|PROT_WRITE, MAP_PRIVATE|MAP_ANONYMOUS|MAP_NORESERVE, -1, 0 <unfinished ...>
18286 mmap(NULL, 16384, PROT_READ|PROT_WRITE, MAP_PRIVATE|MAP_ANONYMOUS|MAP_NORESERVE, -1, 0 <unfinished ...>
18292 <... mmap resumed>)               = 0x7f53faea8000
18285 <... munmap resumed>)             = 0
18300 <... munmap resumed>)             = 0
18290 munmap(0x7f53faeb4000, 16384 <unfinished ...>
18287 <... mmap resumed>)               = 0x7f53faea4000
18286 <... mmap resumed>)               = 0x7f53faea0000
18300 mmap(NULL, 16384, PROT_READ|PROT_WRITE, MAP_PRIVATE|MAP_ANONYMOUS|MAP_NORESERVE, -1, 0 <unfinished ...>
18295 <... mmap resumed>)               = 0x7f53fae9c000
18293 <... munmap resumed>)             = 0
18292 munmap(0x7f53faea8000, 16384 <unfinished ...>
18285 mmap(NULL, 16384, PROT_READ|PROT_WRITE, MAP_PRIVATE|MAP_ANONYMOUS|MAP_NORESERVE, -1, 0 <unfinished ...>
18300 <... mmap resumed>)               = 0x7f53faeb0000
18299 <... mmap resumed>)               = 0x7f53fae98000
18297 <... mmap resumed>)               = 0x7f53fae94000
18293 mmap(NULL, 16384, PROT_READ|PROT_WRITE, MAP_PRIVATE|MAP_ANONYMOUS|MAP_NORESERVE, -1, 0 <unfinished ...>
18288 <... munmap resumed>)             = 0
18287 munmap(0x7f53faea4000, 16384 <unfinished ...>
18286 munmap(0x7f53faea0000, 16384 <unfinished ...>
18297 munmap(0x7f53fae94000, 16384 <unfinished ...>
18295 munmap(0x7f53fae9c000, 16384 <unfinished ...>
18298 <... mmap resumed>)               = 0x7f53faeac000
18296 <... munmap resumed>)             = 0
18293 <... mmap resumed>)               = 0x7f53fae90000
18288 mmap(NULL, 16384, PROT_READ|PROT_WRITE, MAP_PRIVATE|MAP_ANONYMOUS|MAP_NORESERVE, -1, 0 <unfinished ...>
18299 munmap(0x7f53fae98000, 16384 <unfinished ...>
18298 munmap(0x7f53faeac000, 16384 <unfinished ...>
18297 <... munmap resumed>)             = 0
18296 mmap(NULL, 16384, PROT_READ|PROT_WRITE, MAP_PRIVATE|MAP_ANONYMOUS|MAP_NORESERVE, -1, 0 <unfinished ...>
18299 <... munmap resumed>)             = 0
18297 mmap(NULL, 16384, PROT_READ|PROT_WRITE, MAP_PRIVATE|MAP_ANONYMOUS|MAP_NORESERVE, -1, 0 <unfinished ...>
18294 <... mmap resumed>)               = 0x7f54030c2000
18293 munmap(0x7f53fae90000, 16384 <unfinished ...>
18291 <... munmap resumed>)             = 0
18289 <... munmap resumed>)             = 0
18299 mmap(NULL, 16384, PROT_READ|PROT_WRITE, MAP_PRIVATE|MAP_ANONYMOUS|MAP_NORESERVE, -1, 0 <unfinished ...>
18291 mmap(NULL, 16384, PROT_READ|PROT_WRITE, MAP_PRIVATE|MAP_ANONYMOUS|MAP_NORESERVE, -1, 0 <unfinished ...>
18290 <... munmap resumed>)             = 0
18292 <... munmap resumed>)             = 0
18289 mmap(NULL, 16384, PROT_READ|PROT_WRITE, MAP_PRIVATE|MAP_ANONYMOUS|MAP_NORESERVE, -1, 0 <unfinished ...>
18300 munmap(0x7f53faeb0000, 16384 <unfinished ...>
18290 mmap(NULL, 16384, PROT_READ|PROT_WRITE, MAP_PRIVATE|MAP_ANONYMOUS|MAP_NORESERVE, -1, 0 <unfinished ...>
18292 mmap(NULL, 16384, PROT_READ|PROT_WRITE, MAP_PRIVATE|MAP_ANONYMOUS|MAP_NORESERVE, -1, 0 <unfinished ...>
18285 <... mmap resumed>)               = 0x7f53faeb4000
18300 <... munmap resumed>)             = 0
18294 munmap(0x7f54030c2000, 16384 <unfinished ...>
18292 <... mmap resumed>)               = 0x7f53fae98000
18290 <... mmap resumed>)               = 0x7f53faeb0000
18289 <... mmap resumed>)               = 0x7f53faea8000
18300 mmap(NULL, 16384, PROT_READ|PROT_WRITE, MAP_PRIVATE|MAP_ANONYMOUS|MAP_NORESERVE, -1, 0 <unfinished ...>
18285 munmap(0x7f53faeb4000, 16384 <unfinished ...>
18294 <... munmap resumed>)             = 0
18292 munmap(0x7f53fae98000, 16384 <unfinished ...>
18290 munmap(0x7f53faeb0000, 16384 <unfinished ...>
18289 munmap(0x7f53faea8000, 16384 <unfinished ...>
18294 mmap(NULL, 16384, PROT_READ|PROT_WRITE, MAP_PRIVATE|MAP_ANONYMOUS|MAP_NORESERVE, -1, 0 <unfinished ...>
18287 <... munmap resumed>)             = 0
18286 <... munmap resumed>)             = 0
18285 <... munmap resumed>)             = 0
18290 <... munmap resumed>)             = 0
18287 mmap(NULL, 16384, PROT_READ|PROT_WRITE, MAP_PRIVATE|MAP_ANONYMOUS|MAP_NORESERVE, -1, 0 <unfinished ...>
18286 mmap(NULL, 16384, PROT_READ|PROT_WRITE, MAP_PRIVATE|MAP_ANONYMOUS|MAP_NORESERVE, -1, 0 <unfinished ...>
18292 <... munmap resumed>)             = 0
18290 mmap(NULL, 16384, PROT_READ|PROT_WRITE, MAP_PRIVATE|MAP_ANONYMOUS|MAP_NORESERVE, -1, 0 <unfinished ...>
18295 <... munmap resumed>)             = 0
18292 mmap(NULL, 16384, PROT_READ|PROT_WRITE, MAP_PRIVATE|MAP_ANONYMOUS|MAP_NORESERVE, -1, 0 <unfinished ...>
18290 <... mmap resumed>)               = 0x7f54030c2000
18285 mmap(NULL, 16384, PROT_READ|PROT_WRITE, MAP_PRIVATE|MAP_ANONYMOUS|MAP_NORESERVE, -1, 0 <unfinished ...>
18296 <... mmap resumed>)               = 0x7f53faeb0000
18295 mmap(NULL, 16384, PROT_READ|PROT_WRITE, MAP_PRIVATE|MAP_ANONYMOUS|MAP_NORESERVE, -1, 0 <unfinished ...>
18292 <... mmap resumed>)               = 0x7f53faea4000
18288 <... mmap resumed>)               = 0x7f53faeb4000
18298 <... munmap resumed>)             = 0
18290 munmap(0x7f54030c2000, 16384 <unfinished ...>
18298 mmap(NULL, 16384, PROT_READ|PROT_WRITE, MAP_PRIVATE|MAP_ANONYMOUS|MAP_NORESERVE, -1, 0 <unfinished ...>
18297 <... mmap resumed>)               = 0x7f53faeac000
18297 munmap(0x7f53faeac000, 16384 <unfinished ...>
18285 <... mmap resumed>)               = 0x7f53faea0000
18290 <... munmap resumed>)             = 0
18290 mmap(NULL, 16384, PROT_READ|PROT_WRITE, MAP_PRIVATE|MAP_ANONYMOUS|MAP_NORESERVE, -1, 0 <unfinished ...>
18288 munmap(0x7f53faeb4000, 16384 <unfinished ...>
18285 munmap(0x7f53faea0000, 16384 <unfinished ...>
18293 <... munmap resumed>)             = 0
18300 <... mmap resumed>)               = 0x7f53fae94000
18293 mmap(NULL, 16384, PROT_READ|PROT_WRITE, MAP_PRIVATE|MAP_ANONYMOUS|MAP_NORESERVE, -1, 0 <unfinished ...>
18291 <... mmap resumed>)               = 0x7f53fae98000
18290 <... mmap resumed>)               = 0x7f54030c2000
18299 <... mmap resumed>)               = 0x7f53fae9c000
18300 munmap(0x7f53fae94000, 16384 <unfinished ...>
18290 munmap(0x7f54030c2000, 16384 <unfinished ...>
18288 <... munmap resumed>)             = 0
18299 munmap(0x7f53fae9c000, 16384 <unfinished ...>
18294 <... mmap resumed>)               = 0x7f53faeb4000
18288 mmap(NULL, 16384, PROT_READ|PROT_WRITE, MAP_PRIVATE|MAP_ANONYMOUS|MAP_NORESERVE, -1, 0 <unfinished ...>
18294 munmap(0x7f53faeb4000, 16384 <unfinished ...>
18291 munmap(0x7f53fae98000, 16384 <unfinished ...>
18289 <... munmap resumed>)             = 0
18287 <... mmap resumed>)               = 0x7f53faea8000
18286 <... mmap resumed>)               = 0x7f53fae90000
18296 munmap(0x7f53faeb0000, 16384 <unfinished ...>
18289 mmap(NULL, 16384, PROT_READ|PROT_WRITE, MAP_PRIVATE|MAP_ANONYMOUS|MAP_NORESERVE, -1, 0 <unfinished ...>
18287 munmap(0x7f53faea8000, 16384 <unfinished ...>
18298 <... mmap resumed>)               = 0x7f53fae8c000
18292 munmap(0x7f53faea4000, 16384 <unfinished ...>
18298 munmap(0x7f53fae8c000, 16384 <unfinished ...>
18296 <... munmap resumed>)             = 0
18297 <... munmap resumed>)             = 0
18296 mmap(NULL, 16384, PROT_READ|PROT_WRITE, MAP_PRIVATE|MAP_ANONYMOUS|MAP_NORESERVE, -1, 0 <unfinished ...>
18295 <... mmap resumed>)               = 0x7f53faeb0000
18285 <... munmap resumed>)             = 0
18297 mmap(NULL, 16384, PROT_READ|PROT_WRITE, MAP_PRIVATE|MAP_ANONYMOUS|MAP_NORESERVE, -1, 0 <unfinished ...>
18293 <... mmap resumed>)               = 0x7f53faeac000
18295 munmap(0x7f53faeb0000, 16384 <unfinished ...>
18290 <... munmap resumed>)             = 0
18300 <... munmap resumed>)             = 0
18285 mmap(NULL, 16384, PROT_READ|PROT_WRITE, MAP_PRIVATE|MAP_ANONYMOUS|MAP_NORESERVE, -1, 0 <unfinished ...>
18300 mmap(NULL, 16384, PROT_READ|PROT_WRITE, MAP_PRIVATE|MAP_ANONYMOUS|MAP_NORESERVE, -1, 0 <unfinished ...>
18297 <... mmap resumed>)               = 0x7f54030c2000
18293 munmap(0x7f53faeac000, 16384 <unfinished ...>
18290 mmap(NULL, 16384, PROT_READ|PROT_WRITE, MAP_PRIVATE|MAP_ANONYMOUS|MAP_NORESERVE, -1, 0 <unfinished ...>
18288 <... mmap resumed>)               = 0x7f53faea0000
18295 <... munmap resumed>)             = 0
18299 <... munmap resumed>)             = 0
18295 mmap(NULL, 16384, PROT_READ|PROT_WRITE, MAP_PRIVATE|MAP_ANONYMOUS|MAP_NORESERVE, -1, 0 <unfinished ...>
18293 <... munmap resumed>)             = 0
18288 munmap(0x7f53faea0000, 16384 <unfinished ...>
18299 mmap(NULL, 16384, PROT_READ|PROT_WRITE, MAP_PRIVATE|MAP_ANONYMOUS|MAP_NORESERVE, -1, 0 <unfinished ...>
18291 <... munmap resumed>)             = 0
18299 <... mmap resumed>)               = 0x7f53faeb4000
18297 munmap(0x7f54030c2000, 16384 <unfinished ...>
18294 <... munmap resumed>)             = 0
18293 mmap(NULL, 16384, PROT_READ|PROT_WRITE, MAP_PRIVATE|MAP_ANONYMOUS|MAP_NORESERVE, -1, 0 <unfinished ...>
18289 <... mmap resumed>)               = 0x7f53faeb0000
18286 munmap(0x7f53fae90000, 16384 <unfinished ...>
18294 mmap(NULL, 16384, PROT_READ|PROT_WRITE, MAP_PRIVATE|MAP_ANONYMOUS|MAP_NORESERVE, -1, 0 <unfinished ...>
18293 <... mmap resumed>)               = 0x7f53faeac000
18292 <... munmap resumed>)             = 0
18291 mmap(NULL, 16384, PROT_READ|PROT_WRITE, MAP_PRIVATE|MAP_ANONYMOUS|MAP_NORESERVE, -1, 0 <unfinished ...>
18289 munmap(0x7f53faeb0000, 16384 <unfinished ...>
18288 <... munmap resumed>)             = 0
18298 <... munmap resumed>)             = 0
18293 munmap(0x7f53faeac000, 16384 <unfinished ...>
18292 mmap(NULL, 16384, PROT_READ|PROT_WRITE, MAP_PRIVATE|MAP_ANONYMOUS|MAP_NORESERVE, -1, 0 <unfinished ...>
18287 <... munmap resumed>)             = 0
18286 <... munmap resumed>)             = 0
18300 <... mmap resumed>)               = 0x7f53faea4000
18298 mmap(NULL, 16384, PROT_READ|PROT_WRITE, MAP_PRIVATE|MAP_ANONYMOUS|MAP_NORESERVE, -1, 0 <unfinished ...>
18296 <... mmap resumed>)               = 0x7f53faea8000
18295 <... mmap resumed>)               = 0x7f53faeac000
18293 <... munmap resumed>)             = 0
18290 <... mmap resumed>)               = 0x7f53faea0000
18288 mmap(NULL, 16384, PROT_READ|PROT_WRITE, MAP_PRIVATE|MAP_ANONYMOUS|MAP_NORESERVE, -1, 0 <unfinished ...>
18285 <... mmap resumed>)               = 0x7f53fae9c000
18300 munmap(0x7f53faea4000, 16384 <unfinished ...>
18299 munmap(0x7f53faeb4000, 16384 <unfinished ...>
18296 munmap(0x7f53faea8000, 16384 <unfinished ...>
18295 munmap(0x7f53faeac000, 16384 <unfinished ...>
18293 mmap(NULL, 16384, PROT_READ|PROT_WRITE, MAP_PRIVATE|MAP_ANONYMOUS|MAP_NORESERVE, -1, 0 <unfinished ...>
18292 <... mmap resumed>)               = 0x7f53fae98000
18287 mmap(NULL, 16384, PROT_READ|PROT_WRITE, MAP_PRIVATE|MAP_ANONYMOUS|MAP_NORESERVE, -1, 0 <unfinished ...>
18286 mmap(NULL, 16384, PROT_READ|PROT_WRITE, MAP_PRIVATE|MAP_ANONYMOUS|MAP_NORESERVE, -1, 0 <unfinished ...>
18297 <... munmap resumed>)             = 0
18290 munmap(0x7f53faea0000, 16384 <unfinished ...>
18299 <... munmap resumed>)             = 0
18297 mmap(NULL, 16384, PROT_READ|PROT_WRITE, MAP_PRIVATE|MAP_ANONYMOUS|MAP_NORESERVE, -1, 0 <unfinished ...>
18292 munmap(0x7f53fae98000, 16384 <unfinished ...>
18299 mmap(NULL, 16384, PROT_READ|PROT_WRITE, MAP_PRIVATE|MAP_ANONYMOUS|MAP_NORESERVE, -1, 0 <unfinished ...>
18290 <... munmap resumed>)             = 0
18291 <... mmap resumed>)               = 0x7f54030c2000
18290 mmap(NULL, 16384, PROT_READ|PROT_WRITE, MAP_PRIVATE|MAP_ANONYMOUS|MAP_NORESERVE, -1, 0 <unfinished ...>
18292 <... munmap resumed>)             = 0
18294 <... mmap resumed>)               = 0x7f53faeb4000
18292 mmap(NULL, 16384, PROT_READ|PROT_WRITE, MAP_PRIVATE|MAP_ANONYMOUS|MAP_NORESERVE, -1, 0 <unfinished ...>
18294 munmap(0x7f53faeb4000, 16384 <unfinished ...>
18289 <... munmap resumed>)             = 0
18294 <... munmap resumed>)             = 0
18289 mmap(NULL, 16384, PROT_READ|PROT_WRITE, MAP_PRIVATE|MAP_ANONYMOUS|MAP_NORESERVE, -1, 0 <unfinished ...>
18298 <... mmap resumed>)               = 0x7f53faeb4000
18294 mmap(NULL, 16384, PROT_READ|PROT_WRITE, MAP_PRIVATE|MAP_ANONYMOUS|MAP_NORESERVE, -1, 0 <unfinished ...>
18292 <... mmap resumed>)               = 0x7f53faeb0000
18288 <... mmap resumed>)               = 0x7f53faea0000
18291 munmap(0x7f54030c2000, 16384 <unfinished ...>
18285 munmap(0x7f53fae9c000, 16384 <unfinished ...>
18298 munmap(0x7f53faeb4000, 16384 <unfinished ...>
18288 munmap(0x7f53faea0000, 16384 <unfinished ...>
18292 munmap(0x7f53faeb0000, 16384 <unfinished ...>
18291 <... munmap resumed>)             = 0
18292 <... munmap resumed>)             = 0
18287 <... mmap resumed>)               = 0x7f54030c2000
18285 <... munmap resumed>)             = 0
18292 mmap(NULL, 16384, PROT_READ|PROT_WRITE, MAP_PRIVATE|MAP_ANONYMOUS|MAP_NORESERVE, -1, 0 <unfinished ...>
18291 mmap(NULL, 16384, PROT_READ|PROT_WRITE, MAP_PRIVATE|MAP_ANONYMOUS|MAP_NORESERVE, -1, 0 <unfinished ...>
18300 <... munmap resumed>)             = 0
18296 <... munmap resumed>)             = 0
18292 <... mmap resumed>)               = 0x7f53faeb0000
18286 <... mmap resumed>)               = 0x7f53faea8000
18285 mmap(NULL, 16384, PROT_READ|PROT_WRITE, MAP_PRIVATE|MAP_ANONYMOUS|MAP_NORESERVE, -1, 0 <unfinished ...>
18300 mmap(NULL, 16384, PROT_READ|PROT_WRITE, MAP_PRIVATE|MAP_ANONYMOUS|MAP_NORESERVE, -1, 0 <unfinished ...>
18299 <... mmap resumed>)               = 0x7f53fae98000
18297 <... mmap resumed>)               = 0x7f53fae94000
18296 mmap(NULL, 16384, PROT_READ|PROT_WRITE, MAP_PRIVATE|MAP_ANONYMOUS|MAP_NORESERVE, -1, 0 <unfinished ...>
18293 <... mmap resumed>)               = 0x7f53faea4000
18286 munmap(0x7f53faea8000, 16384 <unfinished ...>
18285 <... mmap resumed>)               = 0x7f53fae9c000
18300 <... mmap resumed>)               = 0x7f53fae90000
18299 munmap(0x7f53fae98000, 16384 <unfinished ...>
18297 munmap(0x7f53fae94000, 16384 <unfinished ...>
18296 <... mmap resumed>)               = 0x7f53fae8c000
18295 <... munmap resumed>)             = 0
18293 munmap(0x7f53faea4000, 16384 <unfinished ...>
18290 <... mmap resumed>)               = 0x7f53faeac000
18289 <... mmap resumed>)               = 0x7f53fae88000
18297 <... munmap resumed>)             = 0
18296 munmap(0x7f53fae8c000, 16384 <unfinished ...>
18294 <... mmap resumed>)               = 0x7f53faea8000
18286 <... munmap resumed>)             = 0
18285 munmap(0x7f53fae9c000, 16384 <unfinished ...>
18295 mmap(NULL, 16384, PROT_READ|PROT_WRITE, MAP_PRIVATE|MAP_ANONYMOUS|MAP_NORESERVE, -1, 0 <unfinished ...>
18286 mmap(NULL, 16384, PROT_READ|PROT_WRITE, MAP_PRIVATE|MAP_ANONYMOUS|MAP_NORESERVE, -1, 0 <unfinished ...>
18290 munmap(0x7f53faeac000, 16384 <unfinished ...>
18299 <... munmap resumed>)             = 0
18297 mmap(NULL, 16384, PROT_READ|PROT_WRITE, MAP_PRIVATE|MAP_ANONYMOUS|MAP_NORESERVE, -1, 0 <unfinished ...>
18289 munmap(0x7f53fae88000, 16384 <unfinished ...>
18299 mmap(NULL, 16384, PROT_READ|PROT_WRITE, MAP_PRIVATE|MAP_ANONYMOUS|MAP_NORESERVE, -1, 0) = 0x7f53fae98000
18296 <... munmap resumed>)             = 0
18294 munmap(0x7f53faea8000, 16384 <unfinished ...>
18300 munmap(0x7f53fae90000, 16384 <unfinished ...>
18299 munmap(0x7f53fae98000, 16384 <unfinished ...>
18298 <... munmap resumed>)             = 0
18296 mmap(NULL, 16384, PROT_READ|PROT_WRITE, MAP_PRIVATE|MAP_ANONYMOUS|MAP_NORESERVE, -1, 0 <unfinished ...>
18292 munmap(0x7f53faeb0000, 16384 <unfinished ...>
18291 <... mmap resumed>)               = 0x7f53faeb4000
18288 <... munmap resumed>)             = 0
18287 munmap(0x7f54030c2000, 16384 <unfinished ...>
18291 munmap(0x7f53faeb4000, 16384 <unfinished ...>
18298 mmap(NULL, 16384, PROT_READ|PROT_WRITE, MAP_PRIVATE|MAP_ANONYMOUS|MAP_NORESERVE, -1, 0 <unfinished ...>
18295 <... mmap resumed>)               = 0x7f53faea4000
18293 <... munmap resumed>)             = 0
18291 <... munmap resumed>)             = 0
18288 mmap(NULL, 16384, PROT_READ|PROT_WRITE, MAP_PRIVATE|MAP_ANONYMOUS|MAP_NORESERVE, -1, 0 <unfinished ...>
18293 mmap(NULL, 16384, PROT_READ|PROT_WRITE, MAP_PRIVATE|MAP_ANONYMOUS|MAP_NORESERVE, -1, 0 <unfinished ...>
18295 munmap(0x7f53faea4000, 16384 <unfinished ...>
18291 mmap(NULL, 16384, PROT_READ|PROT_WRITE, MAP_PRIVATE|MAP_ANONYMOUS|MAP_NORESERVE, -1, 0 <unfinished ...>
18287 <... munmap resumed>)             = 0
18286 <... mmap resumed>)               = 0x7f54030c2000
18300 <... munmap resumed>)             = 0
18297 <... mmap resumed>)               = 0x7f53faeb4000
18293 <... mmap resumed>)               = 0x7f53faeac000
18290 <... munmap resumed>)             = 0
18289 <... munmap resumed>)             = 0
18285 <... munmap resumed>)             = 0
18293 munmap(0x7f53faeac000, 16384 <unfinished ...>
18300 mmap(NULL, 16384, PROT_READ|PROT_WRITE, MAP_PRIVATE|MAP_ANONYMOUS|MAP_NORESERVE, -1, 0 <unfinished ...>
18291 <... mmap resumed>)               = 0x7f53faea0000
18287 mmap(NULL, 16384, PROT_READ|PROT_WRITE, MAP_PRIVATE|MAP_ANONYMOUS|MAP_NORESERVE, -1, 0 <unfinished ...>
18285 mmap(NULL, 16384, PROT_READ|PROT_WRITE, MAP_PRIVATE|MAP_ANONYMOUS|MAP_NORESERVE, -1, 0 <unfinished ...>
18297 munmap(0x7f53faeb4000, 16384 <unfinished ...>
18291 munmap(0x7f53faea0000, 16384 <unfinished ...>
18290 mmap(NULL, 16384, PROT_READ|PROT_WRITE, MAP_PRIVATE|MAP_ANONYMOUS|MAP_NORESERVE, -1, 0 <unfinished ...>
18289 mmap(NULL, 16384, PROT_READ|PROT_WRITE, MAP_PRIVATE|MAP_ANONYMOUS|MAP_NORESERVE, -1, 0 <unfinished ...>
18299 <... munmap resumed>)             = 0
18294 <... munmap resumed>)             = 0
18299 mmap(NULL, 16384, PROT_READ|PROT_WRITE, MAP_PRIVATE|MAP_ANONYMOUS|MAP_NORESERVE, -1, 0 <unfinished ...>
18294 mmap(NULL, 16384, PROT_READ|PROT_WRITE, MAP_PRIVATE|MAP_ANONYMOUS|MAP_NORESERVE, -1, 0 <unfinished ...>
18299 <... mmap resumed>)               = 0x7f53faea8000
18297 <... munmap resumed>)             = 0
18296 <... mmap resumed>)               = 0x7f53faeb4000
18292 <... munmap resumed>)             = 0
18298 <... mmap resumed>)               = 0x7f53fae9c000
18297 mmap(NULL, 16384, PROT_READ|PROT_WRITE, MAP_PRIVATE|MAP_ANONYMOUS|MAP_NORESERVE, -1, 0 <unfinished ...>
18294 <... mmap resumed>)               = 0x7f53faeb0000
18298 munmap(0x7f53fae9c000, 16384 <unfinished ...>
18296 munmap(0x7f53faeb4000, 16384 <unfinished ...>
18288 <... mmap resumed>)               = 0x7f53fae98000
18295 <... munmap resumed>)             = 0
18294 munmap(0x7f53faeb0000, 16384 <unfinished ...>
18292 mmap(NULL, 16384, PROT_READ|PROT_WRITE, MAP_PRIVATE|MAP_ANONYMOUS|MAP_NORESERVE, -1, 0 <unfinished ...>
18295 mmap(NULL, 16384, PROT_READ|PROT_WRITE, MAP_PRIVATE|MAP_ANONYMOUS|MAP_NORESERVE, -1, 0 <unfinished ...>
18288 munmap(0x7f53fae98000, 16384 <unfinished ...>
18286 munmap(0x7f54030c2000, 16384 <unfinished ...>
18300 <... mmap resumed>)               = 0x7f53faea4000
18299 munmap(0x7f53faea8000, 16384 <unfinished ...>
18295 <... mmap resumed>)               = 0x7f53fae90000
18292 <... mmap resumed>)               = 0x7f53fae94000
18300 munmap(0x7f53faea4000, 16384 <unfinished ...>
18288 <... munmap resumed>)             = 0
18287 <... mmap resumed>)               = 0x7f53fae8c000
18299 <... munmap resumed>)             = 0
18295 munmap(0x7f53fae90000, 16384 <unfinished ...>
18293 <... munmap resumed>)             = 0
18292 munmap(0x7f53fae94000, 16384 <unfinished ...>
18299 mmap(NULL, 16384, PROT_READ|PROT_WRITE, MAP_PRIVATE|MAP_ANONYMOUS|MAP_NORESERVE, -1, 0 <unfinished ...>
18295 <... munmap resumed>)             = 0
18293 mmap(NULL, 16384, PROT_READ|PROT_WRITE, MAP_PRIVATE|MAP_ANONYMOUS|MAP_NORESERVE, -1, 0 <unfinished ...>
18287 munmap(0x7f53fae8c000, 16384 <unfinished ...>
18299 <... mmap resumed>)               = 0x7f53faeac000
18292 <... munmap resumed>)             = 0
18288 mmap(NULL, 16384, PROT_READ|PROT_WRITE, MAP_PRIVATE|MAP_ANONYMOUS|MAP_NORESERVE, -1, 0 <unfinished ...>
18295 mmap(NULL, 16384, PROT_READ|PROT_WRITE, MAP_PRIVATE|MAP_ANONYMOUS|MAP_NORESERVE, -1, 0 <unfinished ...>
18299 munmap(0x7f53faeac000, 16384 <unfinished ...>
18292 mmap(NULL, 16384, PROT_READ|PROT_WRITE, MAP_PRIVATE|MAP_ANONYMOUS|MAP_NORESERVE, -1, 0 <unfinished ...>
18287 <... munmap resumed>)             = 0
18285 <... mmap resumed>)               = 0x7f53faea8000
18299 <... munmap resumed>)             = 0
18289 <... mmap resumed>)               = 0x7f53fae98000
18292 <... mmap resumed>)               = 0x7f53faeac000
18299 mmap(NULL, 16384, PROT_READ|PROT_WRITE, MAP_PRIVATE|MAP_ANONYMOUS|MAP_NORESERVE, -1, 0 <unfinished ...>
18287 mmap(NULL, 16384, PROT_READ|PROT_WRITE, MAP_PRIVATE|MAP_ANONYMOUS|MAP_NORESERVE, -1, 0 <unfinished ...>
18285 munmap(0x7f53faea8000, 16384 <unfinished ...>
18299 <... mmap resumed>)               = 0x7f53fae90000
18290 <... mmap resumed>)               = 0x7f53fae94000
18285 <... munmap resumed>)             = 0
18291 <... munmap resumed>)             = 0
18290 munmap(0x7f53fae94000, 16384 <unfinished ...>
18285 mmap(NULL, 16384, PROT_READ|PROT_WRITE, MAP_PRIVATE|MAP_ANONYMOUS|MAP_NORESERVE, -1, 0 <unfinished ...>
18298 <... munmap resumed>)             = 0
18287 <... mmap resumed>)               = 0x7f53faea8000
18285 <... mmap resumed>)               = 0x7f53faea0000
18298 mmap(NULL, 16384, PROT_READ|PROT_WRITE, MAP_PRIVATE|MAP_ANONYMOUS|MAP_NORESERVE, -1, 0 <unfinished ...>
18291 mmap(NULL, 16384, PROT_READ|PROT_WRITE, MAP_PRIVATE|MAP_ANONYMOUS|MAP_NORESERVE, -1, 0 <unfinished ...>
18285 munmap(0x7f53faea0000, 16384 <unfinished ...>
18287 munmap(0x7f53faea8000, 16384 <unfinished ...>
18297 <... mmap resumed>)               = 0x7f53fae9c000
18290 <... munmap resumed>)             = 0
18297 munmap(0x7f53fae9c000, 16384 <unfinished ...>
18296 <... munmap resumed>)             = 0
18296 mmap(NULL, 16384, PROT_READ|PROT_WRITE, MAP_PRIVATE|MAP_ANONYMOUS|MAP_NORESERVE, -1, 0 <unfinished ...>
18290 mmap(NULL, 16384, PROT_READ|PROT_WRITE, MAP_PRIVATE|MAP_ANONYMOUS|MAP_NORESERVE, -1, 0 <unfinished ...>
18297 <... munmap resumed>)             = 0
18294 <... munmap resumed>)             = 0
18297 mmap(NULL, 16384, PROT_READ|PROT_WRITE, MAP_PRIVATE|MAP_ANONYMOUS|MAP_NORESERVE, -1, 0 <unfinished ...>
18290 <... mmap resumed>)               = 0x7f54030c2000
18286 <... munmap resumed>)             = 0
18297 <... mmap resumed>)               = 0x7f53faeb4000
18300 <... munmap resumed>)             = 0
18286 mmap(NULL, 16384, PROT_READ|PROT_WRITE, MAP_PRIVATE|MAP_ANONYMOUS|MAP_NORESERVE, -1, 0 <unfinished ...>
18297 munmap(0x7f53faeb4000, 16384 <unfinished ...>
18294 mmap(NULL, 16384, PROT_READ|PROT_WRITE, MAP_PRIVATE|MAP_ANONYMOUS|MAP_NORESERVE, -1, 0 <unfinished ...>
18293 <... mmap resumed>)               = 0x7f53faeb0000
18300 mmap(NULL, 16384, PROT_READ|PROT_WRITE, MAP_PRIVATE|MAP_ANONYMOUS|MAP_NORESERVE, -1, 0 <unfinished ...>
18288 <... mmap resumed>)               = 0x7f53faea4000
18286 <... mmap resumed>)               = 0x7f53fae9c000
18297 <... munmap resumed>)             = 0
18294 <... mmap resumed>)               = 0x7f53faeb4000
18293 munmap(0x7f53faeb0000, 16384 <unfinished ...>
18300 <... mmap resumed>)               = 0x7f53fae94000
18297 mmap(NULL, 16384, PROT_READ|PROT_WRITE, MAP_PRIVATE|MAP_ANONYMOUS|MAP_NORESERVE, -1, 0 <unfinished ...>
18294 munmap(0x7f53faeb4000, 16384 <unfinished ...>
18292 munmap(0x7f53faeac000, 16384 <unfinished ...>
18289 munmap(0x7f53fae98000, 16384 <unfinished ...>
18288 munmap(0x7f53faea4000, 16384 <unfinished ...>
18286 munmap(0x7f53fae9c000, 16384 <unfinished ...>
18300 munmap(0x7f53fae94000, 16384 <unfinished ...>
18299 munmap(0x7f53fae90000, 16384 <unfinished ...>
18298 <... mmap resumed>)               = 0x7f53fae80000
18297 <... mmap resumed>)               = 0x7f53fae84000
18295 <... mmap resumed>)               = 0x7f53fae8c000
18291 <... mmap resumed>)               = 0x7f53fae88000
18290 munmap(0x7f54030c2000, 16384 <unfinished ...>
18288 <... munmap resumed>)             = 0
18288 mmap(NULL, 16384, PROT_READ|PROT_WRITE, MAP_PRIVATE|MAP_ANONYMOUS|MAP_NORESERVE, -1, 0 <unfinished ...>
18285 <... munmap resumed>)             = 0
18296 <... mmap resumed>)               = 0x7f53faea8000
18287 <... munmap resumed>)             = 0
18285 mmap(NULL, 16384, PROT_READ|PROT_WRITE, MAP_PRIVATE|MAP_ANONYMOUS|MAP_NORESERVE, -1, 0 <unfinished ...>
18296 munmap(0x7f53faea8000, 16384 <unfinished ...>
18287 mmap(NULL, 16384, PROT_READ|PROT_WRITE, MAP_PRIVATE|MAP_ANONYMOUS|MAP_NORESERVE, -1, 0 <unfinished ...>
18293 <... munmap resumed>)             = 0
18296 <... munmap resumed>)             = 0
18293 mmap(NULL, 16384, PROT_READ|PROT_WRITE, MAP_PRIVATE|MAP_ANONYMOUS|MAP_NORESERVE, -1, 0 <unfinished ...>
18294 <... munmap resumed>)             = 0
18296 mmap(NULL, 16384, PROT_READ|PROT_WRITE, MAP_PRIVATE|MAP_ANONYMOUS|MAP_NORESERVE, -1, 0 <unfinished ...>
18300 <... munmap resumed>)             = 0
18294 mmap(NULL, 16384, PROT_READ|PROT_WRITE, MAP_PRIVATE|MAP_ANONYMOUS|MAP_NORESERVE, -1, 0 <unfinished ...>
18300 mmap(NULL, 16384, PROT_READ|PROT_WRITE, MAP_PRIVATE|MAP_ANONYMOUS|MAP_NORESERVE, -1, 0) = 0x7f53faea8000
18299 <... munmap resumed>)             = 0
18294 <... mmap resumed>)               = 0x7f53faea4000
18293 <... mmap resumed>)               = 0x7f53faeb4000
18300 munmap(0x7f53faea8000, 16384 <unfinished ...>
18296 <... mmap resumed>)               = 0x7f53faeb0000
18294 munmap(0x7f53faea4000, 16384 <unfinished ...>
18292 <... munmap resumed>)             = 0
18299 mmap(NULL, 16384, PROT_READ|PROT_WRITE, MAP_PRIVATE|MAP_ANONYMOUS|MAP_NORESERVE, -1, 0 <unfinished ...>
18298 munmap(0x7f53fae80000, 16384 <unfinished ...>
18296 munmap(0x7f53faeb0000, 16384 <unfinished ...>
18295 munmap(0x7f53fae8c000, 16384 <unfinished ...>
18293 munmap(0x7f53faeb4000, 16384 <unfinished ...>
18291 munmap(0x7f53fae88000, 16384 <unfinished ...>
18289 <... munmap resumed>)             = 0
18299 <... mmap resumed>)               = 0x7f53faea4000
18297 munmap(0x7f53fae84000, 16384 <unfinished ...>
18294 <... munmap resumed>)             = 0
18292 mmap(NULL, 16384, PROT_READ|PROT_WRITE, MAP_PRIVATE|MAP_ANONYMOUS|MAP_NORESERVE, -1, 0 <unfinished ...>
18290 <... munmap resumed>)             = 0
18288 <... mmap resumed>)               = 0x7f53faeac000
18286 <... munmap resumed>)             = 0
18299 munmap(0x7f53faea4000, 16384 <unfinished ...>
18297 <... munmap resumed>)             = 0
18294 mmap(NULL, 16384, PROT_READ|PROT_WRITE, MAP_PRIVATE|MAP_ANONYMOUS|MAP_NORESERVE, -1, 0 <unfinished ...>
18293 <... munmap resumed>)             = 0
18292 <... mmap resumed>)               = 0x7f53faea0000
18290 mmap(NULL, 16384, PROT_READ|PROT_WRITE, MAP_PRIVATE|MAP_ANONYMOUS|MAP_NORESERVE, -1, 0 <unfinished ...>
18289 mmap(NULL, 16384, PROT_READ|PROT_WRITE, MAP_PRIVATE|MAP_ANONYMOUS|MAP_NORESERVE, -1, 0 <unfinished ...>
18287 <... mmap resumed>)               = 0x7f53faeb4000
18285 <... mmap resumed>)               = 0x7f54030c2000
18300 <... munmap resumed>)             = 0
18298 <... munmap resumed>)             = 0
18297 mmap(NULL, 16384, PROT_READ|PROT_WRITE, MAP_PRIVATE|MAP_ANONYMOUS|MAP_NORESERVE, -1, 0 <unfinished ...>
18294 <... mmap resumed>)               = 0x7f53faea8000
18293 mmap(NULL, 16384, PROT_READ|PROT_WRITE, MAP_PRIVATE|MAP_ANONYMOUS|MAP_NORESERVE, -1, 0 <unfinished ...>
18292 munmap(0x7f53faea0000, 16384 <unfinished ...>
18290 <... mmap resumed>)               = 0x7f53fae9c000
18288 munmap(0x7f53faeac000, 16384 <unfinished ...>
18286 mmap(NULL, 16384, PROT_READ|PROT_WRITE, MAP_PRIVATE|MAP_ANONYMOUS|MAP_NORESERVE, -1, 0 <unfinished ...>
18300 mmap(NULL, 16384, PROT_READ|PROT_WRITE, MAP_PRIVATE|MAP_ANONYMOUS|MAP_NORESERVE, -1, 0 <unfinished ...>
18298 mmap(NULL, 16384, PROT_READ|PROT_WRITE, MAP_PRIVATE|MAP_ANONYMOUS|MAP_NORESERVE, -1, 0 <unfinished ...>
18296 <... munmap resumed>)             = 0
18295 <... munmap resumed>)             = 0
18294 munmap(0x7f53faea8000, 16384 <unfinished ...>
18293 <... mmap resumed>)               = 0x7f53fae98000
18292 <... munmap resumed>)             = 0
18290 munmap(0x7f53fae9c000, 16384 <unfinished ...>
18289 <... mmap resumed>)               = 0x7f53faeb0000
18287 munmap(0x7f53faeb4000, 16384 <unfinished ...>
18285 munmap(0x7f54030c2000, 16384 <unfinished ...>
18300 <... mmap resumed>)               = 0x7f53faeac000
18299 <... munmap resumed>)             = 0
18298 <... mmap resumed>)               = 0x7f53faea4000
18297 <... mmap resumed>)               = 0x7f53faea8000
18296 mmap(NULL, 16384, PROT_READ|PROT_WRITE, MAP_PRIVATE|MAP_ANONYMOUS|MAP_NORESERVE, -1, 0 <unfinished ...>
18295 mmap(NULL, 16384, PROT_READ|PROT_WRITE, MAP_PRIVATE|MAP_ANONYMOUS|MAP_NORESERVE, -1, 0 <unfinished ...>
18294 <... munmap resumed>)             = 0
18293 munmap(0x7f53fae98000, 16384 <unfinished ...>
18292 mmap(NULL, 16384, PROT_READ|PROT_WRITE, MAP_PRIVATE|MAP_ANONYMOUS|MAP_NORESERVE, -1, 0 <unfinished ...>
18291 <... munmap resumed>)             = 0
18289 munmap(0x7f53faeb0000, 16384 <unfinished ...>
18288 <... munmap resumed>)             = 0
18286 <... mmap resumed>)               = 0x7f53faea0000
18300 munmap(0x7f53faeac000, 16384 <unfinished ...>
18299 mmap(NULL, 16384, PROT_READ|PROT_WRITE, MAP_PRIVATE|MAP_ANONYMOUS|MAP_NORESERVE, -1, 0 <unfinished ...>
18298 munmap(0x7f53faea4000, 16384 <unfinished ...>
18297 munmap(0x7f53faea8000, 16384 <unfinished ...>
18296 <... mmap resumed>)               = 0x7f53faeb4000
18295 <... mmap resumed>)               = 0x7f54030c2000
18294 mmap(NULL, 16384, PROT_READ|PROT_WRITE, MAP_PRIVATE|MAP_ANONYMOUS|MAP_NORESERVE, -1, 0 <unfinished ...>
18293 <... munmap resumed>)             = 0
18292 <... mmap resumed>)               = 0x7f53fae9c000
18291 mmap(NULL, 16384, PROT_READ|PROT_WRITE, MAP_PRIVATE|MAP_ANONYMOUS|MAP_NORESERVE, -1, 0 <unfinished ...>
18290 <... munmap resumed>)             = 0
18288 mmap(NULL, 16384, PROT_READ|PROT_WRITE, MAP_PRIVATE|MAP_ANONYMOUS|MAP_NORESERVE, -1, 0 <unfinished ...>
18287 <... munmap resumed>)             = 0
18285 <... munmap resumed>)             = 0
18300 <... munmap resumed>)             = 0
18299 <... mmap resumed>)               = 0x7f53faeb0000
18298 <... munmap resumed>)             = 0
18297 <... munmap resumed>)             = 0
18296 munmap(0x7f53faeb4000, 16384 <unfinished ...>
18295 munmap(0x7f54030c2000, 16384 <unfinished ...>
18294 <... mmap resumed>)               = 0x7f53faea4000
18293 mmap(NULL, 16384, PROT_READ|PROT_WRITE, MAP_PRIVATE|MAP_ANONYMOUS|MAP_NORESERVE, -1, 0 <unfinished ...>
18291 <... mmap resumed>)               = 0x7f53faeac000
18290 mmap(NULL, 16384, PROT_READ|PROT_WRITE, MAP_PRIVATE|MAP_ANONYMOUS|MAP_NORESERVE, -1, 0 <unfinished ...>
18289 <... munmap resumed>)             = 0
18288 <... mmap resumed>)               = 0x7f53fae98000
18287 mmap(NULL, 16384, PROT_READ|PROT_WRITE, MAP_PRIVATE|MAP_ANONYMOUS|MAP_NORESERVE, -1, 0 <unfinished ...>
18286 munmap(0x7f53faea0000, 16384 <unfinished ...>
18285 mmap(NULL, 16384, PROT_READ|PROT_WRITE, MAP_PRIVATE|MAP_ANONYMOUS|MAP_NORESERVE, -1, 0 <unfinished ...>
18300 mmap(NULL, 16384, PROT_READ|PROT_WRITE, MAP_PRIVATE|MAP_ANONYMOUS|MAP_NORESERVE, -1, 0 <unfinished ...>
18299 munmap(0x7f53faeb0000, 16384 <unfinished ...>
18298 mmap(NULL, 16384, PROT_READ|PROT_WRITE, MAP_PRIVATE|MAP_ANONYMOUS|MAP_NORESERVE, -1, 0 <unfinished ...>
18297 mmap(NULL, 16384, PROT_READ|PROT_WRITE, MAP_PRIVATE|MAP_ANONYMOUS|MAP_NORESERVE, -1, 0 <unfinished ...>
18296 <... munmap resumed>)             = 0
18295 <... munmap resumed>)             = 0
18294 munmap(0x7f53faea4000, 16384 <unfinished ...>
18292 munmap(0x7f53fae9c000, 16384 <unfinished ...>
18291 munmap(0x7f53faeac000, 16384 <unfinished ...>
18289 mmap(NULL, 16384, PROT_READ|PROT_WRITE, MAP_PRIVATE|MAP_ANONYMOUS|MAP_NORESERVE, -1, 0 <unfinished ...>
18288 munmap(0x7f53fae98000, 16384 <unfinished ...>
18287 <... mmap resumed>)               = 0x7f54030c2000
18296 mmap(NULL, 16384, PROT_READ|PROT_WRITE, MAP_PRIVATE|MAP_ANONYMOUS|MAP_NORESERVE, -1, 0 <unfinished ...>
18295 mmap(NULL, 16384, PROT_READ|PROT_WRITE, MAP_PRIVATE|MAP_ANONYMOUS|MAP_NORESERVE, -1, 0 <unfinished ...>
18293 <... mmap resumed>)               = 0x7f53faeb4000
18292 <... munmap resumed>)             = 0
18291 <... munmap resumed>)             = 0
18290 <... mmap resumed>)               = 0x7f53faeac000
18286 <... munmap resumed>)             = 0
18300 <... mmap resumed>)               = 0x7f53fae98000
18299 <... munmap resumed>)             = 0
18297 <... mmap resumed>)               = 0x7f53fae94000
18296 <... mmap resumed>)               = 0x7f53faea0000
18295 <... mmap resumed>)               = 0x7f53fae9c000
18293 munmap(0x7f53faeb4000, 16384 <unfinished ...>
18292 mmap(NULL, 16384, PROT_READ|PROT_WRITE, MAP_PRIVATE|MAP_ANONYMOUS|MAP_NORESERVE, -1, 0 <unfinished ...>
18291 mmap(NULL, 16384, PROT_READ|PROT_WRITE, MAP_PRIVATE|MAP_ANONYMOUS|MAP_NORESERVE, -1, 0 <unfinished ...>
18288 <... munmap resumed>)             = 0
18287 munmap(0x7f54030c2000, 16384 <unfinished ...>
18285 <... mmap resumed>)               = 0x7f53faea8000
18300 munmap(0x7f53fae98000, 16384 <unfinished ...>
18299 mmap(NULL, 16384, PROT_READ|PROT_WRITE, MAP_PRIVATE|MAP_ANONYMOUS|MAP_NORESERVE, -1, 0 <unfinished ...>
18298 <... mmap resumed>)               = 0x7f53faeb0000
18297 munmap(0x7f53fae94000, 16384 <unfinished ...>
18296 munmap(0x7f53faea0000, 16384 <unfinished ...>
18295 munmap(0x7f53fae9c000, 16384 <unfinished ...>
18294 <... munmap resumed>)             = 0
18293 <... munmap resumed>)             = 0
18292 <... mmap resumed>)               = 0x7f53faeb4000
18291 <... mmap resumed>)               = 0x7f53fae90000
18290 munmap(0x7f53faeac000, 16384 <unfinished ...>
18289 <... mmap resumed>)               = 0x7f53faea4000
18288 mmap(NULL, 16384, PROT_READ|PROT_WRITE, MAP_PRIVATE|MAP_ANONYMOUS|MAP_NORESERVE, -1, 0 <unfinished ...>
18286 mmap(NULL, 16384, PROT_READ|PROT_WRITE, MAP_PRIVATE|MAP_ANONYMOUS|MAP_NORESERVE, -1, 0 <unfinished ...>
18300 <... munmap resumed>)             = 0
18299 <... mmap resumed>)               = 0x7f54030c2000
18298 munmap(0x7f53faeb0000, 16384 <unfinished ...>
18297 <... munmap resumed>)             = 0
18294 mmap(NULL, 16384, PROT_READ|PROT_WRITE, MAP_PRIVATE|MAP_ANONYMOUS|MAP_NORESERVE, -1, 0 <unfinished ...>
18293 mmap(NULL, 16384, PROT_READ|PROT_WRITE, MAP_PRIVATE|MAP_ANONYMOUS|MAP_NORESERVE, -1, 0 <unfinished ...>
18287 <... munmap resumed>)             = 0
18300 mmap(NULL, 16384, PROT_READ|PROT_WRITE, MAP_PRIVATE|MAP_ANONYMOUS|MAP_NORESERVE, -1, 0 <unfinished ...>
18298 <... munmap resumed>)             = 0
18292 munmap(0x7f53faeb4000, 16384 <unfinished ...>
18291 munmap(0x7f53fae90000, 16384 <unfinished ...>
18289 munmap(0x7f53faea4000, 16384 <unfinished ...>
18285 munmap(0x7f53faea8000, 16384 <unfinished ...>
18300 <... mmap resumed>)               = 0x7f53faeb0000
18298 mmap(NULL, 16384, PROT_READ|PROT_WRITE, MAP_PRIVATE|MAP_ANONYMOUS|MAP_NORESERVE, -1, 0 <unfinished ...>
18297 mmap(NULL, 16384, PROT_READ|PROT_WRITE, MAP_PRIVATE|MAP_ANONYMOUS|MAP_NORESERVE, -1, 0 <unfinished ...>
18293 <... mmap resumed>)               = 0x7f53faeac000
18291 <... munmap resumed>)             = 0
18290 <... munmap resumed>)             = 0
18289 <... munmap resumed>)             = 0
18288 <... mmap resumed>)               = 0x7f53fae98000
18287 mmap(NULL, 16384, PROT_READ|PROT_WRITE, MAP_PRIVATE|MAP_ANONYMOUS|MAP_NORESERVE, -1, 0 <unfinished ...>
18286 <... mmap resumed>)               = 0x7f53faea4000
18285 <... munmap resumed>)             = 0
18300 munmap(0x7f53faeb0000, 16384 <unfinished ...>
18299 munmap(0x7f54030c2000, 16384 <unfinished ...>
18298 <... mmap resumed>)               = 0x7f53faea8000
18297 <... mmap resumed>)               = 0x7f53faea0000
18296 <... munmap resumed>)             = 0
18291 mmap(NULL, 16384, PROT_READ|PROT_WRITE, MAP_PRIVATE|MAP_ANONYMOUS|MAP_NORESERVE, -1, 0 <unfinished ...>
18290 mmap(NULL, 16384, PROT_READ|PROT_WRITE, MAP_PRIVATE|MAP_ANONYMOUS|MAP_NORESERVE, -1, 0 <unfinished ...>
18289 mmap(NULL, 16384, PROT_READ|PROT_WRITE, MAP_PRIVATE|MAP_ANONYMOUS|MAP_NORESERVE, -1, 0 <unfinished ...>
18298 munmap(0x7f53faea8000, 16384 <unfinished ...>
18294 <... mmap resumed>)               = 0x7f53fae9c000
18286 munmap(0x7f53faea4000, 16384 <unfinished ...>
18285 mmap(NULL, 16384, PROT_READ|PROT_WRITE, MAP_PRIVATE|MAP_ANONYMOUS|MAP_NORESERVE, -1, 0 <unfinished ...>
18296 mmap(NULL, 16384, PROT_READ|PROT_WRITE, MAP_PRIVATE|MAP_ANONYMOUS|MAP_NORESERVE, -1, 0 <unfinished ...>
18295 <... munmap resumed>)             = 0
18294 munmap(0x7f53fae9c000, 16384 <unfinished ...>
18288 munmap(0x7f53fae98000, 16384 <unfinished ...>
18300 <... munmap resumed>)             = 0
18295 mmap(NULL, 16384, PROT_READ|PROT_WRITE, MAP_PRIVATE|MAP_ANONYMOUS|MAP_NORESERVE, -1, 0 <unfinished ...>
18293 munmap(0x7f53faeac000, 16384 <unfinished ...>
18292 <... munmap resumed>)             = 0
18300 mmap(NULL, 16384, PROT_READ|PROT_WRITE, MAP_PRIVATE|MAP_ANONYMOUS|MAP_NORESERVE, -1, 0 <unfinished ...>
18297 munmap(0x7f53faea0000, 16384 <unfinished ...>
18293 <... munmap resumed>)             = 0
18292 mmap(NULL, 16384, PROT_READ|PROT_WRITE, MAP_PRIVATE|MAP_ANONYMOUS|MAP_NORESERVE, -1, 0 <unfinished ...>
18287 <... mmap resumed>)               = 0x7f53faeb4000
18299 <... munmap resumed>)             = 0
18300 <... mmap resumed>)               = 0x7f53faeac000
18293 mmap(NULL, 16384, PROT_READ|PROT_WRITE, MAP_PRIVATE|MAP_ANONYMOUS|MAP_NORESERVE, -1, 0 <unfinished ...>
18292 <... mmap resumed>)               = 0x7f53faeb0000
18289 <... mmap resumed>)               = 0x7f54030c2000
18287 munmap(0x7f53faeb4000, 16384 <unfinished ...>
18300 munmap(0x7f53faeac000, 16384 <unfinished ...>
18299 mmap(NULL, 16384, PROT_READ|PROT_WRITE, MAP_PRIVATE|MAP_ANONYMOUS|MAP_NORESERVE, -1, 0 <unfinished ...>
18298 <... munmap resumed>)             = 0
18293 <... mmap resumed>)               = 0x7f53faea8000
18292 munmap(0x7f53faeb0000, 16384 <unfinished ...>
18290 <... mmap resumed>)               = 0x7f53faea4000
18286 <... munmap resumed>)             = 0
18287 <... munmap resumed>)             = 0
18285 <... mmap resumed>)               = 0x7f53fae94000
18300 <... munmap resumed>)             = 0
18291 <... mmap resumed>)               = 0x7f53faeb4000
18290 munmap(0x7f53faea4000, 16384 <unfinished ...>
18298 mmap(NULL, 16384, PROT_READ|PROT_WRITE, MAP_PRIVATE|MAP_ANONYMOUS|MAP_NORESERVE, -1, 0 <unfinished ...>
18300 mmap(NULL, 16384, PROT_READ|PROT_WRITE, MAP_PRIVATE|MAP_ANONYMOUS|MAP_NORESERVE, -1, 0 <unfinished ...>
18293 munmap(0x7f53faea8000, 16384 <unfinished ...>
18291 munmap(0x7f53faeb4000, 16384 <unfinished ...>
18286 mmap(NULL, 16384, PROT_READ|PROT_WRITE, MAP_PRIVATE|MAP_ANONYMOUS|MAP_NORESERVE, -1, 0 <unfinished ...>
18287 mmap(NULL, 16384, PROT_READ|PROT_WRITE, MAP_PRIVATE|MAP_ANONYMOUS|MAP_NORESERVE, -1, 0 <unfinished ...>
18292 <... munmap resumed>)             = 0
18285 munmap(0x7f53fae94000, 16384 <unfinished ...>
18296 <... mmap resumed>)               = 0x7f53faeb0000
18296 munmap(0x7f53faeb0000, 16384 <unfinished ...>
18292 mmap(NULL, 16384, PROT_READ|PROT_WRITE, MAP_PRIVATE|MAP_ANONYMOUS|MAP_NORESERVE, -1, 0 <unfinished ...>
18288 <... munmap resumed>)             = 0
18295 <... mmap resumed>)               = 0x7f53faeac000
18295 munmap(0x7f53faeac000, 16384 <unfinished ...>
18288 mmap(NULL, 16384, PROT_READ|PROT_WRITE, MAP_PRIVATE|MAP_ANONYMOUS|MAP_NORESERVE, -1, 0 <unfinished ...>
18294 <... munmap resumed>)             = 0
18295 <... munmap resumed>)             = 0
18294 mmap(NULL, 16384, PROT_READ|PROT_WRITE, MAP_PRIVATE|MAP_ANONYMOUS|MAP_NORESERVE, -1, 0 <unfinished ...>
18297 <... munmap resumed>)             = 0
18299 <... mmap resumed>)               = 0x7f53faeac000
18297 mmap(NULL, 16384, PROT_READ|PROT_WRITE, MAP_PRIVATE|MAP_ANONYMOUS|MAP_NORESERVE, -1, 0 <unfinished ...>
18295 mmap(NULL, 16384, PROT_READ|PROT_WRITE, MAP_PRIVATE|MAP_ANONYMOUS|MAP_NORESERVE, -1, 0 <unfinished ...>
18289 munmap(0x7f54030c2000, 16384 <unfinished ...>
18300 <... mmap resumed>)               = 0x7f53faea4000
18299 munmap(0x7f53faeac000, 16384 <unfinished ...>
18290 <... munmap resumed>)             = 0
18300 munmap(0x7f53faea4000, 16384 <unfinished ...>
18297 <... mmap resumed>)               = 0x7f53faea0000
18295 <... mmap resumed>)               = 0x7f53fae9c000
18294 <... mmap resumed>)               = 0x7f54030c2000
18289 <... munmap resumed>)             = 0
18290 mmap(NULL, 16384, PROT_READ|PROT_WRITE, MAP_PRIVATE|MAP_ANONYMOUS|MAP_NORESERVE, -1, 0 <unfinished ...>
18293 <... munmap resumed>)             = 0
18299 <... munmap resumed>)             = 0
18289 mmap(NULL, 16384, PROT_READ|PROT_WRITE, MAP_PRIVATE|MAP_ANONYMOUS|MAP_NORESERVE, -1, 0 <unfinished ...>
18295 munmap(0x7f53fae9c000, 16384 <unfinished ...>
18293 mmap(NULL, 16384, PROT_READ|PROT_WRITE, MAP_PRIVATE|MAP_ANONYMOUS|MAP_NORESERVE, -1, 0 <unfinished ...>
18299 mmap(NULL, 16384, PROT_READ|PROT_WRITE, MAP_PRIVATE|MAP_ANONYMOUS|MAP_NORESERVE, -1, 0 <unfinished ...>
18297 munmap(0x7f53faea0000, 16384 <unfinished ...>
18291 <... munmap resumed>)             = 0
18287 <... mmap resumed>)               = 0x7f53faeb4000
18299 <... mmap resumed>)               = 0x7f53fae90000
18298 <... mmap resumed>)               = 0x7f53faea8000
18293 <... mmap resumed>)               = 0x7f53fae98000
18291 mmap(NULL, 16384, PROT_READ|PROT_WRITE, MAP_PRIVATE|MAP_ANONYMOUS|MAP_NORESERVE, -1, 0 <unfinished ...>
18286 <... mmap resumed>)               = 0x7f53faeac000
18299 munmap(0x7f53fae90000, 16384 <unfinished ...>
18298 munmap(0x7f53faea8000, 16384 <unfinished ...>
18297 <... munmap resumed>)             = 0
18292 <... mmap resumed>)               = 0x7f53faea0000
18287 munmap(0x7f53faeb4000, 16384 <unfinished ...>
18296 <... munmap resumed>)             = 0
18293 munmap(0x7f53fae98000, 16384 <unfinished ...>
18286 munmap(0x7f53faeac000, 16384 <unfinished ...>
18299 <... munmap resumed>)             = 0
18297 mmap(NULL, 16384, PROT_READ|PROT_WRITE, MAP_PRIVATE|MAP_ANONYMOUS|MAP_NORESERVE, -1, 0 <unfinished ...>
18296 mmap(NULL, 16384, PROT_READ|PROT_WRITE, MAP_PRIVATE|MAP_ANONYMOUS|MAP_NORESERVE, -1, 0 <unfinished ...>
18288 <... mmap resumed>)               = 0x7f53faeb0000
18299 mmap(NULL, 16384, PROT_READ|PROT_WRITE, MAP_PRIVATE|MAP_ANONYMOUS|MAP_NORESERVE, -1, 0 <unfinished ...>
18292 munmap(0x7f53faea0000, 16384 <unfinished ...>
18285 <... munmap resumed>)             = 0
18294 munmap(0x7f54030c2000, 16384 <unfinished ...>
18288 munmap(0x7f53faeb0000, 16384 <unfinished ...>
18292 <... munmap resumed>)             = 0
18290 <... mmap resumed>)               = 0x7f53fae94000
18285 mmap(NULL, 16384, PROT_READ|PROT_WRITE, MAP_PRIVATE|MAP_ANONYMOUS|MAP_NORESERVE, -1, 0 <unfinished ...>
18300 <... munmap resumed>)             = 0
18292 mmap(NULL, 16384, PROT_READ|PROT_WRITE, MAP_PRIVATE|MAP_ANONYMOUS|MAP_NORESERVE, -1, 0 <unfinished ...>
18289 <... mmap resumed>)               = 0x7f53faea4000
18298 <... munmap resumed>)             = 0
18295 <... munmap resumed>)             = 0
18300 mmap(NULL, 16384, PROT_READ|PROT_WRITE, MAP_PRIVATE|MAP_ANONYMOUS|MAP_NORESERVE, -1, 0 <unfinished ...>
18294 <... munmap resumed>)             = 0
18290 munmap(0x7f53fae94000, 16384 <unfinished ...>
18285 <... mmap resumed>)               = 0x7f54030c2000
18298 mmap(NULL, 16384, PROT_READ|PROT_WRITE, MAP_PRIVATE|MAP_ANONYMOUS|MAP_NORESERVE, -1, 0 <unfinished ...>
18292 <... mmap resumed>)               = 0x7f53faea8000
18289 munmap(0x7f53faea4000, 16384 <unfinished ...>
18295 mmap(NULL, 16384, PROT_READ|PROT_WRITE, MAP_PRIVATE|MAP_ANONYMOUS|MAP_NORESERVE, -1, 0 <unfinished ...>
18293 <... munmap resumed>)             = 0
18293 mmap(NULL, 16384, PROT_READ|PROT_WRITE, MAP_PRIVATE|MAP_ANONYMOUS|MAP_NORESERVE, -1, 0 <unfinished ...>
18294 mmap(NULL, 16384, PROT_READ|PROT_WRITE, MAP_PRIVATE|MAP_ANONYMOUS|MAP_NORESERVE, -1, 0 <unfinished ...>
18289 <... munmap resumed>)             = 0
18294 <... mmap resumed>)               = 0x7f53faea0000
18291 <... mmap resumed>)               = 0x7f53faea4000
18289 mmap(NULL, 16384, PROT_READ|PROT_WRITE, MAP_PRIVATE|MAP_ANONYMOUS|MAP_NORESERVE, -1, 0 <unfinished ...>
18293 <... mmap resumed>)               = 0x7f53faeac000
18286 <... munmap resumed>)             = 0
18293 munmap(0x7f53faeac000, 16384 <unfinished ...>
18291 munmap(0x7f53faea4000, 16384 <unfinished ...>
18286 mmap(NULL, 16384, PROT_READ|PROT_WRITE, MAP_PRIVATE|MAP_ANONYMOUS|MAP_NORESERVE, -1, 0 <unfinished ...>
18297 <... mmap resumed>)               = 0x7f53faeb4000
18287 <... munmap resumed>)             = 0
18297 munmap(0x7f53faeb4000, 16384 <unfinished ...>
18296 <... mmap resumed>)               = 0x7f53fae9c000
18287 mmap(NULL, 16384, PROT_READ|PROT_WRITE, MAP_PRIVATE|MAP_ANONYMOUS|MAP_NORESERVE, -1, 0 <unfinished ...>
18299 <... mmap resumed>)               = 0x7f53fae98000
18288 <... munmap resumed>)             = 0
18297 <... munmap resumed>)             = 0
18296 munmap(0x7f53fae9c000, 16384 <unfinished ...>
18288 mmap(NULL, 16384, PROT_READ|PROT_WRITE, MAP_PRIVATE|MAP_ANONYMOUS|MAP_NORESERVE, -1, 0 <unfinished ...>
18287 <... mmap resumed>)               = 0x7f53faeb4000
18300 <... mmap resumed>)               = 0x7f53faeb0000
18299 munmap(0x7f53fae98000, 16384 <unfinished ...>
18297 mmap(NULL, 16384, PROT_READ|PROT_WRITE, MAP_PRIVATE|MAP_ANONYMOUS|MAP_NORESERVE, -1, 0 <unfinished ...>
18292 munmap(0x7f53faea8000, 16384 <unfinished ...>
18285 munmap(0x7f54030c2000, 16384 <unfinished ...>
18298 <... mmap resumed>)               = 0x7f53fae94000
18297 <... mmap resumed>)               = 0x7f53fae8c000
18295 <... mmap resumed>)               = 0x7f53fae90000
18294 munmap(0x7f53faea0000, 16384 <unfinished ...>
18290 <... munmap resumed>)             = 0
18287 munmap(0x7f53faeb4000, 16384 <unfinished ...>
18297 munmap(0x7f53fae8c000, 16384 <unfinished ...>
18292 <... munmap resumed>)             = 0
18291 <... munmap resumed>)             = 0
18289 <... mmap resumed>)               = 0x7f53faea8000
18298 munmap(0x7f53fae94000, 16384 <unfinished ...>
18295 munmap(0x7f53fae90000, 16384 <unfinished ...>
18294 <... munmap resumed>)             = 0
18293 <... munmap resumed>)             = 0
18292 mmap(NULL, 16384, PROT_READ|PROT_WRITE, MAP_PRIVATE|MAP_ANONYMOUS|MAP_NORESERVE, -1, 0 <unfinished ...>
18291 mmap(NULL, 16384, PROT_READ|PROT_WRITE, MAP_PRIVATE|MAP_ANONYMOUS|MAP_NORESERVE, -1, 0 <unfinished ...>
18297 <... munmap resumed>)             = 0
18294 mmap(NULL, 16384, PROT_READ|PROT_WRITE, MAP_PRIVATE|MAP_ANONYMOUS|MAP_NORESERVE, -1, 0 <unfinished ...>
18293 mmap(NULL, 16384, PROT_READ|PROT_WRITE, MAP_PRIVATE|MAP_ANONYMOUS|MAP_NORESERVE, -1, 0 <unfinished ...>
18290 mmap(NULL, 16384, PROT_READ|PROT_WRITE, MAP_PRIVATE|MAP_ANONYMOUS|MAP_NORESERVE, -1, 0 <unfinished ...>
18289 munmap(0x7f53faea8000, 16384 <unfinished ...>
18298 <... munmap resumed>)             = 0
18297 mmap(NULL, 16384, PROT_READ|PROT_WRITE, MAP_PRIVATE|MAP_ANONYMOUS|MAP_NORESERVE, -1, 0 <unfinished ...>
18294 <... mmap resumed>)               = 0x7f53faea0000
18292 <... mmap resumed>)               = 0x7f53faea4000
18291 <... mmap resumed>)               = 0x7f53faeac000
18289 <... munmap resumed>)             = 0
18290 <... mmap resumed>)               = 0x7f53fae94000
18286 <... mmap resumed>)               = 0x7f53faea8000
18298 mmap(NULL, 16384, PROT_READ|PROT_WRITE, MAP_PRIVATE|MAP_ANONYMOUS|MAP_NORESERVE, -1, 0 <unfinished ...>
18296 <... munmap resumed>)             = 0
18294 munmap(0x7f53faea0000, 16384 <unfinished ...>
18292 munmap(0x7f53faea4000, 16384 <unfinished ...>
18291 munmap(0x7f53faeac000, 16384 <unfinished ...>
18289 mmap(NULL, 16384, PROT_READ|PROT_WRITE, MAP_PRIVATE|MAP_ANONYMOUS|MAP_NORESERVE, -1, 0 <unfinished ...>
18288 <... mmap resumed>)               = 0x7f53fae9c000
18298 <... mmap resumed>)               = 0x7f53fae8c000
18296 mmap(NULL, 16384, PROT_READ|PROT_WRITE, MAP_PRIVATE|MAP_ANONYMOUS|MAP_NORESERVE, -1, 0 <unfinished ...>
18290 munmap(0x7f53fae94000, 16384 <unfinished ...>
18286 munmap(0x7f53faea8000, 16384 <unfinished ...>
18289 <... mmap resumed>)               = 0x7f54030c2000
18285 <... munmap resumed>)             = 0
18294 <... munmap resumed>)             = 0
18296 <... mmap resumed>)               = 0x7f53faea0000
18285 mmap(NULL, 16384, PROT_READ|PROT_WRITE, MAP_PRIVATE|MAP_ANONYMOUS|MAP_NORESERVE, -1, 0 <unfinished ...>
18299 <... munmap resumed>)             = 0
18294 mmap(NULL, 16384, PROT_READ|PROT_WRITE, MAP_PRIVATE|MAP_ANONYMOUS|MAP_NORESERVE, -1, 0 <unfinished ...>
18299 mmap(NULL, 16384, PROT_READ|PROT_WRITE, MAP_PRIVATE|MAP_ANONYMOUS|MAP_NORESERVE, -1, 0) = 0x7f53faeb4000
18287 <... munmap resumed>)             = 0
18299 munmap(0x7f53faeb4000, 16384 <unfinished ...>
18295 <... munmap resumed>)             = 0
18287 mmap(NULL, 16384, PROT_READ|PROT_WRITE, MAP_PRIVATE|MAP_ANONYMOUS|MAP_NORESERVE, -1, 0 <unfinished ...>
18299 <... munmap resumed>)             = 0
18298 munmap(0x7f53fae8c000, 16384 <unfinished ...>
18297 <... mmap resumed>)               = 0x7f53fae98000
18296 munmap(0x7f53faea0000, 16384 <unfinished ...>
18293 <... mmap resumed>)               = 0x7f53faeb4000
18289 munmap(0x7f54030c2000, 16384 <unfinished ...>
18288 munmap(0x7f53fae9c000, 16384 <unfinished ...>
18300 munmap(0x7f53faeb0000, 16384 <unfinished ...>
18299 mmap(NULL, 16384, PROT_READ|PROT_WRITE, MAP_PRIVATE|MAP_ANONYMOUS|MAP_NORESERVE, -1, 0 <unfinished ...>
18295 mmap(NULL, 16384, PROT_READ|PROT_WRITE, MAP_PRIVATE|MAP_ANONYMOUS|MAP_NORESERVE, -1, 0 <unfinished ...>
18291 <... munmap resumed>)             = 0
18293 munmap(0x7f53faeb4000, 16384 <unfinished ...>
18297 munmap(0x7f53fae98000, 16384 <unfinished ...>
18296 <... munmap resumed>)             = 0
18291 mmap(NULL, 16384, PROT_READ|PROT_WRITE, MAP_PRIVATE|MAP_ANONYMOUS|MAP_NORESERVE, -1, 0 <unfinished ...>
18300 <... munmap resumed>)             = 0
18300 mmap(NULL, 16384, PROT_READ|PROT_WRITE, MAP_PRIVATE|MAP_ANONYMOUS|MAP_NORESERVE, -1, 0 <unfinished ...>
18297 <... munmap resumed>)             = 0
18296 mmap(NULL, 16384, PROT_READ|PROT_WRITE, MAP_PRIVATE|MAP_ANONYMOUS|MAP_NORESERVE, -1, 0 <unfinished ...>
18292 <... munmap resumed>)             = 0
18297 mmap(NULL, 16384, PROT_READ|PROT_WRITE, MAP_PRIVATE|MAP_ANONYMOUS|MAP_NORESERVE, -1, 0 <unfinished ...>
18290 <... munmap resumed>)             = 0
18296 <... mmap resumed>)               = 0x7f53faeb0000
18290 mmap(NULL, 16384, PROT_READ|PROT_WRITE, MAP_PRIVATE|MAP_ANONYMOUS|MAP_NORESERVE, -1, 0 <unfinished ...>
18286 <... munmap resumed>)             = 0
18297 <... mmap resumed>)               = 0x7f53faeac000
18294 <... mmap resumed>)               = 0x7f53faea8000
18292 mmap(NULL, 16384, PROT_READ|PROT_WRITE, MAP_PRIVATE|MAP_ANONYMOUS|MAP_NORESERVE, -1, 0 <unfinished ...>
18287 <... mmap resumed>)               = 0x7f53faea0000
18286 mmap(NULL, 16384, PROT_READ|PROT_WRITE, MAP_PRIVATE|MAP_ANONYMOUS|MAP_NORESERVE, -1, 0 <unfinished ...>
18285 <... mmap resumed>)               = 0x7f53faea4000
18299 <... mmap resumed>)               = 0x7f53fae98000
18298 <... munmap resumed>)             = 0
18297 munmap(0x7f53faeac000, 16384 <unfinished ...>
18296 munmap(0x7f53faeb0000, 16384 <unfinished ...>
18294 munmap(0x7f53faea8000, 16384 <unfinished ...>
18292 <... mmap resumed>)               = 0x7f54030c2000
18289 <... munmap resumed>)             = 0
18299 munmap(0x7f53fae98000, 16384 <unfinished ...>
18298 mmap(NULL, 16384, PROT_READ|PROT_WRITE, MAP_PRIVATE|MAP_ANONYMOUS|MAP_NORESERVE, -1, 0 <unfinished ...>
18297 <... munmap resumed>)             = 0
18288 <... munmap resumed>)             = 0
18286 <... mmap resumed>)               = 0x7f53fae94000
18285 munmap(0x7f53faea4000, 16384 <unfinished ...>
18297 mmap(NULL, 16384, PROT_READ|PROT_WRITE, MAP_PRIVATE|MAP_ANONYMOUS|MAP_NORESERVE, -1, 0 <unfinished ...>
18295 <... mmap resumed>)               = 0x7f53faeac000
18289 mmap(NULL, 16384, PROT_READ|PROT_WRITE, MAP_PRIVATE|MAP_ANONYMOUS|MAP_NORESERVE, -1, 0 <unfinished ...>
18288 mmap(NULL, 16384, PROT_READ|PROT_WRITE, MAP_PRIVATE|MAP_ANONYMOUS|MAP_NORESERVE, -1, 0 <unfinished ...>
18296 <... munmap resumed>)             = 0
18289 <... mmap resumed>)               = 0x7f53faeb0000
18286 munmap(0x7f53fae94000, 16384 <unfinished ...>
18293 <... munmap resumed>)             = 0
18296 mmap(NULL, 16384, PROT_READ|PROT_WRITE, MAP_PRIVATE|MAP_ANONYMOUS|MAP_NORESERVE, -1, 0 <unfinished ...>
18289 munmap(0x7f53faeb0000, 16384 <unfinished ...>
18288 <... mmap resumed>)               = 0x7f53faeb4000
18293 mmap(NULL, 16384, PROT_READ|PROT_WRITE, MAP_PRIVATE|MAP_ANONYMOUS|MAP_NORESERVE, -1, 0 <unfinished ...>
18300 <... mmap resumed>)               = 0x7f53fae94000
18291 <... mmap resumed>)               = 0x7f53fae9c000
18286 <... munmap resumed>)             = 0
18296 <... mmap resumed>)               = 0x7f53fae90000
18293 <... mmap resumed>)               = 0x7f53fae8c000
18300 munmap(0x7f53fae94000, 16384 <unfinished ...>
18291 munmap(0x7f53fae9c000, 16384 <unfinished ...>
18290 <... mmap resumed>)               = 0x7f53fae88000
18288 munmap(0x7f53faeb4000, 16384 <unfinished ...>
18287 munmap(0x7f53faea0000, 16384 <unfinished ...>
18293 munmap(0x7f53fae8c000, 16384 <unfinished ...>
18292 munmap(0x7f54030c2000, 16384 <unfinished ...>
18290 munmap(0x7f53fae88000, 16384 <unfinished ...>
18296 munmap(0x7f53fae90000, 16384 <unfinished ...>
18295 munmap(0x7f53faeac000, 16384 <unfinished ...>
18294 <... munmap resumed>)             = 0
18291 <... munmap resumed>)             = 0
18294 mmap(NULL, 16384, PROT_READ|PROT_WRITE, MAP_PRIVATE|MAP_ANONYMOUS|MAP_NORESERVE, -1, 0 <unfinished ...>
18286 mmap(NULL, 16384, PROT_READ|PROT_WRITE, MAP_PRIVATE|MAP_ANONYMOUS|MAP_NORESERVE, -1, 0 <unfinished ...>
18294 <... mmap resumed>)               = 0x7f53faea4000
18291 mmap(NULL, 16384, PROT_READ|PROT_WRITE, MAP_PRIVATE|MAP_ANONYMOUS|MAP_NORESERVE, -1, 0 <unfinished ...>
18285 <... munmap resumed>)             = 0
18297 <... mmap resumed>)               = 0x7f53faea8000
18299 <... munmap resumed>)             = 0
18291 <... mmap resumed>)               = 0x7f53fae9c000
18285 mmap(NULL, 16384, PROT_READ|PROT_WRITE, MAP_PRIVATE|MAP_ANONYMOUS|MAP_NORESERVE, -1, 0 <unfinished ...>
18299 mmap(NULL, 16384, PROT_READ|PROT_WRITE, MAP_PRIVATE|MAP_ANONYMOUS|MAP_NORESERVE, -1, 0 <unfinished ...>
18298 <... mmap resumed>)               = 0x7f53fae98000
18291 munmap(0x7f53fae9c000, 16384 <unfinished ...>
18287 <... munmap resumed>)             = 0
18299 <... mmap resumed>)               = 0x7f53faea0000
18287 mmap(NULL, 16384, PROT_READ|PROT_WRITE, MAP_PRIVATE|MAP_ANONYMOUS|MAP_NORESERVE, -1, 0 <unfinished ...>
18299 munmap(0x7f53faea0000, 16384)     = 0
18298 munmap(0x7f53fae98000, 16384 <unfinished ...>
18289 <... munmap resumed>)             = 0
18300 <... munmap resumed>)             = 0
18299 mmap(NULL, 16384, PROT_READ|PROT_WRITE, MAP_PRIVATE|MAP_ANONYMOUS|MAP_NORESERVE, -1, 0 <unfinished ...>
18298 <... munmap resumed>)             = 0
18300 mmap(NULL, 16384, PROT_READ|PROT_WRITE, MAP_PRIVATE|MAP_ANONYMOUS|MAP_NORESERVE, -1, 0 <unfinished ...>
18299 <... mmap resumed>)               = 0x7f53faeb4000
18298 mmap(NULL, 16384, PROT_READ|PROT_WRITE, MAP_PRIVATE|MAP_ANONYMOUS|MAP_NORESERVE, -1, 0 <unfinished ...>
18289 mmap(NULL, 16384, PROT_READ|PROT_WRITE, MAP_PRIVATE|MAP_ANONYMOUS|MAP_NORESERVE, -1, 0 <unfinished ...>
18288 <... munmap resumed>)             = 0
18293 <... munmap resumed>)             = 0
18290 <... munmap resumed>)             = 0
18299 munmap(0x7f53faeb4000, 16384 <unfinished ...>
18298 <... mmap resumed>)               = 0x7f53faeb0000
18297 munmap(0x7f53faea8000, 16384 <unfinished ...>
18296 <... munmap resumed>)             = 0
18295 <... munmap resumed>)             = 0
18294 munmap(0x7f53faea4000, 16384 <unfinished ...>
18293 mmap(NULL, 16384, PROT_READ|PROT_WRITE, MAP_PRIVATE|MAP_ANONYMOUS|MAP_NORESERVE, -1, 0 <unfinished ...>
18292 <... munmap resumed>)             = 0
18290 mmap(NULL, 16384, PROT_READ|PROT_WRITE, MAP_PRIVATE|MAP_ANONYMOUS|MAP_NORESERVE, -1, 0 <unfinished ...>
18289 <... mmap resumed>)               = 0x7f53faea0000
18288 mmap(NULL, 16384, PROT_READ|PROT_WRITE, MAP_PRIVATE|MAP_ANONYMOUS|MAP_NORESERVE, -1, 0 <unfinished ...>
18299 <... munmap resumed>)             = 0
18298 munmap(0x7f53faeb0000, 16384 <unfinished ...>
18296 mmap(NULL, 16384, PROT_READ|PROT_WRITE, MAP_PRIVATE|MAP_ANONYMOUS|MAP_NORESERVE, -1, 0 <unfinished ...>
18295 mmap(NULL, 16384, PROT_READ|PROT_WRITE, MAP_PRIVATE|MAP_ANONYMOUS|MAP_NORESERVE, -1, 0 <unfinished ...>
18292 mmap(NULL, 16384, PROT_READ|PROT_WRITE, MAP_PRIVATE|MAP_ANONYMOUS|MAP_NORESERVE, -1, 0 <unfinished ...>
18286 <... mmap resumed>)               = 0x7f54030c2000
18285 <... mmap resumed>)               = 0x7f53faeb4000
18299 mmap(NULL, 16384, PROT_READ|PROT_WRITE, MAP_PRIVATE|MAP_ANONYMOUS|MAP_NORESERVE, -1, 0 <unfinished ...>
18298 <... munmap resumed>)             = 0
18293 <... mmap resumed>)               = 0x7f53faeac000
18291 <... munmap resumed>)             = 0
18290 <... mmap resumed>)               = 0x7f53fae9c000
18289 munmap(0x7f53faea0000, 16384 <unfinished ...>
18288 <... mmap resumed>)               = 0x7f53fae94000
18287 <... mmap resumed>)               = 0x7f53fae98000
18300 <... mmap resumed>)               = 0x7f53faeb0000
18299 <... mmap resumed>)               = 0x7f53faea8000
18298 mmap(NULL, 16384, PROT_READ|PROT_WRITE, MAP_PRIVATE|MAP_ANONYMOUS|MAP_NORESERVE, -1, 0 <unfinished ...>
18297 <... munmap resumed>)             = 0
18293 munmap(0x7f53faeac000, 16384 <unfinished ...>
18292 <... mmap resumed>)               = 0x7f53fae90000
18291 mmap(NULL, 16384, PROT_READ|PROT_WRITE, MAP_PRIVATE|MAP_ANONYMOUS|MAP_NORESERVE, -1, 0 <unfinished ...>
18290 munmap(0x7f53fae9c000, 16384 <unfinished ...>
18288 munmap(0x7f53fae94000, 16384 <unfinished ...>
18300 munmap(0x7f53faeb0000, 16384 <unfinished ...>
18294 <... munmap resumed>)             = 0
18287 munmap(0x7f53fae98000, 16384 <unfinished ...>
18299 munmap(0x7f53faea8000, 16384 <unfinished ...>
18293 <... munmap resumed>)             = 0
18297 mmap(NULL, 16384, PROT_READ|PROT_WRITE, MAP_PRIVATE|MAP_ANONYMOUS|MAP_NORESERVE, -1, 0 <unfinished ...>
18292 munmap(0x7f53fae90000, 16384 <unfinished ...>
18294 mmap(NULL, 16384, PROT_READ|PROT_WRITE, MAP_PRIVATE|MAP_ANONYMOUS|MAP_NORESERVE, -1, 0 <unfinished ...>
18293 mmap(NULL, 16384, PROT_READ|PROT_WRITE, MAP_PRIVATE|MAP_ANONYMOUS|MAP_NORESERVE, -1, 0 <unfinished ...>
18296 <... mmap resumed>)               = 0x7f53faeac000
18296 munmap(0x7f53faeac000, 16384 <unfinished ...>
18295 <... mmap resumed>)               = 0x7f53fae98000
18291 <... mmap resumed>)               = 0x7f53faea4000
18285 munmap(0x7f53faeb4000, 16384 <unfinished ...>
18287 <... munmap resumed>)             = 0
18295 munmap(0x7f53fae98000, 16384 <unfinished ...>
18291 munmap(0x7f53faea4000, 16384 <unfinished ...>
18286 munmap(0x7f54030c2000, 16384 <unfinished ...>
18285 <... munmap resumed>)             = 0
18289 <... munmap resumed>)             = 0
18287 mmap(NULL, 16384, PROT_READ|PROT_WRITE, MAP_PRIVATE|MAP_ANONYMOUS|MAP_NORESERVE, -1, 0 <unfinished ...>
18290 <... munmap resumed>)             = 0
18285 mmap(NULL, 16384, PROT_READ|PROT_WRITE, MAP_PRIVATE|MAP_ANONYMOUS|MAP_NORESERVE, -1, 0 <unfinished ...>
18289 mmap(NULL, 16384, PROT_READ|PROT_WRITE, MAP_PRIVATE|MAP_ANONYMOUS|MAP_NORESERVE, -1, 0 <unfinished ...>
18290 mmap(NULL, 16384, PROT_READ|PROT_WRITE, MAP_PRIVATE|MAP_ANONYMOUS|MAP_NORESERVE, -1, 0 <unfinished ...>
18288 <... munmap resumed>)             = 0
18300 <... munmap resumed>)             = 0
18298 <... mmap resumed>)               = 0x7f53faeb0000
18290 <... mmap resumed>)               = 0x7f53faeb4000
18288 mmap(NULL, 16384, PROT_READ|PROT_WRITE, MAP_PRIVATE|MAP_ANONYMOUS|MAP_NORESERVE, -1, 0 <unfinished ...>
18300 mmap(NULL, 16384, PROT_READ|PROT_WRITE, MAP_PRIVATE|MAP_ANONYMOUS|MAP_NORESERVE, -1, 0 <unfinished ...>
18298 munmap(0x7f53faeb0000, 16384 <unfinished ...>
18290 munmap(0x7f53faeb4000, 16384 <unfinished ...>
18299 <... munmap resumed>)             = 0
18299 mmap(NULL, 16384, PROT_READ|PROT_WRITE, MAP_PRIVATE|MAP_ANONYMOUS|MAP_NORESERVE, -1, 0 <unfinished ...>
18297 <... mmap resumed>)               = 0x7f53faea8000
18290 <... munmap resumed>)             = 0
18297 munmap(0x7f53faea8000, 16384 <unfinished ...>
18294 <... mmap resumed>)               = 0x7f53faeb4000
18290 mmap(NULL, 16384, PROT_READ|PROT_WRITE, MAP_PRIVATE|MAP_ANONYMOUS|MAP_NORESERVE, -1, 0 <unfinished ...>
18297 <... munmap resumed>)             = 0
18294 munmap(0x7f53faeb4000, 16384 <unfinished ...>
18293 <... mmap resumed>)               = 0x7f53faea0000
18297 mmap(NULL, 16384, PROT_READ|PROT_WRITE, MAP_PRIVATE|MAP_ANONYMOUS|MAP_NORESERVE, -1, 0 <unfinished ...>
18292 <... munmap resumed>)             = 0
18290 <... mmap resumed>)               = 0x7f53faea8000
18292 mmap(NULL, 16384, PROT_READ|PROT_WRITE, MAP_PRIVATE|MAP_ANONYMOUS|MAP_NORESERVE, -1, 0 <unfinished ...>
18294 <... munmap resumed>)             = 0
18290 munmap(0x7f53faea8000, 16384 <unfinished ...>
18296 <... munmap resumed>)             = 0
18294 mmap(NULL, 16384, PROT_READ|PROT_WRITE, MAP_PRIVATE|MAP_ANONYMOUS|MAP_NORESERVE, -1, 0 <unfinished ...>
18295 <... munmap resumed>)             = 0
18296 mmap(NULL, 16384, PROT_READ|PROT_WRITE, MAP_PRIVATE|MAP_ANONYMOUS|MAP_NORESERVE, -1, 0 <unfinished ...>
18295 mmap(NULL, 16384, PROT_READ|PROT_WRITE, MAP_PRIVATE|MAP_ANONYMOUS|MAP_NORESERVE, -1, 0 <unfinished ...>
18290 <... munmap resumed>)             = 0
18291 <... munmap resumed>)             = 0
18290 mmap(NULL, 16384, PROT_READ|PROT_WRITE, MAP_PRIVATE|MAP_ANONYMOUS|MAP_NORESERVE, -1, 0 <unfinished ...>
18287 <... mmap resumed>)               = 0x7f53faeb4000
18291 mmap(NULL, 16384, PROT_READ|PROT_WRITE, MAP_PRIVATE|MAP_ANONYMOUS|MAP_NORESERVE, -1, 0 <unfinished ...>
18290 <... mmap resumed>)               = 0x7f53faea8000
18285 <... mmap resumed>)               = 0x7f53faeac000
18286 <... munmap resumed>)             = 0
18291 <... mmap resumed>)               = 0x7f54030c2000
18289 <... mmap resumed>)               = 0x7f53faea4000
18286 mmap(NULL, 16384, PROT_READ|PROT_WRITE, MAP_PRIVATE|MAP_ANONYMOUS|MAP_NORESERVE, -1, 0 <unfinished ...>
18300 <... mmap resumed>)               = 0x7f53fae9c000
18291 munmap(0x7f54030c2000, 16384 <unfinished ...>
18286 <... mmap resumed>)               = 0x7f53fae98000
18285 munmap(0x7f53faeac000, 16384 <unfinished ...>
18299 <... mmap resumed>)               = 0x7f53faeb0000
18298 <... munmap resumed>)             = 0
18289 munmap(0x7f53faea4000, 16384 <unfinished ...>
18299 munmap(0x7f53faeb0000, 16384 <unfinished ...>
18298 mmap(NULL, 16384, PROT_READ|PROT_WRITE, MAP_PRIVATE|MAP_ANONYMOUS|MAP_NORESERVE, -1, 0 <unfinished ...>
18291 <... munmap resumed>)             = 0
18288 <... mmap resumed>)               = 0x7f54030c2000
18286 munmap(0x7f53fae98000, 16384 <unfinished ...>
18300 munmap(0x7f53fae9c000, 16384 <unfinished ...>
18297 <... mmap resumed>)               = 0x7f53fae94000
18293 munmap(0x7f53faea0000, 16384 <unfinished ...>
18291 mmap(NULL, 16384, PROT_READ|PROT_WRITE, MAP_PRIVATE|MAP_ANONYMOUS|MAP_NORESERVE, -1, 0 <unfinished ...>
18290 munmap(0x7f53faea8000, 16384 <unfinished ...>
18300 <... munmap resumed>)             = 0
18297 munmap(0x7f53fae94000, 16384 <unfinished ...>
18292 <... mmap resumed>)               = 0x7f53fae98000
18286 <... munmap resumed>)             = 0
18300 mmap(NULL, 16384, PROT_READ|PROT_WRITE, MAP_PRIVATE|MAP_ANONYMOUS|MAP_NORESERVE, -1, 0 <unfinished ...>
18293 <... munmap resumed>)             = 0
18292 munmap(0x7f53fae98000, 16384 <unfinished ...>
18286 mmap(NULL, 16384, PROT_READ|PROT_WRITE, MAP_PRIVATE|MAP_ANONYMOUS|MAP_NORESERVE, -1, 0 <unfinished ...>
18300 <... mmap resumed>)               = 0x7f53fae9c000
18294 <... mmap resumed>)               = 0x7f53faea0000
18293 mmap(NULL, 16384, PROT_READ|PROT_WRITE, MAP_PRIVATE|MAP_ANONYMOUS|MAP_NORESERVE, -1, 0 <unfinished ...>
18300 munmap(0x7f53fae9c000, 16384 <unfinished ...>
18296 <... mmap resumed>)               = 0x7f53fae90000
18295 <... mmap resumed>)               = 0x7f53fae98000
18293 <... mmap resumed>)               = 0x7f53fae8c000
18292 <... munmap resumed>)             = 0
18296 munmap(0x7f53fae90000, 16384 <unfinished ...>
18295 munmap(0x7f53fae98000, 16384 <unfinished ...>
18294 munmap(0x7f53faea0000, 16384 <unfinished ...>
18285 <... munmap resumed>)             = 0
18296 <... munmap resumed>)             = 0
18293 munmap(0x7f53fae8c000, 16384 <unfinished ...>
18292 mmap(NULL, 16384, PROT_READ|PROT_WRITE, MAP_PRIVATE|MAP_ANONYMOUS|MAP_NORESERVE, -1, 0 <unfinished ...>
18298 <... mmap resumed>)               = 0x7f53faeac000
18296 mmap(NULL, 16384, PROT_READ|PROT_WRITE, MAP_PRIVATE|MAP_ANONYMOUS|MAP_NORESERVE, -1, 0 <unfinished ...>
18293 <... munmap resumed>)             = 0
18292 <... mmap resumed>)               = 0x7f53faea4000
18289 <... munmap resumed>)             = 0
18285 mmap(NULL, 16384, PROT_READ|PROT_WRITE, MAP_PRIVATE|MAP_ANONYMOUS|MAP_NORESERVE, -1, 0 <unfinished ...>
18299 <... munmap resumed>)             = 0
18298 munmap(0x7f53faeac000, 16384 <unfinished ...>
18287 munmap(0x7f53faeb4000, 16384 <unfinished ...>
18299 mmap(NULL, 16384, PROT_READ|PROT_WRITE, MAP_PRIVATE|MAP_ANONYMOUS|MAP_NORESERVE, -1, 0 <unfinished ...>
18293 mmap(NULL, 16384, PROT_READ|PROT_WRITE, MAP_PRIVATE|MAP_ANONYMOUS|MAP_NORESERVE, -1, 0 <unfinished ...>
18292 munmap(0x7f53faea4000, 16384 <unfinished ...>
18289 mmap(NULL, 16384, PROT_READ|PROT_WRITE, MAP_PRIVATE|MAP_ANONYMOUS|MAP_NORESERVE, -1, 0 <unfinished ...>
18298 <... munmap resumed>)             = 0
18288 munmap(0x7f54030c2000, 16384 <unfinished ...>
18298 mmap(NULL, 16384, PROT_READ|PROT_WRITE, MAP_PRIVATE|MAP_ANONYMOUS|MAP_NORESERVE, -1, 0 <unfinished ...>
18293 <... mmap resumed>)               = 0x7f53faeb0000
18291 <... mmap resumed>)               = 0x7f53fae90000
18289 <... mmap resumed>)               = 0x7f53faeac000
18297 <... munmap resumed>)             = 0
18288 <... munmap resumed>)             = 0
18300 <... munmap resumed>)             = 0
18297 mmap(NULL, 16384, PROT_READ|PROT_WRITE, MAP_PRIVATE|MAP_ANONYMOUS|MAP_NORESERVE, -1, 0 <unfinished ...>
18291 munmap(0x7f53fae90000, 16384 <unfinished ...>
18290 <... munmap resumed>)             = 0
18288 mmap(NULL, 16384, PROT_READ|PROT_WRITE, MAP_PRIVATE|MAP_ANONYMOUS|MAP_NORESERVE, -1, 0 <unfinished ...>
18297 <... mmap resumed>)               = 0x7f53faea8000
18300 mmap(NULL, 16384, PROT_READ|PROT_WRITE, MAP_PRIVATE|MAP_ANONYMOUS|MAP_NORESERVE, -1, 0 <unfinished ...>
18286 <... mmap resumed>)               = 0x7f54030c2000
18297 munmap(0x7f53faea8000, 16384 <unfinished ...>
18294 <... munmap resumed>)             = 0
18290 mmap(NULL, 16384, PROT_READ|PROT_WRITE, MAP_PRIVATE|MAP_ANONYMOUS|MAP_NORESERVE, -1, 0 <unfinished ...>
18288 <... mmap resumed>)               = 0x7f53faea0000
18294 mmap(NULL, 16384, PROT_READ|PROT_WRITE, MAP_PRIVATE|MAP_ANONYMOUS|MAP_NORESERVE, -1, 0 <unfinished ...>
18291 <... munmap resumed>)             = 0
18288 munmap(0x7f53faea0000, 16384 <unfinished ...>
18296 <... mmap resumed>)               = 0x7f53fae9c000
18295 <... munmap resumed>)             = 0
18291 mmap(NULL, 16384, PROT_READ|PROT_WRITE, MAP_PRIVATE|MAP_ANONYMOUS|MAP_NORESERVE, -1, 0 <unfinished ...>
18285 <... mmap resumed>)               = 0x7f53fae98000
18299 <... mmap resumed>)               = 0x7f53faea0000
18288 <... munmap resumed>)             = 0
18295 mmap(NULL, 16384, PROT_READ|PROT_WRITE, MAP_PRIVATE|MAP_ANONYMOUS|MAP_NORESERVE, -1, 0 <unfinished ...>
18299 munmap(0x7f53faea0000, 16384 <unfinished ...>
18292 <... munmap resumed>)             = 0
18289 munmap(0x7f53faeac000, 16384 <unfinished ...>
18288 mmap(NULL, 16384, PROT_READ|PROT_WRITE, MAP_PRIVATE|MAP_ANONYMOUS|MAP_NORESERVE, -1, 0 <unfinished ...>
18287 <... munmap resumed>)             = 0
18285 munmap(0x7f53fae98000, 16384 <unfinished ...>
18300 <... mmap resumed>)               = 0x7f53faea4000
18298 <... mmap resumed>)               = 0x7f53faeb4000
18296 munmap(0x7f53fae9c000, 16384 <unfinished ...>
18293 munmap(0x7f53faeb0000, 16384 <unfinished ...>
18290 <... mmap resumed>)               = 0x7f53fae94000
18286 munmap(0x7f54030c2000, 16384 <unfinished ...>
18292 mmap(NULL, 16384, PROT_READ|PROT_WRITE, MAP_PRIVATE|MAP_ANONYMOUS|MAP_NORESERVE, -1, 0 <unfinished ...>
18287 mmap(NULL, 16384, PROT_READ|PROT_WRITE, MAP_PRIVATE|MAP_ANONYMOUS|MAP_NORESERVE, -1, 0 <unfinished ...>
18298 munmap(0x7f53faeb4000, 16384 <unfinished ...>
18297 <... munmap resumed>)             = 0
18292 <... mmap resumed>)               = 0x7f53faea8000
18290 munmap(0x7f53fae94000, 16384 <unfinished ...>
18294 <... mmap resumed>)               = 0x7f53faeac000
18289 <... munmap resumed>)             = 0
18300 munmap(0x7f53faea4000, 16384 <unfinished ...>
18298 <... munmap resumed>)             = 0
18297 mmap(NULL, 16384, PROT_READ|PROT_WRITE, MAP_PRIVATE|MAP_ANONYMOUS|MAP_NORESERVE, -1, 0 <unfinished ...>
18292 munmap(0x7f53faea8000, 16384 <unfinished ...>
18294 munmap(0x7f53faeac000, 16384 <unfinished ...>
18291 <... mmap resumed>)               = 0x7f53faeb4000
18289 mmap(NULL, 16384, PROT_READ|PROT_WRITE, MAP_PRIVATE|MAP_ANONYMOUS|MAP_NORESERVE, -1, 0 <unfinished ...>
18298 mmap(NULL, 16384, PROT_READ|PROT_WRITE, MAP_PRIVATE|MAP_ANONYMOUS|MAP_NORESERVE, -1, 0) = 0x7f53faea8000
18292 <... munmap resumed>)             = 0
18291 munmap(0x7f53faeb4000, 16384 <unfinished ...>
18290 <... munmap resumed>)             = 0
18299 <... munmap resumed>)             = 0
18296 <... munmap resumed>)             = 0
18292 mmap(NULL, 16384, PROT_READ|PROT_WRITE, MAP_PRIVATE|MAP_ANONYMOUS|MAP_NORESERVE, -1, 0 <unfinished ...>
18299 mmap(NULL, 16384, PROT_READ|PROT_WRITE, MAP_PRIVATE|MAP_ANONYMOUS|MAP_NORESERVE, -1, 0 <unfinished ...>
18298 munmap(0x7f53faea8000, 16384 <unfinished ...>
18296 mmap(NULL, 16384, PROT_READ|PROT_WRITE, MAP_PRIVATE|MAP_ANONYMOUS|MAP_NORESERVE, -1, 0 <unfinished ...>
18292 <... mmap resumed>)               = 0x7f53faeb4000
18291 <... munmap resumed>)             = 0
18290 mmap(NULL, 16384, PROT_READ|PROT_WRITE, MAP_PRIVATE|MAP_ANONYMOUS|MAP_NORESERVE, -1, 0 <unfinished ...>
18296 <... mmap resumed>)               = 0x7f53fae9c000
18288 <... mmap resumed>)               = 0x7f53faea0000
18296 munmap(0x7f53fae9c000, 16384 <unfinished ...>
18292 munmap(0x7f53faeb4000, 16384 <unfinished ...>
18291 mmap(NULL, 16384, PROT_READ|PROT_WRITE, MAP_PRIVATE|MAP_ANONYMOUS|MAP_NORESERVE, -1, 0 <unfinished ...>
18288 munmap(0x7f53faea0000, 16384 <unfinished ...>
18293 <... munmap resumed>)             = 0
18293 mmap(NULL, 16384, PROT_READ|PROT_WRITE, MAP_PRIVATE|MAP_ANONYMOUS|MAP_NORESERVE, -1, 0 <unfinished ...>
18291 <... mmap resumed>)               = 0x7f54030c2000
18286 <... munmap resumed>)             = 0
18288 <... munmap resumed>)             = 0
18288 mmap(NULL, 16384, PROT_READ|PROT_WRITE, MAP_PRIVATE|MAP_ANONYMOUS|MAP_NORESERVE, -1, 0 <unfinished ...>
18287 <... mmap resumed>)               = 0x7f53faea0000
18286 mmap(NULL, 16384, PROT_READ|PROT_WRITE, MAP_PRIVATE|MAP_ANONYMOUS|MAP_NORESERVE, -1, 0 <unfinished ...>
18295 <... mmap resumed>)               = 0x7f53faeb0000
18287 munmap(0x7f53faea0000, 16384 <unfinished ...>
18286 <... mmap resumed>)               = 0x7f53fae98000
18285 <... munmap resumed>)             = 0
18300 <... munmap resumed>)             = 0
18295 munmap(0x7f53faeb0000, 16384 <unfinished ...>
18294 <... munmap resumed>)             = 0
18289 <... mmap resumed>)               = 0x7f53faea4000
18300 mmap(NULL, 16384, PROT_READ|PROT_WRITE, MAP_PRIVATE|MAP_ANONYMOUS|MAP_NORESERVE, -1, 0 <unfinished ...>
18297 <... mmap resumed>)               = 0x7f53faeac000
18286 munmap(0x7f53fae98000, 16384 <unfinished ...>
18298 <... munmap resumed>)             = 0
18294 mmap(NULL, 16384, PROT_READ|PROT_WRITE, MAP_PRIVATE|MAP_ANONYMOUS|MAP_NORESERVE, -1, 0 <unfinished ...>
18287 <... munmap resumed>)             = 0
18285 mmap(NULL, 16384, PROT_READ|PROT_WRITE, MAP_PRIVATE|MAP_ANONYMOUS|MAP_NORESERVE, -1, 0 <unfinished ...>
18300 <... mmap resumed>)               = 0x7f53faea8000
18298 mmap(NULL, 16384, PROT_READ|PROT_WRITE, MAP_PRIVATE|MAP_ANONYMOUS|MAP_NORESERVE, -1, 0 <unfinished ...>
18297 munmap(0x7f53faeac000, 16384 <unfinished ...>
18294 <... mmap resumed>)               = 0x7f53faea0000
18287 mmap(NULL, 16384, PROT_READ|PROT_WRITE, MAP_PRIVATE|MAP_ANONYMOUS|MAP_NORESERVE, -1, 0 <unfinished ...>
18299 <... mmap resumed>)               = 0x7f53fae94000
18298 <... mmap resumed>)               = 0x7f53fae90000
18297 <... munmap resumed>)             = 0
18294 munmap(0x7f53faea0000, 16384 <unfinished ...>
18297 mmap(NULL, 16384, PROT_READ|PROT_WRITE, MAP_PRIVATE|MAP_ANONYMOUS|MAP_NORESERVE, -1, 0 <unfinished ...>
18299 munmap(0x7f53fae94000, 16384 <unfinished ...>
18297 <... mmap resumed>)               = 0x7f53fae8c000
18290 <... mmap resumed>)               = 0x7f53faeac000
18297 munmap(0x7f53fae8c000, 16384 <unfinished ...>
18294 <... munmap resumed>)             = 0
18290 munmap(0x7f53faeac000, 16384 <unfinished ...>
18297 <... munmap resumed>)             = 0
18296 <... munmap resumed>)             = 0
18294 mmap(NULL, 16384, PROT_READ|PROT_WRITE, MAP_PRIVATE|MAP_ANONYMOUS|MAP_NORESERVE, -1, 0 <unfinished ...>
18297 mmap(NULL, 16384, PROT_READ|PROT_WRITE, MAP_PRIVATE|MAP_ANONYMOUS|MAP_NORESERVE, -1, 0 <unfinished ...>
18296 mmap(NULL, 16384, PROT_READ|PROT_WRITE, MAP_PRIVATE|MAP_ANONYMOUS|MAP_NORESERVE, -1, 0 <unfinished ...>
18292 <... munmap resumed>)             = 0
18292 mmap(NULL, 16384, PROT_READ|PROT_WRITE, MAP_PRIVATE|MAP_ANONYMOUS|MAP_NORESERVE, -1, 0 <unfinished ...>
18290 <... munmap resumed>)             = 0
18300 munmap(0x7f53faea8000, 16384 <unfinished ...>
18298 munmap(0x7f53fae90000, 16384 <unfinished ...>
18293 <... mmap resumed>)               = 0x7f53faeb4000
18291 munmap(0x7f54030c2000, 16384 <unfinished ...>
18289 munmap(0x7f53faea4000, 16384 <unfinished ...>
18293 munmap(0x7f53faeb4000, 16384 <unfinished ...>
18290 mmap(NULL, 16384, PROT_READ|PROT_WRITE, MAP_PRIVATE|MAP_ANONYMOUS|MAP_NORESERVE, -1, 0 <unfinished ...>
18288 <... mmap resumed>)               = 0x7f53faeac000
18288 munmap(0x7f53faeac000, 16384 <unfinished ...>
18289 <... munmap resumed>)             = 0
18295 <... munmap resumed>)             = 0
18295 mmap(NULL, 16384, PROT_READ|PROT_WRITE, MAP_PRIVATE|MAP_ANONYMOUS|MAP_NORESERVE, -1, 0 <unfinished ...>
18289 mmap(NULL, 16384, PROT_READ|PROT_WRITE, MAP_PRIVATE|MAP_ANONYMOUS|MAP_NORESERVE, -1, 0 <unfinished ...>
18286 <... munmap resumed>)             = 0
18285 <... mmap resumed>)               = 0x7f53faea4000
18295 <... mmap resumed>)               = 0x7f53faeb0000
18285 munmap(0x7f53faea4000, 16384 <unfinished ...>
18286 mmap(NULL, 16384, PROT_READ|PROT_WRITE, MAP_PRIVATE|MAP_ANONYMOUS|MAP_NORESERVE, -1, 0 <unfinished ...>
18295 munmap(0x7f53faeb0000, 16384 <unfinished ...>
18287 <... mmap resumed>)               = 0x7f53faea0000
18299 <... munmap resumed>)             = 0
18287 munmap(0x7f53faea0000, 16384 <unfinished ...>
18299 mmap(NULL, 16384, PROT_READ|PROT_WRITE, MAP_PRIVATE|MAP_ANONYMOUS|MAP_NORESERVE, -1, 0 <unfinished ...>
18295 <... munmap resumed>)             = 0
18294 <... mmap resumed>)               = 0x7f53faeb0000
18287 <... munmap resumed>)             = 0
18296 <... mmap resumed>)               = 0x7f53faea0000
18295 mmap(NULL, 16384, PROT_READ|PROT_WRITE, MAP_PRIVATE|MAP_ANONYMOUS|MAP_NORESERVE, -1, 0 <unfinished ...>
18299 <... mmap resumed>)               = 0x7f53fae9c000
18297 <... mmap resumed>)               = 0x7f53fae98000
18287 mmap(NULL, 16384, PROT_READ|PROT_WRITE, MAP_PRIVATE|MAP_ANONYMOUS|MAP_NORESERVE, -1, 0 <unfinished ...>
18295 <... mmap resumed>)               = 0x7f53fae94000
18294 munmap(0x7f53faeb0000, 16384 <unfinished ...>
18287 <... mmap resumed>)               = 0x7f53fae8c000
18297 munmap(0x7f53fae98000, 16384 <unfinished ...>
18298 <... munmap resumed>)             = 0
18298 mmap(NULL, 16384, PROT_READ|PROT_WRITE, MAP_PRIVATE|MAP_ANONYMOUS|MAP_NORESERVE, -1, 0 <unfinished ...>
18287 munmap(0x7f53fae8c000, 16384 <unfinished ...>
18294 <... munmap resumed>)             = 0
18298 <... mmap resumed>)               = 0x7f53faeb0000
18292 <... mmap resumed>)               = 0x7f53fae90000
18287 <... munmap resumed>)             = 0
18294 mmap(NULL, 16384, PROT_READ|PROT_WRITE, MAP_PRIVATE|MAP_ANONYMOUS|MAP_NORESERVE, -1, 0 <unfinished ...>
18287 mmap(NULL, 16384, PROT_READ|PROT_WRITE, MAP_PRIVATE|MAP_ANONYMOUS|MAP_NORESERVE, -1, 0 <unfinished ...>
18300 <... munmap resumed>)             = 0
18292 munmap(0x7f53fae90000, 16384 <unfinished ...>
18291 <... munmap resumed>)             = 0
18290 <... mmap resumed>)               = 0x7f54030c2000
18300 mmap(NULL, 16384, PROT_READ|PROT_WRITE, MAP_PRIVATE|MAP_ANONYMOUS|MAP_NORESERVE, -1, 0 <unfinished ...>
18298 munmap(0x7f53faeb0000, 16384 <unfinished ...>
18294 <... mmap resumed>)               = 0x7f53faea8000
18300 <... mmap resumed>)               = 0x7f53faeb4000
18293 <... munmap resumed>)             = 0
18291 mmap(NULL, 16384, PROT_READ|PROT_WRITE, MAP_PRIVATE|MAP_ANONYMOUS|MAP_NORESERVE, -1, 0 <unfinished ...>
18298 <... munmap resumed>)             = 0
18294 munmap(0x7f53faea8000, 16384 <unfinished ...>
18290 munmap(0x7f54030c2000, 16384 <unfinished ...>
18298 mmap(NULL, 16384, PROT_READ|PROT_WRITE, MAP_PRIVATE|MAP_ANONYMOUS|MAP_NORESERVE, -1, 0 <unfinished ...>
18293 mmap(NULL, 16384, PROT_READ|PROT_WRITE, MAP_PRIVATE|MAP_ANONYMOUS|MAP_NORESERVE, -1, 0 <unfinished ...>
18288 <... munmap resumed>)             = 0
18293 <... mmap resumed>)               = 0x7f53faeac000
18289 <... mmap resumed>)               = 0x7f53faeb0000
18285 <... munmap resumed>)             = 0
18288 mmap(NULL, 16384, PROT_READ|PROT_WRITE, MAP_PRIVATE|MAP_ANONYMOUS|MAP_NORESERVE, -1, 0 <unfinished ...>
18293 munmap(0x7f53faeac000, 16384 <unfinished ...>
18286 <... mmap resumed>)               = 0x7f53faea4000
18285 mmap(NULL, 16384, PROT_READ|PROT_WRITE, MAP_PRIVATE|MAP_ANONYMOUS|MAP_NORESERVE, -1, 0 <unfinished ...>
18299 munmap(0x7f53fae9c000, 16384 <unfinished ...>
18296 munmap(0x7f53faea0000, 16384 <unfinished ...>
18295 munmap(0x7f53fae94000, 16384 <unfinished ...>
18289 munmap(0x7f53faeb0000, 16384 <unfinished ...>
18300 munmap(0x7f53faeb4000, 16384 <unfinished ...>
18286 munmap(0x7f53faea4000, 16384 <unfinished ...>
18285 <... mmap resumed>)               = 0x7f53fae8c000
18297 <... munmap resumed>)             = 0
18297 mmap(NULL, 16384, PROT_READ|PROT_WRITE, MAP_PRIVATE|MAP_ANONYMOUS|MAP_NORESERVE, -1, 0 <unfinished ...>
18285 munmap(0x7f53fae8c000, 16384 <unfinished ...>
18300 <... munmap resumed>)             = 0
18300 mmap(NULL, 16384, PROT_READ|PROT_WRITE, MAP_PRIVATE|MAP_ANONYMOUS|MAP_NORESERVE, -1, 0 <unfinished ...>
18292 <... munmap resumed>)             = 0
18287 <... mmap resumed>)               = 0x7f53faeb4000
18294 <... munmap resumed>)             = 0
18294 mmap(NULL, 16384, PROT_READ|PROT_WRITE, MAP_PRIVATE|MAP_ANONYMOUS|MAP_NORESERVE, -1, 0 <unfinished ...>
18298 <... mmap resumed>)               = 0x7f53fae98000
18292 mmap(NULL, 16384, PROT_READ|PROT_WRITE, MAP_PRIVATE|MAP_ANONYMOUS|MAP_NORESERVE, -1, 0 <unfinished ...>
18291 <... mmap resumed>)               = 0x7f53faea8000
18287 munmap(0x7f53faeb4000, 16384 <unfinished ...>
18294 <... mmap resumed>)               = 0x7f54030c2000
18292 <... mmap resumed>)               = 0x7f53fae88000
18290 <... munmap resumed>)             = 0
18288 <... mmap resumed>)               = 0x7f53fae90000
18291 munmap(0x7f53faea8000, 16384 <unfinished ...>
18290 mmap(NULL, 16384, PROT_READ|PROT_WRITE, MAP_PRIVATE|MAP_ANONYMOUS|MAP_NORESERVE, -1, 0 <unfinished ...>
18287 <... munmap resumed>)             = 0
18293 <... munmap resumed>)             = 0
18288 munmap(0x7f53fae90000, 16384 <unfinished ...>
18299 <... munmap resumed>)             = 0
18293 mmap(NULL, 16384, PROT_READ|PROT_WRITE, MAP_PRIVATE|MAP_ANONYMOUS|MAP_NORESERVE, -1, 0 <unfinished ...>
18287 mmap(NULL, 16384, PROT_READ|PROT_WRITE, MAP_PRIVATE|MAP_ANONYMOUS|MAP_NORESERVE, -1, 0 <unfinished ...>
18299 mmap(NULL, 16384, PROT_READ|PROT_WRITE, MAP_PRIVATE|MAP_ANONYMOUS|MAP_NORESERVE, -1, 0 <unfinished ...>
18296 <... munmap resumed>)             = 0
18293 <... mmap resumed>)               = 0x7f53faeb4000
18295 <... munmap resumed>)             = 0
18296 mmap(NULL, 16384, PROT_READ|PROT_WRITE, MAP_PRIVATE|MAP_ANONYMOUS|MAP_NORESERVE, -1, 0 <unfinished ...>
18299 <... mmap resumed>)               = 0x7f53faeb0000
18295 mmap(NULL, 16384, PROT_READ|PROT_WRITE, MAP_PRIVATE|MAP_ANONYMOUS|MAP_NORESERVE, -1, 0 <unfinished ...>
18293 munmap(0x7f53faeb4000, 16384 <unfinished ...>
18289 <... munmap resumed>)             = 0
18299 munmap(0x7f53faeb0000, 16384 <unfinished ...>
18286 <... munmap resumed>)             = 0
18293 <... munmap resumed>)             = 0
18293 mmap(NULL, 16384, PROT_READ|PROT_WRITE, MAP_PRIVATE|MAP_ANONYMOUS|MAP_NORESERVE, -1, 0 <unfinished ...>
18289 mmap(NULL, 16384, PROT_READ|PROT_WRITE, MAP_PRIVATE|MAP_ANONYMOUS|MAP_NORESERVE, -1, 0 <unfinished ...>
18286 mmap(NULL, 16384, PROT_READ|PROT_WRITE, MAP_PRIVATE|MAP_ANONYMOUS|MAP_NORESERVE, -1, 0 <unfinished ...>
18297 <... mmap resumed>)               = 0x7f53faeb4000
18299 <... munmap resumed>)             = 0
18299 mmap(NULL, 16384, PROT_READ|PROT_WRITE, MAP_PRIVATE|MAP_ANONYMOUS|MAP_NORESERVE, -1, 0 <unfinished ...>
18297 munmap(0x7f53faeb4000, 16384)     = 0
18285 <... munmap resumed>)             = 0
18292 munmap(0x7f53fae88000, 16384 <unfinished ...>
18300 <... mmap resumed>)               = 0x7f53faeb4000
18298 munmap(0x7f53fae98000, 16384 <unfinished ...>
18297 mmap(NULL, 16384, PROT_READ|PROT_WRITE, MAP_PRIVATE|MAP_ANONYMOUS|MAP_NORESERVE, -1, 0 <unfinished ...>
18285 mmap(NULL, 16384, PROT_READ|PROT_WRITE, MAP_PRIVATE|MAP_ANONYMOUS|MAP_NORESERVE, -1, 0 <unfinished ...>
18294 munmap(0x7f54030c2000, 16384)     = 0
18291 <... munmap resumed>)             = 0
18294 mmap(NULL, 16384, PROT_READ|PROT_WRITE, MAP_PRIVATE|MAP_ANONYMOUS|MAP_NORESERVE, -1, 0 <unfinished ...>
18291 mmap(NULL, 16384, PROT_READ|PROT_WRITE, MAP_PRIVATE|MAP_ANONYMOUS|MAP_NORESERVE, -1, 0 <unfinished ...>
18290 <... mmap resumed>)               = 0x7f54030c2000
18288 <... munmap resumed>)             = 0
18287 <... mmap resumed>)               = 0x7f53faeb0000
18296 <... mmap resumed>)               = 0x7f53faeac000
18294 <... mmap resumed>)               = 0x7f53faea8000
18290 munmap(0x7f54030c2000, 16384 <unfinished ...>
18296 munmap(0x7f53faeac000, 16384 <unfinished ...>
18295 <... mmap resumed>)               = 0x7f53faea0000
18291 <... mmap resumed>)               = 0x7f53faea4000
18288 mmap(NULL, 16384, PROT_READ|PROT_WRITE, MAP_PRIVATE|MAP_ANONYMOUS|MAP_NORESERVE, -1, 0 <unfinished ...>
18294 munmap(0x7f53faea8000, 16384 <unfinished ...>
18287 munmap(0x7f53faeb0000, 16384 <unfinished ...>
18295 munmap(0x7f53faea0000, 16384 <unfinished ...>
18293 <... mmap resumed>)               = 0x7f53fae9c000
18290 <... munmap resumed>)             = 0
18291 munmap(0x7f53faea4000, 16384 <unfinished ...>
18294 <... munmap resumed>)             = 0
18293 munmap(0x7f53fae9c000, 16384 <unfinished ...>
18290 mmap(NULL, 16384, PROT_READ|PROT_WRITE, MAP_PRIVATE|MAP_ANONYMOUS|MAP_NORESERVE, -1, 0 <unfinished ...>
18289 <... mmap resumed>)               = 0x7f54030c2000
18287 <... munmap resumed>)             = 0
18300 munmap(0x7f53faeb4000, 16384 <unfinished ...>
18299 <... mmap resumed>)               = 0x7f53faea8000
18294 mmap(NULL, 16384, PROT_READ|PROT_WRITE, MAP_PRIVATE|MAP_ANONYMOUS|MAP_NORESERVE, -1, 0 <unfinished ...>
18292 <... munmap resumed>)             = 0
18286 <... mmap resumed>)               = 0x7f53faeb0000
18293 <... munmap resumed>)             = 0
18290 <... mmap resumed>)               = 0x7f53fae9c000
18287 mmap(NULL, 16384, PROT_READ|PROT_WRITE, MAP_PRIVATE|MAP_ANONYMOUS|MAP_NORESERVE, -1, 0 <unfinished ...>
18299 munmap(0x7f53faea8000, 16384 <unfinished ...>
18298 <... munmap resumed>)             = 0
18293 mmap(NULL, 16384, PROT_READ|PROT_WRITE, MAP_PRIVATE|MAP_ANONYMOUS|MAP_NORESERVE, -1, 0 <unfinished ...>
18292 mmap(NULL, 16384, PROT_READ|PROT_WRITE, MAP_PRIVATE|MAP_ANONYMOUS|MAP_NORESERVE, -1, 0 <unfinished ...>
18286 munmap(0x7f53faeb0000, 16384 <unfinished ...>
18298 mmap(NULL, 16384, PROT_READ|PROT_WRITE, MAP_PRIVATE|MAP_ANONYMOUS|MAP_NORESERVE, -1, 0 <unfinished ...>
18297 <... mmap resumed>)               = 0x7f53fae94000
18290 munmap(0x7f53fae9c000, 16384 <unfinished ...>
18285 <... mmap resumed>)               = 0x7f53fae98000
18297 munmap(0x7f53fae94000, 16384)     = 0
18295 <... munmap resumed>)             = 0
18288 <... mmap resumed>)               = 0x7f53faeb0000
18286 <... munmap resumed>)             = 0
18285 munmap(0x7f53fae98000, 16384 <unfinished ...>
18297 mmap(NULL, 16384, PROT_READ|PROT_WRITE, MAP_PRIVATE|MAP_ANONYMOUS|MAP_NORESERVE, -1, 0 <unfinished ...>
18296 <... munmap resumed>)             = 0
18295 mmap(NULL, 16384, PROT_READ|PROT_WRITE, MAP_PRIVATE|MAP_ANONYMOUS|MAP_NORESERVE, -1, 0 <unfinished ...>
18291 <... munmap resumed>)             = 0
18289 munmap(0x7f54030c2000, 16384 <unfinished ...>
18288 munmap(0x7f53faeb0000, 16384 <unfinished ...>
18286 mmap(NULL, 16384, PROT_READ|PROT_WRITE, MAP_PRIVATE|MAP_ANONYMOUS|MAP_NORESERVE, -1, 0 <unfinished ...>
18300 <... munmap resumed>)             = 0
18296 mmap(NULL, 16384, PROT_READ|PROT_WRITE, MAP_PRIVATE|MAP_ANONYMOUS|MAP_NORESERVE, -1, 0 <unfinished ...>
18295 <... mmap resumed>)               = 0x7f53faeac000
18294 <... mmap resumed>)               = 0x7f53faeb4000
18291 mmap(NULL, 16384, PROT_READ|PROT_WRITE, MAP_PRIVATE|MAP_ANONYMOUS|MAP_NORESERVE, -1, 0 <unfinished ...>
18289 <... munmap resumed>)             = 0
18285 <... munmap resumed>)             = 0
18300 mmap(NULL, 16384, PROT_READ|PROT_WRITE, MAP_PRIVATE|MAP_ANONYMOUS|MAP_NORESERVE, -1, 0 <unfinished ...>
18299 <... munmap resumed>)             = 0
18295 munmap(0x7f53faeac000, 16384 <unfinished ...>
18291 <... mmap resumed>)               = 0x7f53faeb0000
18289 mmap(NULL, 16384, PROT_READ|PROT_WRITE, MAP_PRIVATE|MAP_ANONYMOUS|MAP_NORESERVE, -1, 0 <unfinished ...>
18288 <... munmap resumed>)             = 0
18287 <... mmap resumed>)               = 0x7f54030c2000
18285 mmap(NULL, 16384, PROT_READ|PROT_WRITE, MAP_PRIVATE|MAP_ANONYMOUS|MAP_NORESERVE, -1, 0 <unfinished ...>
18300 <... mmap resumed>)               = 0x7f53faea4000
18299 mmap(NULL, 16384, PROT_READ|PROT_WRITE, MAP_PRIVATE|MAP_ANONYMOUS|MAP_NORESERVE, -1, 0 <unfinished ...>
18298 <... mmap resumed>)               = 0x7f53faea0000
18295 <... munmap resumed>)             = 0
18294 munmap(0x7f53faeb4000, 16384 <unfinished ...>
18293 <... mmap resumed>)               = 0x7f53fae98000
18292 <... mmap resumed>)               = 0x7f53faea8000
18291 munmap(0x7f53faeb0000, 16384 <unfinished ...>
18290 <... munmap resumed>)             = 0
18289 <... mmap resumed>)               = 0x7f53faeac000
18288 mmap(NULL, 16384, PROT_READ|PROT_WRITE, MAP_PRIVATE|MAP_ANONYMOUS|MAP_NORESERVE, -1, 0 <unfinished ...>
18300 munmap(0x7f53faea4000, 16384 <unfinished ...>
18299 <... mmap resumed>)               = 0x7f53fae88000
18298 munmap(0x7f53faea0000, 16384 <unfinished ...>
18297 <... mmap resumed>)               = 0x7f53fae9c000
18296 <... mmap resumed>)               = 0x7f53fae90000
18295 mmap(NULL, 16384, PROT_READ|PROT_WRITE, MAP_PRIVATE|MAP_ANONYMOUS|MAP_NORESERVE, -1, 0 <unfinished ...>
18294 <... munmap resumed>)             = 0
18293 munmap(0x7f53fae98000, 16384 <unfinished ...>
18292 munmap(0x7f53faea8000, 16384 <unfinished ...>
18291 <... munmap resumed>)             = 0
18290 mmap(NULL, 16384, PROT_READ|PROT_WRITE, MAP_PRIVATE|MAP_ANONYMOUS|MAP_NORESERVE, -1, 0 <unfinished ...>
18287 munmap(0x7f54030c2000, 16384 <unfinished ...>
18286 <... mmap resumed>)               = 0x7f53fae94000
18285 <... mmap resumed>)               = 0x7f53fae8c000
18300 <... munmap resumed>)             = 0
18299 munmap(0x7f53fae88000, 16384 <unfinished ...>
18298 <... munmap resumed>)             = 0
18297 munmap(0x7f53fae9c000, 16384 <unfinished ...>
18296 munmap(0x7f53fae90000, 16384 <unfinished ...>
18291 mmap(NULL, 16384, PROT_READ|PROT_WRITE, MAP_PRIVATE|MAP_ANONYMOUS|MAP_NORESERVE, -1, 0 <unfinished ...>
18289 munmap(0x7f53faeac000, 16384 <unfinished ...>
18288 <... mmap resumed>)               = 0x7f53faeb4000
18300 mmap(NULL, 16384, PROT_READ|PROT_WRITE, MAP_PRIVATE|MAP_ANONYMOUS|MAP_NORESERVE, -1, 0 <unfinished ...>
18298 mmap(NULL, 16384, PROT_READ|PROT_WRITE, MAP_PRIVATE|MAP_ANONYMOUS|MAP_NORESERVE, -1, 0 <unfinished ...>
18294 mmap(NULL, 16384, PROT_READ|PROT_WRITE, MAP_PRIVATE|MAP_ANONYMOUS|MAP_NORESERVE, -1, 0 <unfinished ...>
18286 munmap(0x7f53fae94000, 16384 <unfinished ...>
18285 munmap(0x7f53fae8c000, 16384 <unfinished ...>
18300 <... mmap resumed>)               = 0x7f53faea4000
18296 <... munmap resumed>)             = 0
18295 <... mmap resumed>)               = 0x7f53faea0000
18293 <... munmap resumed>)             = 0
18291 <... mmap resumed>)               = 0x7f53faeb0000
18289 <... munmap resumed>)             = 0
18288 munmap(0x7f53faeb4000, 16384 <unfinished ...>
18285 <... munmap resumed>)             = 0
18300 munmap(0x7f53faea4000, 16384 <unfinished ...>
18296 mmap(NULL, 16384, PROT_READ|PROT_WRITE, MAP_PRIVATE|MAP_ANONYMOUS|MAP_NORESERVE, -1, 0 <unfinished ...>
18295 munmap(0x7f53faea0000, 16384 <unfinished ...>
18293 mmap(NULL, 16384, PROT_READ|PROT_WRITE, MAP_PRIVATE|MAP_ANONYMOUS|MAP_NORESERVE, -1, 0 <unfinished ...>
18292 <... munmap resumed>)             = 0
18286 <... munmap resumed>)             = 0
18299 <... munmap resumed>)             = 0
18290 <... mmap resumed>)               = 0x7f53faeac000
18289 mmap(NULL, 16384, PROT_READ|PROT_WRITE, MAP_PRIVATE|MAP_ANONYMOUS|MAP_NORESERVE, -1, 0 <unfinished ...>
18285 mmap(NULL, 16384, PROT_READ|PROT_WRITE, MAP_PRIVATE|MAP_ANONYMOUS|MAP_NORESERVE, -1, 0 <unfinished ...>
18300 <... munmap resumed>)             = 0
18292 mmap(NULL, 16384, PROT_READ|PROT_WRITE, MAP_PRIVATE|MAP_ANONYMOUS|MAP_NORESERVE, -1, 0 <unfinished ...>
18291 munmap(0x7f53faeb0000, 16384 <unfinished ...>
18286 mmap(NULL, 16384, PROT_READ|PROT_WRITE, MAP_PRIVATE|MAP_ANONYMOUS|MAP_NORESERVE, -1, 0 <unfinished ...>
18299 mmap(NULL, 16384, PROT_READ|PROT_WRITE, MAP_PRIVATE|MAP_ANONYMOUS|MAP_NORESERVE, -1, 0 <unfinished ...>
18285 <... mmap resumed>)               = 0x7f53faea8000
18290 munmap(0x7f53faeac000, 16384 <unfinished ...>
18300 mmap(NULL, 16384, PROT_READ|PROT_WRITE, MAP_PRIVATE|MAP_ANONYMOUS|MAP_NORESERVE, -1, 0 <unfinished ...>
18291 <... munmap resumed>)             = 0
18287 <... munmap resumed>)             = 0
18294 <... mmap resumed>)               = 0x7f54030c2000
18291 mmap(NULL, 16384, PROT_READ|PROT_WRITE, MAP_PRIVATE|MAP_ANONYMOUS|MAP_NORESERVE, -1, 0 <unfinished ...>
18287 mmap(NULL, 16384, PROT_READ|PROT_WRITE, MAP_PRIVATE|MAP_ANONYMOUS|MAP_NORESERVE, -1, 0 <unfinished ...>
18300 <... mmap resumed>)               = 0x7f53faeb0000
18294 munmap(0x7f54030c2000, 16384 <unfinished ...>
18291 <... mmap resumed>)               = 0x7f53fae98000
18287 <... mmap resumed>)               = 0x7f53faea4000
18285 munmap(0x7f53faea8000, 16384 <unfinished ...>
18300 munmap(0x7f53faeb0000, 16384 <unfinished ...>
18297 <... munmap resumed>)             = 0
18291 munmap(0x7f53fae98000, 16384 <unfinished ...>
18298 <... mmap resumed>)               = 0x7f53fae9c000
18297 mmap(NULL, 16384, PROT_READ|PROT_WRITE, MAP_PRIVATE|MAP_ANONYMOUS|MAP_NORESERVE, -1, 0 <unfinished ...>
18294 <... munmap resumed>)             = 0
18287 munmap(0x7f53faea4000, 16384 <unfinished ...>
18298 munmap(0x7f53fae9c000, 16384 <unfinished ...>
18296 <... mmap resumed>)               = 0x7f54030c2000
18294 mmap(NULL, 16384, PROT_READ|PROT_WRITE, MAP_PRIVATE|MAP_ANONYMOUS|MAP_NORESERVE, -1, 0 <unfinished ...>
18288 <... munmap resumed>)             = 0
18297 <... mmap resumed>)               = 0x7f53faeb4000
18295 <... munmap resumed>)             = 0
18294 <... mmap resumed>)               = 0x7f53faea0000
18293 <... mmap resumed>)               = 0x7f53fae94000
18297 munmap(0x7f53faeb4000, 16384 <unfinished ...>
18295 mmap(NULL, 16384, PROT_READ|PROT_WRITE, MAP_PRIVATE|MAP_ANONYMOUS|MAP_NORESERVE, -1, 0 <unfinished ...>
18292 <... mmap resumed>)               = 0x7f53fae90000
18288 mmap(NULL, 16384, PROT_READ|PROT_WRITE, MAP_PRIVATE|MAP_ANONYMOUS|MAP_NORESERVE, -1, 0 <unfinished ...>
18297 <... munmap resumed>)             = 0
18295 <... mmap resumed>)               = 0x7f53faeb4000
18294 munmap(0x7f53faea0000, 16384 <unfinished ...>
18293 munmap(0x7f53fae94000, 16384 <unfinished ...>
18289 <... mmap resumed>)               = 0x7f53fae8c000
18297 mmap(NULL, 16384, PROT_READ|PROT_WRITE, MAP_PRIVATE|MAP_ANONYMOUS|MAP_NORESERVE, -1, 0 <unfinished ...>
18292 munmap(0x7f53fae90000, 16384 <unfinished ...>
18290 <... munmap resumed>)             = 0
18288 <... mmap resumed>)               = 0x7f53fae88000
18286 <... mmap resumed>)               = 0x7f53fae84000
18295 munmap(0x7f53faeb4000, 16384 <unfinished ...>
18293 <... munmap resumed>)             = 0
18288 munmap(0x7f53fae88000, 16384 <unfinished ...>
18293 mmap(NULL, 16384, PROT_READ|PROT_WRITE, MAP_PRIVATE|MAP_ANONYMOUS|MAP_NORESERVE, -1, 0 <unfinished ...>
18286 munmap(0x7f53fae84000, 16384 <unfinished ...>
18299 <... mmap resumed>)               = 0x7f53faeb4000
18295 <... munmap resumed>)             = 0
18300 <... munmap resumed>)             = 0
18299 munmap(0x7f53faeb4000, 16384 <unfinished ...>
18295 mmap(NULL, 16384, PROT_READ|PROT_WRITE, MAP_PRIVATE|MAP_ANONYMOUS|MAP_NORESERVE, -1, 0 <unfinished ...>
18300 mmap(NULL, 16384, PROT_READ|PROT_WRITE, MAP_PRIVATE|MAP_ANONYMOUS|MAP_NORESERVE, -1, 0 <unfinished ...>
18292 <... munmap resumed>)             = 0
18290 mmap(NULL, 16384, PROT_READ|PROT_WRITE, MAP_PRIVATE|MAP_ANONYMOUS|MAP_NORESERVE, -1, 0 <unfinished ...>
18300 <... mmap resumed>)               = 0x7f53faeb0000
18299 <... munmap resumed>)             = 0
18295 <... mmap resumed>)               = 0x7f53faeb4000
18292 mmap(NULL, 16384, PROT_READ|PROT_WRITE, MAP_PRIVATE|MAP_ANONYMOUS|MAP_NORESERVE, -1, 0 <unfinished ...>
18291 <... munmap resumed>)             = 0
18289 munmap(0x7f53fae8c000, 16384 <unfinished ...>
18285 <... munmap resumed>)             = 0
18299 mmap(NULL, 16384, PROT_READ|PROT_WRITE, MAP_PRIVATE|MAP_ANONYMOUS|MAP_NORESERVE, -1, 0 <unfinished ...>
18298 <... munmap resumed>)             = 0
18296 munmap(0x7f54030c2000, 16384 <unfinished ...>
18295 munmap(0x7f53faeb4000, 16384 <unfinished ...>
18292 <... mmap resumed>)               = 0x7f53faeac000
18291 mmap(NULL, 16384, PROT_READ|PROT_WRITE, MAP_PRIVATE|MAP_ANONYMOUS|MAP_NORESERVE, -1, 0 <unfinished ...>
18289 <... munmap resumed>)             = 0
18287 <... munmap resumed>)             = 0
18299 <... mmap resumed>)               = 0x7f53faea4000
18298 mmap(NULL, 16384, PROT_READ|PROT_WRITE, MAP_PRIVATE|MAP_ANONYMOUS|MAP_NORESERVE, -1, 0 <unfinished ...>
18297 <... mmap resumed>)               = 0x7f53faea8000
18294 <... munmap resumed>)             = 0
18292 munmap(0x7f53faeac000, 16384 <unfinished ...>
18288 <... munmap resumed>)             = 0
18285 mmap(NULL, 16384, PROT_READ|PROT_WRITE, MAP_PRIVATE|MAP_ANONYMOUS|MAP_NORESERVE, -1, 0 <unfinished ...>
18299 munmap(0x7f53faea4000, 16384 <unfinished ...>
18298 <... mmap resumed>)               = 0x7f53faeb4000
18297 munmap(0x7f53faea8000, 16384 <unfinished ...>
18295 <... munmap resumed>)             = 0
18294 mmap(NULL, 16384, PROT_READ|PROT_WRITE, MAP_PRIVATE|MAP_ANONYMOUS|MAP_NORESERVE, -1, 0 <unfinished ...>
18292 <... munmap resumed>)             = 0
18289 mmap(NULL, 16384, PROT_READ|PROT_WRITE, MAP_PRIVATE|MAP_ANONYMOUS|MAP_NORESERVE, -1, 0 <unfinished ...>
18288 mmap(NULL, 16384, PROT_READ|PROT_WRITE, MAP_PRIVATE|MAP_ANONYMOUS|MAP_NORESERVE, -1, 0 <unfinished ...>
18298 munmap(0x7f53faeb4000, 16384 <unfinished ...>
18295 mmap(NULL, 16384, PROT_READ|PROT_WRITE, MAP_PRIVATE|MAP_ANONYMOUS|MAP_NORESERVE, -1, 0 <unfinished ...>
18294 <... mmap resumed>)               = 0x7f53faeac000
18287 mmap(NULL, 16384, PROT_READ|PROT_WRITE, MAP_PRIVATE|MAP_ANONYMOUS|MAP_NORESERVE, -1, 0 <unfinished ...>
18286 <... munmap resumed>)             = 0
18297 <... munmap resumed>)             = 0
18295 <... mmap resumed>)               = 0x7f53faea0000
18288 <... mmap resumed>)               = 0x7f53faea8000
18287 <... mmap resumed>)               = 0x7f53fae9c000
18286 mmap(NULL, 16384, PROT_READ|PROT_WRITE, MAP_PRIVATE|MAP_ANONYMOUS|MAP_NORESERVE, -1, 0 <unfinished ...>
18298 <... munmap resumed>)             = 0
18297 mmap(NULL, 16384, PROT_READ|PROT_WRITE, MAP_PRIVATE|MAP_ANONYMOUS|MAP_NORESERVE, -1, 0 <unfinished ...>
18288 munmap(0x7f53faea8000, 16384 <unfinished ...>
18287 munmap(0x7f53fae9c000, 16384 <unfinished ...>
18286 <... mmap resumed>)               = 0x7f53faeb4000
18298 mmap(NULL, 16384, PROT_READ|PROT_WRITE, MAP_PRIVATE|MAP_ANONYMOUS|MAP_NORESERVE, -1, 0 <unfinished ...>
18294 munmap(0x7f53faeac000, 16384 <unfinished ...>
18293 <... mmap resumed>)               = 0x7f53fae98000
18292 mmap(NULL, 16384, PROT_READ|PROT_WRITE, MAP_PRIVATE|MAP_ANONYMOUS|MAP_NORESERVE, -1, 0 <unfinished ...>
18300 munmap(0x7f53faeb0000, 16384 <unfinished ...>
18290 <... mmap resumed>)               = 0x7f53faea8000
18288 <... munmap resumed>)             = 0
18286 munmap(0x7f53faeb4000, 16384 <unfinished ...>
18296 <... munmap resumed>)             = 0
18295 munmap(0x7f53faea0000, 16384 <unfinished ...>
18293 munmap(0x7f53fae98000, 16384 <unfinished ...>
18292 <... mmap resumed>)               = 0x7f53fae94000
18288 mmap(NULL, 16384, PROT_READ|PROT_WRITE, MAP_PRIVATE|MAP_ANONYMOUS|MAP_NORESERVE, -1, 0 <unfinished ...>
18296 mmap(NULL, 16384, PROT_READ|PROT_WRITE, MAP_PRIVATE|MAP_ANONYMOUS|MAP_NORESERVE, -1, 0 <unfinished ...>
18295 <... munmap resumed>)             = 0
18291 <... mmap resumed>)               = 0x7f54030c2000
18290 munmap(0x7f53faea8000, 16384 <unfinished ...>
18285 <... mmap resumed>)               = 0x7f53faea0000
18299 <... munmap resumed>)             = 0
18296 <... mmap resumed>)               = 0x7f53faeb4000
18295 mmap(NULL, 16384, PROT_READ|PROT_WRITE, MAP_PRIVATE|MAP_ANONYMOUS|MAP_NORESERVE, -1, 0 <unfinished ...>
18292 munmap(0x7f53fae94000, 16384 <unfinished ...>
18291 munmap(0x7f54030c2000, 16384 <unfinished ...>
18286 <... munmap resumed>)             = 0
18285 munmap(0x7f53faea0000, 16384 <unfinished ...>
18299 mmap(NULL, 16384, PROT_READ|PROT_WRITE, MAP_PRIVATE|MAP_ANONYMOUS|MAP_NORESERVE, -1, 0 <unfinished ...>
18298 <... mmap resumed>)               = 0x7f53fae8c000
18297 <... mmap resumed>)               = 0x7f53fae90000
18296 munmap(0x7f53faeb4000, 16384 <unfinished ...>
18295 <... mmap resumed>)               = 0x7f53fae88000
18289 <... mmap resumed>)               = 0x7f53faea4000
18286 mmap(NULL, 16384, PROT_READ|PROT_WRITE, MAP_PRIVATE|MAP_ANONYMOUS|MAP_NORESERVE, -1, 0 <unfinished ...>
18298 munmap(0x7f53fae8c000, 16384 <unfinished ...>
18297 munmap(0x7f53fae90000, 16384 <unfinished ...>
18295 munmap(0x7f53fae88000, 16384 <unfinished ...>
18292 <... munmap resumed>)             = 0
18289 munmap(0x7f53faea4000, 16384 <unfinished ...>
18287 <... munmap resumed>)             = 0
18286 <... mmap resumed>)               = 0x7f53fae9c000
18287 mmap(NULL, 16384, PROT_READ|PROT_WRITE, MAP_PRIVATE|MAP_ANONYMOUS|MAP_NORESERVE, -1, 0 <unfinished ...>
18300 <... munmap resumed>)             = 0
18294 <... munmap resumed>)             = 0
18292 mmap(NULL, 16384, PROT_READ|PROT_WRITE, MAP_PRIVATE|MAP_ANONYMOUS|MAP_NORESERVE, -1, 0 <unfinished ...>
18289 <... munmap resumed>)             = 0
18287 <... mmap resumed>)               = 0x7f53faeac000
18286 munmap(0x7f53fae9c000, 16384 <unfinished ...>
18300 mmap(NULL, 16384, PROT_READ|PROT_WRITE, MAP_PRIVATE|MAP_ANONYMOUS|MAP_NORESERVE, -1, 0 <unfinished ...>
18294 mmap(NULL, 16384, PROT_READ|PROT_WRITE, MAP_PRIVATE|MAP_ANONYMOUS|MAP_NORESERVE, -1, 0 <unfinished ...>
18293 <... munmap resumed>)             = 0
18292 <... mmap resumed>)               = 0x7f53faea4000
18289 mmap(NULL, 16384, PROT_READ|PROT_WRITE, MAP_PRIVATE|MAP_ANONYMOUS|MAP_NORESERVE, -1, 0 <unfinished ...>
18288 <... mmap resumed>)               = 0x7f53faeb0000
18293 mmap(NULL, 16384, PROT_READ|PROT_WRITE, MAP_PRIVATE|MAP_ANONYMOUS|MAP_NORESERVE, -1, 0 <unfinished ...>
18290 <... munmap resumed>)             = 0
18292 munmap(0x7f53faea4000, 16384 <unfinished ...>
18287 munmap(0x7f53faeac000, 16384 <unfinished ...>
18290 mmap(NULL, 16384, PROT_READ|PROT_WRITE, MAP_PRIVATE|MAP_ANONYMOUS|MAP_NORESERVE, -1, 0 <unfinished ...>
18288 munmap(0x7f53faeb0000, 16384 <unfinished ...>
18292 <... munmap resumed>)             = 0
18291 <... munmap resumed>)             = 0
18290 <... mmap resumed>)               = 0x7f54030c2000
18287 <... munmap resumed>)             = 0
18292 mmap(NULL, 16384, PROT_READ|PROT_WRITE, MAP_PRIVATE|MAP_ANONYMOUS|MAP_NORESERVE, -1, 0 <unfinished ...>
18291 mmap(NULL, 16384, PROT_READ|PROT_WRITE, MAP_PRIVATE|MAP_ANONYMOUS|MAP_NORESERVE, -1, 0 <unfinished ...>
18288 <... munmap resumed>)             = 0
18285 <... munmap resumed>)             = 0
18299 <... mmap resumed>)               = 0x7f53faeb0000
18288 mmap(NULL, 16384, PROT_READ|PROT_WRITE, MAP_PRIVATE|MAP_ANONYMOUS|MAP_NORESERVE, -1, 0 <unfinished ...>
18296 <... munmap resumed>)             = 0
18285 mmap(NULL, 16384, PROT_READ|PROT_WRITE, MAP_PRIVATE|MAP_ANONYMOUS|MAP_NORESERVE, -1, 0 <unfinished ...>
18288 <... mmap resumed>)               = 0x7f53faeb4000
18299 munmap(0x7f53faeb0000, 16384 <unfinished ...>
18287 mmap(NULL, 16384, PROT_READ|PROT_WRITE, MAP_PRIVATE|MAP_ANONYMOUS|MAP_NORESERVE, -1, 0 <unfinished ...>
18296 mmap(NULL, 16384, PROT_READ|PROT_WRITE, MAP_PRIVATE|MAP_ANONYMOUS|MAP_NORESERVE, -1, 0 <unfinished ...>
18288 munmap(0x7f53faeb4000, 16384 <unfinished ...>
18298 <... munmap resumed>)             = 0
18296 <... mmap resumed>)               = 0x7f53faeac000
18298 mmap(NULL, 16384, PROT_READ|PROT_WRITE, MAP_PRIVATE|MAP_ANONYMOUS|MAP_NORESERVE, -1, 0 <unfinished ...>
18296 munmap(0x7f53faeac000, 16384 <unfinished ...>
18295 <... munmap resumed>)             = 0
18297 <... munmap resumed>)             = 0
18298 <... mmap resumed>)               = 0x7f53faea4000
18297 mmap(NULL, 16384, PROT_READ|PROT_WRITE, MAP_PRIVATE|MAP_ANONYMOUS|MAP_NORESERVE, -1, 0 <unfinished ...>
18294 <... mmap resumed>)               = 0x7f53faea8000
18300 <... mmap resumed>)               = 0x7f53faea0000
18295 mmap(NULL, 16384, PROT_READ|PROT_WRITE, MAP_PRIVATE|MAP_ANONYMOUS|MAP_NORESERVE, -1, 0 <unfinished ...>
18298 munmap(0x7f53faea4000, 16384 <unfinished ...>
18286 <... munmap resumed>)             = 0
18300 munmap(0x7f53faea0000, 16384 <unfinished ...>
18293 <... mmap resumed>)               = 0x7f53fae9c000
18286 mmap(NULL, 16384, PROT_READ|PROT_WRITE, MAP_PRIVATE|MAP_ANONYMOUS|MAP_NORESERVE, -1, 0 <unfinished ...>
18293 munmap(0x7f53fae9c000, 16384 <unfinished ...>
18296 <... munmap resumed>)             = 0
18300 <... munmap resumed>)             = 0
18286 <... mmap resumed>)               = 0x7f53faeac000
18300 mmap(NULL, 16384, PROT_READ|PROT_WRITE, MAP_PRIVATE|MAP_ANONYMOUS|MAP_NORESERVE, -1, 0 <unfinished ...>
18296 mmap(NULL, 16384, PROT_READ|PROT_WRITE, MAP_PRIVATE|MAP_ANONYMOUS|MAP_NORESERVE, -1, 0 <unfinished ...>
18286 munmap(0x7f53faeac000, 16384 <unfinished ...>
18293 <... munmap resumed>)             = 0
18289 <... mmap resumed>)               = 0x7f53faea0000
18291 <... mmap resumed>)               = 0x7f53fae9c000
18293 mmap(NULL, 16384, PROT_READ|PROT_WRITE, MAP_PRIVATE|MAP_ANONYMOUS|MAP_NORESERVE, -1, 0 <unfinished ...>
18290 munmap(0x7f54030c2000, 16384 <unfinished ...>
18294 munmap(0x7f53faea8000, 16384 <unfinished ...>
18292 <... mmap resumed>)               = 0x7f53fae98000
18289 munmap(0x7f53faea0000, 16384 <unfinished ...>
18293 <... mmap resumed>)               = 0x7f53fae90000
18291 munmap(0x7f53fae9c000, 16384 <unfinished ...>
18290 <... munmap resumed>)             = 0
18287 <... mmap resumed>)               = 0x7f53fae94000
18294 <... munmap resumed>)             = 0
18285 <... mmap resumed>)               = 0x7f54030c2000
18291 <... munmap resumed>)             = 0
18290 mmap(NULL, 16384, PROT_READ|PROT_WRITE, MAP_PRIVATE|MAP_ANONYMOUS|MAP_NORESERVE, -1, 0 <unfinished ...>
18294 mmap(NULL, 16384, PROT_READ|PROT_WRITE, MAP_PRIVATE|MAP_ANONYMOUS|MAP_NORESERVE, -1, 0 <unfinished ...>
18291 mmap(NULL, 16384, PROT_READ|PROT_WRITE, MAP_PRIVATE|MAP_ANONYMOUS|MAP_NORESERVE, -1, 0 <unfinished ...>
18287 munmap(0x7f53fae94000, 16384 <unfinished ...>
18299 <... munmap resumed>)             = 0
18299 mmap(NULL, 16384, PROT_READ|PROT_WRITE, MAP_PRIVATE|MAP_ANONYMOUS|MAP_NORESERVE, -1, 0 <unfinished ...>
18291 <... mmap resumed>)               = 0x7f53faeb4000
18288 <... munmap resumed>)             = 0
18297 <... mmap resumed>)               = 0x7f53faeb0000
18295 <... mmap resumed>)               = 0x7f53faea8000
18291 munmap(0x7f53faeb4000, 16384 <unfinished ...>
18288 mmap(NULL, 16384, PROT_READ|PROT_WRITE, MAP_PRIVATE|MAP_ANONYMOUS|MAP_NORESERVE, -1, 0 <unfinished ...>
18297 munmap(0x7f53faeb0000, 16384 <unfinished ...>
18294 <... mmap resumed>)               = 0x7f53fae9c000
18288 <... mmap resumed>)               = 0x7f53fae8c000
18294 munmap(0x7f53fae9c000, 16384 <unfinished ...>
18288 munmap(0x7f53fae8c000, 16384 <unfinished ...>
18300 <... mmap resumed>)               = 0x7f53faea4000
18298 <... munmap resumed>)             = 0
18296 <... mmap resumed>)               = 0x7f53fae88000
18298 mmap(NULL, 16384, PROT_READ|PROT_WRITE, MAP_PRIVATE|MAP_ANONYMOUS|MAP_NORESERVE, -1, 0 <unfinished ...>
18296 munmap(0x7f53fae88000, 16384)     = 0
18294 <... munmap resumed>)             = 0
18296 mmap(NULL, 16384, PROT_READ|PROT_WRITE, MAP_PRIVATE|MAP_ANONYMOUS|MAP_NORESERVE, -1, 0 <unfinished ...>
18294 mmap(NULL, 16384, PROT_READ|PROT_WRITE, MAP_PRIVATE|MAP_ANONYMOUS|MAP_NORESERVE, -1, 0 <unfinished ...>
18286 <... munmap resumed>)             = 0
18292 munmap(0x7f53fae98000, 16384 <unfinished ...>
18293 munmap(0x7f53fae90000, 16384 <unfinished ...>
18286 mmap(NULL, 16384, PROT_READ|PROT_WRITE, MAP_PRIVATE|MAP_ANONYMOUS|MAP_NORESERVE, -1, 0 <unfinished ...>
18300 munmap(0x7f53faea4000, 16384 <unfinished ...>
18295 munmap(0x7f53faea8000, 16384 <unfinished ...>
18285 munmap(0x7f54030c2000, 16384 <unfinished ...>
18300 <... munmap resumed>)             = 0
18290 <... mmap resumed>)               = 0x7f53faeac000
18289 <... munmap resumed>)             = 0
18295 <... munmap resumed>)             = 0
18300 mmap(NULL, 16384, PROT_READ|PROT_WRITE, MAP_PRIVATE|MAP_ANONYMOUS|MAP_NORESERVE, -1, 0 <unfinished ...>
18295 mmap(NULL, 16384, PROT_READ|PROT_WRITE, MAP_PRIVATE|MAP_ANONYMOUS|MAP_NORESERVE, -1, 0 <unfinished ...>
18290 munmap(0x7f53faeac000, 16384 <unfinished ...>
18289 mmap(NULL, 16384, PROT_READ|PROT_WRITE, MAP_PRIVATE|MAP_ANONYMOUS|MAP_NORESERVE, -1, 0 <unfinished ...>
18287 <... munmap resumed>)             = 0
18287 mmap(NULL, 16384, PROT_READ|PROT_WRITE, MAP_PRIVATE|MAP_ANONYMOUS|MAP_NORESERVE, -1, 0 <unfinished ...>
18295 <... mmap resumed>)               = 0x7f53faeb4000
18291 <... munmap resumed>)             = 0
18287 <... mmap resumed>)               = 0x7f53faea8000
18299 <... mmap resumed>)               = 0x7f53faea4000
18298 <... mmap resumed>)               = 0x7f53faeb0000
18297 <... munmap resumed>)             = 0
18295 munmap(0x7f53faeb4000, 16384 <unfinished ...>
18291 mmap(NULL, 16384, PROT_READ|PROT_WRITE, MAP_PRIVATE|MAP_ANONYMOUS|MAP_NORESERVE, -1, 0 <unfinished ...>
18288 <... munmap resumed>)             = 0
18296 <... mmap resumed>)               = 0x7f53faea0000
18294 <... mmap resumed>)               = 0x7f53fae9c000
18287 munmap(0x7f53faea8000, 16384 <unfinished ...>
18298 munmap(0x7f53faeb0000, 16384 <unfinished ...>
18297 mmap(NULL, 16384, PROT_READ|PROT_WRITE, MAP_PRIVATE|MAP_ANONYMOUS|MAP_NORESERVE, -1, 0 <unfinished ...>
18294 munmap(0x7f53fae9c000, 16384 <unfinished ...>
18291 <... mmap resumed>)               = 0x7f53fae94000
18288 mmap(NULL, 16384, PROT_READ|PROT_WRITE, MAP_PRIVATE|MAP_ANONYMOUS|MAP_NORESERVE, -1, 0 <unfinished ...>
18293 <... munmap resumed>)             = 0
18293 mmap(NULL, 16384, PROT_READ|PROT_WRITE, MAP_PRIVATE|MAP_ANONYMOUS|MAP_NORESERVE, -1, 0 <unfinished ...>
18291 munmap(0x7f53fae94000, 16384 <unfinished ...>
18292 <... munmap resumed>)             = 0
18292 mmap(NULL, 16384, PROT_READ|PROT_WRITE, MAP_PRIVATE|MAP_ANONYMOUS|MAP_NORESERVE, -1, 0 <unfinished ...>
18297 <... mmap resumed>)               = 0x7f53fae8c000
18292 <... mmap resumed>)               = 0x7f53fae88000
18288 <... mmap resumed>)               = 0x7f53fae90000
18286 <... mmap resumed>)               = 0x7f53fae98000
18292 munmap(0x7f53fae88000, 16384 <unfinished ...>
18297 munmap(0x7f53fae8c000, 16384 <unfinished ...>
18288 munmap(0x7f53fae90000, 16384 <unfinished ...>
18286 munmap(0x7f53fae98000, 16384 <unfinished ...>
18291 <... munmap resumed>)             = 0
18285 <... munmap resumed>)             = 0
18291 mmap(NULL, 16384, PROT_READ|PROT_WRITE, MAP_PRIVATE|MAP_ANONYMOUS|MAP_NORESERVE, -1, 0 <unfinished ...>
18297 <... munmap resumed>)             = 0
18285 mmap(NULL, 16384, PROT_READ|PROT_WRITE, MAP_PRIVATE|MAP_ANONYMOUS|MAP_NORESERVE, -1, 0 <unfinished ...>
18300 <... mmap resumed>)               = 0x7f53faeac000
18290 <... munmap resumed>)             = 0
18289 <... mmap resumed>)               = 0x7f54030c2000
18300 munmap(0x7f53faeac000, 16384 <unfinished ...>
18299 munmap(0x7f53faea4000, 16384 <unfinished ...>
18291 <... mmap resumed>)               = 0x7f53fae94000
18300 <... munmap resumed>)             = 0
18297 mmap(NULL, 16384, PROT_READ|PROT_WRITE, MAP_PRIVATE|MAP_ANONYMOUS|MAP_NORESERVE, -1, 0 <unfinished ...>
18296 munmap(0x7f53faea0000, 16384 <unfinished ...>
18300 mmap(NULL, 16384, PROT_READ|PROT_WRITE, MAP_PRIVATE|MAP_ANONYMOUS|MAP_NORESERVE, -1, 0 <unfinished ...>
18299 <... munmap resumed>)             = 0
18295 <... munmap resumed>)             = 0
18291 munmap(0x7f53fae94000, 16384 <unfinished ...>
18290 mmap(NULL, 16384, PROT_READ|PROT_WRITE, MAP_PRIVATE|MAP_ANONYMOUS|MAP_NORESERVE, -1, 0 <unfinished ...>
18299 mmap(NULL, 16384, PROT_READ|PROT_WRITE, MAP_PRIVATE|MAP_ANONYMOUS|MAP_NORESERVE, -1, 0 <unfinished ...>
18298 <... munmap resumed>)             = 0
18297 <... mmap resumed>)               = 0x7f53faeb4000
18296 <... munmap resumed>)             = 0
18295 mmap(NULL, 16384, PROT_READ|PROT_WRITE, MAP_PRIVATE|MAP_ANONYMOUS|MAP_NORESERVE, -1, 0 <unfinished ...>
18294 <... munmap resumed>)             = 0
18287 <... munmap resumed>)             = 0
18298 mmap(NULL, 16384, PROT_READ|PROT_WRITE, MAP_PRIVATE|MAP_ANONYMOUS|MAP_NORESERVE, -1, 0 <unfinished ...>
18297 munmap(0x7f53faeb4000, 16384 <unfinished ...>
18296 mmap(NULL, 16384, PROT_READ|PROT_WRITE, MAP_PRIVATE|MAP_ANONYMOUS|MAP_NORESERVE, -1, 0 <unfinished ...>
18292 <... munmap resumed>)             = 0
18290 <... mmap resumed>)               = 0x7f53faeb0000
18298 <... mmap resumed>)               = 0x7f53faea4000
18297 <... munmap resumed>)             = 0
18295 <... mmap resumed>)               = 0x7f53faeac000
18294 mmap(NULL, 16384, PROT_READ|PROT_WRITE, MAP_PRIVATE|MAP_ANONYMOUS|MAP_NORESERVE, -1, 0 <unfinished ...>
18293 <... mmap resumed>)               = 0x7f53faea8000
18287 mmap(NULL, 16384, PROT_READ|PROT_WRITE, MAP_PRIVATE|MAP_ANONYMOUS|MAP_NORESERVE, -1, 0 <unfinished ...>
18297 mmap(NULL, 16384, PROT_READ|PROT_WRITE, MAP_PRIVATE|MAP_ANONYMOUS|MAP_NORESERVE, -1, 0 <unfinished ...>
18296 <... mmap resumed>)               = 0x7f53faeb4000
18295 munmap(0x7f53faeac000, 16384 <unfinished ...>
18294 <... mmap resumed>)               = 0x7f53faea0000
18292 mmap(NULL, 16384, PROT_READ|PROT_WRITE, MAP_PRIVATE|MAP_ANONYMOUS|MAP_NORESERVE, -1, 0 <unfinished ...>
18290 munmap(0x7f53faeb0000, 16384 <unfinished ...>
18288 <... munmap resumed>)             = 0
18297 <... mmap resumed>)               = 0x7f53fae90000
18296 munmap(0x7f53faeb4000, 16384 <unfinished ...>
18287 <... mmap resumed>)               = 0x7f53fae9c000
18294 munmap(0x7f53faea0000, 16384 <unfinished ...>
18297 munmap(0x7f53fae90000, 16384 <unfinished ...>
18288 mmap(NULL, 16384, PROT_READ|PROT_WRITE, MAP_PRIVATE|MAP_ANONYMOUS|MAP_NORESERVE, -1, 0 <unfinished ...>
18287 munmap(0x7f53fae9c000, 16384 <unfinished ...>
18290 <... munmap resumed>)             = 0
18290 mmap(NULL, 16384, PROT_READ|PROT_WRITE, MAP_PRIVATE|MAP_ANONYMOUS|MAP_NORESERVE, -1, 0) = 0x7f53faeb0000
18286 <... munmap resumed>)             = 0
18290 munmap(0x7f53faeb0000, 16384 <unfinished ...>
18293 munmap(0x7f53faea8000, 16384 <unfinished ...>
18289 munmap(0x7f54030c2000, 16384 <unfinished ...>
18285 <... mmap resumed>)               = 0x7f53fae98000
18298 munmap(0x7f53faea4000, 16384 <unfinished ...>
18290 <... munmap resumed>)             = 0
18286 mmap(NULL, 16384, PROT_READ|PROT_WRITE, MAP_PRIVATE|MAP_ANONYMOUS|MAP_NORESERVE, -1, 0 <unfinished ...>
18300 <... mmap resumed>)               = 0x7f53fae8c000
18299 <... mmap resumed>)               = 0x7f53faeb0000
18291 <... munmap resumed>)             = 0
18285 munmap(0x7f53fae98000, 16384 <unfinished ...>
18300 munmap(0x7f53fae8c000, 16384 <unfinished ...>
18299 munmap(0x7f53faeb0000, 16384 <unfinished ...>
18291 mmap(NULL, 16384, PROT_READ|PROT_WRITE, MAP_PRIVATE|MAP_ANONYMOUS|MAP_NORESERVE, -1, 0 <unfinished ...>
18290 mmap(NULL, 16384, PROT_READ|PROT_WRITE, MAP_PRIVATE|MAP_ANONYMOUS|MAP_NORESERVE, -1, 0 <unfinished ...>
18289 <... munmap resumed>)             = 0
18300 <... munmap resumed>)             = 0
18295 <... munmap resumed>)             = 0
18289 mmap(NULL, 16384, PROT_READ|PROT_WRITE, MAP_PRIVATE|MAP_ANONYMOUS|MAP_NORESERVE, -1, 0 <unfinished ...>
18290 <... mmap resumed>)               = 0x7f54030c2000
18300 mmap(NULL, 16384, PROT_READ|PROT_WRITE, MAP_PRIVATE|MAP_ANONYMOUS|MAP_NORESERVE, -1, 0 <unfinished ...>
18297 <... munmap resumed>)             = 0
18295 mmap(NULL, 16384, PROT_READ|PROT_WRITE, MAP_PRIVATE|MAP_ANONYMOUS|MAP_NORESERVE, -1, 0 <unfinished ...>
18290 munmap(0x7f54030c2000, 16384 <unfinished ...>
18289 <... mmap resumed>)               = 0x7f53faeac000
18297 mmap(NULL, 16384, PROT_READ|PROT_WRITE, MAP_PRIVATE|MAP_ANONYMOUS|MAP_NORESERVE, -1, 0 <unfinished ...>
18296 <... munmap resumed>)             = 0
18289 munmap(0x7f53faeac000, 16384 <unfinished ...>
18296 mmap(NULL, 16384, PROT_READ|PROT_WRITE, MAP_PRIVATE|MAP_ANONYMOUS|MAP_NORESERVE, -1, 0 <unfinished ...>
18290 <... munmap resumed>)             = 0
18294 <... munmap resumed>)             = 0
18289 <... munmap resumed>)             = 0
18296 <... mmap resumed>)               = 0x7f53faeb4000
18294 mmap(NULL, 16384, PROT_READ|PROT_WRITE, MAP_PRIVATE|MAP_ANONYMOUS|MAP_NORESERVE, -1, 0 <unfinished ...>
18290 mmap(NULL, 16384, PROT_READ|PROT_WRITE, MAP_PRIVATE|MAP_ANONYMOUS|MAP_NORESERVE, -1, 0 <unfinished ...>
18288 <... mmap resumed>)               = 0x7f54030c2000
18296 munmap(0x7f53faeb4000, 16384 <unfinished ...>
18292 <... mmap resumed>)               = 0x7f53faeac000
18289 mmap(NULL, 16384, PROT_READ|PROT_WRITE, MAP_PRIVATE|MAP_ANONYMOUS|MAP_NORESERVE, -1, 0 <unfinished ...>
18287 <... munmap resumed>)             = 0
18290 <... mmap resumed>)               = 0x7f53faea0000
18292 munmap(0x7f53faeac000, 16384 <unfinished ...>
18287 mmap(NULL, 16384, PROT_READ|PROT_WRITE, MAP_PRIVATE|MAP_ANONYMOUS|MAP_NORESERVE, -1, 0 <unfinished ...>
18293 <... munmap resumed>)             = 0
18293 mmap(NULL, 16384, PROT_READ|PROT_WRITE, MAP_PRIVATE|MAP_ANONYMOUS|MAP_NORESERVE, -1, 0 <unfinished ...>
18287 <... mmap resumed>)               = 0x7f53fae9c000
18286 <... mmap resumed>)               = 0x7f53faea8000
18285 <... munmap resumed>)             = 0
18293 <... mmap resumed>)               = 0x7f53fae98000
18285 mmap(NULL, 16384, PROT_READ|PROT_WRITE, MAP_PRIVATE|MAP_ANONYMOUS|MAP_NORESERVE, -1, 0 <unfinished ...>
18298 <... munmap resumed>)             = 0
18299 <... munmap resumed>)             = 0
18298 mmap(NULL, 16384, PROT_READ|PROT_WRITE, MAP_PRIVATE|MAP_ANONYMOUS|MAP_NORESERVE, -1, 0 <unfinished ...>
18299 mmap(NULL, 16384, PROT_READ|PROT_WRITE, MAP_PRIVATE|MAP_ANONYMOUS|MAP_NORESERVE, -1, 0 <unfinished ...>
18291 <... mmap resumed>)               = 0x7f53faeb0000
18300 <... mmap resumed>)               = 0x7f53faea4000
18299 <... mmap resumed>)               = 0x7f53fae94000
18293 munmap(0x7f53fae98000, 16384 <unfinished ...>
18298 <... mmap resumed>)               = 0x7f53fae90000
18300 munmap(0x7f53faea4000, 16384 <unfinished ...>
18299 munmap(0x7f53fae94000, 16384 <unfinished ...>
18291 munmap(0x7f53faeb0000, 16384 <unfinished ...>
18298 munmap(0x7f53fae90000, 16384 <unfinished ...>
18295 <... mmap resumed>)               = 0x7f53fae98000
18293 <... munmap resumed>)             = 0
18291 <... munmap resumed>)             = 0
18297 <... mmap resumed>)               = 0x7f53faeb0000
18295 munmap(0x7f53fae98000, 16384 <unfinished ...>
18298 <... munmap resumed>)             = 0
18297 munmap(0x7f53faeb0000, 16384 <unfinished ...>
18293 mmap(NULL, 16384, PROT_READ|PROT_WRITE, MAP_PRIVATE|MAP_ANONYMOUS|MAP_NORESERVE, -1, 0 <unfinished ...>
18298 mmap(NULL, 16384, PROT_READ|PROT_WRITE, MAP_PRIVATE|MAP_ANONYMOUS|MAP_NORESERVE, -1, 0 <unfinished ...>
18296 <... munmap resumed>)             = 0
18291 mmap(NULL, 16384, PROT_READ|PROT_WRITE, MAP_PRIVATE|MAP_ANONYMOUS|MAP_NORESERVE, -1, 0 <unfinished ...>
18290 munmap(0x7f53faea0000, 16384 <unfinished ...>
18288 munmap(0x7f54030c2000, 16384 <unfinished ...>
18287 munmap(0x7f53fae9c000, 16384 <unfinished ...>
18286 munmap(0x7f53faea8000, 16384 <unfinished ...>
18298 <... mmap resumed>)               = 0x7f53fae90000
18297 <... munmap resumed>)             = 0
18296 mmap(NULL, 16384, PROT_READ|PROT_WRITE, MAP_PRIVATE|MAP_ANONYMOUS|MAP_NORESERVE, -1, 0 <unfinished ...>
18294 <... mmap resumed>)               = 0x7f53fae8c000
18293 <... mmap resumed>)               = 0x7f53faeb0000
18292 <... munmap resumed>)             = 0
18289 <... mmap resumed>)               = 0x7f53faeb4000
18300 <... munmap resumed>)             = 0
18297 mmap(NULL, 16384, PROT_READ|PROT_WRITE, MAP_PRIVATE|MAP_ANONYMOUS|MAP_NORESERVE, -1, 0 <unfinished ...>
18294 munmap(0x7f53fae8c000, 16384 <unfinished ...>
18293 munmap(0x7f53faeb0000, 16384 <unfinished ...>
18292 mmap(NULL, 16384, PROT_READ|PROT_WRITE, MAP_PRIVATE|MAP_ANONYMOUS|MAP_NORESERVE, -1, 0 <unfinished ...>
18290 <... munmap resumed>)             = 0
18287 <... munmap resumed>)             = 0
18285 <... mmap resumed>)               = 0x7f53faeac000
18300 mmap(NULL, 16384, PROT_READ|PROT_WRITE, MAP_PRIVATE|MAP_ANONYMOUS|MAP_NORESERVE, -1, 0 <unfinished ...>
18299 <... munmap resumed>)             = 0
18297 <... mmap resumed>)               = 0x7f53faea4000
18289 munmap(0x7f53faeb4000, 16384 <unfinished ...>
18287 mmap(NULL, 16384, PROT_READ|PROT_WRITE, MAP_PRIVATE|MAP_ANONYMOUS|MAP_NORESERVE, -1, 0 <unfinished ...>
18294 <... munmap resumed>)             = 0
18290 mmap(NULL, 16384, PROT_READ|PROT_WRITE, MAP_PRIVATE|MAP_ANONYMOUS|MAP_NORESERVE, -1, 0 <unfinished ...>
18285 munmap(0x7f53faeac000, 16384 <unfinished ...>
18299 mmap(NULL, 16384, PROT_READ|PROT_WRITE, MAP_PRIVATE|MAP_ANONYMOUS|MAP_NORESERVE, -1, 0 <unfinished ...>
18297 munmap(0x7f53faea4000, 16384 <unfinished ...>
18294 mmap(NULL, 16384, PROT_READ|PROT_WRITE, MAP_PRIVATE|MAP_ANONYMOUS|MAP_NORESERVE, -1, 0 <unfinished ...>
18289 <... munmap resumed>)             = 0
18295 <... munmap resumed>)             = 0
18289 mmap(NULL, 16384, PROT_READ|PROT_WRITE, MAP_PRIVATE|MAP_ANONYMOUS|MAP_NORESERVE, -1, 0 <unfinished ...>
18288 <... munmap resumed>)             = 0
18286 <... munmap resumed>)             = 0
18289 <... mmap resumed>)               = 0x7f54030c2000
18288 mmap(NULL, 16384, PROT_READ|PROT_WRITE, MAP_PRIVATE|MAP_ANONYMOUS|MAP_NORESERVE, -1, 0 <unfinished ...>
18295 mmap(NULL, 16384, PROT_READ|PROT_WRITE, MAP_PRIVATE|MAP_ANONYMOUS|MAP_NORESERVE, -1, 0 <unfinished ...>
18286 mmap(NULL, 16384, PROT_READ|PROT_WRITE, MAP_PRIVATE|MAP_ANONYMOUS|MAP_NORESERVE, -1, 0 <unfinished ...>
18298 munmap(0x7f53fae90000, 16384 <unfinished ...>
18296 <... mmap resumed>)               = 0x7f53faea8000
18291 <... mmap resumed>)               = 0x7f53faeb4000
18293 <... munmap resumed>)             = 0
18289 munmap(0x7f54030c2000, 16384 <unfinished ...>
18286 <... mmap resumed>)               = 0x7f53faea0000
18296 munmap(0x7f53faea8000, 16384 <unfinished ...>
18292 <... mmap resumed>)               = 0x7f53faeb0000
18291 munmap(0x7f53faeb4000, 16384 <unfinished ...>
18293 mmap(NULL, 16384, PROT_READ|PROT_WRITE, MAP_PRIVATE|MAP_ANONYMOUS|MAP_NORESERVE, -1, 0 <unfinished ...>
18300 <... mmap resumed>)               = 0x7f53fae9c000
18298 <... munmap resumed>)             = 0
18287 <... mmap resumed>)               = 0x7f53fae98000
18286 munmap(0x7f53faea0000, 16384 <unfinished ...>
18300 munmap(0x7f53fae9c000, 16384 <unfinished ...>
18292 munmap(0x7f53faeb0000, 16384 <unfinished ...>
18289 <... munmap resumed>)             = 0
18298 mmap(NULL, 16384, PROT_READ|PROT_WRITE, MAP_PRIVATE|MAP_ANONYMOUS|MAP_NORESERVE, -1, 0 <unfinished ...>
18287 munmap(0x7f53fae98000, 16384 <unfinished ...>
18285 <... munmap resumed>)             = 0
18299 <... mmap resumed>)               = 0x7f53faea0000
18298 <... mmap resumed>)               = 0x7f53faeac000
18290 <... mmap resumed>)               = 0x7f54030c2000
18289 mmap(NULL, 16384, PROT_READ|PROT_WRITE, MAP_PRIVATE|MAP_ANONYMOUS|MAP_NORESERVE, -1, 0 <unfinished ...>
18286 <... munmap resumed>)             = 0
18299 munmap(0x7f53faea0000, 16384 <unfinished ...>
18298 munmap(0x7f53faeac000, 16384 <unfinished ...>
18297 <... munmap resumed>)             = 0
18294 <... mmap resumed>)               = 0x7f53fae98000
18287 <... munmap resumed>)             = 0
18285 mmap(NULL, 16384, PROT_READ|PROT_WRITE, MAP_PRIVATE|MAP_ANONYMOUS|MAP_NORESERVE, -1, 0 <unfinished ...>
18297 mmap(NULL, 16384, PROT_READ|PROT_WRITE, MAP_PRIVATE|MAP_ANONYMOUS|MAP_NORESERVE, -1, 0 <unfinished ...>
18296 <... munmap resumed>)             = 0
18295 <... mmap resumed>)               = 0x7f53fae94000
18293 <... mmap resumed>)               = 0x7f53faea8000
18290 munmap(0x7f54030c2000, 16384 <unfinished ...>
18288 <... mmap resumed>)               = 0x7f53faea4000
18287 mmap(NULL, 16384, PROT_READ|PROT_WRITE, MAP_PRIVATE|MAP_ANONYMOUS|MAP_NORESERVE, -1, 0 <unfinished ...>
18286 mmap(NULL, 16384, PROT_READ|PROT_WRITE, MAP_PRIVATE|MAP_ANONYMOUS|MAP_NORESERVE, -1, 0 <unfinished ...>
18296 mmap(NULL, 16384, PROT_READ|PROT_WRITE, MAP_PRIVATE|MAP_ANONYMOUS|MAP_NORESERVE, -1, 0 <unfinished ...>
18293 munmap(0x7f53faea8000, 16384 <unfinished ...>
18291 <... munmap resumed>)             = 0
18288 munmap(0x7f53faea4000, 16384 <unfinished ...>
18285 <... mmap resumed>)               = 0x7f53faeb4000
18295 munmap(0x7f53fae94000, 16384 <unfinished ...>
18291 mmap(NULL, 16384, PROT_READ|PROT_WRITE, MAP_PRIVATE|MAP_ANONYMOUS|MAP_NORESERVE, -1, 0 <unfinished ...>
18286 <... mmap resumed>)               = 0x7f53fae9c000
18300 <... munmap resumed>)             = 0
18293 <... munmap resumed>)             = 0
18292 <... munmap resumed>)             = 0
18291 <... mmap resumed>)               = 0x7f53faeb0000
18285 munmap(0x7f53faeb4000, 16384 <unfinished ...>
18300 mmap(NULL, 16384, PROT_READ|PROT_WRITE, MAP_PRIVATE|MAP_ANONYMOUS|MAP_NORESERVE, -1, 0 <unfinished ...>
18299 <... munmap resumed>)             = 0
18293 mmap(NULL, 16384, PROT_READ|PROT_WRITE, MAP_PRIVATE|MAP_ANONYMOUS|MAP_NORESERVE, -1, 0 <unfinished ...>
18292 mmap(NULL, 16384, PROT_READ|PROT_WRITE, MAP_PRIVATE|MAP_ANONYMOUS|MAP_NORESERVE, -1, 0 <unfinished ...>
18286 munmap(0x7f53fae9c000, 16384 <unfinished ...>
18300 <... mmap resumed>)               = 0x7f53faea0000
18299 mmap(NULL, 16384, PROT_READ|PROT_WRITE, MAP_PRIVATE|MAP_ANONYMOUS|MAP_NORESERVE, -1, 0 <unfinished ...>
18298 <... munmap resumed>)             = 0
18291 munmap(0x7f53faeb0000, 16384 <unfinished ...>
18289 <... mmap resumed>)               = 0x7f53faea8000
18300 munmap(0x7f53faea0000, 16384 <unfinished ...>
18298 mmap(NULL, 16384, PROT_READ|PROT_WRITE, MAP_PRIVATE|MAP_ANONYMOUS|MAP_NORESERVE, -1, 0 <unfinished ...>
18293 <... mmap resumed>)               = 0x7f53fae90000
18292 <... mmap resumed>)               = 0x7f53faeac000
18297 <... mmap resumed>)               = 0x7f54030c2000
18291 <... munmap resumed>)             = 0
18290 <... munmap resumed>)             = 0
18289 munmap(0x7f53faea8000, 16384 <unfinished ...>
18300 <... munmap resumed>)             = 0
18293 munmap(0x7f53fae90000, 16384 <unfinished ...>
18292 munmap(0x7f53faeac000, 16384 <unfinished ...>
18296 <... mmap resumed>)               = 0x7f53faeb0000
18291 mmap(NULL, 16384, PROT_READ|PROT_WRITE, MAP_PRIVATE|MAP_ANONYMOUS|MAP_NORESERVE, -1, 0 <unfinished ...>
18290 mmap(NULL, 16384, PROT_READ|PROT_WRITE, MAP_PRIVATE|MAP_ANONYMOUS|MAP_NORESERVE, -1, 0 <unfinished ...>
18300 mmap(NULL, 16384, PROT_READ|PROT_WRITE, MAP_PRIVATE|MAP_ANONYMOUS|MAP_NORESERVE, -1, 0 <unfinished ...>
18289 <... munmap resumed>)             = 0
18287 <... mmap resumed>)               = 0x7f53faea8000
18289 mmap(NULL, 16384, PROT_READ|PROT_WRITE, MAP_PRIVATE|MAP_ANONYMOUS|MAP_NORESERVE, -1, 0 <unfinished ...>
18292 <... munmap resumed>)             = 0
18292 mmap(NULL, 16384, PROT_READ|PROT_WRITE, MAP_PRIVATE|MAP_ANONYMOUS|MAP_NORESERVE, -1, 0 <unfinished ...>
18288 <... munmap resumed>)             = 0
18295 <... munmap resumed>)             = 0
18287 munmap(0x7f53faea8000, 16384 <unfinished ...>
18285 <... munmap resumed>)             = 0
18288 mmap(NULL, 16384, PROT_READ|PROT_WRITE, MAP_PRIVATE|MAP_ANONYMOUS|MAP_NORESERVE, -1, 0 <unfinished ...>
18297 munmap(0x7f54030c2000, 16384 <unfinished ...>
18294 munmap(0x7f53fae98000, 16384 <unfinished ...>
18295 mmap(NULL, 16384, PROT_READ|PROT_WRITE, MAP_PRIVATE|MAP_ANONYMOUS|MAP_NORESERVE, -1, 0 <unfinished ...>
18286 <... munmap resumed>)             = 0
18285 mmap(NULL, 16384, PROT_READ|PROT_WRITE, MAP_PRIVATE|MAP_ANONYMOUS|MAP_NORESERVE, -1, 0 <unfinished ...>
18299 <... mmap resumed>)               = 0x7f53faeb4000
18299 munmap(0x7f53faeb4000, 16384 <unfinished ...>
18298 <... mmap resumed>)               = 0x7f53faeac000
18297 <... munmap resumed>)             = 0
18296 munmap(0x7f53faeb0000, 16384 <unfinished ...>
18286 mmap(NULL, 16384, PROT_READ|PROT_WRITE, MAP_PRIVATE|MAP_ANONYMOUS|MAP_NORESERVE, -1, 0 <unfinished ...>
18285 <... mmap resumed>)               = 0x7f54030c2000
18299 <... munmap resumed>)             = 0
18298 munmap(0x7f53faeac000, 16384 <unfinished ...>
18297 mmap(NULL, 16384, PROT_READ|PROT_WRITE, MAP_PRIVATE|MAP_ANONYMOUS|MAP_NORESERVE, -1, 0 <unfinished ...>
18296 <... munmap resumed>)             = 0
18293 <... munmap resumed>)             = 0
18291 <... mmap resumed>)               = 0x7f53faeb4000
18290 <... mmap resumed>)               = 0x7f53faea4000
18286 <... mmap resumed>)               = 0x7f53faeb0000
18285 munmap(0x7f54030c2000, 16384 <unfinished ...>
18298 <... munmap resumed>)             = 0
18296 mmap(NULL, 16384, PROT_READ|PROT_WRITE, MAP_PRIVATE|MAP_ANONYMOUS|MAP_NORESERVE, -1, 0 <unfinished ...>
18289 <... mmap resumed>)               = 0x7f53faea0000
18299 mmap(NULL, 16384, PROT_READ|PROT_WRITE, MAP_PRIVATE|MAP_ANONYMOUS|MAP_NORESERVE, -1, 0 <unfinished ...>
18286 munmap(0x7f53faeb0000, 16384 <unfinished ...>
18300 <... mmap resumed>)               = 0x7f54030c2000
18298 mmap(NULL, 16384, PROT_READ|PROT_WRITE, MAP_PRIVATE|MAP_ANONYMOUS|MAP_NORESERVE, -1, 0 <unfinished ...>
18296 <... mmap resumed>)               = 0x7f53faeac000
18293 mmap(NULL, 16384, PROT_READ|PROT_WRITE, MAP_PRIVATE|MAP_ANONYMOUS|MAP_NORESERVE, -1, 0 <unfinished ...>
18291 munmap(0x7f53faeb4000, 16384 <unfinished ...>
18290 munmap(0x7f53faea4000, 16384 <unfinished ...>
18285 <... munmap resumed>)             = 0
18299 <... mmap resumed>)               = 0x7f53fae9c000
18298 <... mmap resumed>)               = 0x7f53faeb0000
18293 <... mmap resumed>)               = 0x7f53faea8000
18287 <... munmap resumed>)             = 0
18286 <... munmap resumed>)             = 0
18299 munmap(0x7f53fae9c000, 16384 <unfinished ...>
18298 munmap(0x7f53faeb0000, 16384 <unfinished ...>
18293 munmap(0x7f53faea8000, 16384 <unfinished ...>
18292 <... mmap resumed>)               = 0x7f53faeb4000
18291 <... munmap resumed>)             = 0
18290 <... munmap resumed>)             = 0
18287 mmap(NULL, 16384, PROT_READ|PROT_WRITE, MAP_PRIVATE|MAP_ANONYMOUS|MAP_NORESERVE, -1, 0 <unfinished ...>
18285 mmap(NULL, 16384, PROT_READ|PROT_WRITE, MAP_PRIVATE|MAP_ANONYMOUS|MAP_NORESERVE, -1, 0 <unfinished ...>
18299 <... munmap resumed>)             = 0
18294 <... munmap resumed>)             = 0
18292 munmap(0x7f53faeb4000, 16384 <unfinished ...>
18291 mmap(NULL, 16384, PROT_READ|PROT_WRITE, MAP_PRIVATE|MAP_ANONYMOUS|MAP_NORESERVE, -1, 0 <unfinished ...>
18288 <... mmap resumed>)               = 0x7f53faea4000
18286 mmap(NULL, 16384, PROT_READ|PROT_WRITE, MAP_PRIVATE|MAP_ANONYMOUS|MAP_NORESERVE, -1, 0 <unfinished ...>
18299 mmap(NULL, 16384, PROT_READ|PROT_WRITE, MAP_PRIVATE|MAP_ANONYMOUS|MAP_NORESERVE, -1, 0 <unfinished ...>
18298 <... munmap resumed>)             = 0
18295 <... mmap resumed>)               = 0x7f53faeb0000
18294 mmap(NULL, 16384, PROT_READ|PROT_WRITE, MAP_PRIVATE|MAP_ANONYMOUS|MAP_NORESERVE, -1, 0 <unfinished ...>
18292 <... munmap resumed>)             = 0
18290 mmap(NULL, 16384, PROT_READ|PROT_WRITE, MAP_PRIVATE|MAP_ANONYMOUS|MAP_NORESERVE, -1, 0 <unfinished ...>
18300 munmap(0x7f54030c2000, 16384 <unfinished ...>
18298 mmap(NULL, 16384, PROT_READ|PROT_WRITE, MAP_PRIVATE|MAP_ANONYMOUS|MAP_NORESERVE, -1, 0 <unfinished ...>
18297 <... mmap resumed>)               = 0x7f53faeb4000
18296 munmap(0x7f53faeac000, 16384 <unfinished ...>
18295 munmap(0x7f53faeb0000, 16384 <unfinished ...>
18292 mmap(NULL, 16384, PROT_READ|PROT_WRITE, MAP_PRIVATE|MAP_ANONYMOUS|MAP_NORESERVE, -1, 0 <unfinished ...>
18289 munmap(0x7f53faea0000, 16384 <unfinished ...>
18288 munmap(0x7f53faea4000, 16384 <unfinished ...>
18300 <... munmap resumed>)             = 0
18298 <... mmap resumed>)               = 0x7f54030c2000
18294 <... mmap resumed>)               = 0x7f53faea8000
18293 <... munmap resumed>)             = 0
18290 <... mmap resumed>)               = 0x7f53fae98000
18287 <... mmap resumed>)               = 0x7f53fae9c000
18298 munmap(0x7f54030c2000, 16384 <unfinished ...>
18296 <... munmap resumed>)             = 0
18294 munmap(0x7f53faea8000, 16384 <unfinished ...>
18293 mmap(NULL, 16384, PROT_READ|PROT_WRITE, MAP_PRIVATE|MAP_ANONYMOUS|MAP_NORESERVE, -1, 0 <unfinished ...>
18292 <... mmap resumed>)               = 0x7f53faeac000
18290 munmap(0x7f53fae98000, 16384 <unfinished ...>
18289 <... munmap resumed>)             = 0
18285 <... mmap resumed>)               = 0x7f53faea0000
18300 mmap(NULL, 16384, PROT_READ|PROT_WRITE, MAP_PRIVATE|MAP_ANONYMOUS|MAP_NORESERVE, -1, 0 <unfinished ...>
18299 <... mmap resumed>)               = 0x7f53fae90000
18297 munmap(0x7f53faeb4000, 16384 <unfinished ...>
18296 mmap(NULL, 16384, PROT_READ|PROT_WRITE, MAP_PRIVATE|MAP_ANONYMOUS|MAP_NORESERVE, -1, 0 <unfinished ...>
18294 <... munmap resumed>)             = 0
18293 <... mmap resumed>)               = 0x7f53faea8000
18291 <... mmap resumed>)               = 0x7f53fae94000
18288 <... munmap resumed>)             = 0
18287 munmap(0x7f53fae9c000, 16384 <unfinished ...>
18286 <... mmap resumed>)               = 0x7f53fae8c000
18300 <... mmap resumed>)               = 0x7f53faea4000
18299 munmap(0x7f53fae90000, 16384 <unfinished ...>
18297 <... munmap resumed>)             = 0
18295 <... munmap resumed>)             = 0
18293 munmap(0x7f53faea8000, 16384 <unfinished ...>
18291 munmap(0x7f53fae94000, 16384 <unfinished ...>
18290 <... munmap resumed>)             = 0
18289 mmap(NULL, 16384, PROT_READ|PROT_WRITE, MAP_PRIVATE|MAP_ANONYMOUS|MAP_NORESERVE, -1, 0 <unfinished ...>
18285 munmap(0x7f53faea0000, 16384 <unfinished ...>
18300 munmap(0x7f53faea4000, 16384 <unfinished ...>
18298 <... munmap resumed>)             = 0
18296 <... mmap resumed>)               = 0x7f54030c2000
18295 mmap(NULL, 16384, PROT_READ|PROT_WRITE, MAP_PRIVATE|MAP_ANONYMOUS|MAP_NORESERVE, -1, 0 <unfinished ...>
18294 mmap(NULL, 16384, PROT_READ|PROT_WRITE, MAP_PRIVATE|MAP_ANONYMOUS|MAP_NORESERVE, -1, 0 <unfinished ...>
18292 munmap(0x7f53faeac000, 16384 <unfinished ...>
18299 <... munmap resumed>)             = 0
18298 mmap(NULL, 16384, PROT_READ|PROT_WRITE, MAP_PRIVATE|MAP_ANONYMOUS|MAP_NORESERVE, -1, 0 <unfinished ...>
18297 mmap(NULL, 16384, PROT_READ|PROT_WRITE, MAP_PRIVATE|MAP_ANONYMOUS|MAP_NORESERVE, -1, 0 <unfinished ...>
18290 mmap(NULL, 16384, PROT_READ|PROT_WRITE, MAP_PRIVATE|MAP_ANONYMOUS|MAP_NORESERVE, -1, 0 <unfinished ...>
18288 mmap(NULL, 16384, PROT_READ|PROT_WRITE, MAP_PRIVATE|MAP_ANONYMOUS|MAP_NORESERVE, -1, 0 <unfinished ...>
18299 mmap(NULL, 16384, PROT_READ|PROT_WRITE, MAP_PRIVATE|MAP_ANONYMOUS|MAP_NORESERVE, -1, 0 <unfinished ...>
18298 <... mmap resumed>)               = 0x7f53faeb4000
18291 <... munmap resumed>)             = 0
18297 <... mmap resumed>)               = 0x7f53fae98000
18290 <... mmap resumed>)               = 0x7f53faeb0000
18286 munmap(0x7f53fae8c000, 16384 <unfinished ...>
18298 munmap(0x7f53faeb4000, 16384 <unfinished ...>
18297 munmap(0x7f53fae98000, 16384 <unfinished ...>
18296 munmap(0x7f54030c2000, 16384 <unfinished ...>
18291 mmap(NULL, 16384, PROT_READ|PROT_WRITE, MAP_PRIVATE|MAP_ANONYMOUS|MAP_NORESERVE, -1, 0 <unfinished ...>
18290 munmap(0x7f53faeb0000, 16384 <unfinished ...>
18287 <... munmap resumed>)             = 0
18300 <... munmap resumed>)             = 0
18295 <... mmap resumed>)               = 0x7f53faea0000
18293 <... munmap resumed>)             = 0
18291 <... mmap resumed>)               = 0x7f53fae9c000
18289 <... mmap resumed>)               = 0x7f53faea8000
18287 mmap(NULL, 16384, PROT_READ|PROT_WRITE, MAP_PRIVATE|MAP_ANONYMOUS|MAP_NORESERVE, -1, 0 <unfinished ...>
18285 <... munmap resumed>)             = 0
18300 mmap(NULL, 16384, PROT_READ|PROT_WRITE, MAP_PRIVATE|MAP_ANONYMOUS|MAP_NORESERVE, -1, 0 <unfinished ...>
18295 munmap(0x7f53faea0000, 16384 <unfinished ...>
18294 <... mmap resumed>)               = 0x7f53faeb0000
18293 mmap(NULL, 16384, PROT_READ|PROT_WRITE, MAP_PRIVATE|MAP_ANONYMOUS|MAP_NORESERVE, -1, 0 <unfinished ...>
18290 <... munmap resumed>)             = 0
18299 <... mmap resumed>)               = 0x7f53faea4000
18292 <... munmap resumed>)             = 0
18291 munmap(0x7f53fae9c000, 16384 <unfinished ...>
18289 munmap(0x7f53faea8000, 16384 <unfinished ...>
18288 <... mmap resumed>)               = 0x7f53faeac000
18287 <... mmap resumed>)               = 0x7f53fae94000
18285 mmap(NULL, 16384, PROT_READ|PROT_WRITE, MAP_PRIVATE|MAP_ANONYMOUS|MAP_NORESERVE, -1, 0 <unfinished ...>
18290 mmap(NULL, 16384, PROT_READ|PROT_WRITE, MAP_PRIVATE|MAP_ANONYMOUS|MAP_NORESERVE, -1, 0 <unfinished ...>
18288 munmap(0x7f53faeac000, 16384 <unfinished ...>
18292 mmap(NULL, 16384, PROT_READ|PROT_WRITE, MAP_PRIVATE|MAP_ANONYMOUS|MAP_NORESERVE, -1, 0 <unfinished ...>
18287 munmap(0x7f53fae94000, 16384 <unfinished ...>
18295 <... munmap resumed>)             = 0
18290 <... mmap resumed>)               = 0x7f53faea0000
18285 <... mmap resumed>)               = 0x7f53fae90000
18295 mmap(NULL, 16384, PROT_READ|PROT_WRITE, MAP_PRIVATE|MAP_ANONYMOUS|MAP_NORESERVE, -1, 0 <unfinished ...>
18285 munmap(0x7f53fae90000, 16384 <unfinished ...>
18290 munmap(0x7f53faea0000, 16384 <unfinished ...>
18294 munmap(0x7f53faeb0000, 16384 <unfinished ...>
18288 <... munmap resumed>)             = 0
18288 mmap(NULL, 16384, PROT_READ|PROT_WRITE, MAP_PRIVATE|MAP_ANONYMOUS|MAP_NORESERVE, -1, 0 <unfinished ...>
18286 <... munmap resumed>)             = 0
18286 mmap(NULL, 16384, PROT_READ|PROT_WRITE, MAP_PRIVATE|MAP_ANONYMOUS|MAP_NORESERVE, -1, 0 <unfinished ...>
18298 <... munmap resumed>)             = 0
18297 <... munmap resumed>)             = 0
18296 <... munmap resumed>)             = 0
18298 mmap(NULL, 16384, PROT_READ|PROT_WRITE, MAP_PRIVATE|MAP_ANONYMOUS|MAP_NORESERVE, -1, 0 <unfinished ...>
18297 mmap(NULL, 16384, PROT_READ|PROT_WRITE, MAP_PRIVATE|MAP_ANONYMOUS|MAP_NORESERVE, -1, 0 <unfinished ...>
18300 <... mmap resumed>)               = 0x7f54030c2000
18296 mmap(NULL, 16384, PROT_READ|PROT_WRITE, MAP_PRIVATE|MAP_ANONYMOUS|MAP_NORESERVE, -1, 0 <unfinished ...>
18293 <... mmap resumed>)               = 0x7f53faeb4000
18300 munmap(0x7f54030c2000, 16384 <unfinished ...>
18299 munmap(0x7f53faea4000, 16384 <unfinished ...>
18297 <... mmap resumed>)               = 0x7f53fae98000
18296 <... mmap resumed>)               = 0x7f53faeac000
18293 munmap(0x7f53faeb4000, 16384 <unfinished ...>
18297 munmap(0x7f53fae98000, 16384 <unfinished ...>
18289 <... munmap resumed>)             = 0
18296 munmap(0x7f53faeac000, 16384 <unfinished ...>
18291 <... munmap resumed>)             = 0
18297 <... munmap resumed>)             = 0
18289 mmap(NULL, 16384, PROT_READ|PROT_WRITE, MAP_PRIVATE|MAP_ANONYMOUS|MAP_NORESERVE, -1, 0 <unfinished ...>
18291 mmap(NULL, 16384, PROT_READ|PROT_WRITE, MAP_PRIVATE|MAP_ANONYMOUS|MAP_NORESERVE, -1, 0 <unfinished ...>
18297 mmap(NULL, 16384, PROT_READ|PROT_WRITE, MAP_PRIVATE|MAP_ANONYMOUS|MAP_NORESERVE, -1, 0 <unfinished ...>
18292 <... mmap resumed>)               = 0x7f53faea8000
18292 munmap(0x7f53faea8000, 16384 <unfinished ...>
18287 <... munmap resumed>)             = 0
18295 <... mmap resumed>)               = 0x7f53fae9c000
18287 mmap(NULL, 16384, PROT_READ|PROT_WRITE, MAP_PRIVATE|MAP_ANONYMOUS|MAP_NORESERVE, -1, 0 <unfinished ...>
18285 <... munmap resumed>)             = 0
18295 munmap(0x7f53fae9c000, 16384 <unfinished ...>
18290 <... munmap resumed>)             = 0
18285 mmap(NULL, 16384, PROT_READ|PROT_WRITE, MAP_PRIVATE|MAP_ANONYMOUS|MAP_NORESERVE, -1, 0 <unfinished ...>
18295 <... munmap resumed>)             = 0
18294 <... munmap resumed>)             = 0
18290 mmap(NULL, 16384, PROT_READ|PROT_WRITE, MAP_PRIVATE|MAP_ANONYMOUS|MAP_NORESERVE, -1, 0 <unfinished ...>
18287 <... mmap resumed>)               = 0x7f53faeb0000
18298 <... mmap resumed>)               = 0x7f53fae98000
18295 mmap(NULL, 16384, PROT_READ|PROT_WRITE, MAP_PRIVATE|MAP_ANONYMOUS|MAP_NORESERVE, -1, 0 <unfinished ...>
18294 mmap(NULL, 16384, PROT_READ|PROT_WRITE, MAP_PRIVATE|MAP_ANONYMOUS|MAP_NORESERVE, -1, 0 <unfinished ...>
18288 <... mmap resumed>)               = 0x7f53faea0000
18286 <... mmap resumed>)               = 0x7f53fae9c000
18298 munmap(0x7f53fae98000, 16384 <unfinished ...>
18287 munmap(0x7f53faeb0000, 16384 <unfinished ...>
18288 munmap(0x7f53faea0000, 16384 <unfinished ...>
18300 <... munmap resumed>)             = 0
18286 munmap(0x7f53fae9c000, 16384 <unfinished ...>
18300 mmap(NULL, 16384, PROT_READ|PROT_WRITE, MAP_PRIVATE|MAP_ANONYMOUS|MAP_NORESERVE, -1, 0 <unfinished ...>
18299 <... munmap resumed>)             = 0
18300 <... mmap resumed>)               = 0x7f54030c2000
18293 <... munmap resumed>)             = 0
18299 mmap(NULL, 16384, PROT_READ|PROT_WRITE, MAP_PRIVATE|MAP_ANONYMOUS|MAP_NORESERVE, -1, 0 <unfinished ...>
18293 mmap(NULL, 16384, PROT_READ|PROT_WRITE, MAP_PRIVATE|MAP_ANONYMOUS|MAP_NORESERVE, -1, 0 <unfinished ...>
18286 <... munmap resumed>)             = 0
18296 <... munmap resumed>)             = 0
18286 mmap(NULL, 16384, PROT_READ|PROT_WRITE, MAP_PRIVATE|MAP_ANONYMOUS|MAP_NORESERVE, -1, 0 <unfinished ...>
18289 <... mmap resumed>)               = 0x7f53faeb4000
18297 <... mmap resumed>)               = 0x7f53faea4000
18296 mmap(NULL, 16384, PROT_READ|PROT_WRITE, MAP_PRIVATE|MAP_ANONYMOUS|MAP_NORESERVE, -1, 0 <unfinished ...>
18292 <... munmap resumed>)             = 0
18291 <... mmap resumed>)               = 0x7f53faeac000
18289 munmap(0x7f53faeb4000, 16384 <unfinished ...>
18296 <... mmap resumed>)               = 0x7f53fae90000
18295 <... mmap resumed>)               = 0x7f53fae9c000
18292 mmap(NULL, 16384, PROT_READ|PROT_WRITE, MAP_PRIVATE|MAP_ANONYMOUS|MAP_NORESERVE, -1, 0 <unfinished ...>
18290 <... mmap resumed>)               = 0x7f53fae94000
18285 <... mmap resumed>)               = 0x7f53faea8000
18296 munmap(0x7f53fae90000, 16384 <unfinished ...>
18295 munmap(0x7f53fae9c000, 16384 <unfinished ...>
18294 <... mmap resumed>)               = 0x7f53fae8c000
18291 munmap(0x7f53faeac000, 16384 <unfinished ...>
18290 munmap(0x7f53fae94000, 16384 <unfinished ...>
18285 munmap(0x7f53faea8000, 16384 <unfinished ...>
18298 <... munmap resumed>)             = 0
18298 mmap(NULL, 16384, PROT_READ|PROT_WRITE, MAP_PRIVATE|MAP_ANONYMOUS|MAP_NORESERVE, -1, 0 <unfinished ...>
18296 <... munmap resumed>)             = 0
18294 munmap(0x7f53fae8c000, 16384 <unfinished ...>
18287 <... munmap resumed>)             = 0
18296 mmap(NULL, 16384, PROT_READ|PROT_WRITE, MAP_PRIVATE|MAP_ANONYMOUS|MAP_NORESERVE, -1, 0 <unfinished ...>
18291 <... munmap resumed>)             = 0
18287 mmap(NULL, 16384, PROT_READ|PROT_WRITE, MAP_PRIVATE|MAP_ANONYMOUS|MAP_NORESERVE, -1, 0 <unfinished ...>
18294 <... munmap resumed>)             = 0
18291 mmap(NULL, 16384, PROT_READ|PROT_WRITE, MAP_PRIVATE|MAP_ANONYMOUS|MAP_NORESERVE, -1, 0 <unfinished ...>
18300 munmap(0x7f54030c2000, 16384 <unfinished ...>
18294 mmap(NULL, 16384, PROT_READ|PROT_WRITE, MAP_PRIVATE|MAP_ANONYMOUS|MAP_NORESERVE, -1, 0 <unfinished ...>
18288 <... munmap resumed>)             = 0
18297 munmap(0x7f53faea4000, 16384 <unfinished ...>
18294 <... mmap resumed>)               = 0x7f53faeb0000
18288 mmap(NULL, 16384, PROT_READ|PROT_WRITE, MAP_PRIVATE|MAP_ANONYMOUS|MAP_NORESERVE, -1, 0 <unfinished ...>
18299 <... mmap resumed>)               = 0x7f53faeac000
18297 <... munmap resumed>)             = 0
18293 <... mmap resumed>)               = 0x7f53faea4000
18286 <... mmap resumed>)               = 0x7f53faea0000
18299 munmap(0x7f53faeac000, 16384 <unfinished ...>
18297 mmap(NULL, 16384, PROT_READ|PROT_WRITE, MAP_PRIVATE|MAP_ANONYMOUS|MAP_NORESERVE, -1, 0 <unfinished ...>
18289 <... munmap resumed>)             = 0
18288 <... mmap resumed>)               = 0x7f53fae98000
18294 munmap(0x7f53faeb0000, 16384 <unfinished ...>
18292 <... mmap resumed>)               = 0x7f53faeb4000
18293 munmap(0x7f53faea4000, 16384 <unfinished ...>
18292 munmap(0x7f53faeb4000, 16384 <unfinished ...>
18288 munmap(0x7f53fae98000, 16384 <unfinished ...>
18286 munmap(0x7f53faea0000, 16384 <unfinished ...>
18295 <... munmap resumed>)             = 0
18289 mmap(NULL, 16384, PROT_READ|PROT_WRITE, MAP_PRIVATE|MAP_ANONYMOUS|MAP_NORESERVE, -1, 0 <unfinished ...>
18295 mmap(NULL, 16384, PROT_READ|PROT_WRITE, MAP_PRIVATE|MAP_ANONYMOUS|MAP_NORESERVE, -1, 0 <unfinished ...>
18294 <... munmap resumed>)             = 0
18290 <... munmap resumed>)             = 0
18289 <... mmap resumed>)               = 0x7f53faeb0000
18285 <... munmap resumed>)             = 0
18290 mmap(NULL, 16384, PROT_READ|PROT_WRITE, MAP_PRIVATE|MAP_ANONYMOUS|MAP_NORESERVE, -1, 0 <unfinished ...>
18298 <... mmap resumed>)               = 0x7f53fae9c000
18296 <... mmap resumed>)               = 0x7f53faea8000
18294 mmap(NULL, 16384, PROT_READ|PROT_WRITE, MAP_PRIVATE|MAP_ANONYMOUS|MAP_NORESERVE, -1, 0 <unfinished ...>
18291 <... mmap resumed>)               = 0x7f53fae90000
18287 <... mmap resumed>)               = 0x7f53fae94000
18298 munmap(0x7f53fae9c000, 16384 <unfinished ...>
18296 munmap(0x7f53faea8000, 16384 <unfinished ...>
18291 munmap(0x7f53fae90000, 16384 <unfinished ...>
18290 <... mmap resumed>)               = 0x7f53fae8c000
18285 mmap(NULL, 16384, PROT_READ|PROT_WRITE, MAP_PRIVATE|MAP_ANONYMOUS|MAP_NORESERVE, -1, 0 <unfinished ...>
18300 <... munmap resumed>)             = 0
18298 <... munmap resumed>)             = 0
18295 <... mmap resumed>)               = 0x7f54030c2000
18294 <... mmap resumed>)               = 0x7f53fae9c000
18290 munmap(0x7f53fae8c000, 16384 <unfinished ...>
18300 mmap(NULL, 16384, PROT_READ|PROT_WRITE, MAP_PRIVATE|MAP_ANONYMOUS|MAP_NORESERVE, -1, 0 <unfinished ...>
18298 mmap(NULL, 16384, PROT_READ|PROT_WRITE, MAP_PRIVATE|MAP_ANONYMOUS|MAP_NORESERVE, -1, 0 <unfinished ...>
18294 munmap(0x7f53fae9c000, 16384 <unfinished ...>
18287 munmap(0x7f53fae94000, 16384 <unfinished ...>
18299 <... munmap resumed>)             = 0
18296 <... munmap resumed>)             = 0
18287 <... munmap resumed>)             = 0
18299 mmap(NULL, 16384, PROT_READ|PROT_WRITE, MAP_PRIVATE|MAP_ANONYMOUS|MAP_NORESERVE, -1, 0 <unfinished ...>
18297 <... mmap resumed>)               = 0x7f53faeac000
18296 mmap(NULL, 16384, PROT_READ|PROT_WRITE, MAP_PRIVATE|MAP_ANONYMOUS|MAP_NORESERVE, -1, 0 <unfinished ...>
18291 <... munmap resumed>)             = 0
18297 munmap(0x7f53faeac000, 16384 <unfinished ...>
18299 <... mmap resumed>)               = 0x7f53faea8000
18292 <... munmap resumed>)             = 0
18291 mmap(NULL, 16384, PROT_READ|PROT_WRITE, MAP_PRIVATE|MAP_ANONYMOUS|MAP_NORESERVE, -1, 0 <unfinished ...>
18288 <... munmap resumed>)             = 0
18287 mmap(NULL, 16384, PROT_READ|PROT_WRITE, MAP_PRIVATE|MAP_ANONYMOUS|MAP_NORESERVE, -1, 0 <unfinished ...>
18299 munmap(0x7f53faea8000, 16384 <unfinished ...>
18286 <... munmap resumed>)             = 0
18295 munmap(0x7f54030c2000, 16384 <unfinished ...>
18293 <... munmap resumed>)             = 0
18292 mmap(NULL, 16384, PROT_READ|PROT_WRITE, MAP_PRIVATE|MAP_ANONYMOUS|MAP_NORESERVE, -1, 0 <unfinished ...>
18291 <... mmap resumed>)               = 0x7f53faea4000
18289 munmap(0x7f53faeb0000, 16384 <unfinished ...>
18288 mmap(NULL, 16384, PROT_READ|PROT_WRITE, MAP_PRIVATE|MAP_ANONYMOUS|MAP_NORESERVE, -1, 0 <unfinished ...>
18287 <... mmap resumed>)               = 0x7f53faea0000
18286 mmap(NULL, 16384, PROT_READ|PROT_WRITE, MAP_PRIVATE|MAP_ANONYMOUS|MAP_NORESERVE, -1, 0 <unfinished ...>
18285 <... mmap resumed>)               = 0x7f53faeb4000
18295 <... munmap resumed>)             = 0
18293 mmap(NULL, 16384, PROT_READ|PROT_WRITE, MAP_PRIVATE|MAP_ANONYMOUS|MAP_NORESERVE, -1, 0 <unfinished ...>
18292 <... mmap resumed>)               = 0x7f54030c2000
18290 <... munmap resumed>)             = 0
18288 <... mmap resumed>)               = 0x7f53fae98000
18298 <... mmap resumed>)               = 0x7f53fae94000
18295 mmap(NULL, 16384, PROT_READ|PROT_WRITE, MAP_PRIVATE|MAP_ANONYMOUS|MAP_NORESERVE, -1, 0 <unfinished ...>
18287 munmap(0x7f53faea0000, 16384 <unfinished ...>
18285 munmap(0x7f53faeb4000, 16384 <unfinished ...>
18300 <... mmap resumed>)               = 0x7f53fae9c000
18294 <... munmap resumed>)             = 0
18290 mmap(NULL, 16384, PROT_READ|PROT_WRITE, MAP_PRIVATE|MAP_ANONYMOUS|MAP_NORESERVE, -1, 0 <unfinished ...>
18295 <... mmap resumed>)               = 0x7f53fae90000
18288 munmap(0x7f53fae98000, 16384 <unfinished ...>
18300 munmap(0x7f53fae9c000, 16384 <unfinished ...>
18295 munmap(0x7f53fae90000, 16384 <unfinished ...>
18294 mmap(NULL, 16384, PROT_READ|PROT_WRITE, MAP_PRIVATE|MAP_ANONYMOUS|MAP_NORESERVE, -1, 0 <unfinished ...>
18287 <... munmap resumed>)             = 0
18297 <... munmap resumed>)             = 0
18296 <... mmap resumed>)               = 0x7f53faea0000
18288 <... munmap resumed>)             = 0
18297 mmap(NULL, 16384, PROT_READ|PROT_WRITE, MAP_PRIVATE|MAP_ANONYMOUS|MAP_NORESERVE, -1, 0 <unfinished ...>
18296 munmap(0x7f53faea0000, 16384 <unfinished ...>
18287 mmap(NULL, 16384, PROT_READ|PROT_WRITE, MAP_PRIVATE|MAP_ANONYMOUS|MAP_NORESERVE, -1, 0 <unfinished ...>
18295 <... munmap resumed>)             = 0
18288 mmap(NULL, 16384, PROT_READ|PROT_WRITE, MAP_PRIVATE|MAP_ANONYMOUS|MAP_NORESERVE, -1, 0 <unfinished ...>
18299 <... munmap resumed>)             = 0
18292 munmap(0x7f54030c2000, 16384 <unfinished ...>
18291 munmap(0x7f53faea4000, 16384 <unfinished ...>
18299 mmap(NULL, 16384, PROT_READ|PROT_WRITE, MAP_PRIVATE|MAP_ANONYMOUS|MAP_NORESERVE, -1, 0 <unfinished ...>
18295 mmap(NULL, 16384, PROT_READ|PROT_WRITE, MAP_PRIVATE|MAP_ANONYMOUS|MAP_NORESERVE, -1, 0 <unfinished ...>
18298 munmap(0x7f53fae94000, 16384)     = 0
18293 <... mmap resumed>)               = 0x7f53faeac000
18289 <... munmap resumed>)             = 0
18286 <... mmap resumed>)               = 0x7f53faeb0000
18298 mmap(NULL, 16384, PROT_READ|PROT_WRITE, MAP_PRIVATE|MAP_ANONYMOUS|MAP_NORESERVE, -1, 0 <unfinished ...>
18290 <... mmap resumed>)               = 0x7f53faea8000
18293 munmap(0x7f53faeac000, 16384 <unfinished ...>
18289 mmap(NULL, 16384, PROT_READ|PROT_WRITE, MAP_PRIVATE|MAP_ANONYMOUS|MAP_NORESERVE, -1, 0 <unfinished ...>
18286 munmap(0x7f53faeb0000, 16384 <unfinished ...>
18285 <... munmap resumed>)             = 0
18285 mmap(NULL, 16384, PROT_READ|PROT_WRITE, MAP_PRIVATE|MAP_ANONYMOUS|MAP_NORESERVE, -1, 0 <unfinished ...>
18300 <... munmap resumed>)             = 0
18297 <... mmap resumed>)               = 0x7f53fae9c000
18296 <... munmap resumed>)             = 0
18294 <... mmap resumed>)               = 0x7f53faeb4000
18290 munmap(0x7f53faea8000, 16384 <unfinished ...>
18288 <... mmap resumed>)               = 0x7f53fae98000
18287 <... mmap resumed>)               = 0x7f53faea0000
18300 mmap(NULL, 16384, PROT_READ|PROT_WRITE, MAP_PRIVATE|MAP_ANONYMOUS|MAP_NORESERVE, -1, 0 <unfinished ...>
18297 munmap(0x7f53fae9c000, 16384 <unfinished ...>
18296 mmap(NULL, 16384, PROT_READ|PROT_WRITE, MAP_PRIVATE|MAP_ANONYMOUS|MAP_NORESERVE, -1, 0 <unfinished ...>
18295 <... mmap resumed>)               = 0x7f54030c2000
18294 munmap(0x7f53faeb4000, 16384 <unfinished ...>
18292 <... munmap resumed>)             = 0
18291 <... munmap resumed>)             = 0
18290 <... munmap resumed>)             = 0
18300 <... mmap resumed>)               = 0x7f53faeac000
18299 <... mmap resumed>)               = 0x7f53faea8000
18293 <... munmap resumed>)             = 0
18288 munmap(0x7f53fae98000, 16384 <unfinished ...>
18287 munmap(0x7f53faea0000, 16384 <unfinished ...>
18299 munmap(0x7f53faea8000, 16384 <unfinished ...>
18291 mmap(NULL, 16384, PROT_READ|PROT_WRITE, MAP_PRIVATE|MAP_ANONYMOUS|MAP_NORESERVE, -1, 0 <unfinished ...>
18290 mmap(NULL, 16384, PROT_READ|PROT_WRITE, MAP_PRIVATE|MAP_ANONYMOUS|MAP_NORESERVE, -1, 0 <unfinished ...>
18289 <... mmap resumed>)               = 0x7f53faea4000
18300 munmap(0x7f53faeac000, 16384 <unfinished ...>
18293 mmap(NULL, 16384, PROT_READ|PROT_WRITE, MAP_PRIVATE|MAP_ANONYMOUS|MAP_NORESERVE, -1, 0 <unfinished ...>
18292 mmap(NULL, 16384, PROT_READ|PROT_WRITE, MAP_PRIVATE|MAP_ANONYMOUS|MAP_NORESERVE, -1, 0 <unfinished ...>
18286 <... munmap resumed>)             = 0
18295 munmap(0x7f54030c2000, 16384 <unfinished ...>
18298 <... mmap resumed>)               = 0x7f53faeb0000
18295 <... munmap resumed>)             = 0
18294 <... munmap resumed>)             = 0
18291 <... mmap resumed>)               = 0x7f53fae8c000
18290 <... mmap resumed>)               = 0x7f53fae94000
18289 munmap(0x7f53faea4000, 16384 <unfinished ...>
18286 mmap(NULL, 16384, PROT_READ|PROT_WRITE, MAP_PRIVATE|MAP_ANONYMOUS|MAP_NORESERVE, -1, 0 <unfinished ...>
18285 <... mmap resumed>)               = 0x7f53fae90000
18300 <... munmap resumed>)             = 0
18298 munmap(0x7f53faeb0000, 16384 <unfinished ...>
18297 <... munmap resumed>)             = 0
18296 <... mmap resumed>)               = 0x7f54030c2000
18295 mmap(NULL, 16384, PROT_READ|PROT_WRITE, MAP_PRIVATE|MAP_ANONYMOUS|MAP_NORESERVE, -1, 0 <unfinished ...>
18294 mmap(NULL, 16384, PROT_READ|PROT_WRITE, MAP_PRIVATE|MAP_ANONYMOUS|MAP_NORESERVE, -1, 0 <unfinished ...>
18291 munmap(0x7f53fae8c000, 16384 <unfinished ...>
18290 munmap(0x7f53fae94000, 16384 <unfinished ...>
18287 <... munmap resumed>)             = 0
18300 mmap(NULL, 16384, PROT_READ|PROT_WRITE, MAP_PRIVATE|MAP_ANONYMOUS|MAP_NORESERVE, -1, 0 <unfinished ...>
18298 <... munmap resumed>)             = 0
18297 mmap(NULL, 16384, PROT_READ|PROT_WRITE, MAP_PRIVATE|MAP_ANONYMOUS|MAP_NORESERVE, -1, 0 <unfinished ...>
18296 munmap(0x7f54030c2000, 16384 <unfinished ...>
18295 <... mmap resumed>)               = 0x7f53faeb4000
18294 <... mmap resumed>)               = 0x7f53faeb0000
18289 <... munmap resumed>)             = 0
18288 <... munmap resumed>)             = 0
18285 munmap(0x7f53fae90000, 16384 <unfinished ...>
18299 <... munmap resumed>)             = 0
18298 mmap(NULL, 16384, PROT_READ|PROT_WRITE, MAP_PRIVATE|MAP_ANONYMOUS|MAP_NORESERVE, -1, 0 <unfinished ...>
18297 <... mmap resumed>)               = 0x7f53faea8000
18296 <... munmap resumed>)             = 0
18294 munmap(0x7f53faeb0000, 16384 <unfinished ...>
18293 <... mmap resumed>)               = 0x7f54030c2000
18292 <... mmap resumed>)               = 0x7f53faeac000
18290 <... munmap resumed>)             = 0
18289 mmap(NULL, 16384, PROT_READ|PROT_WRITE, MAP_PRIVATE|MAP_ANONYMOUS|MAP_NORESERVE, -1, 0 <unfinished ...>
18288 mmap(NULL, 16384, PROT_READ|PROT_WRITE, MAP_PRIVATE|MAP_ANONYMOUS|MAP_NORESERVE, -1, 0 <unfinished ...>
18287 mmap(NULL, 16384, PROT_READ|PROT_WRITE, MAP_PRIVATE|MAP_ANONYMOUS|MAP_NORESERVE, -1, 0 <unfinished ...>
18300 <... mmap resumed>)               = 0x7f53fae9c000
18299 mmap(NULL, 16384, PROT_READ|PROT_WRITE, MAP_PRIVATE|MAP_ANONYMOUS|MAP_NORESERVE, -1, 0 <unfinished ...>
18298 <... mmap resumed>)               = 0x7f53faea0000
18297 munmap(0x7f53faea8000, 16384 <unfinished ...>
18296 mmap(NULL, 16384, PROT_READ|PROT_WRITE, MAP_PRIVATE|MAP_ANONYMOUS|MAP_NORESERVE, -1, 0 <unfinished ...>
18295 munmap(0x7f53faeb4000, 16384 <unfinished ...>
18294 <... munmap resumed>)             = 0
18293 munmap(0x7f54030c2000, 16384 <unfinished ...>
18292 munmap(0x7f53faeac000, 16384 <unfinished ...>
18291 <... munmap resumed>)             = 0
18290 mmap(NULL, 16384, PROT_READ|PROT_WRITE, MAP_PRIVATE|MAP_ANONYMOUS|MAP_NORESERVE, -1, 0 <unfinished ...>
18289 <... mmap resumed>)               = 0x7f53faeb0000
18286 <... mmap resumed>)               = 0x7f53faea4000
18285 <... munmap resumed>)             = 0
18300 munmap(0x7f53fae9c000, 16384 <unfinished ...>
18299 <... mmap resumed>)               = 0x7f53fae94000
18298 munmap(0x7f53faea0000, 16384 <unfinished ...>
18297 <... munmap resumed>)             = 0
18296 <... mmap resumed>)               = 0x7f53fae90000
18295 <... munmap resumed>)             = 0
18294 mmap(NULL, 16384, PROT_READ|PROT_WRITE, MAP_PRIVATE|MAP_ANONYMOUS|MAP_NORESERVE, -1, 0 <unfinished ...>
18293 <... munmap resumed>)             = 0
18292 <... munmap resumed>)             = 0
18291 mmap(NULL, 16384, PROT_READ|PROT_WRITE, MAP_PRIVATE|MAP_ANONYMOUS|MAP_NORESERVE, -1, 0 <unfinished ...>
18288 <... mmap resumed>)               = 0x7f53faeb4000
18287 <... mmap resumed>)               = 0x7f53fae98000
18299 munmap(0x7f53fae94000, 16384 <unfinished ...>
18298 <... munmap resumed>)             = 0
18297 mmap(NULL, 16384, PROT_READ|PROT_WRITE, MAP_PRIVATE|MAP_ANONYMOUS|MAP_NORESERVE, -1, 0 <unfinished ...>
18296 munmap(0x7f53fae90000, 16384 <unfinished ...>
18295 mmap(NULL, 16384, PROT_READ|PROT_WRITE, MAP_PRIVATE|MAP_ANONYMOUS|MAP_NORESERVE, -1, 0 <unfinished ...>
18294 <... mmap resumed>)               = 0x7f53faeac000
18293 mmap(NULL, 16384, PROT_READ|PROT_WRITE, MAP_PRIVATE|MAP_ANONYMOUS|MAP_NORESERVE, -1, 0 <unfinished ...>
18292 mmap(NULL, 16384, PROT_READ|PROT_WRITE, MAP_PRIVATE|MAP_ANONYMOUS|MAP_NORESERVE, -1, 0 <unfinished ...>
18290 <... mmap resumed>)               = 0x7f54030c2000
18289 munmap(0x7f53faeb0000, 16384 <unfinished ...>
18286 munmap(0x7f53faea4000, 16384 <unfinished ...>
18285 mmap(NULL, 16384, PROT_READ|PROT_WRITE, MAP_PRIVATE|MAP_ANONYMOUS|MAP_NORESERVE, -1, 0 <unfinished ...>
18300 <... munmap resumed>)             = 0
18298 mmap(NULL, 16384, PROT_READ|PROT_WRITE, MAP_PRIVATE|MAP_ANONYMOUS|MAP_NORESERVE, -1, 0 <unfinished ...>
18294 munmap(0x7f53faeac000, 16384 <unfinished ...>
18291 <... mmap resumed>)               = 0x7f53faea8000
18287 munmap(0x7f53fae98000, 16384 <unfinished ...>
18300 mmap(NULL, 16384, PROT_READ|PROT_WRITE, MAP_PRIVATE|MAP_ANONYMOUS|MAP_NORESERVE, -1, 0 <unfinished ...>
18291 munmap(0x7f53faea8000, 16384 <unfinished ...>
18288 munmap(0x7f53faeb4000, 16384 <unfinished ...>
18286 <... munmap resumed>)             = 0
18286 mmap(NULL, 16384, PROT_READ|PROT_WRITE, MAP_PRIVATE|MAP_ANONYMOUS|MAP_NORESERVE, -1, 0 <unfinished ...>
18287 <... munmap resumed>)             = 0
18299 <... munmap resumed>)             = 0
18297 <... mmap resumed>)               = 0x7f53faea4000
18287 mmap(NULL, 16384, PROT_READ|PROT_WRITE, MAP_PRIVATE|MAP_ANONYMOUS|MAP_NORESERVE, -1, 0 <unfinished ...>
18299 mmap(NULL, 16384, PROT_READ|PROT_WRITE, MAP_PRIVATE|MAP_ANONYMOUS|MAP_NORESERVE, -1, 0 <unfinished ...>
18297 munmap(0x7f53faea4000, 16384 <unfinished ...>
18296 <... munmap resumed>)             = 0
18289 <... munmap resumed>)             = 0
18297 <... munmap resumed>)             = 0
18296 mmap(NULL, 16384, PROT_READ|PROT_WRITE, MAP_PRIVATE|MAP_ANONYMOUS|MAP_NORESERVE, -1, 0 <unfinished ...>
18295 <... mmap resumed>)               = 0x7f53faeb0000
18292 <... mmap resumed>)               = 0x7f53faea0000
18299 <... mmap resumed>)               = 0x7f53faea4000
18297 mmap(NULL, 16384, PROT_READ|PROT_WRITE, MAP_PRIVATE|MAP_ANONYMOUS|MAP_NORESERVE, -1, 0 <unfinished ...>
18296 <... mmap resumed>)               = 0x7f53fae9c000
18295 munmap(0x7f53faeb0000, 16384 <unfinished ...>
18293 <... mmap resumed>)               = 0x7f53fae98000
18289 mmap(NULL, 16384, PROT_READ|PROT_WRITE, MAP_PRIVATE|MAP_ANONYMOUS|MAP_NORESERVE, -1, 0 <unfinished ...>
18299 munmap(0x7f53faea4000, 16384 <unfinished ...>
18296 munmap(0x7f53fae9c000, 16384 <unfinished ...>
18293 munmap(0x7f53fae98000, 16384 <unfinished ...>
18290 munmap(0x7f54030c2000, 16384 <unfinished ...>
18296 <... munmap resumed>)             = 0
18295 <... munmap resumed>)             = 0
18290 <... munmap resumed>)             = 0
18296 mmap(NULL, 16384, PROT_READ|PROT_WRITE, MAP_PRIVATE|MAP_ANONYMOUS|MAP_NORESERVE, -1, 0 <unfinished ...>
18295 mmap(NULL, 16384, PROT_READ|PROT_WRITE, MAP_PRIVATE|MAP_ANONYMOUS|MAP_NORESERVE, -1, 0 <unfinished ...>
18290 mmap(NULL, 16384, PROT_READ|PROT_WRITE, MAP_PRIVATE|MAP_ANONYMOUS|MAP_NORESERVE, -1, 0 <unfinished ...>
18298 <... mmap resumed>)               = 0x7f54030c2000
18294 <... munmap resumed>)             = 0
18285 <... mmap resumed>)               = 0x7f53faeb0000
18294 mmap(NULL, 16384, PROT_READ|PROT_WRITE, MAP_PRIVATE|MAP_ANONYMOUS|MAP_NORESERVE, -1, 0 <unfinished ...>
18288 <... munmap resumed>)             = 0
18285 munmap(0x7f53faeb0000, 16384 <unfinished ...>
18291 <... munmap resumed>)             = 0
18300 <... mmap resumed>)               = 0x7f53faeb4000
18294 <... mmap resumed>)               = 0x7f53faeac000
18286 <... mmap resumed>)               = 0x7f53faea8000
18291 mmap(NULL, 16384, PROT_READ|PROT_WRITE, MAP_PRIVATE|MAP_ANONYMOUS|MAP_NORESERVE, -1, 0 <unfinished ...>
18285 <... munmap resumed>)             = 0
18300 munmap(0x7f53faeb4000, 16384 <unfinished ...>
18297 <... mmap resumed>)               = 0x7f53fae9c000
18294 munmap(0x7f53faeac000, 16384 <unfinished ...>
18288 mmap(NULL, 16384, PROT_READ|PROT_WRITE, MAP_PRIVATE|MAP_ANONYMOUS|MAP_NORESERVE, -1, 0 <unfinished ...>
18287 <... mmap resumed>)               = 0x7f53faeb0000
18298 munmap(0x7f54030c2000, 16384 <unfinished ...>
18297 munmap(0x7f53fae9c000, 16384 <unfinished ...>
18292 munmap(0x7f53faea0000, 16384 <unfinished ...>
18291 <... mmap resumed>)               = 0x7f53fae94000
18285 mmap(NULL, 16384, PROT_READ|PROT_WRITE, MAP_PRIVATE|MAP_ANONYMOUS|MAP_NORESERVE, -1, 0 <unfinished ...>
18287 munmap(0x7f53faeb0000, 16384 <unfinished ...>
18286 munmap(0x7f53faea8000, 16384 <unfinished ...>
18299 <... munmap resumed>)             = 0
18297 <... munmap resumed>)             = 0
18291 munmap(0x7f53fae94000, 16384 <unfinished ...>
18289 <... mmap resumed>)               = 0x7f53faea4000
18299 mmap(NULL, 16384, PROT_READ|PROT_WRITE, MAP_PRIVATE|MAP_ANONYMOUS|MAP_NORESERVE, -1, 0 <unfinished ...>
18297 mmap(NULL, 16384, PROT_READ|PROT_WRITE, MAP_PRIVATE|MAP_ANONYMOUS|MAP_NORESERVE, -1, 0 <unfinished ...>
18289 munmap(0x7f53faea4000, 16384 <unfinished ...>
18286 <... munmap resumed>)             = 0
18287 <... munmap resumed>)             = 0
18293 <... munmap resumed>)             = 0
18286 mmap(NULL, 16384, PROT_READ|PROT_WRITE, MAP_PRIVATE|MAP_ANONYMOUS|MAP_NORESERVE, -1, 0 <unfinished ...>
18296 <... mmap resumed>)               = 0x7f53faeb0000
18295 <... mmap resumed>)               = 0x7f53faea8000
18293 mmap(NULL, 16384, PROT_READ|PROT_WRITE, MAP_PRIVATE|MAP_ANONYMOUS|MAP_NORESERVE, -1, 0 <unfinished ...>
18287 mmap(NULL, 16384, PROT_READ|PROT_WRITE, MAP_PRIVATE|MAP_ANONYMOUS|MAP_NORESERVE, -1, 0 <unfinished ...>
18290 <... mmap resumed>)               = 0x7f53fae9c000
18286 <... mmap resumed>)               = 0x7f53fae98000
18296 munmap(0x7f53faeb0000, 16384 <unfinished ...>
18295 munmap(0x7f53faea8000, 16384 <unfinished ...>
18290 munmap(0x7f53fae9c000, 16384 <unfinished ...>
18289 <... munmap resumed>)             = 0
18287 <... mmap resumed>)               = 0x7f53faea4000
18300 <... munmap resumed>)             = 0
18296 <... munmap resumed>)             = 0
18300 mmap(NULL, 16384, PROT_READ|PROT_WRITE, MAP_PRIVATE|MAP_ANONYMOUS|MAP_NORESERVE, -1, 0 <unfinished ...>
18296 mmap(NULL, 16384, PROT_READ|PROT_WRITE, MAP_PRIVATE|MAP_ANONYMOUS|MAP_NORESERVE, -1, 0 <unfinished ...>
18300 <... mmap resumed>)               = 0x7f53faeb4000
18295 <... munmap resumed>)             = 0
18300 munmap(0x7f53faeb4000, 16384 <unfinished ...>
18296 <... mmap resumed>)               = 0x7f53faeb0000
18295 mmap(NULL, 16384, PROT_READ|PROT_WRITE, MAP_PRIVATE|MAP_ANONYMOUS|MAP_NORESERVE, -1, 0 <unfinished ...>
18290 <... munmap resumed>)             = 0
18290 mmap(NULL, 16384, PROT_READ|PROT_WRITE, MAP_PRIVATE|MAP_ANONYMOUS|MAP_NORESERVE, -1, 0 <unfinished ...>
18287 munmap(0x7f53faea4000, 16384 <unfinished ...>
18300 <... munmap resumed>)             = 0
18289 mmap(NULL, 16384, PROT_READ|PROT_WRITE, MAP_PRIVATE|MAP_ANONYMOUS|MAP_NORESERVE, -1, 0 <unfinished ...>
18300 mmap(NULL, 16384, PROT_READ|PROT_WRITE, MAP_PRIVATE|MAP_ANONYMOUS|MAP_NORESERVE, -1, 0 <unfinished ...>
18296 munmap(0x7f53faeb0000, 16384 <unfinished ...>
18294 <... munmap resumed>)             = 0
18300 <... mmap resumed>)               = 0x7f53faeb4000
18298 <... munmap resumed>)             = 0
18296 <... munmap resumed>)             = 0
18294 mmap(NULL, 16384, PROT_READ|PROT_WRITE, MAP_PRIVATE|MAP_ANONYMOUS|MAP_NORESERVE, -1, 0 <unfinished ...>
18288 <... mmap resumed>)               = 0x7f54030c2000
18300 munmap(0x7f53faeb4000, 16384 <unfinished ...>
18298 mmap(NULL, 16384, PROT_READ|PROT_WRITE, MAP_PRIVATE|MAP_ANONYMOUS|MAP_NORESERVE, -1, 0 <unfinished ...>
18285 <... mmap resumed>)               = 0x7f53faeb0000
18300 <... munmap resumed>)             = 0
18296 mmap(NULL, 16384, PROT_READ|PROT_WRITE, MAP_PRIVATE|MAP_ANONYMOUS|MAP_NORESERVE, -1, 0 <unfinished ...>
18294 <... mmap resumed>)               = 0x7f53faeac000
18292 <... munmap resumed>)             = 0
18300 mmap(NULL, 16384, PROT_READ|PROT_WRITE, MAP_PRIVATE|MAP_ANONYMOUS|MAP_NORESERVE, -1, 0 <unfinished ...>
18291 <... munmap resumed>)             = 0
18299 <... mmap resumed>)               = 0x7f53faeb4000
18298 <... mmap resumed>)               = 0x7f53faea8000
18294 munmap(0x7f53faeac000, 16384 <unfinished ...>
18292 mmap(NULL, 16384, PROT_READ|PROT_WRITE, MAP_PRIVATE|MAP_ANONYMOUS|MAP_NORESERVE, -1, 0 <unfinished ...>
18285 munmap(0x7f53faeb0000, 16384 <unfinished ...>
18300 <... mmap resumed>)               = 0x7f53faea0000
18299 munmap(0x7f53faeb4000, 16384 <unfinished ...>
18297 <... mmap resumed>)               = 0x7f53fae9c000
18291 mmap(NULL, 16384, PROT_READ|PROT_WRITE, MAP_PRIVATE|MAP_ANONYMOUS|MAP_NORESERVE, -1, 0 <unfinished ...>
18300 munmap(0x7f53faea0000, 16384 <unfinished ...>
18298 munmap(0x7f53faea8000, 16384 <unfinished ...>
18297 munmap(0x7f53fae9c000, 16384 <unfinished ...>
18293 <... mmap resumed>)               = 0x7f53fae94000
18288 munmap(0x7f54030c2000, 16384 <unfinished ...>
18286 munmap(0x7f53fae98000, 16384 <unfinished ...>
18300 <... munmap resumed>)             = 0
18299 <... munmap resumed>)             = 0
18295 <... mmap resumed>)               = 0x7f53faeb4000
18298 <... munmap resumed>)             = 0
18293 munmap(0x7f53fae94000, 16384 <unfinished ...>
18300 mmap(NULL, 16384, PROT_READ|PROT_WRITE, MAP_PRIVATE|MAP_ANONYMOUS|MAP_NORESERVE, -1, 0 <unfinished ...>
18290 <... mmap resumed>)               = 0x7f53faea0000
18286 <... munmap resumed>)             = 0
18299 mmap(NULL, 16384, PROT_READ|PROT_WRITE, MAP_PRIVATE|MAP_ANONYMOUS|MAP_NORESERVE, -1, 0 <unfinished ...>
18297 <... munmap resumed>)             = 0
18286 mmap(NULL, 16384, PROT_READ|PROT_WRITE, MAP_PRIVATE|MAP_ANONYMOUS|MAP_NORESERVE, -1, 0 <unfinished ...>
18295 munmap(0x7f53faeb4000, 16384 <unfinished ...>
18293 <... munmap resumed>)             = 0
18290 munmap(0x7f53faea0000, 16384 <unfinished ...>
18289 <... mmap resumed>)               = 0x7f53faea8000
18300 <... mmap resumed>)               = 0x7f53fae9c000
18299 <... mmap resumed>)               = 0x7f53faea4000
18298 mmap(NULL, 16384, PROT_READ|PROT_WRITE, MAP_PRIVATE|MAP_ANONYMOUS|MAP_NORESERVE, -1, 0 <unfinished ...>
18293 mmap(NULL, 16384, PROT_READ|PROT_WRITE, MAP_PRIVATE|MAP_ANONYMOUS|MAP_NORESERVE, -1, 0 <unfinished ...>
18300 munmap(0x7f53fae9c000, 16384 <unfinished ...>
18298 <... mmap resumed>)               = 0x7f53fae98000
18297 mmap(NULL, 16384, PROT_READ|PROT_WRITE, MAP_PRIVATE|MAP_ANONYMOUS|MAP_NORESERVE, -1, 0 <unfinished ...>
18287 <... munmap resumed>)             = 0
18299 munmap(0x7f53faea4000, 16384 <unfinished ...>
18298 munmap(0x7f53fae98000, 16384 <unfinished ...>
18286 <... mmap resumed>)               = 0x7f53fae94000
18287 mmap(NULL, 16384, PROT_READ|PROT_WRITE, MAP_PRIVATE|MAP_ANONYMOUS|MAP_NORESERVE, -1, 0 <unfinished ...>
18285 <... munmap resumed>)             = 0
18292 <... mmap resumed>)               = 0x7f53faeb0000
18289 munmap(0x7f53faea8000, 16384 <unfinished ...>
18286 munmap(0x7f53fae94000, 16384 <unfinished ...>
18292 munmap(0x7f53faeb0000, 16384 <unfinished ...>
18285 mmap(NULL, 16384, PROT_READ|PROT_WRITE, MAP_PRIVATE|MAP_ANONYMOUS|MAP_NORESERVE, -1, 0 <unfinished ...>
18298 <... munmap resumed>)             = 0
18298 mmap(NULL, 16384, PROT_READ|PROT_WRITE, MAP_PRIVATE|MAP_ANONYMOUS|MAP_NORESERVE, -1, 0 <unfinished ...>
18296 <... mmap resumed>)               = 0x7f53fae98000
18298 <... mmap resumed>)               = 0x7f53fae90000
18294 <... munmap resumed>)             = 0
18296 munmap(0x7f53fae98000, 16384 <unfinished ...>
18294 mmap(NULL, 16384, PROT_READ|PROT_WRITE, MAP_PRIVATE|MAP_ANONYMOUS|MAP_NORESERVE, -1, 0 <unfinished ...>
18291 <... mmap resumed>)               = 0x7f53faeac000
18298 munmap(0x7f53fae90000, 16384 <unfinished ...>
18288 <... munmap resumed>)             = 0
18295 <... munmap resumed>)             = 0
18294 <... mmap resumed>)               = 0x7f54030c2000
18290 <... munmap resumed>)             = 0
18288 mmap(NULL, 16384, PROT_READ|PROT_WRITE, MAP_PRIVATE|MAP_ANONYMOUS|MAP_NORESERVE, -1, 0 <unfinished ...>
18294 munmap(0x7f54030c2000, 16384 <unfinished ...>
18293 <... mmap resumed>)               = 0x7f53faeb4000
18290 mmap(NULL, 16384, PROT_READ|PROT_WRITE, MAP_PRIVATE|MAP_ANONYMOUS|MAP_NORESERVE, -1, 0 <unfinished ...>
18295 mmap(NULL, 16384, PROT_READ|PROT_WRITE, MAP_PRIVATE|MAP_ANONYMOUS|MAP_NORESERVE, -1, 0 <unfinished ...>
18293 munmap(0x7f53faeb4000, 16384 <unfinished ...>
18298 <... munmap resumed>)             = 0
18297 <... mmap resumed>)               = 0x7f53fae8c000
18290 <... mmap resumed>)               = 0x7f53fae90000
18288 <... mmap resumed>)               = 0x7f53faea0000
18298 mmap(NULL, 16384, PROT_READ|PROT_WRITE, MAP_PRIVATE|MAP_ANONYMOUS|MAP_NORESERVE, -1, 0 <unfinished ...>
18297 munmap(0x7f53fae8c000, 16384 <unfinished ...>
18295 <... mmap resumed>)               = 0x7f53fae88000
18293 <... munmap resumed>)             = 0
18300 <... munmap resumed>)             = 0
18299 <... munmap resumed>)             = 0
18297 <... munmap resumed>)             = 0
18295 munmap(0x7f53fae88000, 16384 <unfinished ...>
18290 munmap(0x7f53fae90000, 16384 <unfinished ...>
18288 munmap(0x7f53faea0000, 16384 <unfinished ...>
18287 <... mmap resumed>)               = 0x7f53faeb4000
18300 mmap(NULL, 16384, PROT_READ|PROT_WRITE, MAP_PRIVATE|MAP_ANONYMOUS|MAP_NORESERVE, -1, 0 <unfinished ...>
18299 mmap(NULL, 16384, PROT_READ|PROT_WRITE, MAP_PRIVATE|MAP_ANONYMOUS|MAP_NORESERVE, -1, 0 <unfinished ...>
18297 mmap(NULL, 16384, PROT_READ|PROT_WRITE, MAP_PRIVATE|MAP_ANONYMOUS|MAP_NORESERVE, -1, 0 <unfinished ...>
18293 mmap(NULL, 16384, PROT_READ|PROT_WRITE, MAP_PRIVATE|MAP_ANONYMOUS|MAP_NORESERVE, -1, 0 <unfinished ...>
18289 <... munmap resumed>)             = 0
18287 munmap(0x7f53faeb4000, 16384 <unfinished ...>
18289 mmap(NULL, 16384, PROT_READ|PROT_WRITE, MAP_PRIVATE|MAP_ANONYMOUS|MAP_NORESERVE, -1, 0 <unfinished ...>
18292 <... munmap resumed>)             = 0
18287 <... munmap resumed>)             = 0
18287 mmap(NULL, 16384, PROT_READ|PROT_WRITE, MAP_PRIVATE|MAP_ANONYMOUS|MAP_NORESERVE, -1, 0 <unfinished ...>
18292 mmap(NULL, 16384, PROT_READ|PROT_WRITE, MAP_PRIVATE|MAP_ANONYMOUS|MAP_NORESERVE, -1, 0 <unfinished ...>
18285 <... mmap resumed>)               = 0x7f53faeb4000
18287 <... mmap resumed>)               = 0x7f53faeb0000
18292 <... mmap resumed>)               = 0x7f53faea8000
18292 munmap(0x7f53faea8000, 16384 <unfinished ...>
18287 munmap(0x7f53faeb0000, 16384 <unfinished ...>
18285 munmap(0x7f53faeb4000, 16384 <unfinished ...>
18292 <... munmap resumed>)             = 0
18286 <... munmap resumed>)             = 0
18296 <... munmap resumed>)             = 0
18292 mmap(NULL, 16384, PROT_READ|PROT_WRITE, MAP_PRIVATE|MAP_ANONYMOUS|MAP_NORESERVE, -1, 0 <unfinished ...>
18286 mmap(NULL, 16384, PROT_READ|PROT_WRITE, MAP_PRIVATE|MAP_ANONYMOUS|MAP_NORESERVE, -1, 0 <unfinished ...>
18296 mmap(NULL, 16384, PROT_READ|PROT_WRITE, MAP_PRIVATE|MAP_ANONYMOUS|MAP_NORESERVE, -1, 0 <unfinished ...>
18292 <... mmap resumed>)               = 0x7f53faea8000
18291 munmap(0x7f53faeac000, 16384 <unfinished ...>
18286 <... mmap resumed>)               = 0x7f53faea4000
18298 <... mmap resumed>)               = 0x7f53fae9c000
18296 <... mmap resumed>)               = 0x7f54030c2000
18294 <... munmap resumed>)             = 0
18292 munmap(0x7f53faea8000, 16384 <unfinished ...>
18290 <... munmap resumed>)             = 0
18286 munmap(0x7f53faea4000, 16384 <unfinished ...>
18296 munmap(0x7f54030c2000, 16384 <unfinished ...>
18295 <... munmap resumed>)             = 0
18294 mmap(NULL, 16384, PROT_READ|PROT_WRITE, MAP_PRIVATE|MAP_ANONYMOUS|MAP_NORESERVE, -1, 0 <unfinished ...>
18291 <... munmap resumed>)             = 0
18299 <... mmap resumed>)               = 0x7f53faeac000
18296 <... munmap resumed>)             = 0
18295 mmap(NULL, 16384, PROT_READ|PROT_WRITE, MAP_PRIVATE|MAP_ANONYMOUS|MAP_NORESERVE, -1, 0 <unfinished ...>
18292 <... munmap resumed>)             = 0
18299 munmap(0x7f53faeac000, 16384 <unfinished ...>
18291 mmap(NULL, 16384, PROT_READ|PROT_WRITE, MAP_PRIVATE|MAP_ANONYMOUS|MAP_NORESERVE, -1, 0 <unfinished ...>
18290 mmap(NULL, 16384, PROT_READ|PROT_WRITE, MAP_PRIVATE|MAP_ANONYMOUS|MAP_NORESERVE, -1, 0 <unfinished ...>
18286 <... munmap resumed>)             = 0
18296 mmap(NULL, 16384, PROT_READ|PROT_WRITE, MAP_PRIVATE|MAP_ANONYMOUS|MAP_NORESERVE, -1, 0 <unfinished ...>
18292 mmap(NULL, 16384, PROT_READ|PROT_WRITE, MAP_PRIVATE|MAP_ANONYMOUS|MAP_NORESERVE, -1, 0 <unfinished ...>
18289 <... mmap resumed>)               = 0x7f54030c2000
18288 <... munmap resumed>)             = 0
18286 mmap(NULL, 16384, PROT_READ|PROT_WRITE, MAP_PRIVATE|MAP_ANONYMOUS|MAP_NORESERVE, -1, 0 <unfinished ...>
18300 <... mmap resumed>)               = 0x7f53faea8000
18288 mmap(NULL, 16384, PROT_READ|PROT_WRITE, MAP_PRIVATE|MAP_ANONYMOUS|MAP_NORESERVE, -1, 0 <unfinished ...>
18289 munmap(0x7f54030c2000, 16384 <unfinished ...>
18300 munmap(0x7f53faea8000, 16384 <unfinished ...>
18293 <... mmap resumed>)               = 0x7f53faea4000
18297 <... mmap resumed>)               = 0x7f53fae98000
18286 <... mmap resumed>)               = 0x7f53faea0000
18297 munmap(0x7f53fae98000, 16384 <unfinished ...>
18293 munmap(0x7f53faea4000, 16384 <unfinished ...>
18285 <... munmap resumed>)             = 0
18287 <... munmap resumed>)             = 0
18286 munmap(0x7f53faea0000, 16384 <unfinished ...>
18298 munmap(0x7f53fae9c000, 16384 <unfinished ...>
18294 <... mmap resumed>)               = 0x7f53faeb4000
18287 mmap(NULL, 16384, PROT_READ|PROT_WRITE, MAP_PRIVATE|MAP_ANONYMOUS|MAP_NORESERVE, -1, 0 <unfinished ...>
18285 mmap(NULL, 16384, PROT_READ|PROT_WRITE, MAP_PRIVATE|MAP_ANONYMOUS|MAP_NORESERVE, -1, 0 <unfinished ...>
18299 <... munmap resumed>)             = 0
18294 munmap(0x7f53faeb4000, 16384 <unfinished ...>
18291 <... mmap resumed>)               = 0x7f53faeb0000
18299 mmap(NULL, 16384, PROT_READ|PROT_WRITE, MAP_PRIVATE|MAP_ANONYMOUS|MAP_NORESERVE, -1, 0 <unfinished ...>
18298 <... munmap resumed>)             = 0
18295 <... mmap resumed>)               = 0x7f53fae94000
18287 <... mmap resumed>)               = 0x7f53faeac000
18285 <... mmap resumed>)               = 0x7f53fae9c000
18298 mmap(NULL, 16384, PROT_READ|PROT_WRITE, MAP_PRIVATE|MAP_ANONYMOUS|MAP_NORESERVE, -1, 0 <unfinished ...>
18294 <... munmap resumed>)             = 0
18298 <... mmap resumed>)               = 0x7f53fae90000
18296 <... mmap resumed>)               = 0x7f53fae8c000
18295 munmap(0x7f53fae94000, 16384 <unfinished ...>
18292 <... mmap resumed>)               = 0x7f53fae84000
18291 munmap(0x7f53faeb0000, 16384 <unfinished ...>
18290 <... mmap resumed>)               = 0x7f53faeb4000
18299 <... mmap resumed>)               = 0x7f53fae88000
18298 munmap(0x7f53fae90000, 16384 <unfinished ...>
18294 mmap(NULL, 16384, PROT_READ|PROT_WRITE, MAP_PRIVATE|MAP_ANONYMOUS|MAP_NORESERVE, -1, 0 <unfinished ...>
18289 <... munmap resumed>)             = 0
18288 <... mmap resumed>)               = 0x7f54030c2000
18287 munmap(0x7f53faeac000, 16384 <unfinished ...>
18285 munmap(0x7f53fae9c000, 16384 <unfinished ...>
18300 <... munmap resumed>)             = 0
18296 munmap(0x7f53fae8c000, 16384 <unfinished ...>
18290 munmap(0x7f53faeb4000, 16384 <unfinished ...>
18299 munmap(0x7f53fae88000, 16384 <unfinished ...>
18298 <... munmap resumed>)             = 0
18289 mmap(NULL, 16384, PROT_READ|PROT_WRITE, MAP_PRIVATE|MAP_ANONYMOUS|MAP_NORESERVE, -1, 0 <unfinished ...>
18300 mmap(NULL, 16384, PROT_READ|PROT_WRITE, MAP_PRIVATE|MAP_ANONYMOUS|MAP_NORESERVE, -1, 0 <unfinished ...>
18292 munmap(0x7f53fae84000, 16384 <unfinished ...>
18298 mmap(NULL, 16384, PROT_READ|PROT_WRITE, MAP_PRIVATE|MAP_ANONYMOUS|MAP_NORESERVE, -1, 0 <unfinished ...>
18293 <... munmap resumed>)             = 0
18293 mmap(NULL, 16384, PROT_READ|PROT_WRITE, MAP_PRIVATE|MAP_ANONYMOUS|MAP_NORESERVE, -1, 0 <unfinished ...>
18292 <... munmap resumed>)             = 0
18297 <... munmap resumed>)             = 0
18293 <... mmap resumed>)               = 0x7f53faea8000
18292 mmap(NULL, 16384, PROT_READ|PROT_WRITE, MAP_PRIVATE|MAP_ANONYMOUS|MAP_NORESERVE, -1, 0 <unfinished ...>
18297 mmap(NULL, 16384, PROT_READ|PROT_WRITE, MAP_PRIVATE|MAP_ANONYMOUS|MAP_NORESERVE, -1, 0 <unfinished ...>
18293 munmap(0x7f53faea8000, 16384 <unfinished ...>
18292 <... mmap resumed>)               = 0x7f53faea4000
18286 <... munmap resumed>)             = 0
18295 <... munmap resumed>)             = 0
18295 mmap(NULL, 16384, PROT_READ|PROT_WRITE, MAP_PRIVATE|MAP_ANONYMOUS|MAP_NORESERVE, -1, 0 <unfinished ...>
18286 mmap(NULL, 16384, PROT_READ|PROT_WRITE, MAP_PRIVATE|MAP_ANONYMOUS|MAP_NORESERVE, -1, 0 <unfinished ...>
18293 <... munmap resumed>)             = 0
18295 <... mmap resumed>)               = 0x7f53faea8000
18293 mmap(NULL, 16384, PROT_READ|PROT_WRITE, MAP_PRIVATE|MAP_ANONYMOUS|MAP_NORESERVE, -1, 0 <unfinished ...>
18286 <... mmap resumed>)               = 0x7f53faea0000
18295 munmap(0x7f53faea8000, 16384 <unfinished ...>
18293 <... mmap resumed>)               = 0x7f53fae94000
18295 <... munmap resumed>)             = 0
18294 <... mmap resumed>)               = 0x7f53fae98000
18286 munmap(0x7f53faea0000, 16384 <unfinished ...>
18291 <... munmap resumed>)             = 0
18295 mmap(NULL, 16384, PROT_READ|PROT_WRITE, MAP_PRIVATE|MAP_ANONYMOUS|MAP_NORESERVE, -1, 0 <unfinished ...>
18294 munmap(0x7f53fae98000, 16384 <unfinished ...>
18293 munmap(0x7f53fae94000, 16384 <unfinished ...>
18291 mmap(NULL, 16384, PROT_READ|PROT_WRITE, MAP_PRIVATE|MAP_ANONYMOUS|MAP_NORESERVE, -1, 0 <unfinished ...>
18287 <... munmap resumed>)             = 0
18288 munmap(0x7f54030c2000, 16384 <unfinished ...>
18292 munmap(0x7f53faea4000, 16384 <unfinished ...>
18287 mmap(NULL, 16384, PROT_READ|PROT_WRITE, MAP_PRIVATE|MAP_ANONYMOUS|MAP_NORESERVE, -1, 0 <unfinished ...>
18296 <... munmap resumed>)             = 0
18296 mmap(NULL, 16384, PROT_READ|PROT_WRITE, MAP_PRIVATE|MAP_ANONYMOUS|MAP_NORESERVE, -1, 0 <unfinished ...>
18292 <... munmap resumed>)             = 0
18288 <... munmap resumed>)             = 0
18299 <... munmap resumed>)             = 0
18299 mmap(NULL, 16384, PROT_READ|PROT_WRITE, MAP_PRIVATE|MAP_ANONYMOUS|MAP_NORESERVE, -1, 0 <unfinished ...>
18296 <... mmap resumed>)               = 0x7f54030c2000
18292 mmap(NULL, 16384, PROT_READ|PROT_WRITE, MAP_PRIVATE|MAP_ANONYMOUS|MAP_NORESERVE, -1, 0 <unfinished ...>
18285 <... munmap resumed>)             = 0
18290 <... munmap resumed>)             = 0
18288 mmap(NULL, 16384, PROT_READ|PROT_WRITE, MAP_PRIVATE|MAP_ANONYMOUS|MAP_NORESERVE, -1, 0 <unfinished ...>
18299 <... mmap resumed>)               = 0x7f53faeb4000
18292 <... mmap resumed>)               = 0x7f53faeb0000
18299 munmap(0x7f53faeb4000, 16384 <unfinished ...>
18289 <... mmap resumed>)               = 0x7f53faeac000
18300 <... mmap resumed>)               = 0x7f53faea8000
18298 <... mmap resumed>)               = 0x7f53faea4000
18288 <... mmap resumed>)               = 0x7f53faeb4000
18285 mmap(NULL, 16384, PROT_READ|PROT_WRITE, MAP_PRIVATE|MAP_ANONYMOUS|MAP_NORESERVE, -1, 0 <unfinished ...>
18299 <... munmap resumed>)             = 0
18292 munmap(0x7f53faeb0000, 16384 <unfinished ...>
18290 mmap(NULL, 16384, PROT_READ|PROT_WRITE, MAP_PRIVATE|MAP_ANONYMOUS|MAP_NORESERVE, -1, 0 <unfinished ...>
18288 munmap(0x7f53faeb4000, 16384 <unfinished ...>
18300 munmap(0x7f53faea8000, 16384 <unfinished ...>
18297 <... mmap resumed>)               = 0x7f53fae9c000
18299 mmap(NULL, 16384, PROT_READ|PROT_WRITE, MAP_PRIVATE|MAP_ANONYMOUS|MAP_NORESERVE, -1, 0 <unfinished ...>
18298 munmap(0x7f53faea4000, 16384 <unfinished ...>
18295 <... mmap resumed>)               = 0x7f53faea0000
18286 <... munmap resumed>)             = 0
18285 <... mmap resumed>)               = 0x7f53fae90000
18300 <... munmap resumed>)             = 0
18297 munmap(0x7f53fae9c000, 16384 <unfinished ...>
18295 munmap(0x7f53faea0000, 16384 <unfinished ...>
18286 mmap(NULL, 16384, PROT_READ|PROT_WRITE, MAP_PRIVATE|MAP_ANONYMOUS|MAP_NORESERVE, -1, 0 <unfinished ...>
18300 mmap(NULL, 16384, PROT_READ|PROT_WRITE, MAP_PRIVATE|MAP_ANONYMOUS|MAP_NORESERVE, -1, 0 <unfinished ...>
18285 munmap(0x7f53fae90000, 16384 <unfinished ...>
18293 <... munmap resumed>)             = 0
18286 <... mmap resumed>)               = 0x7f53faea8000
18294 <... munmap resumed>)             = 0
18293 mmap(NULL, 16384, PROT_READ|PROT_WRITE, MAP_PRIVATE|MAP_ANONYMOUS|MAP_NORESERVE, -1, 0 <unfinished ...>
18294 mmap(NULL, 16384, PROT_READ|PROT_WRITE, MAP_PRIVATE|MAP_ANONYMOUS|MAP_NORESERVE, -1, 0 <unfinished ...>
18291 <... mmap resumed>)               = 0x7f53fae98000
18286 munmap(0x7f53faea8000, 16384 <unfinished ...>
18296 munmap(0x7f54030c2000, 16384 <unfinished ...>
18289 munmap(0x7f53faeac000, 16384 <unfinished ...>
18287 <... mmap resumed>)               = 0x7f53fae94000
18291 munmap(0x7f53fae98000, 16384 <unfinished ...>
18287 munmap(0x7f53fae94000, 16384 <unfinished ...>
18292 <... munmap resumed>)             = 0
18287 <... munmap resumed>)             = 0
18290 <... mmap resumed>)               = 0x7f53faeb4000
18288 <... munmap resumed>)             = 0
18287 mmap(NULL, 16384, PROT_READ|PROT_WRITE, MAP_PRIVATE|MAP_ANONYMOUS|MAP_NORESERVE, -1, 0 <unfinished ...>
18299 <... mmap resumed>)               = 0x7f53faeb0000
18292 mmap(NULL, 16384, PROT_READ|PROT_WRITE, MAP_PRIVATE|MAP_ANONYMOUS|MAP_NORESERVE, -1, 0 <unfinished ...>
18288 mmap(NULL, 16384, PROT_READ|PROT_WRITE, MAP_PRIVATE|MAP_ANONYMOUS|MAP_NORESERVE, -1, 0 <unfinished ...>
18287 <... mmap resumed>)               = 0x7f53fae94000
18298 <... munmap resumed>)             = 0
18290 munmap(0x7f53faeb4000, 16384 <unfinished ...>
18299 munmap(0x7f53faeb0000, 16384 <unfinished ...>
18298 mmap(NULL, 16384, PROT_READ|PROT_WRITE, MAP_PRIVATE|MAP_ANONYMOUS|MAP_NORESERVE, -1, 0 <unfinished ...>
18287 munmap(0x7f53fae94000, 16384 <unfinished ...>
18300 <... mmap resumed>)               = 0x7f53faea4000
18295 <... munmap resumed>)             = 0
18300 munmap(0x7f53faea4000, 16384 <unfinished ...>
18299 <... munmap resumed>)             = 0
18285 <... munmap resumed>)             = 0
18297 <... munmap resumed>)             = 0
18295 mmap(NULL, 16384, PROT_READ|PROT_WRITE, MAP_PRIVATE|MAP_ANONYMOUS|MAP_NORESERVE, -1, 0 <unfinished ...>
18297 mmap(NULL, 16384, PROT_READ|PROT_WRITE, MAP_PRIVATE|MAP_ANONYMOUS|MAP_NORESERVE, -1, 0 <unfinished ...>
18294 <... mmap resumed>)               = 0x7f53faeb0000
18300 <... munmap resumed>)             = 0
18299 mmap(NULL, 16384, PROT_READ|PROT_WRITE, MAP_PRIVATE|MAP_ANONYMOUS|MAP_NORESERVE, -1, 0 <unfinished ...>
18295 <... mmap resumed>)               = 0x7f53faea4000
18294 munmap(0x7f53faeb0000, 16384 <unfinished ...>
18285 mmap(NULL, 16384, PROT_READ|PROT_WRITE, MAP_PRIVATE|MAP_ANONYMOUS|MAP_NORESERVE, -1, 0 <unfinished ...>
18293 <... mmap resumed>)               = 0x7f53faea0000
18286 <... munmap resumed>)             = 0
18300 mmap(NULL, 16384, PROT_READ|PROT_WRITE, MAP_PRIVATE|MAP_ANONYMOUS|MAP_NORESERVE, -1, 0 <unfinished ...>
18299 <... mmap resumed>)               = 0x7f53faea8000
18295 munmap(0x7f53faea4000, 16384 <unfinished ...>
18286 mmap(NULL, 16384, PROT_READ|PROT_WRITE, MAP_PRIVATE|MAP_ANONYMOUS|MAP_NORESERVE, -1, 0 <unfinished ...>
18299 munmap(0x7f53faea8000, 16384 <unfinished ...>
18293 munmap(0x7f53faea0000, 16384 <unfinished ...>
18289 <... munmap resumed>)             = 0
18289 mmap(NULL, 16384, PROT_READ|PROT_WRITE, MAP_PRIVATE|MAP_ANONYMOUS|MAP_NORESERVE, -1, 0 <unfinished ...>
18291 <... munmap resumed>)             = 0
18299 <... munmap resumed>)             = 0
18291 mmap(NULL, 16384, PROT_READ|PROT_WRITE, MAP_PRIVATE|MAP_ANONYMOUS|MAP_NORESERVE, -1, 0 <unfinished ...>
18296 <... munmap resumed>)             = 0
18292 <... mmap resumed>)               = 0x7f54030c2000
18299 mmap(NULL, 16384, PROT_READ|PROT_WRITE, MAP_PRIVATE|MAP_ANONYMOUS|MAP_NORESERVE, -1, 0 <unfinished ...>
18296 mmap(NULL, 16384, PROT_READ|PROT_WRITE, MAP_PRIVATE|MAP_ANONYMOUS|MAP_NORESERVE, -1, 0 <unfinished ...>
18291 <... mmap resumed>)               = 0x7f53faea8000
18288 <... mmap resumed>)               = 0x7f53faeac000
18298 <... mmap resumed>)               = 0x7f53faeb4000
18290 <... munmap resumed>)             = 0
18299 <... mmap resumed>)               = 0x7f53fae9c000
18298 munmap(0x7f53faeb4000, 16384 <unfinished ...>
18297 <... mmap resumed>)               = 0x7f53fae98000
18291 munmap(0x7f53faea8000, 16384 <unfinished ...>
18290 mmap(NULL, 16384, PROT_READ|PROT_WRITE, MAP_PRIVATE|MAP_ANONYMOUS|MAP_NORESERVE, -1, 0 <unfinished ...>
18288 munmap(0x7f53faeac000, 16384 <unfinished ...>
18287 <... munmap resumed>)             = 0
18299 munmap(0x7f53fae9c000, 16384 <unfinished ...>
18297 munmap(0x7f53fae98000, 16384 <unfinished ...>
18294 <... munmap resumed>)             = 0
18290 <... mmap resumed>)               = 0x7f53faeb0000
18300 <... mmap resumed>)               = 0x7f53faeac000
18297 <... munmap resumed>)             = 0
18288 <... munmap resumed>)             = 0
18294 mmap(NULL, 16384, PROT_READ|PROT_WRITE, MAP_PRIVATE|MAP_ANONYMOUS|MAP_NORESERVE, -1, 0 <unfinished ...>
18285 <... mmap resumed>)               = 0x7f53fae94000
18297 mmap(NULL, 16384, PROT_READ|PROT_WRITE, MAP_PRIVATE|MAP_ANONYMOUS|MAP_NORESERVE, -1, 0 <unfinished ...>
18295 <... munmap resumed>)             = 0
18290 munmap(0x7f53faeb0000, 16384 <unfinished ...>
18288 mmap(NULL, 16384, PROT_READ|PROT_WRITE, MAP_PRIVATE|MAP_ANONYMOUS|MAP_NORESERVE, -1, 0 <unfinished ...>
18287 mmap(NULL, 16384, PROT_READ|PROT_WRITE, MAP_PRIVATE|MAP_ANONYMOUS|MAP_NORESERVE, -1, 0 <unfinished ...>
18300 munmap(0x7f53faeac000, 16384 <unfinished ...>
18295 mmap(NULL, 16384, PROT_READ|PROT_WRITE, MAP_PRIVATE|MAP_ANONYMOUS|MAP_NORESERVE, -1, 0 <unfinished ...>
18293 <... munmap resumed>)             = 0
18290 <... munmap resumed>)             = 0
18285 munmap(0x7f53fae94000, 16384 <unfinished ...>
18300 <... munmap resumed>)             = 0
18296 <... mmap resumed>)               = 0x7f53faeac000
18293 mmap(NULL, 16384, PROT_READ|PROT_WRITE, MAP_PRIVATE|MAP_ANONYMOUS|MAP_NORESERVE, -1, 0 <unfinished ...>
18289 <... mmap resumed>)               = 0x7f53faeb0000
18288 <... mmap resumed>)               = 0x7f53faea0000
18286 <... mmap resumed>)               = 0x7f53faea4000
18300 mmap(NULL, 16384, PROT_READ|PROT_WRITE, MAP_PRIVATE|MAP_ANONYMOUS|MAP_NORESERVE, -1, 0 <unfinished ...>
18298 <... munmap resumed>)             = 0
18296 munmap(0x7f53faeac000, 16384 <unfinished ...>
18292 munmap(0x7f54030c2000, 16384 <unfinished ...>
18290 mmap(NULL, 16384, PROT_READ|PROT_WRITE, MAP_PRIVATE|MAP_ANONYMOUS|MAP_NORESERVE, -1, 0 <unfinished ...>
18287 <... mmap resumed>)               = 0x7f53fae98000
18285 <... munmap resumed>)             = 0
18299 <... munmap resumed>)             = 0
18298 mmap(NULL, 16384, PROT_READ|PROT_WRITE, MAP_PRIVATE|MAP_ANONYMOUS|MAP_NORESERVE, -1, 0 <unfinished ...>
18297 <... mmap resumed>)               = 0x7f53faea8000
18294 <... mmap resumed>)               = 0x7f53faeb4000
18291 <... munmap resumed>)             = 0
18289 munmap(0x7f53faeb0000, 16384 <unfinished ...>
18288 munmap(0x7f53faea0000, 16384 <unfinished ...>
18287 munmap(0x7f53fae98000, 16384 <unfinished ...>
18300 <... mmap resumed>)               = 0x7f53fae8c000
18299 mmap(NULL, 16384, PROT_READ|PROT_WRITE, MAP_PRIVATE|MAP_ANONYMOUS|MAP_NORESERVE, -1, 0 <unfinished ...>
18298 <... mmap resumed>)               = 0x7f53fae9c000
18297 munmap(0x7f53faea8000, 16384 <unfinished ...>
18295 <... mmap resumed>)               = 0x7f54030c2000
18294 munmap(0x7f53faeb4000, 16384 <unfinished ...>
18293 <... mmap resumed>)               = 0x7f53fae90000
18292 <... munmap resumed>)             = 0
18291 mmap(NULL, 16384, PROT_READ|PROT_WRITE, MAP_PRIVATE|MAP_ANONYMOUS|MAP_NORESERVE, -1, 0 <unfinished ...>
18290 <... mmap resumed>)               = 0x7f53fae94000
18286 munmap(0x7f53faea4000, 16384 <unfinished ...>
18285 mmap(NULL, 16384, PROT_READ|PROT_WRITE, MAP_PRIVATE|MAP_ANONYMOUS|MAP_NORESERVE, -1, 0 <unfinished ...>
18300 munmap(0x7f53fae8c000, 16384 <unfinished ...>
18299 <... mmap resumed>)               = 0x7f53faeb0000
18298 munmap(0x7f53fae9c000, 16384 <unfinished ...>
18297 <... munmap resumed>)             = 0
18296 <... munmap resumed>)             = 0
18295 munmap(0x7f54030c2000, 16384 <unfinished ...>
18294 <... munmap resumed>)             = 0
18293 munmap(0x7f53fae90000, 16384 <unfinished ...>
18292 mmap(NULL, 16384, PROT_READ|PROT_WRITE, MAP_PRIVATE|MAP_ANONYMOUS|MAP_NORESERVE, -1, 0 <unfinished ...>
18289 <... munmap resumed>)             = 0
18290 munmap(0x7f53fae94000, 16384 <unfinished ...>
18291 <... mmap resumed>)               = 0x7f53faeb4000
18288 <... munmap resumed>)             = 0
18287 <... munmap resumed>)             = 0
18300 <... munmap resumed>)             = 0
18299 munmap(0x7f53faeb0000, 16384 <unfinished ...>
18298 <... munmap resumed>)             = 0
18297 mmap(NULL, 16384, PROT_READ|PROT_WRITE, MAP_PRIVATE|MAP_ANONYMOUS|MAP_NORESERVE, -1, 0 <unfinished ...>
18296 mmap(NULL, 16384, PROT_READ|PROT_WRITE, MAP_PRIVATE|MAP_ANONYMOUS|MAP_NORESERVE, -1, 0 <unfinished ...>
18295 <... munmap resumed>)             = 0
18294 mmap(NULL, 16384, PROT_READ|PROT_WRITE, MAP_PRIVATE|MAP_ANONYMOUS|MAP_NORESERVE, -1, 0 <unfinished ...>
18293 <... munmap resumed>)             = 0
18292 <... mmap resumed>)               = 0x7f54030c2000
18291 munmap(0x7f53faeb4000, 16384 <unfinished ...>
18290 <... munmap resumed>)             = 0
18289 mmap(NULL, 16384, PROT_READ|PROT_WRITE, MAP_PRIVATE|MAP_ANONYMOUS|MAP_NORESERVE, -1, 0 <unfinished ...>
18288 mmap(NULL, 16384, PROT_READ|PROT_WRITE, MAP_PRIVATE|MAP_ANONYMOUS|MAP_NORESERVE, -1, 0 <unfinished ...>
18287 mmap(NULL, 16384, PROT_READ|PROT_WRITE, MAP_PRIVATE|MAP_ANONYMOUS|MAP_NORESERVE, -1, 0 <unfinished ...>
18286 <... munmap resumed>)             = 0
18285 <... mmap resumed>)               = 0x7f53faeac000
18300 mmap(NULL, 16384, PROT_READ|PROT_WRITE, MAP_PRIVATE|MAP_ANONYMOUS|MAP_NORESERVE, -1, 0 <unfinished ...>
18299 <... munmap resumed>)             = 0
18298 mmap(NULL, 16384, PROT_READ|PROT_WRITE, MAP_PRIVATE|MAP_ANONYMOUS|MAP_NORESERVE, -1, 0 <unfinished ...>
18297 <... mmap resumed>)               = 0x7f53faeb0000
18296 <... mmap resumed>)               = 0x7f53faea8000
18295 mmap(NULL, 16384, PROT_READ|PROT_WRITE, MAP_PRIVATE|MAP_ANONYMOUS|MAP_NORESERVE, -1, 0 <unfinished ...>
18294 <... mmap resumed>)               = 0x7f53faea4000
18293 mmap(NULL, 16384, PROT_READ|PROT_WRITE, MAP_PRIVATE|MAP_ANONYMOUS|MAP_NORESERVE, -1, 0 <unfinished ...>
18292 munmap(0x7f54030c2000, 16384 <unfinished ...>
18291 <... munmap resumed>)             = 0
18290 mmap(NULL, 16384, PROT_READ|PROT_WRITE, MAP_PRIVATE|MAP_ANONYMOUS|MAP_NORESERVE, -1, 0 <unfinished ...>
18286 mmap(NULL, 16384, PROT_READ|PROT_WRITE, MAP_PRIVATE|MAP_ANONYMOUS|MAP_NORESERVE, -1, 0 <unfinished ...>
18299 mmap(NULL, 16384, PROT_READ|PROT_WRITE, MAP_PRIVATE|MAP_ANONYMOUS|MAP_NORESERVE, -1, 0 <unfinished ...>
18297 munmap(0x7f53faeb0000, 16384 <unfinished ...>
18296 munmap(0x7f53faea8000, 16384 <unfinished ...>
18294 munmap(0x7f53faea4000, 16384 <unfinished ...>
18289 <... mmap resumed>)               = 0x7f53faeb4000
18288 <... mmap resumed>)               = 0x7f53faea0000
18287 <... mmap resumed>)               = 0x7f53fae9c000
18285 munmap(0x7f53faeac000, 16384 <unfinished ...>
18296 <... munmap resumed>)             = 0
18292 <... munmap resumed>)             = 0
18291 mmap(NULL, 16384, PROT_READ|PROT_WRITE, MAP_PRIVATE|MAP_ANONYMOUS|MAP_NORESERVE, -1, 0 <unfinished ...>
18290 <... mmap resumed>)               = 0x7f54030c2000
18292 mmap(NULL, 16384, PROT_READ|PROT_WRITE, MAP_PRIVATE|MAP_ANONYMOUS|MAP_NORESERVE, -1, 0 <unfinished ...>
18289 munmap(0x7f53faeb4000, 16384 <unfinished ...>
18288 munmap(0x7f53faea0000, 16384 <unfinished ...>
18287 munmap(0x7f53fae9c000, 16384 <unfinished ...>
18300 <... mmap resumed>)               = 0x7f53faea8000
18298 <... mmap resumed>)               = 0x7f53faea4000
18296 mmap(NULL, 16384, PROT_READ|PROT_WRITE, MAP_PRIVATE|MAP_ANONYMOUS|MAP_NORESERVE, -1, 0 <unfinished ...>
18295 <... mmap resumed>)               = 0x7f53fae94000
18294 <... munmap resumed>)             = 0
18292 <... mmap resumed>)               = 0x7f53fae98000
18291 <... mmap resumed>)               = 0x7f53fae90000
18285 <... munmap resumed>)             = 0
18300 munmap(0x7f53faea8000, 16384 <unfinished ...>
18294 mmap(NULL, 16384, PROT_READ|PROT_WRITE, MAP_PRIVATE|MAP_ANONYMOUS|MAP_NORESERVE, -1, 0 <unfinished ...>
18291 munmap(0x7f53fae90000, 16384 <unfinished ...>
18298 munmap(0x7f53faea4000, 16384 <unfinished ...>
18292 munmap(0x7f53fae98000, 16384 <unfinished ...>
18287 <... munmap resumed>)             = 0
18300 <... munmap resumed>)             = 0
18299 <... mmap resumed>)               = 0x7f53faea8000
18296 <... mmap resumed>)               = 0x7f53fae9c000
18293 <... mmap resumed>)               = 0x7f53faeac000
18300 mmap(NULL, 16384, PROT_READ|PROT_WRITE, MAP_PRIVATE|MAP_ANONYMOUS|MAP_NORESERVE, -1, 0 <unfinished ...>
18299 munmap(0x7f53faea8000, 16384 <unfinished ...>
18298 <... munmap resumed>)             = 0
18287 mmap(NULL, 16384, PROT_READ|PROT_WRITE, MAP_PRIVATE|MAP_ANONYMOUS|MAP_NORESERVE, -1, 0 <unfinished ...>
18285 mmap(NULL, 16384, PROT_READ|PROT_WRITE, MAP_PRIVATE|MAP_ANONYMOUS|MAP_NORESERVE, -1, 0 <unfinished ...>
18299 <... munmap resumed>)             = 0
18298 mmap(NULL, 16384, PROT_READ|PROT_WRITE, MAP_PRIVATE|MAP_ANONYMOUS|MAP_NORESERVE, -1, 0 <unfinished ...>
18297 <... munmap resumed>)             = 0
18296 munmap(0x7f53fae9c000, 16384 <unfinished ...>
18295 munmap(0x7f53fae94000, 16384 <unfinished ...>
18293 munmap(0x7f53faeac000, 16384 <unfinished ...>
18290 munmap(0x7f54030c2000, 16384 <unfinished ...>
18289 <... munmap resumed>)             = 0
18286 <... mmap resumed>)               = 0x7f53faeb0000
18285 <... mmap resumed>)               = 0x7f53faeb4000
18299 mmap(NULL, 16384, PROT_READ|PROT_WRITE, MAP_PRIVATE|MAP_ANONYMOUS|MAP_NORESERVE, -1, 0 <unfinished ...>
18298 <... mmap resumed>)               = 0x7f53faea8000
18297 mmap(NULL, 16384, PROT_READ|PROT_WRITE, MAP_PRIVATE|MAP_ANONYMOUS|MAP_NORESERVE, -1, 0 <unfinished ...>
18294 <... mmap resumed>)               = 0x7f53faea4000
18288 <... munmap resumed>)             = 0
18298 munmap(0x7f53faea8000, 16384 <unfinished ...>
18296 <... munmap resumed>)             = 0
18294 munmap(0x7f53faea4000, 16384 <unfinished ...>
18291 <... munmap resumed>)             = 0
18289 mmap(NULL, 16384, PROT_READ|PROT_WRITE, MAP_PRIVATE|MAP_ANONYMOUS|MAP_NORESERVE, -1, 0 <unfinished ...>
18288 mmap(NULL, 16384, PROT_READ|PROT_WRITE, MAP_PRIVATE|MAP_ANONYMOUS|MAP_NORESERVE, -1, 0 <unfinished ...>
18286 munmap(0x7f53faeb0000, 16384 <unfinished ...>
18285 munmap(0x7f53faeb4000, 16384 <unfinished ...>
18296 mmap(NULL, 16384, PROT_READ|PROT_WRITE, MAP_PRIVATE|MAP_ANONYMOUS|MAP_NORESERVE, -1, 0 <unfinished ...>
18292 <... munmap resumed>)             = 0
18291 mmap(NULL, 16384, PROT_READ|PROT_WRITE, MAP_PRIVATE|MAP_ANONYMOUS|MAP_NORESERVE, -1, 0 <unfinished ...>
18286 <... munmap resumed>)             = 0
18300 <... mmap resumed>)               = 0x7f53faeb0000
18292 mmap(NULL, 16384, PROT_READ|PROT_WRITE, MAP_PRIVATE|MAP_ANONYMOUS|MAP_NORESERVE, -1, 0 <unfinished ...>
18287 <... mmap resumed>)               = 0x7f53faea0000
18286 mmap(NULL, 16384, PROT_READ|PROT_WRITE, MAP_PRIVATE|MAP_ANONYMOUS|MAP_NORESERVE, -1, 0 <unfinished ...>
18292 <... mmap resumed>)               = 0x7f53fae98000
18291 <... mmap resumed>)               = 0x7f53fae9c000
18292 munmap(0x7f53fae98000, 16384 <unfinished ...>
18287 munmap(0x7f53faea0000, 16384 <unfinished ...>
18295 <... munmap resumed>)             = 0
18292 <... munmap resumed>)             = 0
18291 munmap(0x7f53fae9c000, 16384 <unfinished ...>
18295 mmap(NULL, 16384, PROT_READ|PROT_WRITE, MAP_PRIVATE|MAP_ANONYMOUS|MAP_NORESERVE, -1, 0 <unfinished ...>
18290 <... munmap resumed>)             = 0
18287 <... munmap resumed>)             = 0
18297 <... mmap resumed>)               = 0x7f53faeac000
18295 <... mmap resumed>)               = 0x7f54030c2000
18293 <... munmap resumed>)             = 0
18292 mmap(NULL, 16384, PROT_READ|PROT_WRITE, MAP_PRIVATE|MAP_ANONYMOUS|MAP_NORESERVE, -1, 0 <unfinished ...>
18290 mmap(NULL, 16384, PROT_READ|PROT_WRITE, MAP_PRIVATE|MAP_ANONYMOUS|MAP_NORESERVE, -1, 0 <unfinished ...>
18299 <... mmap resumed>)               = 0x7f53faea0000
18297 munmap(0x7f53faeac000, 16384 <unfinished ...>
18293 mmap(NULL, 16384, PROT_READ|PROT_WRITE, MAP_PRIVATE|MAP_ANONYMOUS|MAP_NORESERVE, -1, 0 <unfinished ...>
18291 <... munmap resumed>)             = 0
18287 mmap(NULL, 16384, PROT_READ|PROT_WRITE, MAP_PRIVATE|MAP_ANONYMOUS|MAP_NORESERVE, -1, 0 <unfinished ...>
18298 <... munmap resumed>)             = 0
18290 <... mmap resumed>)               = 0x7f53faea8000
18291 mmap(NULL, 16384, PROT_READ|PROT_WRITE, MAP_PRIVATE|MAP_ANONYMOUS|MAP_NORESERVE, -1, 0 <unfinished ...>
18298 mmap(NULL, 16384, PROT_READ|PROT_WRITE, MAP_PRIVATE|MAP_ANONYMOUS|MAP_NORESERVE, -1, 0 <unfinished ...>
18297 <... munmap resumed>)             = 0
18294 <... munmap resumed>)             = 0
18287 <... mmap resumed>)               = 0x7f53faeac000
18291 <... mmap resumed>)               = 0x7f53faea4000
18298 <... mmap resumed>)               = 0x7f53fae98000
18297 mmap(NULL, 16384, PROT_READ|PROT_WRITE, MAP_PRIVATE|MAP_ANONYMOUS|MAP_NORESERVE, -1, 0 <unfinished ...>
18289 <... mmap resumed>)               = 0x7f53fae9c000
18294 mmap(NULL, 16384, PROT_READ|PROT_WRITE, MAP_PRIVATE|MAP_ANONYMOUS|MAP_NORESERVE, -1, 0 <unfinished ...>
18291 munmap(0x7f53faea4000, 16384 <unfinished ...>
18288 <... mmap resumed>)               = 0x7f53fae94000
18287 munmap(0x7f53faeac000, 16384 <unfinished ...>
18300 munmap(0x7f53faeb0000, 16384 <unfinished ...>
18295 munmap(0x7f54030c2000, 16384 <unfinished ...>
18289 munmap(0x7f53fae9c000, 16384 <unfinished ...>
18288 munmap(0x7f53fae94000, 16384 <unfinished ...>
18285 <... munmap resumed>)             = 0
18299 munmap(0x7f53faea0000, 16384 <unfinished ...>
18298 munmap(0x7f53fae98000, 16384 <unfinished ...>
18296 <... mmap resumed>)               = 0x7f53faeb4000
18290 munmap(0x7f53faea8000, 16384 <unfinished ...>
18285 mmap(NULL, 16384, PROT_READ|PROT_WRITE, MAP_PRIVATE|MAP_ANONYMOUS|MAP_NORESERVE, -1, 0 <unfinished ...>
18295 <... munmap resumed>)             = 0
18290 <... munmap resumed>)             = 0
18286 <... mmap resumed>)               = 0x7f54030c2000
18299 <... munmap resumed>)             = 0
18296 munmap(0x7f53faeb4000, 16384 <unfinished ...>
18295 mmap(NULL, 16384, PROT_READ|PROT_WRITE, MAP_PRIVATE|MAP_ANONYMOUS|MAP_NORESERVE, -1, 0 <unfinished ...>
18298 <... munmap resumed>)             = 0
18290 mmap(NULL, 16384, PROT_READ|PROT_WRITE, MAP_PRIVATE|MAP_ANONYMOUS|MAP_NORESERVE, -1, 0 <unfinished ...>
18299 mmap(NULL, 16384, PROT_READ|PROT_WRITE, MAP_PRIVATE|MAP_ANONYMOUS|MAP_NORESERVE, -1, 0 <unfinished ...>
18293 <... mmap resumed>)               = 0x7f53faea0000
18292 <... mmap resumed>)               = 0x7f53faea8000
18286 munmap(0x7f54030c2000, 16384 <unfinished ...>
18299 <... mmap resumed>)               = 0x7f53fae98000
18298 mmap(NULL, 16384, PROT_READ|PROT_WRITE, MAP_PRIVATE|MAP_ANONYMOUS|MAP_NORESERVE, -1, 0 <unfinished ...>
18297 <... mmap resumed>)               = 0x7f53faeb4000
18296 <... munmap resumed>)             = 0
18294 <... mmap resumed>)               = 0x7f53fae90000
18291 <... munmap resumed>)             = 0
18290 <... mmap resumed>)               = 0x7f53fae8c000
18300 <... munmap resumed>)             = 0
18299 munmap(0x7f53fae98000, 16384 <unfinished ...>
18297 munmap(0x7f53faeb4000, 16384 <unfinished ...>
18294 munmap(0x7f53fae90000, 16384 <unfinished ...>
18289 <... munmap resumed>)             = 0
18287 <... munmap resumed>)             = 0
18286 <... munmap resumed>)             = 0
18300 mmap(NULL, 16384, PROT_READ|PROT_WRITE, MAP_PRIVATE|MAP_ANONYMOUS|MAP_NORESERVE, -1, 0 <unfinished ...>
18296 mmap(NULL, 16384, PROT_READ|PROT_WRITE, MAP_PRIVATE|MAP_ANONYMOUS|MAP_NORESERVE, -1, 0 <unfinished ...>
18291 mmap(NULL, 16384, PROT_READ|PROT_WRITE, MAP_PRIVATE|MAP_ANONYMOUS|MAP_NORESERVE, -1, 0 <unfinished ...>
18290 munmap(0x7f53fae8c000, 16384 <unfinished ...>
18289 mmap(NULL, 16384, PROT_READ|PROT_WRITE, MAP_PRIVATE|MAP_ANONYMOUS|MAP_NORESERVE, -1, 0 <unfinished ...>
18287 mmap(NULL, 16384, PROT_READ|PROT_WRITE, MAP_PRIVATE|MAP_ANONYMOUS|MAP_NORESERVE, -1, 0 <unfinished ...>
18286 mmap(NULL, 16384, PROT_READ|PROT_WRITE, MAP_PRIVATE|MAP_ANONYMOUS|MAP_NORESERVE, -1, 0 <unfinished ...>
18295 <... mmap resumed>)               = 0x7f53faeac000
18292 munmap(0x7f53faea8000, 16384 <unfinished ...>
18289 <... mmap resumed>)               = 0x7f54030c2000
18288 <... munmap resumed>)             = 0
18285 <... mmap resumed>)               = 0x7f53faeb0000
18298 <... mmap resumed>)               = 0x7f53faea4000
18295 munmap(0x7f53faeac000, 16384 <unfinished ...>
18293 munmap(0x7f53faea0000, 16384 <unfinished ...>
18292 <... munmap resumed>)             = 0
18290 <... munmap resumed>)             = 0
18298 munmap(0x7f53faea4000, 16384 <unfinished ...>
18292 mmap(NULL, 16384, PROT_READ|PROT_WRITE, MAP_PRIVATE|MAP_ANONYMOUS|MAP_NORESERVE, -1, 0 <unfinished ...>
18288 mmap(NULL, 16384, PROT_READ|PROT_WRITE, MAP_PRIVATE|MAP_ANONYMOUS|MAP_NORESERVE, -1, 0 <unfinished ...>
18290 mmap(NULL, 16384, PROT_READ|PROT_WRITE, MAP_PRIVATE|MAP_ANONYMOUS|MAP_NORESERVE, -1, 0 <unfinished ...>
18285 munmap(0x7f53faeb0000, 16384 <unfinished ...>
18299 <... munmap resumed>)             = 0
18289 munmap(0x7f54030c2000, 16384 <unfinished ...>
18294 <... munmap resumed>)             = 0
18296 <... mmap resumed>)               = 0x7f53faea8000
18294 mmap(NULL, 16384, PROT_READ|PROT_WRITE, MAP_PRIVATE|MAP_ANONYMOUS|MAP_NORESERVE, -1, 0 <unfinished ...>
18299 mmap(NULL, 16384, PROT_READ|PROT_WRITE, MAP_PRIVATE|MAP_ANONYMOUS|MAP_NORESERVE, -1, 0 <unfinished ...>
18296 munmap(0x7f53faea8000, 16384 <unfinished ...>
18289 <... munmap resumed>)             = 0
18299 <... mmap resumed>)               = 0x7f54030c2000
18297 <... munmap resumed>)             = 0
18289 mmap(NULL, 16384, PROT_READ|PROT_WRITE, MAP_PRIVATE|MAP_ANONYMOUS|MAP_NORESERVE, -1, 0 <unfinished ...>
18297 mmap(NULL, 16384, PROT_READ|PROT_WRITE, MAP_PRIVATE|MAP_ANONYMOUS|MAP_NORESERVE, -1, 0 <unfinished ...>
18296 <... munmap resumed>)             = 0
18291 <... mmap resumed>)               = 0x7f53faeb4000
18300 <... mmap resumed>)               = 0x7f53faea8000
18297 <... mmap resumed>)               = 0x7f53fae98000
18289 <... mmap resumed>)               = 0x7f53fae9c000
18296 mmap(NULL, 16384, PROT_READ|PROT_WRITE, MAP_PRIVATE|MAP_ANONYMOUS|MAP_NORESERVE, -1, 0 <unfinished ...>
18291 munmap(0x7f53faeb4000, 16384 <unfinished ...>
18287 <... mmap resumed>)               = 0x7f53fae94000
18300 munmap(0x7f53faea8000, 16384 <unfinished ...>
18289 munmap(0x7f53fae9c000, 16384 <unfinished ...>
18286 <... mmap resumed>)               = 0x7f53fae90000
18297 munmap(0x7f53fae98000, 16384 <unfinished ...>
18287 munmap(0x7f53fae94000, 16384 <unfinished ...>
18295 <... munmap resumed>)             = 0
18286 munmap(0x7f53fae90000, 16384 <unfinished ...>
18297 <... munmap resumed>)             = 0
18295 mmap(NULL, 16384, PROT_READ|PROT_WRITE, MAP_PRIVATE|MAP_ANONYMOUS|MAP_NORESERVE, -1, 0 <unfinished ...>
18293 <... munmap resumed>)             = 0
18297 mmap(NULL, 16384, PROT_READ|PROT_WRITE, MAP_PRIVATE|MAP_ANONYMOUS|MAP_NORESERVE, -1, 0 <unfinished ...>
18293 mmap(NULL, 16384, PROT_READ|PROT_WRITE, MAP_PRIVATE|MAP_ANONYMOUS|MAP_NORESERVE, -1, 0 <unfinished ...>
18298 <... munmap resumed>)             = 0
18293 <... mmap resumed>)               = 0x7f53faeac000
18298 mmap(NULL, 16384, PROT_READ|PROT_WRITE, MAP_PRIVATE|MAP_ANONYMOUS|MAP_NORESERVE, -1, 0 <unfinished ...>
18295 <... mmap resumed>)               = 0x7f53faea0000
18290 <... mmap resumed>)               = 0x7f53faea4000
18290 munmap(0x7f53faea4000, 16384 <unfinished ...>
18298 <... mmap resumed>)               = 0x7f53fae98000
18298 munmap(0x7f53fae98000, 16384 <unfinished ...>
18295 munmap(0x7f53faea0000, 16384 <unfinished ...>
18292 <... mmap resumed>)               = 0x7f53fae8c000
18290 <... munmap resumed>)             = 0
18295 <... munmap resumed>)             = 0
18288 <... mmap resumed>)               = 0x7f53faeb0000
18285 <... munmap resumed>)             = 0
18299 munmap(0x7f54030c2000, 16384 <unfinished ...>
18296 <... mmap resumed>)               = 0x7f53faea0000
18295 mmap(NULL, 16384, PROT_READ|PROT_WRITE, MAP_PRIVATE|MAP_ANONYMOUS|MAP_NORESERVE, -1, 0 <unfinished ...>
18294 <... mmap resumed>)               = 0x7f53faea4000
18293 munmap(0x7f53faeac000, 16384 <unfinished ...>
18292 munmap(0x7f53fae8c000, 16384 <unfinished ...>
18290 mmap(NULL, 16384, PROT_READ|PROT_WRITE, MAP_PRIVATE|MAP_ANONYMOUS|MAP_NORESERVE, -1, 0 <unfinished ...>
18288 munmap(0x7f53faeb0000, 16384 <unfinished ...>
18285 mmap(NULL, 16384, PROT_READ|PROT_WRITE, MAP_PRIVATE|MAP_ANONYMOUS|MAP_NORESERVE, -1, 0 <unfinished ...>
18300 <... munmap resumed>)             = 0
18294 munmap(0x7f53faea4000, 16384 <unfinished ...>
18289 <... munmap resumed>)             = 0
18296 munmap(0x7f53faea0000, 16384 <unfinished ...>
18300 mmap(NULL, 16384, PROT_READ|PROT_WRITE, MAP_PRIVATE|MAP_ANONYMOUS|MAP_NORESERVE, -1, 0) = 0x7f53faea8000
18287 <... munmap resumed>)             = 0
18300 munmap(0x7f53faea8000, 16384 <unfinished ...>
18294 <... munmap resumed>)             = 0
18289 mmap(NULL, 16384, PROT_READ|PROT_WRITE, MAP_PRIVATE|MAP_ANONYMOUS|MAP_NORESERVE, -1, 0 <unfinished ...>
18285 <... mmap resumed>)               = 0x7f53fae9c000
18294 mmap(NULL, 16384, PROT_READ|PROT_WRITE, MAP_PRIVATE|MAP_ANONYMOUS|MAP_NORESERVE, -1, 0 <unfinished ...>
18291 <... munmap resumed>)             = 0
18287 mmap(NULL, 16384, PROT_READ|PROT_WRITE, MAP_PRIVATE|MAP_ANONYMOUS|MAP_NORESERVE, -1, 0 <unfinished ...>
18285 munmap(0x7f53fae9c000, 16384 <unfinished ...>
18291 mmap(NULL, 16384, PROT_READ|PROT_WRITE, MAP_PRIVATE|MAP_ANONYMOUS|MAP_NORESERVE, -1, 0 <unfinished ...>
18285 <... munmap resumed>)             = 0
18297 <... mmap resumed>)               = 0x7f53faeb4000
18285 mmap(NULL, 16384, PROT_READ|PROT_WRITE, MAP_PRIVATE|MAP_ANONYMOUS|MAP_NORESERVE, -1, 0 <unfinished ...>
18297 munmap(0x7f53faeb4000, 16384 <unfinished ...>
18286 <... munmap resumed>)             = 0
18298 <... munmap resumed>)             = 0
18297 <... munmap resumed>)             = 0
18286 mmap(NULL, 16384, PROT_READ|PROT_WRITE, MAP_PRIVATE|MAP_ANONYMOUS|MAP_NORESERVE, -1, 0 <unfinished ...>
18298 mmap(NULL, 16384, PROT_READ|PROT_WRITE, MAP_PRIVATE|MAP_ANONYMOUS|MAP_NORESERVE, -1, 0 <unfinished ...>
18295 <... mmap resumed>)               = 0x7f53faeb4000
18297 mmap(NULL, 16384, PROT_READ|PROT_WRITE, MAP_PRIVATE|MAP_ANONYMOUS|MAP_NORESERVE, -1, 0 <unfinished ...>
18298 <... mmap resumed>)               = 0x7f53faea4000
18286 <... mmap resumed>)               = 0x7f54030c2000
18299 <... munmap resumed>)             = 0
18295 munmap(0x7f53faeb4000, 16384 <unfinished ...>
18290 <... mmap resumed>)               = 0x7f53fae9c000
18299 mmap(NULL, 16384, PROT_READ|PROT_WRITE, MAP_PRIVATE|MAP_ANONYMOUS|MAP_NORESERVE, -1, 0 <unfinished ...>
18297 <... mmap resumed>)               = 0x7f53fae98000
18297 munmap(0x7f53fae98000, 16384 <unfinished ...>
18288 <... munmap resumed>)             = 0
18296 <... munmap resumed>)             = 0
18293 <... munmap resumed>)             = 0
18296 mmap(NULL, 16384, PROT_READ|PROT_WRITE, MAP_PRIVATE|MAP_ANONYMOUS|MAP_NORESERVE, -1, 0 <unfinished ...>
18297 <... munmap resumed>)             = 0
18293 mmap(NULL, 16384, PROT_READ|PROT_WRITE, MAP_PRIVATE|MAP_ANONYMOUS|MAP_NORESERVE, -1, 0 <unfinished ...>
18288 mmap(NULL, 16384, PROT_READ|PROT_WRITE, MAP_PRIVATE|MAP_ANONYMOUS|MAP_NORESERVE, -1, 0 <unfinished ...>
18297 mmap(NULL, 16384, PROT_READ|PROT_WRITE, MAP_PRIVATE|MAP_ANONYMOUS|MAP_NORESERVE, -1, 0 <unfinished ...>
18292 <... munmap resumed>)             = 0
18300 <... munmap resumed>)             = 0
18293 <... mmap resumed>)               = 0x7f53faeb0000
18289 <... mmap resumed>)               = 0x7f53faea8000
18300 mmap(NULL, 16384, PROT_READ|PROT_WRITE, MAP_PRIVATE|MAP_ANONYMOUS|MAP_NORESERVE, -1, 0 <unfinished ...>
18292 mmap(NULL, 16384, PROT_READ|PROT_WRITE, MAP_PRIVATE|MAP_ANONYMOUS|MAP_NORESERVE, -1, 0 <unfinished ...>
18300 <... mmap resumed>)               = 0x7f53fae98000
18297 <... mmap resumed>)               = 0x7f53faea0000
18294 <... mmap resumed>)               = 0x7f53fae94000
18288 <... mmap resumed>)               = 0x7f53faeac000
18292 <... mmap resumed>)               = 0x7f53fae90000
18291 <... mmap resumed>)               = 0x7f53fae8c000
18287 <... mmap resumed>)               = 0x7f53fae88000
18300 munmap(0x7f53fae98000, 16384 <unfinished ...>
18292 munmap(0x7f53fae90000, 16384 <unfinished ...>
18285 <... mmap resumed>)               = 0x7f53fae84000
18298 munmap(0x7f53faea4000, 16384 <unfinished ...>
18294 munmap(0x7f53fae94000, 16384 <unfinished ...>
18293 munmap(0x7f53faeb0000, 16384 <unfinished ...>
18291 munmap(0x7f53fae8c000, 16384 <unfinished ...>
18290 munmap(0x7f53fae9c000, 16384 <unfinished ...>
18289 munmap(0x7f53faea8000, 16384 <unfinished ...>
18288 munmap(0x7f53faeac000, 16384 <unfinished ...>
18286 munmap(0x7f54030c2000, 16384 <unfinished ...>
18285 munmap(0x7f53fae84000, 16384 <unfinished ...>
18298 <... munmap resumed>)             = 0
18297 munmap(0x7f53faea0000, 16384 <unfinished ...>
18295 <... munmap resumed>)             = 0
18287 munmap(0x7f53fae88000, 16384 <unfinished ...>
18299 <... mmap resumed>)               = 0x7f53faeb4000
18298 mmap(NULL, 16384, PROT_READ|PROT_WRITE, MAP_PRIVATE|MAP_ANONYMOUS|MAP_NORESERVE, -1, 0 <unfinished ...>
18290 <... munmap resumed>)             = 0
18299 munmap(0x7f53faeb4000, 16384 <unfinished ...>
18297 <... munmap resumed>)             = 0
18296 <... mmap resumed>)               = 0x7f53faea4000
18295 mmap(NULL, 16384, PROT_READ|PROT_WRITE, MAP_PRIVATE|MAP_ANONYMOUS|MAP_NORESERVE, -1, 0 <unfinished ...>
18287 <... munmap resumed>)             = 0
18285 <... munmap resumed>)             = 0
18298 <... mmap resumed>)               = 0x7f53faea0000
18290 mmap(NULL, 16384, PROT_READ|PROT_WRITE, MAP_PRIVATE|MAP_ANONYMOUS|MAP_NORESERVE, -1, 0 <unfinished ...>
18300 <... munmap resumed>)             = 0
18297 mmap(NULL, 16384, PROT_READ|PROT_WRITE, MAP_PRIVATE|MAP_ANONYMOUS|MAP_NORESERVE, -1, 0 <unfinished ...>
18296 munmap(0x7f53faea4000, 16384 <unfinished ...>
18295 <... mmap resumed>)               = 0x7f53fae9c000
18287 mmap(NULL, 16384, PROT_READ|PROT_WRITE, MAP_PRIVATE|MAP_ANONYMOUS|MAP_NORESERVE, -1, 0 <unfinished ...>
18285 mmap(NULL, 16384, PROT_READ|PROT_WRITE, MAP_PRIVATE|MAP_ANONYMOUS|MAP_NORESERVE, -1, 0 <unfinished ...>
18300 mmap(NULL, 16384, PROT_READ|PROT_WRITE, MAP_PRIVATE|MAP_ANONYMOUS|MAP_NORESERVE, -1, 0 <unfinished ...>
18298 munmap(0x7f53faea0000, 16384 <unfinished ...>
18292 <... munmap resumed>)             = 0
18290 <... mmap resumed>)               = 0x7f53fae98000
18300 <... mmap resumed>)               = 0x7f53faea4000
18296 <... munmap resumed>)             = 0
18295 munmap(0x7f53fae9c000, 16384 <unfinished ...>
18292 mmap(NULL, 16384, PROT_READ|PROT_WRITE, MAP_PRIVATE|MAP_ANONYMOUS|MAP_NORESERVE, -1, 0 <unfinished ...>
18285 <... mmap resumed>)               = 0x7f53fae90000
18296 mmap(NULL, 16384, PROT_READ|PROT_WRITE, MAP_PRIVATE|MAP_ANONYMOUS|MAP_NORESERVE, -1, 0 <unfinished ...>
18294 <... munmap resumed>)             = 0
18290 munmap(0x7f53fae98000, 16384 <unfinished ...>
18296 <... mmap resumed>)               = 0x7f53faeb0000
18294 mmap(NULL, 16384, PROT_READ|PROT_WRITE, MAP_PRIVATE|MAP_ANONYMOUS|MAP_NORESERVE, -1, 0 <unfinished ...>
18293 <... munmap resumed>)             = 0
18291 <... munmap resumed>)             = 0
18285 munmap(0x7f53fae90000, 16384 <unfinished ...>
18296 munmap(0x7f53faeb0000, 16384 <unfinished ...>
18293 mmap(NULL, 16384, PROT_READ|PROT_WRITE, MAP_PRIVATE|MAP_ANONYMOUS|MAP_NORESERVE, -1, 0 <unfinished ...>
18291 mmap(NULL, 16384, PROT_READ|PROT_WRITE, MAP_PRIVATE|MAP_ANONYMOUS|MAP_NORESERVE, -1, 0 <unfinished ...>
18289 <... munmap resumed>)             = 0
18288 <... munmap resumed>)             = 0
18286 <... munmap resumed>)             = 0
18299 <... munmap resumed>)             = 0
18297 <... mmap resumed>)               = 0x7f54030c2000
18293 <... mmap resumed>)               = 0x7f53faeb4000
18287 <... mmap resumed>)               = 0x7f53faeac000
18285 <... munmap resumed>)             = 0
18299 mmap(NULL, 16384, PROT_READ|PROT_WRITE, MAP_PRIVATE|MAP_ANONYMOUS|MAP_NORESERVE, -1, 0 <unfinished ...>
18298 <... munmap resumed>)             = 0
18293 munmap(0x7f53faeb4000, 16384 <unfinished ...>
18291 <... mmap resumed>)               = 0x7f53faea8000
18289 mmap(NULL, 16384, PROT_READ|PROT_WRITE, MAP_PRIVATE|MAP_ANONYMOUS|MAP_NORESERVE, -1, 0 <unfinished ...>
18288 mmap(NULL, 16384, PROT_READ|PROT_WRITE, MAP_PRIVATE|MAP_ANONYMOUS|MAP_NORESERVE, -1, 0 <unfinished ...>
18286 mmap(NULL, 16384, PROT_READ|PROT_WRITE, MAP_PRIVATE|MAP_ANONYMOUS|MAP_NORESERVE, -1, 0 <unfinished ...>
18298 mmap(NULL, 16384, PROT_READ|PROT_WRITE, MAP_PRIVATE|MAP_ANONYMOUS|MAP_NORESERVE, -1, 0 <unfinished ...>
18291 munmap(0x7f53faea8000, 16384 <unfinished ...>
18287 munmap(0x7f53faeac000, 16384 <unfinished ...>
18285 mmap(NULL, 16384, PROT_READ|PROT_WRITE, MAP_PRIVATE|MAP_ANONYMOUS|MAP_NORESERVE, -1, 0 <unfinished ...>
18300 munmap(0x7f53faea4000, 16384 <unfinished ...>
18293 <... munmap resumed>)             = 0
18286 <... mmap resumed>)               = 0x7f53faeb4000
18295 <... munmap resumed>)             = 0
18295 mmap(NULL, 16384, PROT_READ|PROT_WRITE, MAP_PRIVATE|MAP_ANONYMOUS|MAP_NORESERVE, -1, 0 <unfinished ...>
18293 mmap(NULL, 16384, PROT_READ|PROT_WRITE, MAP_PRIVATE|MAP_ANONYMOUS|MAP_NORESERVE, -1, 0 <unfinished ...>
18286 munmap(0x7f53faeb4000, 16384 <unfinished ...>
18300 <... munmap resumed>)             = 0
18295 <... mmap resumed>)               = 0x7f53faea0000
18292 <... mmap resumed>)               = 0x7f53faea4000
18294 <... mmap resumed>)               = 0x7f53fae94000
18293 <... mmap resumed>)               = 0x7f53fae9c000
18300 mmap(NULL, 16384, PROT_READ|PROT_WRITE, MAP_PRIVATE|MAP_ANONYMOUS|MAP_NORESERVE, -1, 0 <unfinished ...>
18292 munmap(0x7f53faea4000, 16384 <unfinished ...>
18293 munmap(0x7f53fae9c000, 16384 <unfinished ...>
18286 <... munmap resumed>)             = 0
18292 <... munmap resumed>)             = 0
18290 <... munmap resumed>)             = 0
18286 mmap(NULL, 16384, PROT_READ|PROT_WRITE, MAP_PRIVATE|MAP_ANONYMOUS|MAP_NORESERVE, -1, 0 <unfinished ...>
18296 <... munmap resumed>)             = 0
18292 mmap(NULL, 16384, PROT_READ|PROT_WRITE, MAP_PRIVATE|MAP_ANONYMOUS|MAP_NORESERVE, -1, 0 <unfinished ...>
18296 mmap(NULL, 16384, PROT_READ|PROT_WRITE, MAP_PRIVATE|MAP_ANONYMOUS|MAP_NORESERVE, -1, 0 <unfinished ...>
18290 mmap(NULL, 16384, PROT_READ|PROT_WRITE, MAP_PRIVATE|MAP_ANONYMOUS|MAP_NORESERVE, -1, 0 <unfinished ...>
18299 <... mmap resumed>)               = 0x7f53faeb4000
18297 munmap(0x7f54030c2000, 16384 <unfinished ...>
18296 <... mmap resumed>)               = 0x7f53faeb0000
18295 munmap(0x7f53faea0000, 16384 <unfinished ...>
18294 munmap(0x7f53fae94000, 16384 <unfinished ...>
18299 munmap(0x7f53faeb4000, 16384 <unfinished ...>
18290 <... mmap resumed>)               = 0x7f53faea4000
18292 <... mmap resumed>)               = 0x7f53fae90000
18289 <... mmap resumed>)               = 0x7f53fae98000
18290 munmap(0x7f53faea4000, 16384 <unfinished ...>
18296 munmap(0x7f53faeb0000, 16384 <unfinished ...>
18292 munmap(0x7f53fae90000, 16384 <unfinished ...>
18289 munmap(0x7f53fae98000, 16384 <unfinished ...>
18297 <... munmap resumed>)             = 0
18296 <... munmap resumed>)             = 0
18289 <... munmap resumed>)             = 0
18288 <... mmap resumed>)               = 0x7f54030c2000
18298 <... mmap resumed>)               = 0x7f53faeb0000
18297 mmap(NULL, 16384, PROT_READ|PROT_WRITE, MAP_PRIVATE|MAP_ANONYMOUS|MAP_NORESERVE, -1, 0 <unfinished ...>
18296 mmap(NULL, 16384, PROT_READ|PROT_WRITE, MAP_PRIVATE|MAP_ANONYMOUS|MAP_NORESERVE, -1, 0 <unfinished ...>
18289 mmap(NULL, 16384, PROT_READ|PROT_WRITE, MAP_PRIVATE|MAP_ANONYMOUS|MAP_NORESERVE, -1, 0 <unfinished ...>
18291 <... munmap resumed>)             = 0
18297 <... mmap resumed>)               = 0x7f53faea8000
18289 <... mmap resumed>)               = 0x7f53fae98000
18291 mmap(NULL, 16384, PROT_READ|PROT_WRITE, MAP_PRIVATE|MAP_ANONYMOUS|MAP_NORESERVE, -1, 0 <unfinished ...>
18297 munmap(0x7f53faea8000, 16384 <unfinished ...>
18285 <... mmap resumed>)               = 0x7f53fae8c000
18289 munmap(0x7f53fae98000, 16384 <unfinished ...>
18287 <... munmap resumed>)             = 0
18285 munmap(0x7f53fae8c000, 16384 <unfinished ...>
18300 <... mmap resumed>)               = 0x7f53faeac000
18287 mmap(NULL, 16384, PROT_READ|PROT_WRITE, MAP_PRIVATE|MAP_ANONYMOUS|MAP_NORESERVE, -1, 0 <unfinished ...>
18300 munmap(0x7f53faeac000, 16384 <unfinished ...>
18293 <... munmap resumed>)             = 0
18285 <... munmap resumed>)             = 0
18287 <... mmap resumed>)               = 0x7f53fae8c000
18286 <... mmap resumed>)               = 0x7f53fae9c000
18293 mmap(NULL, 16384, PROT_READ|PROT_WRITE, MAP_PRIVATE|MAP_ANONYMOUS|MAP_NORESERVE, -1, 0 <unfinished ...>
18285 mmap(NULL, 16384, PROT_READ|PROT_WRITE, MAP_PRIVATE|MAP_ANONYMOUS|MAP_NORESERVE, -1, 0 <unfinished ...>
18300 <... munmap resumed>)             = 0
18295 <... munmap resumed>)             = 0
18294 <... munmap resumed>)             = 0
18293 <... mmap resumed>)               = 0x7f53faeac000
18286 munmap(0x7f53fae9c000, 16384 <unfinished ...>
18285 <... mmap resumed>)               = 0x7f53fae94000
18300 mmap(NULL, 16384, PROT_READ|PROT_WRITE, MAP_PRIVATE|MAP_ANONYMOUS|MAP_NORESERVE, -1, 0 <unfinished ...>
18299 <... munmap resumed>)             = 0
18295 mmap(NULL, 16384, PROT_READ|PROT_WRITE, MAP_PRIVATE|MAP_ANONYMOUS|MAP_NORESERVE, -1, 0 <unfinished ...>
18294 mmap(NULL, 16384, PROT_READ|PROT_WRITE, MAP_PRIVATE|MAP_ANONYMOUS|MAP_NORESERVE, -1, 0 <unfinished ...>
18293 munmap(0x7f53faeac000, 16384 <unfinished ...>
18290 <... munmap resumed>)             = 0
18299 mmap(NULL, 16384, PROT_READ|PROT_WRITE, MAP_PRIVATE|MAP_ANONYMOUS|MAP_NORESERVE, -1, 0 <unfinished ...>
18298 munmap(0x7f53faeb0000, 16384 <unfinished ...>
18295 <... mmap resumed>)               = 0x7f53faeb4000
18292 <... munmap resumed>)             = 0
18288 munmap(0x7f54030c2000, 16384 <unfinished ...>
18287 munmap(0x7f53fae8c000, 16384 <unfinished ...>
18285 munmap(0x7f53fae94000, 16384 <unfinished ...>
18299 <... mmap resumed>)               = 0x7f53faea0000
18296 <... mmap resumed>)               = 0x7f53faeac000
18294 <... mmap resumed>)               = 0x7f53faea4000
18293 <... munmap resumed>)             = 0
18292 mmap(NULL, 16384, PROT_READ|PROT_WRITE, MAP_PRIVATE|MAP_ANONYMOUS|MAP_NORESERVE, -1, 0 <unfinished ...>
18290 mmap(NULL, 16384, PROT_READ|PROT_WRITE, MAP_PRIVATE|MAP_ANONYMOUS|MAP_NORESERVE, -1, 0 <unfinished ...>
18299 munmap(0x7f53faea0000, 16384 <unfinished ...>
18297 <... munmap resumed>)             = 0
18297 mmap(NULL, 16384, PROT_READ|PROT_WRITE, MAP_PRIVATE|MAP_ANONYMOUS|MAP_NORESERVE, -1, 0 <unfinished ...>
18294 munmap(0x7f53faea4000, 16384 <unfinished ...>
18293 mmap(NULL, 16384, PROT_READ|PROT_WRITE, MAP_PRIVATE|MAP_ANONYMOUS|MAP_NORESERVE, -1, 0 <unfinished ...>
18291 <... mmap resumed>)               = 0x7f53faea8000
18298 <... munmap resumed>)             = 0
18291 munmap(0x7f53faea8000, 16384 <unfinished ...>
18289 <... munmap resumed>)             = 0
18286 <... munmap resumed>)             = 0
18300 <... mmap resumed>)               = 0x7f53faeb0000
18296 munmap(0x7f53faeac000, 16384 <unfinished ...>
18298 mmap(NULL, 16384, PROT_READ|PROT_WRITE, MAP_PRIVATE|MAP_ANONYMOUS|MAP_NORESERVE, -1, 0 <unfinished ...>
18295 munmap(0x7f53faeb4000, 16384 <unfinished ...>
18289 mmap(NULL, 16384, PROT_READ|PROT_WRITE, MAP_PRIVATE|MAP_ANONYMOUS|MAP_NORESERVE, -1, 0 <unfinished ...>
18286 mmap(NULL, 16384, PROT_READ|PROT_WRITE, MAP_PRIVATE|MAP_ANONYMOUS|MAP_NORESERVE, -1, 0 <unfinished ...>
18300 munmap(0x7f53faeb0000, 16384 <unfinished ...>
18298 <... mmap resumed>)               = 0x7f54030c2000
18288 <... munmap resumed>)             = 0
18287 <... munmap resumed>)             = 0
18298 munmap(0x7f54030c2000, 16384 <unfinished ...>
18292 <... mmap resumed>)               = 0x7f53fae98000
18286 <... mmap resumed>)               = 0x7f53fae9c000
18285 <... munmap resumed>)             = 0
18298 <... munmap resumed>)             = 0
18290 <... mmap resumed>)               = 0x7f53fae94000
18288 mmap(NULL, 16384, PROT_READ|PROT_WRITE, MAP_PRIVATE|MAP_ANONYMOUS|MAP_NORESERVE, -1, 0 <unfinished ...>
18287 mmap(NULL, 16384, PROT_READ|PROT_WRITE, MAP_PRIVATE|MAP_ANONYMOUS|MAP_NORESERVE, -1, 0 <unfinished ...>
18299 <... munmap resumed>)             = 0
18298 mmap(NULL, 16384, PROT_READ|PROT_WRITE, MAP_PRIVATE|MAP_ANONYMOUS|MAP_NORESERVE, -1, 0 <unfinished ...>
18292 munmap(0x7f53fae98000, 16384 <unfinished ...>
18290 munmap(0x7f53fae94000, 16384 <unfinished ...>
18288 <... mmap resumed>)               = 0x7f54030c2000
18286 munmap(0x7f53fae9c000, 16384 <unfinished ...>
18285 mmap(NULL, 16384, PROT_READ|PROT_WRITE, MAP_PRIVATE|MAP_ANONYMOUS|MAP_NORESERVE, -1, 0 <unfinished ...>
18299 mmap(NULL, 16384, PROT_READ|PROT_WRITE, MAP_PRIVATE|MAP_ANONYMOUS|MAP_NORESERVE, -1, 0 <unfinished ...>
18298 <... mmap resumed>)               = 0x7f53fae8c000
18297 <... mmap resumed>)               = 0x7f53faea4000
18294 <... munmap resumed>)             = 0
18293 <... mmap resumed>)               = 0x7f53fae90000
18291 <... munmap resumed>)             = 0
18287 <... mmap resumed>)               = 0x7f53faea0000
18298 munmap(0x7f53fae8c000, 16384 <unfinished ...>
18297 munmap(0x7f53faea4000, 16384 <unfinished ...>
18294 mmap(NULL, 16384, PROT_READ|PROT_WRITE, MAP_PRIVATE|MAP_ANONYMOUS|MAP_NORESERVE, -1, 0 <unfinished ...>
18292 <... munmap resumed>)             = 0
18286 <... munmap resumed>)             = 0
18285 <... mmap resumed>)               = 0x7f53faea8000
18296 <... munmap resumed>)             = 0
18294 <... mmap resumed>)               = 0x7f53faeac000
18293 munmap(0x7f53fae90000, 16384 <unfinished ...>
18291 mmap(NULL, 16384, PROT_READ|PROT_WRITE, MAP_PRIVATE|MAP_ANONYMOUS|MAP_NORESERVE, -1, 0 <unfinished ...>
18298 <... munmap resumed>)             = 0
18292 mmap(NULL, 16384, PROT_READ|PROT_WRITE, MAP_PRIVATE|MAP_ANONYMOUS|MAP_NORESERVE, -1, 0 <unfinished ...>
18296 mmap(NULL, 16384, PROT_READ|PROT_WRITE, MAP_PRIVATE|MAP_ANONYMOUS|MAP_NORESERVE, -1, 0 <unfinished ...>
18287 munmap(0x7f53faea0000, 16384 <unfinished ...>
18286 mmap(NULL, 16384, PROT_READ|PROT_WRITE, MAP_PRIVATE|MAP_ANONYMOUS|MAP_NORESERVE, -1, 0 <unfinished ...>
18297 <... munmap resumed>)             = 0
18296 <... mmap resumed>)               = 0x7f53faea4000
18294 munmap(0x7f53faeac000, 16384 <unfinished ...>
18285 munmap(0x7f53faea8000, 16384 <unfinished ...>
18297 mmap(NULL, 16384, PROT_READ|PROT_WRITE, MAP_PRIVATE|MAP_ANONYMOUS|MAP_NORESERVE, -1, 0 <unfinished ...>
18295 <... munmap resumed>)             = 0
18289 <... mmap resumed>)               = 0x7f53fae9c000
18286 <... mmap resumed>)               = 0x7f53faeb4000
18298 mmap(NULL, 16384, PROT_READ|PROT_WRITE, MAP_PRIVATE|MAP_ANONYMOUS|MAP_NORESERVE, -1, 0 <unfinished ...>
18295 mmap(NULL, 16384, PROT_READ|PROT_WRITE, MAP_PRIVATE|MAP_ANONYMOUS|MAP_NORESERVE, -1, 0 <unfinished ...>
18294 <... munmap resumed>)             = 0
18286 munmap(0x7f53faeb4000, 16384 <unfinished ...>
18300 <... munmap resumed>)             = 0
18294 mmap(NULL, 16384, PROT_READ|PROT_WRITE, MAP_PRIVATE|MAP_ANONYMOUS|MAP_NORESERVE, -1, 0 <unfinished ...>
18289 munmap(0x7f53fae9c000, 16384 <unfinished ...>
18288 munmap(0x7f54030c2000, 16384 <unfinished ...>
18300 mmap(NULL, 16384, PROT_READ|PROT_WRITE, MAP_PRIVATE|MAP_ANONYMOUS|MAP_NORESERVE, -1, 0 <unfinished ...>
18296 munmap(0x7f53faea4000, 16384 <unfinished ...>
18295 <... mmap resumed>)               = 0x7f53faeb0000
18296 <... munmap resumed>)             = 0
18295 munmap(0x7f53faeb0000, 16384 <unfinished ...>
18290 <... munmap resumed>)             = 0
18299 <... mmap resumed>)               = 0x7f53faeac000
18296 mmap(NULL, 16384, PROT_READ|PROT_WRITE, MAP_PRIVATE|MAP_ANONYMOUS|MAP_NORESERVE, -1, 0 <unfinished ...>
18295 <... munmap resumed>)             = 0
18290 mmap(NULL, 16384, PROT_READ|PROT_WRITE, MAP_PRIVATE|MAP_ANONYMOUS|MAP_NORESERVE, -1, 0 <unfinished ...>
18293 <... munmap resumed>)             = 0
18295 mmap(NULL, 16384, PROT_READ|PROT_WRITE, MAP_PRIVATE|MAP_ANONYMOUS|MAP_NORESERVE, -1, 0 <unfinished ...>
18293 mmap(NULL, 16384, PROT_READ|PROT_WRITE, MAP_PRIVATE|MAP_ANONYMOUS|MAP_NORESERVE, -1, 0 <unfinished ...>
18296 <... mmap resumed>)               = 0x7f53faea4000
18291 <... mmap resumed>)               = 0x7f53faeb0000
18299 munmap(0x7f53faeac000, 16384 <unfinished ...>
18297 <... mmap resumed>)               = 0x7f53fae94000
18296 munmap(0x7f53faea4000, 16384 <unfinished ...>
18295 <... mmap resumed>)               = 0x7f53fae90000
18293 <... mmap resumed>)               = 0x7f53fae88000
18292 <... mmap resumed>)               = 0x7f53fae8c000
18290 <... mmap resumed>)               = 0x7f53fae98000
18297 munmap(0x7f53fae94000, 16384 <unfinished ...>
18295 munmap(0x7f53fae90000, 16384 <unfinished ...>
18293 munmap(0x7f53fae88000, 16384 <unfinished ...>
18291 munmap(0x7f53faeb0000, 16384 <unfinished ...>
18285 <... munmap resumed>)             = 0
18296 <... munmap resumed>)             = 0
18292 munmap(0x7f53fae8c000, 16384 <unfinished ...>
18287 <... munmap resumed>)             = 0
18297 <... munmap resumed>)             = 0
18285 mmap(NULL, 16384, PROT_READ|PROT_WRITE, MAP_PRIVATE|MAP_ANONYMOUS|MAP_NORESERVE, -1, 0 <unfinished ...>
18298 <... mmap resumed>)               = 0x7f53faeb0000
18297 mmap(NULL, 16384, PROT_READ|PROT_WRITE, MAP_PRIVATE|MAP_ANONYMOUS|MAP_NORESERVE, -1, 0 <unfinished ...>
18296 mmap(NULL, 16384, PROT_READ|PROT_WRITE, MAP_PRIVATE|MAP_ANONYMOUS|MAP_NORESERVE, -1, 0 <unfinished ...>
18291 <... munmap resumed>)             = 0
18287 mmap(NULL, 16384, PROT_READ|PROT_WRITE, MAP_PRIVATE|MAP_ANONYMOUS|MAP_NORESERVE, -1, 0 <unfinished ...>
18298 munmap(0x7f53faeb0000, 16384 <unfinished ...>
18297 <... mmap resumed>)               = 0x7f53faeb4000
18294 <... mmap resumed>)               = 0x7f53faea4000
18291 mmap(NULL, 16384, PROT_READ|PROT_WRITE, MAP_PRIVATE|MAP_ANONYMOUS|MAP_NORESERVE, -1, 0 <unfinished ...>
18286 <... munmap resumed>)             = 0
18285 <... mmap resumed>)               = 0x7f53faea8000
18300 <... mmap resumed>)               = 0x7f54030c2000
18298 <... munmap resumed>)             = 0
18297 munmap(0x7f53faeb4000, 16384 <unfinished ...>
18299 <... munmap resumed>)             = 0
18294 munmap(0x7f53faea4000, 16384 <unfinished ...>
18290 munmap(0x7f53fae98000, 16384 <unfinished ...>
18289 <... munmap resumed>)             = 0
18288 <... munmap resumed>)             = 0
18286 mmap(NULL, 16384, PROT_READ|PROT_WRITE, MAP_PRIVATE|MAP_ANONYMOUS|MAP_NORESERVE, -1, 0 <unfinished ...>
18299 mmap(NULL, 16384, PROT_READ|PROT_WRITE, MAP_PRIVATE|MAP_ANONYMOUS|MAP_NORESERVE, -1, 0 <unfinished ...>
18298 mmap(NULL, 16384, PROT_READ|PROT_WRITE, MAP_PRIVATE|MAP_ANONYMOUS|MAP_NORESERVE, -1, 0 <unfinished ...>
18296 <... mmap resumed>)               = 0x7f53faeb0000
18295 <... munmap resumed>)             = 0
18293 <... munmap resumed>)             = 0
18292 <... munmap resumed>)             = 0
18289 mmap(NULL, 16384, PROT_READ|PROT_WRITE, MAP_PRIVATE|MAP_ANONYMOUS|MAP_NORESERVE, -1, 0 <unfinished ...>
18288 mmap(NULL, 16384, PROT_READ|PROT_WRITE, MAP_PRIVATE|MAP_ANONYMOUS|MAP_NORESERVE, -1, 0 <unfinished ...>
18287 <... mmap resumed>)               = 0x7f53faeac000
18285 munmap(0x7f53faea8000, 16384 <unfinished ...>
18300 munmap(0x7f54030c2000, 16384 <unfinished ...>
18299 <... mmap resumed>)               = 0x7f53faea0000
18298 <... mmap resumed>)               = 0x7f53fae9c000
18296 munmap(0x7f53faeb0000, 16384 <unfinished ...>
18295 mmap(NULL, 16384, PROT_READ|PROT_WRITE, MAP_PRIVATE|MAP_ANONYMOUS|MAP_NORESERVE, -1, 0 <unfinished ...>
18294 <... munmap resumed>)             = 0
18293 mmap(NULL, 16384, PROT_READ|PROT_WRITE, MAP_PRIVATE|MAP_ANONYMOUS|MAP_NORESERVE, -1, 0 <unfinished ...>
18292 mmap(NULL, 16384, PROT_READ|PROT_WRITE, MAP_PRIVATE|MAP_ANONYMOUS|MAP_NORESERVE, -1, 0 <unfinished ...>
18291 <... mmap resumed>)               = 0x7f53fae94000
18286 <... mmap resumed>)               = 0x7f53faea4000
18300 <... munmap resumed>)             = 0
18299 munmap(0x7f53faea0000, 16384 <unfinished ...>
18298 munmap(0x7f53fae9c000, 16384 <unfinished ...>
18297 <... munmap resumed>)             = 0
18296 <... munmap resumed>)             = 0
18295 <... mmap resumed>)               = 0x7f54030c2000
18294 mmap(NULL, 16384, PROT_READ|PROT_WRITE, MAP_PRIVATE|MAP_ANONYMOUS|MAP_NORESERVE, -1, 0 <unfinished ...>
18292 <... mmap resumed>)               = 0x7f53faeb4000
18290 <... munmap resumed>)             = 0
18287 munmap(0x7f53faeac000, 16384 <unfinished ...>
18293 <... mmap resumed>)               = 0x7f53faeb0000
18300 mmap(NULL, 16384, PROT_READ|PROT_WRITE, MAP_PRIVATE|MAP_ANONYMOUS|MAP_NORESERVE, -1, 0 <unfinished ...>
18298 <... munmap resumed>)             = 0
18297 mmap(NULL, 16384, PROT_READ|PROT_WRITE, MAP_PRIVATE|MAP_ANONYMOUS|MAP_NORESERVE, -1, 0 <unfinished ...>
18296 mmap(NULL, 16384, PROT_READ|PROT_WRITE, MAP_PRIVATE|MAP_ANONYMOUS|MAP_NORESERVE, -1, 0 <unfinished ...>
18292 munmap(0x7f53faeb4000, 16384 <unfinished ...>
18291 munmap(0x7f53fae94000, 16384 <unfinished ...>
18288 <... mmap resumed>)               = 0x7f53fae98000
18286 munmap(0x7f53faea4000, 16384 <unfinished ...>
18285 <... munmap resumed>)             = 0
18300 <... mmap resumed>)               = 0x7f53faea8000
18299 <... munmap resumed>)             = 0
18298 mmap(NULL, 16384, PROT_READ|PROT_WRITE, MAP_PRIVATE|MAP_ANONYMOUS|MAP_NORESERVE, -1, 0 <unfinished ...>
18296 <... mmap resumed>)               = 0x7f53fae9c000
18295 munmap(0x7f54030c2000, 16384 <unfinished ...>
18294 <... mmap resumed>)               = 0x7f53faea0000
18290 mmap(NULL, 16384, PROT_READ|PROT_WRITE, MAP_PRIVATE|MAP_ANONYMOUS|MAP_NORESERVE, -1, 0 <unfinished ...>
18289 <... mmap resumed>)               = 0x7f53faeac000
18287 <... munmap resumed>)             = 0
18300 munmap(0x7f53faea8000, 16384 <unfinished ...>
18299 mmap(NULL, 16384, PROT_READ|PROT_WRITE, MAP_PRIVATE|MAP_ANONYMOUS|MAP_NORESERVE, -1, 0 <unfinished ...>
18297 <... mmap resumed>)               = 0x7f53faeb4000
18296 munmap(0x7f53fae9c000, 16384 <unfinished ...>
18294 munmap(0x7f53faea0000, 16384 <unfinished ...>
18293 munmap(0x7f53faeb0000, 16384 <unfinished ...>
18292 <... munmap resumed>)             = 0
18291 <... munmap resumed>)             = 0
18289 munmap(0x7f53faeac000, 16384 <unfinished ...>
18288 munmap(0x7f53fae98000, 16384 <unfinished ...>
18287 mmap(NULL, 16384, PROT_READ|PROT_WRITE, MAP_PRIVATE|MAP_ANONYMOUS|MAP_NORESERVE, -1, 0 <unfinished ...>
18285 mmap(NULL, 16384, PROT_READ|PROT_WRITE, MAP_PRIVATE|MAP_ANONYMOUS|MAP_NORESERVE, -1, 0 <unfinished ...>
18297 munmap(0x7f53faeb4000, 16384 <unfinished ...>
18296 <... munmap resumed>)             = 0
18295 <... munmap resumed>)             = 0
18291 mmap(NULL, 16384, PROT_READ|PROT_WRITE, MAP_PRIVATE|MAP_ANONYMOUS|MAP_NORESERVE, -1, 0 <unfinished ...>
18289 <... munmap resumed>)             = 0
18286 <... munmap resumed>)             = 0
18298 <... mmap resumed>)               = 0x7f54030c2000
18296 mmap(NULL, 16384, PROT_READ|PROT_WRITE, MAP_PRIVATE|MAP_ANONYMOUS|MAP_NORESERVE, -1, 0 <unfinished ...>
18295 mmap(NULL, 16384, PROT_READ|PROT_WRITE, MAP_PRIVATE|MAP_ANONYMOUS|MAP_NORESERVE, -1, 0 <unfinished ...>
18292 mmap(NULL, 16384, PROT_READ|PROT_WRITE, MAP_PRIVATE|MAP_ANONYMOUS|MAP_NORESERVE, -1, 0 <unfinished ...>
18291 <... mmap resumed>)               = 0x7f53faeac000
18288 <... munmap resumed>)             = 0
18298 munmap(0x7f54030c2000, 16384 <unfinished ...>
18296 <... mmap resumed>)               = 0x7f53faea4000
18289 mmap(NULL, 16384, PROT_READ|PROT_WRITE, MAP_PRIVATE|MAP_ANONYMOUS|MAP_NORESERVE, -1, 0 <unfinished ...>
18286 mmap(NULL, 16384, PROT_READ|PROT_WRITE, MAP_PRIVATE|MAP_ANONYMOUS|MAP_NORESERVE, -1, 0 <unfinished ...>
18296 munmap(0x7f53faea4000, 16384 <unfinished ...>
18295 <... mmap resumed>)               = 0x7f53fae98000
18292 <... mmap resumed>)               = 0x7f53fae94000
18291 munmap(0x7f53faeac000, 16384 <unfinished ...>
18290 <... mmap resumed>)               = 0x7f53fae9c000
18289 <... mmap resumed>)               = 0x7f53fae8c000
18288 mmap(NULL, 16384, PROT_READ|PROT_WRITE, MAP_PRIVATE|MAP_ANONYMOUS|MAP_NORESERVE, -1, 0 <unfinished ...>
18299 <... mmap resumed>)               = 0x7f53fae90000
18298 <... munmap resumed>)             = 0
18296 <... munmap resumed>)             = 0
18295 munmap(0x7f53fae98000, 16384 <unfinished ...>
18292 munmap(0x7f53fae94000, 16384 <unfinished ...>
18290 munmap(0x7f53fae9c000, 16384 <unfinished ...>
18289 munmap(0x7f53fae8c000, 16384 <unfinished ...>
18299 munmap(0x7f53fae90000, 16384 <unfinished ...>
18298 mmap(NULL, 16384, PROT_READ|PROT_WRITE, MAP_PRIVATE|MAP_ANONYMOUS|MAP_NORESERVE, -1, 0 <unfinished ...>
18296 mmap(NULL, 16384, PROT_READ|PROT_WRITE, MAP_PRIVATE|MAP_ANONYMOUS|MAP_NORESERVE, -1, 0 <unfinished ...>
18300 <... munmap resumed>)             = 0
18300 mmap(NULL, 16384, PROT_READ|PROT_WRITE, MAP_PRIVATE|MAP_ANONYMOUS|MAP_NORESERVE, -1, 0 <unfinished ...>
18293 <... munmap resumed>)             = 0
18289 <... munmap resumed>)             = 0
18294 <... munmap resumed>)             = 0
18287 <... mmap resumed>)               = 0x7f54030c2000
18300 <... mmap resumed>)               = 0x7f53faea8000
18293 mmap(NULL, 16384, PROT_READ|PROT_WRITE, MAP_PRIVATE|MAP_ANONYMOUS|MAP_NORESERVE, -1, 0 <unfinished ...>
18289 mmap(NULL, 16384, PROT_READ|PROT_WRITE, MAP_PRIVATE|MAP_ANONYMOUS|MAP_NORESERVE, -1, 0 <unfinished ...>
18285 <... mmap resumed>)               = 0x7f53faeb0000
18300 munmap(0x7f53faea8000, 16384 <unfinished ...>
18294 mmap(NULL, 16384, PROT_READ|PROT_WRITE, MAP_PRIVATE|MAP_ANONYMOUS|MAP_NORESERVE, -1, 0 <unfinished ...>
18287 munmap(0x7f54030c2000, 16384 <unfinished ...>
18297 <... munmap resumed>)             = 0
18293 <... mmap resumed>)               = 0x7f53faeb4000
18289 <... mmap resumed>)               = 0x7f53faea4000
18300 <... munmap resumed>)             = 0
18297 mmap(NULL, 16384, PROT_READ|PROT_WRITE, MAP_PRIVATE|MAP_ANONYMOUS|MAP_NORESERVE, -1, 0 <unfinished ...>
18286 <... mmap resumed>)               = 0x7f53faea8000
18285 munmap(0x7f53faeb0000, 16384 <unfinished ...>
18289 munmap(0x7f53faea4000, 16384 <unfinished ...>
18287 <... munmap resumed>)             = 0
18293 munmap(0x7f53faeb4000, 16384 <unfinished ...>
18287 mmap(NULL, 16384, PROT_READ|PROT_WRITE, MAP_PRIVATE|MAP_ANONYMOUS|MAP_NORESERVE, -1, 0 <unfinished ...>
18294 <... mmap resumed>)               = 0x7f53faea0000
18300 mmap(NULL, 16384, PROT_READ|PROT_WRITE, MAP_PRIVATE|MAP_ANONYMOUS|MAP_NORESERVE, -1, 0 <unfinished ...>
18289 <... munmap resumed>)             = 0
18286 munmap(0x7f53faea8000, 16384 <unfinished ...>
18287 <... mmap resumed>)               = 0x7f54030c2000
18300 <... mmap resumed>)               = 0x7f53faea4000
18294 munmap(0x7f53faea0000, 16384 <unfinished ...>
18289 mmap(NULL, 16384, PROT_READ|PROT_WRITE, MAP_PRIVATE|MAP_ANONYMOUS|MAP_NORESERVE, -1, 0 <unfinished ...>
18287 munmap(0x7f54030c2000, 16384 <unfinished ...>
18300 munmap(0x7f53faea4000, 16384 <unfinished ...>
18291 <... munmap resumed>)             = 0
18294 <... munmap resumed>)             = 0
18291 mmap(NULL, 16384, PROT_READ|PROT_WRITE, MAP_PRIVATE|MAP_ANONYMOUS|MAP_NORESERVE, -1, 0 <unfinished ...>
18294 mmap(NULL, 16384, PROT_READ|PROT_WRITE, MAP_PRIVATE|MAP_ANONYMOUS|MAP_NORESERVE, -1, 0 <unfinished ...>
18300 <... munmap resumed>)             = 0
18300 mmap(NULL, 16384, PROT_READ|PROT_WRITE, MAP_PRIVATE|MAP_ANONYMOUS|MAP_NORESERVE, -1, 0 <unfinished ...>
18288 <... mmap resumed>)               = 0x7f53faeac000
18290 <... munmap resumed>)             = 0
18288 munmap(0x7f53faeac000, 16384 <unfinished ...>
18295 <... munmap resumed>)             = 0
18290 mmap(NULL, 16384, PROT_READ|PROT_WRITE, MAP_PRIVATE|MAP_ANONYMOUS|MAP_NORESERVE, -1, 0 <unfinished ...>
18299 <... munmap resumed>)             = 0
18298 <... mmap resumed>)               = 0x7f53faea4000
18295 mmap(NULL, 16384, PROT_READ|PROT_WRITE, MAP_PRIVATE|MAP_ANONYMOUS|MAP_NORESERVE, -1, 0 <unfinished ...>
18288 <... munmap resumed>)             = 0
18299 mmap(NULL, 16384, PROT_READ|PROT_WRITE, MAP_PRIVATE|MAP_ANONYMOUS|MAP_NORESERVE, -1, 0 <unfinished ...>
18292 <... munmap resumed>)             = 0
18296 <... mmap resumed>)               = 0x7f53faeac000
18295 <... mmap resumed>)               = 0x7f53faea0000
18299 <... mmap resumed>)               = 0x7f53fae9c000
18298 munmap(0x7f53faea4000, 16384 <unfinished ...>
18296 munmap(0x7f53faeac000, 16384 <unfinished ...>
18295 munmap(0x7f53faea0000, 16384 <unfinished ...>
18288 mmap(NULL, 16384, PROT_READ|PROT_WRITE, MAP_PRIVATE|MAP_ANONYMOUS|MAP_NORESERVE, -1, 0 <unfinished ...>
18299 munmap(0x7f53fae9c000, 16384 <unfinished ...>
18292 mmap(NULL, 16384, PROT_READ|PROT_WRITE, MAP_PRIVATE|MAP_ANONYMOUS|MAP_NORESERVE, -1, 0 <unfinished ...>
18285 <... munmap resumed>)             = 0
18298 <... munmap resumed>)             = 0
18285 mmap(NULL, 16384, PROT_READ|PROT_WRITE, MAP_PRIVATE|MAP_ANONYMOUS|MAP_NORESERVE, -1, 0 <unfinished ...>
18298 mmap(NULL, 16384, PROT_READ|PROT_WRITE, MAP_PRIVATE|MAP_ANONYMOUS|MAP_NORESERVE, -1, 0) = 0x7f53faeb4000
18297 <... mmap resumed>)               = 0x7f53faeb0000
18293 <... munmap resumed>)             = 0
18298 munmap(0x7f53faeb4000, 16384 <unfinished ...>
18289 <... mmap resumed>)               = 0x7f53faea8000
18286 <... munmap resumed>)             = 0
18298 <... munmap resumed>)             = 0
18286 mmap(NULL, 16384, PROT_READ|PROT_WRITE, MAP_PRIVATE|MAP_ANONYMOUS|MAP_NORESERVE, -1, 0 <unfinished ...>
18289 munmap(0x7f53faea8000, 16384 <unfinished ...>
18293 mmap(NULL, 16384, PROT_READ|PROT_WRITE, MAP_PRIVATE|MAP_ANONYMOUS|MAP_NORESERVE, -1, 0 <unfinished ...>
18298 mmap(NULL, 16384, PROT_READ|PROT_WRITE, MAP_PRIVATE|MAP_ANONYMOUS|MAP_NORESERVE, -1, 0 <unfinished ...>
18291 <... mmap resumed>)               = 0x7f53faeb4000
18287 <... munmap resumed>)             = 0
18286 <... mmap resumed>)               = 0x7f54030c2000
18291 munmap(0x7f53faeb4000, 16384 <unfinished ...>
18289 <... munmap resumed>)             = 0
18287 mmap(NULL, 16384, PROT_READ|PROT_WRITE, MAP_PRIVATE|MAP_ANONYMOUS|MAP_NORESERVE, -1, 0 <unfinished ...>
18289 mmap(NULL, 16384, PROT_READ|PROT_WRITE, MAP_PRIVATE|MAP_ANONYMOUS|MAP_NORESERVE, -1, 0 <unfinished ...>
18294 <... mmap resumed>)               = 0x7f53faea8000
18289 <... mmap resumed>)               = 0x7f53fae98000
18287 <... mmap resumed>)               = 0x7f53faea4000
18300 <... mmap resumed>)               = 0x7f53fae94000
18290 <... mmap resumed>)               = 0x7f53fae90000
18296 <... munmap resumed>)             = 0
18300 munmap(0x7f53fae94000, 16384 <unfinished ...>
18296 mmap(NULL, 16384, PROT_READ|PROT_WRITE, MAP_PRIVATE|MAP_ANONYMOUS|MAP_NORESERVE, -1, 0 <unfinished ...>
18290 munmap(0x7f53fae90000, 16384 <unfinished ...>
18287 munmap(0x7f53faea4000, 16384 <unfinished ...>
18288 <... mmap resumed>)               = 0x7f53faeac000
18295 <... munmap resumed>)             = 0
18287 <... munmap resumed>)             = 0
18295 mmap(NULL, 16384, PROT_READ|PROT_WRITE, MAP_PRIVATE|MAP_ANONYMOUS|MAP_NORESERVE, -1, 0 <unfinished ...>
18292 <... mmap resumed>)               = 0x7f53faea4000
18288 munmap(0x7f53faeac000, 16384 <unfinished ...>
18287 mmap(NULL, 16384, PROT_READ|PROT_WRITE, MAP_PRIVATE|MAP_ANONYMOUS|MAP_NORESERVE, -1, 0 <unfinished ...>
18299 <... munmap resumed>)             = 0
18297 munmap(0x7f53faeb0000, 16384 <unfinished ...>
18292 munmap(0x7f53faea4000, 16384 <unfinished ...>
18285 <... mmap resumed>)               = 0x7f53faea0000
18299 mmap(NULL, 16384, PROT_READ|PROT_WRITE, MAP_PRIVATE|MAP_ANONYMOUS|MAP_NORESERVE, -1, 0 <unfinished ...>
18294 munmap(0x7f53faea8000, 16384 <unfinished ...>
18286 munmap(0x7f54030c2000, 16384 <unfinished ...>
18289 munmap(0x7f53fae98000, 16384 <unfinished ...>
18285 munmap(0x7f53faea0000, 16384 <unfinished ...>
18299 <... mmap resumed>)               = 0x7f53fae8c000
18293 <... mmap resumed>)               = 0x7f53fae9c000
18299 munmap(0x7f53fae8c000, 16384 <unfinished ...>
18289 <... munmap resumed>)             = 0
18289 mmap(NULL, 16384, PROT_READ|PROT_WRITE, MAP_PRIVATE|MAP_ANONYMOUS|MAP_NORESERVE, -1, 0 <unfinished ...>
18298 <... mmap resumed>)               = 0x7f53fae98000
18293 munmap(0x7f53fae9c000, 16384 <unfinished ...>
18298 munmap(0x7f53fae98000, 16384 <unfinished ...>
18293 <... munmap resumed>)             = 0
18291 <... munmap resumed>)             = 0
18289 <... mmap resumed>)               = 0x7f53faeb4000
18293 mmap(NULL, 16384, PROT_READ|PROT_WRITE, MAP_PRIVATE|MAP_ANONYMOUS|MAP_NORESERVE, -1, 0 <unfinished ...>
18291 mmap(NULL, 16384, PROT_READ|PROT_WRITE, MAP_PRIVATE|MAP_ANONYMOUS|MAP_NORESERVE, -1, 0 <unfinished ...>
18289 munmap(0x7f53faeb4000, 16384 <unfinished ...>
18293 <... mmap resumed>)               = 0x7f53fae9c000
18293 munmap(0x7f53fae9c000, 16384 <unfinished ...>
18289 <... munmap resumed>)             = 0
18296 <... mmap resumed>)               = 0x7f53faeb4000
18293 <... munmap resumed>)             = 0
18289 mmap(NULL, 16384, PROT_READ|PROT_WRITE, MAP_PRIVATE|MAP_ANONYMOUS|MAP_NORESERVE, -1, 0 <unfinished ...>
18300 <... munmap resumed>)             = 0
18290 <... munmap resumed>)             = 0
18295 <... mmap resumed>)               = 0x7f53fae9c000
18290 mmap(NULL, 16384, PROT_READ|PROT_WRITE, MAP_PRIVATE|MAP_ANONYMOUS|MAP_NORESERVE, -1, 0 <unfinished ...>
18300 mmap(NULL, 16384, PROT_READ|PROT_WRITE, MAP_PRIVATE|MAP_ANONYMOUS|MAP_NORESERVE, -1, 0 <unfinished ...>
18296 munmap(0x7f53faeb4000, 16384 <unfinished ...>
18289 <... mmap resumed>)               = 0x7f53fae90000
18287 <... mmap resumed>)               = 0x7f53fae94000
18295 munmap(0x7f53fae9c000, 16384 <unfinished ...>
18293 mmap(NULL, 16384, PROT_READ|PROT_WRITE, MAP_PRIVATE|MAP_ANONYMOUS|MAP_NORESERVE, -1, 0 <unfinished ...>
18297 <... munmap resumed>)             = 0
18295 <... munmap resumed>)             = 0
18297 mmap(NULL, 16384, PROT_READ|PROT_WRITE, MAP_PRIVATE|MAP_ANONYMOUS|MAP_NORESERVE, -1, 0 <unfinished ...>
18295 mmap(NULL, 16384, PROT_READ|PROT_WRITE, MAP_PRIVATE|MAP_ANONYMOUS|MAP_NORESERVE, -1, 0 <unfinished ...>
18288 <... munmap resumed>)             = 0
18292 <... munmap resumed>)             = 0
18294 <... munmap resumed>)             = 0
18292 mmap(NULL, 16384, PROT_READ|PROT_WRITE, MAP_PRIVATE|MAP_ANONYMOUS|MAP_NORESERVE, -1, 0 <unfinished ...>
18285 <... munmap resumed>)             = 0
18288 mmap(NULL, 16384, PROT_READ|PROT_WRITE, MAP_PRIVATE|MAP_ANONYMOUS|MAP_NORESERVE, -1, 0 <unfinished ...>
18294 mmap(NULL, 16384, PROT_READ|PROT_WRITE, MAP_PRIVATE|MAP_ANONYMOUS|MAP_NORESERVE, -1, 0 <unfinished ...>
18285 mmap(NULL, 16384, PROT_READ|PROT_WRITE, MAP_PRIVATE|MAP_ANONYMOUS|MAP_NORESERVE, -1, 0 <unfinished ...>
18299 <... munmap resumed>)             = 0
18288 <... mmap resumed>)               = 0x7f53faeb0000
18286 <... munmap resumed>)             = 0
18298 <... munmap resumed>)             = 0
18294 <... mmap resumed>)               = 0x7f54030c2000
18285 <... mmap resumed>)               = 0x7f53faeac000
18299 mmap(NULL, 16384, PROT_READ|PROT_WRITE, MAP_PRIVATE|MAP_ANONYMOUS|MAP_NORESERVE, -1, 0 <unfinished ...>
18298 mmap(NULL, 16384, PROT_READ|PROT_WRITE, MAP_PRIVATE|MAP_ANONYMOUS|MAP_NORESERVE, -1, 0 <unfinished ...>
18288 munmap(0x7f53faeb0000, 16384 <unfinished ...>
18300 <... mmap resumed>)               = 0x7f53faea0000
18299 <... mmap resumed>)               = 0x7f53faea4000
18294 munmap(0x7f54030c2000, 16384 <unfinished ...>
18291 <... mmap resumed>)               = 0x7f53faea8000
18290 <... mmap resumed>)               = 0x7f53fae9c000
18286 mmap(NULL, 16384, PROT_READ|PROT_WRITE, MAP_PRIVATE|MAP_ANONYMOUS|MAP_NORESERVE, -1, 0 <unfinished ...>
18285 munmap(0x7f53faeac000, 16384 <unfinished ...>
18288 <... munmap resumed>)             = 0
18291 munmap(0x7f53faea8000, 16384 <unfinished ...>
18300 munmap(0x7f53faea0000, 16384 <unfinished ...>
18299 munmap(0x7f53faea4000, 16384 <unfinished ...>
18294 <... munmap resumed>)             = 0
18288 mmap(NULL, 16384, PROT_READ|PROT_WRITE, MAP_PRIVATE|MAP_ANONYMOUS|MAP_NORESERVE, -1, 0 <unfinished ...>
18290 munmap(0x7f53fae9c000, 16384 <unfinished ...>
18296 <... munmap resumed>)             = 0
18294 mmap(NULL, 16384, PROT_READ|PROT_WRITE, MAP_PRIVATE|MAP_ANONYMOUS|MAP_NORESERVE, -1, 0 <unfinished ...>
18289 munmap(0x7f53fae90000, 16384 <unfinished ...>
18287 munmap(0x7f53fae94000, 16384 <unfinished ...>
18296 mmap(NULL, 16384, PROT_READ|PROT_WRITE, MAP_PRIVATE|MAP_ANONYMOUS|MAP_NORESERVE, -1, 0 <unfinished ...>
18293 <... mmap resumed>)               = 0x7f54030c2000
18290 <... munmap resumed>)             = 0
18293 munmap(0x7f54030c2000, 16384 <unfinished ...>
18290 mmap(NULL, 16384, PROT_READ|PROT_WRITE, MAP_PRIVATE|MAP_ANONYMOUS|MAP_NORESERVE, -1, 0 <unfinished ...>
18297 <... mmap resumed>)               = 0x7f53faeb4000
18295 <... mmap resumed>)               = 0x7f54030c2000
18293 <... munmap resumed>)             = 0
18297 munmap(0x7f53faeb4000, 16384 <unfinished ...>
18292 <... mmap resumed>)               = 0x7f53faeb0000
18293 mmap(NULL, 16384, PROT_READ|PROT_WRITE, MAP_PRIVATE|MAP_ANONYMOUS|MAP_NORESERVE, -1, 0 <unfinished ...>
18291 <... munmap resumed>)             = 0
18295 munmap(0x7f54030c2000, 16384 <unfinished ...>
18292 munmap(0x7f53faeb0000, 16384 <unfinished ...>
18291 mmap(NULL, 16384, PROT_READ|PROT_WRITE, MAP_PRIVATE|MAP_ANONYMOUS|MAP_NORESERVE, -1, 0 <unfinished ...>
18297 <... munmap resumed>)             = 0
18291 <... mmap resumed>)               = 0x7f53faeb4000
18285 <... munmap resumed>)             = 0
18297 mmap(NULL, 16384, PROT_READ|PROT_WRITE, MAP_PRIVATE|MAP_ANONYMOUS|MAP_NORESERVE, -1, 0 <unfinished ...>
18291 munmap(0x7f53faeb4000, 16384 <unfinished ...>
18285 mmap(NULL, 16384, PROT_READ|PROT_WRITE, MAP_PRIVATE|MAP_ANONYMOUS|MAP_NORESERVE, -1, 0 <unfinished ...>
18298 <... mmap resumed>)               = 0x7f53faeac000
18291 <... munmap resumed>)             = 0
18298 munmap(0x7f53faeac000, 16384 <unfinished ...>
18286 <... mmap resumed>)               = 0x7f53faeb4000
18291 mmap(NULL, 16384, PROT_READ|PROT_WRITE, MAP_PRIVATE|MAP_ANONYMOUS|MAP_NORESERVE, -1, 0 <unfinished ...>
18300 <... munmap resumed>)             = 0
18286 munmap(0x7f53faeb4000, 16384 <unfinished ...>
18299 <... munmap resumed>)             = 0
18300 mmap(NULL, 16384, PROT_READ|PROT_WRITE, MAP_PRIVATE|MAP_ANONYMOUS|MAP_NORESERVE, -1, 0 <unfinished ...>
18299 mmap(NULL, 16384, PROT_READ|PROT_WRITE, MAP_PRIVATE|MAP_ANONYMOUS|MAP_NORESERVE, -1, 0 <unfinished ...>
18294 <... mmap resumed>)               = 0x7f53faea8000
18286 <... munmap resumed>)             = 0
18300 <... mmap resumed>)               = 0x7f53faea4000
18299 <... mmap resumed>)               = 0x7f53faea0000
18288 <... mmap resumed>)               = 0x7f53faeb4000
18300 munmap(0x7f53faea4000, 16384 <unfinished ...>
18294 munmap(0x7f53faea8000, 16384 <unfinished ...>
18289 <... munmap resumed>)             = 0
18286 mmap(NULL, 16384, PROT_READ|PROT_WRITE, MAP_PRIVATE|MAP_ANONYMOUS|MAP_NORESERVE, -1, 0 <unfinished ...>
18299 munmap(0x7f53faea0000, 16384 <unfinished ...>
18288 munmap(0x7f53faeb4000, 16384 <unfinished ...>
18287 <... munmap resumed>)             = 0
18286 <... mmap resumed>)               = 0x7f53fae9c000
18296 <... mmap resumed>)               = 0x7f53fae98000
18289 mmap(NULL, 16384, PROT_READ|PROT_WRITE, MAP_PRIVATE|MAP_ANONYMOUS|MAP_NORESERVE, -1, 0 <unfinished ...>
18299 <... munmap resumed>)             = 0
18290 <... mmap resumed>)               = 0x7f53fae94000
18287 mmap(NULL, 16384, PROT_READ|PROT_WRITE, MAP_PRIVATE|MAP_ANONYMOUS|MAP_NORESERVE, -1, 0 <unfinished ...>
18299 mmap(NULL, 16384, PROT_READ|PROT_WRITE, MAP_PRIVATE|MAP_ANONYMOUS|MAP_NORESERVE, -1, 0 <unfinished ...>
18296 munmap(0x7f53fae98000, 16384 <unfinished ...>
18293 <... mmap resumed>)               = 0x7f53faea0000
18286 munmap(0x7f53fae9c000, 16384 <unfinished ...>
18296 <... munmap resumed>)             = 0
18295 <... munmap resumed>)             = 0
18290 munmap(0x7f53fae94000, 16384 <unfinished ...>
18298 <... munmap resumed>)             = 0
18297 <... mmap resumed>)               = 0x7f54030c2000
18296 mmap(NULL, 16384, PROT_READ|PROT_WRITE, MAP_PRIVATE|MAP_ANONYMOUS|MAP_NORESERVE, -1, 0 <unfinished ...>
18295 mmap(NULL, 16384, PROT_READ|PROT_WRITE, MAP_PRIVATE|MAP_ANONYMOUS|MAP_NORESERVE, -1, 0 <unfinished ...>
18293 munmap(0x7f53faea0000, 16384 <unfinished ...>
18292 <... munmap resumed>)             = 0
18290 <... munmap resumed>)             = 0
18286 <... munmap resumed>)             = 0
18285 <... mmap resumed>)               = 0x7f53faeb0000
18300 <... munmap resumed>)             = 0
18298 mmap(NULL, 16384, PROT_READ|PROT_WRITE, MAP_PRIVATE|MAP_ANONYMOUS|MAP_NORESERVE, -1, 0 <unfinished ...>
18297 munmap(0x7f54030c2000, 16384 <unfinished ...>
18296 <... mmap resumed>)               = 0x7f53faea8000
18295 <... mmap resumed>)               = 0x7f53faea4000
18294 <... munmap resumed>)             = 0
18292 mmap(NULL, 16384, PROT_READ|PROT_WRITE, MAP_PRIVATE|MAP_ANONYMOUS|MAP_NORESERVE, -1, 0 <unfinished ...>
18291 <... mmap resumed>)               = 0x7f53faeac000
18290 mmap(NULL, 16384, PROT_READ|PROT_WRITE, MAP_PRIVATE|MAP_ANONYMOUS|MAP_NORESERVE, -1, 0 <unfinished ...>
18300 mmap(NULL, 16384, PROT_READ|PROT_WRITE, MAP_PRIVATE|MAP_ANONYMOUS|MAP_NORESERVE, -1, 0 <unfinished ...>
18297 <... munmap resumed>)             = 0
18296 munmap(0x7f53faea8000, 16384 <unfinished ...>
18295 munmap(0x7f53faea4000, 16384 <unfinished ...>
18294 mmap(NULL, 16384, PROT_READ|PROT_WRITE, MAP_PRIVATE|MAP_ANONYMOUS|MAP_NORESERVE, -1, 0 <unfinished ...>
18292 <... mmap resumed>)               = 0x7f54030c2000
18291 munmap(0x7f53faeac000, 16384 <unfinished ...>
18288 <... munmap resumed>)             = 0
18286 mmap(NULL, 16384, PROT_READ|PROT_WRITE, MAP_PRIVATE|MAP_ANONYMOUS|MAP_NORESERVE, -1, 0 <unfinished ...>
18285 munmap(0x7f53faeb0000, 16384 <unfinished ...>
18300 <... mmap resumed>)               = 0x7f53fae9c000
18297 mmap(NULL, 16384, PROT_READ|PROT_WRITE, MAP_PRIVATE|MAP_ANONYMOUS|MAP_NORESERVE, -1, 0 <unfinished ...>
18290 <... mmap resumed>)               = 0x7f53faeb4000
18287 <... mmap resumed>)               = 0x7f53fae98000
18296 <... munmap resumed>)             = 0
18288 mmap(NULL, 16384, PROT_READ|PROT_WRITE, MAP_PRIVATE|MAP_ANONYMOUS|MAP_NORESERVE, -1, 0 <unfinished ...>
18300 munmap(0x7f53fae9c000, 16384 <unfinished ...>
18296 mmap(NULL, 16384, PROT_READ|PROT_WRITE, MAP_PRIVATE|MAP_ANONYMOUS|MAP_NORESERVE, -1, 0 <unfinished ...>
18291 <... munmap resumed>)             = 0
18287 munmap(0x7f53fae98000, 16384 <unfinished ...>
18300 <... munmap resumed>)             = 0
18299 <... mmap resumed>)               = 0x7f53faea8000
18293 <... munmap resumed>)             = 0
18291 mmap(NULL, 16384, PROT_READ|PROT_WRITE, MAP_PRIVATE|MAP_ANONYMOUS|MAP_NORESERVE, -1, 0 <unfinished ...>
18289 <... mmap resumed>)               = 0x7f53fae9c000
18288 <... mmap resumed>)               = 0x7f53faeac000
18300 mmap(NULL, 16384, PROT_READ|PROT_WRITE, MAP_PRIVATE|MAP_ANONYMOUS|MAP_NORESERVE, -1, 0 <unfinished ...>
18298 <... mmap resumed>)               = 0x7f53faea0000
18294 <... mmap resumed>)               = 0x7f53fae94000
18293 mmap(NULL, 16384, PROT_READ|PROT_WRITE, MAP_PRIVATE|MAP_ANONYMOUS|MAP_NORESERVE, -1, 0 <unfinished ...>
18289 munmap(0x7f53fae9c000, 16384 <unfinished ...>
18288 munmap(0x7f53faeac000, 16384 <unfinished ...>
18287 <... munmap resumed>)             = 0
18295 <... munmap resumed>)             = 0
18298 munmap(0x7f53faea0000, 16384 <unfinished ...>
18294 munmap(0x7f53fae94000, 16384 <unfinished ...>
18292 munmap(0x7f54030c2000, 16384 <unfinished ...>
18290 munmap(0x7f53faeb4000, 16384 <unfinished ...>
18287 mmap(NULL, 16384, PROT_READ|PROT_WRITE, MAP_PRIVATE|MAP_ANONYMOUS|MAP_NORESERVE, -1, 0 <unfinished ...>
18299 munmap(0x7f53faea8000, 16384 <unfinished ...>
18298 <... munmap resumed>)             = 0
18295 mmap(NULL, 16384, PROT_READ|PROT_WRITE, MAP_PRIVATE|MAP_ANONYMOUS|MAP_NORESERVE, -1, 0 <unfinished ...>
18288 <... munmap resumed>)             = 0
18286 <... mmap resumed>)               = 0x7f53faeac000
18298 mmap(NULL, 16384, PROT_READ|PROT_WRITE, MAP_PRIVATE|MAP_ANONYMOUS|MAP_NORESERVE, -1, 0 <unfinished ...>
18295 <... mmap resumed>)               = 0x7f54030c2000
18294 <... munmap resumed>)             = 0
18292 <... munmap resumed>)             = 0
18288 mmap(NULL, 16384, PROT_READ|PROT_WRITE, MAP_PRIVATE|MAP_ANONYMOUS|MAP_NORESERVE, -1, 0 <unfinished ...>
18299 <... munmap resumed>)             = 0
18294 mmap(NULL, 16384, PROT_READ|PROT_WRITE, MAP_PRIVATE|MAP_ANONYMOUS|MAP_NORESERVE, -1, 0 <unfinished ...>
18285 <... munmap resumed>)             = 0
18292 mmap(NULL, 16384, PROT_READ|PROT_WRITE, MAP_PRIVATE|MAP_ANONYMOUS|MAP_NORESERVE, -1, 0 <unfinished ...>
18299 mmap(NULL, 16384, PROT_READ|PROT_WRITE, MAP_PRIVATE|MAP_ANONYMOUS|MAP_NORESERVE, -1, 0 <unfinished ...>
18285 mmap(NULL, 16384, PROT_READ|PROT_WRITE, MAP_PRIVATE|MAP_ANONYMOUS|MAP_NORESERVE, -1, 0 <unfinished ...>
18299 <... mmap resumed>)               = 0x7f53faea0000
18294 <... mmap resumed>)               = 0x7f53faeb0000
18292 <... mmap resumed>)               = 0x7f53faea4000
18288 <... mmap resumed>)               = 0x7f53faea8000
18299 munmap(0x7f53faea0000, 16384 <unfinished ...>
18297 <... mmap resumed>)               = 0x7f53fae98000
18296 <... mmap resumed>)               = 0x7f53fae94000
18294 munmap(0x7f53faeb0000, 16384 <unfinished ...>
18292 munmap(0x7f53faea4000, 16384 <unfinished ...>
18291 <... mmap resumed>)               = 0x7f53fae90000
18285 <... mmap resumed>)               = 0x7f53fae8c000
18300 <... mmap resumed>)               = 0x7f53fae88000
18299 <... munmap resumed>)             = 0
18297 munmap(0x7f53fae98000, 16384 <unfinished ...>
18296 munmap(0x7f53fae94000, 16384 <unfinished ...>
18294 <... munmap resumed>)             = 0
18293 <... mmap resumed>)               = 0x7f53fae84000
18291 munmap(0x7f53fae90000, 16384 <unfinished ...>
18289 <... munmap resumed>)             = 0
18288 munmap(0x7f53faea8000, 16384 <unfinished ...>
18287 <... mmap resumed>)               = 0x7f53faea0000
18300 munmap(0x7f53fae88000, 16384 <unfinished ...>
18299 mmap(NULL, 16384, PROT_READ|PROT_WRITE, MAP_PRIVATE|MAP_ANONYMOUS|MAP_NORESERVE, -1, 0 <unfinished ...>
18298 <... mmap resumed>)               = 0x7f53faeb4000
18297 <... munmap resumed>)             = 0
18296 <... munmap resumed>)             = 0
18295 munmap(0x7f54030c2000, 16384 <unfinished ...>
18294 mmap(NULL, 16384, PROT_READ|PROT_WRITE, MAP_PRIVATE|MAP_ANONYMOUS|MAP_NORESERVE, -1, 0 <unfinished ...>
18293 munmap(0x7f53fae84000, 16384 <unfinished ...>
18290 <... munmap resumed>)             = 0
18289 mmap(NULL, 16384, PROT_READ|PROT_WRITE, MAP_PRIVATE|MAP_ANONYMOUS|MAP_NORESERVE, -1, 0 <unfinished ...>
18288 <... munmap resumed>)             = 0
18286 munmap(0x7f53faeac000, 16384 <unfinished ...>
18285 munmap(0x7f53fae8c000, 16384 <unfinished ...>
18300 <... munmap resumed>)             = 0
18299 <... mmap resumed>)               = 0x7f53faeb0000
18298 munmap(0x7f53faeb4000, 16384 <unfinished ...>
18297 mmap(NULL, 16384, PROT_READ|PROT_WRITE, MAP_PRIVATE|MAP_ANONYMOUS|MAP_NORESERVE, -1, 0 <unfinished ...>
18296 mmap(NULL, 16384, PROT_READ|PROT_WRITE, MAP_PRIVATE|MAP_ANONYMOUS|MAP_NORESERVE, -1, 0 <unfinished ...>
18295 <... munmap resumed>)             = 0
18292 <... munmap resumed>)             = 0
18291 <... munmap resumed>)             = 0
18290 mmap(NULL, 16384, PROT_READ|PROT_WRITE, MAP_PRIVATE|MAP_ANONYMOUS|MAP_NORESERVE, -1, 0 <unfinished ...>
18289 <... mmap resumed>)               = 0x7f54030c2000
18288 mmap(NULL, 16384, PROT_READ|PROT_WRITE, MAP_PRIVATE|MAP_ANONYMOUS|MAP_NORESERVE, -1, 0 <unfinished ...>
18287 munmap(0x7f53faea0000, 16384 <unfinished ...>
18300 mmap(NULL, 16384, PROT_READ|PROT_WRITE, MAP_PRIVATE|MAP_ANONYMOUS|MAP_NORESERVE, -1, 0 <unfinished ...>
18299 munmap(0x7f53faeb0000, 16384 <unfinished ...>
18298 <... munmap resumed>)             = 0
18297 <... mmap resumed>)               = 0x7f53faea8000
18296 <... mmap resumed>)               = 0x7f53faeac000
18295 mmap(NULL, 16384, PROT_READ|PROT_WRITE, MAP_PRIVATE|MAP_ANONYMOUS|MAP_NORESERVE, -1, 0 <unfinished ...>
18294 <... mmap resumed>)               = 0x7f53faeb4000
18293 <... munmap resumed>)             = 0
18292 mmap(NULL, 16384, PROT_READ|PROT_WRITE, MAP_PRIVATE|MAP_ANONYMOUS|MAP_NORESERVE, -1, 0 <unfinished ...>
18291 mmap(NULL, 16384, PROT_READ|PROT_WRITE, MAP_PRIVATE|MAP_ANONYMOUS|MAP_NORESERVE, -1, 0 <unfinished ...>
18290 <... mmap resumed>)               = 0x7f53faea4000
18288 <... mmap resumed>)               = 0x7f53fae9c000
18286 <... munmap resumed>)             = 0
18285 <... munmap resumed>)             = 0
18300 <... mmap resumed>)               = 0x7f53faeb0000
18299 <... munmap resumed>)             = 0
18298 mmap(NULL, 16384, PROT_READ|PROT_WRITE, MAP_PRIVATE|MAP_ANONYMOUS|MAP_NORESERVE, -1, 0 <unfinished ...>
18297 munmap(0x7f53faea8000, 16384 <unfinished ...>
18296 munmap(0x7f53faeac000, 16384 <unfinished ...>
18295 <... mmap resumed>)               = 0x7f53faea0000
18294 munmap(0x7f53faeb4000, 16384 <unfinished ...>
18293 mmap(NULL, 16384, PROT_READ|PROT_WRITE, MAP_PRIVATE|MAP_ANONYMOUS|MAP_NORESERVE, -1, 0 <unfinished ...>
18292 <... mmap resumed>)               = 0x7f53fae98000
18291 <... mmap resumed>)               = 0x7f53fae94000
18290 munmap(0x7f53faea4000, 16384 <unfinished ...>
18289 munmap(0x7f54030c2000, 16384 <unfinished ...>
18288 munmap(0x7f53fae9c000, 16384 <unfinished ...>
18287 <... munmap resumed>)             = 0
18286 mmap(NULL, 16384, PROT_READ|PROT_WRITE, MAP_PRIVATE|MAP_ANONYMOUS|MAP_NORESERVE, -1, 0 <unfinished ...>
18285 mmap(NULL, 16384, PROT_READ|PROT_WRITE, MAP_PRIVATE|MAP_ANONYMOUS|MAP_NORESERVE, -1, 0 <unfinished ...>
18300 munmap(0x7f53faeb0000, 16384 <unfinished ...>
18299 mmap(NULL, 16384, PROT_READ|PROT_WRITE, MAP_PRIVATE|MAP_ANONYMOUS|MAP_NORESERVE, -1, 0 <unfinished ...>
18298 <... mmap resumed>)               = 0x7f53faeb4000
18295 munmap(0x7f53faea0000, 16384 <unfinished ...>
18294 <... munmap resumed>)             = 0
18293 <... mmap resumed>)               = 0x7f53fae90000
18297 <... munmap resumed>)             = 0
18292 munmap(0x7f53fae98000, 16384 <unfinished ...>
18291 munmap(0x7f53fae94000, 16384 <unfinished ...>
18298 munmap(0x7f53faeb4000, 16384 <unfinished ...>
18297 mmap(NULL, 16384, PROT_READ|PROT_WRITE, MAP_PRIVATE|MAP_ANONYMOUS|MAP_NORESERVE, -1, 0 <unfinished ...>
18294 mmap(NULL, 16384, PROT_READ|PROT_WRITE, MAP_PRIVATE|MAP_ANONYMOUS|MAP_NORESERVE, -1, 0 <unfinished ...>
18293 munmap(0x7f53fae90000, 16384 <unfinished ...>
18287 mmap(NULL, 16384, PROT_READ|PROT_WRITE, MAP_PRIVATE|MAP_ANONYMOUS|MAP_NORESERVE, -1, 0 <unfinished ...>
18296 <... munmap resumed>)             = 0
18291 <... munmap resumed>)             = 0
18296 mmap(NULL, 16384, PROT_READ|PROT_WRITE, MAP_PRIVATE|MAP_ANONYMOUS|MAP_NORESERVE, -1, 0 <unfinished ...>
18291 mmap(NULL, 16384, PROT_READ|PROT_WRITE, MAP_PRIVATE|MAP_ANONYMOUS|MAP_NORESERVE, -1, 0 <unfinished ...>
18298 <... munmap resumed>)             = 0
18290 <... munmap resumed>)             = 0
18298 mmap(NULL, 16384, PROT_READ|PROT_WRITE, MAP_PRIVATE|MAP_ANONYMOUS|MAP_NORESERVE, -1, 0 <unfinished ...>
18293 <... munmap resumed>)             = 0
18290 mmap(NULL, 16384, PROT_READ|PROT_WRITE, MAP_PRIVATE|MAP_ANONYMOUS|MAP_NORESERVE, -1, 0 <unfinished ...>
18293 mmap(NULL, 16384, PROT_READ|PROT_WRITE, MAP_PRIVATE|MAP_ANONYMOUS|MAP_NORESERVE, -1, 0 <unfinished ...>
18298 <... mmap resumed>)               = 0x7f53faeac000
18290 <... mmap resumed>)               = 0x7f53faeb4000
18288 <... munmap resumed>)             = 0
18298 munmap(0x7f53faeac000, 16384 <unfinished ...>
18290 munmap(0x7f53faeb4000, 16384 <unfinished ...>
18289 <... munmap resumed>)             = 0
18288 mmap(NULL, 16384, PROT_READ|PROT_WRITE, MAP_PRIVATE|MAP_ANONYMOUS|MAP_NORESERVE, -1, 0 <unfinished ...>
18299 <... mmap resumed>)               = 0x7f54030c2000
18293 <... mmap resumed>)               = 0x7f53faea8000
18289 mmap(NULL, 16384, PROT_READ|PROT_WRITE, MAP_PRIVATE|MAP_ANONYMOUS|MAP_NORESERVE, -1, 0 <unfinished ...>
18300 <... munmap resumed>)             = 0
18299 munmap(0x7f54030c2000, 16384 <unfinished ...>
18298 <... munmap resumed>)             = 0
18293 munmap(0x7f53faea8000, 16384 <unfinished ...>
18289 <... mmap resumed>)               = 0x7f53faeb0000
18288 <... mmap resumed>)               = 0x7f53faeac000
18300 mmap(NULL, 16384, PROT_READ|PROT_WRITE, MAP_PRIVATE|MAP_ANONYMOUS|MAP_NORESERVE, -1, 0 <unfinished ...>
18298 mmap(NULL, 16384, PROT_READ|PROT_WRITE, MAP_PRIVATE|MAP_ANONYMOUS|MAP_NORESERVE, -1, 0 <unfinished ...>
18290 <... munmap resumed>)             = 0
18286 <... mmap resumed>)               = 0x7f53faeb4000
18285 <... mmap resumed>)               = 0x7f53faea4000
18300 <... mmap resumed>)               = 0x7f54030c2000
18299 <... munmap resumed>)             = 0
18295 <... munmap resumed>)             = 0
18289 munmap(0x7f53faeb0000, 16384 <unfinished ...>
18288 munmap(0x7f53faeac000, 16384 <unfinished ...>
18300 munmap(0x7f54030c2000, 16384 <unfinished ...>
18299 mmap(NULL, 16384, PROT_READ|PROT_WRITE, MAP_PRIVATE|MAP_ANONYMOUS|MAP_NORESERVE, -1, 0 <unfinished ...>
18298 <... mmap resumed>)               = 0x7f53faea0000
18297 <... mmap resumed>)               = 0x7f53fae9c000
18295 mmap(NULL, 16384, PROT_READ|PROT_WRITE, MAP_PRIVATE|MAP_ANONYMOUS|MAP_NORESERVE, -1, 0 <unfinished ...>
18292 <... munmap resumed>)             = 0
18290 mmap(NULL, 16384, PROT_READ|PROT_WRITE, MAP_PRIVATE|MAP_ANONYMOUS|MAP_NORESERVE, -1, 0 <unfinished ...>
18287 <... mmap resumed>)               = 0x7f53fae98000
18286 munmap(0x7f53faeb4000, 16384 <unfinished ...>
18285 munmap(0x7f53faea4000, 16384 <unfinished ...>
18298 munmap(0x7f53faea0000, 16384 <unfinished ...>
18297 munmap(0x7f53fae9c000, 16384 <unfinished ...>
18296 <... mmap resumed>)               = 0x7f53fae90000
18295 <... mmap resumed>)               = 0x7f53fae94000
18294 <... mmap resumed>)               = 0x7f53faeb0000
18293 <... munmap resumed>)             = 0
18292 mmap(NULL, 16384, PROT_READ|PROT_WRITE, MAP_PRIVATE|MAP_ANONYMOUS|MAP_NORESERVE, -1, 0 <unfinished ...>
18291 <... mmap resumed>)               = 0x7f53faeac000
18290 <... mmap resumed>)               = 0x7f53fae8c000
18289 <... munmap resumed>)             = 0
18288 <... munmap resumed>)             = 0
18287 munmap(0x7f53fae98000, 16384 <unfinished ...>
18300 <... munmap resumed>)             = 0
18299 <... mmap resumed>)               = 0x7f53faea8000
18296 munmap(0x7f53fae90000, 16384 <unfinished ...>
18295 munmap(0x7f53fae94000, 16384 <unfinished ...>
18294 munmap(0x7f53faeb0000, 16384 <unfinished ...>
18293 mmap(NULL, 16384, PROT_READ|PROT_WRITE, MAP_PRIVATE|MAP_ANONYMOUS|MAP_NORESERVE, -1, 0 <unfinished ...>
18290 munmap(0x7f53fae8c000, 16384 <unfinished ...>
18289 mmap(NULL, 16384, PROT_READ|PROT_WRITE, MAP_PRIVATE|MAP_ANONYMOUS|MAP_NORESERVE, -1, 0 <unfinished ...>
18286 <... munmap resumed>)             = 0
18299 munmap(0x7f53faea8000, 16384 <unfinished ...>
18298 <... munmap resumed>)             = 0
18288 mmap(NULL, 16384, PROT_READ|PROT_WRITE, MAP_PRIVATE|MAP_ANONYMOUS|MAP_NORESERVE, -1, 0 <unfinished ...>
18300 mmap(NULL, 16384, PROT_READ|PROT_WRITE, MAP_PRIVATE|MAP_ANONYMOUS|MAP_NORESERVE, -1, 0 <unfinished ...>
18286 mmap(NULL, 16384, PROT_READ|PROT_WRITE, MAP_PRIVATE|MAP_ANONYMOUS|MAP_NORESERVE, -1, 0 <unfinished ...>
18291 munmap(0x7f53faeac000, 16384 <unfinished ...>
18298 mmap(NULL, 16384, PROT_READ|PROT_WRITE, MAP_PRIVATE|MAP_ANONYMOUS|MAP_NORESERVE, -1, 0 <unfinished ...>
18297 <... munmap resumed>)             = 0
18300 <... mmap resumed>)               = 0x7f54030c2000
18298 <... mmap resumed>)               = 0x7f53faeb4000
18292 <... mmap resumed>)               = 0x7f53faea4000
18285 <... munmap resumed>)             = 0
18300 munmap(0x7f54030c2000, 16384 <unfinished ...>
18298 munmap(0x7f53faeb4000, 16384 <unfinished ...>
18297 mmap(NULL, 16384, PROT_READ|PROT_WRITE, MAP_PRIVATE|MAP_ANONYMOUS|MAP_NORESERVE, -1, 0 <unfinished ...>
18287 <... munmap resumed>)             = 0
18300 <... munmap resumed>)             = 0
18296 <... munmap resumed>)             = 0
18294 <... munmap resumed>)             = 0
18292 munmap(0x7f53faea4000, 16384 <unfinished ...>
18290 <... munmap resumed>)             = 0
18285 mmap(NULL, 16384, PROT_READ|PROT_WRITE, MAP_PRIVATE|MAP_ANONYMOUS|MAP_NORESERVE, -1, 0 <unfinished ...>
18300 mmap(NULL, 16384, PROT_READ|PROT_WRITE, MAP_PRIVATE|MAP_ANONYMOUS|MAP_NORESERVE, -1, 0 <unfinished ...>
18299 <... munmap resumed>)             = 0
18297 <... mmap resumed>)               = 0x7f54030c2000
18296 mmap(NULL, 16384, PROT_READ|PROT_WRITE, MAP_PRIVATE|MAP_ANONYMOUS|MAP_NORESERVE, -1, 0 <unfinished ...>
18290 mmap(NULL, 16384, PROT_READ|PROT_WRITE, MAP_PRIVATE|MAP_ANONYMOUS|MAP_NORESERVE, -1, 0 <unfinished ...>
18287 mmap(NULL, 16384, PROT_READ|PROT_WRITE, MAP_PRIVATE|MAP_ANONYMOUS|MAP_NORESERVE, -1, 0 <unfinished ...>
18300 <... mmap resumed>)               = 0x7f53faeb0000
18297 munmap(0x7f54030c2000, 16384 <unfinished ...>
18299 mmap(NULL, 16384, PROT_READ|PROT_WRITE, MAP_PRIVATE|MAP_ANONYMOUS|MAP_NORESERVE, -1, 0 <unfinished ...>
18296 <... mmap resumed>)               = 0x7f53faea0000
18295 <... munmap resumed>)             = 0
18294 mmap(NULL, 16384, PROT_READ|PROT_WRITE, MAP_PRIVATE|MAP_ANONYMOUS|MAP_NORESERVE, -1, 0 <unfinished ...>
18293 <... mmap resumed>)               = 0x7f53fae9c000
18292 <... munmap resumed>)             = 0
18290 <... mmap resumed>)               = 0x7f53fae98000
18289 <... mmap resumed>)               = 0x7f53faea4000
18285 <... mmap resumed>)               = 0x7f53faea8000
18300 munmap(0x7f53faeb0000, 16384 <unfinished ...>
18295 mmap(NULL, 16384, PROT_READ|PROT_WRITE, MAP_PRIVATE|MAP_ANONYMOUS|MAP_NORESERVE, -1, 0 <unfinished ...>
18288 <... mmap resumed>)               = 0x7f53fae94000
18287 <... mmap resumed>)               = 0x7f53fae90000
18286 <... mmap resumed>)               = 0x7f53fae8c000
18297 <... munmap resumed>)             = 0
18293 munmap(0x7f53fae9c000, 16384 <unfinished ...>
18291 <... munmap resumed>)             = 0
18290 munmap(0x7f53fae98000, 16384 <unfinished ...>
18297 mmap(NULL, 16384, PROT_READ|PROT_WRITE, MAP_PRIVATE|MAP_ANONYMOUS|MAP_NORESERVE, -1, 0 <unfinished ...>
18296 munmap(0x7f53faea0000, 16384 <unfinished ...>
18292 mmap(NULL, 16384, PROT_READ|PROT_WRITE, MAP_PRIVATE|MAP_ANONYMOUS|MAP_NORESERVE, -1, 0 <unfinished ...>
18291 mmap(NULL, 16384, PROT_READ|PROT_WRITE, MAP_PRIVATE|MAP_ANONYMOUS|MAP_NORESERVE, -1, 0 <unfinished ...>
18287 munmap(0x7f53fae90000, 16384 <unfinished ...>
18300 <... munmap resumed>)             = 0
18290 <... munmap resumed>)             = 0
18286 munmap(0x7f53fae8c000, 16384 <unfinished ...>
18285 munmap(0x7f53faea8000, 16384 <unfinished ...>
18298 <... munmap resumed>)             = 0
18292 <... mmap resumed>)               = 0x7f54030c2000
18290 mmap(NULL, 16384, PROT_READ|PROT_WRITE, MAP_PRIVATE|MAP_ANONYMOUS|MAP_NORESERVE, -1, 0 <unfinished ...>
18287 <... munmap resumed>)             = 0
18300 mmap(NULL, 16384, PROT_READ|PROT_WRITE, MAP_PRIVATE|MAP_ANONYMOUS|MAP_NORESERVE, -1, 0 <unfinished ...>
18299 <... mmap resumed>)               = 0x7f53faeb0000
18298 mmap(NULL, 16384, PROT_READ|PROT_WRITE, MAP_PRIVATE|MAP_ANONYMOUS|MAP_NORESERVE, -1, 0 <unfinished ...>
18295 <... mmap resumed>)               = 0x7f53faeb4000
18289 munmap(0x7f53faea4000, 16384 <unfinished ...>
18286 <... munmap resumed>)             = 0
18300 <... mmap resumed>)               = 0x7f53fae98000
18299 munmap(0x7f53faeb0000, 16384 <unfinished ...>
18297 <... mmap resumed>)               = 0x7f53faeac000
18296 <... munmap resumed>)             = 0
18295 munmap(0x7f53faeb4000, 16384 <unfinished ...>
18294 <... mmap resumed>)               = 0x7f53fae90000
18293 <... munmap resumed>)             = 0
18291 <... mmap resumed>)               = 0x7f53faea0000
18288 munmap(0x7f53fae94000, 16384 <unfinished ...>
18287 mmap(NULL, 16384, PROT_READ|PROT_WRITE, MAP_PRIVATE|MAP_ANONYMOUS|MAP_NORESERVE, -1, 0 <unfinished ...>
18300 munmap(0x7f53fae98000, 16384 <unfinished ...>
18297 munmap(0x7f53faeac000, 16384 <unfinished ...>
18296 mmap(NULL, 16384, PROT_READ|PROT_WRITE, MAP_PRIVATE|MAP_ANONYMOUS|MAP_NORESERVE, -1, 0 <unfinished ...>
18294 munmap(0x7f53fae90000, 16384 <unfinished ...>
18293 mmap(NULL, 16384, PROT_READ|PROT_WRITE, MAP_PRIVATE|MAP_ANONYMOUS|MAP_NORESERVE, -1, 0 <unfinished ...>
18292 munmap(0x7f54030c2000, 16384 <unfinished ...>
18290 <... mmap resumed>)               = 0x7f53faea8000
18289 <... munmap resumed>)             = 0
18286 mmap(NULL, 16384, PROT_READ|PROT_WRITE, MAP_PRIVATE|MAP_ANONYMOUS|MAP_NORESERVE, -1, 0 <unfinished ...>
18285 <... munmap resumed>)             = 0
18299 <... munmap resumed>)             = 0
18298 <... mmap resumed>)               = 0x7f53faea4000
18295 <... munmap resumed>)             = 0
18294 <... munmap resumed>)             = 0
18291 munmap(0x7f53faea0000, 16384 <unfinished ...>
18290 munmap(0x7f53faea8000, 16384 <unfinished ...>
18289 mmap(NULL, 16384, PROT_READ|PROT_WRITE, MAP_PRIVATE|MAP_ANONYMOUS|MAP_NORESERVE, -1, 0 <unfinished ...>
18288 <... munmap resumed>)             = 0
18287 <... mmap resumed>)               = 0x7f53faeb4000
18300 <... munmap resumed>)             = 0
18299 mmap(NULL, 16384, PROT_READ|PROT_WRITE, MAP_PRIVATE|MAP_ANONYMOUS|MAP_NORESERVE, -1, 0 <unfinished ...>
18298 munmap(0x7f53faea4000, 16384 <unfinished ...>
18297 <... munmap resumed>)             = 0
18296 <... mmap resumed>)               = 0x7f53faeb0000
18295 mmap(NULL, 16384, PROT_READ|PROT_WRITE, MAP_PRIVATE|MAP_ANONYMOUS|MAP_NORESERVE, -1, 0 <unfinished ...>
18294 mmap(NULL, 16384, PROT_READ|PROT_WRITE, MAP_PRIVATE|MAP_ANONYMOUS|MAP_NORESERVE, -1, 0 <unfinished ...>
18292 <... munmap resumed>)             = 0
18289 <... mmap resumed>)               = 0x7f54030c2000
18288 mmap(NULL, 16384, PROT_READ|PROT_WRITE, MAP_PRIVATE|MAP_ANONYMOUS|MAP_NORESERVE, -1, 0 <unfinished ...>
18285 mmap(NULL, 16384, PROT_READ|PROT_WRITE, MAP_PRIVATE|MAP_ANONYMOUS|MAP_NORESERVE, -1, 0 <unfinished ...>
18300 mmap(NULL, 16384, PROT_READ|PROT_WRITE, MAP_PRIVATE|MAP_ANONYMOUS|MAP_NORESERVE, -1, 0 <unfinished ...>
18299 <... mmap resumed>)               = 0x7f53fae9c000
18298 <... munmap resumed>)             = 0
18297 mmap(NULL, 16384, PROT_READ|PROT_WRITE, MAP_PRIVATE|MAP_ANONYMOUS|MAP_NORESERVE, -1, 0 <unfinished ...>
18296 munmap(0x7f53faeb0000, 16384 <unfinished ...>
18295 <... mmap resumed>)               = 0x7f53fae98000
18293 <... mmap resumed>)               = 0x7f53faeac000
18292 mmap(NULL, 16384, PROT_READ|PROT_WRITE, MAP_PRIVATE|MAP_ANONYMOUS|MAP_NORESERVE, -1, 0 <unfinished ...>
18291 <... munmap resumed>)             = 0
18287 munmap(0x7f53faeb4000, 16384 <unfinished ...>
18286 <... mmap resumed>)               = 0x7f53faea4000
18300 <... mmap resumed>)               = 0x7f53fae94000
18299 munmap(0x7f53fae9c000, 16384 <unfinished ...>
18298 mmap(NULL, 16384, PROT_READ|PROT_WRITE, MAP_PRIVATE|MAP_ANONYMOUS|MAP_NORESERVE, -1, 0 <unfinished ...>
18296 <... munmap resumed>)             = 0
18295 munmap(0x7f53fae98000, 16384 <unfinished ...>
18294 <... mmap resumed>)               = 0x7f53fae90000
18290 <... munmap resumed>)             = 0
18289 munmap(0x7f54030c2000, 16384 <unfinished ...>
18288 <... mmap resumed>)               = 0x7f53faea0000
18285 <... mmap resumed>)               = 0x7f53faea8000
18297 <... mmap resumed>)               = 0x7f53faeb4000
18296 mmap(NULL, 16384, PROT_READ|PROT_WRITE, MAP_PRIVATE|MAP_ANONYMOUS|MAP_NORESERVE, -1, 0 <unfinished ...>
18291 mmap(NULL, 16384, PROT_READ|PROT_WRITE, MAP_PRIVATE|MAP_ANONYMOUS|MAP_NORESERVE, -1, 0 <unfinished ...>
18287 <... munmap resumed>)             = 0
18286 munmap(0x7f53faea4000, 16384 <unfinished ...>
18299 <... munmap resumed>)             = 0
18299 mmap(NULL, 16384, PROT_READ|PROT_WRITE, MAP_PRIVATE|MAP_ANONYMOUS|MAP_NORESERVE, -1, 0 <unfinished ...>
18294 munmap(0x7f53fae90000, 16384 <unfinished ...>
18290 mmap(NULL, 16384, PROT_READ|PROT_WRITE, MAP_PRIVATE|MAP_ANONYMOUS|MAP_NORESERVE, -1, 0 <unfinished ...>
18289 <... munmap resumed>)             = 0
18288 munmap(0x7f53faea0000, 16384 <unfinished ...>
18287 mmap(NULL, 16384, PROT_READ|PROT_WRITE, MAP_PRIVATE|MAP_ANONYMOUS|MAP_NORESERVE, -1, 0 <unfinished ...>
18285 munmap(0x7f53faea8000, 16384 <unfinished ...>
18299 <... mmap resumed>)               = 0x7f53faeb0000
18291 <... mmap resumed>)               = 0x7f54030c2000
18290 <... mmap resumed>)               = 0x7f53fae9c000
18299 munmap(0x7f53faeb0000, 16384 <unfinished ...>
18289 mmap(NULL, 16384, PROT_READ|PROT_WRITE, MAP_PRIVATE|MAP_ANONYMOUS|MAP_NORESERVE, -1, 0 <unfinished ...>
18287 <... mmap resumed>)               = 0x7f53fae8c000
18290 munmap(0x7f53fae9c000, 16384 <unfinished ...>
18300 munmap(0x7f53fae94000, 16384 <unfinished ...>
18293 munmap(0x7f53faeac000, 16384 <unfinished ...>
18287 munmap(0x7f53fae8c000, 16384 <unfinished ...>
18297 munmap(0x7f53faeb4000, 16384 <unfinished ...>
18292 <... mmap resumed>)               = 0x7f53fae88000
18298 <... mmap resumed>)               = 0x7f53faeac000
18293 <... munmap resumed>)             = 0
18292 munmap(0x7f53fae88000, 16384 <unfinished ...>
18298 munmap(0x7f53faeac000, 16384 <unfinished ...>
18295 <... munmap resumed>)             = 0
18296 <... mmap resumed>)               = 0x7f53fae98000
18293 mmap(NULL, 16384, PROT_READ|PROT_WRITE, MAP_PRIVATE|MAP_ANONYMOUS|MAP_NORESERVE, -1, 0 <unfinished ...>
18286 <... munmap resumed>)             = 0
18296 munmap(0x7f53fae98000, 16384 <unfinished ...>
18291 munmap(0x7f54030c2000, 16384 <unfinished ...>
18295 mmap(NULL, 16384, PROT_READ|PROT_WRITE, MAP_PRIVATE|MAP_ANONYMOUS|MAP_NORESERVE, -1, 0 <unfinished ...>
18293 <... mmap resumed>)               = 0x7f53faea4000
18286 mmap(NULL, 16384, PROT_READ|PROT_WRITE, MAP_PRIVATE|MAP_ANONYMOUS|MAP_NORESERVE, -1, 0 <unfinished ...>
18299 <... munmap resumed>)             = 0
18296 <... munmap resumed>)             = 0
18289 <... mmap resumed>)               = 0x7f53faeb0000
18299 mmap(NULL, 16384, PROT_READ|PROT_WRITE, MAP_PRIVATE|MAP_ANONYMOUS|MAP_NORESERVE, -1, 0 <unfinished ...>
18296 mmap(NULL, 16384, PROT_READ|PROT_WRITE, MAP_PRIVATE|MAP_ANONYMOUS|MAP_NORESERVE, -1, 0 <unfinished ...>
18286 <... mmap resumed>)               = 0x7f53faea8000
18285 <... munmap resumed>)             = 0
18299 <... mmap resumed>)               = 0x7f53fae98000
18294 <... munmap resumed>)             = 0
18289 munmap(0x7f53faeb0000, 16384 <unfinished ...>
18299 munmap(0x7f53fae98000, 16384 <unfinished ...>
18294 mmap(NULL, 16384, PROT_READ|PROT_WRITE, MAP_PRIVATE|MAP_ANONYMOUS|MAP_NORESERVE, -1, 0 <unfinished ...>
18290 <... munmap resumed>)             = 0
18286 munmap(0x7f53faea8000, 16384 <unfinished ...>
18285 mmap(NULL, 16384, PROT_READ|PROT_WRITE, MAP_PRIVATE|MAP_ANONYMOUS|MAP_NORESERVE, -1, 0 <unfinished ...>
18294 <... mmap resumed>)               = 0x7f53faeb0000
18289 <... munmap resumed>)             = 0
18288 <... munmap resumed>)             = 0
18287 <... munmap resumed>)             = 0
18290 mmap(NULL, 16384, PROT_READ|PROT_WRITE, MAP_PRIVATE|MAP_ANONYMOUS|MAP_NORESERVE, -1, 0 <unfinished ...>
18289 mmap(NULL, 16384, PROT_READ|PROT_WRITE, MAP_PRIVATE|MAP_ANONYMOUS|MAP_NORESERVE, -1, 0 <unfinished ...>
18288 mmap(NULL, 16384, PROT_READ|PROT_WRITE, MAP_PRIVATE|MAP_ANONYMOUS|MAP_NORESERVE, -1, 0 <unfinished ...>
18285 <... mmap resumed>)               = 0x7f53faea8000
18300 <... munmap resumed>)             = 0
18290 <... mmap resumed>)               = 0x7f53faea0000
18287 mmap(NULL, 16384, PROT_READ|PROT_WRITE, MAP_PRIVATE|MAP_ANONYMOUS|MAP_NORESERVE, -1, 0 <unfinished ...>
18286 <... munmap resumed>)             = 0
18300 mmap(NULL, 16384, PROT_READ|PROT_WRITE, MAP_PRIVATE|MAP_ANONYMOUS|MAP_NORESERVE, -1, 0 <unfinished ...>
18297 <... munmap resumed>)             = 0
18290 munmap(0x7f53faea0000, 16384 <unfinished ...>
18289 <... mmap resumed>)               = 0x7f53fae9c000
18288 <... mmap resumed>)               = 0x7f53faeb4000
18297 mmap(NULL, 16384, PROT_READ|PROT_WRITE, MAP_PRIVATE|MAP_ANONYMOUS|MAP_NORESERVE, -1, 0 <unfinished ...>
18292 <... munmap resumed>)             = 0
18287 <... mmap resumed>)               = 0x7f53fae94000
18286 mmap(NULL, 16384, PROT_READ|PROT_WRITE, MAP_PRIVATE|MAP_ANONYMOUS|MAP_NORESERVE, -1, 0 <unfinished ...>
18298 <... munmap resumed>)             = 0
18292 mmap(NULL, 16384, PROT_READ|PROT_WRITE, MAP_PRIVATE|MAP_ANONYMOUS|MAP_NORESERVE, -1, 0 <unfinished ...>
18288 munmap(0x7f53faeb4000, 16384 <unfinished ...>
18298 mmap(NULL, 16384, PROT_READ|PROT_WRITE, MAP_PRIVATE|MAP_ANONYMOUS|MAP_NORESERVE, -1, 0 <unfinished ...>
18297 <... mmap resumed>)               = 0x7f53faeac000
18298 <... mmap resumed>)               = 0x7f53fae8c000
18292 <... mmap resumed>)               = 0x7f53fae90000
18298 munmap(0x7f53fae8c000, 16384 <unfinished ...>
18291 <... munmap resumed>)             = 0
18295 <... mmap resumed>)               = 0x7f54030c2000
18293 munmap(0x7f53faea4000, 16384 <unfinished ...>
18291 mmap(NULL, 16384, PROT_READ|PROT_WRITE, MAP_PRIVATE|MAP_ANONYMOUS|MAP_NORESERVE, -1, 0 <unfinished ...>
18294 munmap(0x7f53faeb0000, 16384 <unfinished ...>
18292 munmap(0x7f53fae90000, 16384 <unfinished ...>
18289 munmap(0x7f53fae9c000, 16384 <unfinished ...>
18287 munmap(0x7f53fae94000, 16384 <unfinished ...>
18285 munmap(0x7f53faea8000, 16384 <unfinished ...>
18297 munmap(0x7f53faeac000, 16384 <unfinished ...>
18287 <... munmap resumed>)             = 0
18296 <... mmap resumed>)               = 0x7f53fae94000
18287 mmap(NULL, 16384, PROT_READ|PROT_WRITE, MAP_PRIVATE|MAP_ANONYMOUS|MAP_NORESERVE, -1, 0 <unfinished ...>
18300 <... mmap resumed>)               = 0x7f53faeac000
18299 <... munmap resumed>)             = 0
18297 <... munmap resumed>)             = 0
18296 munmap(0x7f53fae94000, 16384 <unfinished ...>
18287 <... mmap resumed>)               = 0x7f53fae98000
18299 mmap(NULL, 16384, PROT_READ|PROT_WRITE, MAP_PRIVATE|MAP_ANONYMOUS|MAP_NORESERVE, -1, 0 <unfinished ...>
18300 munmap(0x7f53faeac000, 16384 <unfinished ...>
18297 mmap(NULL, 16384, PROT_READ|PROT_WRITE, MAP_PRIVATE|MAP_ANONYMOUS|MAP_NORESERVE, -1, 0 <unfinished ...>
18290 <... munmap resumed>)             = 0
18296 <... munmap resumed>)             = 0
18286 <... mmap resumed>)               = 0x7f53faea0000
18297 <... mmap resumed>)               = 0x7f53fae94000
18290 mmap(NULL, 16384, PROT_READ|PROT_WRITE, MAP_PRIVATE|MAP_ANONYMOUS|MAP_NORESERVE, -1, 0 <unfinished ...>
18296 mmap(NULL, 16384, PROT_READ|PROT_WRITE, MAP_PRIVATE|MAP_ANONYMOUS|MAP_NORESERVE, -1, 0 <unfinished ...>
18286 munmap(0x7f53faea0000, 16384 <unfinished ...>
18290 <... mmap resumed>)               = 0x7f53faeb4000
18288 <... munmap resumed>)             = 0
18295 munmap(0x7f54030c2000, 16384 <unfinished ...>
18293 <... munmap resumed>)             = 0
18291 <... mmap resumed>)               = 0x7f53faea4000
18290 munmap(0x7f53faeb4000, 16384 <unfinished ...>
18287 munmap(0x7f53fae98000, 16384 <unfinished ...>
18297 munmap(0x7f53fae94000, 16384 <unfinished ...>
18291 munmap(0x7f53faea4000, 16384 <unfinished ...>
18288 mmap(NULL, 16384, PROT_READ|PROT_WRITE, MAP_PRIVATE|MAP_ANONYMOUS|MAP_NORESERVE, -1, 0 <unfinished ...>
18293 mmap(NULL, 16384, PROT_READ|PROT_WRITE, MAP_PRIVATE|MAP_ANONYMOUS|MAP_NORESERVE, -1, 0 <unfinished ...>
18295 <... munmap resumed>)             = 0
18295 mmap(NULL, 16384, PROT_READ|PROT_WRITE, MAP_PRIVATE|MAP_ANONYMOUS|MAP_NORESERVE, -1, 0 <unfinished ...>
18294 <... munmap resumed>)             = 0
18295 <... mmap resumed>)               = 0x7f54030c2000
18294 mmap(NULL, 16384, PROT_READ|PROT_WRITE, MAP_PRIVATE|MAP_ANONYMOUS|MAP_NORESERVE, -1, 0) = 0x7f53faeb0000
18294 munmap(0x7f53faeb0000, 16384 <unfinished ...>
18292 <... munmap resumed>)             = 0
18298 <... munmap resumed>)             = 0
18292 mmap(NULL, 16384, PROT_READ|PROT_WRITE, MAP_PRIVATE|MAP_ANONYMOUS|MAP_NORESERVE, -1, 0 <unfinished ...>
18289 <... munmap resumed>)             = 0
18298 mmap(NULL, 16384, PROT_READ|PROT_WRITE, MAP_PRIVATE|MAP_ANONYMOUS|MAP_NORESERVE, -1, 0 <unfinished ...>
18285 <... munmap resumed>)             = 0
18299 <... mmap resumed>)               = 0x7f53faea8000
18298 <... mmap resumed>)               = 0x7f53fae90000
18292 <... mmap resumed>)               = 0x7f53fae9c000
18289 mmap(NULL, 16384, PROT_READ|PROT_WRITE, MAP_PRIVATE|MAP_ANONYMOUS|MAP_NORESERVE, -1, 0 <unfinished ...>
18285 mmap(NULL, 16384, PROT_READ|PROT_WRITE, MAP_PRIVATE|MAP_ANONYMOUS|MAP_NORESERVE, -1, 0 <unfinished ...>
18300 <... munmap resumed>)             = 0
18298 munmap(0x7f53fae90000, 16384 <unfinished ...>
18296 <... mmap resumed>)               = 0x7f53faeac000
18292 munmap(0x7f53fae9c000, 16384 <unfinished ...>
18289 <... mmap resumed>)               = 0x7f53fae8c000
18300 mmap(NULL, 16384, PROT_READ|PROT_WRITE, MAP_PRIVATE|MAP_ANONYMOUS|MAP_NORESERVE, -1, 0 <unfinished ...>
18289 munmap(0x7f53fae8c000, 16384 <unfinished ...>
18285 <... mmap resumed>)               = 0x7f53fae88000
18300 <... mmap resumed>)               = 0x7f53fae90000
18298 <... munmap resumed>)             = 0
18300 munmap(0x7f53fae90000, 16384 <unfinished ...>
18298 mmap(NULL, 16384, PROT_READ|PROT_WRITE, MAP_PRIVATE|MAP_ANONYMOUS|MAP_NORESERVE, -1, 0 <unfinished ...>
18289 <... munmap resumed>)             = 0
18286 <... munmap resumed>)             = 0
18289 mmap(NULL, 16384, PROT_READ|PROT_WRITE, MAP_PRIVATE|MAP_ANONYMOUS|MAP_NORESERVE, -1, 0 <unfinished ...>
18286 mmap(NULL, 16384, PROT_READ|PROT_WRITE, MAP_PRIVATE|MAP_ANONYMOUS|MAP_NORESERVE, -1, 0 <unfinished ...>
18285 munmap(0x7f53fae88000, 16384 <unfinished ...>
18300 <... munmap resumed>)             = 0
18298 <... mmap resumed>)               = 0x7f53faea0000
18300 mmap(NULL, 16384, PROT_READ|PROT_WRITE, MAP_PRIVATE|MAP_ANONYMOUS|MAP_NORESERVE, -1, 0 <unfinished ...>
18289 <... mmap resumed>)               = 0x7f53fae98000
18287 <... munmap resumed>)             = 0
18289 munmap(0x7f53fae98000, 16384 <unfinished ...>
18287 mmap(NULL, 16384, PROT_READ|PROT_WRITE, MAP_PRIVATE|MAP_ANONYMOUS|MAP_NORESERVE, -1, 0 <unfinished ...>
18285 <... munmap resumed>)             = 0
18297 <... munmap resumed>)             = 0
18290 <... munmap resumed>)             = 0
18285 mmap(NULL, 16384, PROT_READ|PROT_WRITE, MAP_PRIVATE|MAP_ANONYMOUS|MAP_NORESERVE, -1, 0 <unfinished ...>
18297 mmap(NULL, 16384, PROT_READ|PROT_WRITE, MAP_PRIVATE|MAP_ANONYMOUS|MAP_NORESERVE, -1, 0 <unfinished ...>
18293 <... mmap resumed>)               = 0x7f53faea4000
18291 <... munmap resumed>)             = 0
18290 mmap(NULL, 16384, PROT_READ|PROT_WRITE, MAP_PRIVATE|MAP_ANONYMOUS|MAP_NORESERVE, -1, 0 <unfinished ...>
18288 <... mmap resumed>)               = 0x7f53faeb4000
18299 munmap(0x7f53faea8000, 16384 <unfinished ...>
18298 munmap(0x7f53faea0000, 16384 <unfinished ...>
18296 munmap(0x7f53faeac000, 16384 <unfinished ...>
18295 munmap(0x7f54030c2000, 16384 <unfinished ...>
18293 munmap(0x7f53faea4000, 16384 <unfinished ...>
18291 mmap(NULL, 16384, PROT_READ|PROT_WRITE, MAP_PRIVATE|MAP_ANONYMOUS|MAP_NORESERVE, -1, 0 <unfinished ...>
18294 <... munmap resumed>)             = 0
18292 <... munmap resumed>)             = 0
18294 mmap(NULL, 16384, PROT_READ|PROT_WRITE, MAP_PRIVATE|MAP_ANONYMOUS|MAP_NORESERVE, -1, 0 <unfinished ...>
18288 munmap(0x7f53faeb4000, 16384 <unfinished ...>
18294 <... mmap resumed>)               = 0x7f53faeb0000
18293 <... munmap resumed>)             = 0
18292 mmap(NULL, 16384, PROT_READ|PROT_WRITE, MAP_PRIVATE|MAP_ANONYMOUS|MAP_NORESERVE, -1, 0 <unfinished ...>
18286 <... mmap resumed>)               = 0x7f53faea4000
18300 <... mmap resumed>)               = 0x7f53fae9c000
18294 munmap(0x7f53faeb0000, 16384 <unfinished ...>
18293 mmap(NULL, 16384, PROT_READ|PROT_WRITE, MAP_PRIVATE|MAP_ANONYMOUS|MAP_NORESERVE, -1, 0 <unfinished ...>
18292 <... mmap resumed>)               = 0x7f53fae98000
18289 <... munmap resumed>)             = 0
18286 munmap(0x7f53faea4000, 16384 <unfinished ...>
18300 munmap(0x7f53fae9c000, 16384 <unfinished ...>
18289 mmap(NULL, 16384, PROT_READ|PROT_WRITE, MAP_PRIVATE|MAP_ANONYMOUS|MAP_NORESERVE, -1, 0 <unfinished ...>
18287 <... mmap resumed>)               = 0x7f53fae94000
18293 <... mmap resumed>)               = 0x7f53fae90000
18287 munmap(0x7f53fae94000, 16384 <unfinished ...>
18286 <... munmap resumed>)             = 0
18285 <... mmap resumed>)               = 0x7f53faea4000
18286 mmap(NULL, 16384, PROT_READ|PROT_WRITE, MAP_PRIVATE|MAP_ANONYMOUS|MAP_NORESERVE, -1, 0 <unfinished ...>
18285 munmap(0x7f53faea4000, 16384 <unfinished ...>
18287 <... munmap resumed>)             = 0
18286 <... mmap resumed>)               = 0x7f53fae94000
18297 <... mmap resumed>)               = 0x7f53faea4000
18285 <... munmap resumed>)             = 0
18290 <... mmap resumed>)               = 0x7f53fae8c000
18287 mmap(NULL, 16384, PROT_READ|PROT_WRITE, MAP_PRIVATE|MAP_ANONYMOUS|MAP_NORESERVE, -1, 0 <unfinished ...>
18286 munmap(0x7f53fae94000, 16384 <unfinished ...>
18298 <... munmap resumed>)             = 0
18297 munmap(0x7f53faea4000, 16384 <unfinished ...>
18291 <... mmap resumed>)               = 0x7f53faea0000
18290 munmap(0x7f53fae8c000, 16384 <unfinished ...>
18285 mmap(NULL, 16384, PROT_READ|PROT_WRITE, MAP_PRIVATE|MAP_ANONYMOUS|MAP_NORESERVE, -1, 0 <unfinished ...>
18298 mmap(NULL, 16384, PROT_READ|PROT_WRITE, MAP_PRIVATE|MAP_ANONYMOUS|MAP_NORESERVE, -1, 0 <unfinished ...>
18297 <... munmap resumed>)             = 0
18296 <... munmap resumed>)             = 0
18291 munmap(0x7f53faea0000, 16384 <unfinished ...>
18287 <... mmap resumed>)               = 0x7f53fae88000
18299 <... munmap resumed>)             = 0
18297 mmap(NULL, 16384, PROT_READ|PROT_WRITE, MAP_PRIVATE|MAP_ANONYMOUS|MAP_NORESERVE, -1, 0 <unfinished ...>
18296 mmap(NULL, 16384, PROT_READ|PROT_WRITE, MAP_PRIVATE|MAP_ANONYMOUS|MAP_NORESERVE, -1, 0 <unfinished ...>
18295 <... munmap resumed>)             = 0
18291 <... munmap resumed>)             = 0
18290 <... munmap resumed>)             = 0
18285 <... mmap resumed>)               = 0x7f53faeac000
18299 mmap(NULL, 16384, PROT_READ|PROT_WRITE, MAP_PRIVATE|MAP_ANONYMOUS|MAP_NORESERVE, -1, 0 <unfinished ...>
18297 <... mmap resumed>)               = 0x7f54030c2000
18295 mmap(NULL, 16384, PROT_READ|PROT_WRITE, MAP_PRIVATE|MAP_ANONYMOUS|MAP_NORESERVE, -1, 0 <unfinished ...>
18292 munmap(0x7f53fae98000, 16384 <unfinished ...>
18291 mmap(NULL, 16384, PROT_READ|PROT_WRITE, MAP_PRIVATE|MAP_ANONYMOUS|MAP_NORESERVE, -1, 0 <unfinished ...>
18290 mmap(NULL, 16384, PROT_READ|PROT_WRITE, MAP_PRIVATE|MAP_ANONYMOUS|MAP_NORESERVE, -1, 0 <unfinished ...>
18288 <... munmap resumed>)             = 0
18287 munmap(0x7f53fae88000, 16384 <unfinished ...>
18299 <... mmap resumed>)               = 0x7f53faeb4000
18297 munmap(0x7f54030c2000, 16384 <unfinished ...>
18293 munmap(0x7f53fae90000, 16384 <unfinished ...>
18292 <... munmap resumed>)             = 0
18291 <... mmap resumed>)               = 0x7f53faea8000
18290 <... mmap resumed>)               = 0x7f53faea4000
18288 mmap(NULL, 16384, PROT_READ|PROT_WRITE, MAP_PRIVATE|MAP_ANONYMOUS|MAP_NORESERVE, -1, 0 <unfinished ...>
18285 munmap(0x7f53faeac000, 16384 <unfinished ...>
18300 <... munmap resumed>)             = 0
18299 munmap(0x7f53faeb4000, 16384 <unfinished ...>
18294 <... munmap resumed>)             = 0
18289 <... mmap resumed>)               = 0x7f53faeb0000
18297 <... munmap resumed>)             = 0
18288 <... mmap resumed>)               = 0x7f54030c2000
18297 mmap(NULL, 16384, PROT_READ|PROT_WRITE, MAP_PRIVATE|MAP_ANONYMOUS|MAP_NORESERVE, -1, 0 <unfinished ...>
18289 munmap(0x7f53faeb0000, 16384 <unfinished ...>
18288 munmap(0x7f54030c2000, 16384 <unfinished ...>
18300 mmap(NULL, 16384, PROT_READ|PROT_WRITE, MAP_PRIVATE|MAP_ANONYMOUS|MAP_NORESERVE, -1, 0 <unfinished ...>
18297 <... mmap resumed>)               = 0x7f53faea0000
18294 mmap(NULL, 16384, PROT_READ|PROT_WRITE, MAP_PRIVATE|MAP_ANONYMOUS|MAP_NORESERVE, -1, 0 <unfinished ...>
18292 mmap(NULL, 16384, PROT_READ|PROT_WRITE, MAP_PRIVATE|MAP_ANONYMOUS|MAP_NORESERVE, -1, 0 <unfinished ...>
18291 munmap(0x7f53faea8000, 16384 <unfinished ...>
18286 <... munmap resumed>)             = 0
18300 <... mmap resumed>)               = 0x7f53faeb4000
18299 <... munmap resumed>)             = 0
18298 <... mmap resumed>)               = 0x7f53fae9c000
18296 <... mmap resumed>)               = 0x7f53fae98000
18295 <... mmap resumed>)               = 0x7f53fae94000
18286 mmap(NULL, 16384, PROT_READ|PROT_WRITE, MAP_PRIVATE|MAP_ANONYMOUS|MAP_NORESERVE, -1, 0 <unfinished ...>
18300 munmap(0x7f53faeb4000, 16384 <unfinished ...>
18299 mmap(NULL, 16384, PROT_READ|PROT_WRITE, MAP_PRIVATE|MAP_ANONYMOUS|MAP_NORESERVE, -1, 0 <unfinished ...>
18292 <... mmap resumed>)               = 0x7f53fae8c000
18287 <... munmap resumed>)             = 0
18296 munmap(0x7f53fae98000, 16384 <unfinished ...>
18295 munmap(0x7f53fae94000, 16384 <unfinished ...>
18292 munmap(0x7f53fae8c000, 16384 <unfinished ...>
18287 mmap(NULL, 16384, PROT_READ|PROT_WRITE, MAP_PRIVATE|MAP_ANONYMOUS|MAP_NORESERVE, -1, 0 <unfinished ...>
18289 <... munmap resumed>)             = 0
18296 <... munmap resumed>)             = 0
18289 mmap(NULL, 16384, PROT_READ|PROT_WRITE, MAP_PRIVATE|MAP_ANONYMOUS|MAP_NORESERVE, -1, 0 <unfinished ...>
18296 mmap(NULL, 16384, PROT_READ|PROT_WRITE, MAP_PRIVATE|MAP_ANONYMOUS|MAP_NORESERVE, -1, 0 <unfinished ...>
18292 <... munmap resumed>)             = 0
18292 mmap(NULL, 16384, PROT_READ|PROT_WRITE, MAP_PRIVATE|MAP_ANONYMOUS|MAP_NORESERVE, -1, 0) = 0x7f54030c2000
18288 <... munmap resumed>)             = 0
18297 munmap(0x7f53faea0000, 16384 <unfinished ...>
18290 munmap(0x7f53faea4000, 16384 <unfinished ...>
18288 mmap(NULL, 16384, PROT_READ|PROT_WRITE, MAP_PRIVATE|MAP_ANONYMOUS|MAP_NORESERVE, -1, 0 <unfinished ...>
18293 <... munmap resumed>)             = 0
18293 mmap(NULL, 16384, PROT_READ|PROT_WRITE, MAP_PRIVATE|MAP_ANONYMOUS|MAP_NORESERVE, -1, 0 <unfinished ...>
18298 munmap(0x7f53fae9c000, 16384 <unfinished ...>
18293 <... mmap resumed>)               = 0x7f53faeb0000
18285 <... munmap resumed>)             = 0
18298 <... munmap resumed>)             = 0
18294 <... mmap resumed>)               = 0x7f53faeac000
18293 munmap(0x7f53faeb0000, 16384 <unfinished ...>
18291 <... munmap resumed>)             = 0
18285 mmap(NULL, 16384, PROT_READ|PROT_WRITE, MAP_PRIVATE|MAP_ANONYMOUS|MAP_NORESERVE, -1, 0 <unfinished ...>
18300 <... munmap resumed>)             = 0
18299 <... mmap resumed>)               = 0x7f53faea8000
18298 mmap(NULL, 16384, PROT_READ|PROT_WRITE, MAP_PRIVATE|MAP_ANONYMOUS|MAP_NORESERVE, -1, 0 <unfinished ...>
18295 <... munmap resumed>)             = 0
18293 <... munmap resumed>)             = 0
18291 mmap(NULL, 16384, PROT_READ|PROT_WRITE, MAP_PRIVATE|MAP_ANONYMOUS|MAP_NORESERVE, -1, 0 <unfinished ...>
18286 <... mmap resumed>)               = 0x7f53faeb4000
18300 mmap(NULL, 16384, PROT_READ|PROT_WRITE, MAP_PRIVATE|MAP_ANONYMOUS|MAP_NORESERVE, -1, 0 <unfinished ...>
18299 munmap(0x7f53faea8000, 16384 <unfinished ...>
18296 <... mmap resumed>)               = 0x7f53fae94000
18295 mmap(NULL, 16384, PROT_READ|PROT_WRITE, MAP_PRIVATE|MAP_ANONYMOUS|MAP_NORESERVE, -1, 0 <unfinished ...>
18294 munmap(0x7f53faeac000, 16384 <unfinished ...>
18293 mmap(NULL, 16384, PROT_READ|PROT_WRITE, MAP_PRIVATE|MAP_ANONYMOUS|MAP_NORESERVE, -1, 0 <unfinished ...>
18292 munmap(0x7f54030c2000, 16384 <unfinished ...>
18289 <... mmap resumed>)               = 0x7f53fae98000
18287 <... mmap resumed>)               = 0x7f53faeb0000
18285 <... mmap resumed>)               = 0x7f53fae9c000
18297 <... munmap resumed>)             = 0
18294 <... munmap resumed>)             = 0
18291 <... mmap resumed>)               = 0x7f53faea0000
18297 mmap(NULL, 16384, PROT_READ|PROT_WRITE, MAP_PRIVATE|MAP_ANONYMOUS|MAP_NORESERVE, -1, 0 <unfinished ...>
18294 mmap(NULL, 16384, PROT_READ|PROT_WRITE, MAP_PRIVATE|MAP_ANONYMOUS|MAP_NORESERVE, -1, 0 <unfinished ...>
18289 munmap(0x7f53fae98000, 16384 <unfinished ...>
18297 <... mmap resumed>)               = 0x7f53faeac000
18294 <... mmap resumed>)               = 0x7f53fae90000
18297 munmap(0x7f53faeac000, 16384 <unfinished ...>
18294 munmap(0x7f53fae90000, 16384 <unfinished ...>
18291 munmap(0x7f53faea0000, 16384 <unfinished ...>
18289 <... munmap resumed>)             = 0
18288 <... mmap resumed>)               = 0x7f53fae98000
18296 munmap(0x7f53fae94000, 16384 <unfinished ...>
18288 munmap(0x7f53fae98000, 16384 <unfinished ...>
18289 mmap(NULL, 16384, PROT_READ|PROT_WRITE, MAP_PRIVATE|MAP_ANONYMOUS|MAP_NORESERVE, -1, 0 <unfinished ...>
18292 <... munmap resumed>)             = 0
18288 <... munmap resumed>)             = 0
18290 <... munmap resumed>)             = 0
18289 <... mmap resumed>)               = 0x7f54030c2000
18292 mmap(NULL, 16384, PROT_READ|PROT_WRITE, MAP_PRIVATE|MAP_ANONYMOUS|MAP_NORESERVE, -1, 0 <unfinished ...>
18290 mmap(NULL, 16384, PROT_READ|PROT_WRITE, MAP_PRIVATE|MAP_ANONYMOUS|MAP_NORESERVE, -1, 0 <unfinished ...>
18289 munmap(0x7f54030c2000, 16384 <unfinished ...>
18288 mmap(NULL, 16384, PROT_READ|PROT_WRITE, MAP_PRIVATE|MAP_ANONYMOUS|MAP_NORESERVE, -1, 0 <unfinished ...>
18298 <... mmap resumed>)               = 0x7f53faea4000
18286 munmap(0x7f53faeb4000, 16384 <unfinished ...>
18285 munmap(0x7f53fae9c000, 16384 <unfinished ...>
18300 <... mmap resumed>)               = 0x7f53fae98000
18290 <... mmap resumed>)               = 0x7f53fae8c000
18287 munmap(0x7f53faeb0000, 16384 <unfinished ...>
18300 munmap(0x7f53fae98000, 16384 <unfinished ...>
18299 <... munmap resumed>)             = 0
18298 munmap(0x7f53faea4000, 16384 <unfinished ...>
18295 <... mmap resumed>)               = 0x7f53fae9c000
18293 <... mmap resumed>)               = 0x7f54030c2000
18290 munmap(0x7f53fae8c000, 16384 <unfinished ...>
18289 <... munmap resumed>)             = 0
18288 <... mmap resumed>)               = 0x7f53fae88000
18285 <... munmap resumed>)             = 0
18299 mmap(NULL, 16384, PROT_READ|PROT_WRITE, MAP_PRIVATE|MAP_ANONYMOUS|MAP_NORESERVE, -1, 0 <unfinished ...>
18297 <... munmap resumed>)             = 0
18295 munmap(0x7f53fae9c000, 16384 <unfinished ...>
18294 <... munmap resumed>)             = 0
18291 <... munmap resumed>)             = 0
18289 mmap(NULL, 16384, PROT_READ|PROT_WRITE, MAP_PRIVATE|MAP_ANONYMOUS|MAP_NORESERVE, -1, 0 <unfinished ...>
18288 munmap(0x7f53fae88000, 16384 <unfinished ...>
18287 <... munmap resumed>)             = 0
18299 <... mmap resumed>)               = 0x7f53faeb0000
18297 mmap(NULL, 16384, PROT_READ|PROT_WRITE, MAP_PRIVATE|MAP_ANONYMOUS|MAP_NORESERVE, -1, 0 <unfinished ...>
18296 <... munmap resumed>)             = 0
18295 <... munmap resumed>)             = 0
18294 mmap(NULL, 16384, PROT_READ|PROT_WRITE, MAP_PRIVATE|MAP_ANONYMOUS|MAP_NORESERVE, -1, 0 <unfinished ...>
18292 <... mmap resumed>)               = 0x7f53faeac000
18291 mmap(NULL, 16384, PROT_READ|PROT_WRITE, MAP_PRIVATE|MAP_ANONYMOUS|MAP_NORESERVE, -1, 0 <unfinished ...>
18290 <... munmap resumed>)             = 0
18289 <... mmap resumed>)               = 0x7f53faea8000
18285 mmap(NULL, 16384, PROT_READ|PROT_WRITE, MAP_PRIVATE|MAP_ANONYMOUS|MAP_NORESERVE, -1, 0 <unfinished ...>
18288 <... munmap resumed>)             = 0
18300 <... munmap resumed>)             = 0
18299 munmap(0x7f53faeb0000, 16384 <unfinished ...>
18298 <... munmap resumed>)             = 0
18296 mmap(NULL, 16384, PROT_READ|PROT_WRITE, MAP_PRIVATE|MAP_ANONYMOUS|MAP_NORESERVE, -1, 0 <unfinished ...>
18295 mmap(NULL, 16384, PROT_READ|PROT_WRITE, MAP_PRIVATE|MAP_ANONYMOUS|MAP_NORESERVE, -1, 0 <unfinished ...>
18294 <... mmap resumed>)               = 0x7f53faeb4000
18293 munmap(0x7f54030c2000, 16384 <unfinished ...>
18292 munmap(0x7f53faeac000, 16384 <unfinished ...>
18291 <... mmap resumed>)               = 0x7f53faea4000
18290 mmap(NULL, 16384, PROT_READ|PROT_WRITE, MAP_PRIVATE|MAP_ANONYMOUS|MAP_NORESERVE, -1, 0 <unfinished ...>
18288 mmap(NULL, 16384, PROT_READ|PROT_WRITE, MAP_PRIVATE|MAP_ANONYMOUS|MAP_NORESERVE, -1, 0 <unfinished ...>
18287 mmap(NULL, 16384, PROT_READ|PROT_WRITE, MAP_PRIVATE|MAP_ANONYMOUS|MAP_NORESERVE, -1, 0 <unfinished ...>
18286 <... munmap resumed>)             = 0
18300 mmap(NULL, 16384, PROT_READ|PROT_WRITE, MAP_PRIVATE|MAP_ANONYMOUS|MAP_NORESERVE, -1, 0 <unfinished ...>
18298 mmap(NULL, 16384, PROT_READ|PROT_WRITE, MAP_PRIVATE|MAP_ANONYMOUS|MAP_NORESERVE, -1, 0 <unfinished ...>
18297 <... mmap resumed>)               = 0x7f53faea0000
18294 munmap(0x7f53faeb4000, 16384 <unfinished ...>
18289 munmap(0x7f53faea8000, 16384 <unfinished ...>
18299 <... munmap resumed>)             = 0
18297 munmap(0x7f53faea0000, 16384 <unfinished ...>
18291 munmap(0x7f53faea4000, 16384 <unfinished ...>
18288 <... mmap resumed>)               = 0x7f53faeb0000
18286 mmap(NULL, 16384, PROT_READ|PROT_WRITE, MAP_PRIVATE|MAP_ANONYMOUS|MAP_NORESERVE, -1, 0 <unfinished ...>
18285 <... mmap resumed>)               = 0x7f53fae9c000
18300 <... mmap resumed>)               = 0x7f53faea8000
18299 mmap(NULL, 16384, PROT_READ|PROT_WRITE, MAP_PRIVATE|MAP_ANONYMOUS|MAP_NORESERVE, -1, 0 <unfinished ...>
18289 <... munmap resumed>)             = 0
18288 munmap(0x7f53faeb0000, 16384 <unfinished ...>
18300 munmap(0x7f53faea8000, 16384 <unfinished ...>
18294 <... munmap resumed>)             = 0
18289 mmap(NULL, 16384, PROT_READ|PROT_WRITE, MAP_PRIVATE|MAP_ANONYMOUS|MAP_NORESERVE, -1, 0 <unfinished ...>
18285 munmap(0x7f53fae9c000, 16384 <unfinished ...>
18300 <... munmap resumed>)             = 0
18299 <... mmap resumed>)               = 0x7f53faeb4000
18288 <... munmap resumed>)             = 0
18294 mmap(NULL, 16384, PROT_READ|PROT_WRITE, MAP_PRIVATE|MAP_ANONYMOUS|MAP_NORESERVE, -1, 0 <unfinished ...>
18300 mmap(NULL, 16384, PROT_READ|PROT_WRITE, MAP_PRIVATE|MAP_ANONYMOUS|MAP_NORESERVE, -1, 0 <unfinished ...>
18296 <... mmap resumed>)               = 0x7f53faea8000
18300 <... mmap resumed>)               = 0x7f53fae9c000
18299 munmap(0x7f53faeb4000, 16384 <unfinished ...>
18289 <... mmap resumed>)               = 0x7f53faeb0000
18288 mmap(NULL, 16384, PROT_READ|PROT_WRITE, MAP_PRIVATE|MAP_ANONYMOUS|MAP_NORESERVE, -1, 0 <unfinished ...>
18285 <... munmap resumed>)             = 0
18299 <... munmap resumed>)             = 0
18294 <... mmap resumed>)               = 0x7f53fae98000
18300 munmap(0x7f53fae9c000, 16384 <unfinished ...>
18299 mmap(NULL, 16384, PROT_READ|PROT_WRITE, MAP_PRIVATE|MAP_ANONYMOUS|MAP_NORESERVE, -1, 0 <unfinished ...>
18289 munmap(0x7f53faeb0000, 16384 <unfinished ...>
18288 <... mmap resumed>)               = 0x7f53faeb4000
18285 mmap(NULL, 16384, PROT_READ|PROT_WRITE, MAP_PRIVATE|MAP_ANONYMOUS|MAP_NORESERVE, -1, 0 <unfinished ...>
18299 <... mmap resumed>)               = 0x7f54030c2000
18295 <... mmap resumed>)               = 0x7f53fae94000
18294 munmap(0x7f53fae98000, 16384 <unfinished ...>
18293 <... munmap resumed>)             = 0
18292 <... munmap resumed>)             = 0
18295 munmap(0x7f53fae94000, 16384 <unfinished ...>
18290 <... mmap resumed>)               = 0x7f53fae8c000
18287 <... mmap resumed>)               = 0x7f53faeac000
18285 <... mmap resumed>)               = 0x7f53fae90000
18295 <... munmap resumed>)             = 0
18294 <... munmap resumed>)             = 0
18293 mmap(NULL, 16384, PROT_READ|PROT_WRITE, MAP_PRIVATE|MAP_ANONYMOUS|MAP_NORESERVE, -1, 0 <unfinished ...>
18292 mmap(NULL, 16384, PROT_READ|PROT_WRITE, MAP_PRIVATE|MAP_ANONYMOUS|MAP_NORESERVE, -1, 0 <unfinished ...>
18287 munmap(0x7f53faeac000, 16384 <unfinished ...>
18285 munmap(0x7f53fae90000, 16384 <unfinished ...>
18295 mmap(NULL, 16384, PROT_READ|PROT_WRITE, MAP_PRIVATE|MAP_ANONYMOUS|MAP_NORESERVE, -1, 0 <unfinished ...>
18294 mmap(NULL, 16384, PROT_READ|PROT_WRITE, MAP_PRIVATE|MAP_ANONYMOUS|MAP_NORESERVE, -1, 0 <unfinished ...>
18297 <... munmap resumed>)             = 0
18285 <... munmap resumed>)             = 0
18298 <... mmap resumed>)               = 0x7f53faea4000
18297 mmap(NULL, 16384, PROT_READ|PROT_WRITE, MAP_PRIVATE|MAP_ANONYMOUS|MAP_NORESERVE, -1, 0 <unfinished ...>
18291 <... munmap resumed>)             = 0
18285 mmap(NULL, 16384, PROT_READ|PROT_WRITE, MAP_PRIVATE|MAP_ANONYMOUS|MAP_NORESERVE, -1, 0 <unfinished ...>
18298 munmap(0x7f53faea4000, 16384 <unfinished ...>
18296 munmap(0x7f53faea8000, 16384 <unfinished ...>
18290 munmap(0x7f53fae8c000, 16384 <unfinished ...>
18288 munmap(0x7f53faeb4000, 16384 <unfinished ...>
18286 <... mmap resumed>)               = 0x7f53faea0000
18300 <... munmap resumed>)             = 0
18299 munmap(0x7f54030c2000, 16384 <unfinished ...>
18298 <... munmap resumed>)             = 0
18291 mmap(NULL, 16384, PROT_READ|PROT_WRITE, MAP_PRIVATE|MAP_ANONYMOUS|MAP_NORESERVE, -1, 0 <unfinished ...>
18285 <... mmap resumed>)               = 0x7f53fae98000
18300 mmap(NULL, 16384, PROT_READ|PROT_WRITE, MAP_PRIVATE|MAP_ANONYMOUS|MAP_NORESERVE, -1, 0 <unfinished ...>
18298 mmap(NULL, 16384, PROT_READ|PROT_WRITE, MAP_PRIVATE|MAP_ANONYMOUS|MAP_NORESERVE, -1, 0 <unfinished ...>
18289 <... munmap resumed>)             = 0
18286 munmap(0x7f53faea0000, 16384 <unfinished ...>
18300 <... mmap resumed>)               = 0x7f53fae9c000
18292 <... mmap resumed>)               = 0x7f53faea4000
18291 <... mmap resumed>)               = 0x7f53faeb0000
18298 <... mmap resumed>)               = 0x7f53fae94000
18289 mmap(NULL, 16384, PROT_READ|PROT_WRITE, MAP_PRIVATE|MAP_ANONYMOUS|MAP_NORESERVE, -1, 0 <unfinished ...>
18286 <... munmap resumed>)             = 0
18293 <... mmap resumed>)               = 0x7f53faea0000
18300 munmap(0x7f53fae9c000, 16384 <unfinished ...>
18298 munmap(0x7f53fae94000, 16384 <unfinished ...>
18292 munmap(0x7f53faea4000, 16384 <unfinished ...>
18291 munmap(0x7f53faeb0000, 16384 <unfinished ...>
18286 mmap(NULL, 16384, PROT_READ|PROT_WRITE, MAP_PRIVATE|MAP_ANONYMOUS|MAP_NORESERVE, -1, 0 <unfinished ...>
18295 <... mmap resumed>)               = 0x7f53faeac000
18293 munmap(0x7f53faea0000, 16384 <unfinished ...>
18287 <... munmap resumed>)             = 0
18300 <... munmap resumed>)             = 0
18294 <... mmap resumed>)               = 0x7f53fae9c000
18286 <... mmap resumed>)               = 0x7f53fae90000
18300 mmap(NULL, 16384, PROT_READ|PROT_WRITE, MAP_PRIVATE|MAP_ANONYMOUS|MAP_NORESERVE, -1, 0 <unfinished ...>
18297 <... mmap resumed>)               = 0x7f53fae88000
18296 <... munmap resumed>)             = 0
18294 munmap(0x7f53fae9c000, 16384 <unfinished ...>
18293 <... munmap resumed>)             = 0
18287 mmap(NULL, 16384, PROT_READ|PROT_WRITE, MAP_PRIVATE|MAP_ANONYMOUS|MAP_NORESERVE, -1, 0 <unfinished ...>
18297 munmap(0x7f53fae88000, 16384 <unfinished ...>
18296 mmap(NULL, 16384, PROT_READ|PROT_WRITE, MAP_PRIVATE|MAP_ANONYMOUS|MAP_NORESERVE, -1, 0 <unfinished ...>
18293 mmap(NULL, 16384, PROT_READ|PROT_WRITE, MAP_PRIVATE|MAP_ANONYMOUS|MAP_NORESERVE, -1, 0 <unfinished ...>
18290 <... munmap resumed>)             = 0
18288 <... munmap resumed>)             = 0
18286 munmap(0x7f53fae90000, 16384 <unfinished ...>
18287 <... mmap resumed>)               = 0x7f53faeb4000
18297 <... munmap resumed>)             = 0
18294 <... munmap resumed>)             = 0
18290 mmap(NULL, 16384, PROT_READ|PROT_WRITE, MAP_PRIVATE|MAP_ANONYMOUS|MAP_NORESERVE, -1, 0 <unfinished ...>
18288 mmap(NULL, 16384, PROT_READ|PROT_WRITE, MAP_PRIVATE|MAP_ANONYMOUS|MAP_NORESERVE, -1, 0 <unfinished ...>
18286 <... munmap resumed>)             = 0
18297 mmap(NULL, 16384, PROT_READ|PROT_WRITE, MAP_PRIVATE|MAP_ANONYMOUS|MAP_NORESERVE, -1, 0 <unfinished ...>
18295 munmap(0x7f53faeac000, 16384 <unfinished ...>
18294 mmap(NULL, 16384, PROT_READ|PROT_WRITE, MAP_PRIVATE|MAP_ANONYMOUS|MAP_NORESERVE, -1, 0 <unfinished ...>
18287 munmap(0x7f53faeb4000, 16384 <unfinished ...>
18285 munmap(0x7f53fae98000, 16384 <unfinished ...>
18299 <... munmap resumed>)             = 0
18298 <... munmap resumed>)             = 0
18297 <... mmap resumed>)               = 0x7f53fae9c000
18290 <... mmap resumed>)               = 0x7f54030c2000
18289 <... mmap resumed>)               = 0x7f53faea0000
18288 <... mmap resumed>)               = 0x7f53faea8000
18286 mmap(NULL, 16384, PROT_READ|PROT_WRITE, MAP_PRIVATE|MAP_ANONYMOUS|MAP_NORESERVE, -1, 0 <unfinished ...>
18299 mmap(NULL, 16384, PROT_READ|PROT_WRITE, MAP_PRIVATE|MAP_ANONYMOUS|MAP_NORESERVE, -1, 0 <unfinished ...>
18298 mmap(NULL, 16384, PROT_READ|PROT_WRITE, MAP_PRIVATE|MAP_ANONYMOUS|MAP_NORESERVE, -1, 0 <unfinished ...>
18297 munmap(0x7f53fae9c000, 16384 <unfinished ...>
18295 <... munmap resumed>)             = 0
18291 <... munmap resumed>)             = 0
18290 munmap(0x7f54030c2000, 16384 <unfinished ...>
18289 munmap(0x7f53faea0000, 16384 <unfinished ...>
18285 <... munmap resumed>)             = 0
18299 <... mmap resumed>)               = 0x7f53faeac000
18295 mmap(NULL, 16384, PROT_READ|PROT_WRITE, MAP_PRIVATE|MAP_ANONYMOUS|MAP_NORESERVE, -1, 0 <unfinished ...>
18292 <... munmap resumed>)             = 0
18288 munmap(0x7f53faea8000, 16384 <unfinished ...>
18286 <... mmap resumed>)               = 0x7f53faeb0000
18300 <... mmap resumed>)               = 0x7f53faea4000
18297 <... munmap resumed>)             = 0
18291 mmap(NULL, 16384, PROT_READ|PROT_WRITE, MAP_PRIVATE|MAP_ANONYMOUS|MAP_NORESERVE, -1, 0 <unfinished ...>
18299 munmap(0x7f53faeac000, 16384 <unfinished ...>
18300 munmap(0x7f53faea4000, 16384 <unfinished ...>
18297 mmap(NULL, 16384, PROT_READ|PROT_WRITE, MAP_PRIVATE|MAP_ANONYMOUS|MAP_NORESERVE, -1, 0 <unfinished ...>
18292 mmap(NULL, 16384, PROT_READ|PROT_WRITE, MAP_PRIVATE|MAP_ANONYMOUS|MAP_NORESERVE, -1, 0 <unfinished ...>
18289 <... munmap resumed>)             = 0
18285 mmap(NULL, 16384, PROT_READ|PROT_WRITE, MAP_PRIVATE|MAP_ANONYMOUS|MAP_NORESERVE, -1, 0 <unfinished ...>
18289 mmap(NULL, 16384, PROT_READ|PROT_WRITE, MAP_PRIVATE|MAP_ANONYMOUS|MAP_NORESERVE, -1, 0 <unfinished ...>
18300 <... munmap resumed>)             = 0
18289 <... mmap resumed>)               = 0x7f53faea0000
18293 <... mmap resumed>)               = 0x7f53faea4000
18289 munmap(0x7f53faea0000, 16384 <unfinished ...>
18300 mmap(NULL, 16384, PROT_READ|PROT_WRITE, MAP_PRIVATE|MAP_ANONYMOUS|MAP_NORESERVE, -1, 0 <unfinished ...>
18296 <... mmap resumed>)               = 0x7f53fae9c000
18293 munmap(0x7f53faea4000, 16384 <unfinished ...>
18300 <... mmap resumed>)               = 0x7f53faea0000
18289 <... munmap resumed>)             = 0
18296 munmap(0x7f53fae9c000, 16384 <unfinished ...>
18294 <... mmap resumed>)               = 0x7f53fae98000
18293 <... munmap resumed>)             = 0
18300 munmap(0x7f53faea0000, 16384 <unfinished ...>
18294 munmap(0x7f53fae98000, 16384 <unfinished ...>
18293 mmap(NULL, 16384, PROT_READ|PROT_WRITE, MAP_PRIVATE|MAP_ANONYMOUS|MAP_NORESERVE, -1, 0 <unfinished ...>
18287 <... munmap resumed>)             = 0
18298 <... mmap resumed>)               = 0x7f53faeb4000
18296 <... munmap resumed>)             = 0
18300 <... munmap resumed>)             = 0
18298 munmap(0x7f53faeb4000, 16384 <unfinished ...>
18289 mmap(NULL, 16384, PROT_READ|PROT_WRITE, MAP_PRIVATE|MAP_ANONYMOUS|MAP_NORESERVE, -1, 0 <unfinished ...>
18296 mmap(NULL, 16384, PROT_READ|PROT_WRITE, MAP_PRIVATE|MAP_ANONYMOUS|MAP_NORESERVE, -1, 0 <unfinished ...>
18287 mmap(NULL, 16384, PROT_READ|PROT_WRITE, MAP_PRIVATE|MAP_ANONYMOUS|MAP_NORESERVE, -1, 0 <unfinished ...>
18300 mmap(NULL, 16384, PROT_READ|PROT_WRITE, MAP_PRIVATE|MAP_ANONYMOUS|MAP_NORESERVE, -1, 0 <unfinished ...>
18294 <... munmap resumed>)             = 0
18290 <... munmap resumed>)             = 0
18289 <... mmap resumed>)               = 0x7f54030c2000
18294 mmap(NULL, 16384, PROT_READ|PROT_WRITE, MAP_PRIVATE|MAP_ANONYMOUS|MAP_NORESERVE, -1, 0 <unfinished ...>
18290 mmap(NULL, 16384, PROT_READ|PROT_WRITE, MAP_PRIVATE|MAP_ANONYMOUS|MAP_NORESERVE, -1, 0 <unfinished ...>
18288 <... munmap resumed>)             = 0
18295 <... mmap resumed>)               = 0x7f53faea8000
18288 mmap(NULL, 16384, PROT_READ|PROT_WRITE, MAP_PRIVATE|MAP_ANONYMOUS|MAP_NORESERVE, -1, 0 <unfinished ...>
18299 <... munmap resumed>)             = 0
18295 munmap(0x7f53faea8000, 16384 <unfinished ...>
18286 munmap(0x7f53faeb0000, 16384 <unfinished ...>
18299 mmap(NULL, 16384, PROT_READ|PROT_WRITE, MAP_PRIVATE|MAP_ANONYMOUS|MAP_NORESERVE, -1, 0 <unfinished ...>
18289 munmap(0x7f54030c2000, 16384 <unfinished ...>
18295 <... munmap resumed>)             = 0
18292 <... mmap resumed>)               = 0x7f53faea4000
18291 <... mmap resumed>)               = 0x7f53faeac000
18297 <... mmap resumed>)               = 0x7f53faeb0000
18295 mmap(NULL, 16384, PROT_READ|PROT_WRITE, MAP_PRIVATE|MAP_ANONYMOUS|MAP_NORESERVE, -1, 0 <unfinished ...>
18286 <... munmap resumed>)             = 0
18285 <... mmap resumed>)               = 0x7f53faea8000
18297 munmap(0x7f53faeb0000, 16384 <unfinished ...>
18296 <... mmap resumed>)               = 0x7f53fae9c000
18295 <... mmap resumed>)               = 0x7f53faea0000
18293 <... mmap resumed>)               = 0x7f54030c2000
18292 munmap(0x7f53faea4000, 16384 <unfinished ...>
18291 munmap(0x7f53faeac000, 16384 <unfinished ...>
18289 <... munmap resumed>)             = 0
18300 <... mmap resumed>)               = 0x7f53fae98000
18298 <... munmap resumed>)             = 0
18296 munmap(0x7f53fae9c000, 16384 <unfinished ...>
18293 munmap(0x7f54030c2000, 16384 <unfinished ...>
18292 <... munmap resumed>)             = 0
18287 <... mmap resumed>)               = 0x7f53faeb4000
18286 mmap(NULL, 16384, PROT_READ|PROT_WRITE, MAP_PRIVATE|MAP_ANONYMOUS|MAP_NORESERVE, -1, 0 <unfinished ...>
18285 munmap(0x7f53faea8000, 16384 <unfinished ...>
18300 munmap(0x7f53fae98000, 16384 <unfinished ...>
18298 mmap(NULL, 16384, PROT_READ|PROT_WRITE, MAP_PRIVATE|MAP_ANONYMOUS|MAP_NORESERVE, -1, 0 <unfinished ...>
18296 <... munmap resumed>)             = 0
18294 <... mmap resumed>)               = 0x7f53faeac000
18292 mmap(NULL, 16384, PROT_READ|PROT_WRITE, MAP_PRIVATE|MAP_ANONYMOUS|MAP_NORESERVE, -1, 0 <unfinished ...>
18291 <... munmap resumed>)             = 0
18289 mmap(NULL, 16384, PROT_READ|PROT_WRITE, MAP_PRIVATE|MAP_ANONYMOUS|MAP_NORESERVE, -1, 0 <unfinished ...>
18288 <... mmap resumed>)               = 0x7f53faea4000
18300 <... munmap resumed>)             = 0
18299 <... mmap resumed>)               = 0x7f53faea8000
18298 <... mmap resumed>)               = 0x7f53fae9c000
18297 <... munmap resumed>)             = 0
18296 mmap(NULL, 16384, PROT_READ|PROT_WRITE, MAP_PRIVATE|MAP_ANONYMOUS|MAP_NORESERVE, -1, 0 <unfinished ...>
18295 munmap(0x7f53faea0000, 16384 <unfinished ...>
18294 munmap(0x7f53faeac000, 16384 <unfinished ...>
18293 <... munmap resumed>)             = 0
18291 mmap(NULL, 16384, PROT_READ|PROT_WRITE, MAP_PRIVATE|MAP_ANONYMOUS|MAP_NORESERVE, -1, 0 <unfinished ...>
18290 <... mmap resumed>)               = 0x7f54030c2000
18289 <... mmap resumed>)               = 0x7f53faeb0000
18287 munmap(0x7f53faeb4000, 16384 <unfinished ...>
18285 <... munmap resumed>)             = 0
18300 mmap(NULL, 16384, PROT_READ|PROT_WRITE, MAP_PRIVATE|MAP_ANONYMOUS|MAP_NORESERVE, -1, 0 <unfinished ...>
18299 munmap(0x7f53faea8000, 16384 <unfinished ...>
18298 munmap(0x7f53fae9c000, 16384 <unfinished ...>
18297 mmap(NULL, 16384, PROT_READ|PROT_WRITE, MAP_PRIVATE|MAP_ANONYMOUS|MAP_NORESERVE, -1, 0 <unfinished ...>
18296 <... mmap resumed>)               = 0x7f53fae94000
18295 <... munmap resumed>)             = 0
18294 <... munmap resumed>)             = 0
18293 mmap(NULL, 16384, PROT_READ|PROT_WRITE, MAP_PRIVATE|MAP_ANONYMOUS|MAP_NORESERVE, -1, 0 <unfinished ...>
18292 <... mmap resumed>)               = 0x7f53faea0000
18288 munmap(0x7f53faea4000, 16384 <unfinished ...>
18286 <... mmap resumed>)               = 0x7f53fae98000
18296 munmap(0x7f53fae94000, 16384 <unfinished ...>
18294 mmap(NULL, 16384, PROT_READ|PROT_WRITE, MAP_PRIVATE|MAP_ANONYMOUS|MAP_NORESERVE, -1, 0 <unfinished ...>
18291 <... mmap resumed>)               = 0x7f53faeac000
18290 munmap(0x7f54030c2000, 16384 <unfinished ...>
18289 munmap(0x7f53faeb0000, 16384 <unfinished ...>
18287 <... munmap resumed>)             = 0
18285 mmap(NULL, 16384, PROT_READ|PROT_WRITE, MAP_PRIVATE|MAP_ANONYMOUS|MAP_NORESERVE, -1, 0 <unfinished ...>
18299 <... munmap resumed>)             = 0
18297 <... mmap resumed>)               = 0x7f53faeb4000
18292 munmap(0x7f53faea0000, 16384 <unfinished ...>
18286 munmap(0x7f53fae98000, 16384 <unfinished ...>
18295 mmap(NULL, 16384, PROT_READ|PROT_WRITE, MAP_PRIVATE|MAP_ANONYMOUS|MAP_NORESERVE, -1, 0 <unfinished ...>
18287 mmap(NULL, 16384, PROT_READ|PROT_WRITE, MAP_PRIVATE|MAP_ANONYMOUS|MAP_NORESERVE, -1, 0 <unfinished ...>
18299 mmap(NULL, 16384, PROT_READ|PROT_WRITE, MAP_PRIVATE|MAP_ANONYMOUS|MAP_NORESERVE, -1, 0 <unfinished ...>
18291 munmap(0x7f53faeac000, 16384 <unfinished ...>
18297 munmap(0x7f53faeb4000, 16384 <unfinished ...>
18299 <... mmap resumed>)               = 0x7f53faea4000
18288 <... munmap resumed>)             = 0
18287 <... mmap resumed>)               = 0x7f53faea8000
18300 <... mmap resumed>)               = 0x7f53faeb4000
18297 <... munmap resumed>)             = 0
18291 <... munmap resumed>)             = 0
18288 mmap(NULL, 16384, PROT_READ|PROT_WRITE, MAP_PRIVATE|MAP_ANONYMOUS|MAP_NORESERVE, -1, 0 <unfinished ...>
18300 munmap(0x7f53faeb4000, 16384 <unfinished ...>
18297 mmap(NULL, 16384, PROT_READ|PROT_WRITE, MAP_PRIVATE|MAP_ANONYMOUS|MAP_NORESERVE, -1, 0 <unfinished ...>
18287 munmap(0x7f53faea8000, 16384 <unfinished ...>
18291 mmap(NULL, 16384, PROT_READ|PROT_WRITE, MAP_PRIVATE|MAP_ANONYMOUS|MAP_NORESERVE, -1, 0 <unfinished ...>
18298 <... munmap resumed>)             = 0
18294 <... mmap resumed>)               = 0x7f53fae9c000
18288 <... mmap resumed>)               = 0x7f53faeac000
18287 <... munmap resumed>)             = 0
18300 <... munmap resumed>)             = 0
18298 mmap(NULL, 16384, PROT_READ|PROT_WRITE, MAP_PRIVATE|MAP_ANONYMOUS|MAP_NORESERVE, -1, 0 <unfinished ...>
18293 <... mmap resumed>)               = 0x7f53faeb4000
18291 <... mmap resumed>)               = 0x7f53faea8000
18294 munmap(0x7f53fae9c000, 16384 <unfinished ...>
18300 mmap(NULL, 16384, PROT_READ|PROT_WRITE, MAP_PRIVATE|MAP_ANONYMOUS|MAP_NORESERVE, -1, 0 <unfinished ...>
18296 <... munmap resumed>)             = 0
18293 munmap(0x7f53faeb4000, 16384 <unfinished ...>
18291 munmap(0x7f53faea8000, 16384 <unfinished ...>
18288 munmap(0x7f53faeac000, 16384 <unfinished ...>
18287 mmap(NULL, 16384, PROT_READ|PROT_WRITE, MAP_PRIVATE|MAP_ANONYMOUS|MAP_NORESERVE, -1, 0 <unfinished ...>
18300 <... mmap resumed>)               = 0x7f53fae9c000
18298 <... mmap resumed>)               = 0x7f53fae94000
18296 mmap(NULL, 16384, PROT_READ|PROT_WRITE, MAP_PRIVATE|MAP_ANONYMOUS|MAP_NORESERVE, -1, 0 <unfinished ...>
18294 <... munmap resumed>)             = 0
18293 <... munmap resumed>)             = 0
18289 <... munmap resumed>)             = 0
18300 munmap(0x7f53fae9c000, 16384 <unfinished ...>
18298 munmap(0x7f53fae94000, 16384 <unfinished ...>
18294 mmap(NULL, 16384, PROT_READ|PROT_WRITE, MAP_PRIVATE|MAP_ANONYMOUS|MAP_NORESERVE, -1, 0 <unfinished ...>
18291 <... munmap resumed>)             = 0
18285 <... mmap resumed>)               = 0x7f53faeb4000
18296 <... mmap resumed>)               = 0x7f54030c2000
18293 mmap(NULL, 16384, PROT_READ|PROT_WRITE, MAP_PRIVATE|MAP_ANONYMOUS|MAP_NORESERVE, -1, 0 <unfinished ...>
18292 <... munmap resumed>)             = 0
18290 <... munmap resumed>)             = 0
18289 mmap(NULL, 16384, PROT_READ|PROT_WRITE, MAP_PRIVATE|MAP_ANONYMOUS|MAP_NORESERVE, -1, 0 <unfinished ...>
18298 <... munmap resumed>)             = 0
18293 <... mmap resumed>)               = 0x7f53faeb0000
18291 mmap(NULL, 16384, PROT_READ|PROT_WRITE, MAP_PRIVATE|MAP_ANONYMOUS|MAP_NORESERVE, -1, 0 <unfinished ...>
18290 mmap(NULL, 16384, PROT_READ|PROT_WRITE, MAP_PRIVATE|MAP_ANONYMOUS|MAP_NORESERVE, -1, 0 <unfinished ...>
18295 <... mmap resumed>)               = 0x7f53faea8000
18286 <... munmap resumed>)             = 0
18285 munmap(0x7f53faeb4000, 16384 <unfinished ...>
18299 munmap(0x7f53faea4000, 16384 <unfinished ...>
18298 mmap(NULL, 16384, PROT_READ|PROT_WRITE, MAP_PRIVATE|MAP_ANONYMOUS|MAP_NORESERVE, -1, 0 <unfinished ...>
18297 <... mmap resumed>)               = 0x7f53fae90000
18296 munmap(0x7f54030c2000, 16384 <unfinished ...>
18295 munmap(0x7f53faea8000, 16384 <unfinished ...>
18292 mmap(NULL, 16384, PROT_READ|PROT_WRITE, MAP_PRIVATE|MAP_ANONYMOUS|MAP_NORESERVE, -1, 0 <unfinished ...>
18291 <... mmap resumed>)               = 0x7f53fae94000
18290 <... mmap resumed>)               = 0x7f53fae98000
18289 <... mmap resumed>)               = 0x7f53faea0000
18288 <... munmap resumed>)             = 0
18287 <... mmap resumed>)               = 0x7f53faeac000
18300 <... munmap resumed>)             = 0
18286 mmap(NULL, 16384, PROT_READ|PROT_WRITE, MAP_PRIVATE|MAP_ANONYMOUS|MAP_NORESERVE, -1, 0 <unfinished ...>
18291 munmap(0x7f53fae94000, 16384 <unfinished ...>
18288 mmap(NULL, 16384, PROT_READ|PROT_WRITE, MAP_PRIVATE|MAP_ANONYMOUS|MAP_NORESERVE, -1, 0 <unfinished ...>
18297 munmap(0x7f53fae90000, 16384 <unfinished ...>
18290 munmap(0x7f53fae98000, 16384 <unfinished ...>
18289 munmap(0x7f53faea0000, 16384 <unfinished ...>
18287 munmap(0x7f53faeac000, 16384 <unfinished ...>
18300 mmap(NULL, 16384, PROT_READ|PROT_WRITE, MAP_PRIVATE|MAP_ANONYMOUS|MAP_NORESERVE, -1, 0 <unfinished ...>
18296 <... munmap resumed>)             = 0
18294 <... mmap resumed>)               = 0x7f53fae9c000
18288 <... mmap resumed>)               = 0x7f54030c2000
18285 <... munmap resumed>)             = 0
18298 <... mmap resumed>)               = 0x7f53fae8c000
18296 mmap(NULL, 16384, PROT_READ|PROT_WRITE, MAP_PRIVATE|MAP_ANONYMOUS|MAP_NORESERVE, -1, 0 <unfinished ...>
18293 munmap(0x7f53faeb0000, 16384 <unfinished ...>
18299 <... munmap resumed>)             = 0
18298 munmap(0x7f53fae8c000, 16384 <unfinished ...>
18294 munmap(0x7f53fae9c000, 16384 <unfinished ...>
18286 <... mmap resumed>)               = 0x7f53faeb4000
18299 mmap(NULL, 16384, PROT_READ|PROT_WRITE, MAP_PRIVATE|MAP_ANONYMOUS|MAP_NORESERVE, -1, 0 <unfinished ...>
18296 <... mmap resumed>)               = 0x7f53faea4000
18289 <... munmap resumed>)             = 0
18285 mmap(NULL, 16384, PROT_READ|PROT_WRITE, MAP_PRIVATE|MAP_ANONYMOUS|MAP_NORESERVE, -1, 0 <unfinished ...>
18293 <... munmap resumed>)             = 0
18286 munmap(0x7f53faeb4000, 16384 <unfinished ...>
18296 munmap(0x7f53faea4000, 16384 <unfinished ...>
18289 mmap(NULL, 16384, PROT_READ|PROT_WRITE, MAP_PRIVATE|MAP_ANONYMOUS|MAP_NORESERVE, -1, 0 <unfinished ...>
18293 mmap(NULL, 16384, PROT_READ|PROT_WRITE, MAP_PRIVATE|MAP_ANONYMOUS|MAP_NORESERVE, -1, 0 <unfinished ...>
18295 <... munmap resumed>)             = 0
18285 <... mmap resumed>)               = 0x7f53faeb0000
18286 <... munmap resumed>)             = 0
18295 mmap(NULL, 16384, PROT_READ|PROT_WRITE, MAP_PRIVATE|MAP_ANONYMOUS|MAP_NORESERVE, -1, 0 <unfinished ...>
18293 <... mmap resumed>)               = 0x7f53faeb4000
18286 mmap(NULL, 16384, PROT_READ|PROT_WRITE, MAP_PRIVATE|MAP_ANONYMOUS|MAP_NORESERVE, -1, 0 <unfinished ...>
18292 <... mmap resumed>)               = 0x7f53faea8000
18285 munmap(0x7f53faeb0000, 16384 <unfinished ...>
18295 <... mmap resumed>)               = 0x7f53faea0000
18293 munmap(0x7f53faeb4000, 16384 <unfinished ...>
18291 <... munmap resumed>)             = 0
18297 <... munmap resumed>)             = 0
18295 munmap(0x7f53faea0000, 16384 <unfinished ...>
18292 munmap(0x7f53faea8000, 16384 <unfinished ...>
18287 <... munmap resumed>)             = 0
18297 mmap(NULL, 16384, PROT_READ|PROT_WRITE, MAP_PRIVATE|MAP_ANONYMOUS|MAP_NORESERVE, -1, 0 <unfinished ...>
18295 <... munmap resumed>)             = 0
18291 mmap(NULL, 16384, PROT_READ|PROT_WRITE, MAP_PRIVATE|MAP_ANONYMOUS|MAP_NORESERVE, -1, 0 <unfinished ...>
18288 munmap(0x7f54030c2000, 16384 <unfinished ...>
18285 <... munmap resumed>)             = 0
18300 <... mmap resumed>)               = 0x7f53faeb0000
18297 <... mmap resumed>)               = 0x7f53faeac000
18295 mmap(NULL, 16384, PROT_READ|PROT_WRITE, MAP_PRIVATE|MAP_ANONYMOUS|MAP_NORESERVE, -1, 0 <unfinished ...>
18292 <... munmap resumed>)             = 0
18291 <... mmap resumed>)               = 0x7f53faea8000
18290 <... munmap resumed>)             = 0
18287 mmap(NULL, 16384, PROT_READ|PROT_WRITE, MAP_PRIVATE|MAP_ANONYMOUS|MAP_NORESERVE, -1, 0 <unfinished ...>
18300 munmap(0x7f53faeb0000, 16384 <unfinished ...>
18297 munmap(0x7f53faeac000, 16384 <unfinished ...>
18294 <... munmap resumed>)             = 0
18291 munmap(0x7f53faea8000, 16384 <unfinished ...>
18290 mmap(NULL, 16384, PROT_READ|PROT_WRITE, MAP_PRIVATE|MAP_ANONYMOUS|MAP_NORESERVE, -1, 0 <unfinished ...>
18288 <... munmap resumed>)             = 0
18285 mmap(NULL, 16384, PROT_READ|PROT_WRITE, MAP_PRIVATE|MAP_ANONYMOUS|MAP_NORESERVE, -1, 0 <unfinished ...>
18298 <... munmap resumed>)             = 0
18294 mmap(NULL, 16384, PROT_READ|PROT_WRITE, MAP_PRIVATE|MAP_ANONYMOUS|MAP_NORESERVE, -1, 0 <unfinished ...>
18292 mmap(NULL, 16384, PROT_READ|PROT_WRITE, MAP_PRIVATE|MAP_ANONYMOUS|MAP_NORESERVE, -1, 0 <unfinished ...>
18291 <... munmap resumed>)             = 0
18287 <... mmap resumed>)               = 0x7f54030c2000
18299 <... mmap resumed>)               = 0x7f53faea8000
18298 futex(0x7fff5b2523b4, FUTEX_WAIT_PRIVATE, 0, NULL <unfinished ...>
18296 <... munmap resumed>)             = 0
18291 futex(0x7fff5b2523b4, FUTEX_WAIT_PRIVATE, 0, NULL <unfinished ...>
18288 mmap(NULL, 16384, PROT_READ|PROT_WRITE, MAP_PRIVATE|MAP_ANONYMOUS|MAP_NORESERVE, -1, 0 <unfinished ...>
18285 <... mmap resumed>)               = 0x7f53faea0000
18299 munmap(0x7f53faea8000, 16384 <unfinished ...>
18296 mmap(NULL, 16384, PROT_READ|PROT_WRITE, MAP_PRIVATE|MAP_ANONYMOUS|MAP_NORESERVE, -1, 0 <unfinished ...>
18294 <... mmap resumed>)               = 0x7f53fae9c000
18293 <... munmap resumed>)             = 0
18292 <... mmap resumed>)               = 0x7f53fae98000
18289 <... mmap resumed>)               = 0x7f53faea4000
18287 munmap(0x7f54030c2000, 16384 <unfinished ...>
18286 <... mmap resumed>)               = 0x7f53fae94000
18295 <... mmap resumed>)               = 0x7f53fae90000
18294 munmap(0x7f53fae9c000, 16384 <unfinished ...>
18288 <... mmap resumed>)               = 0x7f53faeb4000
18293 mmap(NULL, 16384, PROT_READ|PROT_WRITE, MAP_PRIVATE|MAP_ANONYMOUS|MAP_NORESERVE, -1, 0 <unfinished ...>
18292 munmap(0x7f53fae98000, 16384 <unfinished ...>
18289 munmap(0x7f53faea4000, 16384 <unfinished ...>
18300 <... munmap resumed>)             = 0
18288 munmap(0x7f53faeb4000, 16384 <unfinished ...>
18285 munmap(0x7f53faea0000, 16384 <unfinished ...>
18300 futex(0x7fff5b2523b4, FUTEX_WAIT_PRIVATE, 0, NULL <unfinished ...>
18297 <... munmap resumed>)             = 0
18290 <... mmap resumed>)               = 0x7f53faeb0000
18289 <... munmap resumed>)             = 0
18286 munmap(0x7f53fae94000, 16384 <unfinished ...>
18297 futex(0x7fff5b2523b4, FUTEX_WAIT_PRIVATE, 0, NULL <unfinished ...>
18289 futex(0x7fff5b2523b4, FUTEX_WAIT_PRIVATE, 0, NULL <unfinished ...>
18290 munmap(0x7f53faeb0000, 16384 <unfinished ...>
18288 <... munmap resumed>)             = 0
18285 <... munmap resumed>)             = 0
18299 <... munmap resumed>)             = 0
18295 munmap(0x7f53fae90000, 16384 <unfinished ...>
18299 futex(0x7fff5b2523b4, FUTEX_WAIT_PRIVATE, 0, NULL <unfinished ...>
18290 <... munmap resumed>)             = 0
18288 futex(0x7fff5b2523b4, FUTEX_WAIT_PRIVATE, 0, NULL <unfinished ...>
18285 futex(0x7fff5b2523b4, FUTEX_WAIT_PRIVATE, 0, NULL <unfinished ...>
18293 <... mmap resumed>)               = 0x7f53faeb4000
18290 futex(0x7fff5b2523b4, FUTEX_WAIT_PRIVATE, 0, NULL <unfinished ...>
18295 <... munmap resumed>)             = 0
18287 <... munmap resumed>)             = 0
18286 <... munmap resumed>)             = 0
18295 futex(0x7fff5b2523b4, FUTEX_WAIT_PRIVATE, 0, NULL <unfinished ...>
18294 <... munmap resumed>)             = 0
18293 munmap(0x7f53faeb4000, 16384 <unfinished ...>
18296 <... mmap resumed>)               = 0x7f54030c2000
18286 futex(0x7fff5b2523b4, FUTEX_WAIT_PRIVATE, 0, NULL <unfinished ...>
18294 futex(0x7fff5b2523b4, FUTEX_WAIT_PRIVATE, 0, NULL <unfinished ...>
18296 munmap(0x7f54030c2000, 16384 <unfinished ...>
18292 <... munmap resumed>)             = 0
18296 <... munmap resumed>)             = 0
18293 <... munmap resumed>)             = 0
18292 futex(0x7fff5b2523b4, FUTEX_WAIT_PRIVATE, 0, NULL <unfinished ...>
18287 futex(0x7fff5b2523b4, FUTEX_WAIT_PRIVATE, 0, NULL <unfinished ...>
18296 futex(0x7fff5b2523b4, FUTEX_WAIT_PRIVATE, 0, NULL <unfinished ...>
18293 futex(0x7fff5b2523b4, FUTEX_WAKE_PRIVATE, 2147483647 <unfinished ...>
18292 <... futex resumed>)              = -1 EAGAIN (Resource temporarily unavailable)
18296 <... futex resumed>)              = -1 EAGAIN (Resource temporarily unavailable)
18287 <... futex resumed>)              = -1 EAGAIN (Resource temporarily unavailable)
18283 <... futex resumed>)              = 0
18300 <... futex resumed>)              = 0
18299 <... futex resumed>)              = 0
18298 <... futex resumed>)              = 0
18297 <... futex resumed>)              = 0
18296 rt_sigprocmask(SIG_BLOCK, ~[RT_1],  <unfinished ...>
18295 <... futex resumed>)              = 0
18292 rt_sigprocmask(SIG_BLOCK, ~[RT_1],  <unfinished ...>
18289 <... futex resumed>)              = 0
18288 <... futex resumed>)              = 0
18287 rt_sigprocmask(SIG_BLOCK, ~[RT_1],  <unfinished ...>
18286 <... futex resumed>)              = 0
18285 <... futex resumed>)              = 0
18283 futex(0x7f5402ec7990, FUTEX_WAIT_BITSET|FUTEX_CLOCK_REALTIME, 18285, NULL, FUTEX_BITSET_MATCH_ANY <unfinished ...>
18300 rt_sigprocmask(SIG_BLOCK, ~[RT_1],  <unfinished ...>
18299 rt_sigprocmask(SIG_BLOCK, ~[RT_1],  <unfinished ...>
18298 rt_sigprocmask(SIG_BLOCK, ~[RT_1],  <unfinished ...>
18297 rt_sigprocmask(SIG_BLOCK, ~[RT_1],  <unfinished ...>
18296 <... rt_sigprocmask resumed>NULL, 8) = 0
18295 rt_sigprocmask(SIG_BLOCK, ~[RT_1],  <unfinished ...>
18294 <... futex resumed>)              = 0
18293 <... futex resumed>)              = 13
18292 <... rt_sigprocmask resumed>NULL, 8) = 0
18291 <... futex resumed>)              = 0
18290 <... futex resumed>)              = 0
18289 rt_sigprocmask(SIG_BLOCK, ~[RT_1],  <unfinished ...>
18288 rt_sigprocmask(SIG_BLOCK, ~[RT_1],  <unfinished ...>
18287 <... rt_sigprocmask resumed>NULL, 8) = 0
18300 <... rt_sigprocmask resumed>NULL, 8) = 0
18299 <... rt_sigprocmask resumed>NULL, 8) = 0
18298 <... rt_sigprocmask resumed>NULL, 8) = 0
18297 <... rt_sigprocmask resumed>NULL, 8) = 0
18296 madvise(0x7f53fcebc000, 8368128, MADV_DONTNEED <unfinished ...>
18295 <... rt_sigprocmask resumed>NULL, 8) = 0
18294 rt_sigprocmask(SIG_BLOCK, ~[RT_1],  <unfinished ...>
18293 rt_sigprocmask(SIG_BLOCK, ~[RT_1],  <unfinished ...>
18291 rt_sigprocmask(SIG_BLOCK, ~[RT_1],  <unfinished ...>
18292 madvise(0x7f53feec0000, 8368128, MADV_DONTNEED <unfinished ...>
18286 rt_sigprocmask(SIG_BLOCK, ~[RT_1],  <unfinished ...>
18285 rt_sigprocmask(SIG_BLOCK, ~[RT_1],  <unfinished ...>
18300 madvise(0x7f53faeb8000, 8368128, MADV_DONTNEED <unfinished ...>
18299 madvise(0x7f53fb6b9000, 8368128, MADV_DONTNEED <unfinished ...>
18298 madvise(0x7f53fbeba000, 8368128, MADV_DONTNEED <unfinished ...>
18297 madvise(0x7f53fc6bb000, 8368128, MADV_DONTNEED <unfinished ...>
18296 <... madvise resumed>)            = 0
18295 madvise(0x7f53fd6bd000, 8368128, MADV_DONTNEED <unfinished ...>
18294 <... rt_sigprocmask resumed>NULL, 8) = 0
18293 <... rt_sigprocmask resumed>NULL, 8) = 0
18291 <... rt_sigprocmask resumed>NULL, 8) = 0
18290 rt_sigprocmask(SIG_BLOCK, ~[RT_1],  <unfinished ...>
18289 <... rt_sigprocmask resumed>NULL, 8) = 0
18288 <... rt_sigprocmask resumed>NULL, 8) = 0
18287 madvise(0x7f54016c5000, 8368128, MADV_DONTNEED <unfinished ...>
18286 <... rt_sigprocmask resumed>NULL, 8) = 0
18300 <... madvise resumed>)            = 0
18299 <... madvise resumed>)            = 0
18298 <... madvise resumed>)            = 0
18297 <... madvise resumed>)            = 0
18296 exit(0 <unfinished ...>
18293 madvise(0x7f53fe6bf000, 8368128, MADV_DONTNEED <unfinished ...>
18292 <... madvise resumed>)            = 0
18291 madvise(0x7f53ff6c1000, 8368128, MADV_DONTNEED <unfinished ...>
18285 <... rt_sigprocmask resumed>NULL, 8) = 0
18298 exit(0 <unfinished ...>
18294 madvise(0x7f53fdebe000, 8368128, MADV_DONTNEED <unfinished ...>
18290 <... rt_sigprocmask resumed>NULL, 8) = 0
18289 madvise(0x7f54006c3000, 8368128, MADV_DONTNEED <unfinished ...>
18288 madvise(0x7f5400ec4000, 8368128, MADV_DONTNEED <unfinished ...>
18286 madvise(0x7f5401ec6000, 8368128, MADV_DONTNEED <unfinished ...>
18299 exit(0 <unfinished ...>
18285 madvise(0x7f54026c7000, 8368128, MADV_DONTNEED <unfinished ...>
18296 <... exit resumed>)               = ?
18290 madvise(0x7f53ffec2000, 8368128, MADV_DONTNEED <unfinished ...>
18300 exit(0 <unfinished ...>
18299 <... exit resumed>)               = ?
18298 <... exit resumed>)               = ?
18297 exit(0 <unfinished ...>
18295 <... madvise resumed>)            = 0
18293 <... madvise resumed>)            = 0
18292 exit(0 <unfinished ...>
18289 <... madvise resumed>)            = 0
18287 <... madvise resumed>)            = 0
18285 <... madvise resumed>)            = 0
18289 exit(0)                           = ?
18294 <... madvise resumed>)            = 0
18292 <... exit resumed>)               = ?
18291 <... madvise resumed>)            = 0
18290 <... madvise resumed>)            = 0
18288 <... madvise resumed>)            = 0
18287 exit(0 <unfinished ...>
18286 <... madvise resumed>)            = 0
18285 exit(0 <unfinished ...>
18300 <... exit resumed>)               = ?
18297 <... exit resumed>)               = ?
18295 exit(0 <unfinished ...>
18294 exit(0 <unfinished ...>
18293 exit(0 <unfinished ...>
18291 exit(0 <unfinished ...>
18287 <... exit resumed>)               = ?
18295 <... exit resumed>)               = ?
18294 <... exit resumed>)               = ?
18293 <... exit resumed>)               = ?
18291 <... exit resumed>)               = ?
18290 exit(0 <unfinished ...>
18288 exit(0 <unfinished ...>
18286 exit(0 <unfinished ...>
18285 <... exit resumed>)               = ?
18290 <... exit resumed>)               = ?
18288 <... exit resumed>)               = ?
18286 <... exit resumed>)               = ?
18283 <... futex resumed>)              = 0
18283 futex(0x7f54026c6990, FUTEX_WAIT_BITSET|FUTEX_CLOCK_REALTIME, 18286, NULL, FUTEX_BITSET_MATCH_ANY) = -1 EAGAIN (Resource temporarily unavailable)
18283 munmap(0x7f54026c7000, 8392704)   = 0
18283 munmap(0x7f5401ec6000, 8392704)   = 0
18283 munmap(0x7f54016c5000, 8392704)   = 0
18283 munmap(0x7f5400ec4000, 8392704)   = 0
18283 munmap(0x7f54006c3000, 8392704)   = 0
18283 munmap(0x7f53ffec2000, 8392704)   = 0
18283 munmap(0x7f53ff6c1000, 8392704)   = 0
18283 munmap(0x7f53feec0000, 8392704)   = 0
18283 munmap(0x7f53fe6bf000, 8392704)   = 0
18283 munmap(0x7f53fdebe000, 8392704)   = 0
18283 munmap(0x7f53fd6bd000, 8392704)   = 0
18283 munmap(0x7f53fcebc000, 8392704)   = 0
18283 openat(AT_FDCWD, "/proc/self/statm", O_RDONLY) = 3
18283 fstat(3, {st_mode=S_IFREG|0444, st_size=0, ...}) = 0
18283 read(3, "8858 476 441 2 0 8281 0\n", 1024) = 24
18283 write(2, "mmbench: peak RSS ~1 MB\n", 24) = 24
18283 close(3)                          = 0
18283 uname({sysname="Linux", nodename="syzkaller", ...}) = 0
18283 uname({sysname="Linux", nodename="syzkaller", ...}) = 0
18283 fstat(1, {st_mode=S_IFCHR|0666, st_rdev=makedev(0x1, 0x3), ...}) = 0
18283 ioctl(1, TCGETS, 0x7fff5b251960)  = -1 ENOTTY (Inappropriate ioctl for device)
18283 write(1, "{\"bench\":\"mmap-pf\",\"contention\":\"low\",\"threads\":16,\"ops\":2009,\"elapsed_s\":1.006,\"ops_per_us\":0.0"..., 191) = 191
18283 exit_group(0)                     = ?
