16656 execve("/root/m4t12/bin/mmbench_dyn", ["/root/m4t12/bin/mmbench_dyn", "mmap", "low", "16", "1", "20261026"], 0x7fffd97ea8a8 /* 31 vars */) = 0
16656 brk(NULL)                         = 0x55f7c6070000
16656 mmap(NULL, 8192, PROT_READ|PROT_WRITE, MAP_PRIVATE|MAP_ANONYMOUS, -1, 0) = 0x7f4a09f34000
16656 openat(AT_FDCWD, "/mnt/t5run4/corten_mode_hook.so", O_RDONLY|O_CLOEXEC) = 3
16656 read(3, "\177ELF\2\1\1\0\0\0\0\0\0\0\0\0\3\0>\0\1\0\0\0\0\0\0\0\0\0\0\0@\0\0\0\0\0\0\0H7\0\0\0\0\0\0\0\0\0\0@\08\0\t\0@\0\34\0\33\0\1\0\0\0\4\0\0\0\0\0\0\0\0\0\0\0\0\0\0\0\0\0\0\0\0\0\0\0\0\0\0\0"..., 832) = 832
16656 fstat(3, {st_mode=S_IFREG|0755, st_size=15944, ...}) = 0
16656 mmap(NULL, 16472, PROT_READ, MAP_PRIVATE|MAP_DENYWRITE, 3, 0) = 0x7f4a09f2f000
16656 mmap(0x7f4a09f30000, 4096, PROT_READ|PROT_EXEC, MAP_PRIVATE|MAP_FIXED|MAP_DENYWRITE, 3, 0x1000) = 0x7f4a09f30000
16656 mmap(0x7f4a09f31000, 4096, PROT_READ, MAP_PRIVATE|MAP_FIXED|MAP_DENYWRITE, 3, 0x2000) = 0x7f4a09f31000
16656 mmap(0x7f4a09f32000, 8192, PROT_READ|PROT_WRITE, MAP_PRIVATE|MAP_FIXED|MAP_DENYWRITE, 3, 0x2000) = 0x7f4a09f32000
16656 close(3)                          = 0
16656 access("/etc/ld.so.preload", R_OK) = -1 ENOENT (No such file or directory)
16656 openat(AT_FDCWD, "/etc/ld.so.cache", O_RDONLY|O_CLOEXEC) = 3
16656 fstat(3, {st_mode=S_IFREG|0644, st_size=27983, ...}) = 0
16656 mmap(NULL, 27983, PROT_READ, MAP_PRIVATE, 3, 0) = 0x7f4a09f28000
16656 close(3)                          = 0
16656 openat(AT_FDCWD, "/lib/x86_64-linux-gnu/libc.so.6", O_RDONLY|O_CLOEXEC) = 3
16656 read(3, "\177ELF\2\1\1\3\0\0\0\0\0\0\0\0\3\0>\0\1\0\0\0p\236\2\0\0\0\0\0@\0\0\0\0\0\0\0\220b\36\0\0\0\0\0\0\0\0\0@\08\0\17\0@\0=\0<\0\6\0\0\0\4\0\0\0@\0\0\0\0\0\0\0@\0\0\0\0\0\0\0@\0\0\0\0\0\0\0"..., 832) = 832
16656 pread64(3, "\6\0\0\0\4\0\0\0@\0\0\0\0\0\0\0@\0\0\0\0\0\0\0@\0\0\0\0\0\0\0H\3\0\0\0\0\0\0H\3\0\0\0\0\0\0\10\0\0\0\0\0\0\0\3\0\0\0\4\0\0\0\240\1\36\0\0\0\0\0\240\1\36\0\0\0\0\0\240\1\36\0\0\0\0\0\34\0\0\0\0\0\0\0"..., 840, 64) = 840
16656 fstat(3, {st_mode=S_IFREG|0755, st_size=1995216, ...}) = 0
16656 pread64(3, "\6\0\0\0\4\0\0\0@\0\0\0\0\0\0\0@\0\0\0\0\0\0\0@\0\0\0\0\0\0\0H\3\0\0\0\0\0\0H\3\0\0\0\0\0\0\10\0\0\0\0\0\0\0\3\0\0\0\4\0\0\0\240\1\36\0\0\0\0\0\240\1\36\0\0\0\0\0\240\1\36\0\0\0\0\0\34\0\0\0\0\0\0\0"..., 840, 64) = 840
16656 mmap(NULL, 2047568, PROT_READ, MAP_PRIVATE|MAP_DENYWRITE, 3, 0) = 0x7f4a09d34000
16656 mmap(0x7f4a09d5c000, 1454080, PROT_READ|PROT_EXEC, MAP_PRIVATE|MAP_FIXED|MAP_DENYWRITE, 3, 0x28000) = 0x7f4a09d5c000
16656 mmap(0x7f4a09ebf000, 352256, PROT_READ, MAP_PRIVATE|MAP_FIXED|MAP_DENYWRITE, 3, 0x18b000) = 0x7f4a09ebf000
16656 mmap(0x7f4a09f15000, 24576, PROT_READ|PROT_WRITE, MAP_PRIVATE|MAP_FIXED|MAP_DENYWRITE, 3, 0x1e0000) = 0x7f4a09f15000
16656 mmap(0x7f4a09f1b000, 52816, PROT_READ|PROT_WRITE, MAP_PRIVATE|MAP_FIXED|MAP_ANONYMOUS, -1, 0) = 0x7f4a09f1b000
16656 close(3)                          = 0
16656 mmap(NULL, 12288, PROT_READ|PROT_WRITE, MAP_PRIVATE|MAP_ANONYMOUS, -1, 0) = 0x7f4a09d31000
16656 arch_prctl(ARCH_SET_FS, 0x7f4a09d31740) = 0
16656 set_tid_address(0x7f4a09d31a10)   = 16656
16656 set_robust_list(0x7f4a09d31a20, 24) = 0
16656 rseq(0x7f4a09d31680, 0x20, 0, 0x53053053) = 0
16656 mprotect(0x7f4a09f15000, 16384, PROT_READ) = 0
16656 mprotect(0x7f4a09f32000, 4096, PROT_READ) = 0
16656 mprotect(0x55f7b1ddc000, 4096, PROT_READ) = 0
16656 mprotect(0x7f4a09f86000, 8192, PROT_READ) = 0
16656 prlimit64(0, RLIMIT_STACK, NULL, {rlim_cur=8192*1024, rlim_max=RLIM64_INFINITY}) = 0
16656 munmap(0x7f4a09f28000, 27983)     = 0
16656 prctl(0x50 /* PR_??? */, 0x1, 0, 0, 0) = 0
16656 prctl(0x50 /* PR_??? */, 0x3, 0, 0, 0) = 1
16656 getpid()                          = 16656
16656 write(2, "corten_mode_hook: MODE on (pid 16656)\n", 38) = 38
16656 prlimit64(0, RLIMIT_AS, NULL, {rlim_cur=RLIM64_INFINITY, rlim_max=RLIM64_INFINITY}) = 0
16656 getrandom("\x36\x73\x76\xc2\x1c\x8e\x9e\x74", 8, GRND_NONBLOCK) = 8
16656 brk(NULL)                         = 0x55f7c6070000
16656 brk(0x55f7c6091000)               = 0x55f7c6091000
16656 rt_sigaction(SIGRT_1, {sa_handler=0x7f4a09dc44b0, sa_mask=[], sa_flags=SA_RESTORER|SA_ONSTACK|SA_RESTART|SA_SIGINFO, sa_restorer=0x7f4a09d73df0}, NULL, 8) = 0
16656 rt_sigprocmask(SIG_UNBLOCK, [RTMIN RT_1], NULL, 8) = 0
16656 mmap(NULL, 8392704, PROT_NONE, MAP_PRIVATE|MAP_ANONYMOUS|MAP_STACK, -1, 0) = 0x7f4a09530000
16656 mprotect(0x7f4a09531000, 8388608, PROT_READ|PROT_WRITE) = 0
16656 rt_sigprocmask(SIG_BLOCK, ~[], [], 8) = 0
16656 clone3({flags=CLONE_VM|CLONE_FS|CLONE_FILES|CLONE_SIGHAND|CLONE_THREAD|CLONE_SYSVSEM|CLONE_SETTLS|CLONE_PARENT_SETTID|CLONE_CHILD_CLEARTID, child_tid=0x7f4a09d30990, parent_tid=0x7f4a09d30990, exit_signal=0, stack=0x7f4a09530000, stack_size=0x7fff80, tls=0x7f4a09d306c0} => {parent_tid=[16657]}, 88) = 16657
16657 rseq(0x7f4a09d30600, 0x20, 0, 0x53053053 <unfinished ...>
16656 rt_sigprocmask(SIG_SETMASK, [], NULL, 8) = 0
16657 <... rseq resumed>)               = 0
16656 mmap(NULL, 8392704, PROT_NONE, MAP_PRIVATE|MAP_ANONYMOUS|MAP_STACK, -1, 0) = 0x7f4a08d2f000
16657 set_robust_list(0x7f4a09d309a0, 24 <unfinished ...>
16656 mprotect(0x7f4a08d30000, 8388608, PROT_READ|PROT_WRITE <unfinished ...>
16657 <... set_robust_list resumed>)    = 0
16657 rt_sigprocmask(SIG_SETMASK, [], NULL, 8) = 0
16656 <... mprotect resumed>)           = 0
16657 futex(0x7ffcc6388114, FUTEX_WAIT_PRIVATE, 0, NULL <unfinished ...>
16656 rt_sigprocmask(SIG_BLOCK, ~[], [], 8) = 0
16656 clone3({flags=CLONE_VM|CLONE_FS|CLONE_FILES|CLONE_SIGHAND|CLONE_THREAD|CLONE_SYSVSEM|CLONE_SETTLS|CLONE_PARENT_SETTID|CLONE_CHILD_CLEARTID, child_tid=0x7f4a0952f990, parent_tid=0x7f4a0952f990, exit_signal=0, stack=0x7f4a08d2f000, stack_size=0x7fff80, tls=0x7f4a0952f6c0} => {parent_tid=[16658]}, 88) = 16658
16658 rseq(0x7f4a0952f600, 0x20, 0, 0x53053053 <unfinished ...>
16656 rt_sigprocmask(SIG_SETMASK, [],  <unfinished ...>
16658 <... rseq resumed>)               = 0
16656 <... rt_sigprocmask resumed>NULL, 8) = 0
16658 set_robust_list(0x7f4a0952f9a0, 24 <unfinished ...>
16656 mmap(NULL, 8392704, PROT_NONE, MAP_PRIVATE|MAP_ANONYMOUS|MAP_STACK, -1, 0) = 0x7f4a0852e000
16658 <... set_robust_list resumed>)    = 0
16656 mprotect(0x7f4a0852f000, 8388608, PROT_READ|PROT_WRITE <unfinished ...>
16658 rt_sigprocmask(SIG_SETMASK, [],  <unfinished ...>
16656 <... mprotect resumed>)           = 0
16658 <... rt_sigprocmask resumed>NULL, 8) = 0
16656 rt_sigprocmask(SIG_BLOCK, ~[], [], 8) = 0
16658 futex(0x7ffcc6388114, FUTEX_WAIT_PRIVATE, 0, NULL <unfinished ...>
16656 clone3({flags=CLONE_VM|CLONE_FS|CLONE_FILES|CLONE_SIGHAND|CLONE_THREAD|CLONE_SYSVSEM|CLONE_SETTLS|CLONE_PARENT_SETTID|CLONE_CHILD_CLEARTID, child_tid=0x7f4a08d2e990, parent_tid=0x7f4a08d2e990, exit_signal=0, stack=0x7f4a0852e000, stack_size=0x7fff80, tls=0x7f4a08d2e6c0} => {parent_tid=[16659]}, 88) = 16659
16656 rt_sigprocmask(SIG_SETMASK, [], NULL, 8) = 0
16656 mmap(NULL, 8392704, PROT_NONE, MAP_PRIVATE|MAP_ANONYMOUS|MAP_STACK, -1, 0) = 0x7f4a07d2d000
16659 rseq(0x7f4a08d2e600, 0x20, 0, 0x53053053 <unfinished ...>
16656 mprotect(0x7f4a07d2e000, 8388608, PROT_READ|PROT_WRITE <unfinished ...>
16659 <... rseq resumed>)               = 0
16656 <... mprotect resumed>)           = 0
16659 set_robust_list(0x7f4a08d2e9a0, 24 <unfinished ...>
16656 rt_sigprocmask(SIG_BLOCK, ~[],  <unfinished ...>
16659 <... set_robust_list resumed>)    = 0
16656 <... rt_sigprocmask resumed>[], 8) = 0
16656 clone3({flags=CLONE_VM|CLONE_FS|CLONE_FILES|CLONE_SIGHAND|CLONE_THREAD|CLONE_SYSVSEM|CLONE_SETTLS|CLONE_PARENT_SETTID|CLONE_CHILD_CLEARTID, child_tid=0x7f4a0852d990, parent_tid=0x7f4a0852d990, exit_signal=0, stack=0x7f4a07d2d000, stack_size=0x7fff80, tls=0x7f4a0852d6c0} <unfinished ...>
16659 rt_sigprocmask(SIG_SETMASK, [],  <unfinished ...>
16656 <... clone3 resumed> => {parent_tid=[16660]}, 88) = 16660
16660 rseq(0x7f4a0852d600, 0x20, 0, 0x53053053 <unfinished ...>
16656 rt_sigprocmask(SIG_SETMASK, [], NULL, 8) = 0
16660 <... rseq resumed>)               = 0
16656 mmap(NULL, 8392704, PROT_NONE, MAP_PRIVATE|MAP_ANONYMOUS|MAP_STACK, -1, 0) = 0x7f4a0752c000
16660 set_robust_list(0x7f4a0852d9a0, 24 <unfinished ...>
16656 mprotect(0x7f4a0752d000, 8388608, PROT_READ|PROT_WRITE <unfinished ...>
16659 <... rt_sigprocmask resumed>NULL, 8) = 0
16656 <... mprotect resumed>)           = 0
16660 <... set_robust_list resumed>)    = 0
16659 futex(0x7ffcc6388114, FUTEX_WAIT_PRIVATE, 0, NULL <unfinished ...>
16656 rt_sigprocmask(SIG_BLOCK, ~[],  <unfinished ...>
16660 rt_sigprocmask(SIG_SETMASK, [], NULL, 8) = 0
16660 futex(0x7ffcc6388114, FUTEX_WAIT_PRIVATE, 0, NULL <unfinished ...>
16656 <... rt_sigprocmask resumed>[], 8) = 0
16656 clone3({flags=CLONE_VM|CLONE_FS|CLONE_FILES|CLONE_SIGHAND|CLONE_THREAD|CLONE_SYSVSEM|CLONE_SETTLS|CLONE_PARENT_SETTID|CLONE_CHILD_CLEARTID, child_tid=0x7f4a07d2c990, parent_tid=0x7f4a07d2c990, exit_signal=0, stack=0x7f4a0752c000, stack_size=0x7fff80, tls=0x7f4a07d2c6c0} => {parent_tid=[16661]}, 88) = 16661
16656 rt_sigprocmask(SIG_SETMASK, [], NULL, 8) = 0
16661 rseq(0x7f4a07d2c600, 0x20, 0, 0x53053053 <unfinished ...>
16656 mmap(NULL, 8392704, PROT_NONE, MAP_PRIVATE|MAP_ANONYMOUS|MAP_STACK, -1, 0) = 0x7f4a06d2b000
16661 <... rseq resumed>)               = 0
16656 mprotect(0x7f4a06d2c000, 8388608, PROT_READ|PROT_WRITE <unfinished ...>
16661 set_robust_list(0x7f4a07d2c9a0, 24) = 0
16656 <... mprotect resumed>)           = 0
16661 rt_sigprocmask(SIG_SETMASK, [],  <unfinished ...>
16656 rt_sigprocmask(SIG_BLOCK, ~[], [], 8) = 0
16661 <... rt_sigprocmask resumed>NULL, 8) = 0
16656 clone3({flags=CLONE_VM|CLONE_FS|CLONE_FILES|CLONE_SIGHAND|CLONE_THREAD|CLONE_SYSVSEM|CLONE_SETTLS|CLONE_PARENT_SETTID|CLONE_CHILD_CLEARTID, child_tid=0x7f4a0752b990, parent_tid=0x7f4a0752b990, exit_signal=0, stack=0x7f4a06d2b000, stack_size=0x7fff80, tls=0x7f4a0752b6c0} <unfinished ...>
16661 futex(0x7ffcc6388114, FUTEX_WAIT_PRIVATE, 0, NULL <unfinished ...>
16656 <... clone3 resumed> => {parent_tid=[16662]}, 88) = 16662
16656 rt_sigprocmask(SIG_SETMASK, [], NULL, 8) = 0
16656 mmap(NULL, 8392704, PROT_NONE, MAP_PRIVATE|MAP_ANONYMOUS|MAP_STACK, -1, 0) = 0x7f4a0652a000
16656 mprotect(0x7f4a0652b000, 8388608, PROT_READ|PROT_WRITE) = 0
16662 rseq(0x7f4a0752b600, 0x20, 0, 0x53053053 <unfinished ...>
16656 rt_sigprocmask(SIG_BLOCK, ~[], [], 8) = 0
16662 <... rseq resumed>)               = 0
16656 clone3({flags=CLONE_VM|CLONE_FS|CLONE_FILES|CLONE_SIGHAND|CLONE_THREAD|CLONE_SYSVSEM|CLONE_SETTLS|CLONE_PARENT_SETTID|CLONE_CHILD_CLEARTID, child_tid=0x7f4a06d2a990, parent_tid=0x7f4a06d2a990, exit_signal=0, stack=0x7f4a0652a000, stack_size=0x7fff80, tls=0x7f4a06d2a6c0} <unfinished ...>
16662 set_robust_list(0x7f4a0752b9a0, 24) = 0
16662 rt_sigprocmask(SIG_SETMASK, [],  <unfinished ...>
16656 <... clone3 resumed> => {parent_tid=[16663]}, 88) = 16663
16663 rseq(0x7f4a06d2a600, 0x20, 0, 0x53053053 <unfinished ...>
16662 <... rt_sigprocmask resumed>NULL, 8) = 0
16656 rt_sigprocmask(SIG_SETMASK, [],  <unfinished ...>
16663 <... rseq resumed>)               = 0
16662 futex(0x7ffcc6388114, FUTEX_WAIT_PRIVATE, 0, NULL <unfinished ...>
16663 set_robust_list(0x7f4a06d2a9a0, 24) = 0
16663 rt_sigprocmask(SIG_SETMASK, [],  <unfinished ...>
16656 <... rt_sigprocmask resumed>NULL, 8) = 0
16663 <... rt_sigprocmask resumed>NULL, 8) = 0
16656 mmap(NULL, 8392704, PROT_NONE, MAP_PRIVATE|MAP_ANONYMOUS|MAP_STACK, -1, 0 <unfinished ...>
16663 futex(0x7ffcc6388114, FUTEX_WAIT_PRIVATE, 0, NULL <unfinished ...>
16656 <... mmap resumed>)               = 0x7f4a05d29000
16656 mprotect(0x7f4a05d2a000, 8388608, PROT_READ|PROT_WRITE) = 0
16656 rt_sigprocmask(SIG_BLOCK, ~[], [], 8) = 0
16656 clone3({flags=CLONE_VM|CLONE_FS|CLONE_FILES|CLONE_SIGHAND|CLONE_THREAD|CLONE_SYSVSEM|CLONE_SETTLS|CLONE_PARENT_SETTID|CLONE_CHILD_CLEARTID, child_tid=0x7f4a06529990, parent_tid=0x7f4a06529990, exit_signal=0, stack=0x7f4a05d29000, stack_size=0x7fff80, tls=0x7f4a065296c0} => {parent_tid=[16664]}, 88) = 16664
16664 rseq(0x7f4a06529600, 0x20, 0, 0x53053053) = 0
16664 set_robust_list(0x7f4a065299a0, 24 <unfinished ...>
16656 rt_sigprocmask(SIG_SETMASK, [],  <unfinished ...>
16664 <... set_robust_list resumed>)    = 0
16656 <... rt_sigprocmask resumed>NULL, 8) = 0
16656 mmap(NULL, 8392704, PROT_NONE, MAP_PRIVATE|MAP_ANONYMOUS|MAP_STACK, -1, 0 <unfinished ...>
16664 rt_sigprocmask(SIG_SETMASK, [],  <unfinished ...>
16656 <... mmap resumed>)               = 0x7f4a05528000
16664 <... rt_sigprocmask resumed>NULL, 8) = 0
16656 mprotect(0x7f4a05529000, 8388608, PROT_READ|PROT_WRITE) = 0
16664 futex(0x7ffcc6388114, FUTEX_WAIT_PRIVATE, 0, NULL <unfinished ...>
16656 rt_sigprocmask(SIG_BLOCK, ~[], [], 8) = 0
16656 clone3({flags=CLONE_VM|CLONE_FS|CLONE_FILES|CLONE_SIGHAND|CLONE_THREAD|CLONE_SYSVSEM|CLONE_SETTLS|CLONE_PARENT_SETTID|CLONE_CHILD_CLEARTID, child_tid=0x7f4a05d28990, parent_tid=0x7f4a05d28990, exit_signal=0, stack=0x7f4a05528000, stack_size=0x7fff80, tls=0x7f4a05d286c0} => {parent_tid=[16665]}, 88) = 16665
16656 rt_sigprocmask(SIG_SETMASK, [],  <unfinished ...>
16665 rseq(0x7f4a05d28600, 0x20, 0, 0x53053053 <unfinished ...>
16656 <... rt_sigprocmask resumed>NULL, 8) = 0
16656 mmap(NULL, 8392704, PROT_NONE, MAP_PRIVATE|MAP_ANONYMOUS|MAP_STACK, -1, 0 <unfinished ...>
16665 <... rseq resumed>)               = 0
16656 <... mmap resumed>)               = 0x7f4a04d27000
16656 mprotect(0x7f4a04d28000, 8388608, PROT_READ|PROT_WRITE) = 0
16665 set_robust_list(0x7f4a05d289a0, 24 <unfinished ...>
16656 rt_sigprocmask(SIG_BLOCK, ~[],  <unfinished ...>
16665 <... set_robust_list resumed>)    = 0
16656 <... rt_sigprocmask resumed>[], 8) = 0
16656 clone3({flags=CLONE_VM|CLONE_FS|CLONE_FILES|CLONE_SIGHAND|CLONE_THREAD|CLONE_SYSVSEM|CLONE_SETTLS|CLONE_PARENT_SETTID|CLONE_CHILD_CLEARTID, child_tid=0x7f4a05527990, parent_tid=0x7f4a05527990, exit_signal=0, stack=0x7f4a04d27000, stack_size=0x7fff80, tls=0x7f4a055276c0} <unfinished ...>
16665 rt_sigprocmask(SIG_SETMASK, [], NULL, 8) = 0
16656 <... clone3 resumed> => {parent_tid=[16666]}, 88) = 16666
16666 rseq(0x7f4a05527600, 0x20, 0, 0x53053053 <unfinished ...>
16665 futex(0x7ffcc6388114, FUTEX_WAIT_PRIVATE, 0, NULL <unfinished ...>
16656 rt_sigprocmask(SIG_SETMASK, [],  <unfinished ...>
16666 <... rseq resumed>)               = 0
16666 set_robust_list(0x7f4a055279a0, 24 <unfinished ...>
16656 <... rt_sigprocmask resumed>NULL, 8) = 0
16666 <... set_robust_list resumed>)    = 0
16656 mmap(NULL, 8392704, PROT_NONE, MAP_PRIVATE|MAP_ANONYMOUS|MAP_STACK, -1, 0 <unfinished ...>
16666 rt_sigprocmask(SIG_SETMASK, [],  <unfinished ...>
16656 <... mmap resumed>)               = 0x7f4a04526000
16666 <... rt_sigprocmask resumed>NULL, 8) = 0
16656 mprotect(0x7f4a04527000, 8388608, PROT_READ|PROT_WRITE <unfinished ...>
16666 futex(0x7ffcc6388114, FUTEX_WAIT_PRIVATE, 0, NULL <unfinished ...>
16656 <... mprotect resumed>)           = 0
16656 rt_sigprocmask(SIG_BLOCK, ~[], [], 8) = 0
16656 clone3({flags=CLONE_VM|CLONE_FS|CLONE_FILES|CLONE_SIGHAND|CLONE_THREAD|CLONE_SYSVSEM|CLONE_SETTLS|CLONE_PARENT_SETTID|CLONE_CHILD_CLEARTID, child_tid=0x7f4a04d26990, parent_tid=0x7f4a04d26990, exit_signal=0, stack=0x7f4a04526000, stack_size=0x7fff80, tls=0x7f4a04d266c0} => {parent_tid=[16667]}, 88) = 16667
16656 rt_sigprocmask(SIG_SETMASK, [], NULL, 8) = 0
16667 rseq(0x7f4a04d26600, 0x20, 0, 0x53053053 <unfinished ...>
16656 mmap(NULL, 8392704, PROT_NONE, MAP_PRIVATE|MAP_ANONYMOUS|MAP_STACK, -1, 0 <unfinished ...>
16667 <... rseq resumed>)               = 0
16656 <... mmap resumed>)               = 0x7f4a03d25000
16656 mprotect(0x7f4a03d26000, 8388608, PROT_READ|PROT_WRITE <unfinished ...>
16667 set_robust_list(0x7f4a04d269a0, 24 <unfinished ...>
16656 <... mprotect resumed>)           = 0
16667 <... set_robust_list resumed>)    = 0
16667 rt_sigprocmask(SIG_SETMASK, [],  <unfinished ...>
16656 rt_sigprocmask(SIG_BLOCK, ~[],  <unfinished ...>
16667 <... rt_sigprocmask resumed>NULL, 8) = 0
16656 <... rt_sigprocmask resumed>[], 8) = 0
16667 futex(0x7ffcc6388114, FUTEX_WAIT_PRIVATE, 0, NULL <unfinished ...>
16656 clone3({flags=CLONE_VM|CLONE_FS|CLONE_FILES|CLONE_SIGHAND|CLONE_THREAD|CLONE_SYSVSEM|CLONE_SETTLS|CLONE_PARENT_SETTID|CLONE_CHILD_CLEARTID, child_tid=0x7f4a04525990, parent_tid=0x7f4a04525990, exit_signal=0, stack=0x7f4a03d25000, stack_size=0x7fff80, tls=0x7f4a045256c0} => {parent_tid=[16668]}, 88) = 16668
16668 rseq(0x7f4a04525600, 0x20, 0, 0x53053053 <unfinished ...>
16656 rt_sigprocmask(SIG_SETMASK, [], NULL, 8) = 0
16668 <... rseq resumed>)               = 0
16656 mmap(NULL, 8392704, PROT_NONE, MAP_PRIVATE|MAP_ANONYMOUS|MAP_STACK, -1, 0 <unfinished ...>
16668 set_robust_list(0x7f4a045259a0, 24 <unfinished ...>
16656 <... mmap resumed>)               = 0x7f4a03524000
16656 mprotect(0x7f4a03525000, 8388608, PROT_READ|PROT_WRITE <unfinished ...>
16668 <... set_robust_list resumed>)    = 0
16656 <... mprotect resumed>)           = 0
16656 rt_sigprocmask(SIG_BLOCK, ~[],  <unfinished ...>
16668 rt_sigprocmask(SIG_SETMASK, [],  <unfinished ...>
16656 <... rt_sigprocmask resumed>[], 8) = 0
16656 clone3({flags=CLONE_VM|CLONE_FS|CLONE_FILES|CLONE_SIGHAND|CLONE_THREAD|CLONE_SYSVSEM|CLONE_SETTLS|CLONE_PARENT_SETTID|CLONE_CHILD_CLEARTID, child_tid=0x7f4a03d24990, parent_tid=0x7f4a03d24990, exit_signal=0, stack=0x7f4a03524000, stack_size=0x7fff80, tls=0x7f4a03d246c0} <unfinished ...>
16668 <... rt_sigprocmask resumed>NULL, 8) = 0
16668 futex(0x7ffcc6388114, FUTEX_WAIT_PRIVATE, 0, NULL <unfinished ...>
16656 <... clone3 resumed> => {parent_tid=[16669]}, 88) = 16669
16656 rt_sigprocmask(SIG_SETMASK, [],  <unfinished ...>
16669 rseq(0x7f4a03d24600, 0x20, 0, 0x53053053 <unfinished ...>
16656 <... rt_sigprocmask resumed>NULL, 8) = 0
16656 mmap(NULL, 8392704, PROT_NONE, MAP_PRIVATE|MAP_ANONYMOUS|MAP_STACK, -1, 0 <unfinished ...>
16669 <... rseq resumed>)               = 0
16656 <... mmap resumed>)               = 0x7f4a02d23000
16669 set_robust_list(0x7f4a03d249a0, 24 <unfinished ...>
16656 mprotect(0x7f4a02d24000, 8388608, PROT_READ|PROT_WRITE) = 0
16669 <... set_robust_list resumed>)    = 0
16656 rt_sigprocmask(SIG_BLOCK, ~[], [], 8) = 0
16669 rt_sigprocmask(SIG_SETMASK, [],  <unfinished ...>
16656 clone3({flags=CLONE_VM|CLONE_FS|CLONE_FILES|CLONE_SIGHAND|CLONE_THREAD|CLONE_SYSVSEM|CLONE_SETTLS|CLONE_PARENT_SETTID|CLONE_CHILD_CLEARTID, child_tid=0x7f4a03523990, parent_tid=0x7f4a03523990, exit_signal=0, stack=0x7f4a02d23000, stack_size=0x7fff80, tls=0x7f4a035236c0} <unfinished ...>
16669 <... rt_sigprocmask resumed>NULL, 8) = 0
16656 <... clone3 resumed> => {parent_tid=[16670]}, 88) = 16670
16669 futex(0x7ffcc6388114, FUTEX_WAIT_PRIVATE, 0, NULL <unfinished ...>
16656 rt_sigprocmask(SIG_SETMASK, [],  <unfinished ...>
16670 rseq(0x7f4a03523600, 0x20, 0, 0x53053053 <unfinished ...>
16656 <... rt_sigprocmask resumed>NULL, 8) = 0
16656 mmap(NULL, 8392704, PROT_NONE, MAP_PRIVATE|MAP_ANONYMOUS|MAP_STACK, -1, 0 <unfinished ...>
16670 <... rseq resumed>)               = 0
16656 <... mmap resumed>)               = 0x7f4a02522000
16656 mprotect(0x7f4a02523000, 8388608, PROT_READ|PROT_WRITE) = 0
16670 set_robust_list(0x7f4a035239a0, 24 <unfinished ...>
16656 rt_sigprocmask(SIG_BLOCK, ~[],  <unfinished ...>
16670 <... set_robust_list resumed>)    = 0
16656 <... rt_sigprocmask resumed>[], 8) = 0
16656 clone3({flags=CLONE_VM|CLONE_FS|CLONE_FILES|CLONE_SIGHAND|CLONE_THREAD|CLONE_SYSVSEM|CLONE_SETTLS|CLONE_PARENT_SETTID|CLONE_CHILD_CLEARTID, child_tid=0x7f4a02d22990, parent_tid=0x7f4a02d22990, exit_signal=0, stack=0x7f4a02522000, stack_size=0x7fff80, tls=0x7f4a02d226c0} <unfinished ...>
16670 rt_sigprocmask(SIG_SETMASK, [], NULL, 8) = 0
16656 <... clone3 resumed> => {parent_tid=[16671]}, 88) = 16671
16670 futex(0x7ffcc6388114, FUTEX_WAIT_PRIVATE, 0, NULL <unfinished ...>
16656 rt_sigprocmask(SIG_SETMASK, [],  <unfinished ...>
16671 rseq(0x7f4a02d22600, 0x20, 0, 0x53053053 <unfinished ...>
16656 <... rt_sigprocmask resumed>NULL, 8) = 0
16671 <... rseq resumed>)               = 0
16656 mmap(NULL, 8392704, PROT_NONE, MAP_PRIVATE|MAP_ANONYMOUS|MAP_STACK, -1, 0) = 0x7f4a01d21000
16671 set_robust_list(0x7f4a02d229a0, 24 <unfinished ...>
16656 mprotect(0x7f4a01d22000, 8388608, PROT_READ|PROT_WRITE <unfinished ...>
16671 <... set_robust_list resumed>)    = 0
16656 <... mprotect resumed>)           = 0
16671 rt_sigprocmask(SIG_SETMASK, [],  <unfinished ...>
16656 rt_sigprocmask(SIG_BLOCK, ~[], [], 8) = 0
16671 <... rt_sigprocmask resumed>NULL, 8) = 0
16656 clone3({flags=CLONE_VM|CLONE_FS|CLONE_FILES|CLONE_SIGHAND|CLONE_THREAD|CLONE_SYSVSEM|CLONE_SETTLS|CLONE_PARENT_SETTID|CLONE_CHILD_CLEARTID, child_tid=0x7f4a02521990, parent_tid=0x7f4a02521990, exit_signal=0, stack=0x7f4a01d21000, stack_size=0x7fff80, tls=0x7f4a025216c0} <unfinished ...>
16671 futex(0x7ffcc6388114, FUTEX_WAIT_PRIVATE, 0, NULL <unfinished ...>
16656 <... clone3 resumed> => {parent_tid=[16672]}, 88) = 16672
16656 rt_sigprocmask(SIG_SETMASK, [],  <unfinished ...>
16672 rseq(0x7f4a02521600, 0x20, 0, 0x53053053 <unfinished ...>
16656 <... rt_sigprocmask resumed>NULL, 8) = 0
16672 <... rseq resumed>)               = 0
16656 futex(0x7ffcc6388114, FUTEX_WAIT_PRIVATE, 0, NULL <unfinished ...>
16672 set_robust_list(0x7f4a025219a0, 24) = 0
16672 rt_sigprocmask(SIG_SETMASK, [], NULL, 8) = 0
16672 futex(0x7ffcc6388114, FUTEX_WAKE_PRIVATE, 2147483647 <unfinished ...>
16664 <... futex resumed>)              = 0
16663 <... futex resumed>)              = 0
16662 <... futex resumed>)              = 0
16661 <... futex resumed>)              = 0
16660 <... futex resumed>)              = 0
16659 <... futex resumed>)              = 0
16658 <... futex resumed>)              = 0
16657 <... futex resumed>)              = 0
16665 <... futex resumed>)              = 0
16663 mmap(NULL, 16384, PROT_READ|PROT_WRITE, MAP_PRIVATE|MAP_ANONYMOUS|MAP_NORESERVE, -1, 0 <unfinished ...>
16672 <... futex resumed>)              = 16
16661 mmap(NULL, 16384, PROT_READ|PROT_WRITE, MAP_PRIVATE|MAP_ANONYMOUS|MAP_NORESERVE, -1, 0 <unfinished ...>
16659 mmap(NULL, 16384, PROT_READ|PROT_WRITE, MAP_PRIVATE|MAP_ANONYMOUS|MAP_NORESERVE, -1, 0 <unfinished ...>
16672 mmap(NULL, 16384, PROT_READ|PROT_WRITE, MAP_PRIVATE|MAP_ANONYMOUS|MAP_NORESERVE, -1, 0 <unfinished ...>
16659 <... mmap resumed>)               = 0x100000000000
16663 <... mmap resumed>)               = 0x100040000000
16661 <... mmap resumed>)               = 0x100040200000
16659 munmap(0x100000000000, 16384 <unfinished ...>
16662 mmap(NULL, 16384, PROT_READ|PROT_WRITE, MAP_PRIVATE|MAP_ANONYMOUS|MAP_NORESERVE, -1, 0 <unfinished ...>
16663 munmap(0x100040000000, 16384 <unfinished ...>
16671 <... futex resumed>)              = 0
16667 <... futex resumed>)              = 0
16665 mmap(NULL, 16384, PROT_READ|PROT_WRITE, MAP_PRIVATE|MAP_ANONYMOUS|MAP_NORESERVE, -1, 0 <unfinished ...>
16661 munmap(0x100040200000, 16384 <unfinished ...>
16662 <... mmap resumed>)               = 0x100000000000
16659 <... munmap resumed>)             = 0
16656 <... futex resumed>)              = 0
16671 mmap(NULL, 16384, PROT_READ|PROT_WRITE, MAP_PRIVATE|MAP_ANONYMOUS|MAP_NORESERVE, -1, 0 <unfinished ...>
16670 <... futex resumed>)              = 0
16667 mmap(NULL, 16384, PROT_READ|PROT_WRITE, MAP_PRIVATE|MAP_ANONYMOUS|MAP_NORESERVE, -1, 0 <unfinished ...>
16666 <... futex resumed>)              = 0
16664 mmap(NULL, 16384, PROT_READ|PROT_WRITE, MAP_PRIVATE|MAP_ANONYMOUS|MAP_NORESERVE, -1, 0 <unfinished ...>
16663 <... munmap resumed>)             = 0
16660 mmap(NULL, 16384, PROT_READ|PROT_WRITE, MAP_PRIVATE|MAP_ANONYMOUS|MAP_NORESERVE, -1, 0 <unfinished ...>
16658 mmap(NULL, 16384, PROT_READ|PROT_WRITE, MAP_PRIVATE|MAP_ANONYMOUS|MAP_NORESERVE, -1, 0 <unfinished ...>
16661 <... munmap resumed>)             = 0
16656 futex(0x7ffcc6388134, FUTEX_WAIT_PRIVATE, 0, NULL <unfinished ...>
16672 <... mmap resumed>)               = 0x100040200000
16669 <... futex resumed>)              = 0
16668 <... futex resumed>)              = 0
16665 <... mmap resumed>)               = 0x100040000000
16662 munmap(0x100000000000, 16384 <unfinished ...>
16659 mmap(NULL, 16384, PROT_READ|PROT_WRITE, MAP_PRIVATE|MAP_ANONYMOUS|MAP_NORESERVE, -1, 0 <unfinished ...>
16657 mmap(NULL, 16384, PROT_READ|PROT_WRITE, MAP_PRIVATE|MAP_ANONYMOUS|MAP_NORESERVE, -1, 0 <unfinished ...>
16672 munmap(0x100040200000, 16384 <unfinished ...>
16671 <... mmap resumed>)               = 0x100080000000
16670 mmap(NULL, 16384, PROT_READ|PROT_WRITE, MAP_PRIVATE|MAP_ANONYMOUS|MAP_NORESERVE, -1, 0 <unfinished ...>
16669 mmap(NULL, 16384, PROT_READ|PROT_WRITE, MAP_PRIVATE|MAP_ANONYMOUS|MAP_NORESERVE, -1, 0 <unfinished ...>
16668 mmap(NULL, 16384, PROT_READ|PROT_WRITE, MAP_PRIVATE|MAP_ANONYMOUS|MAP_NORESERVE, -1, 0 <unfinished ...>
16667 <... mmap resumed>)               = 0x100040400000
16666 mmap(NULL, 16384, PROT_READ|PROT_WRITE, MAP_PRIVATE|MAP_ANONYMOUS|MAP_NORESERVE, -1, 0 <unfinished ...>
16665 munmap(0x100040000000, 16384 <unfinished ...>
16664 <... mmap resumed>)               = 0x1000c0000000
16663 mmap(NULL, 16384, PROT_READ|PROT_WRITE, MAP_PRIVATE|MAP_ANONYMOUS|MAP_NORESERVE, -1, 0 <unfinished ...>
16661 mmap(NULL, 16384, PROT_READ|PROT_WRITE, MAP_PRIVATE|MAP_ANONYMOUS|MAP_NORESERVE, -1, 0 <unfinished ...>
16660 <... mmap resumed>)               = 0x100100000000
16658 <... mmap resumed>)               = 0x100000200000
16672 <... munmap resumed>)             = 0
16671 munmap(0x100080000000, 16384 <unfinished ...>
16670 <... mmap resumed>)               = 0x100040200000
16669 <... mmap resumed>)               = 0x100140000000
16668 <... mmap resumed>)               = 0x100100200000
16667 munmap(0x100040400000, 16384 <unfinished ...>
16662 <... munmap resumed>)             = 0
16659 <... mmap resumed>)               = 0x1000c0200000
16658 munmap(0x100000200000, 16384 <unfinished ...>
16657 <... mmap resumed>)               = 0x100000000000
16672 mmap(NULL, 16384, PROT_READ|PROT_WRITE, MAP_PRIVATE|MAP_ANONYMOUS|MAP_NORESERVE, -1, 0 <unfinished ...>
16671 <... munmap resumed>)             = 0
16669 munmap(0x100140000000, 16384 <unfinished ...>
16668 munmap(0x100100200000, 16384 <unfinished ...>
16666 <... mmap resumed>)               = 0x100180000000
16665 <... munmap resumed>)             = 0
16661 <... mmap resumed>)               = 0x100040600000
16660 munmap(0x100100000000, 16384 <unfinished ...>
16658 <... munmap resumed>)             = 0
16672 <... mmap resumed>)               = 0x100080000000
16671 mmap(NULL, 16384, PROT_READ|PROT_WRITE, MAP_PRIVATE|MAP_ANONYMOUS|MAP_NORESERVE, -1, 0 <unfinished ...>
16670 munmap(0x100040200000, 16384 <unfinished ...>
16669 <... munmap resumed>)             = 0
16668 <... munmap resumed>)             = 0
16667 <... munmap resumed>)             = 0
16666 munmap(0x100180000000, 16384 <unfinished ...>
16665 mmap(NULL, 16384, PROT_READ|PROT_WRITE, MAP_PRIVATE|MAP_ANONYMOUS|MAP_NORESERVE, -1, 0 <unfinished ...>
16664 munmap(0x1000c0000000, 16384 <unfinished ...>
16663 <... mmap resumed>)               = 0x100040400000
16662 mmap(NULL, 16384, PROT_READ|PROT_WRITE, MAP_PRIVATE|MAP_ANONYMOUS|MAP_NORESERVE, -1, 0 <unfinished ...>
16661 munmap(0x100040600000, 16384 <unfinished ...>
16659 munmap(0x1000c0200000, 16384 <unfinished ...>
16657 munmap(0x100000000000, 16384 <unfinished ...>
16672 munmap(0x100080000000, 16384 <unfinished ...>
16671 <... mmap resumed>)               = 0x100100000000
16670 <... munmap resumed>)             = 0
16669 mmap(NULL, 16384, PROT_READ|PROT_WRITE, MAP_PRIVATE|MAP_ANONYMOUS|MAP_NORESERVE, -1, 0 <unfinished ...>
16668 mmap(NULL, 16384, PROT_READ|PROT_WRITE, MAP_PRIVATE|MAP_ANONYMOUS|MAP_NORESERVE, -1, 0 <unfinished ...>
16667 mmap(NULL, 16384, PROT_READ|PROT_WRITE, MAP_PRIVATE|MAP_ANONYMOUS|MAP_NORESERVE, -1, 0 <unfinished ...>
16666 <... munmap resumed>)             = 0
16665 <... mmap resumed>)               = 0x100180000000
16664 <... munmap resumed>)             = 0
16663 munmap(0x100040400000, 16384 <unfinished ...>
16662 <... mmap resumed>)               = 0x100040600000
16661 <... munmap resumed>)             = 0
16660 <... munmap resumed>)             = 0
16659 <... munmap resumed>)             = 0
16658 mmap(NULL, 16384, PROT_READ|PROT_WRITE, MAP_PRIVATE|MAP_ANONYMOUS|MAP_NORESERVE, -1, 0 <unfinished ...>
16672 <... munmap resumed>)             = 0
16671 munmap(0x100100000000, 16384 <unfinished ...>
16670 mmap(NULL, 16384, PROT_READ|PROT_WRITE, MAP_PRIVATE|MAP_ANONYMOUS|MAP_NORESERVE, -1, 0 <unfinished ...>
16669 <... mmap resumed>)               = 0x100080000000
16668 <... mmap resumed>)               = 0x100000000000
16667 <... mmap resumed>)               = 0x1000c0000000
16666 mmap(NULL, 16384, PROT_READ|PROT_WRITE, MAP_PRIVATE|MAP_ANONYMOUS|MAP_NORESERVE, -1, 0 <unfinished ...>
16665 munmap(0x100180000000, 16384 <unfinished ...>
16664 mmap(NULL, 16384, PROT_READ|PROT_WRITE, MAP_PRIVATE|MAP_ANONYMOUS|MAP_NORESERVE, -1, 0 <unfinished ...>
16663 <... munmap resumed>)             = 0
16662 munmap(0x100040600000, 16384 <unfinished ...>
16661 mmap(NULL, 16384, PROT_READ|PROT_WRITE, MAP_PRIVATE|MAP_ANONYMOUS|MAP_NORESERVE, -1, 0 <unfinished ...>
16657 <... munmap resumed>)             = 0
16672 mmap(NULL, 16384, PROT_READ|PROT_WRITE, MAP_PRIVATE|MAP_ANONYMOUS|MAP_NORESERVE, -1, 0 <unfinished ...>
16671 <... munmap resumed>)             = 0
16670 <... mmap resumed>)               = 0x1000c0200000
16669 munmap(0x100080000000, 16384 <unfinished ...>
16668 munmap(0x100000000000, 16384 <unfinished ...>
16667 munmap(0x1000c0000000, 16384 <unfinished ...>
16666 <... mmap resumed>)               = 0x100100000000
16665 <... munmap resumed>)             = 0
16664 <... mmap resumed>)               = 0x100180000000
16663 mmap(NULL, 16384, PROT_READ|PROT_WRITE, MAP_PRIVATE|MAP_ANONYMOUS|MAP_NORESERVE, -1, 0 <unfinished ...>
16662 <... munmap resumed>)             = 0
16661 <... mmap resumed>)               = 0x100040200000
16660 mmap(NULL, 16384, PROT_READ|PROT_WRITE, MAP_PRIVATE|MAP_ANONYMOUS|MAP_NORESERVE, -1, 0 <unfinished ...>
16659 mmap(NULL, 16384, PROT_READ|PROT_WRITE, MAP_PRIVATE|MAP_ANONYMOUS|MAP_NORESERVE, -1, 0 <unfinished ...>
16658 <... mmap resumed>)               = 0x100040400000
16657 mmap(NULL, 16384, PROT_READ|PROT_WRITE, MAP_PRIVATE|MAP_ANONYMOUS|MAP_NORESERVE, -1, 0 <unfinished ...>
16672 <... mmap resumed>)               = 0x100040600000
16671 mmap(NULL, 16384, PROT_READ|PROT_WRITE, MAP_PRIVATE|MAP_ANONYMOUS|MAP_NORESERVE, -1, 0 <unfinished ...>
16670 munmap(0x1000c0200000, 16384 <unfinished ...>
16668 <... munmap resumed>)             = 0
16669 <... munmap resumed>)             = 0
16666 munmap(0x100100000000, 16384 <unfinished ...>
16664 munmap(0x100180000000, 16384 <unfinished ...>
16658 munmap(0x100040400000, 16384 <unfinished ...>
16672 munmap(0x100040600000, 16384 <unfinished ...>
16671 <... mmap resumed>)               = 0x100080000000
16667 <... munmap resumed>)             = 0
16666 <... munmap resumed>)             = 0
16665 mmap(NULL, 16384, PROT_READ|PROT_WRITE, MAP_PRIVATE|MAP_ANONYMOUS|MAP_NORESERVE, -1, 0 <unfinished ...>
16663 <... mmap resumed>)               = 0x100000000000
16662 mmap(NULL, 16384, PROT_READ|PROT_WRITE, MAP_PRIVATE|MAP_ANONYMOUS|MAP_NORESERVE, -1, 0 <unfinished ...>
16661 munmap(0x100040200000, 16384 <unfinished ...>
16670 <... munmap resumed>)             = 0
16660 <... mmap resumed>)               = 0x1000c0000000
16659 <... mmap resumed>)               = 0x100100000000
16672 <... munmap resumed>)             = 0
16671 munmap(0x100080000000, 16384 <unfinished ...>
16670 mmap(NULL, 16384, PROT_READ|PROT_WRITE, MAP_PRIVATE|MAP_ANONYMOUS|MAP_NORESERVE, -1, 0 <unfinished ...>
16669 mmap(NULL, 16384, PROT_READ|PROT_WRITE, MAP_PRIVATE|MAP_ANONYMOUS|MAP_NORESERVE, -1, 0 <unfinished ...>
16668 mmap(NULL, 16384, PROT_READ|PROT_WRITE, MAP_PRIVATE|MAP_ANONYMOUS|MAP_NORESERVE, -1, 0 <unfinished ...>
16667 mmap(NULL, 16384, PROT_READ|PROT_WRITE, MAP_PRIVATE|MAP_ANONYMOUS|MAP_NORESERVE, -1, 0 <unfinished ...>
16666 mmap(NULL, 16384, PROT_READ|PROT_WRITE, MAP_PRIVATE|MAP_ANONYMOUS|MAP_NORESERVE, -1, 0 <unfinished ...>
16665 <... mmap resumed>)               = 0x100040600000
16664 <... munmap resumed>)             = 0
16663 munmap(0x100000000000, 16384 <unfinished ...>
16661 <... munmap resumed>)             = 0
16658 <... munmap resumed>)             = 0
16657 <... mmap resumed>)               = 0x1000c0200000
16672 mmap(NULL, 16384, PROT_READ|PROT_WRITE, MAP_PRIVATE|MAP_ANONYMOUS|MAP_NORESERVE, -1, 0 <unfinished ...>
16671 <... munmap resumed>)             = 0
16669 <... mmap resumed>)               = 0x100080000000
16668 <... mmap resumed>)               = 0x100180000000
16667 <... mmap resumed>)               = 0x100040400000
16666 <... mmap resumed>)               = 0x100140000000
16665 munmap(0x100040600000, 16384 <unfinished ...>
16664 mmap(NULL, 16384, PROT_READ|PROT_WRITE, MAP_PRIVATE|MAP_ANONYMOUS|MAP_NORESERVE, -1, 0 <unfinished ...>
16662 <... mmap resumed>)               = 0x100040200000
16661 mmap(NULL, 16384, PROT_READ|PROT_WRITE, MAP_PRIVATE|MAP_ANONYMOUS|MAP_NORESERVE, -1, 0 <unfinished ...>
16660 munmap(0x1000c0000000, 16384 <unfinished ...>
16659 munmap(0x100100000000, 16384 <unfinished ...>
16658 mmap(NULL, 16384, PROT_READ|PROT_WRITE, MAP_PRIVATE|MAP_ANONYMOUS|MAP_NORESERVE, -1, 0 <unfinished ...>
16672 <... mmap resumed>)               = 0x100000000000
16671 mmap(NULL, 16384, PROT_READ|PROT_WRITE, MAP_PRIVATE|MAP_ANONYMOUS|MAP_NORESERVE, -1, 0 <unfinished ...>
16670 <... mmap resumed>)               = 0x100100200000
16669 munmap(0x100080000000, 16384 <unfinished ...>
16668 munmap(0x100180000000, 16384 <unfinished ...>
16667 munmap(0x100040400000, 16384 <unfinished ...>
16666 munmap(0x100140000000, 16384 <unfinished ...>
16665 <... munmap resumed>)             = 0
16664 <... mmap resumed>)               = 0x100040600000
16663 <... munmap resumed>)             = 0
16662 munmap(0x100040200000, 16384 <unfinished ...>
16661 <... mmap resumed>)               = 0x100000200000
16659 <... munmap resumed>)             = 0
16657 munmap(0x1000c0200000, 16384 <unfinished ...>
16672 munmap(0x100000000000, 16384 <unfinished ...>
16671 <... mmap resumed>)               = 0x100080000000
16670 munmap(0x100100200000, 16384 <unfinished ...>
16669 <... munmap resumed>)             = 0
16668 <... munmap resumed>)             = 0
16667 <... munmap resumed>)             = 0
16666 <... munmap resumed>)             = 0
16665 mmap(NULL, 16384, PROT_READ|PROT_WRITE, MAP_PRIVATE|MAP_ANONYMOUS|MAP_NORESERVE, -1, 0 <unfinished ...>
16664 munmap(0x100040600000, 16384 <unfinished ...>
16663 mmap(NULL, 16384, PROT_READ|PROT_WRITE, MAP_PRIVATE|MAP_ANONYMOUS|MAP_NORESERVE, -1, 0 <unfinished ...>
16662 <... munmap resumed>)             = 0
16661 munmap(0x100000200000, 16384 <unfinished ...>
16660 <... munmap resumed>)             = 0
16658 <... mmap resumed>)               = 0x100100000000
16672 <... munmap resumed>)             = 0
16671 munmap(0x100080000000, 16384 <unfinished ...>
16670 <... munmap resumed>)             = 0
16669 mmap(NULL, 16384, PROT_READ|PROT_WRITE, MAP_PRIVATE|MAP_ANONYMOUS|MAP_NORESERVE, -1, 0 <unfinished ...>
16668 mmap(NULL, 16384, PROT_READ|PROT_WRITE, MAP_PRIVATE|MAP_ANONYMOUS|MAP_NORESERVE, -1, 0 <unfinished ...>
16667 mmap(NULL, 16384, PROT_READ|PROT_WRITE, MAP_PRIVATE|MAP_ANONYMOUS|MAP_NORESERVE, -1, 0 <unfinished ...>
16666 mmap(NULL, 16384, PROT_READ|PROT_WRITE, MAP_PRIVATE|MAP_ANONYMOUS|MAP_NORESERVE, -1, 0 <unfinished ...>
16665 <... mmap resumed>)               = 0x100100200000
16664 <... munmap resumed>)             = 0
16663 <... mmap resumed>)               = 0x100040600000
16662 mmap(NULL, 16384, PROT_READ|PROT_WRITE, MAP_PRIVATE|MAP_ANONYMOUS|MAP_NORESERVE, -1, 0 <unfinished ...>
16659 mmap(NULL, 16384, PROT_READ|PROT_WRITE, MAP_PRIVATE|MAP_ANONYMOUS|MAP_NORESERVE, -1, 0 <unfinished ...>
16657 <... munmap resumed>)             = 0
16672 mmap(NULL, 16384, PROT_READ|PROT_WRITE, MAP_PRIVATE|MAP_ANONYMOUS|MAP_NORESERVE, -1, 0 <unfinished ...>
16671 <... munmap resumed>)             = 0
16670 mmap(NULL, 16384, PROT_READ|PROT_WRITE, MAP_PRIVATE|MAP_ANONYMOUS|MAP_NORESERVE, -1, 0 <unfinished ...>
16669 <... mmap resumed>)               = 0x100080000000
16668 <... mmap resumed>)               = 0x100000200000
16667 <... mmap resumed>)               = 0x100040200000
16666 <... mmap resumed>)               = 0x100000000000
16665 munmap(0x100100200000, 16384 <unfinished ...>
16664 mmap(NULL, 16384, PROT_READ|PROT_WRITE, MAP_PRIVATE|MAP_ANONYMOUS|MAP_NORESERVE, -1, 0 <unfinished ...>
16663 munmap(0x100040600000, 16384 <unfinished ...>
16662 <... mmap resumed>)               = 0x1000c0200000
16661 <... munmap resumed>)             = 0
16660 mmap(NULL, 16384, PROT_READ|PROT_WRITE, MAP_PRIVATE|MAP_ANONYMOUS|MAP_NORESERVE, -1, 0 <unfinished ...>
16658 munmap(0x100100000000, 16384 <unfinished ...>
16672 <... mmap resumed>)               = 0x100040400000
16670 <... mmap resumed>)               = 0x1000c0000000
16669 munmap(0x100080000000, 16384 <unfinished ...>
16668 munmap(0x100000200000, 16384 <unfinished ...>
16667 munmap(0x100040200000, 16384 <unfinished ...>
16666 munmap(0x100000000000, 16384 <unfinished ...>
16665 <... munmap resumed>)             = 0
16664 <... mmap resumed>)               = 0x100100200000
16663 <... munmap resumed>)             = 0
16659 <... mmap resumed>)               = 0x100180000000
16657 mmap(NULL, 16384, PROT_READ|PROT_WRITE, MAP_PRIVATE|MAP_ANONYMOUS|MAP_NORESERVE, -1, 0 <unfinished ...>
16672 munmap(0x100040400000, 16384 <unfinished ...>
16671 mmap(NULL, 16384, PROT_READ|PROT_WRITE, MAP_PRIVATE|MAP_ANONYMOUS|MAP_NORESERVE, -1, 0 <unfinished ...>
16670 munmap(0x1000c0000000, 16384 <unfinished ...>
16669 <... munmap resumed>)             = 0
16668 <... munmap resumed>)             = 0
16667 <... munmap resumed>)             = 0
16666 <... munmap resumed>)             = 0
16665 mmap(NULL, 16384, PROT_READ|PROT_WRITE, MAP_PRIVATE|MAP_ANONYMOUS|MAP_NORESERVE, -1, 0 <unfinished ...>
16664 munmap(0x100100200000, 16384 <unfinished ...>
16663 mmap(NULL, 16384, PROT_READ|PROT_WRITE, MAP_PRIVATE|MAP_ANONYMOUS|MAP_NORESERVE, -1, 0 <unfinished ...>
16662 munmap(0x1000c0200000, 16384 <unfinished ...>
16661 mmap(NULL, 16384, PROT_READ|PROT_WRITE, MAP_PRIVATE|MAP_ANONYMOUS|MAP_NORESERVE, -1, 0 <unfinished ...>
16660 <... mmap resumed>)               = 0x100040600000
16659 munmap(0x100180000000, 16384 <unfinished ...>
16658 <... munmap resumed>)             = 0
16672 <... munmap resumed>)             = 0
16671 <... mmap resumed>)               = 0x100040400000
16670 <... munmap resumed>)             = 0
16669 mmap(NULL, 16384, PROT_READ|PROT_WRITE, MAP_PRIVATE|MAP_ANONYMOUS|MAP_NORESERVE, -1, 0 <unfinished ...>
16668 mmap(NULL, 16384, PROT_READ|PROT_WRITE, MAP_PRIVATE|MAP_ANONYMOUS|MAP_NORESERVE, -1, 0 <unfinished ...>
16666 mmap(NULL, 16384, PROT_READ|PROT_WRITE, MAP_PRIVATE|MAP_ANONYMOUS|MAP_NORESERVE, -1, 0 <unfinished ...>
16665 <... mmap resumed>)               = 0x100100200000
16664 <... munmap resumed>)             = 0
16663 <... mmap resumed>)               = 0x1000c0200000
16662 <... munmap resumed>)             = 0
16661 <... mmap resumed>)               = 0x1000c0000000
16660 munmap(0x100040600000, 16384 <unfinished ...>
16659 <... munmap resumed>)             = 0
16657 <... mmap resumed>)               = 0x100000000000
16672 mmap(NULL, 16384, PROT_READ|PROT_WRITE, MAP_PRIVATE|MAP_ANONYMOUS|MAP_NORESERVE, -1, 0 <unfinished ...>
16671 munmap(0x100040400000, 16384 <unfinished ...>
16670 mmap(NULL, 16384, PROT_READ|PROT_WRITE, MAP_PRIVATE|MAP_ANONYMOUS|MAP_NORESERVE, -1, 0 <unfinished ...>
16669 <... mmap resumed>)               = 0x100180000000
16668 <... mmap resumed>)               = 0x100040200000
16667 mmap(NULL, 16384, PROT_READ|PROT_WRITE, MAP_PRIVATE|MAP_ANONYMOUS|MAP_NORESERVE, -1, 0 <unfinished ...>
16666 <... mmap resumed>)               = 0x100080000000
16665 munmap(0x100100200000, 16384 <unfinished ...>
16663 munmap(0x1000c0200000, 16384 <unfinished ...>
16662 mmap(NULL, 16384, PROT_READ|PROT_WRITE, MAP_PRIVATE|MAP_ANONYMOUS|MAP_NORESERVE, -1, 0 <unfinished ...>
16660 <... munmap resumed>)             = 0
16658 mmap(NULL, 16384, PROT_READ|PROT_WRITE, MAP_PRIVATE|MAP_ANONYMOUS|MAP_NORESERVE, -1, 0 <unfinished ...>
16672 <... mmap resumed>)               = 0x100000200000
16671 <... munmap resumed>)             = 0
16670 <... mmap resumed>)               = 0x100040600000
16669 munmap(0x100180000000, 16384 <unfinished ...>
16668 munmap(0x100040200000, 16384 <unfinished ...>
16667 <... mmap resumed>)               = 0x100100000000
16666 munmap(0x100080000000, 16384 <unfinished ...>
16665 <... munmap resumed>)             = 0
16664 mmap(NULL, 16384, PROT_READ|PROT_WRITE, MAP_PRIVATE|MAP_ANONYMOUS|MAP_NORESERVE, -1, 0 <unfinished ...>
16663 <... munmap resumed>)             = 0
16662 <... mmap resumed>)               = 0x1000c0200000
16661 munmap(0x1000c0000000, 16384 <unfinished ...>
16660 mmap(NULL, 16384, PROT_READ|PROT_WRITE, MAP_PRIVATE|MAP_ANONYMOUS|MAP_NORESERVE, -1, 0 <unfinished ...>
16659 mmap(NULL, 16384, PROT_READ|PROT_WRITE, MAP_PRIVATE|MAP_ANONYMOUS|MAP_NORESERVE, -1, 0 <unfinished ...>
16657 munmap(0x100000000000, 16384 <unfinished ...>
16658 <... mmap resumed>)               = 0x100100200000
16672 munmap(0x100000200000, 16384 <unfinished ...>
16671 mmap(NULL, 16384, PROT_READ|PROT_WRITE, MAP_PRIVATE|MAP_ANONYMOUS|MAP_NORESERVE, -1, 0 <unfinished ...>
16670 munmap(0x100040600000, 16384 <unfinished ...>
16669 <... munmap resumed>)             = 0
16668 <... munmap resumed>)             = 0
16667 munmap(0x100100000000, 16384 <unfinished ...>
16666 <... munmap resumed>)             = 0
16665 mmap(NULL, 16384, PROT_READ|PROT_WRITE, MAP_PRIVATE|MAP_ANONYMOUS|MAP_NORESERVE, -1, 0 <unfinished ...>
16664 <... mmap resumed>)               = 0x100080000000
16663 mmap(NULL, 16384, PROT_READ|PROT_WRITE, MAP_PRIVATE|MAP_ANONYMOUS|MAP_NORESERVE, -1, 0 <unfinished ...>
16662 munmap(0x1000c0200000, 16384 <unfinished ...>
16661 <... munmap resumed>)             = 0
16660 <... mmap resumed>)               = 0x100040200000
16672 <... munmap resumed>)             = 0
16671 <... mmap resumed>)               = 0x100000200000
16670 <... munmap resumed>)             = 0
16669 mmap(NULL, 16384, PROT_READ|PROT_WRITE, MAP_PRIVATE|MAP_ANONYMOUS|MAP_NORESERVE, -1, 0 <unfinished ...>
16668 mmap(NULL, 16384, PROT_READ|PROT_WRITE, MAP_PRIVATE|MAP_ANONYMOUS|MAP_NORESERVE, -1, 0 <unfinished ...>
16667 <... munmap resumed>)             = 0
16666 mmap(NULL, 16384, PROT_READ|PROT_WRITE, MAP_PRIVATE|MAP_ANONYMOUS|MAP_NORESERVE, -1, 0 <unfinished ...>
16665 <... mmap resumed>)               = 0x100000000000
16664 munmap(0x100080000000, 16384 <unfinished ...>
16663 <... mmap resumed>)               = 0x100100000000
16662 <... munmap resumed>)             = 0
16659 <... mmap resumed>)               = 0x100040600000
16660 munmap(0x100040200000, 16384 <unfinished ...>
16658 munmap(0x100100200000, 16384 <unfinished ...>
16657 <... munmap resumed>)             = 0
16672 mmap(NULL, 16384, PROT_READ|PROT_WRITE, MAP_PRIVATE|MAP_ANONYMOUS|MAP_NORESERVE, -1, 0 <unfinished ...>
16671 munmap(0x100000200000, 16384 <unfinished ...>
16670 mmap(NULL, 16384, PROT_READ|PROT_WRITE, MAP_PRIVATE|MAP_ANONYMOUS|MAP_NORESERVE, -1, 0 <unfinished ...>
16669 <... mmap resumed>)               = 0x1000c0200000
16667 mmap(NULL, 16384, PROT_READ|PROT_WRITE, MAP_PRIVATE|MAP_ANONYMOUS|MAP_NORESERVE, -1, 0 <unfinished ...>
16666 <... mmap resumed>)               = 0x100080000000
16665 munmap(0x100000000000, 16384 <unfinished ...>
16664 <... munmap resumed>)             = 0
16663 munmap(0x100100000000, 16384 <unfinished ...>
16662 mmap(NULL, 16384, PROT_READ|PROT_WRITE, MAP_PRIVATE|MAP_ANONYMOUS|MAP_NORESERVE, -1, 0 <unfinished ...>
16661 mmap(NULL, 16384, PROT_READ|PROT_WRITE, MAP_PRIVATE|MAP_ANONYMOUS|MAP_NORESERVE, -1, 0 <unfinished ...>
16660 <... munmap resumed>)             = 0
16659 munmap(0x100040600000, 16384 <unfinished ...>
16658 <... munmap resumed>)             = 0
16657 mmap(NULL, 16384, PROT_READ|PROT_WRITE, MAP_PRIVATE|MAP_ANONYMOUS|MAP_NORESERVE, -1, 0 <unfinished ...>
16672 <... mmap resumed>)               = 0x100100200000
16671 <... munmap resumed>)             = 0
16670 <... mmap resumed>)               = 0x100000200000
16669 munmap(0x1000c0200000, 16384 <unfinished ...>
16668 <... mmap resumed>)               = 0x100040200000
16667 <... mmap resumed>)               = 0x1000c0000000
16666 munmap(0x100080000000, 16384 <unfinished ...>
16665 <... munmap resumed>)             = 0
16663 <... munmap resumed>)             = 0
16662 <... mmap resumed>)               = 0x100100000000
16661 <... mmap resumed>)               = 0x100000000000
16660 mmap(NULL, 16384, PROT_READ|PROT_WRITE, MAP_PRIVATE|MAP_ANONYMOUS|MAP_NORESERVE, -1, 0 <unfinished ...>
16659 <... munmap resumed>)             = 0
16672 munmap(0x100100200000, 16384 <unfinished ...>
16671 mmap(NULL, 16384, PROT_READ|PROT_WRITE, MAP_PRIVATE|MAP_ANONYMOUS|MAP_NORESERVE, -1, 0 <unfinished ...>
16670 munmap(0x100000200000, 16384 <unfinished ...>
16669 <... munmap resumed>)             = 0
16668 munmap(0x100040200000, 16384 <unfinished ...>
16667 munmap(0x1000c0000000, 16384 <unfinished ...>
16666 <... munmap resumed>)             = 0
16665 mmap(NULL, 16384, PROT_READ|PROT_WRITE, MAP_PRIVATE|MAP_ANONYMOUS|MAP_NORESERVE, -1, 0 <unfinished ...>
16664 mmap(NULL, 16384, PROT_READ|PROT_WRITE, MAP_PRIVATE|MAP_ANONYMOUS|MAP_NORESERVE, -1, 0 <unfinished ...>
16663 mmap(NULL, 16384, PROT_READ|PROT_WRITE, MAP_PRIVATE|MAP_ANONYMOUS|MAP_NORESERVE, -1, 0 <unfinished ...>
16662 munmap(0x100100000000, 16384 <unfinished ...>
16661 munmap(0x100000000000, 16384 <unfinished ...>
16660 <... mmap resumed>)               = 0x100080000000
16658 mmap(NULL, 16384, PROT_READ|PROT_WRITE, MAP_PRIVATE|MAP_ANONYMOUS|MAP_NORESERVE, -1, 0 <unfinished ...>
16659 mmap(NULL, 16384, PROT_READ|PROT_WRITE, MAP_PRIVATE|MAP_ANONYMOUS|MAP_NORESERVE, -1, 0 <unfinished ...>
16657 <... mmap resumed>)               = 0x100040600000
16672 <... munmap resumed>)             = 0
16671 <... mmap resumed>)               = 0x100000200000
16670 <... munmap resumed>)             = 0
16669 mmap(NULL, 16384, PROT_READ|PROT_WRITE, MAP_PRIVATE|MAP_ANONYMOUS|MAP_NORESERVE, -1, 0 <unfinished ...>
16668 <... munmap resumed>)             = 0
16667 <... munmap resumed>)             = 0
16666 mmap(NULL, 16384, PROT_READ|PROT_WRITE, MAP_PRIVATE|MAP_ANONYMOUS|MAP_NORESERVE, -1, 0 <unfinished ...>
16665 <... mmap resumed>)               = 0x100040200000
16664 <... mmap resumed>)               = 0x1000c0000000
16663 <... mmap resumed>)               = 0x100100200000
16662 <... munmap resumed>)             = 0
16661 <... munmap resumed>)             = 0
16660 munmap(0x100080000000, 16384 <unfinished ...>
16672 mmap(NULL, 16384, PROT_READ|PROT_WRITE, MAP_PRIVATE|MAP_ANONYMOUS|MAP_NORESERVE, -1, 0 <unfinished ...>
16671 munmap(0x100000200000, 16384 <unfinished ...>
16670 mmap(NULL, 16384, PROT_READ|PROT_WRITE, MAP_PRIVATE|MAP_ANONYMOUS|MAP_NORESERVE, -1, 0 <unfinished ...>
16669 <... mmap resumed>)               = 0x1000c0200000
16668 mmap(NULL, 16384, PROT_READ|PROT_WRITE, MAP_PRIVATE|MAP_ANONYMOUS|MAP_NORESERVE, -1, 0 <unfinished ...>
16667 mmap(NULL, 16384, PROT_READ|PROT_WRITE, MAP_PRIVATE|MAP_ANONYMOUS|MAP_NORESERVE, -1, 0 <unfinished ...>
16666 <... mmap resumed>)               = 0x100180000000
16665 munmap(0x100040200000, 16384 <unfinished ...>
16663 munmap(0x100100200000, 16384 <unfinished ...>
16662 mmap(NULL, 16384, PROT_READ|PROT_WRITE, MAP_PRIVATE|MAP_ANONYMOUS|MAP_NORESERVE, -1, 0 <unfinished ...>
16661 mmap(NULL, 16384, PROT_READ|PROT_WRITE, MAP_PRIVATE|MAP_ANONYMOUS|MAP_NORESERVE, -1, 0 <unfinished ...>
16659 <... mmap resumed>)               = 0x100000000000
16658 <... mmap resumed>)               = 0x100100000000
16657 munmap(0x100040600000, 16384 <unfinished ...>
16672 <... mmap resumed>)               = 0x100080000000
16671 <... munmap resumed>)             = 0
16670 <... mmap resumed>)               = 0x100000200000
16669 munmap(0x1000c0200000, 16384 <unfinished ...>
16667 <... mmap resumed>)               = 0x100040400000
16664 munmap(0x1000c0000000, 16384 <unfinished ...>
16660 <... munmap resumed>)             = 0
16672 munmap(0x100080000000, 16384 <unfinished ...>
16671 mmap(NULL, 16384, PROT_READ|PROT_WRITE, MAP_PRIVATE|MAP_ANONYMOUS|MAP_NORESERVE, -1, 0 <unfinished ...>
16670 munmap(0x100000200000, 16384 <unfinished ...>
16669 <... munmap resumed>)             = 0
16668 <... mmap resumed>)               = 0x1000c0000000
16667 munmap(0x100040400000, 16384 <unfinished ...>
16666 munmap(0x100180000000, 16384 <unfinished ...>
16665 <... munmap resumed>)             = 0
16664 <... munmap resumed>)             = 0
16663 <... munmap resumed>)             = 0
16662 <... mmap resumed>)               = 0x100100200000
16661 <... mmap resumed>)               = 0x100040600000
16660 mmap(NULL, 16384, PROT_READ|PROT_WRITE, MAP_PRIVATE|MAP_ANONYMOUS|MAP_NORESERVE, -1, 0 <unfinished ...>
16659 munmap(0x100000000000, 16384 <unfinished ...>
16658 munmap(0x100100000000, 16384 <unfinished ...>
16657 <... munmap resumed>)             = 0
16672 <... munmap resumed>)             = 0
16671 <... mmap resumed>)               = 0x100080000000
16670 <... munmap resumed>)             = 0
16669 mmap(NULL, 16384, PROT_READ|PROT_WRITE, MAP_PRIVATE|MAP_ANONYMOUS|MAP_NORESERVE, -1, 0 <unfinished ...>
16668 munmap(0x1000c0000000, 16384 <unfinished ...>
16667 <... munmap resumed>)             = 0
16666 <... munmap resumed>)             = 0
16665 mmap(NULL, 16384, PROT_READ|PROT_WRITE, MAP_PRIVATE|MAP_ANONYMOUS|MAP_NORESERVE, -1, 0 <unfinished ...>
16664 mmap(NULL, 16384, PROT_READ|PROT_WRITE, MAP_PRIVATE|MAP_ANONYMOUS|MAP_NORESERVE, -1, 0 <unfinished ...>
16663 mmap(NULL, 16384, PROT_READ|PROT_WRITE, MAP_PRIVATE|MAP_ANONYMOUS|MAP_NORESERVE, -1, 0 <unfinished ...>
16662 munmap(0x100100200000, 16384 <unfinished ...>
16661 munmap(0x100040600000, 16384 <unfinished ...>
16660 <... mmap resumed>)               = 0x100180000000
16659 <... munmap resumed>)             = 0
16658 <... munmap resumed>)             = 0
16672 mmap(NULL, 16384, PROT_READ|PROT_WRITE, MAP_PRIVATE|MAP_ANONYMOUS|MAP_NORESERVE, -1, 0 <unfinished ...>
16671 munmap(0x100080000000, 16384 <unfinished ...>
16670 mmap(NULL, 16384, PROT_READ|PROT_WRITE, MAP_PRIVATE|MAP_ANONYMOUS|MAP_NORESERVE, -1, 0 <unfinished ...>
16669 <... mmap resumed>)               = 0x1000c0000000
16668 <... munmap resumed>)             = 0
16667 mmap(NULL, 16384, PROT_READ|PROT_WRITE, MAP_PRIVATE|MAP_ANONYMOUS|MAP_NORESERVE, -1, 0 <unfinished ...>
16666 mmap(NULL, 16384, PROT_READ|PROT_WRITE, MAP_PRIVATE|MAP_ANONYMOUS|MAP_NORESERVE, -1, 0 <unfinished ...>
16665 <... mmap resumed>)               = 0x100100000000
16664 <... mmap resumed>)               = 0x100000000000
16663 <... mmap resumed>)               = 0x100040600000
16662 <... munmap resumed>)             = 0
16661 <... munmap resumed>)             = 0
16660 munmap(0x100180000000, 16384 <unfinished ...>
16659 mmap(NULL, 16384, PROT_READ|PROT_WRITE, MAP_PRIVATE|MAP_ANONYMOUS|MAP_NORESERVE, -1, 0 <unfinished ...>
16658 mmap(NULL, 16384, PROT_READ|PROT_WRITE, MAP_PRIVATE|MAP_ANONYMOUS|MAP_NORESERVE, -1, 0 <unfinished ...>
16657 mmap(NULL, 16384, PROT_READ|PROT_WRITE, MAP_PRIVATE|MAP_ANONYMOUS|MAP_NORESERVE, -1, 0 <unfinished ...>
16672 <... mmap resumed>)               = 0x100100200000
16671 <... munmap resumed>)             = 0
16670 <... mmap resumed>)               = 0x100080000000
16669 munmap(0x1000c0000000, 16384 <unfinished ...>
16668 mmap(NULL, 16384, PROT_READ|PROT_WRITE, MAP_PRIVATE|MAP_ANONYMOUS|MAP_NORESERVE, -1, 0 <unfinished ...>
16667 <... mmap resumed>)               = 0x100040400000
16666 <... mmap resumed>)               = 0x100000200000
16665 munmap(0x100100000000, 16384 <unfinished ...>
16664 munmap(0x100000000000, 16384 <unfinished ...>
16663 munmap(0x100040600000, 16384 <unfinished ...>
16662 mmap(NULL, 16384, PROT_READ|PROT_WRITE, MAP_PRIVATE|MAP_ANONYMOUS|MAP_NORESERVE, -1, 0 <unfinished ...>
16661 mmap(NULL, 16384, PROT_READ|PROT_WRITE, MAP_PRIVATE|MAP_ANONYMOUS|MAP_NORESERVE, -1, 0 <unfinished ...>
16660 <... munmap resumed>)             = 0
16659 <... mmap resumed>)               = 0x1000c0200000
16658 <... mmap resumed>)               = 0x100180000000
16672 munmap(0x100100200000, 16384 <unfinished ...>
16671 mmap(NULL, 16384, PROT_READ|PROT_WRITE, MAP_PRIVATE|MAP_ANONYMOUS|MAP_NORESERVE, -1, 0 <unfinished ...>
16670 munmap(0x100080000000, 16384 <unfinished ...>
16669 <... munmap resumed>)             = 0
16668 <... mmap resumed>)               = 0x1000c0000000
16667 munmap(0x100040400000, 16384 <unfinished ...>
16666 munmap(0x100000200000, 16384 <unfinished ...>
16657 <... mmap resumed>)               = 0x100040200000
16658 munmap(0x100180000000, 16384 <unfinished ...>
16661 <... mmap resumed>)               = 0x100140000000
16667 <... munmap resumed>)             = 0
16658 <... munmap resumed>)             = 0
16663 <... munmap resumed>)             = 0
16661 munmap(0x100140000000, 16384 <unfinished ...>
16658 mmap(NULL, 16384, PROT_READ|PROT_WRITE, MAP_PRIVATE|MAP_ANONYMOUS|MAP_NORESERVE, -1, 0 <unfinished ...>
16670 <... munmap resumed>)             = 0
16667 mmap(NULL, 16384, PROT_READ|PROT_WRITE, MAP_PRIVATE|MAP_ANONYMOUS|MAP_NORESERVE, -1, 0 <unfinished ...>
16665 <... munmap resumed>)             = 0
16663 mmap(NULL, 16384, PROT_READ|PROT_WRITE, MAP_PRIVATE|MAP_ANONYMOUS|MAP_NORESERVE, -1, 0 <unfinished ...>
16661 <... munmap resumed>)             = 0
16658 <... mmap resumed>)               = 0x100140000000
16667 <... mmap resumed>)               = 0x100100000000
16662 <... mmap resumed>)               = 0x100080000000
16657 munmap(0x100040200000, 16384 <unfinished ...>
16661 mmap(NULL, 16384, PROT_READ|PROT_WRITE, MAP_PRIVATE|MAP_ANONYMOUS|MAP_NORESERVE, -1, 0 <unfinished ...>
16669 mmap(NULL, 16384, PROT_READ|PROT_WRITE, MAP_PRIVATE|MAP_ANONYMOUS|MAP_NORESERVE, -1, 0 <unfinished ...>
16667 munmap(0x100100000000, 16384 <unfinished ...>
16661 <... mmap resumed>)               = 0x100040200000
16657 <... munmap resumed>)             = 0
16670 mmap(NULL, 16384, PROT_READ|PROT_WRITE, MAP_PRIVATE|MAP_ANONYMOUS|MAP_NORESERVE, -1, 0 <unfinished ...>
16667 <... munmap resumed>)             = 0
16661 munmap(0x100040200000, 16384 <unfinished ...>
16670 <... mmap resumed>)               = 0x100000200000
16669 <... mmap resumed>)               = 0x100100000000
16667 mmap(NULL, 16384, PROT_READ|PROT_WRITE, MAP_PRIVATE|MAP_ANONYMOUS|MAP_NORESERVE, -1, 0 <unfinished ...>
16666 <... munmap resumed>)             = 0
16665 mmap(NULL, 16384, PROT_READ|PROT_WRITE, MAP_PRIVATE|MAP_ANONYMOUS|MAP_NORESERVE, -1, 0 <unfinished ...>
16663 <... mmap resumed>)               = 0x100040600000
16662 munmap(0x100080000000, 16384 <unfinished ...>
16660 mmap(NULL, 16384, PROT_READ|PROT_WRITE, MAP_PRIVATE|MAP_ANONYMOUS|MAP_NORESERVE, -1, 0 <unfinished ...>
16657 mmap(NULL, 16384, PROT_READ|PROT_WRITE, MAP_PRIVATE|MAP_ANONYMOUS|MAP_NORESERVE, -1, 0 <unfinished ...>
16670 munmap(0x100000200000, 16384 <unfinished ...>
16669 munmap(0x100100000000, 16384 <unfinished ...>
16667 <... mmap resumed>)               = 0x100040400000
16666 mmap(NULL, 16384, PROT_READ|PROT_WRITE, MAP_PRIVATE|MAP_ANONYMOUS|MAP_NORESERVE, -1, 0 <unfinished ...>
16665 <... mmap resumed>)               = 0x100040200000
16663 munmap(0x100040600000, 16384 <unfinished ...>
16662 <... munmap resumed>)             = 0
16661 <... munmap resumed>)             = 0
16660 <... mmap resumed>)               = 0x100080000000
16672 <... munmap resumed>)             = 0
16671 <... mmap resumed>)               = 0x100100200000
16668 munmap(0x1000c0000000, 16384 <unfinished ...>
16664 <... munmap resumed>)             = 0
16659 munmap(0x1000c0200000, 16384 <unfinished ...>
16657 <... mmap resumed>)               = 0x100000000000
16669 <... munmap resumed>)             = 0
16670 <... munmap resumed>)             = 0
16668 <... munmap resumed>)             = 0
16662 mmap(NULL, 16384, PROT_READ|PROT_WRITE, MAP_PRIVATE|MAP_ANONYMOUS|MAP_NORESERVE, -1, 0 <unfinished ...>
16661 mmap(NULL, 16384, PROT_READ|PROT_WRITE, MAP_PRIVATE|MAP_ANONYMOUS|MAP_NORESERVE, -1, 0 <unfinished ...>
16660 munmap(0x100080000000, 16384 <unfinished ...>
16659 <... munmap resumed>)             = 0
16670 mmap(NULL, 16384, PROT_READ|PROT_WRITE, MAP_PRIVATE|MAP_ANONYMOUS|MAP_NORESERVE, -1, 0 <unfinished ...>
16669 mmap(NULL, 16384, PROT_READ|PROT_WRITE, MAP_PRIVATE|MAP_ANONYMOUS|MAP_NORESERVE, -1, 0 <unfinished ...>
16668 mmap(NULL, 16384, PROT_READ|PROT_WRITE, MAP_PRIVATE|MAP_ANONYMOUS|MAP_NORESERVE, -1, 0 <unfinished ...>
16667 munmap(0x100040400000, 16384 <unfinished ...>
16666 <... mmap resumed>)               = 0x100040600000
16665 munmap(0x100040200000, 16384 <unfinished ...>
16664 mmap(NULL, 16384, PROT_READ|PROT_WRITE, MAP_PRIVATE|MAP_ANONYMOUS|MAP_NORESERVE, -1, 0 <unfinished ...>
16663 <... munmap resumed>)             = 0
16662 <... mmap resumed>)               = 0x1000c0200000
16658 munmap(0x100140000000, 16384 <unfinished ...>
16657 munmap(0x100000000000, 16384 <unfinished ...>
16672 mmap(NULL, 16384, PROT_READ|PROT_WRITE, MAP_PRIVATE|MAP_ANONYMOUS|MAP_NORESERVE, -1, 0 <unfinished ...>
16671 munmap(0x100100200000, 16384 <unfinished ...>
16667 <... munmap resumed>)             = 0
16665 <... munmap resumed>)             = 0
16661 <... mmap resumed>)               = 0x100040200000
16659 mmap(NULL, 16384, PROT_READ|PROT_WRITE, MAP_PRIVATE|MAP_ANONYMOUS|MAP_NORESERVE, -1, 0 <unfinished ...>
16672 <... mmap resumed>)               = 0x100080000000
16671 <... munmap resumed>)             = 0
16667 mmap(NULL, 16384, PROT_READ|PROT_WRITE, MAP_PRIVATE|MAP_ANONYMOUS|MAP_NORESERVE, -1, 0 <unfinished ...>
16665 mmap(NULL, 16384, PROT_READ|PROT_WRITE, MAP_PRIVATE|MAP_ANONYMOUS|MAP_NORESERVE, -1, 0 <unfinished ...>
16664 <... mmap resumed>)               = 0x100000000000
16660 <... munmap resumed>)             = 0
16658 <... munmap resumed>)             = 0
16657 <... munmap resumed>)             = 0
16672 munmap(0x100080000000, 16384 <unfinished ...>
16671 mmap(NULL, 16384, PROT_READ|PROT_WRITE, MAP_PRIVATE|MAP_ANONYMOUS|MAP_NORESERVE, -1, 0 <unfinished ...>
16660 mmap(NULL, 16384, PROT_READ|PROT_WRITE, MAP_PRIVATE|MAP_ANONYMOUS|MAP_NORESERVE, -1, 0 <unfinished ...>
16659 <... mmap resumed>)               = 0x100100200000
16672 <... munmap resumed>)             = 0
16671 <... mmap resumed>)               = 0x100080000000
16670 <... mmap resumed>)               = 0x100140000000
16667 <... mmap resumed>)               = 0x100040400000
16665 <... mmap resumed>)               = 0x100000200000
16664 munmap(0x100000000000, 16384 <unfinished ...>
16663 mmap(NULL, 16384, PROT_READ|PROT_WRITE, MAP_PRIVATE|MAP_ANONYMOUS|MAP_NORESERVE, -1, 0 <unfinished ...>
16660 <... mmap resumed>)               = 0x1000c0000000
16658 mmap(NULL, 16384, PROT_READ|PROT_WRITE, MAP_PRIVATE|MAP_ANONYMOUS|MAP_NORESERVE, -1, 0 <unfinished ...>
16657 mmap(NULL, 16384, PROT_READ|PROT_WRITE, MAP_PRIVATE|MAP_ANONYMOUS|MAP_NORESERVE, -1, 0 <unfinished ...>
16672 mmap(NULL, 16384, PROT_READ|PROT_WRITE, MAP_PRIVATE|MAP_ANONYMOUS|MAP_NORESERVE, -1, 0 <unfinished ...>
16671 munmap(0x100080000000, 16384 <unfinished ...>
16669 <... mmap resumed>)               = 0x100180000000
16667 munmap(0x100040400000, 16384 <unfinished ...>
16663 <... mmap resumed>)               = 0x100100000000
16662 munmap(0x1000c0200000, 16384 <unfinished ...>
16660 munmap(0x1000c0000000, 16384 <unfinished ...>
16664 <... munmap resumed>)             = 0
16659 munmap(0x100100200000, 16384 <unfinished ...>
16657 <... mmap resumed>)               = 0x100000000000
16672 <... mmap resumed>)               = 0x100040000000
16671 <... munmap resumed>)             = 0
16670 munmap(0x100140000000, 16384 <unfinished ...>
16669 munmap(0x100180000000, 16384 <unfinished ...>
16668 <... mmap resumed>)               = 0x100080000000
16667 <... munmap resumed>)             = 0
16666 munmap(0x100040600000, 16384 <unfinished ...>
16665 munmap(0x100000200000, 16384 <unfinished ...>
16664 mmap(NULL, 16384, PROT_READ|PROT_WRITE, MAP_PRIVATE|MAP_ANONYMOUS|MAP_NORESERVE, -1, 0 <unfinished ...>
16663 munmap(0x100100000000, 16384 <unfinished ...>
16662 <... munmap resumed>)             = 0
16661 munmap(0x100040200000, 16384 <unfinished ...>
16660 <... munmap resumed>)             = 0
16659 <... munmap resumed>)             = 0
16658 <... mmap resumed>)               = 0x100100200000
16657 munmap(0x100000000000, 16384 <unfinished ...>
16672 munmap(0x100040000000, 16384 <unfinished ...>
16667 mmap(NULL, 16384, PROT_READ|PROT_WRITE, MAP_PRIVATE|MAP_ANONYMOUS|MAP_NORESERVE, -1, 0 <unfinished ...>
16664 <... mmap resumed>)               = 0x1000c0000000
16660 mmap(NULL, 16384, PROT_READ|PROT_WRITE, MAP_PRIVATE|MAP_ANONYMOUS|MAP_NORESERVE, -1, 0 <unfinished ...>
16672 <... munmap resumed>)             = 0
16671 mmap(NULL, 16384, PROT_READ|PROT_WRITE, MAP_PRIVATE|MAP_ANONYMOUS|MAP_NORESERVE, -1, 0 <unfinished ...>
16667 <... mmap resumed>)               = 0x100040000000
16664 munmap(0x1000c0000000, 16384 <unfinished ...>
16660 <... mmap resumed>)               = 0x1000c0200000
16658 munmap(0x100100200000, 16384 <unfinished ...>
16672 mmap(NULL, 16384, PROT_READ|PROT_WRITE, MAP_PRIVATE|MAP_ANONYMOUS|MAP_NORESERVE, -1, 0 <unfinished ...>
16667 munmap(0x100040000000, 16384 <unfinished ...>
16664 <... munmap resumed>)             = 0
16663 <... munmap resumed>)             = 0
16660 munmap(0x1000c0200000, 16384 <unfinished ...>
16659 mmap(NULL, 16384, PROT_READ|PROT_WRITE, MAP_PRIVATE|MAP_ANONYMOUS|MAP_NORESERVE, -1, 0 <unfinished ...>
16672 <... mmap resumed>)               = 0x1000c0000000
16671 <... mmap resumed>)               = 0x100040000000
16667 <... munmap resumed>)             = 0
16664 mmap(NULL, 16384, PROT_READ|PROT_WRITE, MAP_PRIVATE|MAP_ANONYMOUS|MAP_NORESERVE, -1, 0 <unfinished ...>
16660 <... munmap resumed>)             = 0
16670 <... munmap resumed>)             = 0
16667 mmap(NULL, 16384, PROT_READ|PROT_WRITE, MAP_PRIVATE|MAP_ANONYMOUS|MAP_NORESERVE, -1, 0 <unfinished ...>
16664 <... mmap resumed>)               = 0x100140000000
16663 mmap(NULL, 16384, PROT_READ|PROT_WRITE, MAP_PRIVATE|MAP_ANONYMOUS|MAP_NORESERVE, -1, 0 <unfinished ...>
16662 mmap(NULL, 16384, PROT_READ|PROT_WRITE, MAP_PRIVATE|MAP_ANONYMOUS|MAP_NORESERVE, -1, 0 <unfinished ...>
16660 mmap(NULL, 16384, PROT_READ|PROT_WRITE, MAP_PRIVATE|MAP_ANONYMOUS|MAP_NORESERVE, -1, 0 <unfinished ...>
16659 <... mmap resumed>)               = 0x100100200000
16658 <... munmap resumed>)             = 0
16672 munmap(0x1000c0000000, 16384 <unfinished ...>
16671 munmap(0x100040000000, 16384 <unfinished ...>
16667 <... mmap resumed>)               = 0x1000c0200000
16665 <... munmap resumed>)             = 0
16671 <... munmap resumed>)             = 0
16667 munmap(0x1000c0200000, 16384 <unfinished ...>
16662 <... mmap resumed>)               = 0x100040200000
16661 <... munmap resumed>)             = 0
16660 <... mmap resumed>)               = 0x100000200000
16671 mmap(NULL, 16384, PROT_READ|PROT_WRITE, MAP_PRIVATE|MAP_ANONYMOUS|MAP_NORESERVE, -1, 0 <unfinished ...>
16667 <... munmap resumed>)             = 0
16665 mmap(NULL, 16384, PROT_READ|PROT_WRITE, MAP_PRIVATE|MAP_ANONYMOUS|MAP_NORESERVE, -1, 0 <unfinished ...>
16662 munmap(0x100040200000, 16384 <unfinished ...>
16661 mmap(NULL, 16384, PROT_READ|PROT_WRITE, MAP_PRIVATE|MAP_ANONYMOUS|MAP_NORESERVE, -1, 0 <unfinished ...>
16660 munmap(0x100000200000, 16384 <unfinished ...>
16659 munmap(0x100100200000, 16384 <unfinished ...>
16671 <... mmap resumed>)               = 0x1000c0200000
16670 mmap(NULL, 16384, PROT_READ|PROT_WRITE, MAP_PRIVATE|MAP_ANONYMOUS|MAP_NORESERVE, -1, 0 <unfinished ...>
16667 mmap(NULL, 16384, PROT_READ|PROT_WRITE, MAP_PRIVATE|MAP_ANONYMOUS|MAP_NORESERVE, -1, 0 <unfinished ...>
16665 <... mmap resumed>)               = 0x100100000000
16663 <... mmap resumed>)               = 0x100040000000
16662 <... munmap resumed>)             = 0
16660 <... munmap resumed>)             = 0
16659 <... munmap resumed>)             = 0
16658 mmap(NULL, 16384, PROT_READ|PROT_WRITE, MAP_PRIVATE|MAP_ANONYMOUS|MAP_NORESERVE, -1, 0 <unfinished ...>
16672 <... munmap resumed>)             = 0
16671 munmap(0x1000c0200000, 16384 <unfinished ...>
16670 <... mmap resumed>)               = 0x100040600000
16669 <... munmap resumed>)             = 0
16668 munmap(0x100080000000, 16384 <unfinished ...>
16667 <... mmap resumed>)               = 0x1000c0000000
16666 <... munmap resumed>)             = 0
16665 munmap(0x100100000000, 16384 <unfinished ...>
16664 munmap(0x100140000000, 16384 <unfinished ...>
16663 munmap(0x100040000000, 16384 <unfinished ...>
16662 mmap(NULL, 16384, PROT_READ|PROT_WRITE, MAP_PRIVATE|MAP_ANONYMOUS|MAP_NORESERVE, -1, 0 <unfinished ...>
16661 <... mmap resumed>)               = 0x100180000000
16660 mmap(NULL, 16384, PROT_READ|PROT_WRITE, MAP_PRIVATE|MAP_ANONYMOUS|MAP_NORESERVE, -1, 0 <unfinished ...>
16659 mmap(NULL, 16384, PROT_READ|PROT_WRITE, MAP_PRIVATE|MAP_ANONYMOUS|MAP_NORESERVE, -1, 0 <unfinished ...>
16657 <... munmap resumed>)             = 0
16672 mmap(NULL, 16384, PROT_READ|PROT_WRITE, MAP_PRIVATE|MAP_ANONYMOUS|MAP_NORESERVE, -1, 0 <unfinished ...>
16671 <... munmap resumed>)             = 0
16670 munmap(0x100040600000, 16384 <unfinished ...>
16669 mmap(NULL, 16384, PROT_READ|PROT_WRITE, MAP_PRIVATE|MAP_ANONYMOUS|MAP_NORESERVE, -1, 0 <unfinished ...>
16668 <... munmap resumed>)             = 0
16667 munmap(0x1000c0000000, 16384 <unfinished ...>
16665 <... munmap resumed>)             = 0
16664 <... munmap resumed>)             = 0
16663 <... munmap resumed>)             = 0
16660 <... mmap resumed>)               = 0x100040000000
16658 <... mmap resumed>)               = 0x100000000000
16672 <... mmap resumed>)               = 0x1000c0200000
16671 mmap(NULL, 16384, PROT_READ|PROT_WRITE, MAP_PRIVATE|MAP_ANONYMOUS|MAP_NORESERVE, -1, 0 <unfinished ...>
16670 <... munmap resumed>)             = 0
16669 <... mmap resumed>)               = 0x100080000000
16668 mmap(NULL, 16384, PROT_READ|PROT_WRITE, MAP_PRIVATE|MAP_ANONYMOUS|MAP_NORESERVE, -1, 0 <unfinished ...>
16667 <... munmap resumed>)             = 0
16666 mmap(NULL, 16384, PROT_READ|PROT_WRITE, MAP_PRIVATE|MAP_ANONYMOUS|MAP_NORESERVE, -1, 0 <unfinished ...>
16665 mmap(NULL, 16384, PROT_READ|PROT_WRITE, MAP_PRIVATE|MAP_ANONYMOUS|MAP_NORESERVE, -1, 0 <unfinished ...>
16664 mmap(NULL, 16384, PROT_READ|PROT_WRITE, MAP_PRIVATE|MAP_ANONYMOUS|MAP_NORESERVE, -1, 0 <unfinished ...>
16662 <... mmap resumed>)               = 0x100100000000
16661 munmap(0x100180000000, 16384 <unfinished ...>
16659 <... mmap resumed>)               = 0x100140000000
16657 mmap(NULL, 16384, PROT_READ|PROT_WRITE, MAP_PRIVATE|MAP_ANONYMOUS|MAP_NORESERVE, -1, 0 <unfinished ...>
16663 mmap(NULL, 16384, PROT_READ|PROT_WRITE, MAP_PRIVATE|MAP_ANONYMOUS|MAP_NORESERVE, -1, 0 <unfinished ...>
16672 munmap(0x1000c0200000, 16384 <unfinished ...>
16671 <... mmap resumed>)               = 0x1000c0000000
16670 mmap(NULL, 16384, PROT_READ|PROT_WRITE, MAP_PRIVATE|MAP_ANONYMOUS|MAP_NORESERVE, -1, 0 <unfinished ...>
16669 munmap(0x100080000000, 16384 <unfinished ...>
16668 <... mmap resumed>)               = 0x100040600000
16667 mmap(NULL, 16384, PROT_READ|PROT_WRITE, MAP_PRIVATE|MAP_ANONYMOUS|MAP_NORESERVE, -1, 0 <unfinished ...>
16666 <... mmap resumed>)               = 0x100100200000
16660 munmap(0x100040000000, 16384 <unfinished ...>
16658 munmap(0x100000000000, 16384 <unfinished ...>
16657 <... mmap resumed>)               = 0x100000200000
16672 <... munmap resumed>)             = 0
16671 munmap(0x1000c0000000, 16384 <unfinished ...>
16667 <... mmap resumed>)               = 0x1000c0200000
16666 munmap(0x100100200000, 16384 <unfinished ...>
16665 <... mmap resumed>)               = 0x100040400000
16664 <... mmap resumed>)               = 0x100000000000
16663 <... mmap resumed>)               = 0x100040200000
16658 <... munmap resumed>)             = 0
16672 mmap(NULL, 16384, PROT_READ|PROT_WRITE, MAP_PRIVATE|MAP_ANONYMOUS|MAP_NORESERVE, -1, 0 <unfinished ...>
16665 munmap(0x100040400000, 16384 <unfinished ...>
16658 mmap(NULL, 16384, PROT_READ|PROT_WRITE, MAP_PRIVATE|MAP_ANONYMOUS|MAP_NORESERVE, -1, 0 <unfinished ...>
16672 <... mmap resumed>)               = 0x100140200000
16665 <... munmap resumed>)             = 0
16660 <... munmap resumed>)             = 0
16658 <... mmap resumed>)               = 0x100040400000
16672 munmap(0x100140200000, 16384 <unfinished ...>
16665 mmap(NULL, 16384, PROT_READ|PROT_WRITE, MAP_PRIVATE|MAP_ANONYMOUS|MAP_NORESERVE, -1, 0 <unfinished ...>
16660 mmap(NULL, 16384, PROT_READ|PROT_WRITE, MAP_PRIVATE|MAP_ANONYMOUS|MAP_NORESERVE, -1, 0) = 0x100040000000
16660 munmap(0x100040000000, 16384)     = 0
16660 mmap(NULL, 16384, PROT_READ|PROT_WRITE, MAP_PRIVATE|MAP_ANONYMOUS|MAP_NORESERVE, -1, 0) = 0x100040000000
16660 munmap(0x100040000000, 16384)     = 0
16660 mmap(NULL, 16384, PROT_READ|PROT_WRITE, MAP_PRIVATE|MAP_ANONYMOUS|MAP_NORESERVE, -1, 0) = 0x100040000000
16660 munmap(0x100040000000, 16384)     = 0
16660 mmap(NULL, 16384, PROT_READ|PROT_WRITE, MAP_PRIVATE|MAP_ANONYMOUS|MAP_NORESERVE, -1, 0) = 0x100040000000
16660 munmap(0x100040000000, 16384)     = 0
16660 mmap(NULL, 16384, PROT_READ|PROT_WRITE, MAP_PRIVATE|MAP_ANONYMOUS|MAP_NORESERVE, -1, 0) = 0x100040000000
16660 munmap(0x100040000000, 16384)     = 0
16658 munmap(0x100040400000, 16384 <unfinished ...>
16660 mmap(NULL, 16384, PROT_READ|PROT_WRITE, MAP_PRIVATE|MAP_ANONYMOUS|MAP_NORESERVE, -1, 0 <unfinished ...>
16672 <... munmap resumed>)             = 0
16665 <... mmap resumed>)               = 0x100140200000
16660 <... mmap resumed>)               = 0x100040000000
16658 <... munmap resumed>)             = 0
16660 munmap(0x100040000000, 16384)     = 0
16660 mmap(NULL, 16384, PROT_READ|PROT_WRITE, MAP_PRIVATE|MAP_ANONYMOUS|MAP_NORESERVE, -1, 0) = 0x100040000000
16660 munmap(0x100040000000, 16384)     = 0
16660 mmap(NULL, 16384, PROT_READ|PROT_WRITE, MAP_PRIVATE|MAP_ANONYMOUS|MAP_NORESERVE, -1, 0) = 0x100040000000
16660 munmap(0x100040000000, 16384 <unfinished ...>
16665 munmap(0x100140200000, 16384 <unfinished ...>
16660 <... munmap resumed>)             = 0
16670 <... mmap resumed>)               = 0x100180000000
16661 <... munmap resumed>)             = 0
16660 mmap(NULL, 16384, PROT_READ|PROT_WRITE, MAP_PRIVATE|MAP_ANONYMOUS|MAP_NORESERVE, -1, 0 <unfinished ...>
16658 mmap(NULL, 16384, PROT_READ|PROT_WRITE, MAP_PRIVATE|MAP_ANONYMOUS|MAP_NORESERVE, -1, 0 <unfinished ...>
16668 munmap(0x100040600000, 16384 <unfinished ...>
16665 <... munmap resumed>)             = 0
16662 munmap(0x100100000000, 16384 <unfinished ...>
16660 <... mmap resumed>)               = 0x100040000000
16672 mmap(NULL, 16384, PROT_READ|PROT_WRITE, MAP_PRIVATE|MAP_ANONYMOUS|MAP_NORESERVE, -1, 0 <unfinished ...>
16670 munmap(0x100180000000, 16384 <unfinished ...>
16665 mmap(NULL, 16384, PROT_READ|PROT_WRITE, MAP_PRIVATE|MAP_ANONYMOUS|MAP_NORESERVE, -1, 0 <unfinished ...>
16661 mmap(NULL, 16384, PROT_READ|PROT_WRITE, MAP_PRIVATE|MAP_ANONYMOUS|MAP_NORESERVE, -1, 0 <unfinished ...>
16672 <... mmap resumed>)               = 0x100100000000
16670 <... munmap resumed>)             = 0
16669 <... munmap resumed>)             = 0
16668 <... munmap resumed>)             = 0
16662 <... munmap resumed>)             = 0
16660 munmap(0x100040000000, 16384 <unfinished ...>
16659 munmap(0x100140000000, 16384 <unfinished ...>
16658 <... mmap resumed>)               = 0x100140200000
16670 mmap(NULL, 16384, PROT_READ|PROT_WRITE, MAP_PRIVATE|MAP_ANONYMOUS|MAP_NORESERVE, -1, 0 <unfinished ...>
16668 mmap(NULL, 16384, PROT_READ|PROT_WRITE, MAP_PRIVATE|MAP_ANONYMOUS|MAP_NORESERVE, -1, 0 <unfinished ...>
16665 <... mmap resumed>)               = 0x100180000000
16662 mmap(NULL, 16384, PROT_READ|PROT_WRITE, MAP_PRIVATE|MAP_ANONYMOUS|MAP_NORESERVE, -1, 0 <unfinished ...>
16661 <... mmap resumed>)               = 0x100080000000
16660 <... munmap resumed>)             = 0
16657 munmap(0x100000200000, 16384 <unfinished ...>
16670 <... mmap resumed>)               = 0x100140000000
16668 <... mmap resumed>)               = 0x100040000000
16665 munmap(0x100180000000, 16384 <unfinished ...>
16661 munmap(0x100080000000, 16384 <unfinished ...>
16660 mmap(NULL, 16384, PROT_READ|PROT_WRITE, MAP_PRIVATE|MAP_ANONYMOUS|MAP_NORESERVE, -1, 0 <unfinished ...>
16659 <... munmap resumed>)             = 0
16658 munmap(0x100140200000, 16384 <unfinished ...>
16670 munmap(0x100140000000, 16384 <unfinished ...>
16668 munmap(0x100040000000, 16384 <unfinished ...>
16665 <... munmap resumed>)             = 0
16661 <... munmap resumed>)             = 0
16660 <... mmap resumed>)               = 0x100080000000
16659 mmap(NULL, 16384, PROT_READ|PROT_WRITE, MAP_PRIVATE|MAP_ANONYMOUS|MAP_NORESERVE, -1, 0 <unfinished ...>
16657 <... munmap resumed>)             = 0
16671 <... munmap resumed>)             = 0
16670 <... munmap resumed>)             = 0
16668 <... munmap resumed>)             = 0
16667 munmap(0x1000c0200000, 16384 <unfinished ...>
16666 <... munmap resumed>)             = 0
16665 mmap(NULL, 16384, PROT_READ|PROT_WRITE, MAP_PRIVATE|MAP_ANONYMOUS|MAP_NORESERVE, -1, 0 <unfinished ...>
16664 munmap(0x100000000000, 16384 <unfinished ...>
16663 munmap(0x100040200000, 16384 <unfinished ...>
16661 mmap(NULL, 16384, PROT_READ|PROT_WRITE, MAP_PRIVATE|MAP_ANONYMOUS|MAP_NORESERVE, -1, 0 <unfinished ...>
16660 munmap(0x100080000000, 16384 <unfinished ...>
16659 <... mmap resumed>)               = 0x100100200000
16658 <... munmap resumed>)             = 0
16672 munmap(0x100100000000, 16384 <unfinished ...>
16657 mmap(NULL, 16384, PROT_READ|PROT_WRITE, MAP_PRIVATE|MAP_ANONYMOUS|MAP_NORESERVE, -1, 0 <unfinished ...>
16672 <... munmap resumed>)             = 0
16670 mmap(NULL, 16384, PROT_READ|PROT_WRITE, MAP_PRIVATE|MAP_ANONYMOUS|MAP_NORESERVE, -1, 0 <unfinished ...>
16669 mmap(NULL, 16384, PROT_READ|PROT_WRITE, MAP_PRIVATE|MAP_ANONYMOUS|MAP_NORESERVE, -1, 0 <unfinished ...>
16666 mmap(NULL, 16384, PROT_READ|PROT_WRITE, MAP_PRIVATE|MAP_ANONYMOUS|MAP_NORESERVE, -1, 0 <unfinished ...>
16665 <... mmap resumed>)               = 0x100140000000
16662 <... mmap resumed>)               = 0x100040000000
16661 <... mmap resumed>)               = 0x100140200000
16659 munmap(0x100100200000, 16384 <unfinished ...>
16672 mmap(NULL, 16384, PROT_READ|PROT_WRITE, MAP_PRIVATE|MAP_ANONYMOUS|MAP_NORESERVE, -1, 0 <unfinished ...>
16670 <... mmap resumed>)               = 0x1000c0000000
16665 munmap(0x100140000000, 16384 <unfinished ...>
16661 munmap(0x100140200000, 16384 <unfinished ...>
16658 mmap(NULL, 16384, PROT_READ|PROT_WRITE, MAP_PRIVATE|MAP_ANONYMOUS|MAP_NORESERVE, -1, 0 <unfinished ...>
16657 <... mmap resumed>)               = 0x100100000000
16672 <... mmap resumed>)               = 0x100100200000
16670 munmap(0x1000c0000000, 16384 <unfinished ...>
16667 <... munmap resumed>)             = 0
16665 <... munmap resumed>)             = 0
16661 <... munmap resumed>)             = 0
16659 <... munmap resumed>)             = 0
16658 <... mmap resumed>)               = 0x1000c0200000
16672 munmap(0x100100200000, 16384 <unfinished ...>
16671 mmap(NULL, 16384, PROT_READ|PROT_WRITE, MAP_PRIVATE|MAP_ANONYMOUS|MAP_NORESERVE, -1, 0 <unfinished ...>
16670 <... munmap resumed>)             = 0
16669 <... mmap resumed>)               = 0x100080000000
16668 mmap(NULL, 16384, PROT_READ|PROT_WRITE, MAP_PRIVATE|MAP_ANONYMOUS|MAP_NORESERVE, -1, 0 <unfinished ...>
16667 mmap(NULL, 16384, PROT_READ|PROT_WRITE, MAP_PRIVATE|MAP_ANONYMOUS|MAP_NORESERVE, -1, 0 <unfinished ...>
16665 mmap(NULL, 16384, PROT_READ|PROT_WRITE, MAP_PRIVATE|MAP_ANONYMOUS|MAP_NORESERVE, -1, 0 <unfinished ...>
16664 <... munmap resumed>)             = 0
16663 <... munmap resumed>)             = 0
16661 mmap(NULL, 16384, PROT_READ|PROT_WRITE, MAP_PRIVATE|MAP_ANONYMOUS|MAP_NORESERVE, -1, 0 <unfinished ...>
16660 <... munmap resumed>)             = 0
16666 <... mmap resumed>)               = 0x100040200000
16659 mmap(NULL, 16384, PROT_READ|PROT_WRITE, MAP_PRIVATE|MAP_ANONYMOUS|MAP_NORESERVE, -1, 0 <unfinished ...>
16658 munmap(0x1000c0200000, 16384 <unfinished ...>
16657 munmap(0x100100000000, 16384 <unfinished ...>
16672 <... munmap resumed>)             = 0
16671 <... mmap resumed>)               = 0x100100200000
16670 mmap(NULL, 16384, PROT_READ|PROT_WRITE, MAP_PRIVATE|MAP_ANONYMOUS|MAP_NORESERVE, -1, 0 <unfinished ...>
16669 munmap(0x100080000000, 16384 <unfinished ...>
16668 <... mmap resumed>)               = 0x1000c0000000
16667 <... mmap resumed>)               = 0x100000000000
16665 <... mmap resumed>)               = 0x100140200000
16664 mmap(NULL, 16384, PROT_READ|PROT_WRITE, MAP_PRIVATE|MAP_ANONYMOUS|MAP_NORESERVE, -1, 0 <unfinished ...>
16663 mmap(NULL, 16384, PROT_READ|PROT_WRITE, MAP_PRIVATE|MAP_ANONYMOUS|MAP_NORESERVE, -1, 0 <unfinished ...>
16662 munmap(0x100040000000, 16384 <unfinished ...>
16661 <... mmap resumed>)               = 0x100140000000
16660 mmap(NULL, 16384, PROT_READ|PROT_WRITE, MAP_PRIVATE|MAP_ANONYMOUS|MAP_NORESERVE, -1, 0 <unfinished ...>
16672 mmap(NULL, 16384, PROT_READ|PROT_WRITE, MAP_PRIVATE|MAP_ANONYMOUS|MAP_NORESERVE, -1, 0 <unfinished ...>
16671 munmap(0x100100200000, 16384 <unfinished ...>
16670 <... mmap resumed>)               = 0x1000c0200000
16669 <... munmap resumed>)             = 0
16668 munmap(0x1000c0000000, 16384 <unfinished ...>
16667 munmap(0x100000000000, 16384 <unfinished ...>
16666 munmap(0x100040200000, 16384 <unfinished ...>
16662 <... munmap resumed>)             = 0
16659 <... mmap resumed>)               = 0x100180000000
16658 <... munmap resumed>)             = 0
16657 <... munmap resumed>)             = 0
16664 <... mmap resumed>)               = 0x100040000000
16663 <... mmap resumed>)               = 0x100080000000
16666 <... munmap resumed>)             = 0
16665 munmap(0x100140200000, 16384 <unfinished ...>
16663 munmap(0x100080000000, 16384 <unfinished ...>
16666 mmap(NULL, 16384, PROT_READ|PROT_WRITE, MAP_PRIVATE|MAP_ANONYMOUS|MAP_NORESERVE, -1, 0 <unfinished ...>
16672 <... mmap resumed>)               = 0x100100000000
16671 <... munmap resumed>)             = 0
16670 munmap(0x1000c0200000, 16384 <unfinished ...>
16669 mmap(NULL, 16384, PROT_READ|PROT_WRITE, MAP_PRIVATE|MAP_ANONYMOUS|MAP_NORESERVE, -1, 0 <unfinished ...>
16668 <... munmap resumed>)             = 0
16667 <... munmap resumed>)             = 0
16666 <... mmap resumed>)               = 0x100080000000
16665 <... munmap resumed>)             = 0
16664 munmap(0x100040000000, 16384 <unfinished ...>
16663 <... munmap resumed>)             = 0
16662 mmap(NULL, 16384, PROT_READ|PROT_WRITE, MAP_PRIVATE|MAP_ANONYMOUS|MAP_NORESERVE, -1, 0 <unfinished ...>
16661 munmap(0x100140000000, 16384 <unfinished ...>
16660 <... mmap resumed>)               = 0x100040200000
16659 munmap(0x100180000000, 16384 <unfinished ...>
16658 mmap(NULL, 16384, PROT_READ|PROT_WRITE, MAP_PRIVATE|MAP_ANONYMOUS|MAP_NORESERVE, -1, 0 <unfinished ...>
16657 mmap(NULL, 16384, PROT_READ|PROT_WRITE, MAP_PRIVATE|MAP_ANONYMOUS|MAP_NORESERVE, -1, 0 <unfinished ...>
16672 munmap(0x100100000000, 16384 <unfinished ...>
16671 mmap(NULL, 16384, PROT_READ|PROT_WRITE, MAP_PRIVATE|MAP_ANONYMOUS|MAP_NORESERVE, -1, 0 <unfinished ...>
16670 <... munmap resumed>)             = 0
16669 <... mmap resumed>)               = 0x100140200000
16668 mmap(NULL, 16384, PROT_READ|PROT_WRITE, MAP_PRIVATE|MAP_ANONYMOUS|MAP_NORESERVE, -1, 0 <unfinished ...>
16667 mmap(NULL, 16384, PROT_READ|PROT_WRITE, MAP_PRIVATE|MAP_ANONYMOUS|MAP_NORESERVE, -1, 0 <unfinished ...>
16666 munmap(0x100080000000, 16384 <unfinished ...>
16665 mmap(NULL, 16384, PROT_READ|PROT_WRITE, MAP_PRIVATE|MAP_ANONYMOUS|MAP_NORESERVE, -1, 0 <unfinished ...>
16664 <... munmap resumed>)             = 0
16663 mmap(NULL, 16384, PROT_READ|PROT_WRITE, MAP_PRIVATE|MAP_ANONYMOUS|MAP_NORESERVE, -1, 0 <unfinished ...>
16662 <... mmap resumed>)               = 0x100040000000
16660 munmap(0x100040200000, 16384 <unfinished ...>
16661 <... munmap resumed>)             = 0
16659 <... munmap resumed>)             = 0
16657 <... mmap resumed>)               = 0x100140000000
16672 <... munmap resumed>)             = 0
16667 <... mmap resumed>)               = 0x100040200000
16660 <... munmap resumed>)             = 0
16672 mmap(NULL, 16384, PROT_READ|PROT_WRITE, MAP_PRIVATE|MAP_ANONYMOUS|MAP_NORESERVE, -1, 0 <unfinished ...>
16671 <... mmap resumed>)               = 0x100100000000
16667 munmap(0x100040200000, 16384 <unfinished ...>
16666 <... munmap resumed>)             = 0
16664 mmap(NULL, 16384, PROT_READ|PROT_WRITE, MAP_PRIVATE|MAP_ANONYMOUS|MAP_NORESERVE, -1, 0 <unfinished ...>
16662 munmap(0x100040000000, 16384 <unfinished ...>
16659 mmap(NULL, 16384, PROT_READ|PROT_WRITE, MAP_PRIVATE|MAP_ANONYMOUS|MAP_NORESERVE, -1, 0 <unfinished ...>
16672 <... mmap resumed>)               = 0x100180000000
16668 <... mmap resumed>)               = 0x100080000000
16667 <... munmap resumed>)             = 0
16665 <... mmap resumed>)               = 0x1000c0200000
16660 mmap(NULL, 16384, PROT_READ|PROT_WRITE, MAP_PRIVATE|MAP_ANONYMOUS|MAP_NORESERVE, -1, 0 <unfinished ...>
16658 <... mmap resumed>)               = 0x100040200000
16657 munmap(0x100140000000, 16384 <unfinished ...>
16664 <... mmap resumed>)               = 0x100000000000
16672 munmap(0x100180000000, 16384 <unfinished ...>
16670 mmap(NULL, 16384, PROT_READ|PROT_WRITE, MAP_PRIVATE|MAP_ANONYMOUS|MAP_NORESERVE, -1, 0 <unfinished ...>
16668 munmap(0x100080000000, 16384 <unfinished ...>
16667 mmap(NULL, 16384, PROT_READ|PROT_WRITE, MAP_PRIVATE|MAP_ANONYMOUS|MAP_NORESERVE, -1, 0 <unfinished ...>
16663 <... mmap resumed>)               = 0x100040000000
16662 <... munmap resumed>)             = 0
16661 mmap(NULL, 16384, PROT_READ|PROT_WRITE, MAP_PRIVATE|MAP_ANONYMOUS|MAP_NORESERVE, -1, 0 <unfinished ...>
16660 <... mmap resumed>)               = 0x1000c0000000
16659 <... mmap resumed>)               = 0x100100200000
16670 <... mmap resumed>)               = 0x100140000000
16669 munmap(0x100140200000, 16384 <unfinished ...>
16667 <... mmap resumed>)               = 0x100000200000
16663 munmap(0x100040000000, 16384 <unfinished ...>
16662 mmap(NULL, 16384, PROT_READ|PROT_WRITE, MAP_PRIVATE|MAP_ANONYMOUS|MAP_NORESERVE, -1, 0 <unfinished ...>
16660 munmap(0x1000c0000000, 16384 <unfinished ...>
16657 <... munmap resumed>)             = 0
16671 munmap(0x100100000000, 16384 <unfinished ...>
16670 munmap(0x100140000000, 16384 <unfinished ...>
16669 <... munmap resumed>)             = 0
16667 munmap(0x100000200000, 16384 <unfinished ...>
16666 mmap(NULL, 16384, PROT_READ|PROT_WRITE, MAP_PRIVATE|MAP_ANONYMOUS|MAP_NORESERVE, -1, 0 <unfinished ...>
16662 <... mmap resumed>)               = 0x100040600000
16670 <... munmap resumed>)             = 0
16669 mmap(NULL, 16384, PROT_READ|PROT_WRITE, MAP_PRIVATE|MAP_ANONYMOUS|MAP_NORESERVE, -1, 0 <unfinished ...>
16667 <... munmap resumed>)             = 0
16663 <... munmap resumed>)             = 0
16666 <... mmap resumed>)               = 0x100000200000
16665 munmap(0x1000c0200000, 16384 <unfinished ...>
16658 munmap(0x100040200000, 16384 <unfinished ...>
16662 munmap(0x100040600000, 16384 <unfinished ...>
16657 mmap(NULL, 16384, PROT_READ|PROT_WRITE, MAP_PRIVATE|MAP_ANONYMOUS|MAP_NORESERVE, -1, 0 <unfinished ...>
16670 mmap(NULL, 16384, PROT_READ|PROT_WRITE, MAP_PRIVATE|MAP_ANONYMOUS|MAP_NORESERVE, -1, 0 <unfinished ...>
16667 mmap(NULL, 16384, PROT_READ|PROT_WRITE, MAP_PRIVATE|MAP_ANONYMOUS|MAP_NORESERVE, -1, 0 <unfinished ...>
16663 mmap(NULL, 16384, PROT_READ|PROT_WRITE, MAP_PRIVATE|MAP_ANONYMOUS|MAP_NORESERVE, -1, 0 <unfinished ...>
16659 munmap(0x100100200000, 16384 <unfinished ...>
16658 <... munmap resumed>)             = 0
16670 <... mmap resumed>)               = 0x100040200000
16663 <... mmap resumed>)               = 0x100140000000
16659 <... munmap resumed>)             = 0
16670 munmap(0x100040200000, 16384 <unfinished ...>
16663 munmap(0x100140000000, 16384 <unfinished ...>
16658 mmap(NULL, 16384, PROT_READ|PROT_WRITE, MAP_PRIVATE|MAP_ANONYMOUS|MAP_NORESERVE, -1, 0 <unfinished ...>
16672 <... munmap resumed>)             = 0
16670 <... munmap resumed>)             = 0
16668 <... munmap resumed>)             = 0
16667 <... mmap resumed>)               = 0x1000c0200000
16665 <... munmap resumed>)             = 0
16664 munmap(0x100000000000, 16384 <unfinished ...>
16662 <... munmap resumed>)             = 0
16661 <... mmap resumed>)               = 0x100080000000
16657 <... mmap resumed>)               = 0x100040600000
16671 <... munmap resumed>)             = 0
16670 mmap(NULL, 16384, PROT_READ|PROT_WRITE, MAP_PRIVATE|MAP_ANONYMOUS|MAP_NORESERVE, -1, 0 <unfinished ...>
16669 <... mmap resumed>)               = 0x1000c0000000
16667 munmap(0x1000c0200000, 16384 <unfinished ...>
16665 mmap(NULL, 16384, PROT_READ|PROT_WRITE, MAP_PRIVATE|MAP_ANONYMOUS|MAP_NORESERVE, -1, 0 <unfinished ...>
16664 <... munmap resumed>)             = 0
16663 <... munmap resumed>)             = 0
16662 mmap(NULL, 16384, PROT_READ|PROT_WRITE, MAP_PRIVATE|MAP_ANONYMOUS|MAP_NORESERVE, -1, 0 <unfinished ...>
16660 <... munmap resumed>)             = 0
16658 <... mmap resumed>)               = 0x100140000000
16657 munmap(0x100040600000, 16384 <unfinished ...>
16672 mmap(NULL, 16384, PROT_READ|PROT_WRITE, MAP_PRIVATE|MAP_ANONYMOUS|MAP_NORESERVE, -1, 0 <unfinished ...>
16669 munmap(0x1000c0000000, 16384 <unfinished ...>
16666 munmap(0x100000200000, 16384 <unfinished ...>
16665 <... mmap resumed>)               = 0x100000000000
16662 <... mmap resumed>)               = 0x100100000000
16661 munmap(0x100080000000, 16384 <unfinished ...>
16669 <... munmap resumed>)             = 0
16668 mmap(NULL, 16384, PROT_READ|PROT_WRITE, MAP_PRIVATE|MAP_ANONYMOUS|MAP_NORESERVE, -1, 0 <unfinished ...>
16658 munmap(0x100140000000, 16384 <unfinished ...>
16672 <... mmap resumed>)               = 0x100000200000
16671 mmap(NULL, 16384, PROT_READ|PROT_WRITE, MAP_PRIVATE|MAP_ANONYMOUS|MAP_NORESERVE, -1, 0 <unfinished ...>
16670 <... mmap resumed>)               = 0x1000c0000000
16669 mmap(NULL, 16384, PROT_READ|PROT_WRITE, MAP_PRIVATE|MAP_ANONYMOUS|MAP_NORESERVE, -1, 0 <unfinished ...>
16667 <... munmap resumed>)             = 0
16666 <... munmap resumed>)             = 0
16665 munmap(0x100000000000, 16384 <unfinished ...>
16664 mmap(NULL, 16384, PROT_READ|PROT_WRITE, MAP_PRIVATE|MAP_ANONYMOUS|MAP_NORESERVE, -1, 0 <unfinished ...>
16663 mmap(NULL, 16384, PROT_READ|PROT_WRITE, MAP_PRIVATE|MAP_ANONYMOUS|MAP_NORESERVE, -1, 0 <unfinished ...>
16662 munmap(0x100100000000, 16384 <unfinished ...>
16661 <... munmap resumed>)             = 0
16660 mmap(NULL, 16384, PROT_READ|PROT_WRITE, MAP_PRIVATE|MAP_ANONYMOUS|MAP_NORESERVE, -1, 0 <unfinished ...>
16657 <... munmap resumed>)             = 0
16672 munmap(0x100000200000, 16384 <unfinished ...>
16670 munmap(0x1000c0000000, 16384 <unfinished ...>
16669 <... mmap resumed>)               = 0x100080000000
16668 <... mmap resumed>)               = 0x100040600000
16667 mmap(NULL, 16384, PROT_READ|PROT_WRITE, MAP_PRIVATE|MAP_ANONYMOUS|MAP_NORESERVE, -1, 0 <unfinished ...>
16665 <... munmap resumed>)             = 0
16663 <... mmap resumed>)               = 0x100140000000
16661 mmap(NULL, 16384, PROT_READ|PROT_WRITE, MAP_PRIVATE|MAP_ANONYMOUS|MAP_NORESERVE, -1, 0 <unfinished ...>
16658 <... munmap resumed>)             = 0
16666 mmap(NULL, 16384, PROT_READ|PROT_WRITE, MAP_PRIVATE|MAP_ANONYMOUS|MAP_NORESERVE, -1, 0 <unfinished ...>
16672 <... munmap resumed>)             = 0
16671 <... mmap resumed>)               = 0x100000000000
16670 <... munmap resumed>)             = 0
16669 munmap(0x100080000000, 16384 <unfinished ...>
16664 <... mmap resumed>)               = 0x100000200000
16662 <... munmap resumed>)             = 0
16660 <... mmap resumed>)               = 0x100100000000
16659 mmap(NULL, 16384, PROT_READ|PROT_WRITE, MAP_PRIVATE|MAP_ANONYMOUS|MAP_NORESERVE, -1, 0 <unfinished ...>
16657 mmap(NULL, 16384, PROT_READ|PROT_WRITE, MAP_PRIVATE|MAP_ANONYMOUS|MAP_NORESERVE, -1, 0 <unfinished ...>
16672 mmap(NULL, 16384, PROT_READ|PROT_WRITE, MAP_PRIVATE|MAP_ANONYMOUS|MAP_NORESERVE, -1, 0 <unfinished ...>
16668 munmap(0x100040600000, 16384 <unfinished ...>
16666 <... mmap resumed>)               = 0x1000c0200000
16665 mmap(NULL, 16384, PROT_READ|PROT_WRITE, MAP_PRIVATE|MAP_ANONYMOUS|MAP_NORESERVE, -1, 0 <unfinished ...>
16657 <... mmap resumed>)               = 0x1000c0000000
16669 <... munmap resumed>)             = 0
16666 munmap(0x1000c0200000, 16384 <unfinished ...>
16664 munmap(0x100000200000, 16384 <unfinished ...>
16672 <... mmap resumed>)               = 0x100040600000
16669 mmap(NULL, 16384, PROT_READ|PROT_WRITE, MAP_PRIVATE|MAP_ANONYMOUS|MAP_NORESERVE, -1, 0 <unfinished ...>
16668 <... munmap resumed>)             = 0
16667 <... mmap resumed>)               = 0x100080000000
16666 <... munmap resumed>)             = 0
16665 <... mmap resumed>)               = 0x100040200000
16657 munmap(0x1000c0000000, 16384 <unfinished ...>
16672 munmap(0x100040600000, 16384 <unfinished ...>
16669 <... mmap resumed>)               = 0x100000200000
16668 mmap(NULL, 16384, PROT_READ|PROT_WRITE, MAP_PRIVATE|MAP_ANONYMOUS|MAP_NORESERVE, -1, 0 <unfinished ...>
16667 munmap(0x100080000000, 16384 <unfinished ...>
16666 mmap(NULL, 16384, PROT_READ|PROT_WRITE, MAP_PRIVATE|MAP_ANONYMOUS|MAP_NORESERVE, -1, 0 <unfinished ...>
16664 <... munmap resumed>)             = 0
16660 munmap(0x100100000000, 16384 <unfinished ...>
16658 mmap(NULL, 16384, PROT_READ|PROT_WRITE, MAP_PRIVATE|MAP_ANONYMOUS|MAP_NORESERVE, -1, 0 <unfinished ...>
16672 <... munmap resumed>)             = 0
16669 munmap(0x100000200000, 16384 <unfinished ...>
16667 <... munmap resumed>)             = 0
16666 <... mmap resumed>)               = 0x1000c0000000
16665 munmap(0x100040200000, 16384 <unfinished ...>
16664 mmap(NULL, 16384, PROT_READ|PROT_WRITE, MAP_PRIVATE|MAP_ANONYMOUS|MAP_NORESERVE, -1, 0 <unfinished ...>
16657 <... munmap resumed>)             = 0
16672 mmap(NULL, 16384, PROT_READ|PROT_WRITE, MAP_PRIVATE|MAP_ANONYMOUS|MAP_NORESERVE, -1, 0 <unfinished ...>
16667 mmap(NULL, 16384, PROT_READ|PROT_WRITE, MAP_PRIVATE|MAP_ANONYMOUS|MAP_NORESERVE, -1, 0 <unfinished ...>
16664 <... mmap resumed>)               = 0x1000c0200000
16663 munmap(0x100140000000, 16384 <unfinished ...>
16662 mmap(NULL, 16384, PROT_READ|PROT_WRITE, MAP_PRIVATE|MAP_ANONYMOUS|MAP_NORESERVE, -1, 0 <unfinished ...>
16659 <... mmap resumed>)               = 0x100040600000
16658 <... mmap resumed>)               = 0x100080000000
16672 <... mmap resumed>)               = 0x100180000000
16667 <... mmap resumed>)               = 0x100100200000
16664 munmap(0x1000c0200000, 16384 <unfinished ...>
16663 <... munmap resumed>)             = 0
16662 <... mmap resumed>)               = 0x100140200000
16661 <... mmap resumed>)               = 0x100040000000
16657 mmap(NULL, 16384, PROT_READ|PROT_WRITE, MAP_PRIVATE|MAP_ANONYMOUS|MAP_NORESERVE, -1, 0 <unfinished ...>
16672 munmap(0x100180000000, 16384 <unfinished ...>
16671 munmap(0x100000000000, 16384 <unfinished ...>
16658 munmap(0x100080000000, 16384 <unfinished ...>
16672 <... munmap resumed>)             = 0
16670 mmap(NULL, 16384, PROT_READ|PROT_WRITE, MAP_PRIVATE|MAP_ANONYMOUS|MAP_NORESERVE, -1, 0 <unfinished ...>
16671 <... munmap resumed>)             = 0
16667 munmap(0x100100200000, 16384 <unfinished ...>
16664 <... munmap resumed>)             = 0
16662 munmap(0x100140200000, 16384 <unfinished ...>
16672 mmap(NULL, 16384, PROT_READ|PROT_WRITE, MAP_PRIVATE|MAP_ANONYMOUS|MAP_NORESERVE, -1, 0 <unfinished ...>
16671 mmap(NULL, 16384, PROT_READ|PROT_WRITE, MAP_PRIVATE|MAP_ANONYMOUS|MAP_NORESERVE, -1, 0 <unfinished ...>
16670 <... mmap resumed>)               = 0x100000200000
16669 <... munmap resumed>)             = 0
16668 <... mmap resumed>)               = 0x100080000000
16665 <... munmap resumed>)             = 0
16664 mmap(NULL, 16384, PROT_READ|PROT_WRITE, MAP_PRIVATE|MAP_ANONYMOUS|MAP_NORESERVE, -1, 0 <unfinished ...>
16660 <... munmap resumed>)             = 0
16658 <... munmap resumed>)             = 0
16672 <... mmap resumed>)               = 0x100040200000
16670 munmap(0x100000200000, 16384 <unfinished ...>
16666 munmap(0x1000c0000000, 16384 <unfinished ...>
16662 <... munmap resumed>)             = 0
16666 <... munmap resumed>)             = 0
16665 mmap(NULL, 16384, PROT_READ|PROT_WRITE, MAP_PRIVATE|MAP_ANONYMOUS|MAP_NORESERVE, -1, 0 <unfinished ...>
16664 <... mmap resumed>)               = 0x100140200000
16661 munmap(0x100040000000, 16384 <unfinished ...>
16659 munmap(0x100040600000, 16384 <unfinished ...>
16658 mmap(NULL, 16384, PROT_READ|PROT_WRITE, MAP_PRIVATE|MAP_ANONYMOUS|MAP_NORESERVE, -1, 0 <unfinished ...>
16672 munmap(0x100040200000, 16384 <unfinished ...>
16671 <... mmap resumed>)               = 0x100100200000
16670 <... munmap resumed>)             = 0
16669 mmap(NULL, 16384, PROT_READ|PROT_WRITE, MAP_PRIVATE|MAP_ANONYMOUS|MAP_NORESERVE, -1, 0 <unfinished ...>
16668 munmap(0x100080000000, 16384 <unfinished ...>
16667 <... munmap resumed>)             = 0
16666 mmap(NULL, 16384, PROT_READ|PROT_WRITE, MAP_PRIVATE|MAP_ANONYMOUS|MAP_NORESERVE, -1, 0 <unfinished ...>
16664 munmap(0x100140200000, 16384 <unfinished ...>
16663 mmap(NULL, 16384, PROT_READ|PROT_WRITE, MAP_PRIVATE|MAP_ANONYMOUS|MAP_NORESERVE, -1, 0 <unfinished ...>
16662 mmap(NULL, 16384, PROT_READ|PROT_WRITE, MAP_PRIVATE|MAP_ANONYMOUS|MAP_NORESERVE, -1, 0 <unfinished ...>
16660 mmap(NULL, 16384, PROT_READ|PROT_WRITE, MAP_PRIVATE|MAP_ANONYMOUS|MAP_NORESERVE, -1, 0 <unfinished ...>
16657 <... mmap resumed>)               = 0x1000c0000000
16670 mmap(NULL, 16384, PROT_READ|PROT_WRITE, MAP_PRIVATE|MAP_ANONYMOUS|MAP_NORESERVE, -1, 0 <unfinished ...>
16668 <... munmap resumed>)             = 0
16665 <... mmap resumed>)               = 0x100100000000
16662 <... mmap resumed>)               = 0x100080000000
16661 <... munmap resumed>)             = 0
16659 <... munmap resumed>)             = 0
16658 <... mmap resumed>)               = 0x100000200000
16672 <... munmap resumed>)             = 0
16671 munmap(0x100100200000, 16384 <unfinished ...>
16670 <... mmap resumed>)               = 0x100040000000
16668 mmap(NULL, 16384, PROT_READ|PROT_WRITE, MAP_PRIVATE|MAP_ANONYMOUS|MAP_NORESERVE, -1, 0 <unfinished ...>
16667 mmap(NULL, 16384, PROT_READ|PROT_WRITE, MAP_PRIVATE|MAP_ANONYMOUS|MAP_NORESERVE, -1, 0 <unfinished ...>
16666 <... mmap resumed>)               = 0x100040200000
16665 munmap(0x100100000000, 16384 <unfinished ...>
16664 <... munmap resumed>)             = 0
16663 <... mmap resumed>)               = 0x100040600000
16662 munmap(0x100080000000, 16384 <unfinished ...>
16661 mmap(NULL, 16384, PROT_READ|PROT_WRITE, MAP_PRIVATE|MAP_ANONYMOUS|MAP_NORESERVE, -1, 0 <unfinished ...>
16657 munmap(0x1000c0000000, 16384 <unfinished ...>
16672 mmap(NULL, 16384, PROT_READ|PROT_WRITE, MAP_PRIVATE|MAP_ANONYMOUS|MAP_NORESERVE, -1, 0 <unfinished ...>
16671 <... munmap resumed>)             = 0
16669 <... mmap resumed>)               = 0x100000000000
16668 <... mmap resumed>)               = 0x100180000000
16667 <... mmap resumed>)               = 0x100100000000
16665 <... munmap resumed>)             = 0
16660 <... mmap resumed>)               = 0x100140200000
16659 mmap(NULL, 16384, PROT_READ|PROT_WRITE, MAP_PRIVATE|MAP_ANONYMOUS|MAP_NORESERVE, -1, 0 <unfinished ...>
16658 munmap(0x100000200000, 16384 <unfinished ...>
16672 <... mmap resumed>)               = 0x100080000000
16671 mmap(NULL, 16384, PROT_READ|PROT_WRITE, MAP_PRIVATE|MAP_ANONYMOUS|MAP_NORESERVE, -1, 0 <unfinished ...>
16669 munmap(0x100000000000, 16384 <unfinished ...>
16670 munmap(0x100040000000, 16384 <unfinished ...>
16668 munmap(0x100180000000, 16384 <unfinished ...>
16667 munmap(0x100100000000, 16384 <unfinished ...>
16665 mmap(NULL, 16384, PROT_READ|PROT_WRITE, MAP_PRIVATE|MAP_ANONYMOUS|MAP_NORESERVE, -1, 0 <unfinished ...>
16664 mmap(NULL, 16384, PROT_READ|PROT_WRITE, MAP_PRIVATE|MAP_ANONYMOUS|MAP_NORESERVE, -1, 0 <unfinished ...>
16662 <... munmap resumed>)             = 0
16659 <... mmap resumed>)               = 0x1000c0000000
16657 <... munmap resumed>)             = 0
16672 munmap(0x100080000000, 16384 <unfinished ...>
16669 <... munmap resumed>)             = 0
16668 <... munmap resumed>)             = 0
16667 <... munmap resumed>)             = 0
16666 munmap(0x100040200000, 16384 <unfinished ...>
16665 <... mmap resumed>)               = 0x100180000000
16663 munmap(0x100040600000, 16384 <unfinished ...>
16661 <... mmap resumed>)               = 0x100100200000
16660 munmap(0x100140200000, 16384 <unfinished ...>
16659 munmap(0x1000c0000000, 16384 <unfinished ...>
16658 <... munmap resumed>)             = 0
16672 <... munmap resumed>)             = 0
16671 <... mmap resumed>)               = 0x100040000000
16670 <... munmap resumed>)             = 0
16669 mmap(NULL, 16384, PROT_READ|PROT_WRITE, MAP_PRIVATE|MAP_ANONYMOUS|MAP_NORESERVE, -1, 0 <unfinished ...>
16668 mmap(NULL, 16384, PROT_READ|PROT_WRITE, MAP_PRIVATE|MAP_ANONYMOUS|MAP_NORESERVE, -1, 0 <unfinished ...>
16667 mmap(NULL, 16384, PROT_READ|PROT_WRITE, MAP_PRIVATE|MAP_ANONYMOUS|MAP_NORESERVE, -1, 0 <unfinished ...>
16666 <... munmap resumed>)             = 0
16665 munmap(0x100180000000, 16384 <unfinished ...>
16664 <... mmap resumed>)               = 0x100040200000
16663 <... munmap resumed>)             = 0
16662 mmap(NULL, 16384, PROT_READ|PROT_WRITE, MAP_PRIVATE|MAP_ANONYMOUS|MAP_NORESERVE, -1, 0 <unfinished ...>
16661 munmap(0x100100200000, 16384 <unfinished ...>
16660 <... munmap resumed>)             = 0
16659 <... munmap resumed>)             = 0
16657 mmap(NULL, 16384, PROT_READ|PROT_WRITE, MAP_PRIVATE|MAP_ANONYMOUS|MAP_NORESERVE, -1, 0 <unfinished ...>
16672 mmap(NULL, 16384, PROT_READ|PROT_WRITE, MAP_PRIVATE|MAP_ANONYMOUS|MAP_NORESERVE, -1, 0 <unfinished ...>
16671 munmap(0x100040000000, 16384 <unfinished ...>
16668 <... mmap resumed>)               = 0x1000c0000000
16666 mmap(NULL, 16384, PROT_READ|PROT_WRITE, MAP_PRIVATE|MAP_ANONYMOUS|MAP_NORESERVE, -1, 0 <unfinished ...>
16663 mmap(NULL, 16384, PROT_READ|PROT_WRITE, MAP_PRIVATE|MAP_ANONYMOUS|MAP_NORESERVE, -1, 0 <unfinished ...>
16660 mmap(NULL, 16384, PROT_READ|PROT_WRITE, MAP_PRIVATE|MAP_ANONYMOUS|MAP_NORESERVE, -1, 0 <unfinished ...>
16659 mmap(NULL, 16384, PROT_READ|PROT_WRITE, MAP_PRIVATE|MAP_ANONYMOUS|MAP_NORESERVE, -1, 0 <unfinished ...>
16658 mmap(NULL, 16384, PROT_READ|PROT_WRITE, MAP_PRIVATE|MAP_ANONYMOUS|MAP_NORESERVE, -1, 0 <unfinished ...>
16657 <... mmap resumed>)               = 0x100040600000
16672 <... mmap resumed>)               = 0x100080000000
16671 <... munmap resumed>)             = 0
16668 munmap(0x1000c0000000, 16384 <unfinished ...>
16666 <... mmap resumed>)               = 0x100000000000
16663 <... mmap resumed>)               = 0x100040000000
16662 <... mmap resumed>)               = 0x100140200000
16660 <... mmap resumed>)               = 0x100100000000
16658 <... mmap resumed>)               = 0x100000200000
16672 munmap(0x100080000000, 16384 <unfinished ...>
16671 mmap(NULL, 16384, PROT_READ|PROT_WRITE, MAP_PRIVATE|MAP_ANONYMOUS|MAP_NORESERVE, -1, 0 <unfinished ...>
16670 mmap(NULL, 16384, PROT_READ|PROT_WRITE, MAP_PRIVATE|MAP_ANONYMOUS|MAP_NORESERVE, -1, 0 <unfinished ...>
16668 <... munmap resumed>)             = 0
16666 munmap(0x100000000000, 16384 <unfinished ...>
16665 <... munmap resumed>)             = 0
16664 munmap(0x100040200000, 16384 <unfinished ...>
16661 <... munmap resumed>)             = 0
16659 <... mmap resumed>)               = 0x1000c0200000
16657 munmap(0x100040600000, 16384 <unfinished ...>
16672 <... munmap resumed>)             = 0
16670 <... mmap resumed>)               = 0x100080000000
16661 mmap(NULL, 16384, PROT_READ|PROT_WRITE, MAP_PRIVATE|MAP_ANONYMOUS|MAP_NORESERVE, -1, 0 <unfinished ...>
16657 <... munmap resumed>)             = 0
16672 mmap(NULL, 16384, PROT_READ|PROT_WRITE, MAP_PRIVATE|MAP_ANONYMOUS|MAP_NORESERVE, -1, 0 <unfinished ...>
16670 munmap(0x100080000000, 16384 <unfinished ...>
16667 <... mmap resumed>)               = 0x100040600000
16661 <... mmap resumed>)               = 0x100100200000
16657 mmap(NULL, 16384, PROT_READ|PROT_WRITE, MAP_PRIVATE|MAP_ANONYMOUS|MAP_NORESERVE, -1, 0 <unfinished ...>
16672 <... mmap resumed>)               = 0x1000c0000000
16670 <... munmap resumed>)             = 0
16669 <... mmap resumed>)               = 0x100180000000
16667 munmap(0x100040600000, 16384 <unfinished ...>
16664 <... munmap resumed>)             = 0
16663 munmap(0x100040000000, 16384 <unfinished ...>
16671 <... mmap resumed>)               = 0x100080000000
16662 munmap(0x100140200000, 16384 <unfinished ...>
16659 munmap(0x1000c0200000, 16384 <unfinished ...>
16671 munmap(0x100080000000, 16384 <unfinished ...>
16668 mmap(NULL, 16384, PROT_READ|PROT_WRITE, MAP_PRIVATE|MAP_ANONYMOUS|MAP_NORESERVE, -1, 0 <unfinished ...>
16666 <... munmap resumed>)             = 0
16665 mmap(NULL, 16384, PROT_READ|PROT_WRITE, MAP_PRIVATE|MAP_ANONYMOUS|MAP_NORESERVE, -1, 0 <unfinished ...>
16662 <... munmap resumed>)             = 0
16660 munmap(0x100100000000, 16384 <unfinished ...>
16658 munmap(0x100000200000, 16384 <unfinished ...>
16657 <... mmap resumed>)               = 0x100040200000
16671 <... munmap resumed>)             = 0
16662 mmap(NULL, 16384, PROT_READ|PROT_WRITE, MAP_PRIVATE|MAP_ANONYMOUS|MAP_NORESERVE, -1, 0 <unfinished ...>
16657 munmap(0x100040200000, 16384 <unfinished ...>
16671 mmap(NULL, 16384, PROT_READ|PROT_WRITE, MAP_PRIVATE|MAP_ANONYMOUS|MAP_NORESERVE, -1, 0 <unfinished ...>
16662 <... mmap resumed>)               = 0x100080000000
16657 <... munmap resumed>)             = 0
16671 <... mmap resumed>)               = 0x100040200000
16662 munmap(0x100080000000, 16384 <unfinished ...>
16657 mmap(NULL, 16384, PROT_READ|PROT_WRITE, MAP_PRIVATE|MAP_ANONYMOUS|MAP_NORESERVE, -1, 0 <unfinished ...>
16671 munmap(0x100040200000, 16384 <unfinished ...>
16662 <... munmap resumed>)             = 0
16671 <... munmap resumed>)             = 0
16657 <... mmap resumed>)               = 0x100080000000
16662 mmap(NULL, 16384, PROT_READ|PROT_WRITE, MAP_PRIVATE|MAP_ANONYMOUS|MAP_NORESERVE, -1, 0 <unfinished ...>
16661 munmap(0x100100200000, 16384 <unfinished ...>
16672 munmap(0x1000c0000000, 16384 <unfinished ...>
16671 mmap(NULL, 16384, PROT_READ|PROT_WRITE, MAP_PRIVATE|MAP_ANONYMOUS|MAP_NORESERVE, -1, 0 <unfinished ...>
16657 munmap(0x100080000000, 16384 <unfinished ...>
16669 munmap(0x100180000000, 16384 <unfinished ...>
16661 <... munmap resumed>)             = 0
16672 <... munmap resumed>)             = 0
16670 mmap(NULL, 16384, PROT_READ|PROT_WRITE, MAP_PRIVATE|MAP_ANONYMOUS|MAP_NORESERVE, -1, 0 <unfinished ...>
16669 <... munmap resumed>)             = 0
16672 mmap(NULL, 16384, PROT_READ|PROT_WRITE, MAP_PRIVATE|MAP_ANONYMOUS|MAP_NORESERVE, -1, 0 <unfinished ...>
16671 <... mmap resumed>)               = 0x100040600000
16670 <... mmap resumed>)               = 0x100040000000
16669 mmap(NULL, 16384, PROT_READ|PROT_WRITE, MAP_PRIVATE|MAP_ANONYMOUS|MAP_NORESERVE, -1, 0 <unfinished ...>
16667 <... munmap resumed>)             = 0
16664 mmap(NULL, 16384, PROT_READ|PROT_WRITE, MAP_PRIVATE|MAP_ANONYMOUS|MAP_NORESERVE, -1, 0 <unfinished ...>
16663 <... munmap resumed>)             = 0
16661 mmap(NULL, 16384, PROT_READ|PROT_WRITE, MAP_PRIVATE|MAP_ANONYMOUS|MAP_NORESERVE, -1, 0 <unfinished ...>
16657 <... munmap resumed>)             = 0
16668 <... mmap resumed>)               = 0x1000c0200000
16666 mmap(NULL, 16384, PROT_READ|PROT_WRITE, MAP_PRIVATE|MAP_ANONYMOUS|MAP_NORESERVE, -1, 0 <unfinished ...>
16665 <... mmap resumed>)               = 0x100100000000
16660 <... munmap resumed>)             = 0
16659 <... munmap resumed>)             = 0
16658 <... munmap resumed>)             = 0
16672 <... mmap resumed>)               = 0x100180000000
16671 munmap(0x100040600000, 16384 <unfinished ...>
16670 munmap(0x100040000000, 16384 <unfinished ...>
16669 <... mmap resumed>)               = 0x1000c0000000
16668 munmap(0x1000c0200000, 16384 <unfinished ...>
16667 mmap(NULL, 16384, PROT_READ|PROT_WRITE, MAP_PRIVATE|MAP_ANONYMOUS|MAP_NORESERVE, -1, 0 <unfinished ...>
16666 <... mmap resumed>)               = 0x100040200000
16665 munmap(0x100100000000, 16384 <unfinished ...>
16664 <... mmap resumed>)               = 0x100100200000
16663 mmap(NULL, 16384, PROT_READ|PROT_WRITE, MAP_PRIVATE|MAP_ANONYMOUS|MAP_NORESERVE, -1, 0 <unfinished ...>
16662 <... mmap resumed>)               = 0x100000200000
16661 <... mmap resumed>)               = 0x100080000000
16660 mmap(NULL, 16384, PROT_READ|PROT_WRITE, MAP_PRIVATE|MAP_ANONYMOUS|MAP_NORESERVE, -1, 0 <unfinished ...>
16659 mmap(NULL, 16384, PROT_READ|PROT_WRITE, MAP_PRIVATE|MAP_ANONYMOUS|MAP_NORESERVE, -1, 0 <unfinished ...>
16658 mmap(NULL, 16384, PROT_READ|PROT_WRITE, MAP_PRIVATE|MAP_ANONYMOUS|MAP_NORESERVE, -1, 0 <unfinished ...>
16657 mmap(NULL, 16384, PROT_READ|PROT_WRITE, MAP_PRIVATE|MAP_ANONYMOUS|MAP_NORESERVE, -1, 0 <unfinished ...>
16672 munmap(0x100180000000, 16384 <unfinished ...>
16665 <... munmap resumed>)             = 0
16661 munmap(0x100080000000, 16384 <unfinished ...>
16659 <... mmap resumed>)               = 0x100100000000
16672 <... munmap resumed>)             = 0
16671 <... munmap resumed>)             = 0
16669 munmap(0x1000c0000000, 16384 <unfinished ...>
16665 mmap(NULL, 16384, PROT_READ|PROT_WRITE, MAP_PRIVATE|MAP_ANONYMOUS|MAP_NORESERVE, -1, 0 <unfinished ...>
16661 <... munmap resumed>)             = 0
16657 <... mmap resumed>)               = 0x100140200000
16660 <... mmap resumed>)               = 0x100080000000
16659 munmap(0x100100000000, 16384 <unfinished ...>
16672 mmap(NULL, 16384, PROT_READ|PROT_WRITE, MAP_PRIVATE|MAP_ANONYMOUS|MAP_NORESERVE, -1, 0 <unfinished ...>
16671 mmap(NULL, 16384, PROT_READ|PROT_WRITE, MAP_PRIVATE|MAP_ANONYMOUS|MAP_NORESERVE, -1, 0 <unfinished ...>
16670 <... munmap resumed>)             = 0
16669 <... munmap resumed>)             = 0
16668 <... munmap resumed>)             = 0
16666 munmap(0x100040200000, 16384 <unfinished ...>
16664 munmap(0x100100200000, 16384 <unfinished ...>
16663 <... mmap resumed>)               = 0x100180000000
16662 munmap(0x100000200000, 16384 <unfinished ...>
16661 mmap(NULL, 16384, PROT_READ|PROT_WRITE, MAP_PRIVATE|MAP_ANONYMOUS|MAP_NORESERVE, -1, 0 <unfinished ...>
16660 munmap(0x100080000000, 16384 <unfinished ...>
16658 <... mmap resumed>)               = 0x100040000000
16657 munmap(0x100140200000, 16384 <unfinished ...>
16669 mmap(NULL, 16384, PROT_READ|PROT_WRITE, MAP_PRIVATE|MAP_ANONYMOUS|MAP_NORESERVE, -1, 0 <unfinished ...>
16667 <... mmap resumed>)               = 0x100100000000
16665 <... mmap resumed>)               = 0x1000c0000000
16664 <... munmap resumed>)             = 0
16662 <... munmap resumed>)             = 0
16660 <... munmap resumed>)             = 0
16659 <... munmap resumed>)             = 0
16669 <... mmap resumed>)               = 0x100080000000
16665 munmap(0x1000c0000000, 16384 <unfinished ...>
16664 mmap(NULL, 16384, PROT_READ|PROT_WRITE, MAP_PRIVATE|MAP_ANONYMOUS|MAP_NORESERVE, -1, 0 <unfinished ...>
16662 mmap(NULL, 16384, PROT_READ|PROT_WRITE, MAP_PRIVATE|MAP_ANONYMOUS|MAP_NORESERVE, -1, 0 <unfinished ...>
16660 mmap(NULL, 16384, PROT_READ|PROT_WRITE, MAP_PRIVATE|MAP_ANONYMOUS|MAP_NORESERVE, -1, 0 <unfinished ...>
16669 munmap(0x100080000000, 16384 <unfinished ...>
16665 <... munmap resumed>)             = 0
16664 <... mmap resumed>)               = 0x1000c0000000
16662 <... mmap resumed>)               = 0x100000200000
16669 <... munmap resumed>)             = 0
16665 mmap(NULL, 16384, PROT_READ|PROT_WRITE, MAP_PRIVATE|MAP_ANONYMOUS|MAP_NORESERVE, -1, 0 <unfinished ...>
16664 munmap(0x1000c0000000, 16384 <unfinished ...>
16660 <... mmap resumed>)               = 0x100100200000
16669 mmap(NULL, 16384, PROT_READ|PROT_WRITE, MAP_PRIVATE|MAP_ANONYMOUS|MAP_NORESERVE, -1, 0 <unfinished ...>
16665 <... mmap resumed>)               = 0x100080000000
16662 munmap(0x100000200000, 16384 <unfinished ...>
16664 <... munmap resumed>)             = 0
16669 <... mmap resumed>)               = 0x1000c0000000
16665 munmap(0x100080000000, 16384 <unfinished ...>
16662 <... munmap resumed>)             = 0
16660 munmap(0x100100200000, 16384 <unfinished ...>
16669 munmap(0x1000c0000000, 16384 <unfinished ...>
16665 <... munmap resumed>)             = 0
16664 mmap(NULL, 16384, PROT_READ|PROT_WRITE, MAP_PRIVATE|MAP_ANONYMOUS|MAP_NORESERVE, -1, 0 <unfinished ...>
16662 mmap(NULL, 16384, PROT_READ|PROT_WRITE, MAP_PRIVATE|MAP_ANONYMOUS|MAP_NORESERVE, -1, 0 <unfinished ...>
16669 <... munmap resumed>)             = 0
16665 mmap(NULL, 16384, PROT_READ|PROT_WRITE, MAP_PRIVATE|MAP_ANONYMOUS|MAP_NORESERVE, -1, 0 <unfinished ...>
16664 <... mmap resumed>)               = 0x1000c0000000
16660 <... munmap resumed>)             = 0
16669 mmap(NULL, 16384, PROT_READ|PROT_WRITE, MAP_PRIVATE|MAP_ANONYMOUS|MAP_NORESERVE, -1, 0 <unfinished ...>
16665 <... mmap resumed>)               = 0x100080000000
16664 munmap(0x1000c0000000, 16384 <unfinished ...>
16662 <... mmap resumed>)               = 0x100100200000
16672 <... mmap resumed>)               = 0x1000c0200000
16669 <... mmap resumed>)               = 0x100000200000
16665 munmap(0x100080000000, 16384 <unfinished ...>
16664 <... munmap resumed>)             = 0
16662 munmap(0x100100200000, 16384 <unfinished ...>
16661 <... mmap resumed>)               = 0x1000c0000000
16660 mmap(NULL, 16384, PROT_READ|PROT_WRITE, MAP_PRIVATE|MAP_ANONYMOUS|MAP_NORESERVE, -1, 0 <unfinished ...>
16672 munmap(0x1000c0200000, 16384 <unfinished ...>
16669 munmap(0x100000200000, 16384 <unfinished ...>
16661 munmap(0x1000c0000000, 16384 <unfinished ...>
16672 <... munmap resumed>)             = 0
16669 <... munmap resumed>)             = 0
16665 <... munmap resumed>)             = 0
16664 mmap(NULL, 16384, PROT_READ|PROT_WRITE, MAP_PRIVATE|MAP_ANONYMOUS|MAP_NORESERVE, -1, 0 <unfinished ...>
16662 <... munmap resumed>)             = 0
16672 mmap(NULL, 16384, PROT_READ|PROT_WRITE, MAP_PRIVATE|MAP_ANONYMOUS|MAP_NORESERVE, -1, 0 <unfinished ...>
16669 mmap(NULL, 16384, PROT_READ|PROT_WRITE, MAP_PRIVATE|MAP_ANONYMOUS|MAP_NORESERVE, -1, 0 <unfinished ...>
16665 mmap(NULL, 16384, PROT_READ|PROT_WRITE, MAP_PRIVATE|MAP_ANONYMOUS|MAP_NORESERVE, -1, 0 <unfinished ...>
16664 <... mmap resumed>)               = 0x1000c0000000
16661 <... munmap resumed>)             = 0
16672 <... mmap resumed>)               = 0x100000200000
16671 <... mmap resumed>)               = 0x100100200000
16670 mmap(NULL, 16384, PROT_READ|PROT_WRITE, MAP_PRIVATE|MAP_ANONYMOUS|MAP_NORESERVE, -1, 0 <unfinished ...>
16669 <... mmap resumed>)               = 0x1000c0200000
16668 mmap(NULL, 16384, PROT_READ|PROT_WRITE, MAP_PRIVATE|MAP_ANONYMOUS|MAP_NORESERVE, -1, 0 <unfinished ...>
16665 <... mmap resumed>)               = 0x100080000000
16664 munmap(0x1000c0000000, 16384 <unfinished ...>
16662 mmap(NULL, 16384, PROT_READ|PROT_WRITE, MAP_PRIVATE|MAP_ANONYMOUS|MAP_NORESERVE, -1, 0 <unfinished ...>
16657 <... munmap resumed>)             = 0
16661 mmap(NULL, 16384, PROT_READ|PROT_WRITE, MAP_PRIVATE|MAP_ANONYMOUS|MAP_NORESERVE, -1, 0 <unfinished ...>
16672 munmap(0x100000200000, 16384 <unfinished ...>
16671 munmap(0x100100200000, 16384 <unfinished ...>
16669 munmap(0x1000c0200000, 16384 <unfinished ...>
16667 munmap(0x100100000000, 16384 <unfinished ...>
16666 <... munmap resumed>)             = 0
16665 munmap(0x100080000000, 16384 <unfinished ...>
16664 <... munmap resumed>)             = 0
16663 munmap(0x100180000000, 16384 <unfinished ...>
16659 mmap(NULL, 16384, PROT_READ|PROT_WRITE, MAP_PRIVATE|MAP_ANONYMOUS|MAP_NORESERVE, -1, 0 <unfinished ...>
16658 munmap(0x100040000000, 16384 <unfinished ...>
16672 <... munmap resumed>)             = 0
16670 <... mmap resumed>)               = 0x100000200000
16669 <... munmap resumed>)             = 0
16668 <... mmap resumed>)               = 0x100040200000
16667 <... munmap resumed>)             = 0
16666 mmap(NULL, 16384, PROT_READ|PROT_WRITE, MAP_PRIVATE|MAP_ANONYMOUS|MAP_NORESERVE, -1, 0 <unfinished ...>
16665 <... munmap resumed>)             = 0
16664 mmap(NULL, 16384, PROT_READ|PROT_WRITE, MAP_PRIVATE|MAP_ANONYMOUS|MAP_NORESERVE, -1, 0 <unfinished ...>
16662 <... mmap resumed>)               = 0x1000c0200000
16661 <... mmap resumed>)               = 0x1000c0000000
16660 <... mmap resumed>)               = 0x100080000000
16659 <... mmap resumed>)               = 0x100100000000
16657 mmap(NULL, 16384, PROT_READ|PROT_WRITE, MAP_PRIVATE|MAP_ANONYMOUS|MAP_NORESERVE, -1, 0 <unfinished ...>
16672 mmap(NULL, 16384, PROT_READ|PROT_WRITE, MAP_PRIVATE|MAP_ANONYMOUS|MAP_NORESERVE, -1, 0 <unfinished ...>
16671 <... munmap resumed>)             = 0
16669 mmap(NULL, 16384, PROT_READ|PROT_WRITE, MAP_PRIVATE|MAP_ANONYMOUS|MAP_NORESERVE, -1, 0 <unfinished ...>
16667 mmap(NULL, 16384, PROT_READ|PROT_WRITE, MAP_PRIVATE|MAP_ANONYMOUS|MAP_NORESERVE, -1, 0 <unfinished ...>
16666 <... mmap resumed>)               = 0x100040000000
16665 mmap(NULL, 16384, PROT_READ|PROT_WRITE, MAP_PRIVATE|MAP_ANONYMOUS|MAP_NORESERVE, -1, 0 <unfinished ...>
16664 <... mmap resumed>)               = 0x100100200000
16662 munmap(0x1000c0200000, 16384 <unfinished ...>
16660 munmap(0x100080000000, 16384 <unfinished ...>
16658 <... munmap resumed>)             = 0
16672 <... mmap resumed>)               = 0x100040600000
16669 <... mmap resumed>)               = 0x100000000000
16666 munmap(0x100040000000, 16384 <unfinished ...>
16664 munmap(0x100100200000, 16384 <unfinished ...>
16657 <... mmap resumed>)               = 0x100140200000
16672 munmap(0x100040600000, 16384 <unfinished ...>
16670 munmap(0x100000200000, 16384 <unfinished ...>
16669 munmap(0x100000000000, 16384 <unfinished ...>
16666 <... munmap resumed>)             = 0
16664 <... munmap resumed>)             = 0
16672 <... munmap resumed>)             = 0
16669 <... munmap resumed>)             = 0
16668 munmap(0x100040200000, 16384 <unfinished ...>
16663 <... munmap resumed>)             = 0
16657 munmap(0x100140200000, 16384 <unfinished ...>
16672 mmap(NULL, 16384, PROT_READ|PROT_WRITE, MAP_PRIVATE|MAP_ANONYMOUS|MAP_NORESERVE, -1, 0 <unfinished ...>
16670 <... munmap resumed>)             = 0
16669 mmap(NULL, 16384, PROT_READ|PROT_WRITE, MAP_PRIVATE|MAP_ANONYMOUS|MAP_NORESERVE, -1, 0 <unfinished ...>
16666 mmap(NULL, 16384, PROT_READ|PROT_WRITE, MAP_PRIVATE|MAP_ANONYMOUS|MAP_NORESERVE, -1, 0 <unfinished ...>
16664 mmap(NULL, 16384, PROT_READ|PROT_WRITE, MAP_PRIVATE|MAP_ANONYMOUS|MAP_NORESERVE, -1, 0 <unfinished ...>
16661 munmap(0x1000c0000000, 16384 <unfinished ...>
16672 <... mmap resumed>)               = 0x100000200000
16671 mmap(NULL, 16384, PROT_READ|PROT_WRITE, MAP_PRIVATE|MAP_ANONYMOUS|MAP_NORESERVE, -1, 0 <unfinished ...>
16670 mmap(NULL, 16384, PROT_READ|PROT_WRITE, MAP_PRIVATE|MAP_ANONYMOUS|MAP_NORESERVE, -1, 0 <unfinished ...>
16669 <... mmap resumed>)               = 0x100040200000
16668 <... munmap resumed>)             = 0
16664 <... mmap resumed>)               = 0x100140200000
16659 munmap(0x100100000000, 16384 <unfinished ...>
16657 <... munmap resumed>)             = 0
16667 <... mmap resumed>)               = 0x100000000000
16672 munmap(0x100000200000, 16384 <unfinished ...>
16669 munmap(0x100040200000, 16384 <unfinished ...>
16665 <... mmap resumed>)               = 0x100040600000
16664 munmap(0x100140200000, 16384 <unfinished ...>
16663 mmap(NULL, 16384, PROT_READ|PROT_WRITE, MAP_PRIVATE|MAP_ANONYMOUS|MAP_NORESERVE, -1, 0 <unfinished ...>
16662 <... munmap resumed>)             = 0
16659 <... munmap resumed>)             = 0
16658 mmap(NULL, 16384, PROT_READ|PROT_WRITE, MAP_PRIVATE|MAP_ANONYMOUS|MAP_NORESERVE, -1, 0 <unfinished ...>
16672 <... munmap resumed>)             = 0
16669 <... munmap resumed>)             = 0
16664 <... munmap resumed>)             = 0
16663 <... mmap resumed>)               = 0x100140200000
16659 mmap(NULL, 16384, PROT_READ|PROT_WRITE, MAP_PRIVATE|MAP_ANONYMOUS|MAP_NORESERVE, -1, 0 <unfinished ...>
16665 munmap(0x100040600000, 16384 <unfinished ...>
16672 mmap(NULL, 16384, PROT_READ|PROT_WRITE, MAP_PRIVATE|MAP_ANONYMOUS|MAP_NORESERVE, -1, 0 <unfinished ...>
16671 <... mmap resumed>)               = 0x100040200000
16669 mmap(NULL, 16384, PROT_READ|PROT_WRITE, MAP_PRIVATE|MAP_ANONYMOUS|MAP_NORESERVE, -1, 0 <unfinished ...>
16664 mmap(NULL, 16384, PROT_READ|PROT_WRITE, MAP_PRIVATE|MAP_ANONYMOUS|MAP_NORESERVE, -1, 0 <unfinished ...>
16663 munmap(0x100140200000, 16384 <unfinished ...>
16659 <... mmap resumed>)               = 0x100000200000
16672 <... mmap resumed>)               = 0x100040600000
16668 mmap(NULL, 16384, PROT_READ|PROT_WRITE, MAP_PRIVATE|MAP_ANONYMOUS|MAP_NORESERVE, -1, 0 <unfinished ...>
16666 <... mmap resumed>)               = 0x100100000000
16665 <... munmap resumed>)             = 0
16664 <... mmap resumed>)               = 0x1000c0000000
16661 <... munmap resumed>)             = 0
16668 <... mmap resumed>)               = 0x1000c0200000
16659 munmap(0x100000200000, 16384 <unfinished ...>
16664 munmap(0x1000c0000000, 16384 <unfinished ...>
16670 <... mmap resumed>)               = 0x100180000000
16672 munmap(0x100040600000, 16384 <unfinished ...>
16670 munmap(0x100180000000, 16384 <unfinished ...>
16661 mmap(NULL, 16384, PROT_READ|PROT_WRITE, MAP_PRIVATE|MAP_ANONYMOUS|MAP_NORESERVE, -1, 0 <unfinished ...>
16657 mmap(NULL, 16384, PROT_READ|PROT_WRITE, MAP_PRIVATE|MAP_ANONYMOUS|MAP_NORESERVE, -1, 0 <unfinished ...>
16672 <... munmap resumed>)             = 0
16670 <... munmap resumed>)             = 0
16668 munmap(0x1000c0200000, 16384 <unfinished ...>
16667 munmap(0x100000000000, 16384 <unfinished ...>
16664 <... munmap resumed>)             = 0
16659 <... munmap resumed>)             = 0
16672 mmap(NULL, 16384, PROT_READ|PROT_WRITE, MAP_PRIVATE|MAP_ANONYMOUS|MAP_NORESERVE, -1, 0 <unfinished ...>
16671 munmap(0x100040200000, 16384 <unfinished ...>
16669 <... mmap resumed>)               = 0x1000c0200000
16668 <... munmap resumed>)             = 0
16665 mmap(NULL, 16384, PROT_READ|PROT_WRITE, MAP_PRIVATE|MAP_ANONYMOUS|MAP_NORESERVE, -1, 0 <unfinished ...>
16664 mmap(NULL, 16384, PROT_READ|PROT_WRITE, MAP_PRIVATE|MAP_ANONYMOUS|MAP_NORESERVE, -1, 0 <unfinished ...>
16662 mmap(NULL, 16384, PROT_READ|PROT_WRITE, MAP_PRIVATE|MAP_ANONYMOUS|MAP_NORESERVE, -1, 0 <unfinished ...>
16661 <... mmap resumed>)               = 0x100000200000
16658 <... mmap resumed>)               = 0x100180000000
16657 <... mmap resumed>)               = 0x1000c0000000
16672 <... mmap resumed>)               = 0x100040600000
16668 mmap(NULL, 16384, PROT_READ|PROT_WRITE, MAP_PRIVATE|MAP_ANONYMOUS|MAP_NORESERVE, -1, 0 <unfinished ...>
16666 munmap(0x100100000000, 16384 <unfinished ...>
16664 <... mmap resumed>)               = 0x100140200000
16663 <... munmap resumed>)             = 0
16662 <... mmap resumed>)               = 0x100100200000
16659 mmap(NULL, 16384, PROT_READ|PROT_WRITE, MAP_PRIVATE|MAP_ANONYMOUS|MAP_NORESERVE, -1, 0 <unfinished ...>
16672 munmap(0x100040600000, 16384 <unfinished ...>
16668 <... mmap resumed>)               = 0x100000000000
16667 <... munmap resumed>)             = 0
16664 munmap(0x100140200000, 16384 <unfinished ...>
16662 munmap(0x100100200000, 16384 <unfinished ...>
16661 munmap(0x100000200000, 16384 <unfinished ...>
16666 <... munmap resumed>)             = 0
16658 munmap(0x100180000000, 16384 <unfinished ...>
16657 munmap(0x1000c0000000, 16384 <unfinished ...>
16663 mmap(NULL, 16384, PROT_READ|PROT_WRITE, MAP_PRIVATE|MAP_ANONYMOUS|MAP_NORESERVE, -1, 0 <unfinished ...>
16672 <... munmap resumed>)             = 0
16671 <... munmap resumed>)             = 0
16670 mmap(NULL, 16384, PROT_READ|PROT_WRITE, MAP_PRIVATE|MAP_ANONYMOUS|MAP_NORESERVE, -1, 0 <unfinished ...>
16669 munmap(0x1000c0200000, 16384 <unfinished ...>
16668 munmap(0x100000000000, 16384 <unfinished ...>
16667 mmap(NULL, 16384, PROT_READ|PROT_WRITE, MAP_PRIVATE|MAP_ANONYMOUS|MAP_NORESERVE, -1, 0 <unfinished ...>
16666 mmap(NULL, 16384, PROT_READ|PROT_WRITE, MAP_PRIVATE|MAP_ANONYMOUS|MAP_NORESERVE, -1, 0 <unfinished ...>
16665 <... mmap resumed>)               = 0x100040600000
16664 <... munmap resumed>)             = 0
16662 <... munmap resumed>)             = 0
16660 <... munmap resumed>)             = 0
16659 <... mmap resumed>)               = 0x100040200000
16672 mmap(NULL, 16384, PROT_READ|PROT_WRITE, MAP_PRIVATE|MAP_ANONYMOUS|MAP_NORESERVE, -1, 0 <unfinished ...>
16671 mmap(NULL, 16384, PROT_READ|PROT_WRITE, MAP_PRIVATE|MAP_ANONYMOUS|MAP_NORESERVE, -1, 0 <unfinished ...>
16670 <... mmap resumed>)               = 0x100180000000
16669 <... munmap resumed>)             = 0
16667 <... mmap resumed>)               = 0x1000c0000000
16666 <... mmap resumed>)               = 0x100000200000
16665 munmap(0x100040600000, 16384 <unfinished ...>
16664 mmap(NULL, 16384, PROT_READ|PROT_WRITE, MAP_PRIVATE|MAP_ANONYMOUS|MAP_NORESERVE, -1, 0 <unfinished ...>
16663 <... mmap resumed>)               = 0x100140200000
16661 <... munmap resumed>)             = 0
16658 <... munmap resumed>)             = 0
16657 <... munmap resumed>)             = 0
16672 <... mmap resumed>)               = 0x1000c0200000
16671 <... mmap resumed>)               = 0x100000000000
16670 munmap(0x100180000000, 16384 <unfinished ...>
16669 mmap(NULL, 16384, PROT_READ|PROT_WRITE, MAP_PRIVATE|MAP_ANONYMOUS|MAP_NORESERVE, -1, 0 <unfinished ...>
16668 <... munmap resumed>)             = 0
16667 munmap(0x1000c0000000, 16384 <unfinished ...>
16666 munmap(0x100000200000, 16384 <unfinished ...>
16665 <... munmap resumed>)             = 0
16664 <... mmap resumed>)               = 0x100040600000
16662 mmap(NULL, 16384, PROT_READ|PROT_WRITE, MAP_PRIVATE|MAP_ANONYMOUS|MAP_NORESERVE, -1, 0 <unfinished ...>
16660 mmap(NULL, 16384, PROT_READ|PROT_WRITE, MAP_PRIVATE|MAP_ANONYMOUS|MAP_NORESERVE, -1, 0 <unfinished ...>
16659 munmap(0x100040200000, 16384 <unfinished ...>
16672 munmap(0x1000c0200000, 16384 <unfinished ...>
16671 munmap(0x100000000000, 16384 <unfinished ...>
16670 <... munmap resumed>)             = 0
16669 <... mmap resumed>)               = 0x100180000000
16668 mmap(NULL, 16384, PROT_READ|PROT_WRITE, MAP_PRIVATE|MAP_ANONYMOUS|MAP_NORESERVE, -1, 0 <unfinished ...>
16667 <... munmap resumed>)             = 0
16666 <... munmap resumed>)             = 0
16665 mmap(NULL, 16384, PROT_READ|PROT_WRITE, MAP_PRIVATE|MAP_ANONYMOUS|MAP_NORESERVE, -1, 0 <unfinished ...>
16664 munmap(0x100040600000, 16384 <unfinished ...>
16663 munmap(0x100140200000, 16384 <unfinished ...>
16662 <... mmap resumed>)               = 0x1000c0000000
16661 mmap(NULL, 16384, PROT_READ|PROT_WRITE, MAP_PRIVATE|MAP_ANONYMOUS|MAP_NORESERVE, -1, 0 <unfinished ...>
16660 <... mmap resumed>)               = 0x100000200000
16658 mmap(NULL, 16384, PROT_READ|PROT_WRITE, MAP_PRIVATE|MAP_ANONYMOUS|MAP_NORESERVE, -1, 0 <unfinished ...>
16657 mmap(NULL, 16384, PROT_READ|PROT_WRITE, MAP_PRIVATE|MAP_ANONYMOUS|MAP_NORESERVE, -1, 0 <unfinished ...>
16672 <... munmap resumed>)             = 0
16671 <... munmap resumed>)             = 0
16670 mmap(NULL, 16384, PROT_READ|PROT_WRITE, MAP_PRIVATE|MAP_ANONYMOUS|MAP_NORESERVE, -1, 0 <unfinished ...>
16669 munmap(0x100180000000, 16384 <unfinished ...>
16668 <... mmap resumed>)               = 0x100000000000
16667 mmap(NULL, 16384, PROT_READ|PROT_WRITE, MAP_PRIVATE|MAP_ANONYMOUS|MAP_NORESERVE, -1, 0 <unfinished ...>
16666 mmap(NULL, 16384, PROT_READ|PROT_WRITE, MAP_PRIVATE|MAP_ANONYMOUS|MAP_NORESERVE, -1, 0 <unfinished ...>
16665 <... mmap resumed>)               = 0x100040600000
16664 <... munmap resumed>)             = 0
16663 <... munmap resumed>)             = 0
16662 munmap(0x1000c0000000, 16384 <unfinished ...>
16661 <... mmap resumed>)               = 0x100140200000
16660 munmap(0x100000200000, 16384 <unfinished ...>
16659 <... munmap resumed>)             = 0
16672 mmap(NULL, 16384, PROT_READ|PROT_WRITE, MAP_PRIVATE|MAP_ANONYMOUS|MAP_NORESERVE, -1, 0 <unfinished ...>
16671 mmap(NULL, 16384, PROT_READ|PROT_WRITE, MAP_PRIVATE|MAP_ANONYMOUS|MAP_NORESERVE, -1, 0 <unfinished ...>
16670 <... mmap resumed>)               = 0x100100200000
16669 <... munmap resumed>)             = 0
16668 munmap(0x100000000000, 16384 <unfinished ...>
16667 <... mmap resumed>)               = 0x100080000000
16666 <... mmap resumed>)               = 0x100180000000
16665 munmap(0x100040600000, 16384 <unfinished ...>
16664 mmap(NULL, 16384, PROT_READ|PROT_WRITE, MAP_PRIVATE|MAP_ANONYMOUS|MAP_NORESERVE, -1, 0 <unfinished ...>
16663 mmap(NULL, 16384, PROT_READ|PROT_WRITE, MAP_PRIVATE|MAP_ANONYMOUS|MAP_NORESERVE, -1, 0 <unfinished ...>
16660 <... munmap resumed>)             = 0
16658 <... mmap resumed>)               = 0x1000c0200000
16657 <... mmap resumed>)               = 0x100040200000
16672 <... mmap resumed>)               = 0x1000c0000000
16671 <... mmap resumed>)               = 0x100000200000
16670 munmap(0x100100200000, 16384 <unfinished ...>
16669 mmap(NULL, 16384, PROT_READ|PROT_WRITE, MAP_PRIVATE|MAP_ANONYMOUS|MAP_NORESERVE, -1, 0 <unfinished ...>
16668 <... munmap resumed>)             = 0
16667 munmap(0x100080000000, 16384 <unfinished ...>
16666 munmap(0x100180000000, 16384 <unfinished ...>
16665 <... munmap resumed>)             = 0
16664 <... mmap resumed>)               = 0x100000000000
16663 <... mmap resumed>)               = 0x100100000000
16662 <... munmap resumed>)             = 0
16661 munmap(0x100140200000, 16384 <unfinished ...>
16659 mmap(NULL, 16384, PROT_READ|PROT_WRITE, MAP_PRIVATE|MAP_ANONYMOUS|MAP_NORESERVE, -1, 0 <unfinished ...>
16672 munmap(0x1000c0000000, 16384 <unfinished ...>
16671 munmap(0x100000200000, 16384 <unfinished ...>
16670 <... munmap resumed>)             = 0
16669 <... mmap resumed>)               = 0x100180000000
16668 mmap(NULL, 16384, PROT_READ|PROT_WRITE, MAP_PRIVATE|MAP_ANONYMOUS|MAP_NORESERVE, -1, 0 <unfinished ...>
16667 <... munmap resumed>)             = 0
16666 <... munmap resumed>)             = 0
16664 munmap(0x100000000000, 16384 <unfinished ...>
16662 mmap(NULL, 16384, PROT_READ|PROT_WRITE, MAP_PRIVATE|MAP_ANONYMOUS|MAP_NORESERVE, -1, 0 <unfinished ...>
16660 mmap(NULL, 16384, PROT_READ|PROT_WRITE, MAP_PRIVATE|MAP_ANONYMOUS|MAP_NORESERVE, -1, 0 <unfinished ...>
16658 munmap(0x1000c0200000, 16384 <unfinished ...>
16657 munmap(0x100040200000, 16384 <unfinished ...>
16672 <... munmap resumed>)             = 0
16671 <... munmap resumed>)             = 0
16670 mmap(NULL, 16384, PROT_READ|PROT_WRITE, MAP_PRIVATE|MAP_ANONYMOUS|MAP_NORESERVE, -1, 0 <unfinished ...>
16669 munmap(0x100180000000, 16384 <unfinished ...>
16668 <... mmap resumed>)               = 0x100000200000
16667 mmap(NULL, 16384, PROT_READ|PROT_WRITE, MAP_PRIVATE|MAP_ANONYMOUS|MAP_NORESERVE, -1, 0 <unfinished ...>
16666 mmap(NULL, 16384, PROT_READ|PROT_WRITE, MAP_PRIVATE|MAP_ANONYMOUS|MAP_NORESERVE, -1, 0 <unfinished ...>
16665 mmap(NULL, 16384, PROT_READ|PROT_WRITE, MAP_PRIVATE|MAP_ANONYMOUS|MAP_NORESERVE, -1, 0 <unfinished ...>
16664 <... munmap resumed>)             = 0
16663 munmap(0x100100000000, 16384 <unfinished ...>
16661 <... munmap resumed>)             = 0
16659 <... mmap resumed>)               = 0x100140200000
16672 mmap(NULL, 16384, PROT_READ|PROT_WRITE, MAP_PRIVATE|MAP_ANONYMOUS|MAP_NORESERVE, -1, 0 <unfinished ...>
16671 mmap(NULL, 16384, PROT_READ|PROT_WRITE, MAP_PRIVATE|MAP_ANONYMOUS|MAP_NORESERVE, -1, 0 <unfinished ...>
16670 <... mmap resumed>)               = 0x100180000000
16669 <... munmap resumed>)             = 0
16667 <... mmap resumed>)               = 0x100080000000
16666 <... mmap resumed>)               = 0x1000c0000000
16665 <... mmap resumed>)               = 0x100040200000
16664 mmap(NULL, 16384, PROT_READ|PROT_WRITE, MAP_PRIVATE|MAP_ANONYMOUS|MAP_NORESERVE, -1, 0 <unfinished ...>
16662 <... mmap resumed>)               = 0x100000000000
16661 mmap(NULL, 16384, PROT_READ|PROT_WRITE, MAP_PRIVATE|MAP_ANONYMOUS|MAP_NORESERVE, -1, 0 <unfinished ...>
16660 <... mmap resumed>)               = 0x1000c0200000
16658 <... munmap resumed>)             = 0
16657 <... munmap resumed>)             = 0
16672 <... mmap resumed>)               = 0x100100200000
16671 <... mmap resumed>)               = 0x100100000000
16670 munmap(0x100180000000, 16384 <unfinished ...>
16669 mmap(NULL, 16384, PROT_READ|PROT_WRITE, MAP_PRIVATE|MAP_ANONYMOUS|MAP_NORESERVE, -1, 0 <unfinished ...>
16668 munmap(0x100000200000, 16384 <unfinished ...>
16667 munmap(0x100080000000, 16384 <unfinished ...>
16666 munmap(0x1000c0000000, 16384 <unfinished ...>
16665 munmap(0x100040200000, 16384 <unfinished ...>
16664 <... mmap resumed>)               = 0x100040600000
16663 <... munmap resumed>)             = 0
16662 munmap(0x100000000000, 16384 <unfinished ...>
16661 <... mmap resumed>)               = 0x100040000000
16660 munmap(0x1000c0200000, 16384 <unfinished ...>
16659 munmap(0x100140200000, 16384 <unfinished ...>
16658 mmap(NULL, 16384, PROT_READ|PROT_WRITE, MAP_PRIVATE|MAP_ANONYMOUS|MAP_NORESERVE, -1, 0 <unfinished ...>
16672 munmap(0x100100200000, 16384 <unfinished ...>
16671 munmap(0x100100000000, 16384 <unfinished ...>
16670 <... munmap resumed>)             = 0
16669 <... mmap resumed>)               = 0x100180000000
16668 <... munmap resumed>)             = 0
16667 <... munmap resumed>)             = 0
16666 <... munmap resumed>)             = 0
16665 <... munmap resumed>)             = 0
16664 munmap(0x100040600000, 16384 <unfinished ...>
16663 mmap(NULL, 16384, PROT_READ|PROT_WRITE, MAP_PRIVATE|MAP_ANONYMOUS|MAP_NORESERVE, -1, 0 <unfinished ...>
16662 <... munmap resumed>)             = 0
16661 munmap(0x100040000000, 16384 <unfinished ...>
16657 mmap(NULL, 16384, PROT_READ|PROT_WRITE, MAP_PRIVATE|MAP_ANONYMOUS|MAP_NORESERVE, -1, 0 <unfinished ...>
16672 <... munmap resumed>)             = 0
16671 <... munmap resumed>)             = 0
16670 mmap(NULL, 16384, PROT_READ|PROT_WRITE, MAP_PRIVATE|MAP_ANONYMOUS|MAP_NORESERVE, -1, 0 <unfinished ...>
16669 munmap(0x100180000000, 16384 <unfinished ...>
16665 mmap(NULL, 16384, PROT_READ|PROT_WRITE, MAP_PRIVATE|MAP_ANONYMOUS|MAP_NORESERVE, -1, 0 <unfinished ...>
16662 mmap(NULL, 16384, PROT_READ|PROT_WRITE, MAP_PRIVATE|MAP_ANONYMOUS|MAP_NORESERVE, -1, 0 <unfinished ...>
16660 <... munmap resumed>)             = 0
16659 <... munmap resumed>)             = 0
16658 <... mmap resumed>)               = 0x100140200000
16671 mmap(NULL, 16384, PROT_READ|PROT_WRITE, MAP_PRIVATE|MAP_ANONYMOUS|MAP_NORESERVE, -1, 0 <unfinished ...>
16668 mmap(NULL, 16384, PROT_READ|PROT_WRITE, MAP_PRIVATE|MAP_ANONYMOUS|MAP_NORESERVE, -1, 0 <unfinished ...>
16662 <... mmap resumed>)               = 0x100100200000
16660 mmap(NULL, 16384, PROT_READ|PROT_WRITE, MAP_PRIVATE|MAP_ANONYMOUS|MAP_NORESERVE, -1, 0 <unfinished ...>
16657 <... mmap resumed>)               = 0x100100000000
16669 <... munmap resumed>)             = 0
16667 mmap(NULL, 16384, PROT_READ|PROT_WRITE, MAP_PRIVATE|MAP_ANONYMOUS|MAP_NORESERVE, -1, 0 <unfinished ...>
16664 <... munmap resumed>)             = 0
16663 <... mmap resumed>)               = 0x100180000000
16666 mmap(NULL, 16384, PROT_READ|PROT_WRITE, MAP_PRIVATE|MAP_ANONYMOUS|MAP_NORESERVE, -1, 0 <unfinished ...>
16668 <... mmap resumed>)               = 0x1000c0200000
16660 <... mmap resumed>)               = 0x100040600000
16658 munmap(0x100140200000, 16384 <unfinished ...>
16672 mmap(NULL, 16384, PROT_READ|PROT_WRITE, MAP_PRIVATE|MAP_ANONYMOUS|MAP_NORESERVE, -1, 0 <unfinished ...>
16671 <... mmap resumed>)               = 0x100080000000
16670 <... mmap resumed>)               = 0x100000000000
16669 mmap(NULL, 16384, PROT_READ|PROT_WRITE, MAP_PRIVATE|MAP_ANONYMOUS|MAP_NORESERVE, -1, 0 <unfinished ...>
16668 munmap(0x1000c0200000, 16384 <unfinished ...>
16667 <... mmap resumed>)               = 0x100040200000
16666 <... mmap resumed>)               = 0x1000c0000000
16672 <... mmap resumed>)               = 0x100140200000
16665 <... mmap resumed>)               = 0x100040000000
16664 mmap(NULL, 16384, PROT_READ|PROT_WRITE, MAP_PRIVATE|MAP_ANONYMOUS|MAP_NORESERVE, -1, 0 <unfinished ...>
16662 munmap(0x100100200000, 16384 <unfinished ...>
16661 <... munmap resumed>)             = 0
16660 munmap(0x100040600000, 16384 <unfinished ...>
16659 mmap(NULL, 16384, PROT_READ|PROT_WRITE, MAP_PRIVATE|MAP_ANONYMOUS|MAP_NORESERVE, -1, 0 <unfinished ...>
16658 <... munmap resumed>)             = 0
16657 munmap(0x100100000000, 16384 <unfinished ...>
16672 munmap(0x100140200000, 16384 <unfinished ...>
16671 munmap(0x100080000000, 16384 <unfinished ...>
16670 munmap(0x100000000000, 16384 <unfinished ...>
16669 <... mmap resumed>)               = 0x100000200000
16668 <... munmap resumed>)             = 0
16667 munmap(0x100040200000, 16384 <unfinished ...>
16666 munmap(0x1000c0000000, 16384 <unfinished ...>
16665 munmap(0x100040000000, 16384 <unfinished ...>
16664 <... mmap resumed>)               = 0x100100200000
16663 munmap(0x100180000000, 16384 <unfinished ...>
16662 <... munmap resumed>)             = 0
16661 mmap(NULL, 16384, PROT_READ|PROT_WRITE, MAP_PRIVATE|MAP_ANONYMOUS|MAP_NORESERVE, -1, 0 <unfinished ...>
16660 <... munmap resumed>)             = 0
16659 <... mmap resumed>)               = 0x100040600000
16670 <... munmap resumed>)             = 0
16667 <... munmap resumed>)             = 0
16665 <... munmap resumed>)             = 0
16662 mmap(NULL, 16384, PROT_READ|PROT_WRITE, MAP_PRIVATE|MAP_ANONYMOUS|MAP_NORESERVE, -1, 0 <unfinished ...>
16661 <... mmap resumed>)               = 0x100040200000
16657 <... munmap resumed>)             = 0
16670 mmap(NULL, 16384, PROT_READ|PROT_WRITE, MAP_PRIVATE|MAP_ANONYMOUS|MAP_NORESERVE, -1, 0 <unfinished ...>
16669 munmap(0x100000200000, 16384 <unfinished ...>
16668 mmap(NULL, 16384, PROT_READ|PROT_WRITE, MAP_PRIVATE|MAP_ANONYMOUS|MAP_NORESERVE, -1, 0 <unfinished ...>
16667 mmap(NULL, 16384, PROT_READ|PROT_WRITE, MAP_PRIVATE|MAP_ANONYMOUS|MAP_NORESERVE, -1, 0 <unfinished ...>
16665 mmap(NULL, 16384, PROT_READ|PROT_WRITE, MAP_PRIVATE|MAP_ANONYMOUS|MAP_NORESERVE, -1, 0 <unfinished ...>
16664 munmap(0x100100200000, 16384 <unfinished ...>
16662 <... mmap resumed>)               = 0x100040000000
16672 <... munmap resumed>)             = 0
16661 munmap(0x100040200000, 16384 <unfinished ...>
16659 munmap(0x100040600000, 16384 <unfinished ...>
16658 mmap(NULL, 16384, PROT_READ|PROT_WRITE, MAP_PRIVATE|MAP_ANONYMOUS|MAP_NORESERVE, -1, 0 <unfinished ...>
16657 mmap(NULL, 16384, PROT_READ|PROT_WRITE, MAP_PRIVATE|MAP_ANONYMOUS|MAP_NORESERVE, -1, 0 <unfinished ...>
16671 <... munmap resumed>)             = 0
16670 <... mmap resumed>)               = 0x100080000000
16669 <... munmap resumed>)             = 0
16668 <... mmap resumed>)               = 0x100180000000
16667 <... mmap resumed>)               = 0x100000200000
16666 <... munmap resumed>)             = 0
16665 <... mmap resumed>)               = 0x1000c0000000
16663 <... munmap resumed>)             = 0
16662 munmap(0x100040000000, 16384 <unfinished ...>
16661 <... munmap resumed>)             = 0
16660 mmap(NULL, 16384, PROT_READ|PROT_WRITE, MAP_PRIVATE|MAP_ANONYMOUS|MAP_NORESERVE, -1, 0 <unfinished ...>
16659 <... munmap resumed>)             = 0
16657 <... mmap resumed>)               = 0x100040600000
16672 mmap(NULL, 16384, PROT_READ|PROT_WRITE, MAP_PRIVATE|MAP_ANONYMOUS|MAP_NORESERVE, -1, 0 <unfinished ...>
16671 mmap(NULL, 16384, PROT_READ|PROT_WRITE, MAP_PRIVATE|MAP_ANONYMOUS|MAP_NORESERVE, -1, 0 <unfinished ...>
16670 munmap(0x100080000000, 16384 <unfinished ...>
16669 mmap(NULL, 16384, PROT_READ|PROT_WRITE, MAP_PRIVATE|MAP_ANONYMOUS|MAP_NORESERVE, -1, 0 <unfinished ...>
16668 munmap(0x100180000000, 16384 <unfinished ...>
16667 munmap(0x100000200000, 16384 <unfinished ...>
16666 mmap(NULL, 16384, PROT_READ|PROT_WRITE, MAP_PRIVATE|MAP_ANONYMOUS|MAP_NORESERVE, -1, 0 <unfinished ...>
16665 munmap(0x1000c0000000, 16384 <unfinished ...>
16664 <... munmap resumed>)             = 0
16662 <... munmap resumed>)             = 0
16660 <... mmap resumed>)               = 0x100040000000
16659 mmap(NULL, 16384, PROT_READ|PROT_WRITE, MAP_PRIVATE|MAP_ANONYMOUS|MAP_NORESERVE, -1, 0 <unfinished ...>
16658 <... mmap resumed>)               = 0x100100200000
16672 <... mmap resumed>)               = 0x100040200000
16671 <... mmap resumed>)               = 0x100140200000
16670 <... munmap resumed>)             = 0
16669 <... mmap resumed>)               = 0x100000000000
16668 <... munmap resumed>)             = 0
16667 <... munmap resumed>)             = 0
16666 <... mmap resumed>)               = 0x100180000000
16665 <... munmap resumed>)             = 0
16664 mmap(NULL, 16384, PROT_READ|PROT_WRITE, MAP_PRIVATE|MAP_ANONYMOUS|MAP_NORESERVE, -1, 0 <unfinished ...>
16663 mmap(NULL, 16384, PROT_READ|PROT_WRITE, MAP_PRIVATE|MAP_ANONYMOUS|MAP_NORESERVE, -1, 0 <unfinished ...>
16662 mmap(NULL, 16384, PROT_READ|PROT_WRITE, MAP_PRIVATE|MAP_ANONYMOUS|MAP_NORESERVE, -1, 0 <unfinished ...>
16661 mmap(NULL, 16384, PROT_READ|PROT_WRITE, MAP_PRIVATE|MAP_ANONYMOUS|MAP_NORESERVE, -1, 0 <unfinished ...>
16660 munmap(0x100040000000, 16384 <unfinished ...>
16659 <... mmap resumed>)               = 0x1000c0000000
16657 munmap(0x100040600000, 16384 <unfinished ...>
16671 munmap(0x100140200000, 16384 <unfinished ...>
16670 mmap(NULL, 16384, PROT_READ|PROT_WRITE, MAP_PRIVATE|MAP_ANONYMOUS|MAP_NORESERVE, -1, 0 <unfinished ...>
16669 munmap(0x100000000000, 16384 <unfinished ...>
16667 mmap(NULL, 16384, PROT_READ|PROT_WRITE, MAP_PRIVATE|MAP_ANONYMOUS|MAP_NORESERVE, -1, 0 <unfinished ...>
16666 munmap(0x100180000000, 16384 <unfinished ...>
16665 mmap(NULL, 16384, PROT_READ|PROT_WRITE, MAP_PRIVATE|MAP_ANONYMOUS|MAP_NORESERVE, -1, 0 <unfinished ...>
16664 <... mmap resumed>)               = 0x100080000000
16663 <... mmap resumed>)               = 0x100000200000
16662 <... mmap resumed>)               = 0x100100000000
16661 <... mmap resumed>)               = 0x1000c0200000
16658 munmap(0x100100200000, 16384 <unfinished ...>
16672 munmap(0x100040200000, 16384 <unfinished ...>
16671 <... munmap resumed>)             = 0
16670 <... mmap resumed>)               = 0x100140000000
16669 <... munmap resumed>)             = 0
16668 mmap(NULL, 16384, PROT_READ|PROT_WRITE, MAP_PRIVATE|MAP_ANONYMOUS|MAP_NORESERVE, -1, 0 <unfinished ...>
16667 <... mmap resumed>)               = 0x100140200000
16665 <... mmap resumed>)               = 0x100040000000
16664 munmap(0x100080000000, 16384 <unfinished ...>
16662 munmap(0x100100000000, 16384 <unfinished ...>
16661 munmap(0x1000c0200000, 16384 <unfinished ...>
16660 <... munmap resumed>)             = 0
16659 munmap(0x1000c0000000, 16384 <unfinished ...>
16672 <... munmap resumed>)             = 0
16671 mmap(NULL, 16384, PROT_READ|PROT_WRITE, MAP_PRIVATE|MAP_ANONYMOUS|MAP_NORESERVE, -1, 0 <unfinished ...>
16670 munmap(0x100140000000, 16384 <unfinished ...>
16669 mmap(NULL, 16384, PROT_READ|PROT_WRITE, MAP_PRIVATE|MAP_ANONYMOUS|MAP_NORESERVE, -1, 0 <unfinished ...>
16668 <... mmap resumed>)               = 0x100100200000
16666 <... munmap resumed>)             = 0
16665 munmap(0x100040000000, 16384 <unfinished ...>
16664 <... munmap resumed>)             = 0
16663 munmap(0x100000200000, 16384 <unfinished ...>
16667 munmap(0x100140200000, 16384 <unfinished ...>
16662 <... munmap resumed>)             = 0
16660 mmap(NULL, 16384, PROT_READ|PROT_WRITE, MAP_PRIVATE|MAP_ANONYMOUS|MAP_NORESERVE, -1, 0 <unfinished ...>
16659 <... munmap resumed>)             = 0
16658 <... munmap resumed>)             = 0
16672 mmap(NULL, 16384, PROT_READ|PROT_WRITE, MAP_PRIVATE|MAP_ANONYMOUS|MAP_NORESERVE, -1, 0 <unfinished ...>
16671 <... mmap resumed>)               = 0x1000c0200000
16670 <... munmap resumed>)             = 0
16669 <... mmap resumed>)               = 0x100040600000
16668 munmap(0x100100200000, 16384 <unfinished ...>
16667 <... munmap resumed>)             = 0
16666 mmap(NULL, 16384, PROT_READ|PROT_WRITE, MAP_PRIVATE|MAP_ANONYMOUS|MAP_NORESERVE, -1, 0 <unfinished ...>
16665 <... munmap resumed>)             = 0
16664 mmap(NULL, 16384, PROT_READ|PROT_WRITE, MAP_PRIVATE|MAP_ANONYMOUS|MAP_NORESERVE, -1, 0 <unfinished ...>
16663 <... munmap resumed>)             = 0
16662 mmap(NULL, 16384, PROT_READ|PROT_WRITE, MAP_PRIVATE|MAP_ANONYMOUS|MAP_NORESERVE, -1, 0 <unfinished ...>
16661 <... munmap resumed>)             = 0
16660 <... mmap resumed>)               = 0x100000200000
16659 mmap(NULL, 16384, PROT_READ|PROT_WRITE, MAP_PRIVATE|MAP_ANONYMOUS|MAP_NORESERVE, -1, 0 <unfinished ...>
16658 mmap(NULL, 16384, PROT_READ|PROT_WRITE, MAP_PRIVATE|MAP_ANONYMOUS|MAP_NORESERVE, -1, 0 <unfinished ...>
16657 <... munmap resumed>)             = 0
16672 <... mmap resumed>)               = 0x100140000000
16671 munmap(0x1000c0200000, 16384 <unfinished ...>
16670 mmap(NULL, 16384, PROT_READ|PROT_WRITE, MAP_PRIVATE|MAP_ANONYMOUS|MAP_NORESERVE, -1, 0 <unfinished ...>
16669 munmap(0x100040600000, 16384 <unfinished ...>
16668 <... munmap resumed>)             = 0
16667 mmap(NULL, 16384, PROT_READ|PROT_WRITE, MAP_PRIVATE|MAP_ANONYMOUS|MAP_NORESERVE, -1, 0 <unfinished ...>
16666 <... mmap resumed>)               = 0x100100200000
16665 mmap(NULL, 16384, PROT_READ|PROT_WRITE, MAP_PRIVATE|MAP_ANONYMOUS|MAP_NORESERVE, -1, 0 <unfinished ...>
16664 <... mmap resumed>)               = 0x100140200000
16663 mmap(NULL, 16384, PROT_READ|PROT_WRITE, MAP_PRIVATE|MAP_ANONYMOUS|MAP_NORESERVE, -1, 0 <unfinished ...>
16662 <... mmap resumed>)               = 0x100040000000
16661 mmap(NULL, 16384, PROT_READ|PROT_WRITE, MAP_PRIVATE|MAP_ANONYMOUS|MAP_NORESERVE, -1, 0 <unfinished ...>
16660 munmap(0x100000200000, 16384 <unfinished ...>
16672 munmap(0x100140000000, 16384 <unfinished ...>
16671 <... munmap resumed>)             = 0
16670 <... mmap resumed>)               = 0x1000c0200000
16669 <... munmap resumed>)             = 0
16667 <... mmap resumed>)               = 0x100040200000
16666 munmap(0x100100200000, 16384 <unfinished ...>
16665 <... mmap resumed>)               = 0x100040600000
16664 munmap(0x100140200000, 16384 <unfinished ...>
16663 <... mmap resumed>)               = 0x100080000000
16662 munmap(0x100040000000, 16384 <unfinished ...>
16659 <... mmap resumed>)               = 0x100100000000
16661 <... mmap resumed>)               = 0x100180000000
16658 <... mmap resumed>)               = 0x1000c0000000
16657 mmap(NULL, 16384, PROT_READ|PROT_WRITE, MAP_PRIVATE|MAP_ANONYMOUS|MAP_NORESERVE, -1, 0 <unfinished ...>
16668 mmap(NULL, 16384, PROT_READ|PROT_WRITE, MAP_PRIVATE|MAP_ANONYMOUS|MAP_NORESERVE, -1, 0 <unfinished ...>
16672 <... munmap resumed>)             = 0
16671 mmap(NULL, 16384, PROT_READ|PROT_WRITE, MAP_PRIVATE|MAP_ANONYMOUS|MAP_NORESERVE, -1, 0 <unfinished ...>
16670 munmap(0x1000c0200000, 16384 <unfinished ...>
16669 mmap(NULL, 16384, PROT_READ|PROT_WRITE, MAP_PRIVATE|MAP_ANONYMOUS|MAP_NORESERVE, -1, 0 <unfinished ...>
16667 munmap(0x100040200000, 16384 <unfinished ...>
16666 <... munmap resumed>)             = 0
16664 <... munmap resumed>)             = 0
16663 munmap(0x100080000000, 16384 <unfinished ...>
16662 <... munmap resumed>)             = 0
16661 munmap(0x100180000000, 16384 <unfinished ...>
16660 <... munmap resumed>)             = 0
16659 munmap(0x100100000000, 16384 <unfinished ...>
16658 munmap(0x1000c0000000, 16384 <unfinished ...>
16672 mmap(NULL, 16384, PROT_READ|PROT_WRITE, MAP_PRIVATE|MAP_ANONYMOUS|MAP_NORESERVE, -1, 0 <unfinished ...>
16671 <... mmap resumed>)               = 0x100040000000
16669 <... mmap resumed>)               = 0x100140000000
16668 <... mmap resumed>)               = 0x100140200000
16665 munmap(0x100040600000, 16384 <unfinished ...>
16664 mmap(NULL, 16384, PROT_READ|PROT_WRITE, MAP_PRIVATE|MAP_ANONYMOUS|MAP_NORESERVE, -1, 0 <unfinished ...>
16657 <... mmap resumed>)               = 0x100100200000
16672 <... mmap resumed>)               = 0x100040200000
16669 munmap(0x100140000000, 16384 <unfinished ...>
16667 <... munmap resumed>)             = 0
16663 <... munmap resumed>)             = 0
16662 mmap(NULL, 16384, PROT_READ|PROT_WRITE, MAP_PRIVATE|MAP_ANONYMOUS|MAP_NORESERVE, -1, 0 <unfinished ...>
16661 <... munmap resumed>)             = 0
16668 munmap(0x100140200000, 16384 <unfinished ...>
16660 mmap(NULL, 16384, PROT_READ|PROT_WRITE, MAP_PRIVATE|MAP_ANONYMOUS|MAP_NORESERVE, -1, 0 <unfinished ...>
16658 <... munmap resumed>)             = 0
16671 munmap(0x100040000000, 16384 <unfinished ...>
16672 munmap(0x100040200000, 16384 <unfinished ...>
16670 <... munmap resumed>)             = 0
16669 <... munmap resumed>)             = 0
16668 <... munmap resumed>)             = 0
16667 mmap(NULL, 16384, PROT_READ|PROT_WRITE, MAP_PRIVATE|MAP_ANONYMOUS|MAP_NORESERVE, -1, 0 <unfinished ...>
16666 mmap(NULL, 16384, PROT_READ|PROT_WRITE, MAP_PRIVATE|MAP_ANONYMOUS|MAP_NORESERVE, -1, 0 <unfinished ...>
16671 <... munmap resumed>)             = 0
16665 <... munmap resumed>)             = 0
16664 <... mmap resumed>)               = 0x100180000000
16663 mmap(NULL, 16384, PROT_READ|PROT_WRITE, MAP_PRIVATE|MAP_ANONYMOUS|MAP_NORESERVE, -1, 0 <unfinished ...>
16662 <... mmap resumed>)               = 0x100100000000
16661 mmap(NULL, 16384, PROT_READ|PROT_WRITE, MAP_PRIVATE|MAP_ANONYMOUS|MAP_NORESERVE, -1, 0 <unfinished ...>
16660 <... mmap resumed>)               = 0x100140200000
16659 <... munmap resumed>)             = 0
16658 mmap(NULL, 16384, PROT_READ|PROT_WRITE, MAP_PRIVATE|MAP_ANONYMOUS|MAP_NORESERVE, -1, 0 <unfinished ...>
16657 munmap(0x100100200000, 16384 <unfinished ...>
16672 <... munmap resumed>)             = 0
16671 mmap(NULL, 16384, PROT_READ|PROT_WRITE, MAP_PRIVATE|MAP_ANONYMOUS|MAP_NORESERVE, -1, 0 <unfinished ...>
16670 mmap(NULL, 16384, PROT_READ|PROT_WRITE, MAP_PRIVATE|MAP_ANONYMOUS|MAP_NORESERVE, -1, 0 <unfinished ...>
16669 mmap(NULL, 16384, PROT_READ|PROT_WRITE, MAP_PRIVATE|MAP_ANONYMOUS|MAP_NORESERVE, -1, 0 <unfinished ...>
16668 mmap(NULL, 16384, PROT_READ|PROT_WRITE, MAP_PRIVATE|MAP_ANONYMOUS|MAP_NORESERVE, -1, 0 <unfinished ...>
16667 <... mmap resumed>)               = 0x100040000000
16666 <... mmap resumed>)               = 0x100040200000
16665 mmap(NULL, 16384, PROT_READ|PROT_WRITE, MAP_PRIVATE|MAP_ANONYMOUS|MAP_NORESERVE, -1, 0 <unfinished ...>
16664 munmap(0x100180000000, 16384 <unfinished ...>
16663 <... mmap resumed>)               = 0x100140000000
16662 munmap(0x100100000000, 16384 <unfinished ...>
16661 <... mmap resumed>)               = 0x1000c0200000
16660 munmap(0x100140200000, 16384 <unfinished ...>
16659 mmap(NULL, 16384, PROT_READ|PROT_WRITE, MAP_PRIVATE|MAP_ANONYMOUS|MAP_NORESERVE, -1, 0 <unfinished ...>
16672 mmap(NULL, 16384, PROT_READ|PROT_WRITE, MAP_PRIVATE|MAP_ANONYMOUS|MAP_NORESERVE, -1, 0 <unfinished ...>
16671 <... mmap resumed>)               = 0x100100200000
16670 <... mmap resumed>)               = 0x1000c0000000
16669 <... mmap resumed>)               = 0x100080000000
16668 <... mmap resumed>)               = 0x100000200000
16667 munmap(0x100040000000, 16384 <unfinished ...>
16666 munmap(0x100040200000, 16384 <unfinished ...>
16665 <... mmap resumed>)               = 0x100180000000
16664 <... munmap resumed>)             = 0
16663 munmap(0x100140000000, 16384 <unfinished ...>
16661 munmap(0x1000c0200000, 16384 <unfinished ...>
16658 <... mmap resumed>)               = 0x100040600000
16657 <... munmap resumed>)             = 0
16672 <... mmap resumed>)               = 0x100000000000
16671 munmap(0x100100200000, 16384 <unfinished ...>
16670 munmap(0x1000c0000000, 16384 <unfinished ...>
16669 munmap(0x100080000000, 16384 <unfinished ...>
16668 munmap(0x100000200000, 16384 <unfinished ...>
16667 <... munmap resumed>)             = 0
16666 <... munmap resumed>)             = 0
16665 munmap(0x100180000000, 16384 <unfinished ...>
16664 mmap(NULL, 16384, PROT_READ|PROT_WRITE, MAP_PRIVATE|MAP_ANONYMOUS|MAP_NORESERVE, -1, 0 <unfinished ...>
16663 <... munmap resumed>)             = 0
16662 <... munmap resumed>)             = 0
16661 <... munmap resumed>)             = 0
16660 <... munmap resumed>)             = 0
16659 <... mmap resumed>)               = 0x100140200000
16658 munmap(0x100040600000, 16384 <unfinished ...>
16672 munmap(0x100000000000, 16384 <unfinished ...>
16671 <... munmap resumed>)             = 0
16670 <... munmap resumed>)             = 0
16669 <... munmap resumed>)             = 0
16668 <... munmap resumed>)             = 0
16667 mmap(NULL, 16384, PROT_READ|PROT_WRITE, MAP_PRIVATE|MAP_ANONYMOUS|MAP_NORESERVE, -1, 0 <unfinished ...>
16666 mmap(NULL, 16384, PROT_READ|PROT_WRITE, MAP_PRIVATE|MAP_ANONYMOUS|MAP_NORESERVE, -1, 0 <unfinished ...>
16665 <... munmap resumed>)             = 0
16664 <... mmap resumed>)               = 0x1000c0000000
16662 mmap(NULL, 16384, PROT_READ|PROT_WRITE, MAP_PRIVATE|MAP_ANONYMOUS|MAP_NORESERVE, -1, 0 <unfinished ...>
16661 mmap(NULL, 16384, PROT_READ|PROT_WRITE, MAP_PRIVATE|MAP_ANONYMOUS|MAP_NORESERVE, -1, 0 <unfinished ...>
16659 munmap(0x100140200000, 16384 <unfinished ...>
16657 mmap(NULL, 16384, PROT_READ|PROT_WRITE, MAP_PRIVATE|MAP_ANONYMOUS|MAP_NORESERVE, -1, 0 <unfinished ...>
16672 <... munmap resumed>)             = 0
16671 mmap(NULL, 16384, PROT_READ|PROT_WRITE, MAP_PRIVATE|MAP_ANONYMOUS|MAP_NORESERVE, -1, 0 <unfinished ...>
16670 mmap(NULL, 16384, PROT_READ|PROT_WRITE, MAP_PRIVATE|MAP_ANONYMOUS|MAP_NORESERVE, -1, 0 <unfinished ...>
16669 mmap(NULL, 16384, PROT_READ|PROT_WRITE, MAP_PRIVATE|MAP_ANONYMOUS|MAP_NORESERVE, -1, 0 <unfinished ...>
16668 mmap(NULL, 16384, PROT_READ|PROT_WRITE, MAP_PRIVATE|MAP_ANONYMOUS|MAP_NORESERVE, -1, 0 <unfinished ...>
16666 <... mmap resumed>)               = 0x100040600000
16663 mmap(NULL, 16384, PROT_READ|PROT_WRITE, MAP_PRIVATE|MAP_ANONYMOUS|MAP_NORESERVE, -1, 0 <unfinished ...>
16664 munmap(0x1000c0000000, 16384 <unfinished ...>
16662 <... mmap resumed>)               = 0x100000000000
16660 mmap(NULL, 16384, PROT_READ|PROT_WRITE, MAP_PRIVATE|MAP_ANONYMOUS|MAP_NORESERVE, -1, 0 <unfinished ...>
16658 <... munmap resumed>)             = 0
16672 mmap(NULL, 16384, PROT_READ|PROT_WRITE, MAP_PRIVATE|MAP_ANONYMOUS|MAP_NORESERVE, -1, 0 <unfinished ...>
16671 <... mmap resumed>)               = 0x100080000000
16670 <... mmap resumed>)               = 0x100000200000
16669 <... mmap resumed>)               = 0x100100200000
16668 <... mmap resumed>)               = 0x100140000000
16667 <... mmap resumed>)               = 0x100180000000
16666 munmap(0x100040600000, 16384 <unfinished ...>
16665 mmap(NULL, 16384, PROT_READ|PROT_WRITE, MAP_PRIVATE|MAP_ANONYMOUS|MAP_NORESERVE, -1, 0 <unfinished ...>
16663 <... mmap resumed>)               = 0x100040200000
16664 <... munmap resumed>)             = 0
16661 <... mmap resumed>)               = 0x100140200000
16659 <... munmap resumed>)             = 0
16657 <... mmap resumed>)               = 0x1000c0200000
16672 <... mmap resumed>)               = 0x100100000000
16669 munmap(0x100100200000, 16384 <unfinished ...>
16668 munmap(0x100140000000, 16384 <unfinished ...>
16667 munmap(0x100180000000, 16384 <unfinished ...>
16663 munmap(0x100040200000, 16384 <unfinished ...>
16662 munmap(0x100000000000, 16384 <unfinished ...>
16660 <... mmap resumed>)               = 0x1000c0000000
16658 mmap(NULL, 16384, PROT_READ|PROT_WRITE, MAP_PRIVATE|MAP_ANONYMOUS|MAP_NORESERVE, -1, 0 <unfinished ...>
16672 munmap(0x100100000000, 16384 <unfinished ...>
16671 munmap(0x100080000000, 16384 <unfinished ...>
16670 munmap(0x100000200000, 16384 <unfinished ...>
16667 <... munmap resumed>)             = 0
16663 <... munmap resumed>)             = 0
16661 munmap(0x100140200000, 16384 <unfinished ...>
16659 mmap(NULL, 16384, PROT_READ|PROT_WRITE, MAP_PRIVATE|MAP_ANONYMOUS|MAP_NORESERVE, -1, 0 <unfinished ...>
16672 <... munmap resumed>)             = 0
16669 <... munmap resumed>)             = 0
16668 <... munmap resumed>)             = 0
16666 <... munmap resumed>)             = 0
16660 munmap(0x1000c0000000, 16384 <unfinished ...>
16665 <... mmap resumed>)               = 0x100100000000
16658 <... mmap resumed>)               = 0x100100200000
16670 <... munmap resumed>)             = 0
16672 mmap(NULL, 16384, PROT_READ|PROT_WRITE, MAP_PRIVATE|MAP_ANONYMOUS|MAP_NORESERVE, -1, 0 <unfinished ...>
16668 mmap(NULL, 16384, PROT_READ|PROT_WRITE, MAP_PRIVATE|MAP_ANONYMOUS|MAP_NORESERVE, -1, 0 <unfinished ...>
16667 mmap(NULL, 16384, PROT_READ|PROT_WRITE, MAP_PRIVATE|MAP_ANONYMOUS|MAP_NORESERVE, -1, 0 <unfinished ...>
16664 mmap(NULL, 16384, PROT_READ|PROT_WRITE, MAP_PRIVATE|MAP_ANONYMOUS|MAP_NORESERVE, -1, 0 <unfinished ...>
16663 mmap(NULL, 16384, PROT_READ|PROT_WRITE, MAP_PRIVATE|MAP_ANONYMOUS|MAP_NORESERVE, -1, 0 <unfinished ...>
16662 <... munmap resumed>)             = 0
16661 <... munmap resumed>)             = 0
16659 <... mmap resumed>)               = 0x100040600000
16657 munmap(0x1000c0200000, 16384 <unfinished ...>
16672 <... mmap resumed>)               = 0x1000c0000000
16671 <... munmap resumed>)             = 0
16670 mmap(NULL, 16384, PROT_READ|PROT_WRITE, MAP_PRIVATE|MAP_ANONYMOUS|MAP_NORESERVE, -1, 0 <unfinished ...>
16669 mmap(NULL, 16384, PROT_READ|PROT_WRITE, MAP_PRIVATE|MAP_ANONYMOUS|MAP_NORESERVE, -1, 0 <unfinished ...>
16668 <... mmap resumed>)               = 0x100080000000
16667 <... mmap resumed>)               = 0x100000000000
16666 mmap(NULL, 16384, PROT_READ|PROT_WRITE, MAP_PRIVATE|MAP_ANONYMOUS|MAP_NORESERVE, -1, 0 <unfinished ...>
16665 munmap(0x100100000000, 16384 <unfinished ...>
16662 mmap(NULL, 16384, PROT_READ|PROT_WRITE, MAP_PRIVATE|MAP_ANONYMOUS|MAP_NORESERVE, -1, 0 <unfinished ...>
16660 <... munmap resumed>)             = 0
16659 munmap(0x100040600000, 16384 <unfinished ...>
16658 munmap(0x100100200000, 16384 <unfinished ...>
16672 munmap(0x1000c0000000, 16384 <unfinished ...>
16670 <... mmap resumed>)               = 0x1000c0200000
16669 <... mmap resumed>)               = 0x100140000000
16668 munmap(0x100080000000, 16384 <unfinished ...>
16667 munmap(0x100000000000, 16384 <unfinished ...>
16666 <... mmap resumed>)               = 0x100180000000
16665 <... munmap resumed>)             = 0
16664 <... mmap resumed>)               = 0x100000200000
16663 <... mmap resumed>)               = 0x100140200000
16661 mmap(NULL, 16384, PROT_READ|PROT_WRITE, MAP_PRIVATE|MAP_ANONYMOUS|MAP_NORESERVE, -1, 0 <unfinished ...>
16657 <... munmap resumed>)             = 0
16671 mmap(NULL, 16384, PROT_READ|PROT_WRITE, MAP_PRIVATE|MAP_ANONYMOUS|MAP_NORESERVE, -1, 0 <unfinished ...>
16670 munmap(0x1000c0200000, 16384 <unfinished ...>
16668 <... munmap resumed>)             = 0
16666 munmap(0x100180000000, 16384 <unfinished ...>
16660 mmap(NULL, 16384, PROT_READ|PROT_WRITE, MAP_PRIVATE|MAP_ANONYMOUS|MAP_NORESERVE, -1, 0 <unfinished ...>
16659 <... munmap resumed>)             = 0
16658 <... munmap resumed>)             = 0
16672 <... munmap resumed>)             = 0
16663 munmap(0x100140200000, 16384 <unfinished ...>
16660 <... mmap resumed>)               = 0x1000c0000000
16672 mmap(NULL, 16384, PROT_READ|PROT_WRITE, MAP_PRIVATE|MAP_ANONYMOUS|MAP_NORESERVE, -1, 0 <unfinished ...>
16671 <... mmap resumed>)               = 0x100080000000
16670 <... munmap resumed>)             = 0
16669 munmap(0x100140000000, 16384 <unfinished ...>
16668 mmap(NULL, 16384, PROT_READ|PROT_WRITE, MAP_PRIVATE|MAP_ANONYMOUS|MAP_NORESERVE, -1, 0 <unfinished ...>
16667 <... munmap resumed>)             = 0
16666 <... munmap resumed>)             = 0
16665 mmap(NULL, 16384, PROT_READ|PROT_WRITE, MAP_PRIVATE|MAP_ANONYMOUS|MAP_NORESERVE, -1, 0 <unfinished ...>
16664 munmap(0x100000200000, 16384 <unfinished ...>
16663 <... munmap resumed>)             = 0
16662 <... mmap resumed>)               = 0x100100200000
16661 <... mmap resumed>)               = 0x100040600000
16660 munmap(0x1000c0000000, 16384 <unfinished ...>
16659 mmap(NULL, 16384, PROT_READ|PROT_WRITE, MAP_PRIVATE|MAP_ANONYMOUS|MAP_NORESERVE, -1, 0 <unfinished ...>
16658 mmap(NULL, 16384, PROT_READ|PROT_WRITE, MAP_PRIVATE|MAP_ANONYMOUS|MAP_NORESERVE, -1, 0 <unfinished ...>
16657 mmap(NULL, 16384, PROT_READ|PROT_WRITE, MAP_PRIVATE|MAP_ANONYMOUS|MAP_NORESERVE, -1, 0 <unfinished ...>
16672 <... mmap resumed>)               = 0x100000000000
16671 munmap(0x100080000000, 16384 <unfinished ...>
16670 mmap(NULL, 16384, PROT_READ|PROT_WRITE, MAP_PRIVATE|MAP_ANONYMOUS|MAP_NORESERVE, -1, 0 <unfinished ...>
16669 <... munmap resumed>)             = 0
16668 <... mmap resumed>)               = 0x100180000000
16667 mmap(NULL, 16384, PROT_READ|PROT_WRITE, MAP_PRIVATE|MAP_ANONYMOUS|MAP_NORESERVE, -1, 0 <unfinished ...>
16666 mmap(NULL, 16384, PROT_READ|PROT_WRITE, MAP_PRIVATE|MAP_ANONYMOUS|MAP_NORESERVE, -1, 0 <unfinished ...>
16665 <... mmap resumed>)               = 0x100140000000
16664 <... munmap resumed>)             = 0
16663 mmap(NULL, 16384, PROT_READ|PROT_WRITE, MAP_PRIVATE|MAP_ANONYMOUS|MAP_NORESERVE, -1, 0 <unfinished ...>
16662 munmap(0x100100200000, 16384 <unfinished ...>
16661 munmap(0x100040600000, 16384 <unfinished ...>
16660 <... munmap resumed>)             = 0
16659 <... mmap resumed>)               = 0x1000c0000000
16672 munmap(0x100000000000, 16384 <unfinished ...>
16671 <... munmap resumed>)             = 0
16670 <... mmap resumed>)               = 0x100080000000
16669 mmap(NULL, 16384, PROT_READ|PROT_WRITE, MAP_PRIVATE|MAP_ANONYMOUS|MAP_NORESERVE, -1, 0 <unfinished ...>
16668 munmap(0x100180000000, 16384 <unfinished ...>
16667 <... mmap resumed>)               = 0x1000c0200000
16666 <... mmap resumed>)               = 0x100100000000
16665 munmap(0x100140000000, 16384 <unfinished ...>
16664 mmap(NULL, 16384, PROT_READ|PROT_WRITE, MAP_PRIVATE|MAP_ANONYMOUS|MAP_NORESERVE, -1, 0 <unfinished ...>
16663 <... mmap resumed>)               = 0x100040200000
16662 <... munmap resumed>)             = 0
16661 <... munmap resumed>)             = 0
16660 mmap(NULL, 16384, PROT_READ|PROT_WRITE, MAP_PRIVATE|MAP_ANONYMOUS|MAP_NORESERVE, -1, 0 <unfinished ...>
16659 munmap(0x1000c0000000, 16384 <unfinished ...>
16658 <... mmap resumed>)               = 0x100000200000
16657 <... mmap resumed>)               = 0x100140200000
16672 <... munmap resumed>)             = 0
16671 mmap(NULL, 16384, PROT_READ|PROT_WRITE, MAP_PRIVATE|MAP_ANONYMOUS|MAP_NORESERVE, -1, 0 <unfinished ...>
16670 munmap(0x100080000000, 16384 <unfinished ...>
16669 <... mmap resumed>)               = 0x100040600000
16668 <... munmap resumed>)             = 0
16667 munmap(0x1000c0200000, 16384 <unfinished ...>
16666 munmap(0x100100000000, 16384 <unfinished ...>
16665 <... munmap resumed>)             = 0
16664 <... mmap resumed>)               = 0x100140000000
16663 munmap(0x100040200000, 16384 <unfinished ...>
16662 mmap(NULL, 16384, PROT_READ|PROT_WRITE, MAP_PRIVATE|MAP_ANONYMOUS|MAP_NORESERVE, -1, 0 <unfinished ...>
16661 mmap(NULL, 16384, PROT_READ|PROT_WRITE, MAP_PRIVATE|MAP_ANONYMOUS|MAP_NORESERVE, -1, 0 <unfinished ...>
16660 <... mmap resumed>)               = 0x100180000000
16659 <... munmap resumed>)             = 0
16658 munmap(0x100000200000, 16384 <unfinished ...>
16672 mmap(NULL, 16384, PROT_READ|PROT_WRITE, MAP_PRIVATE|MAP_ANONYMOUS|MAP_NORESERVE, -1, 0 <unfinished ...>
16671 <... mmap resumed>)               = 0x1000c0000000
16670 <... munmap resumed>)             = 0
16669 munmap(0x100040600000, 16384 <unfinished ...>
16668 mmap(NULL, 16384, PROT_READ|PROT_WRITE, MAP_PRIVATE|MAP_ANONYMOUS|MAP_NORESERVE, -1, 0 <unfinished ...>
16667 <... munmap resumed>)             = 0
16666 <... munmap resumed>)             = 0
16665 mmap(NULL, 16384, PROT_READ|PROT_WRITE, MAP_PRIVATE|MAP_ANONYMOUS|MAP_NORESERVE, -1, 0 <unfinished ...>
16664 munmap(0x100140000000, 16384 <unfinished ...>
16663 <... munmap resumed>)             = 0
16662 <... mmap resumed>)               = 0x1000c0200000
16661 <... mmap resumed>)               = 0x100100000000
16660 munmap(0x100180000000, 16384 <unfinished ...>
16659 mmap(NULL, 16384, PROT_READ|PROT_WRITE, MAP_PRIVATE|MAP_ANONYMOUS|MAP_NORESERVE, -1, 0 <unfinished ...>
16657 munmap(0x100140200000, 16384 <unfinished ...>
16672 <... mmap resumed>)               = 0x100000200000
16671 munmap(0x1000c0000000, 16384 <unfinished ...>
16670 mmap(NULL, 16384, PROT_READ|PROT_WRITE, MAP_PRIVATE|MAP_ANONYMOUS|MAP_NORESERVE, -1, 0 <unfinished ...>
16669 <... munmap resumed>)             = 0
16668 <... mmap resumed>)               = 0x100040600000
16667 mmap(NULL, 16384, PROT_READ|PROT_WRITE, MAP_PRIVATE|MAP_ANONYMOUS|MAP_NORESERVE, -1, 0 <unfinished ...>
16666 mmap(NULL, 16384, PROT_READ|PROT_WRITE, MAP_PRIVATE|MAP_ANONYMOUS|MAP_NORESERVE, -1, 0 <unfinished ...>
16665 <... mmap resumed>)               = 0x100040200000
16664 <... munmap resumed>)             = 0
16663 mmap(NULL, 16384, PROT_READ|PROT_WRITE, MAP_PRIVATE|MAP_ANONYMOUS|MAP_NORESERVE, -1, 0 <unfinished ...>
16662 munmap(0x1000c0200000, 16384 <unfinished ...>
16661 munmap(0x100100000000, 16384 <unfinished ...>
16660 <... munmap resumed>)             = 0
16659 <... mmap resumed>)               = 0x100180000000
16658 <... munmap resumed>)             = 0
16672 munmap(0x100000200000, 16384 <unfinished ...>
16671 <... munmap resumed>)             = 0
16670 <... mmap resumed>)               = 0x100140200000
16669 mmap(NULL, 16384, PROT_READ|PROT_WRITE, MAP_PRIVATE|MAP_ANONYMOUS|MAP_NORESERVE, -1, 0 <unfinished ...>
16668 munmap(0x100040600000, 16384 <unfinished ...>
16667 <... mmap resumed>)               = 0x100140000000
16666 <... mmap resumed>)               = 0x1000c0000000
16665 munmap(0x100040200000, 16384 <unfinished ...>
16664 mmap(NULL, 16384, PROT_READ|PROT_WRITE, MAP_PRIVATE|MAP_ANONYMOUS|MAP_NORESERVE, -1, 0 <unfinished ...>
16663 <... mmap resumed>)               = 0x1000c0200000
16662 <... munmap resumed>)             = 0
16661 <... munmap resumed>)             = 0
16660 mmap(NULL, 16384, PROT_READ|PROT_WRITE, MAP_PRIVATE|MAP_ANONYMOUS|MAP_NORESERVE, -1, 0 <unfinished ...>
16659 munmap(0x100180000000, 16384 <unfinished ...>
16658 mmap(NULL, 16384, PROT_READ|PROT_WRITE, MAP_PRIVATE|MAP_ANONYMOUS|MAP_NORESERVE, -1, 0 <unfinished ...>
16657 <... munmap resumed>)             = 0
16672 <... munmap resumed>)             = 0
16671 mmap(NULL, 16384, PROT_READ|PROT_WRITE, MAP_PRIVATE|MAP_ANONYMOUS|MAP_NORESERVE, -1, 0 <unfinished ...>
16670 munmap(0x100140200000, 16384 <unfinished ...>
16669 <... mmap resumed>)               = 0x100000200000
16668 <... munmap resumed>)             = 0
16667 munmap(0x100140000000, 16384 <unfinished ...>
16666 munmap(0x1000c0000000, 16384 <unfinished ...>
16665 <... munmap resumed>)             = 0
16663 munmap(0x1000c0200000, 16384 <unfinished ...>
16672 mmap(NULL, 16384, PROT_READ|PROT_WRITE, MAP_PRIVATE|MAP_ANONYMOUS|MAP_NORESERVE, -1, 0 <unfinished ...>
16661 mmap(NULL, 16384, PROT_READ|PROT_WRITE, MAP_PRIVATE|MAP_ANONYMOUS|MAP_NORESERVE, -1, 0 <unfinished ...>
16668 mmap(NULL, 16384, PROT_READ|PROT_WRITE, MAP_PRIVATE|MAP_ANONYMOUS|MAP_NORESERVE, -1, 0 <unfinished ...>
16672 <... mmap resumed>)               = 0x100040600000
16664 <... mmap resumed>)               = 0x100040200000
16662 mmap(NULL, 16384, PROT_READ|PROT_WRITE, MAP_PRIVATE|MAP_ANONYMOUS|MAP_NORESERVE, -1, 0 <unfinished ...>
16661 <... mmap resumed>)               = 0x100100000000
16660 <... mmap resumed>)               = 0x100080000000
16671 <... mmap resumed>)               = 0x100100200000
16669 munmap(0x100000200000, 16384 <unfinished ...>
16668 <... mmap resumed>)               = 0x100000000000
16667 <... munmap resumed>)             = 0
16661 munmap(0x100100000000, 16384 <unfinished ...>
16672 munmap(0x100040600000, 16384 <unfinished ...>
16671 munmap(0x100100200000, 16384 <unfinished ...>
16666 <... munmap resumed>)             = 0
16664 munmap(0x100040200000, 16384 <unfinished ...>
16660 munmap(0x100080000000, 16384 <unfinished ...>
16671 <... munmap resumed>)             = 0
16670 <... munmap resumed>)             = 0
16668 munmap(0x100000000000, 16384 <unfinished ...>
16665 mmap(NULL, 16384, PROT_READ|PROT_WRITE, MAP_PRIVATE|MAP_ANONYMOUS|MAP_NORESERVE, -1, 0 <unfinished ...>
16662 <... mmap resumed>)               = 0x1000c0000000
16661 <... munmap resumed>)             = 0
16659 <... munmap resumed>)             = 0
16658 <... mmap resumed>)               = 0x100140000000
16672 <... munmap resumed>)             = 0
16669 <... munmap resumed>)             = 0
16667 mmap(NULL, 16384, PROT_READ|PROT_WRITE, MAP_PRIVATE|MAP_ANONYMOUS|MAP_NORESERVE, -1, 0 <unfinished ...>
16666 mmap(NULL, 16384, PROT_READ|PROT_WRITE, MAP_PRIVATE|MAP_ANONYMOUS|MAP_NORESERVE, -1, 0 <unfinished ...>
16665 <... mmap resumed>)               = 0x1000c0200000
16664 <... munmap resumed>)             = 0
16663 <... munmap resumed>)             = 0
16668 <... munmap resumed>)             = 0
16660 <... munmap resumed>)             = 0
16670 mmap(NULL, 16384, PROT_READ|PROT_WRITE, MAP_PRIVATE|MAP_ANONYMOUS|MAP_NORESERVE, -1, 0 <unfinished ...>
16662 munmap(0x1000c0000000, 16384 <unfinished ...>
16661 mmap(NULL, 16384, PROT_READ|PROT_WRITE, MAP_PRIVATE|MAP_ANONYMOUS|MAP_NORESERVE, -1, 0 <unfinished ...>
16657 mmap(NULL, 16384, PROT_READ|PROT_WRITE, MAP_PRIVATE|MAP_ANONYMOUS|MAP_NORESERVE, -1, 0 <unfinished ...>
16672 mmap(NULL, 16384, PROT_READ|PROT_WRITE, MAP_PRIVATE|MAP_ANONYMOUS|MAP_NORESERVE, -1, 0 <unfinished ...>
16671 mmap(NULL, 16384, PROT_READ|PROT_WRITE, MAP_PRIVATE|MAP_ANONYMOUS|MAP_NORESERVE, -1, 0 <unfinished ...>
16670 <... mmap resumed>)               = 0x100080000000
16669 mmap(NULL, 16384, PROT_READ|PROT_WRITE, MAP_PRIVATE|MAP_ANONYMOUS|MAP_NORESERVE, -1, 0 <unfinished ...>
16668 mmap(NULL, 16384, PROT_READ|PROT_WRITE, MAP_PRIVATE|MAP_ANONYMOUS|MAP_NORESERVE, -1, 0 <unfinished ...>
16667 <... mmap resumed>)               = 0x100000000000
16666 <... mmap resumed>)               = 0x100040200000
16665 munmap(0x1000c0200000, 16384 <unfinished ...>
16664 mmap(NULL, 16384, PROT_READ|PROT_WRITE, MAP_PRIVATE|MAP_ANONYMOUS|MAP_NORESERVE, -1, 0 <unfinished ...>
16659 mmap(NULL, 16384, PROT_READ|PROT_WRITE, MAP_PRIVATE|MAP_ANONYMOUS|MAP_NORESERVE, -1, 0 <unfinished ...>
16658 munmap(0x100140000000, 16384 <unfinished ...>
16672 <... mmap resumed>)               = 0x100140200000
16670 munmap(0x100080000000, 16384 <unfinished ...>
16669 <... mmap resumed>)               = 0x1000c0000000
16666 munmap(0x100040200000, 16384 <unfinished ...>
16662 <... munmap resumed>)             = 0
16661 <... mmap resumed>)               = 0x100000200000
16657 <... mmap resumed>)               = 0x100040600000
16672 munmap(0x100140200000, 16384 <unfinished ...>
16671 <... mmap resumed>)               = 0x1000c0200000
16670 <... munmap resumed>)             = 0
16669 munmap(0x1000c0000000, 16384 <unfinished ...>
16668 <... mmap resumed>)               = 0x100140000000
16667 munmap(0x100000000000, 16384 <unfinished ...>
16666 <... munmap resumed>)             = 0
16665 <... munmap resumed>)             = 0
16664 <... mmap resumed>)               = 0x100080000000
16663 mmap(NULL, 16384, PROT_READ|PROT_WRITE, MAP_PRIVATE|MAP_ANONYMOUS|MAP_NORESERVE, -1, 0 <unfinished ...>
16662 mmap(NULL, 16384, PROT_READ|PROT_WRITE, MAP_PRIVATE|MAP_ANONYMOUS|MAP_NORESERVE, -1, 0 <unfinished ...>
16661 munmap(0x100000200000, 16384 <unfinished ...>
16659 <... mmap resumed>)               = 0x100100200000
16658 <... munmap resumed>)             = 0
16657 munmap(0x100040600000, 16384 <unfinished ...>
16672 <... munmap resumed>)             = 0
16671 munmap(0x1000c0200000, 16384 <unfinished ...>
16670 mmap(NULL, 16384, PROT_READ|PROT_WRITE, MAP_PRIVATE|MAP_ANONYMOUS|MAP_NORESERVE, -1, 0 <unfinished ...>
16669 <... munmap resumed>)             = 0
16668 munmap(0x100140000000, 16384 <unfinished ...>
16667 <... munmap resumed>)             = 0
16666 mmap(NULL, 16384, PROT_READ|PROT_WRITE, MAP_PRIVATE|MAP_ANONYMOUS|MAP_NORESERVE, -1, 0 <unfinished ...>
16665 mmap(NULL, 16384, PROT_READ|PROT_WRITE, MAP_PRIVATE|MAP_ANONYMOUS|MAP_NORESERVE, -1, 0 <unfinished ...>
16664 munmap(0x100080000000, 16384 <unfinished ...>
16663 <... mmap resumed>)               = 0x1000c0000000
16662 <... mmap resumed>)               = 0x100000000000
16660 mmap(NULL, 16384, PROT_READ|PROT_WRITE, MAP_PRIVATE|MAP_ANONYMOUS|MAP_NORESERVE, -1, 0 <unfinished ...>
16658 mmap(NULL, 16384, PROT_READ|PROT_WRITE, MAP_PRIVATE|MAP_ANONYMOUS|MAP_NORESERVE, -1, 0 <unfinished ...>
16672 mmap(NULL, 16384, PROT_READ|PROT_WRITE, MAP_PRIVATE|MAP_ANONYMOUS|MAP_NORESERVE, -1, 0 <unfinished ...>
16670 <... mmap resumed>)               = 0x100040600000
16669 mmap(NULL, 16384, PROT_READ|PROT_WRITE, MAP_PRIVATE|MAP_ANONYMOUS|MAP_NORESERVE, -1, 0 <unfinished ...>
16668 <... munmap resumed>)             = 0
16667 mmap(NULL, 16384, PROT_READ|PROT_WRITE, MAP_PRIVATE|MAP_ANONYMOUS|MAP_NORESERVE, -1, 0 <unfinished ...>
16661 <... munmap resumed>)             = 0
16659 munmap(0x100100200000, 16384 <unfinished ...>
16657 <... munmap resumed>)             = 0
16671 <... munmap resumed>)             = 0
16668 mmap(NULL, 16384, PROT_READ|PROT_WRITE, MAP_PRIVATE|MAP_ANONYMOUS|MAP_NORESERVE, -1, 0 <unfinished ...>
16666 <... mmap resumed>)               = 0x100000200000
16661 mmap(NULL, 16384, PROT_READ|PROT_WRITE, MAP_PRIVATE|MAP_ANONYMOUS|MAP_NORESERVE, -1, 0 <unfinished ...>
16660 <... mmap resumed>)               = 0x100140000000
16672 <... mmap resumed>)               = 0x100040200000
16670 munmap(0x100040600000, 16384 <unfinished ...>
16667 <... mmap resumed>)               = 0x100180000000
16666 munmap(0x100000200000, 16384 <unfinished ...>
16665 <... mmap resumed>)               = 0x1000c0200000
16664 <... munmap resumed>)             = 0
16663 munmap(0x1000c0000000, 16384 <unfinished ...>
16662 munmap(0x100000000000, 16384 <unfinished ...>
16671 mmap(NULL, 16384, PROT_READ|PROT_WRITE, MAP_PRIVATE|MAP_ANONYMOUS|MAP_NORESERVE, -1, 0 <unfinished ...>
16660 munmap(0x100140000000, 16384 <unfinished ...>
16658 <... mmap resumed>)               = 0x100140200000
16657 mmap(NULL, 16384, PROT_READ|PROT_WRITE, MAP_PRIVATE|MAP_ANONYMOUS|MAP_NORESERVE, -1, 0 <unfinished ...>
16672 munmap(0x100040200000, 16384 <unfinished ...>
16670 <... munmap resumed>)             = 0
16669 <... mmap resumed>)               = 0x100080000000
16668 <... mmap resumed>)               = 0x100100200000
16667 munmap(0x100180000000, 16384 <unfinished ...>
16666 <... munmap resumed>)             = 0
16665 munmap(0x1000c0200000, 16384 <unfinished ...>
16664 mmap(NULL, 16384, PROT_READ|PROT_WRITE, MAP_PRIVATE|MAP_ANONYMOUS|MAP_NORESERVE, -1, 0 <unfinished ...>
16663 <... munmap resumed>)             = 0
16662 <... munmap resumed>)             = 0
16661 <... mmap resumed>)               = 0x100100000000
16659 <... munmap resumed>)             = 0
16672 <... munmap resumed>)             = 0
16671 <... mmap resumed>)               = 0x100140000000
16670 mmap(NULL, 16384, PROT_READ|PROT_WRITE, MAP_PRIVATE|MAP_ANONYMOUS|MAP_NORESERVE, -1, 0 <unfinished ...>
16669 munmap(0x100080000000, 16384 <unfinished ...>
16668 munmap(0x100100200000, 16384 <unfinished ...>
16667 <... munmap resumed>)             = 0
16666 mmap(NULL, 16384, PROT_READ|PROT_WRITE, MAP_PRIVATE|MAP_ANONYMOUS|MAP_NORESERVE, -1, 0 <unfinished ...>
16662 mmap(NULL, 16384, PROT_READ|PROT_WRITE, MAP_PRIVATE|MAP_ANONYMOUS|MAP_NORESERVE, -1, 0 <unfinished ...>
16661 munmap(0x100100000000, 16384 <unfinished ...>
16660 <... munmap resumed>)             = 0
16658 munmap(0x100140200000, 16384 <unfinished ...>
16659 mmap(NULL, 16384, PROT_READ|PROT_WRITE, MAP_PRIVATE|MAP_ANONYMOUS|MAP_NORESERVE, -1, 0 <unfinished ...>
16657 <... mmap resumed>)               = 0x100040200000
16672 mmap(NULL, 16384, PROT_READ|PROT_WRITE, MAP_PRIVATE|MAP_ANONYMOUS|MAP_NORESERVE, -1, 0 <unfinished ...>
16665 <... munmap resumed>)             = 0
16664 <... mmap resumed>)               = 0x1000c0200000
16661 <... munmap resumed>)             = 0
16658 <... munmap resumed>)             = 0
16672 <... mmap resumed>)               = 0x100140200000
16661 mmap(NULL, 16384, PROT_READ|PROT_WRITE, MAP_PRIVATE|MAP_ANONYMOUS|MAP_NORESERVE, -1, 0 <unfinished ...>
16658 mmap(NULL, 16384, PROT_READ|PROT_WRITE, MAP_PRIVATE|MAP_ANONYMOUS|MAP_NORESERVE, -1, 0 <unfinished ...>
16672 munmap(0x100140200000, 16384 <unfinished ...>
16661 <... mmap resumed>)               = 0x100100000000
16658 <... mmap resumed>)               = 0x100180000000
16672 <... munmap resumed>)             = 0
16661 munmap(0x100100000000, 16384 <unfinished ...>
16658 munmap(0x100180000000, 16384 <unfinished ...>
16672 mmap(NULL, 16384, PROT_READ|PROT_WRITE, MAP_PRIVATE|MAP_ANONYMOUS|MAP_NORESERVE, -1, 0) = 0x100180000000
16671 munmap(0x100140000000, 16384 <unfinished ...>
16670 <... mmap resumed>)               = 0x100100000000
16669 <... munmap resumed>)             = 0
16668 <... munmap resumed>)             = 0
16667 mmap(NULL, 16384, PROT_READ|PROT_WRITE, MAP_PRIVATE|MAP_ANONYMOUS|MAP_NORESERVE, -1, 0 <unfinished ...>
16666 <... mmap resumed>)               = 0x100100200000
16665 mmap(NULL, 16384, PROT_READ|PROT_WRITE, MAP_PRIVATE|MAP_ANONYMOUS|MAP_NORESERVE, -1, 0 <unfinished ...>
16664 munmap(0x1000c0200000, 16384 <unfinished ...>
16663 mmap(NULL, 16384, PROT_READ|PROT_WRITE, MAP_PRIVATE|MAP_ANONYMOUS|MAP_NORESERVE, -1, 0 <unfinished ...>
16662 <... mmap resumed>)               = 0x100080000000
16661 <... munmap resumed>)             = 0
16660 mmap(NULL, 16384, PROT_READ|PROT_WRITE, MAP_PRIVATE|MAP_ANONYMOUS|MAP_NORESERVE, -1, 0 <unfinished ...>
16659 <... mmap resumed>)               = 0x100140200000
16658 <... munmap resumed>)             = 0
16657 munmap(0x100040200000, 16384 <unfinished ...>
16672 munmap(0x100180000000, 16384 <unfinished ...>
16671 <... munmap resumed>)             = 0
16670 munmap(0x100100000000, 16384 <unfinished ...>
16669 mmap(NULL, 16384, PROT_READ|PROT_WRITE, MAP_PRIVATE|MAP_ANONYMOUS|MAP_NORESERVE, -1, 0 <unfinished ...>
16668 mmap(NULL, 16384, PROT_READ|PROT_WRITE, MAP_PRIVATE|MAP_ANONYMOUS|MAP_NORESERVE, -1, 0 <unfinished ...>
16667 <... mmap resumed>)               = 0x100140000000
16666 munmap(0x100100200000, 16384 <unfinished ...>
16665 <... mmap resumed>)               = 0x1000c0000000
16664 <... munmap resumed>)             = 0
16663 <... mmap resumed>)               = 0x100000000000
16662 munmap(0x100080000000, 16384 <unfinished ...>
16661 mmap(NULL, 16384, PROT_READ|PROT_WRITE, MAP_PRIVATE|MAP_ANONYMOUS|MAP_NORESERVE, -1, 0 <unfinished ...>
16660 <... mmap resumed>)               = 0x1000c0200000
16659 munmap(0x100140200000, 16384 <unfinished ...>
16672 <... munmap resumed>)             = 0
16671 mmap(NULL, 16384, PROT_READ|PROT_WRITE, MAP_PRIVATE|MAP_ANONYMOUS|MAP_NORESERVE, -1, 0 <unfinished ...>
16670 <... munmap resumed>)             = 0
16669 <... mmap resumed>)               = 0x100100000000
16668 <... mmap resumed>)               = 0x100180000000
16667 munmap(0x100140000000, 16384 <unfinished ...>
16666 <... munmap resumed>)             = 0
16665 munmap(0x1000c0000000, 16384 <unfinished ...>
16664 mmap(NULL, 16384, PROT_READ|PROT_WRITE, MAP_PRIVATE|MAP_ANONYMOUS|MAP_NORESERVE, -1, 0 <unfinished ...>
16663 munmap(0x100000000000, 16384 <unfinished ...>
16658 mmap(NULL, 16384, PROT_READ|PROT_WRITE, MAP_PRIVATE|MAP_ANONYMOUS|MAP_NORESERVE, -1, 0 <unfinished ...>
16662 <... munmap resumed>)             = 0
16657 <... munmap resumed>)             = 0
16672 mmap(NULL, 16384, PROT_READ|PROT_WRITE, MAP_PRIVATE|MAP_ANONYMOUS|MAP_NORESERVE, -1, 0 <unfinished ...>
16659 <... munmap resumed>)             = 0
16665 <... munmap resumed>)             = 0
16670 mmap(NULL, 16384, PROT_READ|PROT_WRITE, MAP_PRIVATE|MAP_ANONYMOUS|MAP_NORESERVE, -1, 0 <unfinished ...>
16666 mmap(NULL, 16384, PROT_READ|PROT_WRITE, MAP_PRIVATE|MAP_ANONYMOUS|MAP_NORESERVE, -1, 0 <unfinished ...>
16665 mmap(NULL, 16384, PROT_READ|PROT_WRITE, MAP_PRIVATE|MAP_ANONYMOUS|MAP_NORESERVE, -1, 0 <unfinished ...>
16661 <... mmap resumed>)               = 0x1000c0000000
16659 mmap(NULL, 16384, PROT_READ|PROT_WRITE, MAP_PRIVATE|MAP_ANONYMOUS|MAP_NORESERVE, -1, 0 <unfinished ...>
16657 mmap(NULL, 16384, PROT_READ|PROT_WRITE, MAP_PRIVATE|MAP_ANONYMOUS|MAP_NORESERVE, -1, 0 <unfinished ...>
16671 <... mmap resumed>)               = 0x100100200000
16670 <... mmap resumed>)               = 0x100080000000
16668 munmap(0x100180000000, 16384 <unfinished ...>
16664 <... mmap resumed>)               = 0x100140200000
16663 <... munmap resumed>)             = 0
16660 munmap(0x1000c0200000, 16384 <unfinished ...>
16666 <... mmap resumed>)               = 0x100000000000
16665 <... mmap resumed>)               = 0x100040200000
16664 munmap(0x100140200000, 16384 <unfinished ...>
16672 <... mmap resumed>)               = 0x100180000000
16671 munmap(0x100100200000, 16384 <unfinished ...>
16670 munmap(0x100080000000, 16384 <unfinished ...>
16669 munmap(0x100100000000, 16384 <unfinished ...>
16668 <... munmap resumed>)             = 0
16667 <... munmap resumed>)             = 0
16666 munmap(0x100000000000, 16384 <unfinished ...>
16665 munmap(0x100040200000, 16384 <unfinished ...>
16663 mmap(NULL, 16384, PROT_READ|PROT_WRITE, MAP_PRIVATE|MAP_ANONYMOUS|MAP_NORESERVE, -1, 0 <unfinished ...>
16662 mmap(NULL, 16384, PROT_READ|PROT_WRITE, MAP_PRIVATE|MAP_ANONYMOUS|MAP_NORESERVE, -1, 0 <unfinished ...>
16661 munmap(0x1000c0000000, 16384 <unfinished ...>
16660 <... munmap resumed>)             = 0
16659 <... mmap resumed>)               = 0x1000c0200000
16658 <... mmap resumed>)               = 0x100140000000
16657 <... mmap resumed>)               = 0x100000200000
16672 munmap(0x100180000000, 16384 <unfinished ...>
16671 <... munmap resumed>)             = 0
16670 <... munmap resumed>)             = 0
16669 <... munmap resumed>)             = 0
16668 mmap(NULL, 16384, PROT_READ|PROT_WRITE, MAP_PRIVATE|MAP_ANONYMOUS|MAP_NORESERVE, -1, 0 <unfinished ...>
16667 mmap(NULL, 16384, PROT_READ|PROT_WRITE, MAP_PRIVATE|MAP_ANONYMOUS|MAP_NORESERVE, -1, 0 <unfinished ...>
16666 <... munmap resumed>)             = 0
16665 <... munmap resumed>)             = 0
16664 <... munmap resumed>)             = 0
16663 <... mmap resumed>)               = 0x100100000000
16662 <... mmap resumed>)               = 0x100100200000
16661 <... munmap resumed>)             = 0
16660 mmap(NULL, 16384, PROT_READ|PROT_WRITE, MAP_PRIVATE|MAP_ANONYMOUS|MAP_NORESERVE, -1, 0 <unfinished ...>
16659 munmap(0x1000c0200000, 16384 <unfinished ...>
16658 munmap(0x100140000000, 16384 <unfinished ...>
16672 <... munmap resumed>)             = 0
16671 mmap(NULL, 16384, PROT_READ|PROT_WRITE, MAP_PRIVATE|MAP_ANONYMOUS|MAP_NORESERVE, -1, 0 <unfinished ...>
16670 mmap(NULL, 16384, PROT_READ|PROT_WRITE, MAP_PRIVATE|MAP_ANONYMOUS|MAP_NORESERVE, -1, 0 <unfinished ...>
16669 mmap(NULL, 16384, PROT_READ|PROT_WRITE, MAP_PRIVATE|MAP_ANONYMOUS|MAP_NORESERVE, -1, 0 <unfinished ...>
16668 <... mmap resumed>)               = 0x100180000000
16667 <... mmap resumed>)               = 0x100000000000
16666 mmap(NULL, 16384, PROT_READ|PROT_WRITE, MAP_PRIVATE|MAP_ANONYMOUS|MAP_NORESERVE, -1, 0 <unfinished ...>
16665 mmap(NULL, 16384, PROT_READ|PROT_WRITE, MAP_PRIVATE|MAP_ANONYMOUS|MAP_NORESERVE, -1, 0 <unfinished ...>
16664 mmap(NULL, 16384, PROT_READ|PROT_WRITE, MAP_PRIVATE|MAP_ANONYMOUS|MAP_NORESERVE, -1, 0 <unfinished ...>
16663 munmap(0x100100000000, 16384 <unfinished ...>
16662 munmap(0x100100200000, 16384 <unfinished ...>
16661 mmap(NULL, 16384, PROT_READ|PROT_WRITE, MAP_PRIVATE|MAP_ANONYMOUS|MAP_NORESERVE, -1, 0 <unfinished ...>
16657 munmap(0x100000200000, 16384 <unfinished ...>
16672 mmap(NULL, 16384, PROT_READ|PROT_WRITE, MAP_PRIVATE|MAP_ANONYMOUS|MAP_NORESERVE, -1, 0 <unfinished ...>
16671 <... mmap resumed>)               = 0x100100000000
16670 <... mmap resumed>)               = 0x1000c0000000
16669 <... mmap resumed>)               = 0x100140000000
16668 munmap(0x100180000000, 16384 <unfinished ...>
16667 munmap(0x100000000000, 16384 <unfinished ...>
16666 <... mmap resumed>)               = 0x100140200000
16665 <... mmap resumed>)               = 0x1000c0200000
16664 <... mmap resumed>)               = 0x100040200000
16663 <... munmap resumed>)             = 0
16662 <... munmap resumed>)             = 0
16661 <... mmap resumed>)               = 0x100100200000
16660 <... mmap resumed>)               = 0x100080000000
16659 <... munmap resumed>)             = 0
16658 <... munmap resumed>)             = 0
16672 <... mmap resumed>)               = 0x100040600000
16671 munmap(0x100100000000, 16384 <unfinished ...>
16669 munmap(0x100140000000, 16384 <unfinished ...>
16668 <... munmap resumed>)             = 0
16664 munmap(0x100040200000, 16384 <unfinished ...>
16663 mmap(NULL, 16384, PROT_READ|PROT_WRITE, MAP_PRIVATE|MAP_ANONYMOUS|MAP_NORESERVE, -1, 0 <unfinished ...>
16662 mmap(NULL, 16384, PROT_READ|PROT_WRITE, MAP_PRIVATE|MAP_ANONYMOUS|MAP_NORESERVE, -1, 0 <unfinished ...>
16660 munmap(0x100080000000, 16384 <unfinished ...>
16657 <... munmap resumed>)             = 0
16672 munmap(0x100040600000, 16384 <unfinished ...>
16671 <... munmap resumed>)             = 0
16670 munmap(0x1000c0000000, 16384 <unfinished ...>
16669 <... munmap resumed>)             = 0
16668 mmap(NULL, 16384, PROT_READ|PROT_WRITE, MAP_PRIVATE|MAP_ANONYMOUS|MAP_NORESERVE, -1, 0 <unfinished ...>
16667 <... munmap resumed>)             = 0
16666 munmap(0x100140200000, 16384 <unfinished ...>
16665 munmap(0x1000c0200000, 16384 <unfinished ...>
16664 <... munmap resumed>)             = 0
16662 <... mmap resumed>)               = 0x100140000000
16661 munmap(0x100100200000, 16384 <unfinished ...>
16659 mmap(NULL, 16384, PROT_READ|PROT_WRITE, MAP_PRIVATE|MAP_ANONYMOUS|MAP_NORESERVE, -1, 0 <unfinished ...>
16658 mmap(NULL, 16384, PROT_READ|PROT_WRITE, MAP_PRIVATE|MAP_ANONYMOUS|MAP_NORESERVE, -1, 0 <unfinished ...>
16671 mmap(NULL, 16384, PROT_READ|PROT_WRITE, MAP_PRIVATE|MAP_ANONYMOUS|MAP_NORESERVE, -1, 0 <unfinished ...>
16672 <... munmap resumed>)             = 0
16670 <... munmap resumed>)             = 0
16669 mmap(NULL, 16384, PROT_READ|PROT_WRITE, MAP_PRIVATE|MAP_ANONYMOUS|MAP_NORESERVE, -1, 0 <unfinished ...>
16668 <... mmap resumed>)               = 0x100000000000
16667 mmap(NULL, 16384, PROT_READ|PROT_WRITE, MAP_PRIVATE|MAP_ANONYMOUS|MAP_NORESERVE, -1, 0 <unfinished ...>
16666 <... munmap resumed>)             = 0
16665 <... munmap resumed>)             = 0
16664 mmap(NULL, 16384, PROT_READ|PROT_WRITE, MAP_PRIVATE|MAP_ANONYMOUS|MAP_NORESERVE, -1, 0 <unfinished ...>
16663 <... mmap resumed>)               = 0x100040200000
16662 munmap(0x100140000000, 16384 <unfinished ...>
16661 <... munmap resumed>)             = 0
16660 <... munmap resumed>)             = 0
16659 <... mmap resumed>)               = 0x100080000000
16658 <... mmap resumed>)               = 0x100040600000
16657 mmap(NULL, 16384, PROT_READ|PROT_WRITE, MAP_PRIVATE|MAP_ANONYMOUS|MAP_NORESERVE, -1, 0 <unfinished ...>
16672 mmap(NULL, 16384, PROT_READ|PROT_WRITE, MAP_PRIVATE|MAP_ANONYMOUS|MAP_NORESERVE, -1, 0 <unfinished ...>
16671 <... mmap resumed>)               = 0x100100200000
16670 mmap(NULL, 16384, PROT_READ|PROT_WRITE, MAP_PRIVATE|MAP_ANONYMOUS|MAP_NORESERVE, -1, 0 <unfinished ...>
16669 <... mmap resumed>)               = 0x100140200000
16666 mmap(NULL, 16384, PROT_READ|PROT_WRITE, MAP_PRIVATE|MAP_ANONYMOUS|MAP_NORESERVE, -1, 0 <unfinished ...>
16662 <... munmap resumed>)             = 0
16659 munmap(0x100080000000, 16384 <unfinished ...>
16672 <... mmap resumed>)               = 0x1000c0000000
16665 mmap(NULL, 16384, PROT_READ|PROT_WRITE, MAP_PRIVATE|MAP_ANONYMOUS|MAP_NORESERVE, -1, 0 <unfinished ...>
16663 munmap(0x100040200000, 16384 <unfinished ...>
16660 mmap(NULL, 16384, PROT_READ|PROT_WRITE, MAP_PRIVATE|MAP_ANONYMOUS|MAP_NORESERVE, -1, 0 <unfinished ...>
16666 <... mmap resumed>)               = 0x1000c0200000
16658 munmap(0x100040600000, 16384 <unfinished ...>
16657 <... mmap resumed>)               = 0x100140000000
16670 <... mmap resumed>)               = 0x100100000000
16667 <... mmap resumed>)               = 0x100180000000
16672 munmap(0x1000c0000000, 16384 <unfinished ...>
16668 munmap(0x100000000000, 16384 <unfinished ...>
16665 <... mmap resumed>)               = 0x100000200000
16661 mmap(NULL, 16384, PROT_READ|PROT_WRITE, MAP_PRIVATE|MAP_ANONYMOUS|MAP_NORESERVE, -1, 0 <unfinished ...>
16671 munmap(0x100100200000, 16384 <unfinished ...>
16668 <... munmap resumed>)             = 0
16664 <... mmap resumed>)               = 0x100040000000
16671 <... munmap resumed>)             = 0
16668 mmap(NULL, 16384, PROT_READ|PROT_WRITE, MAP_PRIVATE|MAP_ANONYMOUS|MAP_NORESERVE, -1, 0 <unfinished ...>
16672 <... munmap resumed>)             = 0
16670 munmap(0x100100000000, 16384 <unfinished ...>
16669 munmap(0x100140200000, 16384 <unfinished ...>
16667 munmap(0x100180000000, 16384 <unfinished ...>
16666 munmap(0x1000c0200000, 16384 <unfinished ...>
16665 munmap(0x100000200000, 16384 <unfinished ...>
16664 munmap(0x100040000000, 16384 <unfinished ...>
16663 <... munmap resumed>)             = 0
16662 mmap(NULL, 16384, PROT_READ|PROT_WRITE, MAP_PRIVATE|MAP_ANONYMOUS|MAP_NORESERVE, -1, 0 <unfinished ...>
16661 <... mmap resumed>)               = 0x100040600000
16660 <... mmap resumed>)               = 0x100040200000
16659 <... munmap resumed>)             = 0
16658 <... munmap resumed>)             = 0
16657 munmap(0x100140000000, 16384 <unfinished ...>
16672 mmap(NULL, 16384, PROT_READ|PROT_WRITE, MAP_PRIVATE|MAP_ANONYMOUS|MAP_NORESERVE, -1, 0 <unfinished ...>
16671 mmap(NULL, 16384, PROT_READ|PROT_WRITE, MAP_PRIVATE|MAP_ANONYMOUS|MAP_NORESERVE, -1, 0 <unfinished ...>
16670 <... munmap resumed>)             = 0
16669 <... munmap resumed>)             = 0
16668 <... mmap resumed>)               = 0x100080000000
16667 <... munmap resumed>)             = 0
16666 <... munmap resumed>)             = 0
16665 <... munmap resumed>)             = 0
16664 <... munmap resumed>)             = 0
16663 mmap(NULL, 16384, PROT_READ|PROT_WRITE, MAP_PRIVATE|MAP_ANONYMOUS|MAP_NORESERVE, -1, 0 <unfinished ...>
16662 <... mmap resumed>)               = 0x100040000000
16661 munmap(0x100040600000, 16384 <unfinished ...>
16660 munmap(0x100040200000, 16384 <unfinished ...>
16659 mmap(NULL, 16384, PROT_READ|PROT_WRITE, MAP_PRIVATE|MAP_ANONYMOUS|MAP_NORESERVE, -1, 0 <unfinished ...>
16672 <... mmap resumed>)               = 0x1000c0200000
16671 <... mmap resumed>)               = 0x100000200000
16670 mmap(NULL, 16384, PROT_READ|PROT_WRITE, MAP_PRIVATE|MAP_ANONYMOUS|MAP_NORESERVE, -1, 0 <unfinished ...>
16669 mmap(NULL, 16384, PROT_READ|PROT_WRITE, MAP_PRIVATE|MAP_ANONYMOUS|MAP_NORESERVE, -1, 0 <unfinished ...>
16668 munmap(0x100080000000, 16384 <unfinished ...>
16667 mmap(NULL, 16384, PROT_READ|PROT_WRITE, MAP_PRIVATE|MAP_ANONYMOUS|MAP_NORESERVE, -1, 0 <unfinished ...>
16666 mmap(NULL, 16384, PROT_READ|PROT_WRITE, MAP_PRIVATE|MAP_ANONYMOUS|MAP_NORESERVE, -1, 0 <unfinished ...>
16665 mmap(NULL, 16384, PROT_READ|PROT_WRITE, MAP_PRIVATE|MAP_ANONYMOUS|MAP_NORESERVE, -1, 0 <unfinished ...>
16664 mmap(NULL, 16384, PROT_READ|PROT_WRITE, MAP_PRIVATE|MAP_ANONYMOUS|MAP_NORESERVE, -1, 0 <unfinished ...>
16663 <... mmap resumed>)               = 0x100140000000
16658 mmap(NULL, 16384, PROT_READ|PROT_WRITE, MAP_PRIVATE|MAP_ANONYMOUS|MAP_NORESERVE, -1, 0 <unfinished ...>
16657 <... munmap resumed>)             = 0
16672 munmap(0x1000c0200000, 16384 <unfinished ...>
16670 <... mmap resumed>)               = 0x100040200000
16669 <... mmap resumed>)               = 0x100040600000
16664 <... mmap resumed>)               = 0x100100000000
16662 munmap(0x100040000000, 16384 <unfinished ...>
16661 <... munmap resumed>)             = 0
16671 munmap(0x100000200000, 16384 <unfinished ...>
16660 <... munmap resumed>)             = 0
16659 <... mmap resumed>)               = 0x100180000000
16657 mmap(NULL, 16384, PROT_READ|PROT_WRITE, MAP_PRIVATE|MAP_ANONYMOUS|MAP_NORESERVE, -1, 0 <unfinished ...>
16672 <... munmap resumed>)             = 0
16669 munmap(0x100040600000, 16384 <unfinished ...>
16668 <... munmap resumed>)             = 0
16667 <... mmap resumed>)               = 0x1000c0200000
16666 <... mmap resumed>)               = 0x100040000000
16664 munmap(0x100100000000, 16384 <unfinished ...>
16665 <... mmap resumed>)               = 0x100140200000
16663 munmap(0x100140000000, 16384 <unfinished ...>
16662 <... munmap resumed>)             = 0
16660 mmap(NULL, 16384, PROT_READ|PROT_WRITE, MAP_PRIVATE|MAP_ANONYMOUS|MAP_NORESERVE, -1, 0 <unfinished ...>
16658 <... mmap resumed>)               = 0x100080000000
16672 mmap(NULL, 16384, PROT_READ|PROT_WRITE, MAP_PRIVATE|MAP_ANONYMOUS|MAP_NORESERVE, -1, 0 <unfinished ...>
16671 <... munmap resumed>)             = 0
16670 munmap(0x100040200000, 16384 <unfinished ...>
16669 <... munmap resumed>)             = 0
16668 mmap(NULL, 16384, PROT_READ|PROT_WRITE, MAP_PRIVATE|MAP_ANONYMOUS|MAP_NORESERVE, -1, 0 <unfinished ...>
16667 munmap(0x1000c0200000, 16384 <unfinished ...>
16666 munmap(0x100040000000, 16384 <unfinished ...>
16665 munmap(0x100140200000, 16384 <unfinished ...>
16664 <... munmap resumed>)             = 0
16663 <... munmap resumed>)             = 0
16662 mmap(NULL, 16384, PROT_READ|PROT_WRITE, MAP_PRIVATE|MAP_ANONYMOUS|MAP_NORESERVE, -1, 0 <unfinished ...>
16661 mmap(NULL, 16384, PROT_READ|PROT_WRITE, MAP_PRIVATE|MAP_ANONYMOUS|MAP_NORESERVE, -1, 0 <unfinished ...>
16660 <... mmap resumed>)               = 0x100140000000
16659 munmap(0x100180000000, 16384 <unfinished ...>
16657 <... mmap resumed>)               = 0x1000c0000000
16672 <... mmap resumed>)               = 0x100100000000
16671 mmap(NULL, 16384, PROT_READ|PROT_WRITE, MAP_PRIVATE|MAP_ANONYMOUS|MAP_NORESERVE, -1, 0 <unfinished ...>
16670 <... munmap resumed>)             = 0
16669 mmap(NULL, 16384, PROT_READ|PROT_WRITE, MAP_PRIVATE|MAP_ANONYMOUS|MAP_NORESERVE, -1, 0 <unfinished ...>
16668 <... mmap resumed>)               = 0x1000c0200000
16667 <... munmap resumed>)             = 0
16666 <... munmap resumed>)             = 0
16665 <... munmap resumed>)             = 0
16664 mmap(NULL, 16384, PROT_READ|PROT_WRITE, MAP_PRIVATE|MAP_ANONYMOUS|MAP_NORESERVE, -1, 0 <unfinished ...>
16659 <... munmap resumed>)             = 0
16658 munmap(0x100080000000, 16384 <unfinished ...>
16667 mmap(NULL, 16384, PROT_READ|PROT_WRITE, MAP_PRIVATE|MAP_ANONYMOUS|MAP_NORESERVE, -1, 0 <unfinished ...>
16664 <... mmap resumed>)               = 0x100040000000
16662 <... mmap resumed>)               = 0x100180000000
16661 <... mmap resumed>)               = 0x100140200000
16672 munmap(0x100100000000, 16384 <unfinished ...>
16671 <... mmap resumed>)               = 0x100000200000
16670 mmap(NULL, 16384, PROT_READ|PROT_WRITE, MAP_PRIVATE|MAP_ANONYMOUS|MAP_NORESERVE, -1, 0 <unfinished ...>
16669 <... mmap resumed>)               = 0x100040200000
16668 munmap(0x1000c0200000, 16384 <unfinished ...>
16667 <... mmap resumed>)               = 0x100080000000
16666 mmap(NULL, 16384, PROT_READ|PROT_WRITE, MAP_PRIVATE|MAP_ANONYMOUS|MAP_NORESERVE, -1, 0 <unfinished ...>
16665 mmap(NULL, 16384, PROT_READ|PROT_WRITE, MAP_PRIVATE|MAP_ANONYMOUS|MAP_NORESERVE, -1, 0 <unfinished ...>
16664 munmap(0x100040000000, 16384 <unfinished ...>
16663 mmap(NULL, 16384, PROT_READ|PROT_WRITE, MAP_PRIVATE|MAP_ANONYMOUS|MAP_NORESERVE, -1, 0 <unfinished ...>
16662 munmap(0x100180000000, 16384 <unfinished ...>
16660 munmap(0x100140000000, 16384 <unfinished ...>
16659 mmap(NULL, 16384, PROT_READ|PROT_WRITE, MAP_PRIVATE|MAP_ANONYMOUS|MAP_NORESERVE, -1, 0 <unfinished ...>
16658 <... munmap resumed>)             = 0
16657 munmap(0x1000c0000000, 16384 <unfinished ...>
16672 <... munmap resumed>)             = 0
16671 munmap(0x100000200000, 16384 <unfinished ...>
16670 <... mmap resumed>)               = 0x100100000000
16669 munmap(0x100040200000, 16384 <unfinished ...>
16668 <... munmap resumed>)             = 0
16667 munmap(0x100080000000, 16384 <unfinished ...>
16666 <... mmap resumed>)               = 0x1000c0200000
16665 <... mmap resumed>)               = 0x100040000000
16664 <... munmap resumed>)             = 0
16662 <... munmap resumed>)             = 0
16661 munmap(0x100140200000, 16384 <unfinished ...>
16660 <... munmap resumed>)             = 0
16672 mmap(NULL, 16384, PROT_READ|PROT_WRITE, MAP_PRIVATE|MAP_ANONYMOUS|MAP_NORESERVE, -1, 0 <unfinished ...>
16671 <... munmap resumed>)             = 0
16670 munmap(0x100100000000, 16384 <unfinished ...>
16669 <... munmap resumed>)             = 0
16668 mmap(NULL, 16384, PROT_READ|PROT_WRITE, MAP_PRIVATE|MAP_ANONYMOUS|MAP_NORESERVE, -1, 0 <unfinished ...>
16667 <... munmap resumed>)             = 0
16665 munmap(0x100040000000, 16384 <unfinished ...>
16663 <... mmap resumed>)               = 0x100180000000
16659 <... mmap resumed>)               = 0x1000c0000000
16658 mmap(NULL, 16384, PROT_READ|PROT_WRITE, MAP_PRIVATE|MAP_ANONYMOUS|MAP_NORESERVE, -1, 0 <unfinished ...>
16657 <... munmap resumed>)             = 0
16672 <... mmap resumed>)               = 0x100080000000
16671 mmap(NULL, 16384, PROT_READ|PROT_WRITE, MAP_PRIVATE|MAP_ANONYMOUS|MAP_NORESERVE, -1, 0 <unfinished ...>
16670 <... munmap resumed>)             = 0
16669 mmap(NULL, 16384, PROT_READ|PROT_WRITE, MAP_PRIVATE|MAP_ANONYMOUS|MAP_NORESERVE, -1, 0 <unfinished ...>
16668 <... mmap resumed>)               = 0x100100000000
16667 mmap(NULL, 16384, PROT_READ|PROT_WRITE, MAP_PRIVATE|MAP_ANONYMOUS|MAP_NORESERVE, -1, 0 <unfinished ...>
16666 munmap(0x1000c0200000, 16384 <unfinished ...>
16665 <... munmap resumed>)             = 0
16664 mmap(NULL, 16384, PROT_READ|PROT_WRITE, MAP_PRIVATE|MAP_ANONYMOUS|MAP_NORESERVE, -1, 0 <unfinished ...>
16663 munmap(0x100180000000, 16384 <unfinished ...>
16662 mmap(NULL, 16384, PROT_READ|PROT_WRITE, MAP_PRIVATE|MAP_ANONYMOUS|MAP_NORESERVE, -1, 0 <unfinished ...>
16661 <... munmap resumed>)             = 0
16660 mmap(NULL, 16384, PROT_READ|PROT_WRITE, MAP_PRIVATE|MAP_ANONYMOUS|MAP_NORESERVE, -1, 0 <unfinished ...>
16659 munmap(0x1000c0000000, 16384 <unfinished ...>
16672 munmap(0x100080000000, 16384 <unfinished ...>
16671 <... mmap resumed>)               = 0x100140200000
16670 mmap(NULL, 16384, PROT_READ|PROT_WRITE, MAP_PRIVATE|MAP_ANONYMOUS|MAP_NORESERVE, -1, 0 <unfinished ...>
16669 <... mmap resumed>)               = 0x100040200000
16668 munmap(0x100100000000, 16384 <unfinished ...>
16667 <... mmap resumed>)               = 0x1000c0200000
16666 <... munmap resumed>)             = 0
16665 mmap(NULL, 16384, PROT_READ|PROT_WRITE, MAP_PRIVATE|MAP_ANONYMOUS|MAP_NORESERVE, -1, 0 <unfinished ...>
16664 <... mmap resumed>)               = 0x100000200000
16663 <... munmap resumed>)             = 0
16662 <... mmap resumed>)               = 0x100180000000
16661 mmap(NULL, 16384, PROT_READ|PROT_WRITE, MAP_PRIVATE|MAP_ANONYMOUS|MAP_NORESERVE, -1, 0 <unfinished ...>
16658 <... mmap resumed>)               = 0x100040000000
16657 mmap(NULL, 16384, PROT_READ|PROT_WRITE, MAP_PRIVATE|MAP_ANONYMOUS|MAP_NORESERVE, -1, 0 <unfinished ...>
16672 <... munmap resumed>)             = 0
16671 munmap(0x100140200000, 16384 <unfinished ...>
16670 <... mmap resumed>)               = 0x100080000000
16669 munmap(0x100040200000, 16384 <unfinished ...>
16668 <... munmap resumed>)             = 0
16667 munmap(0x1000c0200000, 16384 <unfinished ...>
16666 mmap(NULL, 16384, PROT_READ|PROT_WRITE, MAP_PRIVATE|MAP_ANONYMOUS|MAP_NORESERVE, -1, 0 <unfinished ...>
16665 <... mmap resumed>)               = 0x100100000000
16660 <... mmap resumed>)               = 0x100140000000
16659 <... munmap resumed>)             = 0
16672 mmap(NULL, 16384, PROT_READ|PROT_WRITE, MAP_PRIVATE|MAP_ANONYMOUS|MAP_NORESERVE, -1, 0 <unfinished ...>
16671 <... munmap resumed>)             = 0
16667 <... munmap resumed>)             = 0
16665 munmap(0x100100000000, 16384 <unfinished ...>
16672 <... mmap resumed>)               = 0x1000c0200000
16671 mmap(NULL, 16384, PROT_READ|PROT_WRITE, MAP_PRIVATE|MAP_ANONYMOUS|MAP_NORESERVE, -1, 0 <unfinished ...>
16667 mmap(NULL, 16384, PROT_READ|PROT_WRITE, MAP_PRIVATE|MAP_ANONYMOUS|MAP_NORESERVE, -1, 0 <unfinished ...>
16666 <... mmap resumed>)               = 0x100140200000
16664 munmap(0x100000200000, 16384 <unfinished ...>
16659 mmap(NULL, 16384, PROT_READ|PROT_WRITE, MAP_PRIVATE|MAP_ANONYMOUS|MAP_NORESERVE, -1, 0 <unfinished ...>
16671 <... mmap resumed>)               = 0x1000c0000000
16668 mmap(NULL, 16384, PROT_READ|PROT_WRITE, MAP_PRIVATE|MAP_ANONYMOUS|MAP_NORESERVE, -1, 0 <unfinished ...>
16667 <... mmap resumed>)               = 0x100040600000
16666 munmap(0x100140200000, 16384 <unfinished ...>
16665 <... munmap resumed>)             = 0
16664 <... munmap resumed>)             = 0
16661 <... mmap resumed>)               = 0x100100000000
16660 munmap(0x100140000000, 16384 <unfinished ...>
16658 munmap(0x100040000000, 16384 <unfinished ...>
16672 munmap(0x1000c0200000, 16384 <unfinished ...>
16671 munmap(0x1000c0000000, 16384 <unfinished ...>
16670 munmap(0x100080000000, 16384 <unfinished ...>
16669 <... munmap resumed>)             = 0
16668 <... mmap resumed>)               = 0x100100200000
16667 munmap(0x100040600000, 16384 <unfinished ...>
16666 <... munmap resumed>)             = 0
16665 mmap(NULL, 16384, PROT_READ|PROT_WRITE, MAP_PRIVATE|MAP_ANONYMOUS|MAP_NORESERVE, -1, 0 <unfinished ...>
16663 mmap(NULL, 16384, PROT_READ|PROT_WRITE, MAP_PRIVATE|MAP_ANONYMOUS|MAP_NORESERVE, -1, 0 <unfinished ...>
16662 munmap(0x100180000000, 16384 <unfinished ...>
16661 munmap(0x100100000000, 16384 <unfinished ...>
16659 <... mmap resumed>)               = 0x100000200000
16657 <... mmap resumed>)               = 0x100000000000
16672 <... munmap resumed>)             = 0
16671 <... munmap resumed>)             = 0
16668 munmap(0x100100200000, 16384 <unfinished ...>
16667 <... munmap resumed>)             = 0
16665 <... mmap resumed>)               = 0x100040600000
16664 mmap(NULL, 16384, PROT_READ|PROT_WRITE, MAP_PRIVATE|MAP_ANONYMOUS|MAP_NORESERVE, -1, 0 <unfinished ...>
16661 <... munmap resumed>)             = 0
16660 <... munmap resumed>)             = 0
16659 munmap(0x100000200000, 16384 <unfinished ...>
16658 <... munmap resumed>)             = 0
16672 mmap(NULL, 16384, PROT_READ|PROT_WRITE, MAP_PRIVATE|MAP_ANONYMOUS|MAP_NORESERVE, -1, 0 <unfinished ...>
16671 mmap(NULL, 16384, PROT_READ|PROT_WRITE, MAP_PRIVATE|MAP_ANONYMOUS|MAP_NORESERVE, -1, 0 <unfinished ...>
16670 <... munmap resumed>)             = 0
16669 mmap(NULL, 16384, PROT_READ|PROT_WRITE, MAP_PRIVATE|MAP_ANONYMOUS|MAP_NORESERVE, -1, 0 <unfinished ...>
16668 <... munmap resumed>)             = 0
16667 mmap(NULL, 16384, PROT_READ|PROT_WRITE, MAP_PRIVATE|MAP_ANONYMOUS|MAP_NORESERVE, -1, 0 <unfinished ...>
16666 mmap(NULL, 16384, PROT_READ|PROT_WRITE, MAP_PRIVATE|MAP_ANONYMOUS|MAP_NORESERVE, -1, 0 <unfinished ...>
16664 <... mmap resumed>)               = 0x100100200000
16663 <... mmap resumed>)               = 0x100080000000
16661 mmap(NULL, 16384, PROT_READ|PROT_WRITE, MAP_PRIVATE|MAP_ANONYMOUS|MAP_NORESERVE, -1, 0 <unfinished ...>
16660 mmap(NULL, 16384, PROT_READ|PROT_WRITE, MAP_PRIVATE|MAP_ANONYMOUS|MAP_NORESERVE, -1, 0 <unfinished ...>
16659 <... munmap resumed>)             = 0
16657 munmap(0x100000000000, 16384 <unfinished ...>
16665 munmap(0x100040600000, 16384 <unfinished ...>
16658 mmap(NULL, 16384, PROT_READ|PROT_WRITE, MAP_PRIVATE|MAP_ANONYMOUS|MAP_NORESERVE, -1, 0 <unfinished ...>
16672 <... mmap resumed>)               = 0x100180000000
16671 <... mmap resumed>)               = 0x100000200000
16670 mmap(NULL, 16384, PROT_READ|PROT_WRITE, MAP_PRIVATE|MAP_ANONYMOUS|MAP_NORESERVE, -1, 0 <unfinished ...>
16669 <... mmap resumed>)               = 0x100100000000
16668 mmap(NULL, 16384, PROT_READ|PROT_WRITE, MAP_PRIVATE|MAP_ANONYMOUS|MAP_NORESERVE, -1, 0 <unfinished ...>
16667 <... mmap resumed>)               = 0x100040000000
16666 <... mmap resumed>)               = 0x1000c0000000
16664 munmap(0x100100200000, 16384 <unfinished ...>
16663 munmap(0x100080000000, 16384 <unfinished ...>
16662 <... munmap resumed>)             = 0
16661 <... mmap resumed>)               = 0x1000c0200000
16660 <... mmap resumed>)               = 0x100140000000
16658 <... mmap resumed>)               = 0x100140200000
16672 munmap(0x100180000000, 16384 <unfinished ...>
16671 munmap(0x100000200000, 16384 <unfinished ...>
16670 <... mmap resumed>)               = 0x100040600000
16669 munmap(0x100100000000, 16384 <unfinished ...>
16668 <... mmap resumed>)               = 0x100000000000
16667 munmap(0x100040000000, 16384 <unfinished ...>
16666 munmap(0x1000c0000000, 16384 <unfinished ...>
16665 <... munmap resumed>)             = 0
16663 <... munmap resumed>)             = 0
16662 mmap(NULL, 16384, PROT_READ|PROT_WRITE, MAP_PRIVATE|MAP_ANONYMOUS|MAP_NORESERVE, -1, 0 <unfinished ...>
16659 mmap(NULL, 16384, PROT_READ|PROT_WRITE, MAP_PRIVATE|MAP_ANONYMOUS|MAP_NORESERVE, -1, 0 <unfinished ...>
16657 <... munmap resumed>)             = 0
16672 <... munmap resumed>)             = 0
16671 <... munmap resumed>)             = 0
16670 munmap(0x100040600000, 16384 <unfinished ...>
16669 <... munmap resumed>)             = 0
16668 munmap(0x100000000000, 16384 <unfinished ...>
16667 <... munmap resumed>)             = 0
16666 <... munmap resumed>)             = 0
16665 mmap(NULL, 16384, PROT_READ|PROT_WRITE, MAP_PRIVATE|MAP_ANONYMOUS|MAP_NORESERVE, -1, 0 <unfinished ...>
16664 <... munmap resumed>)             = 0
16663 mmap(NULL, 16384, PROT_READ|PROT_WRITE, MAP_PRIVATE|MAP_ANONYMOUS|MAP_NORESERVE, -1, 0 <unfinished ...>
16661 munmap(0x1000c0200000, 16384 <unfinished ...>
16660 munmap(0x100140000000, 16384 <unfinished ...>
16658 munmap(0x100140200000, 16384 <unfinished ...>
16657 mmap(NULL, 16384, PROT_READ|PROT_WRITE, MAP_PRIVATE|MAP_ANONYMOUS|MAP_NORESERVE, -1, 0 <unfinished ...>
16672 mmap(NULL, 16384, PROT_READ|PROT_WRITE, MAP_PRIVATE|MAP_ANONYMOUS|MAP_NORESERVE, -1, 0 <unfinished ...>
16671 mmap(NULL, 16384, PROT_READ|PROT_WRITE, MAP_PRIVATE|MAP_ANONYMOUS|MAP_NORESERVE, -1, 0 <unfinished ...>
16670 <... munmap resumed>)             = 0
16669 mmap(NULL, 16384, PROT_READ|PROT_WRITE, MAP_PRIVATE|MAP_ANONYMOUS|MAP_NORESERVE, -1, 0 <unfinished ...>
16668 <... munmap resumed>)             = 0
16667 mmap(NULL, 16384, PROT_READ|PROT_WRITE, MAP_PRIVATE|MAP_ANONYMOUS|MAP_NORESERVE, -1, 0 <unfinished ...>
16666 mmap(NULL, 16384, PROT_READ|PROT_WRITE, MAP_PRIVATE|MAP_ANONYMOUS|MAP_NORESERVE, -1, 0 <unfinished ...>
16665 <... mmap resumed>)               = 0x100000000000
16664 mmap(NULL, 16384, PROT_READ|PROT_WRITE, MAP_PRIVATE|MAP_ANONYMOUS|MAP_NORESERVE, -1, 0 <unfinished ...>
16663 <... mmap resumed>)               = 0x100040600000
16662 <... mmap resumed>)               = 0x1000c0000000
16661 <... munmap resumed>)             = 0
16660 <... munmap resumed>)             = 0
16659 <... mmap resumed>)               = 0x100040000000
16658 <... munmap resumed>)             = 0
16672 <... mmap resumed>)               = 0x100140000000
16671 <... mmap resumed>)               = 0x1000c0200000
16670 mmap(NULL, 16384, PROT_READ|PROT_WRITE, MAP_PRIVATE|MAP_ANONYMOUS|MAP_NORESERVE, -1, 0 <unfinished ...>
16669 <... mmap resumed>)               = 0x100100000000
16668 mmap(NULL, 16384, PROT_READ|PROT_WRITE, MAP_PRIVATE|MAP_ANONYMOUS|MAP_NORESERVE, -1, 0 <unfinished ...>
16666 <... mmap resumed>)               = 0x100000200000
16665 munmap(0x100000000000, 16384 <unfinished ...>
16663 munmap(0x100040600000, 16384 <unfinished ...>
16662 munmap(0x1000c0000000, 16384 <unfinished ...>
16660 mmap(NULL, 16384, PROT_READ|PROT_WRITE, MAP_PRIVATE|MAP_ANONYMOUS|MAP_NORESERVE, -1, 0 <unfinished ...>
16658 mmap(NULL, 16384, PROT_READ|PROT_WRITE, MAP_PRIVATE|MAP_ANONYMOUS|MAP_NORESERVE, -1, 0 <unfinished ...>
16657 <... mmap resumed>)               = 0x100140200000
16672 munmap(0x100140000000, 16384 <unfinished ...>
16671 munmap(0x1000c0200000, 16384 <unfinished ...>
16667 <... mmap resumed>)               = 0x100180000000
16666 munmap(0x100000200000, 16384 <unfinished ...>
16665 <... munmap resumed>)             = 0
16664 <... mmap resumed>)               = 0x100100200000
16662 <... munmap resumed>)             = 0
16661 mmap(NULL, 16384, PROT_READ|PROT_WRITE, MAP_PRIVATE|MAP_ANONYMOUS|MAP_NORESERVE, -1, 0 <unfinished ...>
16659 munmap(0x100040000000, 16384 <unfinished ...>
16658 <... mmap resumed>)               = 0x100000000000
16672 <... munmap resumed>)             = 0
16671 <... munmap resumed>)             = 0
16670 <... mmap resumed>)               = 0x100140000000
16669 munmap(0x100100000000, 16384 <unfinished ...>
16668 <... mmap resumed>)               = 0x1000c0000000
16667 munmap(0x100180000000, 16384 <unfinished ...>
16666 <... munmap resumed>)             = 0
16665 mmap(NULL, 16384, PROT_READ|PROT_WRITE, MAP_PRIVATE|MAP_ANONYMOUS|MAP_NORESERVE, -1, 0 <unfinished ...>
16662 mmap(NULL, 16384, PROT_READ|PROT_WRITE, MAP_PRIVATE|MAP_ANONYMOUS|MAP_NORESERVE, -1, 0 <unfinished ...>
16661 <... mmap resumed>)               = 0x100080000000
16660 <... mmap resumed>)               = 0x1000c0200000
16659 <... munmap resumed>)             = 0
16657 munmap(0x100140200000, 16384 <unfinished ...>
16672 mmap(NULL, 16384, PROT_READ|PROT_WRITE, MAP_PRIVATE|MAP_ANONYMOUS|MAP_NORESERVE, -1, 0 <unfinished ...>
16671 mmap(NULL, 16384, PROT_READ|PROT_WRITE, MAP_PRIVATE|MAP_ANONYMOUS|MAP_NORESERVE, -1, 0 <unfinished ...>
16670 munmap(0x100140000000, 16384 <unfinished ...>
16669 <... munmap resumed>)             = 0
16668 munmap(0x1000c0000000, 16384 <unfinished ...>
16667 <... munmap resumed>)             = 0
16666 mmap(NULL, 16384, PROT_READ|PROT_WRITE, MAP_PRIVATE|MAP_ANONYMOUS|MAP_NORESERVE, -1, 0 <unfinished ...>
16665 <... mmap resumed>)               = 0x100100000000
16664 munmap(0x100100200000, 16384 <unfinished ...>
16663 <... munmap resumed>)             = 0
16661 munmap(0x100080000000, 16384 <unfinished ...>
16659 mmap(NULL, 16384, PROT_READ|PROT_WRITE, MAP_PRIVATE|MAP_ANONYMOUS|MAP_NORESERVE, -1, 0 <unfinished ...>
16658 munmap(0x100000000000, 16384 <unfinished ...>
16672 <... mmap resumed>)               = 0x100040600000
16671 <... mmap resumed>)               = 0x100040000000
16670 <... munmap resumed>)             = 0
16669 mmap(NULL, 16384, PROT_READ|PROT_WRITE, MAP_PRIVATE|MAP_ANONYMOUS|MAP_NORESERVE, -1, 0 <unfinished ...>
16668 <... munmap resumed>)             = 0
16667 mmap(NULL, 16384, PROT_READ|PROT_WRITE, MAP_PRIVATE|MAP_ANONYMOUS|MAP_NORESERVE, -1, 0 <unfinished ...>
16666 <... mmap resumed>)               = 0x100140200000
16664 <... munmap resumed>)             = 0
16662 <... mmap resumed>)               = 0x100180000000
16665 munmap(0x100100000000, 16384 <unfinished ...>
16661 <... munmap resumed>)             = 0
16660 munmap(0x1000c0200000, 16384 <unfinished ...>
16659 <... mmap resumed>)               = 0x100080000000
16657 <... munmap resumed>)             = 0
16672 munmap(0x100040600000, 16384 <unfinished ...>
16671 munmap(0x100040000000, 16384 <unfinished ...>
16670 mmap(NULL, 16384, PROT_READ|PROT_WRITE, MAP_PRIVATE|MAP_ANONYMOUS|MAP_NORESERVE, -1, 0 <unfinished ...>
16669 <... mmap resumed>)               = 0x100100200000
16668 mmap(NULL, 16384, PROT_READ|PROT_WRITE, MAP_PRIVATE|MAP_ANONYMOUS|MAP_NORESERVE, -1, 0 <unfinished ...>
16667 <... mmap resumed>)               = 0x100000000000
16666 munmap(0x100140200000, 16384 <unfinished ...>
16664 mmap(NULL, 16384, PROT_READ|PROT_WRITE, MAP_PRIVATE|MAP_ANONYMOUS|MAP_NORESERVE, -1, 0 <unfinished ...>
16663 mmap(NULL, 16384, PROT_READ|PROT_WRITE, MAP_PRIVATE|MAP_ANONYMOUS|MAP_NORESERVE, -1, 0 <unfinished ...>
16662 munmap(0x100180000000, 16384 <unfinished ...>
16661 mmap(NULL, 16384, PROT_READ|PROT_WRITE, MAP_PRIVATE|MAP_ANONYMOUS|MAP_NORESERVE, -1, 0 <unfinished ...>
16660 <... munmap resumed>)             = 0
16659 munmap(0x100080000000, 16384 <unfinished ...>
16658 <... munmap resumed>)             = 0
16672 <... munmap resumed>)             = 0
16671 <... munmap resumed>)             = 0
16670 <... mmap resumed>)               = 0x100140200000
16667 munmap(0x100000000000, 16384 <unfinished ...>
16666 <... munmap resumed>)             = 0
16665 <... munmap resumed>)             = 0
16664 <... mmap resumed>)               = 0x100040000000
16663 <... mmap resumed>)               = 0x100040600000
16661 <... mmap resumed>)               = 0x1000c0200000
16660 mmap(NULL, 16384, PROT_READ|PROT_WRITE, MAP_PRIVATE|MAP_ANONYMOUS|MAP_NORESERVE, -1, 0 <unfinished ...>
16659 <... munmap resumed>)             = 0
16672 mmap(NULL, 16384, PROT_READ|PROT_WRITE, MAP_PRIVATE|MAP_ANONYMOUS|MAP_NORESERVE, -1, 0 <unfinished ...>
16671 mmap(NULL, 16384, PROT_READ|PROT_WRITE, MAP_PRIVATE|MAP_ANONYMOUS|MAP_NORESERVE, -1, 0 <unfinished ...>
16669 munmap(0x100100200000, 16384 <unfinished ...>
16668 <... mmap resumed>)               = 0x100000000000
16667 <... munmap resumed>)             = 0
16666 mmap(NULL, 16384, PROT_READ|PROT_WRITE, MAP_PRIVATE|MAP_ANONYMOUS|MAP_NORESERVE, -1, 0 <unfinished ...>
16665 mmap(NULL, 16384, PROT_READ|PROT_WRITE, MAP_PRIVATE|MAP_ANONYMOUS|MAP_NORESERVE, -1, 0 <unfinished ...>
16664 munmap(0x100040000000, 16384 <unfinished ...>
16662 <... munmap resumed>)             = 0
16661 munmap(0x1000c0200000, 16384 <unfinished ...>
16657 mmap(NULL, 16384, PROT_READ|PROT_WRITE, MAP_PRIVATE|MAP_ANONYMOUS|MAP_NORESERVE, -1, 0 <unfinished ...>
16660 <... mmap resumed>)               = 0x100180000000
16672 <... mmap resumed>)               = 0x100080000000
16671 <... mmap resumed>)               = 0x100100000000
16670 munmap(0x100140200000, 16384 <unfinished ...>
16669 <... munmap resumed>)             = 0
16668 munmap(0x100000000000, 16384 <unfinished ...>
16667 mmap(NULL, 16384, PROT_READ|PROT_WRITE, MAP_PRIVATE|MAP_ANONYMOUS|MAP_NORESERVE, -1, 0 <unfinished ...>
16666 <... mmap resumed>)               = 0x100100200000
16665 <... mmap resumed>)               = 0x100140000000
16664 <... munmap resumed>)             = 0
16663 munmap(0x100040600000, 16384 <unfinished ...>
16662 mmap(NULL, 16384, PROT_READ|PROT_WRITE, MAP_PRIVATE|MAP_ANONYMOUS|MAP_NORESERVE, -1, 0 <unfinished ...>
16659 mmap(NULL, 16384, PROT_READ|PROT_WRITE, MAP_PRIVATE|MAP_ANONYMOUS|MAP_NORESERVE, -1, 0 <unfinished ...>
16658 mmap(NULL, 16384, PROT_READ|PROT_WRITE, MAP_PRIVATE|MAP_ANONYMOUS|MAP_NORESERVE, -1, 0 <unfinished ...>
16672 munmap(0x100080000000, 16384 <unfinished ...>
16671 munmap(0x100100000000, 16384 <unfinished ...>
16670 <... munmap resumed>)             = 0
16669 mmap(NULL, 16384, PROT_READ|PROT_WRITE, MAP_PRIVATE|MAP_ANONYMOUS|MAP_NORESERVE, -1, 0 <unfinished ...>
16668 <... munmap resumed>)             = 0
16667 <... mmap resumed>)               = 0x100040000000
16666 munmap(0x100100200000, 16384 <unfinished ...>
16665 munmap(0x100140000000, 16384 <unfinished ...>
16664 mmap(NULL, 16384, PROT_READ|PROT_WRITE, MAP_PRIVATE|MAP_ANONYMOUS|MAP_NORESERVE, -1, 0 <unfinished ...>
16663 <... munmap resumed>)             = 0
16661 <... munmap resumed>)             = 0
16660 munmap(0x100180000000, 16384 <unfinished ...>
16662 <... mmap resumed>)               = 0x100040600000
16657 <... mmap resumed>)               = 0x1000c0200000
16672 <... munmap resumed>)             = 0
16671 <... munmap resumed>)             = 0
16670 mmap(NULL, 16384, PROT_READ|PROT_WRITE, MAP_PRIVATE|MAP_ANONYMOUS|MAP_NORESERVE, -1, 0 <unfinished ...>
16669 <... mmap resumed>)               = 0x100100000000
16668 mmap(NULL, 16384, PROT_READ|PROT_WRITE, MAP_PRIVATE|MAP_ANONYMOUS|MAP_NORESERVE, -1, 0 <unfinished ...>
16667 munmap(0x100040000000, 16384 <unfinished ...>
16666 <... munmap resumed>)             = 0
16665 <... munmap resumed>)             = 0
16664 <... mmap resumed>)               = 0x100080000000
16663 mmap(NULL, 16384, PROT_READ|PROT_WRITE, MAP_PRIVATE|MAP_ANONYMOUS|MAP_NORESERVE, -1, 0 <unfinished ...>
16661 mmap(NULL, 16384, PROT_READ|PROT_WRITE, MAP_PRIVATE|MAP_ANONYMOUS|MAP_NORESERVE, -1, 0 <unfinished ...>
16659 <... mmap resumed>)               = 0x100140200000
16658 <... mmap resumed>)               = 0x100000000000
16672 mmap(NULL, 16384, PROT_READ|PROT_WRITE, MAP_PRIVATE|MAP_ANONYMOUS|MAP_NORESERVE, -1, 0 <unfinished ...>
16671 mmap(NULL, 16384, PROT_READ|PROT_WRITE, MAP_PRIVATE|MAP_ANONYMOUS|MAP_NORESERVE, -1, 0 <unfinished ...>
16670 <... mmap resumed>)               = 0x100180000000
16669 munmap(0x100100000000, 16384 <unfinished ...>
16668 <... mmap resumed>)               = 0x100040000000
16667 <... munmap resumed>)             = 0
16665 mmap(NULL, 16384, PROT_READ|PROT_WRITE, MAP_PRIVATE|MAP_ANONYMOUS|MAP_NORESERVE, -1, 0 <unfinished ...>
16664 munmap(0x100080000000, 16384 <unfinished ...>
16662 munmap(0x100040600000, 16384 <unfinished ...>
16661 <... mmap resumed>)               = 0x100100200000
16663 <... mmap resumed>)               = 0x100140000000
16660 <... munmap resumed>)             = 0
16657 munmap(0x1000c0200000, 16384 <unfinished ...>
16672 <... mmap resumed>)               = 0x1000c0000000
16671 <... mmap resumed>)               = 0x100000200000
16670 munmap(0x100180000000, 16384 <unfinished ...>
16669 <... munmap resumed>)             = 0
16668 munmap(0x100040000000, 16384 <unfinished ...>
16667 mmap(NULL, 16384, PROT_READ|PROT_WRITE, MAP_PRIVATE|MAP_ANONYMOUS|MAP_NORESERVE, -1, 0 <unfinished ...>
16666 mmap(NULL, 16384, PROT_READ|PROT_WRITE, MAP_PRIVATE|MAP_ANONYMOUS|MAP_NORESERVE, -1, 0 <unfinished ...>
16665 <... mmap resumed>)               = 0x100080000000
16664 <... munmap resumed>)             = 0
16662 <... munmap resumed>)             = 0
16659 munmap(0x100140200000, 16384 <unfinished ...>
16658 munmap(0x100000000000, 16384 <unfinished ...>
16672 munmap(0x1000c0000000, 16384 <unfinished ...>
16671 munmap(0x100000200000, 16384 <unfinished ...>
16670 <... munmap resumed>)             = 0
16669 mmap(NULL, 16384, PROT_READ|PROT_WRITE, MAP_PRIVATE|MAP_ANONYMOUS|MAP_NORESERVE, -1, 0 <unfinished ...>
16668 <... munmap resumed>)             = 0
16667 <... mmap resumed>)               = 0x100040000000
16666 <... mmap resumed>)               = 0x1000c0200000
16664 mmap(NULL, 16384, PROT_READ|PROT_WRITE, MAP_PRIVATE|MAP_ANONYMOUS|MAP_NORESERVE, -1, 0 <unfinished ...>
16663 munmap(0x100140000000, 16384 <unfinished ...>
16661 munmap(0x100100200000, 16384 <unfinished ...>
16660 mmap(NULL, 16384, PROT_READ|PROT_WRITE, MAP_PRIVATE|MAP_ANONYMOUS|MAP_NORESERVE, -1, 0 <unfinished ...>
16657 <... munmap resumed>)             = 0
16672 <... munmap resumed>)             = 0
16671 <... munmap resumed>)             = 0
16670 mmap(NULL, 16384, PROT_READ|PROT_WRITE, MAP_PRIVATE|MAP_ANONYMOUS|MAP_NORESERVE, -1, 0 <unfinished ...>
16669 <... mmap resumed>)               = 0x100140200000
16668 mmap(NULL, 16384, PROT_READ|PROT_WRITE, MAP_PRIVATE|MAP_ANONYMOUS|MAP_NORESERVE, -1, 0 <unfinished ...>
16666 munmap(0x1000c0200000, 16384 <unfinished ...>
16667 munmap(0x100040000000, 16384 <unfinished ...>
16665 munmap(0x100080000000, 16384 <unfinished ...>
16664 <... mmap resumed>)               = 0x100100200000
16662 mmap(NULL, 16384, PROT_READ|PROT_WRITE, MAP_PRIVATE|MAP_ANONYMOUS|MAP_NORESERVE, -1, 0 <unfinished ...>
16661 <... munmap resumed>)             = 0
16659 <... munmap resumed>)             = 0
16658 <... munmap resumed>)             = 0
16672 mmap(NULL, 16384, PROT_READ|PROT_WRITE, MAP_PRIVATE|MAP_ANONYMOUS|MAP_NORESERVE, -1, 0 <unfinished ...>
16671 mmap(NULL, 16384, PROT_READ|PROT_WRITE, MAP_PRIVATE|MAP_ANONYMOUS|MAP_NORESERVE, -1, 0 <unfinished ...>
16668 <... mmap resumed>)               = 0x1000c0000000
16666 <... munmap resumed>)             = 0
16665 <... munmap resumed>)             = 0
16664 munmap(0x100100200000, 16384 <unfinished ...>
16663 <... munmap resumed>)             = 0
16662 <... mmap resumed>)               = 0x1000c0200000
16661 mmap(NULL, 16384, PROT_READ|PROT_WRITE, MAP_PRIVATE|MAP_ANONYMOUS|MAP_NORESERVE, -1, 0 <unfinished ...>
16660 <... mmap resumed>)               = 0x100140000000
16657 mmap(NULL, 16384, PROT_READ|PROT_WRITE, MAP_PRIVATE|MAP_ANONYMOUS|MAP_NORESERVE, -1, 0 <unfinished ...>
16672 <... mmap resumed>)               = 0x100000200000
16671 <... mmap resumed>)               = 0x100000000000
16670 <... mmap resumed>)               = 0x100080000000
16669 munmap(0x100140200000, 16384 <unfinished ...>
16668 munmap(0x1000c0000000, 16384 <unfinished ...>
16667 <... munmap resumed>)             = 0
16666 mmap(NULL, 16384, PROT_READ|PROT_WRITE, MAP_PRIVATE|MAP_ANONYMOUS|MAP_NORESERVE, -1, 0 <unfinished ...>
16665 mmap(NULL, 16384, PROT_READ|PROT_WRITE, MAP_PRIVATE|MAP_ANONYMOUS|MAP_NORESERVE, -1, 0 <unfinished ...>
16664 <... munmap resumed>)             = 0
16663 mmap(NULL, 16384, PROT_READ|PROT_WRITE, MAP_PRIVATE|MAP_ANONYMOUS|MAP_NORESERVE, -1, 0 <unfinished ...>
16662 munmap(0x1000c0200000, 16384 <unfinished ...>
16661 <... mmap resumed>)               = 0x100100200000
16660 munmap(0x100140000000, 16384 <unfinished ...>
16659 mmap(NULL, 16384, PROT_READ|PROT_WRITE, MAP_PRIVATE|MAP_ANONYMOUS|MAP_NORESERVE, -1, 0 <unfinished ...>
16658 mmap(NULL, 16384, PROT_READ|PROT_WRITE, MAP_PRIVATE|MAP_ANONYMOUS|MAP_NORESERVE, -1, 0 <unfinished ...>
16672 munmap(0x100000200000, 16384 <unfinished ...>
16671 munmap(0x100000000000, 16384 <unfinished ...>
16657 <... mmap resumed>)               = 0x100040000000
16672 <... munmap resumed>)             = 0
16671 <... munmap resumed>)             = 0
16670 munmap(0x100080000000, 16384 <unfinished ...>
16669 <... munmap resumed>)             = 0
16668 <... munmap resumed>)             = 0
16667 mmap(NULL, 16384, PROT_READ|PROT_WRITE, MAP_PRIVATE|MAP_ANONYMOUS|MAP_NORESERVE, -1, 0 <unfinished ...>
16666 <... mmap resumed>)               = 0x1000c0200000
16665 <... mmap resumed>)               = 0x100000200000
16664 mmap(NULL, 16384, PROT_READ|PROT_WRITE, MAP_PRIVATE|MAP_ANONYMOUS|MAP_NORESERVE, -1, 0 <unfinished ...>
16663 <... mmap resumed>)               = 0x100140200000
16662 <... munmap resumed>)             = 0
16661 munmap(0x100100200000, 16384 <unfinished ...>
16660 <... munmap resumed>)             = 0
16659 <... mmap resumed>)               = 0x100140000000
16658 <... mmap resumed>)               = 0x1000c0000000
16657 munmap(0x100040000000, 16384 <unfinished ...>
16668 mmap(NULL, 16384, PROT_READ|PROT_WRITE, MAP_PRIVATE|MAP_ANONYMOUS|MAP_NORESERVE, -1, 0 <unfinished ...>
16665 munmap(0x100000200000, 16384 <unfinished ...>
16672 mmap(NULL, 16384, PROT_READ|PROT_WRITE, MAP_PRIVATE|MAP_ANONYMOUS|MAP_NORESERVE, -1, 0 <unfinished ...>
16668 <... mmap resumed>)               = 0x100040000000
16665 <... munmap resumed>)             = 0
16658 munmap(0x1000c0000000, 16384 <unfinished ...>
16657 <... munmap resumed>)             = 0
16664 <... mmap resumed>)               = 0x100000200000
16672 <... mmap resumed>)               = 0x100000000000
16671 mmap(NULL, 16384, PROT_READ|PROT_WRITE, MAP_PRIVATE|MAP_ANONYMOUS|MAP_NORESERVE, -1, 0 <unfinished ...>
16668 munmap(0x100040000000, 16384 <unfinished ...>
16665 mmap(NULL, 16384, PROT_READ|PROT_WRITE, MAP_PRIVATE|MAP_ANONYMOUS|MAP_NORESERVE, -1, 0 <unfinished ...>
16661 <... munmap resumed>)             = 0
16657 mmap(NULL, 16384, PROT_READ|PROT_WRITE, MAP_PRIVATE|MAP_ANONYMOUS|MAP_NORESERVE, -1, 0 <unfinished ...>
16672 munmap(0x100000000000, 16384 <unfinished ...>
16664 munmap(0x100000200000, 16384 <unfinished ...>
16658 <... munmap resumed>)             = 0
16671 <... mmap resumed>)               = 0x1000c0000000
16672 <... munmap resumed>)             = 0
16670 <... munmap resumed>)             = 0
16668 <... munmap resumed>)             = 0
16667 <... mmap resumed>)               = 0x100100200000
16665 <... mmap resumed>)               = 0x100080000000
16657 <... mmap resumed>)               = 0x100180000000
16669 mmap(NULL, 16384, PROT_READ|PROT_WRITE, MAP_PRIVATE|MAP_ANONYMOUS|MAP_NORESERVE, -1, 0 <unfinished ...>
16671 munmap(0x1000c0000000, 16384 <unfinished ...>
16666 munmap(0x1000c0200000, 16384 <unfinished ...>
16658 mmap(NULL, 16384, PROT_READ|PROT_WRITE, MAP_PRIVATE|MAP_ANONYMOUS|MAP_NORESERVE, -1, 0 <unfinished ...>
16662 mmap(NULL, 16384, PROT_READ|PROT_WRITE, MAP_PRIVATE|MAP_ANONYMOUS|MAP_NORESERVE, -1, 0 <unfinished ...>
16672 mmap(NULL, 16384, PROT_READ|PROT_WRITE, MAP_PRIVATE|MAP_ANONYMOUS|MAP_NORESERVE, -1, 0 <unfinished ...>
16670 mmap(NULL, 16384, PROT_READ|PROT_WRITE, MAP_PRIVATE|MAP_ANONYMOUS|MAP_NORESERVE, -1, 0 <unfinished ...>
16668 mmap(NULL, 16384, PROT_READ|PROT_WRITE, MAP_PRIVATE|MAP_ANONYMOUS|MAP_NORESERVE, -1, 0 <unfinished ...>
16666 <... munmap resumed>)             = 0
16664 <... munmap resumed>)             = 0
16663 munmap(0x100140200000, 16384 <unfinished ...>
16661 mmap(NULL, 16384, PROT_READ|PROT_WRITE, MAP_PRIVATE|MAP_ANONYMOUS|MAP_NORESERVE, -1, 0 <unfinished ...>
16660 mmap(NULL, 16384, PROT_READ|PROT_WRITE, MAP_PRIVATE|MAP_ANONYMOUS|MAP_NORESERVE, -1, 0 <unfinished ...>
16659 munmap(0x100140000000, 16384 <unfinished ...>
16657 munmap(0x100180000000, 16384 <unfinished ...>
16672 <... mmap resumed>)               = 0x100000200000
16662 <... mmap resumed>)               = 0x1000c0200000
16667 munmap(0x100100200000, 16384 <unfinished ...>
16664 mmap(NULL, 16384, PROT_READ|PROT_WRITE, MAP_PRIVATE|MAP_ANONYMOUS|MAP_NORESERVE, -1, 0 <unfinished ...>
16661 <... mmap resumed>)               = 0x100040000000
16662 munmap(0x1000c0200000, 16384 <unfinished ...>
16672 munmap(0x100000200000, 16384 <unfinished ...>
16667 <... munmap resumed>)             = 0
16666 mmap(NULL, 16384, PROT_READ|PROT_WRITE, MAP_PRIVATE|MAP_ANONYMOUS|MAP_NORESERVE, -1, 0 <unfinished ...>
16664 <... mmap resumed>)               = 0x100100200000
16661 munmap(0x100040000000, 16384 <unfinished ...>
16672 <... munmap resumed>)             = 0
16670 <... mmap resumed>)               = 0x100140200000
16669 <... mmap resumed>)               = 0x100000000000
16666 <... mmap resumed>)               = 0x100000200000
16665 munmap(0x100080000000, 16384 <unfinished ...>
16663 <... munmap resumed>)             = 0
16660 <... mmap resumed>)               = 0x100040600000
16671 <... munmap resumed>)             = 0
16659 <... munmap resumed>)             = 0
16668 <... mmap resumed>)               = 0x100140000000
16661 <... munmap resumed>)             = 0
16672 mmap(NULL, 16384, PROT_READ|PROT_WRITE, MAP_PRIVATE|MAP_ANONYMOUS|MAP_NORESERVE, -1, 0 <unfinished ...>
16670 munmap(0x100140200000, 16384 <unfinished ...>
16666 munmap(0x100000200000, 16384 <unfinished ...>
16660 munmap(0x100040600000, 16384 <unfinished ...>
16662 <... munmap resumed>)             = 0
16658 <... mmap resumed>)               = 0x100180000000
16657 <... munmap resumed>)             = 0
16672 <... mmap resumed>)               = 0x1000c0200000
16670 <... munmap resumed>)             = 0
16667 mmap(NULL, 16384, PROT_READ|PROT_WRITE, MAP_PRIVATE|MAP_ANONYMOUS|MAP_NORESERVE, -1, 0 <unfinished ...>
16666 <... munmap resumed>)             = 0
16662 mmap(NULL, 16384, PROT_READ|PROT_WRITE, MAP_PRIVATE|MAP_ANONYMOUS|MAP_NORESERVE, -1, 0 <unfinished ...>
16661 mmap(NULL, 16384, PROT_READ|PROT_WRITE, MAP_PRIVATE|MAP_ANONYMOUS|MAP_NORESERVE, -1, 0 <unfinished ...>
16660 <... munmap resumed>)             = 0
16672 munmap(0x1000c0200000, 16384 <unfinished ...>
16670 mmap(NULL, 16384, PROT_READ|PROT_WRITE, MAP_PRIVATE|MAP_ANONYMOUS|MAP_NORESERVE, -1, 0 <unfinished ...>
16668 munmap(0x100140000000, 16384 <unfinished ...>
16667 <... mmap resumed>)               = 0x100040600000
16665 <... munmap resumed>)             = 0
16664 munmap(0x100100200000, 16384 <unfinished ...>
16662 <... mmap resumed>)               = 0x100080000000
16659 mmap(NULL, 16384, PROT_READ|PROT_WRITE, MAP_PRIVATE|MAP_ANONYMOUS|MAP_NORESERVE, -1, 0 <unfinished ...>
16657 mmap(NULL, 16384, PROT_READ|PROT_WRITE, MAP_PRIVATE|MAP_ANONYMOUS|MAP_NORESERVE, -1, 0 <unfinished ...>
16672 <... munmap resumed>)             = 0
16671 mmap(NULL, 16384, PROT_READ|PROT_WRITE, MAP_PRIVATE|MAP_ANONYMOUS|MAP_NORESERVE, -1, 0 <unfinished ...>
16669 munmap(0x100000000000, 16384 <unfinished ...>
16668 <... munmap resumed>)             = 0
16667 munmap(0x100040600000, 16384 <unfinished ...>
16666 mmap(NULL, 16384, PROT_READ|PROT_WRITE, MAP_PRIVATE|MAP_ANONYMOUS|MAP_NORESERVE, -1, 0 <unfinished ...>
16664 <... munmap resumed>)             = 0
16663 mmap(NULL, 16384, PROT_READ|PROT_WRITE, MAP_PRIVATE|MAP_ANONYMOUS|MAP_NORESERVE, -1, 0 <unfinished ...>
16662 munmap(0x100080000000, 16384 <unfinished ...>
16661 <... mmap resumed>)               = 0x100140200000
16660 mmap(NULL, 16384, PROT_READ|PROT_WRITE, MAP_PRIVATE|MAP_ANONYMOUS|MAP_NORESERVE, -1, 0 <unfinished ...>
16658 munmap(0x100180000000, 16384 <unfinished ...>
16668 mmap(NULL, 16384, PROT_READ|PROT_WRITE, MAP_PRIVATE|MAP_ANONYMOUS|MAP_NORESERVE, -1, 0 <unfinished ...>
16657 <... mmap resumed>)               = 0x100100200000
16670 <... mmap resumed>)               = 0x100140000000
16665 mmap(NULL, 16384, PROT_READ|PROT_WRITE, MAP_PRIVATE|MAP_ANONYMOUS|MAP_NORESERVE, -1, 0 <unfinished ...>
16662 <... munmap resumed>)             = 0
16659 <... mmap resumed>)               = 0x100080000000
16669 <... munmap resumed>)             = 0
16668 <... mmap resumed>)               = 0x100000000000
16663 <... mmap resumed>)               = 0x100180000000
16661 munmap(0x100140200000, 16384 <unfinished ...>
16658 <... munmap resumed>)             = 0
16657 munmap(0x100100200000, 16384 <unfinished ...>
16672 mmap(NULL, 16384, PROT_READ|PROT_WRITE, MAP_PRIVATE|MAP_ANONYMOUS|MAP_NORESERVE, -1, 0 <unfinished ...>
16671 <... mmap resumed>)               = 0x1000c0200000
16666 <... mmap resumed>)               = 0x100000200000
16669 mmap(NULL, 16384, PROT_READ|PROT_WRITE, MAP_PRIVATE|MAP_ANONYMOUS|MAP_NORESERVE, -1, 0 <unfinished ...>
16667 <... munmap resumed>)             = 0
16664 mmap(NULL, 16384, PROT_READ|PROT_WRITE, MAP_PRIVATE|MAP_ANONYMOUS|MAP_NORESERVE, -1, 0 <unfinished ...>
16660 <... mmap resumed>)               = 0x100040600000
16668 munmap(0x100000000000, 16384 <unfinished ...>
16667 mmap(NULL, 16384, PROT_READ|PROT_WRITE, MAP_PRIVATE|MAP_ANONYMOUS|MAP_NORESERVE, -1, 0 <unfinished ...>
16669 <... mmap resumed>)               = 0x100140200000
16666 munmap(0x100000200000, 16384 <unfinished ...>
16664 <... mmap resumed>)               = 0x100100200000
16661 <... munmap resumed>)             = 0
16660 munmap(0x100040600000, 16384 <unfinished ...>
16657 <... munmap resumed>)             = 0
16668 <... munmap resumed>)             = 0
16667 <... mmap resumed>)               = 0x100000000000
16672 <... mmap resumed>)               = 0x1000c0000000
16671 munmap(0x1000c0200000, 16384 <unfinished ...>
16670 munmap(0x100140000000, 16384 <unfinished ...>
16669 munmap(0x100140200000, 16384 <unfinished ...>
16668 mmap(NULL, 16384, PROT_READ|PROT_WRITE, MAP_PRIVATE|MAP_ANONYMOUS|MAP_NORESERVE, -1, 0 <unfinished ...>
16667 munmap(0x100000000000, 16384 <unfinished ...>
16666 <... munmap resumed>)             = 0
16665 <... mmap resumed>)               = 0x100040000000
16664 munmap(0x100100200000, 16384 <unfinished ...>
16663 munmap(0x100180000000, 16384 <unfinished ...>
16662 mmap(NULL, 16384, PROT_READ|PROT_WRITE, MAP_PRIVATE|MAP_ANONYMOUS|MAP_NORESERVE, -1, 0 <unfinished ...>
16661 mmap(NULL, 16384, PROT_READ|PROT_WRITE, MAP_PRIVATE|MAP_ANONYMOUS|MAP_NORESERVE, -1, 0 <unfinished ...>
16660 <... munmap resumed>)             = 0
16659 munmap(0x100080000000, 16384 <unfinished ...>
16658 mmap(NULL, 16384, PROT_READ|PROT_WRITE, MAP_PRIVATE|MAP_ANONYMOUS|MAP_NORESERVE, -1, 0 <unfinished ...>
16657 mmap(NULL, 16384, PROT_READ|PROT_WRITE, MAP_PRIVATE|MAP_ANONYMOUS|MAP_NORESERVE, -1, 0 <unfinished ...>
16671 <... munmap resumed>)             = 0
16669 <... munmap resumed>)             = 0
16666 mmap(NULL, 16384, PROT_READ|PROT_WRITE, MAP_PRIVATE|MAP_ANONYMOUS|MAP_NORESERVE, -1, 0 <unfinished ...>
16663 <... munmap resumed>)             = 0
16668 <... mmap resumed>)               = 0x1000c0200000
16661 <... mmap resumed>)               = 0x100180000000
16671 mmap(NULL, 16384, PROT_READ|PROT_WRITE, MAP_PRIVATE|MAP_ANONYMOUS|MAP_NORESERVE, -1, 0 <unfinished ...>
16669 mmap(NULL, 16384, PROT_READ|PROT_WRITE, MAP_PRIVATE|MAP_ANONYMOUS|MAP_NORESERVE, -1, 0 <unfinished ...>
16659 <... munmap resumed>)             = 0
16658 <... mmap resumed>)               = 0x100080000000
16672 munmap(0x1000c0000000, 16384 <unfinished ...>
16671 <... mmap resumed>)               = 0x100000000000
16668 munmap(0x1000c0200000, 16384 <unfinished ...>
16667 <... munmap resumed>)             = 0
16666 <... mmap resumed>)               = 0x100140200000
16665 munmap(0x100040000000, 16384 <unfinished ...>
16669 <... mmap resumed>)               = 0x100100200000
16670 <... munmap resumed>)             = 0
16664 <... munmap resumed>)             = 0
16663 mmap(NULL, 16384, PROT_READ|PROT_WRITE, MAP_PRIVATE|MAP_ANONYMOUS|MAP_NORESERVE, -1, 0 <unfinished ...>
16662 <... mmap resumed>)               = 0x100140000000
16661 munmap(0x100180000000, 16384 <unfinished ...>
16660 mmap(NULL, 16384, PROT_READ|PROT_WRITE, MAP_PRIVATE|MAP_ANONYMOUS|MAP_NORESERVE, -1, 0 <unfinished ...>
16658 munmap(0x100080000000, 16384 <unfinished ...>
16657 <... mmap resumed>)               = 0x100000200000
16671 munmap(0x100000000000, 16384 <unfinished ...>
16666 munmap(0x100140200000, 16384 <unfinished ...>
16663 <... mmap resumed>)               = 0x100040600000
16661 <... munmap resumed>)             = 0
16659 mmap(NULL, 16384, PROT_READ|PROT_WRITE, MAP_PRIVATE|MAP_ANONYMOUS|MAP_NORESERVE, -1, 0 <unfinished ...>
16658 <... munmap resumed>)             = 0
16671 <... munmap resumed>)             = 0
16669 munmap(0x100100200000, 16384 <unfinished ...>
16663 munmap(0x100040600000, 16384 <unfinished ...>
16657 munmap(0x100000200000, 16384 <unfinished ...>
16671 mmap(NULL, 16384, PROT_READ|PROT_WRITE, MAP_PRIVATE|MAP_ANONYMOUS|MAP_NORESERVE, -1, 0 <unfinished ...>
16666 <... munmap resumed>)             = 0
16663 <... munmap resumed>)             = 0
16661 mmap(NULL, 16384, PROT_READ|PROT_WRITE, MAP_PRIVATE|MAP_ANONYMOUS|MAP_NORESERVE, -1, 0 <unfinished ...>
16659 <... mmap resumed>)               = 0x100140200000
16658 mmap(NULL, 16384, PROT_READ|PROT_WRITE, MAP_PRIVATE|MAP_ANONYMOUS|MAP_NORESERVE, -1, 0 <unfinished ...>
16669 <... munmap resumed>)             = 0
16657 <... munmap resumed>)             = 0
16671 <... mmap resumed>)               = 0x100000200000
16663 mmap(NULL, 16384, PROT_READ|PROT_WRITE, MAP_PRIVATE|MAP_ANONYMOUS|MAP_NORESERVE, -1, 0 <unfinished ...>
16671 munmap(0x100000200000, 16384 <unfinished ...>
16661 <... mmap resumed>)               = 0x100040600000
16658 <... mmap resumed>)               = 0x100100200000
16663 <... mmap resumed>)               = 0x100000000000
16661 munmap(0x100040600000, 16384 <unfinished ...>
16672 <... munmap resumed>)             = 0
16671 <... munmap resumed>)             = 0
16663 munmap(0x100000000000, 16384 <unfinished ...>
16658 munmap(0x100100200000, 16384 <unfinished ...>
16661 <... munmap resumed>)             = 0
16659 munmap(0x100140200000, 16384 <unfinished ...>
16658 <... munmap resumed>)             = 0
16670 mmap(NULL, 16384, PROT_READ|PROT_WRITE, MAP_PRIVATE|MAP_ANONYMOUS|MAP_NORESERVE, -1, 0 <unfinished ...>
16665 <... munmap resumed>)             = 0
16657 mmap(NULL, 16384, PROT_READ|PROT_WRITE, MAP_PRIVATE|MAP_ANONYMOUS|MAP_NORESERVE, -1, 0 <unfinished ...>
16671 mmap(NULL, 16384, PROT_READ|PROT_WRITE, MAP_PRIVATE|MAP_ANONYMOUS|MAP_NORESERVE, -1, 0 <unfinished ...>
16669 mmap(NULL, 16384, PROT_READ|PROT_WRITE, MAP_PRIVATE|MAP_ANONYMOUS|MAP_NORESERVE, -1, 0 <unfinished ...>
16668 <... munmap resumed>)             = 0
16667 mmap(NULL, 16384, PROT_READ|PROT_WRITE, MAP_PRIVATE|MAP_ANONYMOUS|MAP_NORESERVE, -1, 0 <unfinished ...>
16666 mmap(NULL, 16384, PROT_READ|PROT_WRITE, MAP_PRIVATE|MAP_ANONYMOUS|MAP_NORESERVE, -1, 0 <unfinished ...>
16664 mmap(NULL, 16384, PROT_READ|PROT_WRITE, MAP_PRIVATE|MAP_ANONYMOUS|MAP_NORESERVE, -1, 0 <unfinished ...>
16663 <... munmap resumed>)             = 0
16662 munmap(0x100140000000, 16384 <unfinished ...>
16661 mmap(NULL, 16384, PROT_READ|PROT_WRITE, MAP_PRIVATE|MAP_ANONYMOUS|MAP_NORESERVE, -1, 0 <unfinished ...>
16660 <... mmap resumed>)               = 0x100000000000
16658 mmap(NULL, 16384, PROT_READ|PROT_WRITE, MAP_PRIVATE|MAP_ANONYMOUS|MAP_NORESERVE, -1, 0 <unfinished ...>
16669 <... mmap resumed>)               = 0x1000c0200000
16668 mmap(NULL, 16384, PROT_READ|PROT_WRITE, MAP_PRIVATE|MAP_ANONYMOUS|MAP_NORESERVE, -1, 0 <unfinished ...>
16665 mmap(NULL, 16384, PROT_READ|PROT_WRITE, MAP_PRIVATE|MAP_ANONYMOUS|MAP_NORESERVE, -1, 0 <unfinished ...>
16664 <... mmap resumed>)               = 0x100040000000
16661 <... mmap resumed>)               = 0x100100200000
16659 <... munmap resumed>)             = 0
16657 <... mmap resumed>)               = 0x100140200000
16669 munmap(0x1000c0200000, 16384 <unfinished ...>
16668 <... mmap resumed>)               = 0x100040600000
16665 <... mmap resumed>)               = 0x100000200000
16664 munmap(0x100040000000, 16384 <unfinished ...>
16661 munmap(0x100100200000, 16384 <unfinished ...>
16669 <... munmap resumed>)             = 0
16668 munmap(0x100040600000, 16384 <unfinished ...>
16665 munmap(0x100000200000, 16384 <unfinished ...>
16664 <... munmap resumed>)             = 0
16663 mmap(NULL, 16384, PROT_READ|PROT_WRITE, MAP_PRIVATE|MAP_ANONYMOUS|MAP_NORESERVE, -1, 0 <unfinished ...>
16661 <... munmap resumed>)             = 0
16659 mmap(NULL, 16384, PROT_READ|PROT_WRITE, MAP_PRIVATE|MAP_ANONYMOUS|MAP_NORESERVE, -1, 0 <unfinished ...>
16657 munmap(0x100140200000, 16384 <unfinished ...>
16669 mmap(NULL, 16384, PROT_READ|PROT_WRITE, MAP_PRIVATE|MAP_ANONYMOUS|MAP_NORESERVE, -1, 0 <unfinished ...>
16665 <... munmap resumed>)             = 0
16664 mmap(NULL, 16384, PROT_READ|PROT_WRITE, MAP_PRIVATE|MAP_ANONYMOUS|MAP_NORESERVE, -1, 0 <unfinished ...>
16661 mmap(NULL, 16384, PROT_READ|PROT_WRITE, MAP_PRIVATE|MAP_ANONYMOUS|MAP_NORESERVE, -1, 0 <unfinished ...>
16669 <... mmap resumed>)               = 0x100140200000
16668 <... munmap resumed>)             = 0
16657 <... munmap resumed>)             = 0
16672 mmap(NULL, 16384, PROT_READ|PROT_WRITE, MAP_PRIVATE|MAP_ANONYMOUS|MAP_NORESERVE, -1, 0 <unfinished ...>
16668 mmap(NULL, 16384, PROT_READ|PROT_WRITE, MAP_PRIVATE|MAP_ANONYMOUS|MAP_NORESERVE, -1, 0 <unfinished ...>
16665 mmap(NULL, 16384, PROT_READ|PROT_WRITE, MAP_PRIVATE|MAP_ANONYMOUS|MAP_NORESERVE, -1, 0 <unfinished ...>
16664 <... mmap resumed>)               = 0x100100200000
16663 <... mmap resumed>)               = 0x100000200000
16661 <... mmap resumed>)               = 0x100040000000
16659 <... mmap resumed>)               = 0x100040600000
16672 <... mmap resumed>)               = 0x100080000000
16671 <... mmap resumed>)               = 0x100180000000
16670 <... mmap resumed>)               = 0x1000c0200000
16669 munmap(0x100140200000, 16384 <unfinished ...>
16668 <... mmap resumed>)               = 0x100100000000
16667 <... mmap resumed>)               = 0x1000c0000000
16665 <... mmap resumed>)               = 0x100140000000
16664 munmap(0x100100200000, 16384 <unfinished ...>
16662 <... munmap resumed>)             = 0
16661 munmap(0x100040000000, 16384 <unfinished ...>
16660 munmap(0x100000000000, 16384 <unfinished ...>
16672 munmap(0x100080000000, 16384 <unfinished ...>
16670 munmap(0x1000c0200000, 16384 <unfinished ...>
16669 <... munmap resumed>)             = 0
16668 munmap(0x100100000000, 16384 <unfinished ...>
16666 <... mmap resumed>)               = 0x100040200000
16665 munmap(0x100140000000, 16384 <unfinished ...>
16664 <... munmap resumed>)             = 0
16663 munmap(0x100000200000, 16384 <unfinished ...>
16662 mmap(NULL, 16384, PROT_READ|PROT_WRITE, MAP_PRIVATE|MAP_ANONYMOUS|MAP_NORESERVE, -1, 0 <unfinished ...>
16659 munmap(0x100040600000, 16384 <unfinished ...>
16658 <... mmap resumed>)               = 0x100040400000
16661 <... munmap resumed>)             = 0
16657 mmap(NULL, 16384, PROT_READ|PROT_WRITE, MAP_PRIVATE|MAP_ANONYMOUS|MAP_NORESERVE, -1, 0 <unfinished ...>
16672 <... munmap resumed>)             = 0
16671 munmap(0x100180000000, 16384 <unfinished ...>
16670 <... munmap resumed>)             = 0
16668 <... munmap resumed>)             = 0
16667 munmap(0x1000c0000000, 16384 <unfinished ...>
16665 <... munmap resumed>)             = 0
16664 mmap(NULL, 16384, PROT_READ|PROT_WRITE, MAP_PRIVATE|MAP_ANONYMOUS|MAP_NORESERVE, -1, 0 <unfinished ...>
16660 <... munmap resumed>)             = 0
16658 munmap(0x100040400000, 16384 <unfinished ...>
16672 mmap(NULL, 16384, PROT_READ|PROT_WRITE, MAP_PRIVATE|MAP_ANONYMOUS|MAP_NORESERVE, -1, 0 <unfinished ...>
16671 <... munmap resumed>)             = 0
16670 mmap(NULL, 16384, PROT_READ|PROT_WRITE, MAP_PRIVATE|MAP_ANONYMOUS|MAP_NORESERVE, -1, 0 <unfinished ...>
16669 mmap(NULL, 16384, PROT_READ|PROT_WRITE, MAP_PRIVATE|MAP_ANONYMOUS|MAP_NORESERVE, -1, 0 <unfinished ...>
16666 munmap(0x100040200000, 16384 <unfinished ...>
16664 <... mmap resumed>)               = 0x100180000000
16663 <... munmap resumed>)             = 0
16662 <... mmap resumed>)               = 0x100080000000
16661 mmap(NULL, 16384, PROT_READ|PROT_WRITE, MAP_PRIVATE|MAP_ANONYMOUS|MAP_NORESERVE, -1, 0 <unfinished ...>
16657 <... mmap resumed>)               = 0x100000000000
16672 <... mmap resumed>)               = 0x100040600000
16671 mmap(NULL, 16384, PROT_READ|PROT_WRITE, MAP_PRIVATE|MAP_ANONYMOUS|MAP_NORESERVE, -1, 0 <unfinished ...>
16670 <... mmap resumed>)               = 0x100000200000
16667 <... munmap resumed>)             = 0
16666 <... munmap resumed>)             = 0
16664 munmap(0x100180000000, 16384 <unfinished ...>
16663 mmap(NULL, 16384, PROT_READ|PROT_WRITE, MAP_PRIVATE|MAP_ANONYMOUS|MAP_NORESERVE, -1, 0 <unfinished ...>
16669 <... mmap resumed>)               = 0x1000c0000000
16659 <... munmap resumed>)             = 0
16661 <... mmap resumed>)               = 0x100040200000
16672 munmap(0x100040600000, 16384 <unfinished ...>
16671 <... mmap resumed>)               = 0x100100000000
16669 munmap(0x1000c0000000, 16384 <unfinished ...>
16668 mmap(NULL, 16384, PROT_READ|PROT_WRITE, MAP_PRIVATE|MAP_ANONYMOUS|MAP_NORESERVE, -1, 0 <unfinished ...>
16670 munmap(0x100000200000, 16384 <unfinished ...>
16667 mmap(NULL, 16384, PROT_READ|PROT_WRITE, MAP_PRIVATE|MAP_ANONYMOUS|MAP_NORESERVE, -1, 0 <unfinished ...>
16665 mmap(NULL, 16384, PROT_READ|PROT_WRITE, MAP_PRIVATE|MAP_ANONYMOUS|MAP_NORESERVE, -1, 0 <unfinished ...>
16664 <... munmap resumed>)             = 0
16662 munmap(0x100080000000, 16384 <unfinished ...>
16660 mmap(NULL, 16384, PROT_READ|PROT_WRITE, MAP_PRIVATE|MAP_ANONYMOUS|MAP_NORESERVE, -1, 0 <unfinished ...>
16659 mmap(NULL, 16384, PROT_READ|PROT_WRITE, MAP_PRIVATE|MAP_ANONYMOUS|MAP_NORESERVE, -1, 0 <unfinished ...>
16657 munmap(0x100000000000, 16384 <unfinished ...>
16672 <... munmap resumed>)             = 0
16671 munmap(0x100100000000, 16384 <unfinished ...>
16670 <... munmap resumed>)             = 0
16669 <... munmap resumed>)             = 0
16668 <... mmap resumed>)               = 0x100040600000
16667 <... mmap resumed>)               = 0x100180000000
16666 mmap(NULL, 16384, PROT_READ|PROT_WRITE, MAP_PRIVATE|MAP_ANONYMOUS|MAP_NORESERVE, -1, 0 <unfinished ...>
16665 <... mmap resumed>)               = 0x1000c0000000
16663 <... mmap resumed>)               = 0x100040400000
16661 munmap(0x100040200000, 16384 <unfinished ...>
16658 <... munmap resumed>)             = 0
16672 mmap(NULL, 16384, PROT_READ|PROT_WRITE, MAP_PRIVATE|MAP_ANONYMOUS|MAP_NORESERVE, -1, 0 <unfinished ...>
16671 <... munmap resumed>)             = 0
16670 mmap(NULL, 16384, PROT_READ|PROT_WRITE, MAP_PRIVATE|MAP_ANONYMOUS|MAP_NORESERVE, -1, 0 <unfinished ...>
16669 mmap(NULL, 16384, PROT_READ|PROT_WRITE, MAP_PRIVATE|MAP_ANONYMOUS|MAP_NORESERVE, -1, 0 <unfinished ...>
16665 munmap(0x1000c0000000, 16384 <unfinished ...>
16664 mmap(NULL, 16384, PROT_READ|PROT_WRITE, MAP_PRIVATE|MAP_ANONYMOUS|MAP_NORESERVE, -1, 0 <unfinished ...>
16662 <... munmap resumed>)             = 0
16660 <... mmap resumed>)               = 0x100100000000
16659 <... mmap resumed>)               = 0x100000000000
16666 <... mmap resumed>)               = 0x100080000000
16668 munmap(0x100040600000, 16384 <unfinished ...>
16667 munmap(0x100180000000, 16384 <unfinished ...>
16657 <... munmap resumed>)             = 0
16672 <... mmap resumed>)               = 0x100000200000
16671 mmap(NULL, 16384, PROT_READ|PROT_WRITE, MAP_PRIVATE|MAP_ANONYMOUS|MAP_NORESERVE, -1, 0 <unfinished ...>
16670 <... mmap resumed>)               = 0x100140000000
16669 <... mmap resumed>)               = 0x1000c0000000
16666 munmap(0x100080000000, 16384 <unfinished ...>
16665 <... munmap resumed>)             = 0
16664 <... mmap resumed>)               = 0x100040200000
16663 munmap(0x100040400000, 16384 <unfinished ...>
16662 mmap(NULL, 16384, PROT_READ|PROT_WRITE, MAP_PRIVATE|MAP_ANONYMOUS|MAP_NORESERVE, -1, 0 <unfinished ...>
16661 <... munmap resumed>)             = 0
16660 munmap(0x100100000000, 16384 <unfinished ...>
16659 munmap(0x100000000000, 16384 <unfinished ...>
16658 mmap(NULL, 16384, PROT_READ|PROT_WRITE, MAP_PRIVATE|MAP_ANONYMOUS|MAP_NORESERVE, -1, 0 <unfinished ...>
16672 munmap(0x100000200000, 16384 <unfinished ...>
16671 <... mmap resumed>)               = 0x100180000000
16670 munmap(0x100140000000, 16384 <unfinished ...>
16669 munmap(0x1000c0000000, 16384 <unfinished ...>
16668 <... munmap resumed>)             = 0
16667 <... munmap resumed>)             = 0
16666 <... munmap resumed>)             = 0
16665 mmap(NULL, 16384, PROT_READ|PROT_WRITE, MAP_PRIVATE|MAP_ANONYMOUS|MAP_NORESERVE, -1, 0 <unfinished ...>
16664 munmap(0x100040200000, 16384 <unfinished ...>
16663 <... munmap resumed>)             = 0
16662 <... mmap resumed>)               = 0x100040400000
16661 mmap(NULL, 16384, PROT_READ|PROT_WRITE, MAP_PRIVATE|MAP_ANONYMOUS|MAP_NORESERVE, -1, 0 <unfinished ...>
16660 <... munmap resumed>)             = 0
16659 <... munmap resumed>)             = 0
16658 <... mmap resumed>)               = 0x100000000000
16657 mmap(NULL, 16384, PROT_READ|PROT_WRITE, MAP_PRIVATE|MAP_ANONYMOUS|MAP_NORESERVE, -1, 0 <unfinished ...>
16672 <... munmap resumed>)             = 0
16671 munmap(0x100180000000, 16384 <unfinished ...>
16670 <... munmap resumed>)             = 0
16669 <... munmap resumed>)             = 0
16668 mmap(NULL, 16384, PROT_READ|PROT_WRITE, MAP_PRIVATE|MAP_ANONYMOUS|MAP_NORESERVE, -1, 0 <unfinished ...>
16667 mmap(NULL, 16384, PROT_READ|PROT_WRITE, MAP_PRIVATE|MAP_ANONYMOUS|MAP_NORESERVE, -1, 0 <unfinished ...>
16666 mmap(NULL, 16384, PROT_READ|PROT_WRITE, MAP_PRIVATE|MAP_ANONYMOUS|MAP_NORESERVE, -1, 0 <unfinished ...>
16665 <... mmap resumed>)               = 0x1000c0000000
16664 <... munmap resumed>)             = 0
16663 mmap(NULL, 16384, PROT_READ|PROT_WRITE, MAP_PRIVATE|MAP_ANONYMOUS|MAP_NORESERVE, -1, 0 <unfinished ...>
16662 munmap(0x100040400000, 16384 <unfinished ...>
16661 <... mmap resumed>)               = 0x100040200000
16660 mmap(NULL, 16384, PROT_READ|PROT_WRITE, MAP_PRIVATE|MAP_ANONYMOUS|MAP_NORESERVE, -1, 0 <unfinished ...>
16672 mmap(NULL, 16384, PROT_READ|PROT_WRITE, MAP_PRIVATE|MAP_ANONYMOUS|MAP_NORESERVE, -1, 0 <unfinished ...>
16671 <... munmap resumed>)             = 0
16670 mmap(NULL, 16384, PROT_READ|PROT_WRITE, MAP_PRIVATE|MAP_ANONYMOUS|MAP_NORESERVE, -1, 0 <unfinished ...>
16669 mmap(NULL, 16384, PROT_READ|PROT_WRITE, MAP_PRIVATE|MAP_ANONYMOUS|MAP_NORESERVE, -1, 0 <unfinished ...>
16668 <... mmap resumed>)               = 0x100180000000
16667 <... mmap resumed>)               = 0x100000200000
16666 <... mmap resumed>)               = 0x100100000000
16665 munmap(0x1000c0000000, 16384 <unfinished ...>
16664 mmap(NULL, 16384, PROT_READ|PROT_WRITE, MAP_PRIVATE|MAP_ANONYMOUS|MAP_NORESERVE, -1, 0 <unfinished ...>
16661 munmap(0x100040200000, 16384 <unfinished ...>
16659 mmap(NULL, 16384, PROT_READ|PROT_WRITE, MAP_PRIVATE|MAP_ANONYMOUS|MAP_NORESERVE, -1, 0 <unfinished ...>
16658 munmap(0x100000000000, 16384 <unfinished ...>
16657 <... mmap resumed>)               = 0x100140000000
16672 <... mmap resumed>)               = 0x100040600000
16671 mmap(NULL, 16384, PROT_READ|PROT_WRITE, MAP_PRIVATE|MAP_ANONYMOUS|MAP_NORESERVE, -1, 0 <unfinished ...>
16670 <... mmap resumed>)               = 0x1000c0200000
16669 <... mmap resumed>)               = 0x100040000000
16668 munmap(0x100180000000, 16384 <unfinished ...>
16667 munmap(0x100000200000, 16384 <unfinished ...>
16666 munmap(0x100100000000, 16384 <unfinished ...>
16665 <... munmap resumed>)             = 0
16664 <... mmap resumed>)               = 0x100100200000
16663 <... mmap resumed>)               = 0x100040400000
16662 <... munmap resumed>)             = 0
16661 <... munmap resumed>)             = 0
16660 <... mmap resumed>)               = 0x100080000000
16658 <... munmap resumed>)             = 0
16671 <... mmap resumed>)               = 0x100040200000
16659 <... mmap resumed>)               = 0x100000000000
16672 munmap(0x100040600000, 16384 <unfinished ...>
16671 munmap(0x100040200000, 16384 <unfinished ...>
16670 munmap(0x1000c0200000, 16384 <unfinished ...>
16669 munmap(0x100040000000, 16384 <unfinished ...>
16668 <... munmap resumed>)             = 0
16667 <... munmap resumed>)             = 0
16666 <... munmap resumed>)             = 0
16665 mmap(NULL, 16384, PROT_READ|PROT_WRITE, MAP_PRIVATE|MAP_ANONYMOUS|MAP_NORESERVE, -1, 0 <unfinished ...>
16664 munmap(0x100100200000, 16384 <unfinished ...>
16663 munmap(0x100040400000, 16384 <unfinished ...>
16662 mmap(NULL, 16384, PROT_READ|PROT_WRITE, MAP_PRIVATE|MAP_ANONYMOUS|MAP_NORESERVE, -1, 0 <unfinished ...>
16661 mmap(NULL, 16384, PROT_READ|PROT_WRITE, MAP_PRIVATE|MAP_ANONYMOUS|MAP_NORESERVE, -1, 0 <unfinished ...>
16660 munmap(0x100080000000, 16384 <unfinished ...>
16659 munmap(0x100000000000, 16384 <unfinished ...>
16658 mmap(NULL, 16384, PROT_READ|PROT_WRITE, MAP_PRIVATE|MAP_ANONYMOUS|MAP_NORESERVE, -1, 0 <unfinished ...>
16657 munmap(0x100140000000, 16384 <unfinished ...>
16672 <... munmap resumed>)             = 0
16671 <... munmap resumed>)             = 0
16669 <... munmap resumed>)             = 0
16666 mmap(NULL, 16384, PROT_READ|PROT_WRITE, MAP_PRIVATE|MAP_ANONYMOUS|MAP_NORESERVE, -1, 0 <unfinished ...>
16672 mmap(NULL, 16384, PROT_READ|PROT_WRITE, MAP_PRIVATE|MAP_ANONYMOUS|MAP_NORESERVE, -1, 0 <unfinished ...>
16670 <... munmap resumed>)             = 0
16665 <... mmap resumed>)               = 0x100040400000
16663 <... munmap resumed>)             = 0
16660 <... munmap resumed>)             = 0
16658 <... mmap resumed>)               = 0x100080000000
16672 <... mmap resumed>)               = 0x1000c0200000
16671 mmap(NULL, 16384, PROT_READ|PROT_WRITE, MAP_PRIVATE|MAP_ANONYMOUS|MAP_NORESERVE, -1, 0 <unfinished ...>
16669 mmap(NULL, 16384, PROT_READ|PROT_WRITE, MAP_PRIVATE|MAP_ANONYMOUS|MAP_NORESERVE, -1, 0 <unfinished ...>
16668 mmap(NULL, 16384, PROT_READ|PROT_WRITE, MAP_PRIVATE|MAP_ANONYMOUS|MAP_NORESERVE, -1, 0 <unfinished ...>
16667 mmap(NULL, 16384, PROT_READ|PROT_WRITE, MAP_PRIVATE|MAP_ANONYMOUS|MAP_NORESERVE, -1, 0 <unfinished ...>
16666 <... mmap resumed>)               = 0x100040000000
16665 munmap(0x100040400000, 16384 <unfinished ...>
16664 <... munmap resumed>)             = 0
16663 mmap(NULL, 16384, PROT_READ|PROT_WRITE, MAP_PRIVATE|MAP_ANONYMOUS|MAP_NORESERVE, -1, 0 <unfinished ...>
16662 <... mmap resumed>)               = 0x100100200000
16661 <... mmap resumed>)               = 0x100040600000
16658 munmap(0x100080000000, 16384 <unfinished ...>
16672 munmap(0x1000c0200000, 16384 <unfinished ...>
16671 <... mmap resumed>)               = 0x100000000000
16670 mmap(NULL, 16384, PROT_READ|PROT_WRITE, MAP_PRIVATE|MAP_ANONYMOUS|MAP_NORESERVE, -1, 0 <unfinished ...>
16669 <... mmap resumed>)               = 0x100040400000
16668 <... mmap resumed>)               = 0x100040200000
16667 <... mmap resumed>)               = 0x100140000000
16665 <... munmap resumed>)             = 0
16663 <... mmap resumed>)               = 0x100100000000
16661 munmap(0x100040600000, 16384 <unfinished ...>
16660 mmap(NULL, 16384, PROT_READ|PROT_WRITE, MAP_PRIVATE|MAP_ANONYMOUS|MAP_NORESERVE, -1, 0 <unfinished ...>
16659 <... munmap resumed>)             = 0
16657 <... munmap resumed>)             = 0
16672 <... munmap resumed>)             = 0
16670 <... mmap resumed>)               = 0x1000c0200000
16669 munmap(0x100040400000, 16384 <unfinished ...>
16668 munmap(0x100040200000, 16384 <unfinished ...>
16666 munmap(0x100040000000, 16384 <unfinished ...>
16664 mmap(NULL, 16384, PROT_READ|PROT_WRITE, MAP_PRIVATE|MAP_ANONYMOUS|MAP_NORESERVE, -1, 0 <unfinished ...>
16663 munmap(0x100100000000, 16384 <unfinished ...>
16662 munmap(0x100100200000, 16384 <unfinished ...>
16661 <... munmap resumed>)             = 0
16659 mmap(NULL, 16384, PROT_READ|PROT_WRITE, MAP_PRIVATE|MAP_ANONYMOUS|MAP_NORESERVE, -1, 0 <unfinished ...>
16658 <... munmap resumed>)             = 0
16672 mmap(NULL, 16384, PROT_READ|PROT_WRITE, MAP_PRIVATE|MAP_ANONYMOUS|MAP_NORESERVE, -1, 0 <unfinished ...>
16671 munmap(0x100000000000, 16384 <unfinished ...>
16669 <... munmap resumed>)             = 0
16668 <... munmap resumed>)             = 0
16667 munmap(0x100140000000, 16384 <unfinished ...>
16664 <... mmap resumed>)               = 0x100040200000
16663 <... munmap resumed>)             = 0
16662 <... munmap resumed>)             = 0
16660 <... mmap resumed>)               = 0x100040600000
16657 mmap(NULL, 16384, PROT_READ|PROT_WRITE, MAP_PRIVATE|MAP_ANONYMOUS|MAP_NORESERVE, -1, 0 <unfinished ...>
16672 <... mmap resumed>)               = 0x100100200000
16671 <... munmap resumed>)             = 0
16670 munmap(0x1000c0200000, 16384 <unfinished ...>
16669 mmap(NULL, 16384, PROT_READ|PROT_WRITE, MAP_PRIVATE|MAP_ANONYMOUS|MAP_NORESERVE, -1, 0 <unfinished ...>
16668 mmap(NULL, 16384, PROT_READ|PROT_WRITE, MAP_PRIVATE|MAP_ANONYMOUS|MAP_NORESERVE, -1, 0 <unfinished ...>
16667 <... munmap resumed>)             = 0
16666 <... munmap resumed>)             = 0
16665 mmap(NULL, 16384, PROT_READ|PROT_WRITE, MAP_PRIVATE|MAP_ANONYMOUS|MAP_NORESERVE, -1, 0 <unfinished ...>
16664 munmap(0x100040200000, 16384 <unfinished ...>
16663 mmap(NULL, 16384, PROT_READ|PROT_WRITE, MAP_PRIVATE|MAP_ANONYMOUS|MAP_NORESERVE, -1, 0 <unfinished ...>
16662 mmap(NULL, 16384, PROT_READ|PROT_WRITE, MAP_PRIVATE|MAP_ANONYMOUS|MAP_NORESERVE, -1, 0 <unfinished ...>
16661 mmap(NULL, 16384, PROT_READ|PROT_WRITE, MAP_PRIVATE|MAP_ANONYMOUS|MAP_NORESERVE, -1, 0 <unfinished ...>
16659 <... mmap resumed>)               = 0x100040000000
16658 mmap(NULL, 16384, PROT_READ|PROT_WRITE, MAP_PRIVATE|MAP_ANONYMOUS|MAP_NORESERVE, -1, 0 <unfinished ...>
16672 munmap(0x100100200000, 16384 <unfinished ...>
16671 mmap(NULL, 16384, PROT_READ|PROT_WRITE, MAP_PRIVATE|MAP_ANONYMOUS|MAP_NORESERVE, -1, 0 <unfinished ...>
16670 <... munmap resumed>)             = 0
16668 <... mmap resumed>)               = 0x100140000000
16667 mmap(NULL, 16384, PROT_READ|PROT_WRITE, MAP_PRIVATE|MAP_ANONYMOUS|MAP_NORESERVE, -1, 0 <unfinished ...>
16669 <... mmap resumed>)               = 0x100100000000
16666 mmap(NULL, 16384, PROT_READ|PROT_WRITE, MAP_PRIVATE|MAP_ANONYMOUS|MAP_NORESERVE, -1, 0 <unfinished ...>
16664 <... munmap resumed>)             = 0
16663 <... mmap resumed>)               = 0x100040200000
16662 <... mmap resumed>)               = 0x100040400000
16661 <... mmap resumed>)               = 0x1000c0200000
16660 munmap(0x100040600000, 16384 <unfinished ...>
16659 munmap(0x100040000000, 16384 <unfinished ...>
16658 <... mmap resumed>)               = 0x100080000000
16657 <... mmap resumed>)               = 0x100000000000
16672 <... munmap resumed>)             = 0
16671 <... mmap resumed>)               = 0x100100200000
16670 mmap(NULL, 16384, PROT_READ|PROT_WRITE, MAP_PRIVATE|MAP_ANONYMOUS|MAP_NORESERVE, -1, 0 <unfinished ...>
16669 munmap(0x100100000000, 16384 <unfinished ...>
16668 munmap(0x100140000000, 16384 <unfinished ...>
16667 <... mmap resumed>)               = 0x100180000000
16666 <... mmap resumed>)               = 0x1000c0000000
16665 <... mmap resumed>)               = 0x100000200000
16664 mmap(NULL, 16384, PROT_READ|PROT_WRITE, MAP_PRIVATE|MAP_ANONYMOUS|MAP_NORESERVE, -1, 0 <unfinished ...>
16663 munmap(0x100040200000, 16384 <unfinished ...>
16662 munmap(0x100040400000, 16384 <unfinished ...>
16661 munmap(0x1000c0200000, 16384 <unfinished ...>
16660 <... munmap resumed>)             = 0
16672 mmap(NULL, 16384, PROT_READ|PROT_WRITE, MAP_PRIVATE|MAP_ANONYMOUS|MAP_NORESERVE, -1, 0 <unfinished ...>
16670 <... mmap resumed>)               = 0x100040400000
16669 <... munmap resumed>)             = 0
16668 <... munmap resumed>)             = 0
16667 munmap(0x100180000000, 16384 <unfinished ...>
16666 munmap(0x1000c0000000, 16384 <unfinished ...>
16665 munmap(0x100000200000, 16384 <unfinished ...>
16664 <... mmap resumed>)               = 0x100100000000
16662 <... munmap resumed>)             = 0
16661 <... munmap resumed>)             = 0
16659 <... munmap resumed>)             = 0
16660 mmap(NULL, 16384, PROT_READ|PROT_WRITE, MAP_PRIVATE|MAP_ANONYMOUS|MAP_NORESERVE, -1, 0 <unfinished ...>
16658 munmap(0x100080000000, 16384 <unfinished ...>
16671 munmap(0x100100200000, 16384 <unfinished ...>
16657 munmap(0x100000000000, 16384 <unfinished ...>
16672 <... mmap resumed>)               = 0x100040200000
16669 mmap(NULL, 16384, PROT_READ|PROT_WRITE, MAP_PRIVATE|MAP_ANONYMOUS|MAP_NORESERVE, -1, 0 <unfinished ...>
16668 mmap(NULL, 16384, PROT_READ|PROT_WRITE, MAP_PRIVATE|MAP_ANONYMOUS|MAP_NORESERVE, -1, 0 <unfinished ...>
16667 <... munmap resumed>)             = 0
16666 <... munmap resumed>)             = 0
16665 <... munmap resumed>)             = 0
16664 munmap(0x100100000000, 16384 <unfinished ...>
16663 <... munmap resumed>)             = 0
16662 mmap(NULL, 16384, PROT_READ|PROT_WRITE, MAP_PRIVATE|MAP_ANONYMOUS|MAP_NORESERVE, -1, 0 <unfinished ...>
16661 mmap(NULL, 16384, PROT_READ|PROT_WRITE, MAP_PRIVATE|MAP_ANONYMOUS|MAP_NORESERVE, -1, 0 <unfinished ...>
16660 <... mmap resumed>)               = 0x1000c0000000
16659 mmap(NULL, 16384, PROT_READ|PROT_WRITE, MAP_PRIVATE|MAP_ANONYMOUS|MAP_NORESERVE, -1, 0 <unfinished ...>
16658 <... munmap resumed>)             = 0
16672 munmap(0x100040200000, 16384 <unfinished ...>
16671 <... munmap resumed>)             = 0
16670 munmap(0x100040400000, 16384 <unfinished ...>
16669 <... mmap resumed>)               = 0x100080000000
16668 <... mmap resumed>)               = 0x100000000000
16667 mmap(NULL, 16384, PROT_READ|PROT_WRITE, MAP_PRIVATE|MAP_ANONYMOUS|MAP_NORESERVE, -1, 0 <unfinished ...>
16666 mmap(NULL, 16384, PROT_READ|PROT_WRITE, MAP_PRIVATE|MAP_ANONYMOUS|MAP_NORESERVE, -1, 0 <unfinished ...>
16665 mmap(NULL, 16384, PROT_READ|PROT_WRITE, MAP_PRIVATE|MAP_ANONYMOUS|MAP_NORESERVE, -1, 0 <unfinished ...>
16664 <... munmap resumed>)             = 0
16663 mmap(NULL, 16384, PROT_READ|PROT_WRITE, MAP_PRIVATE|MAP_ANONYMOUS|MAP_NORESERVE, -1, 0 <unfinished ...>
16662 <... mmap resumed>)               = 0x100100000000
16657 <... munmap resumed>)             = 0
16661 <... mmap resumed>)               = 0x100100200000
16658 mmap(NULL, 16384, PROT_READ|PROT_WRITE, MAP_PRIVATE|MAP_ANONYMOUS|MAP_NORESERVE, -1, 0 <unfinished ...>
16668 munmap(0x100000000000, 16384 <unfinished ...>
16664 mmap(NULL, 16384, PROT_READ|PROT_WRITE, MAP_PRIVATE|MAP_ANONYMOUS|MAP_NORESERVE, -1, 0 <unfinished ...>
16661 munmap(0x100100200000, 16384 <unfinished ...>
16660 munmap(0x1000c0000000, 16384 <unfinished ...>
16657 mmap(NULL, 16384, PROT_READ|PROT_WRITE, MAP_PRIVATE|MAP_ANONYMOUS|MAP_NORESERVE, -1, 0 <unfinished ...>
16672 <... munmap resumed>)             = 0
16671 mmap(NULL, 16384, PROT_READ|PROT_WRITE, MAP_PRIVATE|MAP_ANONYMOUS|MAP_NORESERVE, -1, 0 <unfinished ...>
16670 <... munmap resumed>)             = 0
16669 munmap(0x100080000000, 16384 <unfinished ...>
16668 <... munmap resumed>)             = 0
16667 <... mmap resumed>)               = 0x100040200000
16666 <... mmap resumed>)               = 0x100180000000
16665 <... mmap resumed>)               = 0x100040400000
16664 <... mmap resumed>)               = 0x1000c0000000
16663 <... mmap resumed>)               = 0x1000c0200000
16662 munmap(0x100100000000, 16384 <unfinished ...>
16661 <... munmap resumed>)             = 0
16660 <... munmap resumed>)             = 0
16659 <... mmap resumed>)               = 0x100000200000
16658 <... mmap resumed>)               = 0x100040000000
16657 <... mmap resumed>)               = 0x100100200000
16672 mmap(NULL, 16384, PROT_READ|PROT_WRITE, MAP_PRIVATE|MAP_ANONYMOUS|MAP_NORESERVE, -1, 0 <unfinished ...>
16671 <... mmap resumed>)               = 0x100000000000
16670 mmap(NULL, 16384, PROT_READ|PROT_WRITE, MAP_PRIVATE|MAP_ANONYMOUS|MAP_NORESERVE, -1, 0 <unfinished ...>
16669 <... munmap resumed>)             = 0
16668 mmap(NULL, 16384, PROT_READ|PROT_WRITE, MAP_PRIVATE|MAP_ANONYMOUS|MAP_NORESERVE, -1, 0 <unfinished ...>
16665 munmap(0x100040400000, 16384 <unfinished ...>
16663 munmap(0x1000c0200000, 16384 <unfinished ...>
16662 <... munmap resumed>)             = 0
16661 mmap(NULL, 16384, PROT_READ|PROT_WRITE, MAP_PRIVATE|MAP_ANONYMOUS|MAP_NORESERVE, -1, 0 <unfinished ...>
16672 <... mmap resumed>)               = 0x100100000000
16671 munmap(0x100000000000, 16384 <unfinished ...>
16669 mmap(NULL, 16384, PROT_READ|PROT_WRITE, MAP_PRIVATE|MAP_ANONYMOUS|MAP_NORESERVE, -1, 0 <unfinished ...>
16668 <... mmap resumed>)               = 0x100080000000
16665 <... munmap resumed>)             = 0
16663 <... munmap resumed>)             = 0
16660 mmap(NULL, 16384, PROT_READ|PROT_WRITE, MAP_PRIVATE|MAP_ANONYMOUS|MAP_NORESERVE, -1, 0 <unfinished ...>
16672 munmap(0x100100000000, 16384 <unfinished ...>
16671 <... munmap resumed>)             = 0
16669 <... mmap resumed>)               = 0x100000000000
16668 munmap(0x100080000000, 16384 <unfinished ...>
16665 mmap(NULL, 16384, PROT_READ|PROT_WRITE, MAP_PRIVATE|MAP_ANONYMOUS|MAP_NORESERVE, -1, 0 <unfinished ...>
16663 mmap(NULL, 16384, PROT_READ|PROT_WRITE, MAP_PRIVATE|MAP_ANONYMOUS|MAP_NORESERVE, -1, 0 <unfinished ...>
16662 mmap(NULL, 16384, PROT_READ|PROT_WRITE, MAP_PRIVATE|MAP_ANONYMOUS|MAP_NORESERVE, -1, 0 <unfinished ...>
16667 munmap(0x100040200000, 16384 <unfinished ...>
16661 <... mmap resumed>)               = 0x1000c0200000
16672 <... munmap resumed>)             = 0
16671 mmap(NULL, 16384, PROT_READ|PROT_WRITE, MAP_PRIVATE|MAP_ANONYMOUS|MAP_NORESERVE, -1, 0 <unfinished ...>
16669 munmap(0x100000000000, 16384 <unfinished ...>
16668 <... munmap resumed>)             = 0
16666 munmap(0x100180000000, 16384 <unfinished ...>
16665 <... mmap resumed>)               = 0x100080000000
16663 <... mmap resumed>)               = 0x100100000000
16662 <... mmap resumed>)               = 0x100140000000
16660 <... mmap resumed>)               = 0x100040400000
16657 munmap(0x100100200000, 16384 <unfinished ...>
16672 mmap(NULL, 16384, PROT_READ|PROT_WRITE, MAP_PRIVATE|MAP_ANONYMOUS|MAP_NORESERVE, -1, 0 <unfinished ...>
16670 <... mmap resumed>)               = 0x100000000000
16669 <... munmap resumed>)             = 0
16667 <... munmap resumed>)             = 0
16666 <... munmap resumed>)             = 0
16664 munmap(0x1000c0000000, 16384 <unfinished ...>
16662 munmap(0x100140000000, 16384 <unfinished ...>
16661 munmap(0x1000c0200000, 16384 <unfinished ...>
16659 munmap(0x100000200000, 16384 <unfinished ...>
16658 munmap(0x100040000000, 16384 <unfinished ...>
16665 munmap(0x100080000000, 16384 <unfinished ...>
16657 <... munmap resumed>)             = 0
16672 <... mmap resumed>)               = 0x100100200000
16671 <... mmap resumed>)               = 0x100040200000
16670 munmap(0x100000000000, 16384 <unfinished ...>
16669 mmap(NULL, 16384, PROT_READ|PROT_WRITE, MAP_PRIVATE|MAP_ANONYMOUS|MAP_NORESERVE, -1, 0 <unfinished ...>
16668 mmap(NULL, 16384, PROT_READ|PROT_WRITE, MAP_PRIVATE|MAP_ANONYMOUS|MAP_NORESERVE, -1, 0 <unfinished ...>
16667 mmap(NULL, 16384, PROT_READ|PROT_WRITE, MAP_PRIVATE|MAP_ANONYMOUS|MAP_NORESERVE, -1, 0 <unfinished ...>
16666 mmap(NULL, 16384, PROT_READ|PROT_WRITE, MAP_PRIVATE|MAP_ANONYMOUS|MAP_NORESERVE, -1, 0 <unfinished ...>
16665 <... munmap resumed>)             = 0
16663 munmap(0x100100000000, 16384 <unfinished ...>
16662 <... munmap resumed>)             = 0
16660 munmap(0x100040400000, 16384 <unfinished ...>
16658 <... munmap resumed>)             = 0
16672 munmap(0x100100200000, 16384 <unfinished ...>
16671 munmap(0x100040200000, 16384 <unfinished ...>
16669 <... mmap resumed>)               = 0x100080000000
16668 <... mmap resumed>)               = 0x1000c0000000
16667 <... mmap resumed>)               = 0x100040000000
16666 <... mmap resumed>)               = 0x100100000000
16665 mmap(NULL, 16384, PROT_READ|PROT_WRITE, MAP_PRIVATE|MAP_ANONYMOUS|MAP_NORESERVE, -1, 0 <unfinished ...>
16664 <... munmap resumed>)             = 0
16663 <... munmap resumed>)             = 0
16662 mmap(NULL, 16384, PROT_READ|PROT_WRITE, MAP_PRIVATE|MAP_ANONYMOUS|MAP_NORESERVE, -1, 0 <unfinished ...>
16661 <... munmap resumed>)             = 0
16659 <... munmap resumed>)             = 0
16657 mmap(NULL, 16384, PROT_READ|PROT_WRITE, MAP_PRIVATE|MAP_ANONYMOUS|MAP_NORESERVE, -1, 0 <unfinished ...>
16672 <... munmap resumed>)             = 0
16671 <... munmap resumed>)             = 0
16670 <... munmap resumed>)             = 0
16669 munmap(0x100080000000, 16384 <unfinished ...>
16668 munmap(0x1000c0000000, 16384 <unfinished ...>
16665 <... mmap resumed>)               = 0x100000000000
16664 mmap(NULL, 16384, PROT_READ|PROT_WRITE, MAP_PRIVATE|MAP_ANONYMOUS|MAP_NORESERVE, -1, 0 <unfinished ...>
16667 munmap(0x100040000000, 16384 <unfinished ...>
16663 mmap(NULL, 16384, PROT_READ|PROT_WRITE, MAP_PRIVATE|MAP_ANONYMOUS|MAP_NORESERVE, -1, 0 <unfinished ...>
16662 <... mmap resumed>)               = 0x100040200000
16660 <... munmap resumed>)             = 0
16659 mmap(NULL, 16384, PROT_READ|PROT_WRITE, MAP_PRIVATE|MAP_ANONYMOUS|MAP_NORESERVE, -1, 0 <unfinished ...>
16658 mmap(NULL, 16384, PROT_READ|PROT_WRITE, MAP_PRIVATE|MAP_ANONYMOUS|MAP_NORESERVE, -1, 0 <unfinished ...>
16657 <... mmap resumed>)               = 0x100040400000
16672 mmap(NULL, 16384, PROT_READ|PROT_WRITE, MAP_PRIVATE|MAP_ANONYMOUS|MAP_NORESERVE, -1, 0 <unfinished ...>
16671 mmap(NULL, 16384, PROT_READ|PROT_WRITE, MAP_PRIVATE|MAP_ANONYMOUS|MAP_NORESERVE, -1, 0 <unfinished ...>
16670 mmap(NULL, 16384, PROT_READ|PROT_WRITE, MAP_PRIVATE|MAP_ANONYMOUS|MAP_NORESERVE, -1, 0 <unfinished ...>
16669 <... munmap resumed>)             = 0
16668 <... munmap resumed>)             = 0
16667 <... munmap resumed>)             = 0
16666 munmap(0x100100000000, 16384 <unfinished ...>
16665 munmap(0x100000000000, 16384 <unfinished ...>
16664 <... mmap resumed>)               = 0x1000c0000000
16663 <... mmap resumed>)               = 0x100080000000
16662 munmap(0x100040200000, 16384 <unfinished ...>
16661 mmap(NULL, 16384, PROT_READ|PROT_WRITE, MAP_PRIVATE|MAP_ANONYMOUS|MAP_NORESERVE, -1, 0 <unfinished ...>
16659 <... mmap resumed>)               = 0x100040000000
16658 <... mmap resumed>)               = 0x100100200000
16657 munmap(0x100040400000, 16384 <unfinished ...>
16672 <... mmap resumed>)               = 0x1000c0200000
16671 <... mmap resumed>)               = 0x100000200000
16670 <... mmap resumed>)               = 0x100140000000
16669 mmap(NULL, 16384, PROT_READ|PROT_WRITE, MAP_PRIVATE|MAP_ANONYMOUS|MAP_NORESERVE, -1, 0 <unfinished ...>
16668 mmap(NULL, 16384, PROT_READ|PROT_WRITE, MAP_PRIVATE|MAP_ANONYMOUS|MAP_NORESERVE, -1, 0 <unfinished ...>
16667 mmap(NULL, 16384, PROT_READ|PROT_WRITE, MAP_PRIVATE|MAP_ANONYMOUS|MAP_NORESERVE, -1, 0 <unfinished ...>
16666 <... munmap resumed>)             = 0
16665 <... munmap resumed>)             = 0
16664 munmap(0x1000c0000000, 16384 <unfinished ...>
16663 munmap(0x100080000000, 16384 <unfinished ...>
16662 <... munmap resumed>)             = 0
16660 mmap(NULL, 16384, PROT_READ|PROT_WRITE, MAP_PRIVATE|MAP_ANONYMOUS|MAP_NORESERVE, -1, 0 <unfinished ...>
16659 munmap(0x100040000000, 16384 <unfinished ...>
16658 munmap(0x100100200000, 16384 <unfinished ...>
16657 <... munmap resumed>)             = 0
16672 munmap(0x1000c0200000, 16384 <unfinished ...>
16671 munmap(0x100000200000, 16384 <unfinished ...>
16670 munmap(0x100140000000, 16384 <unfinished ...>
16669 <... mmap resumed>)               = 0x100040400000
16668 <... mmap resumed>)               = 0x100040200000
16667 <... mmap resumed>)               = 0x100100000000
16666 mmap(NULL, 16384, PROT_READ|PROT_WRITE, MAP_PRIVATE|MAP_ANONYMOUS|MAP_NORESERVE, -1, 0 <unfinished ...>
16665 mmap(NULL, 16384, PROT_READ|PROT_WRITE, MAP_PRIVATE|MAP_ANONYMOUS|MAP_NORESERVE, -1, 0 <unfinished ...>
16664 <... munmap resumed>)             = 0
16663 <... munmap resumed>)             = 0
16662 mmap(NULL, 16384, PROT_READ|PROT_WRITE, MAP_PRIVATE|MAP_ANONYMOUS|MAP_NORESERVE, -1, 0 <unfinished ...>
16661 <... mmap resumed>)               = 0x100000000000
16659 <... munmap resumed>)             = 0
16658 <... munmap resumed>)             = 0
16657 mmap(NULL, 16384, PROT_READ|PROT_WRITE, MAP_PRIVATE|MAP_ANONYMOUS|MAP_NORESERVE, -1, 0 <unfinished ...>
16672 <... munmap resumed>)             = 0
16671 <... munmap resumed>)             = 0
16670 <... munmap resumed>)             = 0
16669 munmap(0x100040400000, 16384 <unfinished ...>
16668 munmap(0x100040200000, 16384 <unfinished ...>
16667 munmap(0x100100000000, 16384 <unfinished ...>
16666 <... mmap resumed>)               = 0x100140000000
16665 <... mmap resumed>)               = 0x100000200000
16664 mmap(NULL, 16384, PROT_READ|PROT_WRITE, MAP_PRIVATE|MAP_ANONYMOUS|MAP_NORESERVE, -1, 0 <unfinished ...>
16663 mmap(NULL, 16384, PROT_READ|PROT_WRITE, MAP_PRIVATE|MAP_ANONYMOUS|MAP_NORESERVE, -1, 0 <unfinished ...>
16662 <... mmap resumed>)               = 0x100100200000
16661 munmap(0x100000000000, 16384 <unfinished ...>
16660 <... mmap resumed>)               = 0x1000c0200000
16659 mmap(NULL, 16384, PROT_READ|PROT_WRITE, MAP_PRIVATE|MAP_ANONYMOUS|MAP_NORESERVE, -1, 0 <unfinished ...>
16658 mmap(NULL, 16384, PROT_READ|PROT_WRITE, MAP_PRIVATE|MAP_ANONYMOUS|MAP_NORESERVE, -1, 0 <unfinished ...>
16657 <... mmap resumed>)               = 0x100040000000
16672 mmap(NULL, 16384, PROT_READ|PROT_WRITE, MAP_PRIVATE|MAP_ANONYMOUS|MAP_NORESERVE, -1, 0 <unfinished ...>
16671 mmap(NULL, 16384, PROT_READ|PROT_WRITE, MAP_PRIVATE|MAP_ANONYMOUS|MAP_NORESERVE, -1, 0 <unfinished ...>
16670 mmap(NULL, 16384, PROT_READ|PROT_WRITE, MAP_PRIVATE|MAP_ANONYMOUS|MAP_NORESERVE, -1, 0 <unfinished ...>
16669 <... munmap resumed>)             = 0
16668 <... munmap resumed>)             = 0
16667 <... munmap resumed>)             = 0
16666 munmap(0x100140000000, 16384 <unfinished ...>
16665 munmap(0x100000200000, 16384 <unfinished ...>
16664 <... mmap resumed>)               = 0x100100000000
16662 munmap(0x100100200000, 16384 <unfinished ...>
16660 munmap(0x1000c0200000, 16384 <unfinished ...>
16672 <... mmap resumed>)               = 0x100080000000
16671 <... mmap resumed>)               = 0x1000c0000000
16669 mmap(NULL, 16384, PROT_READ|PROT_WRITE, MAP_PRIVATE|MAP_ANONYMOUS|MAP_NORESERVE, -1, 0 <unfinished ...>
16668 mmap(NULL, 16384, PROT_READ|PROT_WRITE, MAP_PRIVATE|MAP_ANONYMOUS|MAP_NORESERVE, -1, 0 <unfinished ...>
16667 mmap(NULL, 16384, PROT_READ|PROT_WRITE, MAP_PRIVATE|MAP_ANONYMOUS|MAP_NORESERVE, -1, 0 <unfinished ...>
16666 <... munmap resumed>)             = 0
16665 <... munmap resumed>)             = 0
16663 <... mmap resumed>)               = 0x100040400000
16661 <... munmap resumed>)             = 0
16659 <... mmap resumed>)               = 0x100000000000
16658 <... mmap resumed>)               = 0x100040200000
16657 munmap(0x100040000000, 16384 <unfinished ...>
16672 munmap(0x100080000000, 16384 <unfinished ...>
16669 <... mmap resumed>)               = 0x100100200000
16666 mmap(NULL, 16384, PROT_READ|PROT_WRITE, MAP_PRIVATE|MAP_ANONYMOUS|MAP_NORESERVE, -1, 0 <unfinished ...>
16664 munmap(0x100100000000, 16384 <unfinished ...>
16662 <... munmap resumed>)             = 0
16661 mmap(NULL, 16384, PROT_READ|PROT_WRITE, MAP_PRIVATE|MAP_ANONYMOUS|MAP_NORESERVE, -1, 0 <unfinished ...>
16671 munmap(0x1000c0000000, 16384 <unfinished ...>
16669 munmap(0x100100200000, 16384 <unfinished ...>
16666 <... mmap resumed>)               = 0x1000c0200000
16664 <... munmap resumed>)             = 0
16663 munmap(0x100040400000, 16384 <unfinished ...>
16660 <... munmap resumed>)             = 0
16658 munmap(0x100040200000, 16384 <unfinished ...>
16657 <... munmap resumed>)             = 0
16670 <... mmap resumed>)               = 0x100100000000
16669 <... munmap resumed>)             = 0
16668 <... mmap resumed>)               = 0x100040400000
16667 <... mmap resumed>)               = 0x100100200000
16666 munmap(0x1000c0200000, 16384 <unfinished ...>
16665 mmap(NULL, 16384, PROT_READ|PROT_WRITE, MAP_PRIVATE|MAP_ANONYMOUS|MAP_NORESERVE, -1, 0 <unfinished ...>
16664 mmap(NULL, 16384, PROT_READ|PROT_WRITE, MAP_PRIVATE|MAP_ANONYMOUS|MAP_NORESERVE, -1, 0 <unfinished ...>
16663 <... munmap resumed>)             = 0
16661 <... mmap resumed>)               = 0x100040000000
16657 mmap(NULL, 16384, PROT_READ|PROT_WRITE, MAP_PRIVATE|MAP_ANONYMOUS|MAP_NORESERVE, -1, 0 <unfinished ...>
16672 <... munmap resumed>)             = 0
16671 <... munmap resumed>)             = 0
16670 munmap(0x100100000000, 16384 <unfinished ...>
16669 mmap(NULL, 16384, PROT_READ|PROT_WRITE, MAP_PRIVATE|MAP_ANONYMOUS|MAP_NORESERVE, -1, 0 <unfinished ...>
16668 munmap(0x100040400000, 16384 <unfinished ...>
16667 munmap(0x100100200000, 16384 <unfinished ...>
16666 <... munmap resumed>)             = 0
16665 <... mmap resumed>)               = 0x1000c0200000
16664 <... mmap resumed>)               = 0x100040200000
16663 mmap(NULL, 16384, PROT_READ|PROT_WRITE, MAP_PRIVATE|MAP_ANONYMOUS|MAP_NORESERVE, -1, 0 <unfinished ...>
16662 mmap(NULL, 16384, PROT_READ|PROT_WRITE, MAP_PRIVATE|MAP_ANONYMOUS|MAP_NORESERVE, -1, 0 <unfinished ...>
16660 mmap(NULL, 16384, PROT_READ|PROT_WRITE, MAP_PRIVATE|MAP_ANONYMOUS|MAP_NORESERVE, -1, 0 <unfinished ...>
16659 munmap(0x100000000000, 16384 <unfinished ...>
16658 <... munmap resumed>)             = 0
16672 mmap(NULL, 16384, PROT_READ|PROT_WRITE, MAP_PRIVATE|MAP_ANONYMOUS|MAP_NORESERVE, -1, 0 <unfinished ...>
16671 mmap(NULL, 16384, PROT_READ|PROT_WRITE, MAP_PRIVATE|MAP_ANONYMOUS|MAP_NORESERVE, -1, 0 <unfinished ...>
16670 <... munmap resumed>)             = 0
16669 <... mmap resumed>)               = 0x100100000000
16668 <... munmap resumed>)             = 0
16667 <... munmap resumed>)             = 0
16666 mmap(NULL, 16384, PROT_READ|PROT_WRITE, MAP_PRIVATE|MAP_ANONYMOUS|MAP_NORESERVE, -1, 0 <unfinished ...>
16665 munmap(0x1000c0200000, 16384 <unfinished ...>
16664 munmap(0x100040200000, 16384 <unfinished ...>
16663 <... mmap resumed>)               = 0x100100200000
16662 <... mmap resumed>)               = 0x100040400000
16661 munmap(0x100040000000, 16384 <unfinished ...>
16660 <... mmap resumed>)               = 0x100000000000
16659 <... munmap resumed>)             = 0
16658 mmap(NULL, 16384, PROT_READ|PROT_WRITE, MAP_PRIVATE|MAP_ANONYMOUS|MAP_NORESERVE, -1, 0 <unfinished ...>
16657 <... mmap resumed>)               = 0x1000c0000000
16672 <... mmap resumed>)               = 0x100080000000
16671 <... mmap resumed>)               = 0x100000200000
16669 munmap(0x100100000000, 16384 <unfinished ...>
16668 mmap(NULL, 16384, PROT_READ|PROT_WRITE, MAP_PRIVATE|MAP_ANONYMOUS|MAP_NORESERVE, -1, 0 <unfinished ...>
16667 mmap(NULL, 16384, PROT_READ|PROT_WRITE, MAP_PRIVATE|MAP_ANONYMOUS|MAP_NORESERVE, -1, 0 <unfinished ...>
16666 <... mmap resumed>)               = 0x100040200000
16664 <... munmap resumed>)             = 0
16661 <... munmap resumed>)             = 0
16672 munmap(0x100080000000, 16384 <unfinished ...>
16671 munmap(0x100000200000, 16384 <unfinished ...>
16670 mmap(NULL, 16384, PROT_READ|PROT_WRITE, MAP_PRIVATE|MAP_ANONYMOUS|MAP_NORESERVE, -1, 0 <unfinished ...>
16669 <... munmap resumed>)             = 0
16668 <... mmap resumed>)               = 0x100040000000
16667 <... mmap resumed>)               = 0x100100000000
16665 <... munmap resumed>)             = 0
16663 munmap(0x100100200000, 16384 <unfinished ...>
16662 munmap(0x100040400000, 16384 <unfinished ...>
16660 munmap(0x100000000000, 16384 <unfinished ...>
16659 mmap(NULL, 16384, PROT_READ|PROT_WRITE, MAP_PRIVATE|MAP_ANONYMOUS|MAP_NORESERVE, -1, 0 <unfinished ...>
16658 <... mmap resumed>)               = 0x1000c0200000
16657 munmap(0x1000c0000000, 16384 <unfinished ...>
16664 mmap(NULL, 16384, PROT_READ|PROT_WRITE, MAP_PRIVATE|MAP_ANONYMOUS|MAP_NORESERVE, -1, 0 <unfinished ...>
16663 <... munmap resumed>)             = 0
16658 munmap(0x1000c0200000, 16384 <unfinished ...>
16672 <... munmap resumed>)             = 0
16671 <... munmap resumed>)             = 0
16670 <... mmap resumed>)               = 0x100000000000
16669 mmap(NULL, 16384, PROT_READ|PROT_WRITE, MAP_PRIVATE|MAP_ANONYMOUS|MAP_NORESERVE, -1, 0 <unfinished ...>
16668 munmap(0x100040000000, 16384 <unfinished ...>
16667 munmap(0x100100000000, 16384 <unfinished ...>
16666 munmap(0x100040200000, 16384 <unfinished ...>
16665 mmap(NULL, 16384, PROT_READ|PROT_WRITE, MAP_PRIVATE|MAP_ANONYMOUS|MAP_NORESERVE, -1, 0 <unfinished ...>
16664 <... mmap resumed>)               = 0x100000200000
16663 mmap(NULL, 16384, PROT_READ|PROT_WRITE, MAP_PRIVATE|MAP_ANONYMOUS|MAP_NORESERVE, -1, 0 <unfinished ...>
16662 <... munmap resumed>)             = 0
16661 mmap(NULL, 16384, PROT_READ|PROT_WRITE, MAP_PRIVATE|MAP_ANONYMOUS|MAP_NORESERVE, -1, 0 <unfinished ...>
16660 <... munmap resumed>)             = 0
16659 <... mmap resumed>)               = 0x100040400000
16657 <... munmap resumed>)             = 0
16672 mmap(NULL, 16384, PROT_READ|PROT_WRITE, MAP_PRIVATE|MAP_ANONYMOUS|MAP_NORESERVE, -1, 0 <unfinished ...>
16671 mmap(NULL, 16384, PROT_READ|PROT_WRITE, MAP_PRIVATE|MAP_ANONYMOUS|MAP_NORESERVE, -1, 0 <unfinished ...>
16670 munmap(0x100000000000, 16384 <unfinished ...>
16669 <... mmap resumed>)               = 0x1000c0200000
16668 <... munmap resumed>)             = 0
16667 <... munmap resumed>)             = 0
16666 <... munmap resumed>)             = 0
16665 <... mmap resumed>)               = 0x1000c0000000
16664 munmap(0x100000200000, 16384 <unfinished ...>
16663 <... mmap resumed>)               = 0x100040000000
16662 mmap(NULL, 16384, PROT_READ|PROT_WRITE, MAP_PRIVATE|MAP_ANONYMOUS|MAP_NORESERVE, -1, 0 <unfinished ...>
16661 <... mmap resumed>)               = 0x100040200000
16660 mmap(NULL, 16384, PROT_READ|PROT_WRITE, MAP_PRIVATE|MAP_ANONYMOUS|MAP_NORESERVE, -1, 0 <unfinished ...>
16659 munmap(0x100040400000, 16384 <unfinished ...>
16658 <... munmap resumed>)             = 0
16672 <... mmap resumed>)               = 0x100100000000
16671 <... mmap resumed>)               = 0x100000000000
16670 <... munmap resumed>)             = 0
16669 munmap(0x1000c0200000, 16384 <unfinished ...>
16668 mmap(NULL, 16384, PROT_READ|PROT_WRITE, MAP_PRIVATE|MAP_ANONYMOUS|MAP_NORESERVE, -1, 0 <unfinished ...>
16667 mmap(NULL, 16384, PROT_READ|PROT_WRITE, MAP_PRIVATE|MAP_ANONYMOUS|MAP_NORESERVE, -1, 0 <unfinished ...>
16666 mmap(NULL, 16384, PROT_READ|PROT_WRITE, MAP_PRIVATE|MAP_ANONYMOUS|MAP_NORESERVE, -1, 0 <unfinished ...>
16665 munmap(0x1000c0000000, 16384 <unfinished ...>
16662 <... mmap resumed>)               = 0x100080000000
16664 <... munmap resumed>)             = 0
16660 <... mmap resumed>)               = 0x100100200000
16657 mmap(NULL, 16384, PROT_READ|PROT_WRITE, MAP_PRIVATE|MAP_ANONYMOUS|MAP_NORESERVE, -1, 0 <unfinished ...>
16672 munmap(0x100100000000, 16384 <unfinished ...>
16671 munmap(0x100000000000, 16384 <unfinished ...>
16669 <... munmap resumed>)             = 0
16668 <... mmap resumed>)               = 0x100040400000
16666 <... mmap resumed>)               = 0x1000c0200000
16665 <... munmap resumed>)             = 0
16663 munmap(0x100040000000, 16384 <unfinished ...>
16661 munmap(0x100040200000, 16384 <unfinished ...>
16659 <... munmap resumed>)             = 0
16658 mmap(NULL, 16384, PROT_READ|PROT_WRITE, MAP_PRIVATE|MAP_ANONYMOUS|MAP_NORESERVE, -1, 0 <unfinished ...>
16672 <... munmap resumed>)             = 0
16671 <... munmap resumed>)             = 0
16670 mmap(NULL, 16384, PROT_READ|PROT_WRITE, MAP_PRIVATE|MAP_ANONYMOUS|MAP_NORESERVE, -1, 0 <unfinished ...>
16667 <... mmap resumed>)               = 0x1000c0000000
16662 munmap(0x100080000000, 16384 <unfinished ...>
16672 mmap(NULL, 16384, PROT_READ|PROT_WRITE, MAP_PRIVATE|MAP_ANONYMOUS|MAP_NORESERVE, -1, 0 <unfinished ...>
16671 mmap(NULL, 16384, PROT_READ|PROT_WRITE, MAP_PRIVATE|MAP_ANONYMOUS|MAP_NORESERVE, -1, 0 <unfinished ...>
16670 <... mmap resumed>)               = 0x100040000000
16669 mmap(NULL, 16384, PROT_READ|PROT_WRITE, MAP_PRIVATE|MAP_ANONYMOUS|MAP_NORESERVE, -1, 0 <unfinished ...>
16668 munmap(0x100040400000, 16384 <unfinished ...>
16667 munmap(0x1000c0000000, 16384 <unfinished ...>
16666 munmap(0x1000c0200000, 16384 <unfinished ...>
16665 mmap(NULL, 16384, PROT_READ|PROT_WRITE, MAP_PRIVATE|MAP_ANONYMOUS|MAP_NORESERVE, -1, 0 <unfinished ...>
16664 mmap(NULL, 16384, PROT_READ|PROT_WRITE, MAP_PRIVATE|MAP_ANONYMOUS|MAP_NORESERVE, -1, 0 <unfinished ...>
16663 <... munmap resumed>)             = 0
16662 <... munmap resumed>)             = 0
16661 <... munmap resumed>)             = 0
16660 munmap(0x100100200000, 16384 <unfinished ...>
16659 mmap(NULL, 16384, PROT_READ|PROT_WRITE, MAP_PRIVATE|MAP_ANONYMOUS|MAP_NORESERVE, -1, 0 <unfinished ...>
16658 <... mmap resumed>)               = 0x100000000000
16657 <... mmap resumed>)               = 0x100080000000
16672 <... mmap resumed>)               = 0x100040200000
16671 <... mmap resumed>)               = 0x100100000000
16670 munmap(0x100040000000, 16384 <unfinished ...>
16669 <... mmap resumed>)               = 0x100000200000
16668 <... munmap resumed>)             = 0
16667 <... munmap resumed>)             = 0
16666 <... munmap resumed>)             = 0
16665 <... mmap resumed>)               = 0x1000c0200000
16664 <... mmap resumed>)               = 0x1000c0000000
16663 mmap(NULL, 16384, PROT_READ|PROT_WRITE, MAP_PRIVATE|MAP_ANONYMOUS|MAP_NORESERVE, -1, 0 <unfinished ...>
16662 mmap(NULL, 16384, PROT_READ|PROT_WRITE, MAP_PRIVATE|MAP_ANONYMOUS|MAP_NORESERVE, -1, 0 <unfinished ...>
16661 mmap(NULL, 16384, PROT_READ|PROT_WRITE, MAP_PRIVATE|MAP_ANONYMOUS|MAP_NORESERVE, -1, 0 <unfinished ...>
16660 <... munmap resumed>)             = 0
16659 <... mmap resumed>)               = 0x100040400000
16658 munmap(0x100000000000, 16384 <unfinished ...>
16672 munmap(0x100040200000, 16384 <unfinished ...>
16671 munmap(0x100100000000, 16384 <unfinished ...>
16670 <... munmap resumed>)             = 0
16669 munmap(0x100000200000, 16384 <unfinished ...>
16668 mmap(NULL, 16384, PROT_READ|PROT_WRITE, MAP_PRIVATE|MAP_ANONYMOUS|MAP_NORESERVE, -1, 0 <unfinished ...>
16667 mmap(NULL, 16384, PROT_READ|PROT_WRITE, MAP_PRIVATE|MAP_ANONYMOUS|MAP_NORESERVE, -1, 0 <unfinished ...>
16666 mmap(NULL, 16384, PROT_READ|PROT_WRITE, MAP_PRIVATE|MAP_ANONYMOUS|MAP_NORESERVE, -1, 0 <unfinished ...>
16665 munmap(0x1000c0200000, 16384 <unfinished ...>
16664 munmap(0x1000c0000000, 16384 <unfinished ...>
16663 <... mmap resumed>)               = 0x100040000000
16662 <... mmap resumed>)               = 0x100100200000
16661 <... mmap resumed>)               = 0x100140000000
16660 mmap(NULL, 16384, PROT_READ|PROT_WRITE, MAP_PRIVATE|MAP_ANONYMOUS|MAP_NORESERVE, -1, 0 <unfinished ...>
16657 munmap(0x100080000000, 16384 <unfinished ...>
16672 <... munmap resumed>)             = 0
16671 <... munmap resumed>)             = 0
16670 mmap(NULL, 16384, PROT_READ|PROT_WRITE, MAP_PRIVATE|MAP_ANONYMOUS|MAP_NORESERVE, -1, 0 <unfinished ...>
16669 <... munmap resumed>)             = 0
16668 <... mmap resumed>)               = 0x100040200000
16667 <... mmap resumed>)               = 0x100100000000
16666 <... mmap resumed>)               = 0x100000200000
16665 <... munmap resumed>)             = 0
16664 <... munmap resumed>)             = 0
16663 munmap(0x100040000000, 16384 <unfinished ...>
16662 munmap(0x100100200000, 16384 <unfinished ...>
16661 munmap(0x100140000000, 16384 <unfinished ...>
16659 munmap(0x100040400000, 16384 <unfinished ...>
16658 <... munmap resumed>)             = 0
16672 mmap(NULL, 16384, PROT_READ|PROT_WRITE, MAP_PRIVATE|MAP_ANONYMOUS|MAP_NORESERVE, -1, 0 <unfinished ...>
16671 mmap(NULL, 16384, PROT_READ|PROT_WRITE, MAP_PRIVATE|MAP_ANONYMOUS|MAP_NORESERVE, -1, 0 <unfinished ...>
16670 <... mmap resumed>)               = 0x1000c0000000
16669 mmap(NULL, 16384, PROT_READ|PROT_WRITE, MAP_PRIVATE|MAP_ANONYMOUS|MAP_NORESERVE, -1, 0 <unfinished ...>
16668 munmap(0x100040200000, 16384 <unfinished ...>
16667 munmap(0x100100000000, 16384 <unfinished ...>
16666 munmap(0x100000200000, 16384 <unfinished ...>
16665 mmap(NULL, 16384, PROT_READ|PROT_WRITE, MAP_PRIVATE|MAP_ANONYMOUS|MAP_NORESERVE, -1, 0 <unfinished ...>
16664 mmap(NULL, 16384, PROT_READ|PROT_WRITE, MAP_PRIVATE|MAP_ANONYMOUS|MAP_NORESERVE, -1, 0 <unfinished ...>
16663 <... munmap resumed>)             = 0
16662 <... munmap resumed>)             = 0
16661 <... munmap resumed>)             = 0
16660 <... mmap resumed>)               = 0x100080000000
16659 <... munmap resumed>)             = 0
16657 <... munmap resumed>)             = 0
16672 <... mmap resumed>)               = 0x100140000000
16671 <... mmap resumed>)               = 0x100040400000
16670 munmap(0x1000c0000000, 16384 <unfinished ...>
16669 <... mmap resumed>)               = 0x100100200000
16668 <... munmap resumed>)             = 0
16667 <... munmap resumed>)             = 0
16666 <... munmap resumed>)             = 0
16665 <... mmap resumed>)               = 0x100100000000
16664 <... mmap resumed>)               = 0x100000200000
16663 mmap(NULL, 16384, PROT_READ|PROT_WRITE, MAP_PRIVATE|MAP_ANONYMOUS|MAP_NORESERVE, -1, 0 <unfinished ...>
16662 mmap(NULL, 16384, PROT_READ|PROT_WRITE, MAP_PRIVATE|MAP_ANONYMOUS|MAP_NORESERVE, -1, 0 <unfinished ...>
16661 mmap(NULL, 16384, PROT_READ|PROT_WRITE, MAP_PRIVATE|MAP_ANONYMOUS|MAP_NORESERVE, -1, 0 <unfinished ...>
16658 mmap(NULL, 16384, PROT_READ|PROT_WRITE, MAP_PRIVATE|MAP_ANONYMOUS|MAP_NORESERVE, -1, 0 <unfinished ...>
16672 munmap(0x100140000000, 16384 <unfinished ...>
16671 munmap(0x100040400000, 16384 <unfinished ...>
16670 <... munmap resumed>)             = 0
16669 munmap(0x100100200000, 16384 <unfinished ...>
16668 mmap(NULL, 16384, PROT_READ|PROT_WRITE, MAP_PRIVATE|MAP_ANONYMOUS|MAP_NORESERVE, -1, 0 <unfinished ...>
16667 mmap(NULL, 16384, PROT_READ|PROT_WRITE, MAP_PRIVATE|MAP_ANONYMOUS|MAP_NORESERVE, -1, 0 <unfinished ...>
16666 mmap(NULL, 16384, PROT_READ|PROT_WRITE, MAP_PRIVATE|MAP_ANONYMOUS|MAP_NORESERVE, -1, 0 <unfinished ...>
16665 munmap(0x100100000000, 16384 <unfinished ...>
16664 munmap(0x100000200000, 16384 <unfinished ...>
16663 <... mmap resumed>)               = 0x1000c0000000
16662 <... mmap resumed>)               = 0x100040200000
16661 <... mmap resumed>)               = 0x100040000000
16660 munmap(0x100080000000, 16384 <unfinished ...>
16659 mmap(NULL, 16384, PROT_READ|PROT_WRITE, MAP_PRIVATE|MAP_ANONYMOUS|MAP_NORESERVE, -1, 0 <unfinished ...>
16657 mmap(NULL, 16384, PROT_READ|PROT_WRITE, MAP_PRIVATE|MAP_ANONYMOUS|MAP_NORESERVE, -1, 0 <unfinished ...>
16672 <... munmap resumed>)             = 0
16671 <... munmap resumed>)             = 0
16670 mmap(NULL, 16384, PROT_READ|PROT_WRITE, MAP_PRIVATE|MAP_ANONYMOUS|MAP_NORESERVE, -1, 0 <unfinished ...>
16669 <... munmap resumed>)             = 0
16668 <... mmap resumed>)               = 0x100100200000
16667 <... mmap resumed>)               = 0x100040400000
16666 <... mmap resumed>)               = 0x100140000000
16665 <... munmap resumed>)             = 0
16664 <... munmap resumed>)             = 0
16663 munmap(0x1000c0000000, 16384 <unfinished ...>
16662 munmap(0x100040200000, 16384 <unfinished ...>
16658 <... mmap resumed>)               = 0x1000c0200000
16661 munmap(0x100040000000, 16384 <unfinished ...>
16660 <... munmap resumed>)             = 0
16659 <... mmap resumed>)               = 0x100080000000
16657 <... mmap resumed>)               = 0x100100000000
16672 mmap(NULL, 16384, PROT_READ|PROT_WRITE, MAP_PRIVATE|MAP_ANONYMOUS|MAP_NORESERVE, -1, 0 <unfinished ...>
16671 mmap(NULL, 16384, PROT_READ|PROT_WRITE, MAP_PRIVATE|MAP_ANONYMOUS|MAP_NORESERVE, -1, 0 <unfinished ...>
16670 <... mmap resumed>)               = 0x1000c0000000
16669 mmap(NULL, 16384, PROT_READ|PROT_WRITE, MAP_PRIVATE|MAP_ANONYMOUS|MAP_NORESERVE, -1, 0 <unfinished ...>
16668 munmap(0x100100200000, 16384 <unfinished ...>
16667 munmap(0x100040400000, 16384 <unfinished ...>
16666 munmap(0x100140000000, 16384 <unfinished ...>
16665 mmap(NULL, 16384, PROT_READ|PROT_WRITE, MAP_PRIVATE|MAP_ANONYMOUS|MAP_NORESERVE, -1, 0 <unfinished ...>
16664 mmap(NULL, 16384, PROT_READ|PROT_WRITE, MAP_PRIVATE|MAP_ANONYMOUS|MAP_NORESERVE, -1, 0 <unfinished ...>
16663 <... munmap resumed>)             = 0
16662 <... munmap resumed>)             = 0
16661 <... munmap resumed>)             = 0
16660 mmap(NULL, 16384, PROT_READ|PROT_WRITE, MAP_PRIVATE|MAP_ANONYMOUS|MAP_NORESERVE, -1, 0 <unfinished ...>
16659 munmap(0x100080000000, 16384 <unfinished ...>
16658 munmap(0x1000c0200000, 16384 <unfinished ...>
16657 munmap(0x100100000000, 16384 <unfinished ...>
16672 <... mmap resumed>)               = 0x100040200000
16671 <... mmap resumed>)               = 0x100000200000
16670 munmap(0x1000c0000000, 16384 <unfinished ...>
16669 <... mmap resumed>)               = 0x100040000000
16668 <... munmap resumed>)             = 0
16667 <... munmap resumed>)             = 0
16665 <... mmap resumed>)               = 0x100040400000
16664 <... mmap resumed>)               = 0x100100200000
16661 mmap(NULL, 16384, PROT_READ|PROT_WRITE, MAP_PRIVATE|MAP_ANONYMOUS|MAP_NORESERVE, -1, 0 <unfinished ...>
16660 <... mmap resumed>)               = 0x100000000000
16659 <... munmap resumed>)             = 0
16672 munmap(0x100040200000, 16384 <unfinished ...>
16671 munmap(0x100000200000, 16384 <unfinished ...>
16667 mmap(NULL, 16384, PROT_READ|PROT_WRITE, MAP_PRIVATE|MAP_ANONYMOUS|MAP_NORESERVE, -1, 0 <unfinished ...>
16666 <... munmap resumed>)             = 0
16663 mmap(NULL, 16384, PROT_READ|PROT_WRITE, MAP_PRIVATE|MAP_ANONYMOUS|MAP_NORESERVE, -1, 0 <unfinished ...>
16662 mmap(NULL, 16384, PROT_READ|PROT_WRITE, MAP_PRIVATE|MAP_ANONYMOUS|MAP_NORESERVE, -1, 0 <unfinished ...>
16658 <... munmap resumed>)             = 0
16657 <... munmap resumed>)             = 0
16672 <... munmap resumed>)             = 0
16670 <... munmap resumed>)             = 0
16669 munmap(0x100040000000, 16384 <unfinished ...>
16668 mmap(NULL, 16384, PROT_READ|PROT_WRITE, MAP_PRIVATE|MAP_ANONYMOUS|MAP_NORESERVE, -1, 0 <unfinished ...>
16667 <... mmap resumed>)               = 0x100040200000
16665 munmap(0x100040400000, 16384 <unfinished ...>
16664 munmap(0x100100200000, 16384 <unfinished ...>
16661 <... mmap resumed>)               = 0x100100000000
16659 mmap(NULL, 16384, PROT_READ|PROT_WRITE, MAP_PRIVATE|MAP_ANONYMOUS|MAP_NORESERVE, -1, 0 <unfinished ...>
16672 mmap(NULL, 16384, PROT_READ|PROT_WRITE, MAP_PRIVATE|MAP_ANONYMOUS|MAP_NORESERVE, -1, 0 <unfinished ...>
16671 <... munmap resumed>)             = 0
16670 mmap(NULL, 16384, PROT_READ|PROT_WRITE, MAP_PRIVATE|MAP_ANONYMOUS|MAP_NORESERVE, -1, 0 <unfinished ...>
16669 <... munmap resumed>)             = 0
16667 munmap(0x100040200000, 16384 <unfinished ...>
16666 mmap(NULL, 16384, PROT_READ|PROT_WRITE, MAP_PRIVATE|MAP_ANONYMOUS|MAP_NORESERVE, -1, 0 <unfinished ...>
16664 <... munmap resumed>)             = 0
16663 <... mmap resumed>)               = 0x100000200000
16668 <... mmap resumed>)               = 0x100100200000
16662 <... mmap resumed>)               = 0x100040000000
16660 munmap(0x100000000000, 16384 <unfinished ...>
16659 <... mmap resumed>)               = 0x1000c0000000
16657 mmap(NULL, 16384, PROT_READ|PROT_WRITE, MAP_PRIVATE|MAP_ANONYMOUS|MAP_NORESERVE, -1, 0 <unfinished ...>
16672 <... mmap resumed>)               = 0x100080000000
16671 mmap(NULL, 16384, PROT_READ|PROT_WRITE, MAP_PRIVATE|MAP_ANONYMOUS|MAP_NORESERVE, -1, 0 <unfinished ...>
16670 <... mmap resumed>)               = 0x100040400000
16669 mmap(NULL, 16384, PROT_READ|PROT_WRITE, MAP_PRIVATE|MAP_ANONYMOUS|MAP_NORESERVE, -1, 0 <unfinished ...>
16668 munmap(0x100100200000, 16384 <unfinished ...>
16667 <... munmap resumed>)             = 0
16666 <... mmap resumed>)               = 0x100040200000
16665 <... munmap resumed>)             = 0
16664 mmap(NULL, 16384, PROT_READ|PROT_WRITE, MAP_PRIVATE|MAP_ANONYMOUS|MAP_NORESERVE, -1, 0 <unfinished ...>
16662 munmap(0x100040000000, 16384 <unfinished ...>
16661 munmap(0x100100000000, 16384 <unfinished ...>
16660 <... munmap resumed>)             = 0
16659 munmap(0x1000c0000000, 16384 <unfinished ...>
16658 mmap(NULL, 16384, PROT_READ|PROT_WRITE, MAP_PRIVATE|MAP_ANONYMOUS|MAP_NORESERVE, -1, 0 <unfinished ...>
16672 munmap(0x100080000000, 16384 <unfinished ...>
16671 <... mmap resumed>)               = 0x1000c0200000
16670 munmap(0x100040400000, 16384 <unfinished ...>
16669 <... mmap resumed>)               = 0x100140000000
16668 <... munmap resumed>)             = 0
16667 mmap(NULL, 16384, PROT_READ|PROT_WRITE, MAP_PRIVATE|MAP_ANONYMOUS|MAP_NORESERVE, -1, 0 <unfinished ...>
16666 munmap(0x100040200000, 16384 <unfinished ...>
16664 <... mmap resumed>)               = 0x100100200000
16663 munmap(0x100000200000, 16384 <unfinished ...>
16662 <... munmap resumed>)             = 0
16661 <... munmap resumed>)             = 0
16659 <... munmap resumed>)             = 0
16657 <... mmap resumed>)               = 0x100000000000
16672 <... munmap resumed>)             = 0
16671 munmap(0x1000c0200000, 16384 <unfinished ...>
16670 <... munmap resumed>)             = 0
16669 munmap(0x100140000000, 16384 <unfinished ...>
16668 mmap(NULL, 16384, PROT_READ|PROT_WRITE, MAP_PRIVATE|MAP_ANONYMOUS|MAP_NORESERVE, -1, 0 <unfinished ...>
16667 <... mmap resumed>)               = 0x100040400000
16666 <... munmap resumed>)             = 0
16665 mmap(NULL, 16384, PROT_READ|PROT_WRITE, MAP_PRIVATE|MAP_ANONYMOUS|MAP_NORESERVE, -1, 0 <unfinished ...>
16664 munmap(0x100100200000, 16384 <unfinished ...>
16661 mmap(NULL, 16384, PROT_READ|PROT_WRITE, MAP_PRIVATE|MAP_ANONYMOUS|MAP_NORESERVE, -1, 0 <unfinished ...>
16660 mmap(NULL, 16384, PROT_READ|PROT_WRITE, MAP_PRIVATE|MAP_ANONYMOUS|MAP_NORESERVE, -1, 0 <unfinished ...>
16672 mmap(NULL, 16384, PROT_READ|PROT_WRITE, MAP_PRIVATE|MAP_ANONYMOUS|MAP_NORESERVE, -1, 0 <unfinished ...>
16671 <... munmap resumed>)             = 0
16670 mmap(NULL, 16384, PROT_READ|PROT_WRITE, MAP_PRIVATE|MAP_ANONYMOUS|MAP_NORESERVE, -1, 0 <unfinished ...>
16669 <... munmap resumed>)             = 0
16668 <... mmap resumed>)               = 0x1000c0200000
16666 mmap(NULL, 16384, PROT_READ|PROT_WRITE, MAP_PRIVATE|MAP_ANONYMOUS|MAP_NORESERVE, -1, 0 <unfinished ...>
16664 <... munmap resumed>)             = 0
16663 <... munmap resumed>)             = 0
16662 mmap(NULL, 16384, PROT_READ|PROT_WRITE, MAP_PRIVATE|MAP_ANONYMOUS|MAP_NORESERVE, -1, 0 <unfinished ...>
16660 <... mmap resumed>)               = 0x100140000000
16659 mmap(NULL, 16384, PROT_READ|PROT_WRITE, MAP_PRIVATE|MAP_ANONYMOUS|MAP_NORESERVE, -1, 0 <unfinished ...>
16672 <... mmap resumed>)               = 0x100000200000
16670 <... mmap resumed>)               = 0x100080000000
16669 mmap(NULL, 16384, PROT_READ|PROT_WRITE, MAP_PRIVATE|MAP_ANONYMOUS|MAP_NORESERVE, -1, 0 <unfinished ...>
16667 munmap(0x100040400000, 16384 <unfinished ...>
16666 <... mmap resumed>)               = 0x1000c0000000
16665 <... mmap resumed>)               = 0x100100000000
16664 mmap(NULL, 16384, PROT_READ|PROT_WRITE, MAP_PRIVATE|MAP_ANONYMOUS|MAP_NORESERVE, -1, 0 <unfinished ...>
16663 mmap(NULL, 16384, PROT_READ|PROT_WRITE, MAP_PRIVATE|MAP_ANONYMOUS|MAP_NORESERVE, -1, 0 <unfinished ...>
16661 <... mmap resumed>)               = 0x100040200000
16660 munmap(0x100140000000, 16384 <unfinished ...>
16658 <... mmap resumed>)               = 0x100100200000
16672 munmap(0x100000200000, 16384 <unfinished ...>
16671 mmap(NULL, 16384, PROT_READ|PROT_WRITE, MAP_PRIVATE|MAP_ANONYMOUS|MAP_NORESERVE, -1, 0 <unfinished ...>
16670 munmap(0x100080000000, 16384 <unfinished ...>
16669 <... mmap resumed>)               = 0x100040000000
16667 <... munmap resumed>)             = 0
16666 munmap(0x1000c0000000, 16384 <unfinished ...>
16664 <... mmap resumed>)               = 0x100180000000
16663 <... mmap resumed>)               = 0x100040400000
16661 munmap(0x100040200000, 16384 <unfinished ...>
16660 <... munmap resumed>)             = 0
16672 <... munmap resumed>)             = 0
16670 <... munmap resumed>)             = 0
16669 munmap(0x100040000000, 16384 <unfinished ...>
16668 munmap(0x1000c0200000, 16384 <unfinished ...>
16666 <... munmap resumed>)             = 0
16664 munmap(0x100180000000, 16384 <unfinished ...>
16662 <... mmap resumed>)               = 0x100000200000
16661 <... munmap resumed>)             = 0
16658 munmap(0x100100200000, 16384 <unfinished ...>
16667 mmap(NULL, 16384, PROT_READ|PROT_WRITE, MAP_PRIVATE|MAP_ANONYMOUS|MAP_NORESERVE, -1, 0 <unfinished ...>
16660 mmap(NULL, 16384, PROT_READ|PROT_WRITE, MAP_PRIVATE|MAP_ANONYMOUS|MAP_NORESERVE, -1, 0 <unfinished ...>
16672 mmap(NULL, 16384, PROT_READ|PROT_WRITE, MAP_PRIVATE|MAP_ANONYMOUS|MAP_NORESERVE, -1, 0 <unfinished ...>
16671 <... mmap resumed>)               = 0x100040200000
16670 mmap(NULL, 16384, PROT_READ|PROT_WRITE, MAP_PRIVATE|MAP_ANONYMOUS|MAP_NORESERVE, -1, 0 <unfinished ...>
16669 <... munmap resumed>)             = 0
16668 <... munmap resumed>)             = 0
16666 mmap(NULL, 16384, PROT_READ|PROT_WRITE, MAP_PRIVATE|MAP_ANONYMOUS|MAP_NORESERVE, -1, 0 <unfinished ...>
16665 munmap(0x100100000000, 16384 <unfinished ...>
16664 <... munmap resumed>)             = 0
16663 munmap(0x100040400000, 16384 <unfinished ...>
16662 munmap(0x100000200000, 16384 <unfinished ...>
16661 mmap(NULL, 16384, PROT_READ|PROT_WRITE, MAP_PRIVATE|MAP_ANONYMOUS|MAP_NORESERVE, -1, 0 <unfinished ...>
16659 <... mmap resumed>)               = 0x100080000000
16657 munmap(0x100000000000, 16384 <unfinished ...>
16672 <... mmap resumed>)               = 0x100100200000
16671 munmap(0x100040200000, 16384 <unfinished ...>
16670 <... mmap resumed>)               = 0x100180000000
16669 mmap(NULL, 16384, PROT_READ|PROT_WRITE, MAP_PRIVATE|MAP_ANONYMOUS|MAP_NORESERVE, -1, 0 <unfinished ...>
16668 mmap(NULL, 16384, PROT_READ|PROT_WRITE, MAP_PRIVATE|MAP_ANONYMOUS|MAP_NORESERVE, -1, 0 <unfinished ...>
16667 <... mmap resumed>)               = 0x100100000000
16666 <... mmap resumed>)               = 0x100040000000
16665 <... munmap resumed>)             = 0
16664 mmap(NULL, 16384, PROT_READ|PROT_WRITE, MAP_PRIVATE|MAP_ANONYMOUS|MAP_NORESERVE, -1, 0 <unfinished ...>
16663 <... munmap resumed>)             = 0
16662 <... munmap resumed>)             = 0
16660 <... mmap resumed>)               = 0x1000c0200000
16659 munmap(0x100080000000, 16384 <unfinished ...>
16658 <... munmap resumed>)             = 0
16657 <... munmap resumed>)             = 0
16672 munmap(0x100100200000, 16384 <unfinished ...>
16671 <... munmap resumed>)             = 0
16670 munmap(0x100180000000, 16384 <unfinished ...>
16669 <... mmap resumed>)               = 0x100000200000
16668 <... mmap resumed>)               = 0x100040200000
16667 munmap(0x100100000000, 16384 <unfinished ...>
16666 munmap(0x100040000000, 16384 <unfinished ...>
16665 mmap(NULL, 16384, PROT_READ|PROT_WRITE, MAP_PRIVATE|MAP_ANONYMOUS|MAP_NORESERVE, -1, 0 <unfinished ...>
16664 <... mmap resumed>)               = 0x100040400000
16663 mmap(NULL, 16384, PROT_READ|PROT_WRITE, MAP_PRIVATE|MAP_ANONYMOUS|MAP_NORESERVE, -1, 0 <unfinished ...>
16662 mmap(NULL, 16384, PROT_READ|PROT_WRITE, MAP_PRIVATE|MAP_ANONYMOUS|MAP_NORESERVE, -1, 0 <unfinished ...>
16661 <... mmap resumed>)               = 0x100000000000
16660 munmap(0x1000c0200000, 16384 <unfinished ...>
16657 mmap(NULL, 16384, PROT_READ|PROT_WRITE, MAP_PRIVATE|MAP_ANONYMOUS|MAP_NORESERVE, -1, 0 <unfinished ...>
16672 <... munmap resumed>)             = 0
16671 mmap(NULL, 16384, PROT_READ|PROT_WRITE, MAP_PRIVATE|MAP_ANONYMOUS|MAP_NORESERVE, -1, 0 <unfinished ...>
16670 <... munmap resumed>)             = 0
16669 munmap(0x100000200000, 16384 <unfinished ...>
16668 munmap(0x100040200000, 16384 <unfinished ...>
16667 <... munmap resumed>)             = 0
16666 <... munmap resumed>)             = 0
16665 <... mmap resumed>)               = 0x100040000000
16664 munmap(0x100040400000, 16384 <unfinished ...>
16663 <... mmap resumed>)               = 0x100100000000
16662 <... mmap resumed>)               = 0x100180000000
16661 munmap(0x100000000000, 16384 <unfinished ...>
16660 <... munmap resumed>)             = 0
16659 <... munmap resumed>)             = 0
16658 mmap(NULL, 16384, PROT_READ|PROT_WRITE, MAP_PRIVATE|MAP_ANONYMOUS|MAP_NORESERVE, -1, 0 <unfinished ...>
16672 mmap(NULL, 16384, PROT_READ|PROT_WRITE, MAP_PRIVATE|MAP_ANONYMOUS|MAP_NORESERVE, -1, 0 <unfinished ...>
16671 <... mmap resumed>)               = 0x100100200000
16670 mmap(NULL, 16384, PROT_READ|PROT_WRITE, MAP_PRIVATE|MAP_ANONYMOUS|MAP_NORESERVE, -1, 0 <unfinished ...>
16669 <... munmap resumed>)             = 0
16668 <... munmap resumed>)             = 0
16667 mmap(NULL, 16384, PROT_READ|PROT_WRITE, MAP_PRIVATE|MAP_ANONYMOUS|MAP_NORESERVE, -1, 0 <unfinished ...>
16666 mmap(NULL, 16384, PROT_READ|PROT_WRITE, MAP_PRIVATE|MAP_ANONYMOUS|MAP_NORESERVE, -1, 0 <unfinished ...>
16665 munmap(0x100040000000, 16384 <unfinished ...>
16664 <... munmap resumed>)             = 0
16663 munmap(0x100100000000, 16384 <unfinished ...>
16662 munmap(0x100180000000, 16384 <unfinished ...>
16661 <... munmap resumed>)             = 0
16660 mmap(NULL, 16384, PROT_READ|PROT_WRITE, MAP_PRIVATE|MAP_ANONYMOUS|MAP_NORESERVE, -1, 0 <unfinished ...>
16659 mmap(NULL, 16384, PROT_READ|PROT_WRITE, MAP_PRIVATE|MAP_ANONYMOUS|MAP_NORESERVE, -1, 0 <unfinished ...>
16657 <... mmap resumed>)               = 0x1000c0200000
16672 <... mmap resumed>)               = 0x100040400000
16671 munmap(0x100100200000, 16384 <unfinished ...>
16668 mmap(NULL, 16384, PROT_READ|PROT_WRITE, MAP_PRIVATE|MAP_ANONYMOUS|MAP_NORESERVE, -1, 0 <unfinished ...>
16667 <... mmap resumed>)               = 0x100040200000
16665 <... munmap resumed>)             = 0
16664 mmap(NULL, 16384, PROT_READ|PROT_WRITE, MAP_PRIVATE|MAP_ANONYMOUS|MAP_NORESERVE, -1, 0 <unfinished ...>
16662 <... munmap resumed>)             = 0
16658 <... mmap resumed>)               = 0x100000000000
16660 <... mmap resumed>)               = 0x100180000000
16672 munmap(0x100040400000, 16384 <unfinished ...>
16671 <... munmap resumed>)             = 0
16670 <... mmap resumed>)               = 0x100000200000
16669 mmap(NULL, 16384, PROT_READ|PROT_WRITE, MAP_PRIVATE|MAP_ANONYMOUS|MAP_NORESERVE, -1, 0 <unfinished ...>
16668 <... mmap resumed>)               = 0x100100200000
16667 munmap(0x100040200000, 16384 <unfinished ...>
16666 <... mmap resumed>)               = 0x100080000000
16665 mmap(NULL, 16384, PROT_READ|PROT_WRITE, MAP_PRIVATE|MAP_ANONYMOUS|MAP_NORESERVE, -1, 0 <unfinished ...>
16664 <... mmap resumed>)               = 0x100100000000
16663 <... munmap resumed>)             = 0
16662 mmap(NULL, 16384, PROT_READ|PROT_WRITE, MAP_PRIVATE|MAP_ANONYMOUS|MAP_NORESERVE, -1, 0 <unfinished ...>
16661 mmap(NULL, 16384, PROT_READ|PROT_WRITE, MAP_PRIVATE|MAP_ANONYMOUS|MAP_NORESERVE, -1, 0 <unfinished ...>
16659 <... mmap resumed>)               = 0x100040000000
16657 munmap(0x1000c0200000, 16384 <unfinished ...>
16671 mmap(NULL, 16384, PROT_READ|PROT_WRITE, MAP_PRIVATE|MAP_ANONYMOUS|MAP_NORESERVE, -1, 0 <unfinished ...>
16670 munmap(0x100000200000, 16384 <unfinished ...>
16669 <... mmap resumed>)               = 0x1000c0000000
16660 munmap(0x100180000000, 16384 <unfinished ...>
16658 munmap(0x100000000000, 16384 <unfinished ...>
16672 <... munmap resumed>)             = 0
16671 <... mmap resumed>)               = 0x100000200000
16670 <... munmap resumed>)             = 0
16669 munmap(0x1000c0000000, 16384 <unfinished ...>
16668 munmap(0x100100200000, 16384 <unfinished ...>
16667 <... munmap resumed>)             = 0
16666 munmap(0x100080000000, 16384 <unfinished ...>
16665 <... mmap resumed>)               = 0x100180000000
16664 munmap(0x100100000000, 16384 <unfinished ...>
16663 mmap(NULL, 16384, PROT_READ|PROT_WRITE, MAP_PRIVATE|MAP_ANONYMOUS|MAP_NORESERVE, -1, 0 <unfinished ...>
16662 <... mmap resumed>)               = 0x1000c0200000
16661 <... mmap resumed>)               = 0x100040200000
16660 <... munmap resumed>)             = 0
16659 munmap(0x100040000000, 16384 <unfinished ...>
16658 <... munmap resumed>)             = 0
16657 <... munmap resumed>)             = 0
16672 mmap(NULL, 16384, PROT_READ|PROT_WRITE, MAP_PRIVATE|MAP_ANONYMOUS|MAP_NORESERVE, -1, 0 <unfinished ...>
16671 munmap(0x100000200000, 16384 <unfinished ...>
16670 mmap(NULL, 16384, PROT_READ|PROT_WRITE, MAP_PRIVATE|MAP_ANONYMOUS|MAP_NORESERVE, -1, 0 <unfinished ...>
16669 <... munmap resumed>)             = 0
16668 <... munmap resumed>)             = 0
16667 mmap(NULL, 16384, PROT_READ|PROT_WRITE, MAP_PRIVATE|MAP_ANONYMOUS|MAP_NORESERVE, -1, 0 <unfinished ...>
16666 <... munmap resumed>)             = 0
16665 munmap(0x100180000000, 16384 <unfinished ...>
16664 <... munmap resumed>)             = 0
16663 <... mmap resumed>)               = 0x100100000000
16662 munmap(0x1000c0200000, 16384 <unfinished ...>
16672 <... mmap resumed>)               = 0x100000200000
16671 <... munmap resumed>)             = 0
16670 <... mmap resumed>)               = 0x100040000000
16669 mmap(NULL, 16384, PROT_READ|PROT_WRITE, MAP_PRIVATE|MAP_ANONYMOUS|MAP_NORESERVE, -1, 0 <unfinished ...>
16668 mmap(NULL, 16384, PROT_READ|PROT_WRITE, MAP_PRIVATE|MAP_ANONYMOUS|MAP_NORESERVE, -1, 0 <unfinished ...>
16667 <... mmap resumed>)               = 0x1000c0000000
16666 mmap(NULL, 16384, PROT_READ|PROT_WRITE, MAP_PRIVATE|MAP_ANONYMOUS|MAP_NORESERVE, -1, 0 <unfinished ...>
16665 <... munmap resumed>)             = 0
16664 mmap(NULL, 16384, PROT_READ|PROT_WRITE, MAP_PRIVATE|MAP_ANONYMOUS|MAP_NORESERVE, -1, 0 <unfinished ...>
16663 munmap(0x100100000000, 16384 <unfinished ...>
16661 munmap(0x100040200000, 16384 <unfinished ...>
16660 mmap(NULL, 16384, PROT_READ|PROT_WRITE, MAP_PRIVATE|MAP_ANONYMOUS|MAP_NORESERVE, -1, 0 <unfinished ...>
16659 <... munmap resumed>)             = 0
16658 mmap(NULL, 16384, PROT_READ|PROT_WRITE, MAP_PRIVATE|MAP_ANONYMOUS|MAP_NORESERVE, -1, 0 <unfinished ...>
16657 mmap(NULL, 16384, PROT_READ|PROT_WRITE, MAP_PRIVATE|MAP_ANONYMOUS|MAP_NORESERVE, -1, 0 <unfinished ...>
16672 munmap(0x100000200000, 16384 <unfinished ...>
16671 mmap(NULL, 16384, PROT_READ|PROT_WRITE, MAP_PRIVATE|MAP_ANONYMOUS|MAP_NORESERVE, -1, 0 <unfinished ...>
16670 munmap(0x100040000000, 16384 <unfinished ...>
16669 <... mmap resumed>)               = 0x1000c0200000
16668 <... mmap resumed>)               = 0x100180000000
16667 munmap(0x1000c0000000, 16384 <unfinished ...>
16666 <... mmap resumed>)               = 0x100040200000
16665 mmap(NULL, 16384, PROT_READ|PROT_WRITE, MAP_PRIVATE|MAP_ANONYMOUS|MAP_NORESERVE, -1, 0 <unfinished ...>
16664 <... mmap resumed>)               = 0x100080000000
16663 <... munmap resumed>)             = 0
16662 <... munmap resumed>)             = 0
16661 <... munmap resumed>)             = 0
16660 <... mmap resumed>)               = 0x100100000000
16659 mmap(NULL, 16384, PROT_READ|PROT_WRITE, MAP_PRIVATE|MAP_ANONYMOUS|MAP_NORESERVE, -1, 0 <unfinished ...>
16658 <... mmap resumed>)               = 0x100100200000
16672 <... munmap resumed>)             = 0
16671 <... mmap resumed>)               = 0x100000200000
16670 <... munmap resumed>)             = 0
16669 munmap(0x1000c0200000, 16384 <unfinished ...>
16668 munmap(0x100180000000, 16384 <unfinished ...>
16667 <... munmap resumed>)             = 0
16666 munmap(0x100040200000, 16384 <unfinished ...>
16665 <... mmap resumed>)               = 0x1000c0000000
16664 munmap(0x100080000000, 16384 <unfinished ...>
16663 mmap(NULL, 16384, PROT_READ|PROT_WRITE, MAP_PRIVATE|MAP_ANONYMOUS|MAP_NORESERVE, -1, 0 <unfinished ...>
16662 mmap(NULL, 16384, PROT_READ|PROT_WRITE, MAP_PRIVATE|MAP_ANONYMOUS|MAP_NORESERVE, -1, 0 <unfinished ...>
16661 mmap(NULL, 16384, PROT_READ|PROT_WRITE, MAP_PRIVATE|MAP_ANONYMOUS|MAP_NORESERVE, -1, 0 <unfinished ...>
16660 munmap(0x100100000000, 16384 <unfinished ...>
16659 <... mmap resumed>)               = 0x100040000000
16657 <... mmap resumed>)               = 0x100000000000
16672 mmap(NULL, 16384, PROT_READ|PROT_WRITE, MAP_PRIVATE|MAP_ANONYMOUS|MAP_NORESERVE, -1, 0 <unfinished ...>
16671 munmap(0x100000200000, 16384 <unfinished ...>
16670 mmap(NULL, 16384, PROT_READ|PROT_WRITE, MAP_PRIVATE|MAP_ANONYMOUS|MAP_NORESERVE, -1, 0 <unfinished ...>
16669 <... munmap resumed>)             = 0
16668 <... munmap resumed>)             = 0
16667 mmap(NULL, 16384, PROT_READ|PROT_WRITE, MAP_PRIVATE|MAP_ANONYMOUS|MAP_NORESERVE, -1, 0 <unfinished ...>
16666 <... munmap resumed>)             = 0
16665 munmap(0x1000c0000000, 16384 <unfinished ...>
16664 <... munmap resumed>)             = 0
16663 <... mmap resumed>)               = 0x100080000000
16662 <... mmap resumed>)               = 0x100180000000
16661 <... mmap resumed>)               = 0x100040200000
16660 <... munmap resumed>)             = 0
16659 munmap(0x100040000000, 16384 <unfinished ...>
16658 munmap(0x100100200000, 16384 <unfinished ...>
16672 <... mmap resumed>)               = 0x100100000000
16671 <... munmap resumed>)             = 0
16670 <... mmap resumed>)               = 0x100000200000
16668 mmap(NULL, 16384, PROT_READ|PROT_WRITE, MAP_PRIVATE|MAP_ANONYMOUS|MAP_NORESERVE, -1, 0 <unfinished ...>
16657 munmap(0x100000000000, 16384 <unfinished ...>
16672 munmap(0x100100000000, 16384 <unfinished ...>
16671 mmap(NULL, 16384, PROT_READ|PROT_WRITE, MAP_PRIVATE|MAP_ANONYMOUS|MAP_NORESERVE, -1, 0 <unfinished ...>
16670 munmap(0x100000200000, 16384 <unfinished ...>
16669 mmap(NULL, 16384, PROT_READ|PROT_WRITE, MAP_PRIVATE|MAP_ANONYMOUS|MAP_NORESERVE, -1, 0 <unfinished ...>
16668 <... mmap resumed>)               = 0x100100200000
16667 <... mmap resumed>)               = 0x1000c0000000
16666 mmap(NULL, 16384, PROT_READ|PROT_WRITE, MAP_PRIVATE|MAP_ANONYMOUS|MAP_NORESERVE, -1, 0 <unfinished ...>
16665 <... munmap resumed>)             = 0
16664 mmap(NULL, 16384, PROT_READ|PROT_WRITE, MAP_PRIVATE|MAP_ANONYMOUS|MAP_NORESERVE, -1, 0 <unfinished ...>
16663 munmap(0x100080000000, 16384 <unfinished ...>
16662 munmap(0x100180000000, 16384 <unfinished ...>
16661 munmap(0x100040200000, 16384 <unfinished ...>
16660 mmap(NULL, 16384, PROT_READ|PROT_WRITE, MAP_PRIVATE|MAP_ANONYMOUS|MAP_NORESERVE, -1, 0 <unfinished ...>
16659 <... munmap resumed>)             = 0
16658 <... munmap resumed>)             = 0
16672 <... munmap resumed>)             = 0
16671 <... mmap resumed>)               = 0x100000000000
16670 <... munmap resumed>)             = 0
16669 <... mmap resumed>)               = 0x100000200000
16668 munmap(0x100100200000, 16384 <unfinished ...>
16667 munmap(0x1000c0000000, 16384 <unfinished ...>
16666 <... mmap resumed>)               = 0x100100000000
16665 mmap(NULL, 16384, PROT_READ|PROT_WRITE, MAP_PRIVATE|MAP_ANONYMOUS|MAP_NORESERVE, -1, 0 <unfinished ...>
16664 <... mmap resumed>)               = 0x100040000000
16663 <... munmap resumed>)             = 0
16662 <... munmap resumed>)             = 0
16661 <... munmap resumed>)             = 0
16660 <... mmap resumed>)               = 0x100040200000
16657 <... munmap resumed>)             = 0
16672 mmap(NULL, 16384, PROT_READ|PROT_WRITE, MAP_PRIVATE|MAP_ANONYMOUS|MAP_NORESERVE, -1, 0 <unfinished ...>
16671 munmap(0x100000000000, 16384 <unfinished ...>
16670 mmap(NULL, 16384, PROT_READ|PROT_WRITE, MAP_PRIVATE|MAP_ANONYMOUS|MAP_NORESERVE, -1, 0 <unfinished ...>
16669 munmap(0x100000200000, 16384 <unfinished ...>
16668 <... munmap resumed>)             = 0
16667 <... munmap resumed>)             = 0
16666 munmap(0x100100000000, 16384 <unfinished ...>
16665 <... mmap resumed>)               = 0x1000c0000000
16664 munmap(0x100040000000, 16384 <unfinished ...>
16663 mmap(NULL, 16384, PROT_READ|PROT_WRITE, MAP_PRIVATE|MAP_ANONYMOUS|MAP_NORESERVE, -1, 0 <unfinished ...>
16662 mmap(NULL, 16384, PROT_READ|PROT_WRITE, MAP_PRIVATE|MAP_ANONYMOUS|MAP_NORESERVE, -1, 0 <unfinished ...>
16661 mmap(NULL, 16384, PROT_READ|PROT_WRITE, MAP_PRIVATE|MAP_ANONYMOUS|MAP_NORESERVE, -1, 0 <unfinished ...>
16660 munmap(0x100040200000, 16384 <unfinished ...>
16659 mmap(NULL, 16384, PROT_READ|PROT_WRITE, MAP_PRIVATE|MAP_ANONYMOUS|MAP_NORESERVE, -1, 0 <unfinished ...>
16658 mmap(NULL, 16384, PROT_READ|PROT_WRITE, MAP_PRIVATE|MAP_ANONYMOUS|MAP_NORESERVE, -1, 0 <unfinished ...>
16672 <... mmap resumed>)               = 0x100100200000
16671 <... munmap resumed>)             = 0
16670 <... mmap resumed>)               = 0x100000200000
16669 <... munmap resumed>)             = 0
16668 mmap(NULL, 16384, PROT_READ|PROT_WRITE, MAP_PRIVATE|MAP_ANONYMOUS|MAP_NORESERVE, -1, 0 <unfinished ...>
16667 mmap(NULL, 16384, PROT_READ|PROT_WRITE, MAP_PRIVATE|MAP_ANONYMOUS|MAP_NORESERVE, -1, 0 <unfinished ...>
16666 <... munmap resumed>)             = 0
16665 munmap(0x1000c0000000, 16384 <unfinished ...>
16664 <... munmap resumed>)             = 0
16663 <... mmap resumed>)               = 0x100040000000
16662 <... mmap resumed>)               = 0x100100000000
16661 <... mmap resumed>)               = 0x100000000000
16657 mmap(NULL, 16384, PROT_READ|PROT_WRITE, MAP_PRIVATE|MAP_ANONYMOUS|MAP_NORESERVE, -1, 0 <unfinished ...>
16672 munmap(0x100100200000, 16384 <unfinished ...>
16671 mmap(NULL, 16384, PROT_READ|PROT_WRITE, MAP_PRIVATE|MAP_ANONYMOUS|MAP_NORESERVE, -1, 0 <unfinished ...>
16670 munmap(0x100000200000, 16384 <unfinished ...>
16669 mmap(NULL, 16384, PROT_READ|PROT_WRITE, MAP_PRIVATE|MAP_ANONYMOUS|MAP_NORESERVE, -1, 0 <unfinished ...>
16668 <... mmap resumed>)               = 0x1000c0200000
16667 <... mmap resumed>)               = 0x100180000000
16666 mmap(NULL, 16384, PROT_READ|PROT_WRITE, MAP_PRIVATE|MAP_ANONYMOUS|MAP_NORESERVE, -1, 0 <unfinished ...>
16665 <... munmap resumed>)             = 0
16664 mmap(NULL, 16384, PROT_READ|PROT_WRITE, MAP_PRIVATE|MAP_ANONYMOUS|MAP_NORESERVE, -1, 0 <unfinished ...>
16663 munmap(0x100040000000, 16384 <unfinished ...>
16661 munmap(0x100000000000, 16384 <unfinished ...>
16660 <... munmap resumed>)             = 0
16659 <... mmap resumed>)               = 0x100040200000
16658 <... mmap resumed>)               = 0x100080000000
16657 <... mmap resumed>)               = 0x1000c0000000
16672 <... munmap resumed>)             = 0
16671 <... mmap resumed>)               = 0x100100200000
16670 <... munmap resumed>)             = 0
16669 <... mmap resumed>)               = 0x100000200000
16668 munmap(0x1000c0200000, 16384 <unfinished ...>
16667 munmap(0x100180000000, 16384 <unfinished ...>
16666 <... mmap resumed>)               = 0x100040400000
16665 mmap(NULL, 16384, PROT_READ|PROT_WRITE, MAP_PRIVATE|MAP_ANONYMOUS|MAP_NORESERVE, -1, 0 <unfinished ...>
16664 <... mmap resumed>)               = 0x100140000000
16663 <... munmap resumed>)             = 0
16662 munmap(0x100100000000, 16384 <unfinished ...>
16661 <... munmap resumed>)             = 0
16660 mmap(NULL, 16384, PROT_READ|PROT_WRITE, MAP_PRIVATE|MAP_ANONYMOUS|MAP_NORESERVE, -1, 0 <unfinished ...>
16659 munmap(0x100040200000, 16384 <unfinished ...>
16658 munmap(0x100080000000, 16384 <unfinished ...>
16657 munmap(0x1000c0000000, 16384 <unfinished ...>
16672 mmap(NULL, 16384, PROT_READ|PROT_WRITE, MAP_PRIVATE|MAP_ANONYMOUS|MAP_NORESERVE, -1, 0 <unfinished ...>
16671 munmap(0x100100200000, 16384 <unfinished ...>
16670 mmap(NULL, 16384, PROT_READ|PROT_WRITE, MAP_PRIVATE|MAP_ANONYMOUS|MAP_NORESERVE, -1, 0 <unfinished ...>
16669 munmap(0x100000200000, 16384 <unfinished ...>
16668 <... munmap resumed>)             = 0
16667 <... munmap resumed>)             = 0
16666 munmap(0x100040400000, 16384 <unfinished ...>
16665 <... mmap resumed>)               = 0x100180000000
16664 munmap(0x100140000000, 16384 <unfinished ...>
16663 mmap(NULL, 16384, PROT_READ|PROT_WRITE, MAP_PRIVATE|MAP_ANONYMOUS|MAP_NORESERVE, -1, 0 <unfinished ...>
16662 <... munmap resumed>)             = 0
16661 mmap(NULL, 16384, PROT_READ|PROT_WRITE, MAP_PRIVATE|MAP_ANONYMOUS|MAP_NORESERVE, -1, 0 <unfinished ...>
16660 <... mmap resumed>)               = 0x100100000000
16659 <... munmap resumed>)             = 0
16658 <... munmap resumed>)             = 0
16672 <... mmap resumed>)               = 0x100080000000
16671 <... munmap resumed>)             = 0
16670 <... mmap resumed>)               = 0x100040200000
16669 <... munmap resumed>)             = 0
16668 mmap(NULL, 16384, PROT_READ|PROT_WRITE, MAP_PRIVATE|MAP_ANONYMOUS|MAP_NORESERVE, -1, 0 <unfinished ...>
16667 mmap(NULL, 16384, PROT_READ|PROT_WRITE, MAP_PRIVATE|MAP_ANONYMOUS|MAP_NORESERVE, -1, 0 <unfinished ...>
16666 <... munmap resumed>)             = 0
16665 munmap(0x100180000000, 16384 <unfinished ...>
16664 <... munmap resumed>)             = 0
16663 <... mmap resumed>)               = 0x100000200000
16662 mmap(NULL, 16384, PROT_READ|PROT_WRITE, MAP_PRIVATE|MAP_ANONYMOUS|MAP_NORESERVE, -1, 0 <unfinished ...>
16661 <... mmap resumed>)               = 0x100100200000
16660 munmap(0x100100000000, 16384 <unfinished ...>
16659 mmap(NULL, 16384, PROT_READ|PROT_WRITE, MAP_PRIVATE|MAP_ANONYMOUS|MAP_NORESERVE, -1, 0 <unfinished ...>
16658 mmap(NULL, 16384, PROT_READ|PROT_WRITE, MAP_PRIVATE|MAP_ANONYMOUS|MAP_NORESERVE, -1, 0 <unfinished ...>
16657 <... munmap resumed>)             = 0
16672 munmap(0x100080000000, 16384 <unfinished ...>
16671 mmap(NULL, 16384, PROT_READ|PROT_WRITE, MAP_PRIVATE|MAP_ANONYMOUS|MAP_NORESERVE, -1, 0 <unfinished ...>
16670 munmap(0x100040200000, 16384 <unfinished ...>
16669 mmap(NULL, 16384, PROT_READ|PROT_WRITE, MAP_PRIVATE|MAP_ANONYMOUS|MAP_NORESERVE, -1, 0 <unfinished ...>
16668 <... mmap resumed>)               = 0x1000c0000000
16667 <... mmap resumed>)               = 0x100140000000
16666 mmap(NULL, 16384, PROT_READ|PROT_WRITE, MAP_PRIVATE|MAP_ANONYMOUS|MAP_NORESERVE, -1, 0 <unfinished ...>
16665 <... munmap resumed>)             = 0
16664 mmap(NULL, 16384, PROT_READ|PROT_WRITE, MAP_PRIVATE|MAP_ANONYMOUS|MAP_NORESERVE, -1, 0 <unfinished ...>
16663 munmap(0x100000200000, 16384 <unfinished ...>
16662 <... mmap resumed>)               = 0x100180000000
16661 munmap(0x100100200000, 16384 <unfinished ...>
16660 <... munmap resumed>)             = 0
16657 mmap(NULL, 16384, PROT_READ|PROT_WRITE, MAP_PRIVATE|MAP_ANONYMOUS|MAP_NORESERVE, -1, 0 <unfinished ...>
16672 <... munmap resumed>)             = 0
16671 <... mmap resumed>)               = 0x100080000000
16670 <... munmap resumed>)             = 0
16669 <... mmap resumed>)               = 0x100040200000
16668 munmap(0x1000c0000000, 16384 <unfinished ...>
16667 munmap(0x100140000000, 16384 <unfinished ...>
16666 <... mmap resumed>)               = 0x1000c0200000
16665 mmap(NULL, 16384, PROT_READ|PROT_WRITE, MAP_PRIVATE|MAP_ANONYMOUS|MAP_NORESERVE, -1, 0 <unfinished ...>
16664 <... mmap resumed>)               = 0x100040000000
16663 <... munmap resumed>)             = 0
16662 munmap(0x100180000000, 16384 <unfinished ...>
16661 <... munmap resumed>)             = 0
16660 mmap(NULL, 16384, PROT_READ|PROT_WRITE, MAP_PRIVATE|MAP_ANONYMOUS|MAP_NORESERVE, -1, 0 <unfinished ...>
16659 <... mmap resumed>)               = 0x100040400000
16658 <... mmap resumed>)               = 0x100100000000
16672 mmap(NULL, 16384, PROT_READ|PROT_WRITE, MAP_PRIVATE|MAP_ANONYMOUS|MAP_NORESERVE, -1, 0 <unfinished ...>
16671 munmap(0x100080000000, 16384 <unfinished ...>
16670 mmap(NULL, 16384, PROT_READ|PROT_WRITE, MAP_PRIVATE|MAP_ANONYMOUS|MAP_NORESERVE, -1, 0 <unfinished ...>
16669 munmap(0x100040200000, 16384 <unfinished ...>
16668 <... munmap resumed>)             = 0
16667 <... munmap resumed>)             = 0
16666 munmap(0x1000c0200000, 16384 <unfinished ...>
16665 <... mmap resumed>)               = 0x1000c0000000
16664 munmap(0x100040000000, 16384 <unfinished ...>
16663 mmap(NULL, 16384, PROT_READ|PROT_WRITE, MAP_PRIVATE|MAP_ANONYMOUS|MAP_NORESERVE, -1, 0 <unfinished ...>
16662 <... munmap resumed>)             = 0
16661 mmap(NULL, 16384, PROT_READ|PROT_WRITE, MAP_PRIVATE|MAP_ANONYMOUS|MAP_NORESERVE, -1, 0 <unfinished ...>
16660 <... mmap resumed>)               = 0x100180000000
16659 munmap(0x100040400000, 16384 <unfinished ...>
16657 <... mmap resumed>)               = 0x100100200000
16672 <... mmap resumed>)               = 0x1000c0200000
16671 <... munmap resumed>)             = 0
16666 <... munmap resumed>)             = 0
16665 munmap(0x1000c0000000, 16384 <unfinished ...>
16658 munmap(0x100100000000, 16384 <unfinished ...>
16672 munmap(0x1000c0200000, 16384 <unfinished ...>
16671 mmap(NULL, 16384, PROT_READ|PROT_WRITE, MAP_PRIVATE|MAP_ANONYMOUS|MAP_NORESERVE, -1, 0 <unfinished ...>
16670 <... mmap resumed>)               = 0x100040000000
16667 mmap(NULL, 16384, PROT_READ|PROT_WRITE, MAP_PRIVATE|MAP_ANONYMOUS|MAP_NORESERVE, -1, 0 <unfinished ...>
16666 mmap(NULL, 16384, PROT_READ|PROT_WRITE, MAP_PRIVATE|MAP_ANONYMOUS|MAP_NORESERVE, -1, 0 <unfinished ...>
16665 <... munmap resumed>)             = 0
16664 <... munmap resumed>)             = 0
16663 <... mmap resumed>)               = 0x100080000000
16657 munmap(0x100100200000, 16384 <unfinished ...>
16658 <... munmap resumed>)             = 0
16672 <... munmap resumed>)             = 0
16670 munmap(0x100040000000, 16384 <unfinished ...>
16664 mmap(NULL, 16384, PROT_READ|PROT_WRITE, MAP_PRIVATE|MAP_ANONYMOUS|MAP_NORESERVE, -1, 0 <unfinished ...>
16669 <... munmap resumed>)             = 0
16661 <... mmap resumed>)               = 0x100100000000
16660 munmap(0x100180000000, 16384 <unfinished ...>
16670 <... munmap resumed>)             = 0
16666 <... mmap resumed>)               = 0x100040400000
16663 munmap(0x100080000000, 16384 <unfinished ...>
16662 mmap(NULL, 16384, PROT_READ|PROT_WRITE, MAP_PRIVATE|MAP_ANONYMOUS|MAP_NORESERVE, -1, 0 <unfinished ...>
16659 <... munmap resumed>)             = 0
16672 mmap(NULL, 16384, PROT_READ|PROT_WRITE, MAP_PRIVATE|MAP_ANONYMOUS|MAP_NORESERVE, -1, 0 <unfinished ...>
16670 mmap(NULL, 16384, PROT_READ|PROT_WRITE, MAP_PRIVATE|MAP_ANONYMOUS|MAP_NORESERVE, -1, 0 <unfinished ...>
16671 <... mmap resumed>)               = 0x100040200000
16669 mmap(NULL, 16384, PROT_READ|PROT_WRITE, MAP_PRIVATE|MAP_ANONYMOUS|MAP_NORESERVE, -1, 0 <unfinished ...>
16666 munmap(0x100040400000, 16384 <unfinished ...>
16664 <... mmap resumed>)               = 0x100040000000
16661 munmap(0x100100000000, 16384 <unfinished ...>
16672 <... mmap resumed>)               = 0x100180000000
16671 munmap(0x100040200000, 16384 <unfinished ...>
16670 <... mmap resumed>)               = 0x100100200000
16669 <... mmap resumed>)               = 0x1000c0000000
16668 mmap(NULL, 16384, PROT_READ|PROT_WRITE, MAP_PRIVATE|MAP_ANONYMOUS|MAP_NORESERVE, -1, 0 <unfinished ...>
16667 <... mmap resumed>)               = 0x1000c0200000
16666 <... munmap resumed>)             = 0
16665 mmap(NULL, 16384, PROT_READ|PROT_WRITE, MAP_PRIVATE|MAP_ANONYMOUS|MAP_NORESERVE, -1, 0 <unfinished ...>
16664 munmap(0x100040000000, 16384 <unfinished ...>
16663 <... munmap resumed>)             = 0
16662 <... mmap resumed>)               = 0x100080000000
16660 <... munmap resumed>)             = 0
16659 mmap(NULL, 16384, PROT_READ|PROT_WRITE, MAP_PRIVATE|MAP_ANONYMOUS|MAP_NORESERVE, -1, 0 <unfinished ...>
16658 mmap(NULL, 16384, PROT_READ|PROT_WRITE, MAP_PRIVATE|MAP_ANONYMOUS|MAP_NORESERVE, -1, 0 <unfinished ...>
16657 <... munmap resumed>)             = 0
16672 munmap(0x100180000000, 16384 <unfinished ...>
16671 <... munmap resumed>)             = 0
16670 munmap(0x100100200000, 16384 <unfinished ...>
16666 mmap(NULL, 16384, PROT_READ|PROT_WRITE, MAP_PRIVATE|MAP_ANONYMOUS|MAP_NORESERVE, -1, 0 <unfinished ...>
16665 <... mmap resumed>)               = 0x100040200000
16661 <... munmap resumed>)             = 0
16660 mmap(NULL, 16384, PROT_READ|PROT_WRITE, MAP_PRIVATE|MAP_ANONYMOUS|MAP_NORESERVE, -1, 0 <unfinished ...>
16672 <... munmap resumed>)             = 0
16671 mmap(NULL, 16384, PROT_READ|PROT_WRITE, MAP_PRIVATE|MAP_ANONYMOUS|MAP_NORESERVE, -1, 0 <unfinished ...>
16668 <... mmap resumed>)               = 0x100040400000
16665 munmap(0x100040200000, 16384 <unfinished ...>
16663 mmap(NULL, 16384, PROT_READ|PROT_WRITE, MAP_PRIVATE|MAP_ANONYMOUS|MAP_NORESERVE, -1, 0 <unfinished ...>
16658 <... mmap resumed>)               = 0x100100000000
16657 mmap(NULL, 16384, PROT_READ|PROT_WRITE, MAP_PRIVATE|MAP_ANONYMOUS|MAP_NORESERVE, -1, 0 <unfinished ...>
16672 mmap(NULL, 16384, PROT_READ|PROT_WRITE, MAP_PRIVATE|MAP_ANONYMOUS|MAP_NORESERVE, -1, 0 <unfinished ...>
16671 <... mmap resumed>)               = 0x100180000000
16663 <... mmap resumed>)               = 0x100140000000
16661 mmap(NULL, 16384, PROT_READ|PROT_WRITE, MAP_PRIVATE|MAP_ANONYMOUS|MAP_NORESERVE, -1, 0 <unfinished ...>
16672 <... mmap resumed>)               = 0x100040200000
16671 munmap(0x100180000000, 16384 <unfinished ...>
16670 <... munmap resumed>)             = 0
16665 <... munmap resumed>)             = 0
16660 <... mmap resumed>)               = 0x100000200000
16657 <... mmap resumed>)               = 0x100100200000
16661 <... mmap resumed>)               = 0x100000000000
16672 munmap(0x100040200000, 16384 <unfinished ...>
16671 <... munmap resumed>)             = 0
16670 mmap(NULL, 16384, PROT_READ|PROT_WRITE, MAP_PRIVATE|MAP_ANONYMOUS|MAP_NORESERVE, -1, 0 <unfinished ...>
16669 munmap(0x1000c0000000, 16384 <unfinished ...>
16668 munmap(0x100040400000, 16384 <unfinished ...>
16667 munmap(0x1000c0200000, 16384 <unfinished ...>
16665 mmap(NULL, 16384, PROT_READ|PROT_WRITE, MAP_PRIVATE|MAP_ANONYMOUS|MAP_NORESERVE, -1, 0 <unfinished ...>
16663 munmap(0x100140000000, 16384 <unfinished ...>
16661 munmap(0x100000000000, 16384 <unfinished ...>
16659 <... mmap resumed>)               = 0x100180000000
16672 <... munmap resumed>)             = 0
16671 mmap(NULL, 16384, PROT_READ|PROT_WRITE, MAP_PRIVATE|MAP_ANONYMOUS|MAP_NORESERVE, -1, 0 <unfinished ...>
16670 <... mmap resumed>)               = 0x100040000000
16669 <... munmap resumed>)             = 0
16668 <... munmap resumed>)             = 0
16666 <... mmap resumed>)               = 0x100040200000
16664 <... munmap resumed>)             = 0
16662 munmap(0x100080000000, 16384 <unfinished ...>
16660 munmap(0x100000200000, 16384 <unfinished ...>
16658 munmap(0x100100000000, 16384 <unfinished ...>
16657 munmap(0x100100200000, 16384 <unfinished ...>
16672 mmap(NULL, 16384, PROT_READ|PROT_WRITE, MAP_PRIVATE|MAP_ANONYMOUS|MAP_NORESERVE, -1, 0 <unfinished ...>
16671 <... mmap resumed>)               = 0x100140000000
16670 munmap(0x100040000000, 16384 <unfinished ...>
16669 mmap(NULL, 16384, PROT_READ|PROT_WRITE, MAP_PRIVATE|MAP_ANONYMOUS|MAP_NORESERVE, -1, 0 <unfinished ...>
16668 mmap(NULL, 16384, PROT_READ|PROT_WRITE, MAP_PRIVATE|MAP_ANONYMOUS|MAP_NORESERVE, -1, 0 <unfinished ...>
16667 <... munmap resumed>)             = 0
16666 munmap(0x100040200000, 16384 <unfinished ...>
16665 <... mmap resumed>)               = 0x100000000000
16663 <... munmap resumed>)             = 0
16662 <... munmap resumed>)             = 0
16661 <... munmap resumed>)             = 0
16660 <... munmap resumed>)             = 0
16659 munmap(0x100180000000, 16384 <unfinished ...>
16672 <... mmap resumed>)               = 0x100100200000
16671 munmap(0x100140000000, 16384 <unfinished ...>
16670 <... munmap resumed>)             = 0
16669 <... mmap resumed>)               = 0x100040000000
16668 <... mmap resumed>)               = 0x100100000000
16667 mmap(NULL, 16384, PROT_READ|PROT_WRITE, MAP_PRIVATE|MAP_ANONYMOUS|MAP_NORESERVE, -1, 0 <unfinished ...>
16666 <... munmap resumed>)             = 0
16665 munmap(0x100000000000, 16384 <unfinished ...>
16664 mmap(NULL, 16384, PROT_READ|PROT_WRITE, MAP_PRIVATE|MAP_ANONYMOUS|MAP_NORESERVE, -1, 0 <unfinished ...>
16663 mmap(NULL, 16384, PROT_READ|PROT_WRITE, MAP_PRIVATE|MAP_ANONYMOUS|MAP_NORESERVE, -1, 0 <unfinished ...>
16662 mmap(NULL, 16384, PROT_READ|PROT_WRITE, MAP_PRIVATE|MAP_ANONYMOUS|MAP_NORESERVE, -1, 0 <unfinished ...>
16661 mmap(NULL, 16384, PROT_READ|PROT_WRITE, MAP_PRIVATE|MAP_ANONYMOUS|MAP_NORESERVE, -1, 0 <unfinished ...>
16660 mmap(NULL, 16384, PROT_READ|PROT_WRITE, MAP_PRIVATE|MAP_ANONYMOUS|MAP_NORESERVE, -1, 0 <unfinished ...>
16658 <... munmap resumed>)             = 0
16657 <... munmap resumed>)             = 0
16672 munmap(0x100100200000, 16384 <unfinished ...>
16671 <... munmap resumed>)             = 0
16670 mmap(NULL, 16384, PROT_READ|PROT_WRITE, MAP_PRIVATE|MAP_ANONYMOUS|MAP_NORESERVE, -1, 0 <unfinished ...>
16669 munmap(0x100040000000, 16384 <unfinished ...>
16668 munmap(0x100100000000, 16384 <unfinished ...>
16667 <... mmap resumed>)               = 0x100140000000
16666 mmap(NULL, 16384, PROT_READ|PROT_WRITE, MAP_PRIVATE|MAP_ANONYMOUS|MAP_NORESERVE, -1, 0 <unfinished ...>
16665 <... munmap resumed>)             = 0
16664 <... mmap resumed>)               = 0x100000000000
16663 <... mmap resumed>)               = 0x100180000000
16662 <... mmap resumed>)               = 0x100040200000
16661 <... mmap resumed>)               = 0x100080000000
16659 <... munmap resumed>)             = 0
16658 mmap(NULL, 16384, PROT_READ|PROT_WRITE, MAP_PRIVATE|MAP_ANONYMOUS|MAP_NORESERVE, -1, 0 <unfinished ...>
16672 <... munmap resumed>)             = 0
16671 mmap(NULL, 16384, PROT_READ|PROT_WRITE, MAP_PRIVATE|MAP_ANONYMOUS|MAP_NORESERVE, -1, 0 <unfinished ...>
16670 <... mmap resumed>)               = 0x100100200000
16669 <... munmap resumed>)             = 0
16668 <... munmap resumed>)             = 0
16667 munmap(0x100140000000, 16384 <unfinished ...>
16666 <... mmap resumed>)               = 0x100040000000
16665 mmap(NULL, 16384, PROT_READ|PROT_WRITE, MAP_PRIVATE|MAP_ANONYMOUS|MAP_NORESERVE, -1, 0 <unfinished ...>
16664 munmap(0x100000000000, 16384 <unfinished ...>
16663 munmap(0x100180000000, 16384 <unfinished ...>
16662 munmap(0x100040200000, 16384 <unfinished ...>
16661 munmap(0x100080000000, 16384 <unfinished ...>
16660 <... mmap resumed>)               = 0x100000200000
16659 mmap(NULL, 16384, PROT_READ|PROT_WRITE, MAP_PRIVATE|MAP_ANONYMOUS|MAP_NORESERVE, -1, 0 <unfinished ...>
16657 mmap(NULL, 16384, PROT_READ|PROT_WRITE, MAP_PRIVATE|MAP_ANONYMOUS|MAP_NORESERVE, -1, 0 <unfinished ...>
16672 mmap(NULL, 16384, PROT_READ|PROT_WRITE, MAP_PRIVATE|MAP_ANONYMOUS|MAP_NORESERVE, -1, 0 <unfinished ...>
16671 <... mmap resumed>)               = 0x1000c0200000
16670 munmap(0x100100200000, 16384 <unfinished ...>
16669 mmap(NULL, 16384, PROT_READ|PROT_WRITE, MAP_PRIVATE|MAP_ANONYMOUS|MAP_NORESERVE, -1, 0 <unfinished ...>
16668 mmap(NULL, 16384, PROT_READ|PROT_WRITE, MAP_PRIVATE|MAP_ANONYMOUS|MAP_NORESERVE, -1, 0 <unfinished ...>
16667 <... munmap resumed>)             = 0
16666 munmap(0x100040000000, 16384 <unfinished ...>
16665 <... mmap resumed>)               = 0x100000000000
16664 <... munmap resumed>)             = 0
16663 <... munmap resumed>)             = 0
16662 <... munmap resumed>)             = 0
16661 <... munmap resumed>)             = 0
16660 munmap(0x100000200000, 16384 <unfinished ...>
16658 <... mmap resumed>)               = 0x100100000000
16672 <... mmap resumed>)               = 0x100180000000
16671 munmap(0x1000c0200000, 16384 <unfinished ...>
16670 <... munmap resumed>)             = 0
16669 <... mmap resumed>)               = 0x100100200000
16668 <... mmap resumed>)               = 0x100140000000
16667 mmap(NULL, 16384, PROT_READ|PROT_WRITE, MAP_PRIVATE|MAP_ANONYMOUS|MAP_NORESERVE, -1, 0 <unfinished ...>
16666 <... munmap resumed>)             = 0
16665 munmap(0x100000000000, 16384 <unfinished ...>
16664 mmap(NULL, 16384, PROT_READ|PROT_WRITE, MAP_PRIVATE|MAP_ANONYMOUS|MAP_NORESERVE, -1, 0 <unfinished ...>
16661 mmap(NULL, 16384, PROT_READ|PROT_WRITE, MAP_PRIVATE|MAP_ANONYMOUS|MAP_NORESERVE, -1, 0 <unfinished ...>
16660 <... munmap resumed>)             = 0
16659 <... mmap resumed>)               = 0x100080000000
16657 <... mmap resumed>)               = 0x100040200000
16672 munmap(0x100180000000, 16384 <unfinished ...>
16671 <... munmap resumed>)             = 0
16670 mmap(NULL, 16384, PROT_READ|PROT_WRITE, MAP_PRIVATE|MAP_ANONYMOUS|MAP_NORESERVE, -1, 0 <unfinished ...>
16669 munmap(0x100100200000, 16384 <unfinished ...>
16668 munmap(0x100140000000, 16384 <unfinished ...>
16667 <... mmap resumed>)               = 0x100000200000
16666 mmap(NULL, 16384, PROT_READ|PROT_WRITE, MAP_PRIVATE|MAP_ANONYMOUS|MAP_NORESERVE, -1, 0 <unfinished ...>
16665 <... munmap resumed>)             = 0
16664 <... mmap resumed>)               = 0x1000c0200000
16663 mmap(NULL, 16384, PROT_READ|PROT_WRITE, MAP_PRIVATE|MAP_ANONYMOUS|MAP_NORESERVE, -1, 0 <unfinished ...>
16662 mmap(NULL, 16384, PROT_READ|PROT_WRITE, MAP_PRIVATE|MAP_ANONYMOUS|MAP_NORESERVE, -1, 0 <unfinished ...>
16658 munmap(0x100100000000, 16384 <unfinished ...>
16669 <... munmap resumed>)             = 0
16660 mmap(NULL, 16384, PROT_READ|PROT_WRITE, MAP_PRIVATE|MAP_ANONYMOUS|MAP_NORESERVE, -1, 0 <unfinished ...>
16671 mmap(NULL, 16384, PROT_READ|PROT_WRITE, MAP_PRIVATE|MAP_ANONYMOUS|MAP_NORESERVE, -1, 0 <unfinished ...>
16669 mmap(NULL, 16384, PROT_READ|PROT_WRITE, MAP_PRIVATE|MAP_ANONYMOUS|MAP_NORESERVE, -1, 0 <unfinished ...>
16668 <... munmap resumed>)             = 0
16664 munmap(0x1000c0200000, 16384 <unfinished ...>
16672 <... munmap resumed>)             = 0
16663 <... mmap resumed>)               = 0x100000000000
16662 <... mmap resumed>)               = 0x100140000000
16660 <... mmap resumed>)               = 0x100100200000
16659 munmap(0x100080000000, 16384 <unfinished ...>
16657 munmap(0x100040200000, 16384 <unfinished ...>
16661 <... mmap resumed>)               = 0x100180000000
16667 munmap(0x100000200000, 16384 <unfinished ...>
16665 mmap(NULL, 16384, PROT_READ|PROT_WRITE, MAP_PRIVATE|MAP_ANONYMOUS|MAP_NORESERVE, -1, 0 <unfinished ...>
16672 mmap(NULL, 16384, PROT_READ|PROT_WRITE, MAP_PRIVATE|MAP_ANONYMOUS|MAP_NORESERVE, -1, 0 <unfinished ...>
16671 <... mmap resumed>)               = 0x1000c0000000
16670 <... mmap resumed>)               = 0x100100000000
16669 <... mmap resumed>)               = 0x100040400000
16668 mmap(NULL, 16384, PROT_READ|PROT_WRITE, MAP_PRIVATE|MAP_ANONYMOUS|MAP_NORESERVE, -1, 0 <unfinished ...>
16666 <... mmap resumed>)               = 0x100040000000
16664 <... munmap resumed>)             = 0
16663 munmap(0x100000000000, 16384 <unfinished ...>
16662 munmap(0x100140000000, 16384 <unfinished ...>
16660 munmap(0x100100200000, 16384 <unfinished ...>
16659 <... munmap resumed>)             = 0
16658 <... munmap resumed>)             = 0
16657 <... munmap resumed>)             = 0
16672 <... mmap resumed>)               = 0x100040200000
16671 munmap(0x1000c0000000, 16384 <unfinished ...>
16670 munmap(0x100100000000, 16384 <unfinished ...>
16669 munmap(0x100040400000, 16384 <unfinished ...>
16668 <... mmap resumed>)               = 0x100000200000
16667 <... munmap resumed>)             = 0
16666 munmap(0x100040000000, 16384 <unfinished ...>
16665 <... mmap resumed>)               = 0x100080000000
16664 mmap(NULL, 16384, PROT_READ|PROT_WRITE, MAP_PRIVATE|MAP_ANONYMOUS|MAP_NORESERVE, -1, 0 <unfinished ...>
16663 <... munmap resumed>)             = 0
16662 <... munmap resumed>)             = 0
16661 munmap(0x100180000000, 16384 <unfinished ...>
16660 <... munmap resumed>)             = 0
16659 mmap(NULL, 16384, PROT_READ|PROT_WRITE, MAP_PRIVATE|MAP_ANONYMOUS|MAP_NORESERVE, -1, 0 <unfinished ...>
16658 mmap(NULL, 16384, PROT_READ|PROT_WRITE, MAP_PRIVATE|MAP_ANONYMOUS|MAP_NORESERVE, -1, 0 <unfinished ...>
16657 mmap(NULL, 16384, PROT_READ|PROT_WRITE, MAP_PRIVATE|MAP_ANONYMOUS|MAP_NORESERVE, -1, 0 <unfinished ...>
16672 munmap(0x100040200000, 16384 <unfinished ...>
16671 <... munmap resumed>)             = 0
16670 <... munmap resumed>)             = 0
16669 <... munmap resumed>)             = 0
16668 munmap(0x100000200000, 16384 <unfinished ...>
16667 mmap(NULL, 16384, PROT_READ|PROT_WRITE, MAP_PRIVATE|MAP_ANONYMOUS|MAP_NORESERVE, -1, 0 <unfinished ...>
16666 <... munmap resumed>)             = 0
16665 munmap(0x100080000000, 16384 <unfinished ...>
16664 <... mmap resumed>)               = 0x100040000000
16663 mmap(NULL, 16384, PROT_READ|PROT_WRITE, MAP_PRIVATE|MAP_ANONYMOUS|MAP_NORESERVE, -1, 0 <unfinished ...>
16662 mmap(NULL, 16384, PROT_READ|PROT_WRITE, MAP_PRIVATE|MAP_ANONYMOUS|MAP_NORESERVE, -1, 0 <unfinished ...>
16661 <... munmap resumed>)             = 0
16660 mmap(NULL, 16384, PROT_READ|PROT_WRITE, MAP_PRIVATE|MAP_ANONYMOUS|MAP_NORESERVE, -1, 0 <unfinished ...>
16659 <... mmap resumed>)               = 0x100100000000
16658 <... mmap resumed>)               = 0x100180000000
16672 <... munmap resumed>)             = 0
16671 mmap(NULL, 16384, PROT_READ|PROT_WRITE, MAP_PRIVATE|MAP_ANONYMOUS|MAP_NORESERVE, -1, 0 <unfinished ...>
16670 mmap(NULL, 16384, PROT_READ|PROT_WRITE, MAP_PRIVATE|MAP_ANONYMOUS|MAP_NORESERVE, -1, 0 <unfinished ...>
16669 mmap(NULL, 16384, PROT_READ|PROT_WRITE, MAP_PRIVATE|MAP_ANONYMOUS|MAP_NORESERVE, -1, 0 <unfinished ...>
16668 <... munmap resumed>)             = 0
16667 <... mmap resumed>)               = 0x100000200000
16666 mmap(NULL, 16384, PROT_READ|PROT_WRITE, MAP_PRIVATE|MAP_ANONYMOUS|MAP_NORESERVE, -1, 0 <unfinished ...>
16665 <... munmap resumed>)             = 0
16664 munmap(0x100040000000, 16384 <unfinished ...>
16663 <... mmap resumed>)               = 0x100080000000
16662 <... mmap resumed>)               = 0x100040200000
16661 mmap(NULL, 16384, PROT_READ|PROT_WRITE, MAP_PRIVATE|MAP_ANONYMOUS|MAP_NORESERVE, -1, 0 <unfinished ...>
16660 <... mmap resumed>)               = 0x1000c0000000
16657 <... mmap resumed>)               = 0x100040400000
16672 mmap(NULL, 16384, PROT_READ|PROT_WRITE, MAP_PRIVATE|MAP_ANONYMOUS|MAP_NORESERVE, -1, 0 <unfinished ...>
16671 <... mmap resumed>)               = 0x100100200000
16670 <... mmap resumed>)               = 0x100140000000
16669 <... mmap resumed>)               = 0x100000000000
16668 mmap(NULL, 16384, PROT_READ|PROT_WRITE, MAP_PRIVATE|MAP_ANONYMOUS|MAP_NORESERVE, -1, 0 <unfinished ...>
16667 munmap(0x100000200000, 16384 <unfinished ...>
16666 <... mmap resumed>)               = 0x100040000000
16665 mmap(NULL, 16384, PROT_READ|PROT_WRITE, MAP_PRIVATE|MAP_ANONYMOUS|MAP_NORESERVE, -1, 0 <unfinished ...>
16664 <... munmap resumed>)             = 0
16663 munmap(0x100080000000, 16384 <unfinished ...>
16662 munmap(0x100040200000, 16384 <unfinished ...>
16661 <... mmap resumed>)               = 0x1000c0200000
16659 munmap(0x100100000000, 16384 <unfinished ...>
16658 munmap(0x100180000000, 16384 <unfinished ...>
16672 <... mmap resumed>)               = 0x100040600000
16671 munmap(0x100100200000, 16384 <unfinished ...>
16670 munmap(0x100140000000, 16384 <unfinished ...>
16669 munmap(0x100000000000, 16384 <unfinished ...>
16668 <... mmap resumed>)               = 0x100140200000
16667 <... munmap resumed>)             = 0
16666 munmap(0x100040000000, 16384 <unfinished ...>
16665 <... mmap resumed>)               = 0x100000200000
16664 mmap(NULL, 16384, PROT_READ|PROT_WRITE, MAP_PRIVATE|MAP_ANONYMOUS|MAP_NORESERVE, -1, 0 <unfinished ...>
16663 <... munmap resumed>)             = 0
16660 munmap(0x1000c0000000, 16384 <unfinished ...>
16657 munmap(0x100040400000, 16384 <unfinished ...>
16672 munmap(0x100040600000, 16384 <unfinished ...>
16671 <... munmap resumed>)             = 0
16670 <... munmap resumed>)             = 0
16669 <... munmap resumed>)             = 0
16668 munmap(0x100140200000, 16384 <unfinished ...>
16667 mmap(NULL, 16384, PROT_READ|PROT_WRITE, MAP_PRIVATE|MAP_ANONYMOUS|MAP_NORESERVE, -1, 0 <unfinished ...>
16665 munmap(0x100000200000, 16384 <unfinished ...>
16664 <... mmap resumed>)               = 0x100000000000
16662 <... munmap resumed>)             = 0
16661 munmap(0x1000c0200000, 16384 <unfinished ...>
16659 <... munmap resumed>)             = 0
16658 <... munmap resumed>)             = 0
16672 <... munmap resumed>)             = 0
16666 <... munmap resumed>)             = 0
16663 mmap(NULL, 16384, PROT_READ|PROT_WRITE, MAP_PRIVATE|MAP_ANONYMOUS|MAP_NORESERVE, -1, 0 <unfinished ...>
16660 <... munmap resumed>)             = 0
16670 mmap(NULL, 16384, PROT_READ|PROT_WRITE, MAP_PRIVATE|MAP_ANONYMOUS|MAP_NORESERVE, -1, 0 <unfinished ...>
16668 <... munmap resumed>)             = 0
16665 <... munmap resumed>)             = 0
16662 mmap(NULL, 16384, PROT_READ|PROT_WRITE, MAP_PRIVATE|MAP_ANONYMOUS|MAP_NORESERVE, -1, 0 <unfinished ...>
16672 mmap(NULL, 16384, PROT_READ|PROT_WRITE, MAP_PRIVATE|MAP_ANONYMOUS|MAP_NORESERVE, -1, 0 <unfinished ...>
16667 <... mmap resumed>)               = 0x1000c0200000
16663 <... mmap resumed>)               = 0x100000200000
16661 <... munmap resumed>)             = 0
16660 mmap(NULL, 16384, PROT_READ|PROT_WRITE, MAP_PRIVATE|MAP_ANONYMOUS|MAP_NORESERVE, -1, 0 <unfinished ...>
16672 <... mmap resumed>)               = 0x100040600000
16668 mmap(NULL, 16384, PROT_READ|PROT_WRITE, MAP_PRIVATE|MAP_ANONYMOUS|MAP_NORESERVE, -1, 0 <unfinished ...>
16667 munmap(0x1000c0200000, 16384 <unfinished ...>
16666 mmap(NULL, 16384, PROT_READ|PROT_WRITE, MAP_PRIVATE|MAP_ANONYMOUS|MAP_NORESERVE, -1, 0 <unfinished ...>
16665 mmap(NULL, 16384, PROT_READ|PROT_WRITE, MAP_PRIVATE|MAP_ANONYMOUS|MAP_NORESERVE, -1, 0 <unfinished ...>
16663 munmap(0x100000200000, 16384 <unfinished ...>
16662 <... mmap resumed>)               = 0x100140200000
16661 mmap(NULL, 16384, PROT_READ|PROT_WRITE, MAP_PRIVATE|MAP_ANONYMOUS|MAP_NORESERVE, -1, 0 <unfinished ...>
16659 mmap(NULL, 16384, PROT_READ|PROT_WRITE, MAP_PRIVATE|MAP_ANONYMOUS|MAP_NORESERVE, -1, 0 <unfinished ...>
16672 munmap(0x100040600000, 16384 <unfinished ...>
16668 <... mmap resumed>)               = 0x1000c0000000
16665 <... mmap resumed>)               = 0x100140000000
16663 <... munmap resumed>)             = 0
16660 <... mmap resumed>)               = 0x100040000000
16672 <... munmap resumed>)             = 0
16668 munmap(0x1000c0000000, 16384 <unfinished ...>
16663 mmap(NULL, 16384, PROT_READ|PROT_WRITE, MAP_PRIVATE|MAP_ANONYMOUS|MAP_NORESERVE, -1, 0 <unfinished ...>
16662 munmap(0x100140200000, 16384 <unfinished ...>
16661 <... mmap resumed>)               = 0x100000200000
16672 mmap(NULL, 16384, PROT_READ|PROT_WRITE, MAP_PRIVATE|MAP_ANONYMOUS|MAP_NORESERVE, -1, 0 <unfinished ...>
16668 <... munmap resumed>)             = 0
16667 <... munmap resumed>)             = 0
16666 <... mmap resumed>)               = 0x100040600000
16663 <... mmap resumed>)               = 0x1000c0200000
16660 munmap(0x100040000000, 16384 <unfinished ...>
16659 <... mmap resumed>)               = 0x100100200000
16672 <... mmap resumed>)               = 0x100180000000
16671 mmap(NULL, 16384, PROT_READ|PROT_WRITE, MAP_PRIVATE|MAP_ANONYMOUS|MAP_NORESERVE, -1, 0 <unfinished ...>
16670 <... mmap resumed>)               = 0x1000c0000000
16669 mmap(NULL, 16384, PROT_READ|PROT_WRITE, MAP_PRIVATE|MAP_ANONYMOUS|MAP_NORESERVE, -1, 0 <unfinished ...>
16668 mmap(NULL, 16384, PROT_READ|PROT_WRITE, MAP_PRIVATE|MAP_ANONYMOUS|MAP_NORESERVE, -1, 0 <unfinished ...>
16667 mmap(NULL, 16384, PROT_READ|PROT_WRITE, MAP_PRIVATE|MAP_ANONYMOUS|MAP_NORESERVE, -1, 0 <unfinished ...>
16666 munmap(0x100040600000, 16384 <unfinished ...>
16665 munmap(0x100140000000, 16384 <unfinished ...>
16664 munmap(0x100000000000, 16384 <unfinished ...>
16663 munmap(0x1000c0200000, 16384 <unfinished ...>
16662 <... munmap resumed>)             = 0
16661 munmap(0x100000200000, 16384 <unfinished ...>
16660 <... munmap resumed>)             = 0
16658 mmap(NULL, 16384, PROT_READ|PROT_WRITE, MAP_PRIVATE|MAP_ANONYMOUS|MAP_NORESERVE, -1, 0 <unfinished ...>
16657 <... munmap resumed>)             = 0
16672 munmap(0x100180000000, 16384 <unfinished ...>
16671 <... mmap resumed>)               = 0x100040000000
16670 munmap(0x1000c0000000, 16384 <unfinished ...>
16669 <... mmap resumed>)               = 0x100040400000
16668 <... mmap resumed>)               = 0x100100000000
16667 <... mmap resumed>)               = 0x100140200000
16666 <... munmap resumed>)             = 0
16665 <... munmap resumed>)             = 0
16664 <... munmap resumed>)             = 0
16663 <... munmap resumed>)             = 0
16662 mmap(NULL, 16384, PROT_READ|PROT_WRITE, MAP_PRIVATE|MAP_ANONYMOUS|MAP_NORESERVE, -1, 0 <unfinished ...>
16661 <... munmap resumed>)             = 0
16660 mmap(NULL, 16384, PROT_READ|PROT_WRITE, MAP_PRIVATE|MAP_ANONYMOUS|MAP_NORESERVE, -1, 0 <unfinished ...>
16659 munmap(0x100100200000, 16384 <unfinished ...>
16672 <... munmap resumed>)             = 0
16671 munmap(0x100040000000, 16384 <unfinished ...>
16670 <... munmap resumed>)             = 0
16669 munmap(0x100040400000, 16384 <unfinished ...>
16668 munmap(0x100100000000, 16384 <unfinished ...>
16667 munmap(0x100140200000, 16384 <unfinished ...>
16666 mmap(NULL, 16384, PROT_READ|PROT_WRITE, MAP_PRIVATE|MAP_ANONYMOUS|MAP_NORESERVE, -1, 0 <unfinished ...>
16665 mmap(NULL, 16384, PROT_READ|PROT_WRITE, MAP_PRIVATE|MAP_ANONYMOUS|MAP_NORESERVE, -1, 0 <unfinished ...>
16664 mmap(NULL, 16384, PROT_READ|PROT_WRITE, MAP_PRIVATE|MAP_ANONYMOUS|MAP_NORESERVE, -1, 0 <unfinished ...>
16663 mmap(NULL, 16384, PROT_READ|PROT_WRITE, MAP_PRIVATE|MAP_ANONYMOUS|MAP_NORESERVE, -1, 0 <unfinished ...>
16662 <... mmap resumed>)               = 0x100180000000
16661 mmap(NULL, 16384, PROT_READ|PROT_WRITE, MAP_PRIVATE|MAP_ANONYMOUS|MAP_NORESERVE, -1, 0 <unfinished ...>
16660 <... mmap resumed>)               = 0x1000c0000000
16658 <... mmap resumed>)               = 0x100000200000
16657 mmap(NULL, 16384, PROT_READ|PROT_WRITE, MAP_PRIVATE|MAP_ANONYMOUS|MAP_NORESERVE, -1, 0 <unfinished ...>
16672 mmap(NULL, 16384, PROT_READ|PROT_WRITE, MAP_PRIVATE|MAP_ANONYMOUS|MAP_NORESERVE, -1, 0 <unfinished ...>
16671 <... munmap resumed>)             = 0
16670 mmap(NULL, 16384, PROT_READ|PROT_WRITE, MAP_PRIVATE|MAP_ANONYMOUS|MAP_NORESERVE, -1, 0 <unfinished ...>
16669 <... munmap resumed>)             = 0
16668 <... munmap resumed>)             = 0
16667 <... munmap resumed>)             = 0
16666 <... mmap resumed>)               = 0x100040000000
16665 <... mmap resumed>)               = 0x100040400000
16664 <... mmap resumed>)               = 0x100100000000
16663 <... mmap resumed>)               = 0x100140200000
16662 munmap(0x100180000000, 16384 <unfinished ...>
16660 munmap(0x1000c0000000, 16384 <unfinished ...>
16659 <... munmap resumed>)             = 0
16672 <... mmap resumed>)               = 0x100140000000
16671 mmap(NULL, 16384, PROT_READ|PROT_WRITE, MAP_PRIVATE|MAP_ANONYMOUS|MAP_NORESERVE, -1, 0 <unfinished ...>
16670 <... mmap resumed>)               = 0x100000000000
16669 mmap(NULL, 16384, PROT_READ|PROT_WRITE, MAP_PRIVATE|MAP_ANONYMOUS|MAP_NORESERVE, -1, 0 <unfinished ...>
16668 mmap(NULL, 16384, PROT_READ|PROT_WRITE, MAP_PRIVATE|MAP_ANONYMOUS|MAP_NORESERVE, -1, 0 <unfinished ...>
16667 mmap(NULL, 16384, PROT_READ|PROT_WRITE, MAP_PRIVATE|MAP_ANONYMOUS|MAP_NORESERVE, -1, 0 <unfinished ...>
16666 munmap(0x100040000000, 16384 <unfinished ...>
16665 munmap(0x100040400000, 16384 <unfinished ...>
16661 <... mmap resumed>)               = 0x1000c0200000
16658 munmap(0x100000200000, 16384 <unfinished ...>
16664 munmap(0x100100000000, 16384 <unfinished ...>
16657 <... mmap resumed>)               = 0x100100200000
16659 mmap(NULL, 16384, PROT_READ|PROT_WRITE, MAP_PRIVATE|MAP_ANONYMOUS|MAP_NORESERVE, -1, 0 <unfinished ...>
16672 munmap(0x100140000000, 16384 <unfinished ...>
16671 <... mmap resumed>)               = 0x100040600000
16670 munmap(0x100000000000, 16384 <unfinished ...>
16669 <... mmap resumed>)               = 0x1000c0000000
16668 <... mmap resumed>)               = 0x100180000000
16667 <... mmap resumed>)               = 0x100040200000
16666 <... munmap resumed>)             = 0
16665 <... munmap resumed>)             = 0
16664 <... munmap resumed>)             = 0
16663 munmap(0x100140200000, 16384 <unfinished ...>
16662 <... munmap resumed>)             = 0
16661 munmap(0x1000c0200000, 16384 <unfinished ...>
16660 <... munmap resumed>)             = 0
16658 <... munmap resumed>)             = 0
16672 <... munmap resumed>)             = 0
16671 munmap(0x100040600000, 16384 <unfinished ...>
16670 <... munmap resumed>)             = 0
16669 munmap(0x1000c0000000, 16384 <unfinished ...>
16668 munmap(0x100180000000, 16384 <unfinished ...>
16667 munmap(0x100040200000, 16384 <unfinished ...>
16666 mmap(NULL, 16384, PROT_READ|PROT_WRITE, MAP_PRIVATE|MAP_ANONYMOUS|MAP_NORESERVE, -1, 0 <unfinished ...>
16665 mmap(NULL, 16384, PROT_READ|PROT_WRITE, MAP_PRIVATE|MAP_ANONYMOUS|MAP_NORESERVE, -1, 0 <unfinished ...>
16664 mmap(NULL, 16384, PROT_READ|PROT_WRITE, MAP_PRIVATE|MAP_ANONYMOUS|MAP_NORESERVE, -1, 0 <unfinished ...>
16663 <... munmap resumed>)             = 0
16662 mmap(NULL, 16384, PROT_READ|PROT_WRITE, MAP_PRIVATE|MAP_ANONYMOUS|MAP_NORESERVE, -1, 0 <unfinished ...>
16661 <... munmap resumed>)             = 0
16659 <... mmap resumed>)               = 0x100140000000
16657 munmap(0x100100200000, 16384 <unfinished ...>
16658 mmap(NULL, 16384, PROT_READ|PROT_WRITE, MAP_PRIVATE|MAP_ANONYMOUS|MAP_NORESERVE, -1, 0 <unfinished ...>
16672 mmap(NULL, 16384, PROT_READ|PROT_WRITE, MAP_PRIVATE|MAP_ANONYMOUS|MAP_NORESERVE, -1, 0 <unfinished ...>
16671 <... munmap resumed>)             = 0
16670 mmap(NULL, 16384, PROT_READ|PROT_WRITE, MAP_PRIVATE|MAP_ANONYMOUS|MAP_NORESERVE, -1, 0 <unfinished ...>
16669 <... munmap resumed>)             = 0
16668 <... munmap resumed>)             = 0
16667 <... munmap resumed>)             = 0
16666 <... mmap resumed>)               = 0x1000c0000000
16665 <... mmap resumed>)               = 0x100040200000
16664 <... mmap resumed>)               = 0x100180000000
16663 mmap(NULL, 16384, PROT_READ|PROT_WRITE, MAP_PRIVATE|MAP_ANONYMOUS|MAP_NORESERVE, -1, 0 <unfinished ...>
16662 <... mmap resumed>)               = 0x100040600000
16661 mmap(NULL, 16384, PROT_READ|PROT_WRITE, MAP_PRIVATE|MAP_ANONYMOUS|MAP_NORESERVE, -1, 0 <unfinished ...>
16660 mmap(NULL, 16384, PROT_READ|PROT_WRITE, MAP_PRIVATE|MAP_ANONYMOUS|MAP_NORESERVE, -1, 0 <unfinished ...>
16659 munmap(0x100140000000, 16384 <unfinished ...>
16657 <... munmap resumed>)             = 0
16672 <... mmap resumed>)               = 0x1000c0200000
16671 mmap(NULL, 16384, PROT_READ|PROT_WRITE, MAP_PRIVATE|MAP_ANONYMOUS|MAP_NORESERVE, -1, 0 <unfinished ...>
16670 <... mmap resumed>)               = 0x100140200000
16669 mmap(NULL, 16384, PROT_READ|PROT_WRITE, MAP_PRIVATE|MAP_ANONYMOUS|MAP_NORESERVE, -1, 0 <unfinished ...>
16668 mmap(NULL, 16384, PROT_READ|PROT_WRITE, MAP_PRIVATE|MAP_ANONYMOUS|MAP_NORESERVE, -1, 0 <unfinished ...>
16667 mmap(NULL, 16384, PROT_READ|PROT_WRITE, MAP_PRIVATE|MAP_ANONYMOUS|MAP_NORESERVE, -1, 0 <unfinished ...>
16666 munmap(0x1000c0000000, 16384 <unfinished ...>
16665 munmap(0x100040200000, 16384 <unfinished ...>
16664 munmap(0x100180000000, 16384 <unfinished ...>
16663 <... mmap resumed>)               = 0x100000000000
16662 munmap(0x100040600000, 16384 <unfinished ...>
16661 <... mmap resumed>)               = 0x100100000000
16660 <... mmap resumed>)               = 0x100000200000
16658 <... mmap resumed>)               = 0x100100200000
16672 munmap(0x1000c0200000, 16384 <unfinished ...>
16671 <... mmap resumed>)               = 0x100140000000
16670 munmap(0x100140200000, 16384 <unfinished ...>
16669 <... mmap resumed>)               = 0x100040400000
16668 <... mmap resumed>)               = 0x100040000000
16667 <... mmap resumed>)               = 0x100080000000
16666 <... munmap resumed>)             = 0
16665 <... munmap resumed>)             = 0
16663 munmap(0x100000000000, 16384 <unfinished ...>
16662 <... munmap resumed>)             = 0
16661 munmap(0x100100000000, 16384 <unfinished ...>
16659 <... munmap resumed>)             = 0
16657 mmap(NULL, 16384, PROT_READ|PROT_WRITE, MAP_PRIVATE|MAP_ANONYMOUS|MAP_NORESERVE, -1, 0 <unfinished ...>
16672 <... munmap resumed>)             = 0
16671 munmap(0x100140000000, 16384 <unfinished ...>
16670 <... munmap resumed>)             = 0
16669 munmap(0x100040400000, 16384 <unfinished ...>
16668 munmap(0x100040000000, 16384 <unfinished ...>
16667 munmap(0x100080000000, 16384 <unfinished ...>
16666 mmap(NULL, 16384, PROT_READ|PROT_WRITE, MAP_PRIVATE|MAP_ANONYMOUS|MAP_NORESERVE, -1, 0 <unfinished ...>
16665 mmap(NULL, 16384, PROT_READ|PROT_WRITE, MAP_PRIVATE|MAP_ANONYMOUS|MAP_NORESERVE, -1, 0 <unfinished ...>
16664 <... munmap resumed>)             = 0
16663 <... munmap resumed>)             = 0
16661 <... munmap resumed>)             = 0
16660 munmap(0x100000200000, 16384 <unfinished ...>
16659 mmap(NULL, 16384, PROT_READ|PROT_WRITE, MAP_PRIVATE|MAP_ANONYMOUS|MAP_NORESERVE, -1, 0 <unfinished ...>
16658 munmap(0x100100200000, 16384 <unfinished ...>
16672 mmap(NULL, 16384, PROT_READ|PROT_WRITE, MAP_PRIVATE|MAP_ANONYMOUS|MAP_NORESERVE, -1, 0 <unfinished ...>
16670 mmap(NULL, 16384, PROT_READ|PROT_WRITE, MAP_PRIVATE|MAP_ANONYMOUS|MAP_NORESERVE, -1, 0 <unfinished ...>
16669 <... munmap resumed>)             = 0
16668 <... munmap resumed>)             = 0
16667 <... munmap resumed>)             = 0
16666 <... mmap resumed>)               = 0x100040000000
16665 <... mmap resumed>)               = 0x100040400000
16664 mmap(NULL, 16384, PROT_READ|PROT_WRITE, MAP_PRIVATE|MAP_ANONYMOUS|MAP_NORESERVE, -1, 0 <unfinished ...>
16663 mmap(NULL, 16384, PROT_READ|PROT_WRITE, MAP_PRIVATE|MAP_ANONYMOUS|MAP_NORESERVE, -1, 0 <unfinished ...>
16662 mmap(NULL, 16384, PROT_READ|PROT_WRITE, MAP_PRIVATE|MAP_ANONYMOUS|MAP_NORESERVE, -1, 0 <unfinished ...>
16661 mmap(NULL, 16384, PROT_READ|PROT_WRITE, MAP_PRIVATE|MAP_ANONYMOUS|MAP_NORESERVE, -1, 0 <unfinished ...>
16660 <... munmap resumed>)             = 0
16657 <... mmap resumed>)               = 0x100000000000
16672 <... mmap resumed>)               = 0x100000200000
16671 <... munmap resumed>)             = 0
16670 <... mmap resumed>)               = 0x100140000000
16669 mmap(NULL, 16384, PROT_READ|PROT_WRITE, MAP_PRIVATE|MAP_ANONYMOUS|MAP_NORESERVE, -1, 0 <unfinished ...>
16668 mmap(NULL, 16384, PROT_READ|PROT_WRITE, MAP_PRIVATE|MAP_ANONYMOUS|MAP_NORESERVE, -1, 0 <unfinished ...>
16667 mmap(NULL, 16384, PROT_READ|PROT_WRITE, MAP_PRIVATE|MAP_ANONYMOUS|MAP_NORESERVE, -1, 0 <unfinished ...>
16666 munmap(0x100040000000, 16384 <unfinished ...>
16665 munmap(0x100040400000, 16384 <unfinished ...>
16664 <... mmap resumed>)               = 0x100100200000
16663 <... mmap resumed>)               = 0x100100000000
16662 <... mmap resumed>)               = 0x100140200000
16661 <... mmap resumed>)               = 0x1000c0200000
16660 mmap(NULL, 16384, PROT_READ|PROT_WRITE, MAP_PRIVATE|MAP_ANONYMOUS|MAP_NORESERVE, -1, 0 <unfinished ...>
16659 <... mmap resumed>)               = 0x100080000000
16658 <... munmap resumed>)             = 0
16657 munmap(0x100000000000, 16384 <unfinished ...>
16672 munmap(0x100000200000, 16384 <unfinished ...>
16671 mmap(NULL, 16384, PROT_READ|PROT_WRITE, MAP_PRIVATE|MAP_ANONYMOUS|MAP_NORESERVE, -1, 0 <unfinished ...>
16670 munmap(0x100140000000, 16384 <unfinished ...>
16669 <... mmap resumed>)               = 0x100180000000
16668 <... mmap resumed>)               = 0x100040600000
16667 <... mmap resumed>)               = 0x100040200000
16666 <... munmap resumed>)             = 0
16665 <... munmap resumed>)             = 0
16664 munmap(0x100100200000, 16384 <unfinished ...>
16663 munmap(0x100100000000, 16384 <unfinished ...>
16662 munmap(0x100140200000, 16384 <unfinished ...>
16661 munmap(0x1000c0200000, 16384 <unfinished ...>
16660 <... mmap resumed>)               = 0x100040400000
16659 munmap(0x100080000000, 16384 <unfinished ...>
16658 mmap(NULL, 16384, PROT_READ|PROT_WRITE, MAP_PRIVATE|MAP_ANONYMOUS|MAP_NORESERVE, -1, 0 <unfinished ...>
16672 <... munmap resumed>)             = 0
16671 <... mmap resumed>)               = 0x100000200000
16670 <... munmap resumed>)             = 0
16669 munmap(0x100180000000, 16384 <unfinished ...>
16668 munmap(0x100040600000, 16384 <unfinished ...>
16667 munmap(0x100040200000, 16384 <unfinished ...>
16666 mmap(NULL, 16384, PROT_READ|PROT_WRITE, MAP_PRIVATE|MAP_ANONYMOUS|MAP_NORESERVE, -1, 0 <unfinished ...>
16665 mmap(NULL, 16384, PROT_READ|PROT_WRITE, MAP_PRIVATE|MAP_ANONYMOUS|MAP_NORESERVE, -1, 0 <unfinished ...>
16664 <... munmap resumed>)             = 0
16663 <... munmap resumed>)             = 0
16662 <... munmap resumed>)             = 0
16661 <... munmap resumed>)             = 0
16659 <... munmap resumed>)             = 0
16660 munmap(0x100040400000, 16384 <unfinished ...>
16657 <... munmap resumed>)             = 0
16672 mmap(NULL, 16384, PROT_READ|PROT_WRITE, MAP_PRIVATE|MAP_ANONYMOUS|MAP_NORESERVE, -1, 0 <unfinished ...>
16671 munmap(0x100000200000, 16384 <unfinished ...>
16670 mmap(NULL, 16384, PROT_READ|PROT_WRITE, MAP_PRIVATE|MAP_ANONYMOUS|MAP_NORESERVE, -1, 0 <unfinished ...>
16669 <... munmap resumed>)             = 0
16668 <... munmap resumed>)             = 0
16667 <... munmap resumed>)             = 0
16666 <... mmap resumed>)               = 0x100040200000
16665 <... mmap resumed>)               = 0x100040600000
16664 mmap(NULL, 16384, PROT_READ|PROT_WRITE, MAP_PRIVATE|MAP_ANONYMOUS|MAP_NORESERVE, -1, 0 <unfinished ...>
16663 mmap(NULL, 16384, PROT_READ|PROT_WRITE, MAP_PRIVATE|MAP_ANONYMOUS|MAP_NORESERVE, -1, 0 <unfinished ...>
16662 mmap(NULL, 16384, PROT_READ|PROT_WRITE, MAP_PRIVATE|MAP_ANONYMOUS|MAP_NORESERVE, -1, 0 <unfinished ...>
16661 mmap(NULL, 16384, PROT_READ|PROT_WRITE, MAP_PRIVATE|MAP_ANONYMOUS|MAP_NORESERVE, -1, 0 <unfinished ...>
16659 mmap(NULL, 16384, PROT_READ|PROT_WRITE, MAP_PRIVATE|MAP_ANONYMOUS|MAP_NORESERVE, -1, 0 <unfinished ...>
16658 <... mmap resumed>)               = 0x1000c0200000
16672 <... mmap resumed>)               = 0x100180000000
16671 <... munmap resumed>)             = 0
16670 <... mmap resumed>)               = 0x100000200000
16669 mmap(NULL, 16384, PROT_READ|PROT_WRITE, MAP_PRIVATE|MAP_ANONYMOUS|MAP_NORESERVE, -1, 0 <unfinished ...>
16668 mmap(NULL, 16384, PROT_READ|PROT_WRITE, MAP_PRIVATE|MAP_ANONYMOUS|MAP_NORESERVE, -1, 0 <unfinished ...>
16667 mmap(NULL, 16384, PROT_READ|PROT_WRITE, MAP_PRIVATE|MAP_ANONYMOUS|MAP_NORESERVE, -1, 0 <unfinished ...>
16666 munmap(0x100040200000, 16384 <unfinished ...>
16665 munmap(0x100040600000, 16384 <unfinished ...>
16664 <... mmap resumed>)               = 0x100040400000
16663 <... mmap resumed>)               = 0x100080000000
16662 <... mmap resumed>)               = 0x100140200000
16660 <... munmap resumed>)             = 0
16659 <... mmap resumed>)               = 0x100100000000
16657 mmap(NULL, 16384, PROT_READ|PROT_WRITE, MAP_PRIVATE|MAP_ANONYMOUS|MAP_NORESERVE, -1, 0 <unfinished ...>
16672 munmap(0x100180000000, 16384 <unfinished ...>
16671 mmap(NULL, 16384, PROT_READ|PROT_WRITE, MAP_PRIVATE|MAP_ANONYMOUS|MAP_NORESERVE, -1, 0 <unfinished ...>
16670 munmap(0x100000200000, 16384 <unfinished ...>
16669 <... mmap resumed>)               = 0x100000000000
16668 <... mmap resumed>)               = 0x100140000000
16667 <... mmap resumed>)               = 0x100040000000
16666 <... munmap resumed>)             = 0
16665 <... munmap resumed>)             = 0
16664 munmap(0x100040400000, 16384 <unfinished ...>
16661 <... mmap resumed>)               = 0x100100200000
16658 munmap(0x1000c0200000, 16384 <unfinished ...>
16672 <... munmap resumed>)             = 0
16671 <... mmap resumed>)               = 0x100180000000
16670 <... munmap resumed>)             = 0
16669 munmap(0x100000000000, 16384 <unfinished ...>
16668 munmap(0x100140000000, 16384 <unfinished ...>
16667 munmap(0x100040000000, 16384 <unfinished ...>
16665 mmap(NULL, 16384, PROT_READ|PROT_WRITE, MAP_PRIVATE|MAP_ANONYMOUS|MAP_NORESERVE, -1, 0 <unfinished ...>
16664 <... munmap resumed>)             = 0
16663 munmap(0x100080000000, 16384 <unfinished ...>
16662 munmap(0x100140200000, 16384 <unfinished ...>
16661 munmap(0x100100200000, 16384 <unfinished ...>
16659 munmap(0x100100000000, 16384 <unfinished ...>
16657 <... mmap resumed>)               = 0x100040600000
16672 mmap(NULL, 16384, PROT_READ|PROT_WRITE, MAP_PRIVATE|MAP_ANONYMOUS|MAP_NORESERVE, -1, 0 <unfinished ...>
16671 munmap(0x100180000000, 16384 <unfinished ...>
16670 mmap(NULL, 16384, PROT_READ|PROT_WRITE, MAP_PRIVATE|MAP_ANONYMOUS|MAP_NORESERVE, -1, 0 <unfinished ...>
16669 <... munmap resumed>)             = 0
16668 <... munmap resumed>)             = 0
16667 <... munmap resumed>)             = 0
16666 mmap(NULL, 16384, PROT_READ|PROT_WRITE, MAP_PRIVATE|MAP_ANONYMOUS|MAP_NORESERVE, -1, 0 <unfinished ...>
16665 <... mmap resumed>)               = 0x100040000000
16664 mmap(NULL, 16384, PROT_READ|PROT_WRITE, MAP_PRIVATE|MAP_ANONYMOUS|MAP_NORESERVE, -1, 0 <unfinished ...>
16663 <... munmap resumed>)             = 0
16662 <... munmap resumed>)             = 0
16661 <... munmap resumed>)             = 0
16660 mmap(NULL, 16384, PROT_READ|PROT_WRITE, MAP_PRIVATE|MAP_ANONYMOUS|MAP_NORESERVE, -1, 0 <unfinished ...>
16658 <... munmap resumed>)             = 0
16672 <... mmap resumed>)               = 0x100100000000
16671 <... munmap resumed>)             = 0
16670 <... mmap resumed>)               = 0x100180000000
16669 mmap(NULL, 16384, PROT_READ|PROT_WRITE, MAP_PRIVATE|MAP_ANONYMOUS|MAP_NORESERVE, -1, 0 <unfinished ...>
16668 mmap(NULL, 16384, PROT_READ|PROT_WRITE, MAP_PRIVATE|MAP_ANONYMOUS|MAP_NORESERVE, -1, 0 <unfinished ...>
16667 mmap(NULL, 16384, PROT_READ|PROT_WRITE, MAP_PRIVATE|MAP_ANONYMOUS|MAP_NORESERVE, -1, 0 <unfinished ...>
16666 <... mmap resumed>)               = 0x100140200000
16665 munmap(0x100040000000, 16384 <unfinished ...>
16664 <... mmap resumed>)               = 0x100100200000
16663 mmap(NULL, 16384, PROT_READ|PROT_WRITE, MAP_PRIVATE|MAP_ANONYMOUS|MAP_NORESERVE, -1, 0 <unfinished ...>
16662 mmap(NULL, 16384, PROT_READ|PROT_WRITE, MAP_PRIVATE|MAP_ANONYMOUS|MAP_NORESERVE, -1, 0 <unfinished ...>
16661 mmap(NULL, 16384, PROT_READ|PROT_WRITE, MAP_PRIVATE|MAP_ANONYMOUS|MAP_NORESERVE, -1, 0 <unfinished ...>
16659 <... munmap resumed>)             = 0
16657 munmap(0x100040600000, 16384 <unfinished ...>
16672 munmap(0x100100000000, 16384 <unfinished ...>
16671 mmap(NULL, 16384, PROT_READ|PROT_WRITE, MAP_PRIVATE|MAP_ANONYMOUS|MAP_NORESERVE, -1, 0 <unfinished ...>
16670 munmap(0x100180000000, 16384 <unfinished ...>
16669 <... mmap resumed>)               = 0x100000000000
16668 <... mmap resumed>)               = 0x100140000000
16667 <... mmap resumed>)               = 0x1000c0200000
16666 munmap(0x100140200000, 16384 <unfinished ...>
16665 <... munmap resumed>)             = 0
16664 munmap(0x100100200000, 16384 <unfinished ...>
16663 <... mmap resumed>)               = 0x100040000000
16662 <... mmap resumed>)               = 0x100040400000
16661 <... mmap resumed>)               = 0x100000200000
16660 <... mmap resumed>)               = 0x100080000000
16659 mmap(NULL, 16384, PROT_READ|PROT_WRITE, MAP_PRIVATE|MAP_ANONYMOUS|MAP_NORESERVE, -1, 0 <unfinished ...>
16658 mmap(NULL, 16384, PROT_READ|PROT_WRITE, MAP_PRIVATE|MAP_ANONYMOUS|MAP_NORESERVE, -1, 0 <unfinished ...>
16672 <... munmap resumed>)             = 0
16671 <... mmap resumed>)               = 0x100100000000
16670 <... munmap resumed>)             = 0
16669 munmap(0x100000000000, 16384 <unfinished ...>
16668 munmap(0x100140000000, 16384 <unfinished ...>
16667 munmap(0x1000c0200000, 16384 <unfinished ...>
16666 <... munmap resumed>)             = 0
16665 mmap(NULL, 16384, PROT_READ|PROT_WRITE, MAP_PRIVATE|MAP_ANONYMOUS|MAP_NORESERVE, -1, 0 <unfinished ...>
16664 <... munmap resumed>)             = 0
16663 munmap(0x100040000000, 16384 <unfinished ...>
16662 munmap(0x100040400000, 16384 <unfinished ...>
16661 munmap(0x100000200000, 16384 <unfinished ...>
16660 munmap(0x100080000000, 16384 <unfinished ...>
16659 <... mmap resumed>)               = 0x100100200000
16657 <... munmap resumed>)             = 0
16672 mmap(NULL, 16384, PROT_READ|PROT_WRITE, MAP_PRIVATE|MAP_ANONYMOUS|MAP_NORESERVE, -1, 0 <unfinished ...>
16671 munmap(0x100100000000, 16384 <unfinished ...>
16670 mmap(NULL, 16384, PROT_READ|PROT_WRITE, MAP_PRIVATE|MAP_ANONYMOUS|MAP_NORESERVE, -1, 0 <unfinished ...>
16669 <... munmap resumed>)             = 0
16668 <... munmap resumed>)             = 0
16667 <... munmap resumed>)             = 0
16666 mmap(NULL, 16384, PROT_READ|PROT_WRITE, MAP_PRIVATE|MAP_ANONYMOUS|MAP_NORESERVE, -1, 0 <unfinished ...>
16665 <... mmap resumed>)               = 0x1000c0200000
16664 mmap(NULL, 16384, PROT_READ|PROT_WRITE, MAP_PRIVATE|MAP_ANONYMOUS|MAP_NORESERVE, -1, 0 <unfinished ...>
16661 <... munmap resumed>)             = 0
16662 <... munmap resumed>)             = 0
16663 <... munmap resumed>)             = 0
16658 <... mmap resumed>)               = 0x100140200000
16672 <... mmap resumed>)               = 0x100080000000
16671 <... munmap resumed>)             = 0
16670 <... mmap resumed>)               = 0x100100000000
16669 mmap(NULL, 16384, PROT_READ|PROT_WRITE, MAP_PRIVATE|MAP_ANONYMOUS|MAP_NORESERVE, -1, 0 <unfinished ...>
16668 mmap(NULL, 16384, PROT_READ|PROT_WRITE, MAP_PRIVATE|MAP_ANONYMOUS|MAP_NORESERVE, -1, 0 <unfinished ...>
16667 mmap(NULL, 16384, PROT_READ|PROT_WRITE, MAP_PRIVATE|MAP_ANONYMOUS|MAP_NORESERVE, -1, 0 <unfinished ...>
16666 <... mmap resumed>)               = 0x100040000000
16665 munmap(0x1000c0200000, 16384 <unfinished ...>
16664 <... mmap resumed>)               = 0x100040400000
16663 mmap(NULL, 16384, PROT_READ|PROT_WRITE, MAP_PRIVATE|MAP_ANONYMOUS|MAP_NORESERVE, -1, 0 <unfinished ...>
16662 mmap(NULL, 16384, PROT_READ|PROT_WRITE, MAP_PRIVATE|MAP_ANONYMOUS|MAP_NORESERVE, -1, 0 <unfinished ...>
16661 mmap(NULL, 16384, PROT_READ|PROT_WRITE, MAP_PRIVATE|MAP_ANONYMOUS|MAP_NORESERVE, -1, 0 <unfinished ...>
16660 <... munmap resumed>)             = 0
16659 munmap(0x100100200000, 16384 <unfinished ...>
16657 mmap(NULL, 16384, PROT_READ|PROT_WRITE, MAP_PRIVATE|MAP_ANONYMOUS|MAP_NORESERVE, -1, 0 <unfinished ...>
16672 munmap(0x100080000000, 16384 <unfinished ...>
16671 mmap(NULL, 16384, PROT_READ|PROT_WRITE, MAP_PRIVATE|MAP_ANONYMOUS|MAP_NORESERVE, -1, 0 <unfinished ...>
16670 munmap(0x100100000000, 16384 <unfinished ...>
16669 <... mmap resumed>)               = 0x100000200000
16668 <... mmap resumed>)               = 0x1000c0200000
16667 <... mmap resumed>)               = 0x100140000000
16666 munmap(0x100040000000, 16384 <unfinished ...>
16665 <... munmap resumed>)             = 0
16664 munmap(0x100040400000, 16384 <unfinished ...>
16663 <... mmap resumed>)               = 0x100180000000
16662 <... mmap resumed>)               = 0x100000000000
16661 <... mmap resumed>)               = 0x100040600000
16658 munmap(0x100140200000, 16384 <unfinished ...>
16672 <... munmap resumed>)             = 0
16671 <... mmap resumed>)               = 0x100080000000
16670 <... munmap resumed>)             = 0
16669 munmap(0x100000200000, 16384 <unfinished ...>
16668 munmap(0x1000c0200000, 16384 <unfinished ...>
16667 munmap(0x100140000000, 16384 <unfinished ...>
16666 <... munmap resumed>)             = 0
16665 mmap(NULL, 16384, PROT_READ|PROT_WRITE, MAP_PRIVATE|MAP_ANONYMOUS|MAP_NORESERVE, -1, 0 <unfinished ...>
16664 <... munmap resumed>)             = 0
16663 munmap(0x100180000000, 16384 <unfinished ...>
16662 munmap(0x100000000000, 16384 <unfinished ...>
16661 munmap(0x100040600000, 16384 <unfinished ...>
16660 mmap(NULL, 16384, PROT_READ|PROT_WRITE, MAP_PRIVATE|MAP_ANONYMOUS|MAP_NORESERVE, -1, 0 <unfinished ...>
16659 <... munmap resumed>)             = 0
16658 <... munmap resumed>)             = 0
16657 <... mmap resumed>)               = 0x100100200000
16672 mmap(NULL, 16384, PROT_READ|PROT_WRITE, MAP_PRIVATE|MAP_ANONYMOUS|MAP_NORESERVE, -1, 0 <unfinished ...>
16671 munmap(0x100080000000, 16384 <unfinished ...>
16670 mmap(NULL, 16384, PROT_READ|PROT_WRITE, MAP_PRIVATE|MAP_ANONYMOUS|MAP_NORESERVE, -1, 0 <unfinished ...>
16669 <... munmap resumed>)             = 0
16668 <... munmap resumed>)             = 0
16667 <... munmap resumed>)             = 0
16665 <... mmap resumed>)               = 0x100140000000
16663 <... munmap resumed>)             = 0
16672 <... mmap resumed>)               = 0x100040600000
16671 <... munmap resumed>)             = 0
16670 <... mmap resumed>)               = 0x100000000000
16666 mmap(NULL, 16384, PROT_READ|PROT_WRITE, MAP_PRIVATE|MAP_ANONYMOUS|MAP_NORESERVE, -1, 0 <unfinished ...>
16664 mmap(NULL, 16384, PROT_READ|PROT_WRITE, MAP_PRIVATE|MAP_ANONYMOUS|MAP_NORESERVE, -1, 0 <unfinished ...>
16662 <... munmap resumed>)             = 0
16661 <... munmap resumed>)             = 0
16660 <... mmap resumed>)               = 0x100080000000
16665 munmap(0x100140000000, 16384 <unfinished ...>
16659 mmap(NULL, 16384, PROT_READ|PROT_WRITE, MAP_PRIVATE|MAP_ANONYMOUS|MAP_NORESERVE, -1, 0 <unfinished ...>
16658 mmap(NULL, 16384, PROT_READ|PROT_WRITE, MAP_PRIVATE|MAP_ANONYMOUS|MAP_NORESERVE, -1, 0 <unfinished ...>
16657 munmap(0x100100200000, 16384 <unfinished ...>
16671 mmap(NULL, 16384, PROT_READ|PROT_WRITE, MAP_PRIVATE|MAP_ANONYMOUS|MAP_NORESERVE, -1, 0 <unfinished ...>
16669 mmap(NULL, 16384, PROT_READ|PROT_WRITE, MAP_PRIVATE|MAP_ANONYMOUS|MAP_NORESERVE, -1, 0 <unfinished ...>
16668 mmap(NULL, 16384, PROT_READ|PROT_WRITE, MAP_PRIVATE|MAP_ANONYMOUS|MAP_NORESERVE, -1, 0 <unfinished ...>
16667 mmap(NULL, 16384, PROT_READ|PROT_WRITE, MAP_PRIVATE|MAP_ANONYMOUS|MAP_NORESERVE, -1, 0 <unfinished ...>
16666 <... mmap resumed>)               = 0x100180000000
16663 mmap(NULL, 16384, PROT_READ|PROT_WRITE, MAP_PRIVATE|MAP_ANONYMOUS|MAP_NORESERVE, -1, 0 <unfinished ...>
16662 mmap(NULL, 16384, PROT_READ|PROT_WRITE, MAP_PRIVATE|MAP_ANONYMOUS|MAP_NORESERVE, -1, 0 <unfinished ...>
16659 <... mmap resumed>)               = 0x1000c0200000
16671 <... mmap resumed>)               = 0x100000200000
16669 <... mmap resumed>)               = 0x100140200000
16667 <... mmap resumed>)               = 0x100040000000
16665 <... munmap resumed>)             = 0
16664 <... mmap resumed>)               = 0x100040400000
16663 <... mmap resumed>)               = 0x100140000000
16661 mmap(NULL, 16384, PROT_READ|PROT_WRITE, MAP_PRIVATE|MAP_ANONYMOUS|MAP_NORESERVE, -1, 0 <unfinished ...>
16660 munmap(0x100080000000, 16384 <unfinished ...>
16671 munmap(0x100000200000, 16384 <unfinished ...>
16670 munmap(0x100000000000, 16384 <unfinished ...>
16668 <... mmap resumed>)               = 0x100100000000
16667 munmap(0x100040000000, 16384 <unfinished ...>
16666 munmap(0x100180000000, 16384 <unfinished ...>
16665 mmap(NULL, 16384, PROT_READ|PROT_WRITE, MAP_PRIVATE|MAP_ANONYMOUS|MAP_NORESERVE, -1, 0 <unfinished ...>
16663 munmap(0x100140000000, 16384 <unfinished ...>
16662 <... mmap resumed>)               = 0x100100200000
16659 munmap(0x1000c0200000, 16384 <unfinished ...>
16658 <... mmap resumed>)               = 0x100040200000
16657 <... munmap resumed>)             = 0
16672 munmap(0x100040600000, 16384 <unfinished ...>
16671 <... munmap resumed>)             = 0
16670 <... munmap resumed>)             = 0
16669 munmap(0x100140200000, 16384 <unfinished ...>
16668 munmap(0x100100000000, 16384 <unfinished ...>
16667 <... munmap resumed>)             = 0
16666 <... munmap resumed>)             = 0
16665 <... mmap resumed>)               = 0x100180000000
16664 munmap(0x100040400000, 16384 <unfinished ...>
16663 <... munmap resumed>)             = 0
16662 munmap(0x100100200000, 16384 <unfinished ...>
16661 <... mmap resumed>)               = 0x1000c0000000
16660 <... munmap resumed>)             = 0
16659 <... munmap resumed>)             = 0
16657 mmap(NULL, 16384, PROT_READ|PROT_WRITE, MAP_PRIVATE|MAP_ANONYMOUS|MAP_NORESERVE, -1, 0 <unfinished ...>
16672 <... munmap resumed>)             = 0
16671 mmap(NULL, 16384, PROT_READ|PROT_WRITE, MAP_PRIVATE|MAP_ANONYMOUS|MAP_NORESERVE, -1, 0 <unfinished ...>
16670 mmap(NULL, 16384, PROT_READ|PROT_WRITE, MAP_PRIVATE|MAP_ANONYMOUS|MAP_NORESERVE, -1, 0 <unfinished ...>
16669 <... munmap resumed>)             = 0
16668 <... munmap resumed>)             = 0
16667 mmap(NULL, 16384, PROT_READ|PROT_WRITE, MAP_PRIVATE|MAP_ANONYMOUS|MAP_NORESERVE, -1, 0 <unfinished ...>
16666 mmap(NULL, 16384, PROT_READ|PROT_WRITE, MAP_PRIVATE|MAP_ANONYMOUS|MAP_NORESERVE, -1, 0 <unfinished ...>
16665 munmap(0x100180000000, 16384 <unfinished ...>
16664 <... munmap resumed>)             = 0
16663 mmap(NULL, 16384, PROT_READ|PROT_WRITE, MAP_PRIVATE|MAP_ANONYMOUS|MAP_NORESERVE, -1, 0 <unfinished ...>
16662 <... munmap resumed>)             = 0
16661 munmap(0x1000c0000000, 16384 <unfinished ...>
16660 mmap(NULL, 16384, PROT_READ|PROT_WRITE, MAP_PRIVATE|MAP_ANONYMOUS|MAP_NORESERVE, -1, 0 <unfinished ...>
16658 munmap(0x100040200000, 16384 <unfinished ...>
16672 mmap(NULL, 16384, PROT_READ|PROT_WRITE, MAP_PRIVATE|MAP_ANONYMOUS|MAP_NORESERVE, -1, 0 <unfinished ...>
16671 <... mmap resumed>)               = 0x100040400000
16670 <... mmap resumed>)               = 0x100140200000
16669 mmap(NULL, 16384, PROT_READ|PROT_WRITE, MAP_PRIVATE|MAP_ANONYMOUS|MAP_NORESERVE, -1, 0 <unfinished ...>
16668 mmap(NULL, 16384, PROT_READ|PROT_WRITE, MAP_PRIVATE|MAP_ANONYMOUS|MAP_NORESERVE, -1, 0 <unfinished ...>
16667 <... mmap resumed>)               = 0x100100000000
16666 <... mmap resumed>)               = 0x100040600000
16665 <... munmap resumed>)             = 0
16664 mmap(NULL, 16384, PROT_READ|PROT_WRITE, MAP_PRIVATE|MAP_ANONYMOUS|MAP_NORESERVE, -1, 0 <unfinished ...>
16663 <... mmap resumed>)               = 0x100180000000
16662 mmap(NULL, 16384, PROT_READ|PROT_WRITE, MAP_PRIVATE|MAP_ANONYMOUS|MAP_NORESERVE, -1, 0 <unfinished ...>
16661 <... munmap resumed>)             = 0
16659 mmap(NULL, 16384, PROT_READ|PROT_WRITE, MAP_PRIVATE|MAP_ANONYMOUS|MAP_NORESERVE, -1, 0 <unfinished ...>
16657 <... mmap resumed>)               = 0x100100200000
16672 <... mmap resumed>)               = 0x100000000000
16671 munmap(0x100040400000, 16384 <unfinished ...>
16670 munmap(0x100140200000, 16384 <unfinished ...>
16669 <... mmap resumed>)               = 0x100040200000
16668 <... mmap resumed>)               = 0x1000c0200000
16667 munmap(0x100100000000, 16384 <unfinished ...>
16666 munmap(0x100040600000, 16384 <unfinished ...>
16665 mmap(NULL, 16384, PROT_READ|PROT_WRITE, MAP_PRIVATE|MAP_ANONYMOUS|MAP_NORESERVE, -1, 0 <unfinished ...>
16664 <... mmap resumed>)               = 0x100080000000
16663 munmap(0x100180000000, 16384 <unfinished ...>
16662 <... mmap resumed>)               = 0x100140000000
16661 mmap(NULL, 16384, PROT_READ|PROT_WRITE, MAP_PRIVATE|MAP_ANONYMOUS|MAP_NORESERVE, -1, 0 <unfinished ...>
16660 <... mmap resumed>)               = 0x1000c0000000
16658 <... munmap resumed>)             = 0
16672 munmap(0x100000000000, 16384 <unfinished ...>
16671 <... munmap resumed>)             = 0
16670 <... munmap resumed>)             = 0
16669 munmap(0x100040200000, 16384 <unfinished ...>
16668 munmap(0x1000c0200000, 16384 <unfinished ...>
16667 <... munmap resumed>)             = 0
16666 <... munmap resumed>)             = 0
16665 <... mmap resumed>)               = 0x100040600000
16664 munmap(0x100080000000, 16384 <unfinished ...>
16663 <... munmap resumed>)             = 0
16662 munmap(0x100140000000, 16384 <unfinished ...>
16661 <... mmap resumed>)               = 0x100180000000
16659 <... mmap resumed>)               = 0x100040000000
16657 munmap(0x100100200000, 16384 <unfinished ...>
16672 <... munmap resumed>)             = 0
16671 mmap(NULL, 16384, PROT_READ|PROT_WRITE, MAP_PRIVATE|MAP_ANONYMOUS|MAP_NORESERVE, -1, 0 <unfinished ...>
16670 mmap(NULL, 16384, PROT_READ|PROT_WRITE, MAP_PRIVATE|MAP_ANONYMOUS|MAP_NORESERVE, -1, 0 <unfinished ...>
16669 <... munmap resumed>)             = 0
16668 <... munmap resumed>)             = 0
16667 mmap(NULL, 16384, PROT_READ|PROT_WRITE, MAP_PRIVATE|MAP_ANONYMOUS|MAP_NORESERVE, -1, 0 <unfinished ...>
16666 mmap(NULL, 16384, PROT_READ|PROT_WRITE, MAP_PRIVATE|MAP_ANONYMOUS|MAP_NORESERVE, -1, 0 <unfinished ...>
16665 munmap(0x100040600000, 16384 <unfinished ...>
16664 <... munmap resumed>)             = 0
16663 mmap(NULL, 16384, PROT_READ|PROT_WRITE, MAP_PRIVATE|MAP_ANONYMOUS|MAP_NORESERVE, -1, 0 <unfinished ...>
16662 <... munmap resumed>)             = 0
16661 munmap(0x100180000000, 16384 <unfinished ...>
16660 munmap(0x1000c0000000, 16384 <unfinished ...>
16659 munmap(0x100040000000, 16384 <unfinished ...>
16658 mmap(NULL, 16384, PROT_READ|PROT_WRITE, MAP_PRIVATE|MAP_ANONYMOUS|MAP_NORESERVE, -1, 0 <unfinished ...>
16672 mmap(NULL, 16384, PROT_READ|PROT_WRITE, MAP_PRIVATE|MAP_ANONYMOUS|MAP_NORESERVE, -1, 0 <unfinished ...>
16657 <... munmap resumed>)             = 0
16671 <... mmap resumed>)               = 0x100100200000
16670 <... mmap resumed>)               = 0x100080000000
16668 mmap(NULL, 16384, PROT_READ|PROT_WRITE, MAP_PRIVATE|MAP_ANONYMOUS|MAP_NORESERVE, -1, 0 <unfinished ...>
16667 <... mmap resumed>)               = 0x100140000000
16661 <... munmap resumed>)             = 0
16658 <... mmap resumed>)               = 0x100180000000
16669 mmap(NULL, 16384, PROT_READ|PROT_WRITE, MAP_PRIVATE|MAP_ANONYMOUS|MAP_NORESERVE, -1, 0 <unfinished ...>
16660 <... munmap resumed>)             = 0
16664 mmap(NULL, 16384, PROT_READ|PROT_WRITE, MAP_PRIVATE|MAP_ANONYMOUS|MAP_NORESERVE, -1, 0 <unfinished ...>
16672 <... mmap resumed>)               = 0x100040000000
16671 munmap(0x100100200000, 16384 <unfinished ...>
16670 munmap(0x100080000000, 16384 <unfinished ...>
16668 <... mmap resumed>)               = 0x100040600000
16667 munmap(0x100140000000, 16384 <unfinished ...>
16666 <... mmap resumed>)               = 0x1000c0200000
16665 <... munmap resumed>)             = 0
16663 <... mmap resumed>)               = 0x1000c0000000
16662 mmap(NULL, 16384, PROT_READ|PROT_WRITE, MAP_PRIVATE|MAP_ANONYMOUS|MAP_NORESERVE, -1, 0 <unfinished ...>
16661 mmap(NULL, 16384, PROT_READ|PROT_WRITE, MAP_PRIVATE|MAP_ANONYMOUS|MAP_NORESERVE, -1, 0 <unfinished ...>
16659 <... munmap resumed>)             = 0
16657 mmap(NULL, 16384, PROT_READ|PROT_WRITE, MAP_PRIVATE|MAP_ANONYMOUS|MAP_NORESERVE, -1, 0 <unfinished ...>
16672 munmap(0x100040000000, 16384 <unfinished ...>
16671 <... munmap resumed>)             = 0
16670 <... munmap resumed>)             = 0
16667 <... munmap resumed>)             = 0
16664 <... mmap resumed>)               = 0x100080000000
16663 munmap(0x1000c0000000, 16384 <unfinished ...>
16661 <... mmap resumed>)               = 0x100140000000
16659 mmap(NULL, 16384, PROT_READ|PROT_WRITE, MAP_PRIVATE|MAP_ANONYMOUS|MAP_NORESERVE, -1, 0 <unfinished ...>
16658 munmap(0x100180000000, 16384 <unfinished ...>
16672 <... munmap resumed>)             = 0
16671 mmap(NULL, 16384, PROT_READ|PROT_WRITE, MAP_PRIVATE|MAP_ANONYMOUS|MAP_NORESERVE, -1, 0 <unfinished ...>
16670 mmap(NULL, 16384, PROT_READ|PROT_WRITE, MAP_PRIVATE|MAP_ANONYMOUS|MAP_NORESERVE, -1, 0 <unfinished ...>
16669 <... mmap resumed>)               = 0x100040000000
16668 munmap(0x100040600000, 16384 <unfinished ...>
16667 mmap(NULL, 16384, PROT_READ|PROT_WRITE, MAP_PRIVATE|MAP_ANONYMOUS|MAP_NORESERVE, -1, 0 <unfinished ...>
16666 munmap(0x1000c0200000, 16384 <unfinished ...>
16665 mmap(NULL, 16384, PROT_READ|PROT_WRITE, MAP_PRIVATE|MAP_ANONYMOUS|MAP_NORESERVE, -1, 0 <unfinished ...>
16664 munmap(0x100080000000, 16384 <unfinished ...>
16663 <... munmap resumed>)             = 0
16662 <... mmap resumed>)               = 0x1000c0000000
16661 munmap(0x100140000000, 16384 <unfinished ...>
16660 mmap(NULL, 16384, PROT_READ|PROT_WRITE, MAP_PRIVATE|MAP_ANONYMOUS|MAP_NORESERVE, -1, 0 <unfinished ...>
16659 <... mmap resumed>)               = 0x100040200000
16657 <... mmap resumed>)               = 0x100100200000
16672 mmap(NULL, 16384, PROT_READ|PROT_WRITE, MAP_PRIVATE|MAP_ANONYMOUS|MAP_NORESERVE, -1, 0 <unfinished ...>
16671 <... mmap resumed>)               = 0x100180000000
16670 <... mmap resumed>)               = 0x100000000000
16669 munmap(0x100040000000, 16384 <unfinished ...>
16668 <... munmap resumed>)             = 0
16667 <... mmap resumed>)               = 0x100100000000
16666 <... munmap resumed>)             = 0
16665 <... mmap resumed>)               = 0x100040600000
16664 <... munmap resumed>)             = 0
16663 mmap(NULL, 16384, PROT_READ|PROT_WRITE, MAP_PRIVATE|MAP_ANONYMOUS|MAP_NORESERVE, -1, 0 <unfinished ...>
16662 munmap(0x1000c0000000, 16384 <unfinished ...>
16659 munmap(0x100040200000, 16384 <unfinished ...>
16658 <... munmap resumed>)             = 0
16672 <... mmap resumed>)               = 0x100080000000
16671 munmap(0x100180000000, 16384 <unfinished ...>
16670 munmap(0x100000000000, 16384 <unfinished ...>
16669 <... munmap resumed>)             = 0
16668 mmap(NULL, 16384, PROT_READ|PROT_WRITE, MAP_PRIVATE|MAP_ANONYMOUS|MAP_NORESERVE, -1, 0 <unfinished ...>
16667 munmap(0x100100000000, 16384 <unfinished ...>
16666 mmap(NULL, 16384, PROT_READ|PROT_WRITE, MAP_PRIVATE|MAP_ANONYMOUS|MAP_NORESERVE, -1, 0 <unfinished ...>
16665 munmap(0x100040600000, 16384 <unfinished ...>
16664 mmap(NULL, 16384, PROT_READ|PROT_WRITE, MAP_PRIVATE|MAP_ANONYMOUS|MAP_NORESERVE, -1, 0 <unfinished ...>
16663 <... mmap resumed>)               = 0x100040000000
16662 <... munmap resumed>)             = 0
16661 <... munmap resumed>)             = 0
16660 <... mmap resumed>)               = 0x100140000000
16659 <... munmap resumed>)             = 0
16657 munmap(0x100100200000, 16384 <unfinished ...>
16672 munmap(0x100080000000, 16384 <unfinished ...>
16671 <... munmap resumed>)             = 0
16670 <... munmap resumed>)             = 0
16669 mmap(NULL, 16384, PROT_READ|PROT_WRITE, MAP_PRIVATE|MAP_ANONYMOUS|MAP_NORESERVE, -1, 0 <unfinished ...>
16668 <... mmap resumed>)               = 0x100000000000
16667 <... munmap resumed>)             = 0
16666 <... mmap resumed>)               = 0x100180000000
16665 <... munmap resumed>)             = 0
16664 <... mmap resumed>)               = 0x100100000000
16663 munmap(0x100040000000, 16384 <unfinished ...>
16662 mmap(NULL, 16384, PROT_READ|PROT_WRITE, MAP_PRIVATE|MAP_ANONYMOUS|MAP_NORESERVE, -1, 0 <unfinished ...>
16661 mmap(NULL, 16384, PROT_READ|PROT_WRITE, MAP_PRIVATE|MAP_ANONYMOUS|MAP_NORESERVE, -1, 0 <unfinished ...>
16660 munmap(0x100140000000, 16384 <unfinished ...>
16658 mmap(NULL, 16384, PROT_READ|PROT_WRITE, MAP_PRIVATE|MAP_ANONYMOUS|MAP_NORESERVE, -1, 0 <unfinished ...>
16672 <... munmap resumed>)             = 0
16671 mmap(NULL, 16384, PROT_READ|PROT_WRITE, MAP_PRIVATE|MAP_ANONYMOUS|MAP_NORESERVE, -1, 0 <unfinished ...>
16670 mmap(NULL, 16384, PROT_READ|PROT_WRITE, MAP_PRIVATE|MAP_ANONYMOUS|MAP_NORESERVE, -1, 0 <unfinished ...>
16669 <... mmap resumed>)               = 0x100080000000
16668 munmap(0x100000000000, 16384 <unfinished ...>
16667 mmap(NULL, 16384, PROT_READ|PROT_WRITE, MAP_PRIVATE|MAP_ANONYMOUS|MAP_NORESERVE, -1, 0 <unfinished ...>
16666 munmap(0x100180000000, 16384 <unfinished ...>
16665 mmap(NULL, 16384, PROT_READ|PROT_WRITE, MAP_PRIVATE|MAP_ANONYMOUS|MAP_NORESERVE, -1, 0 <unfinished ...>
16664 munmap(0x100100000000, 16384 <unfinished ...>
16663 <... munmap resumed>)             = 0
16662 <... mmap resumed>)               = 0x100040000000
16660 <... munmap resumed>)             = 0
16659 mmap(NULL, 16384, PROT_READ|PROT_WRITE, MAP_PRIVATE|MAP_ANONYMOUS|MAP_NORESERVE, -1, 0 <unfinished ...>
16658 <... mmap resumed>)               = 0x100140000000
16657 <... munmap resumed>)             = 0
16661 <... mmap resumed>)               = 0x100100200000
16672 mmap(NULL, 16384, PROT_READ|PROT_WRITE, MAP_PRIVATE|MAP_ANONYMOUS|MAP_NORESERVE, -1, 0 <unfinished ...>
16671 <... mmap resumed>)               = 0x100040600000
16670 <... mmap resumed>)               = 0x100040200000
16669 munmap(0x100080000000, 16384 <unfinished ...>
16668 <... munmap resumed>)             = 0
16667 <... mmap resumed>)               = 0x100000000000
16666 <... munmap resumed>)             = 0
16665 <... mmap resumed>)               = 0x100180000000
16664 <... munmap resumed>)             = 0
16663 mmap(NULL, 16384, PROT_READ|PROT_WRITE, MAP_PRIVATE|MAP_ANONYMOUS|MAP_NORESERVE, -1, 0 <unfinished ...>
16662 munmap(0x100040000000, 16384 <unfinished ...>
16660 mmap(NULL, 16384, PROT_READ|PROT_WRITE, MAP_PRIVATE|MAP_ANONYMOUS|MAP_NORESERVE, -1, 0 <unfinished ...>
16659 <... mmap resumed>)               = 0x100100000000
16658 munmap(0x100140000000, 16384 <unfinished ...>
16672 <... mmap resumed>)               = 0x1000c0000000
16671 munmap(0x100040600000, 16384 <unfinished ...>
16670 munmap(0x100040200000, 16384 <unfinished ...>
16669 <... munmap resumed>)             = 0
16668 mmap(NULL, 16384, PROT_READ|PROT_WRITE, MAP_PRIVATE|MAP_ANONYMOUS|MAP_NORESERVE, -1, 0 <unfinished ...>
16667 munmap(0x100000000000, 16384 <unfinished ...>
16666 mmap(NULL, 16384, PROT_READ|PROT_WRITE, MAP_PRIVATE|MAP_ANONYMOUS|MAP_NORESERVE, -1, 0 <unfinished ...>
16665 munmap(0x100180000000, 16384 <unfinished ...>
16664 mmap(NULL, 16384, PROT_READ|PROT_WRITE, MAP_PRIVATE|MAP_ANONYMOUS|MAP_NORESERVE, -1, 0 <unfinished ...>
16663 <... mmap resumed>)               = 0x100080000000
16662 <... munmap resumed>)             = 0
16661 munmap(0x100100200000, 16384 <unfinished ...>
16660 <... mmap resumed>)               = 0x100040000000
16659 munmap(0x100100000000, 16384 <unfinished ...>
16658 <... munmap resumed>)             = 0
16657 mmap(NULL, 16384, PROT_READ|PROT_WRITE, MAP_PRIVATE|MAP_ANONYMOUS|MAP_NORESERVE, -1, 0 <unfinished ...>
16672 munmap(0x1000c0000000, 16384 <unfinished ...>
16671 <... munmap resumed>)             = 0
16670 <... munmap resumed>)             = 0
16669 mmap(NULL, 16384, PROT_READ|PROT_WRITE, MAP_PRIVATE|MAP_ANONYMOUS|MAP_NORESERVE, -1, 0 <unfinished ...>
16668 <... mmap resumed>)               = 0x100040200000
16667 <... munmap resumed>)             = 0
16666 <... mmap resumed>)               = 0x100040600000
16665 <... munmap resumed>)             = 0
16664 <... mmap resumed>)               = 0x100180000000
16663 munmap(0x100080000000, 16384 <unfinished ...>
16662 mmap(NULL, 16384, PROT_READ|PROT_WRITE, MAP_PRIVATE|MAP_ANONYMOUS|MAP_NORESERVE, -1, 0 <unfinished ...>
16661 <... munmap resumed>)             = 0
16660 munmap(0x100040000000, 16384 <unfinished ...>
16659 <... munmap resumed>)             = 0
16658 mmap(NULL, 16384, PROT_READ|PROT_WRITE, MAP_PRIVATE|MAP_ANONYMOUS|MAP_NORESERVE, -1, 0 <unfinished ...>
16672 <... munmap resumed>)             = 0
16671 mmap(NULL, 16384, PROT_READ|PROT_WRITE, MAP_PRIVATE|MAP_ANONYMOUS|MAP_NORESERVE, -1, 0 <unfinished ...>
16670 mmap(NULL, 16384, PROT_READ|PROT_WRITE, MAP_PRIVATE|MAP_ANONYMOUS|MAP_NORESERVE, -1, 0 <unfinished ...>
16669 <... mmap resumed>)               = 0x1000c0000000
16668 munmap(0x100040200000, 16384 <unfinished ...>
16667 mmap(NULL, 16384, PROT_READ|PROT_WRITE, MAP_PRIVATE|MAP_ANONYMOUS|MAP_NORESERVE, -1, 0 <unfinished ...>
16666 munmap(0x100040600000, 16384 <unfinished ...>
16665 mmap(NULL, 16384, PROT_READ|PROT_WRITE, MAP_PRIVATE|MAP_ANONYMOUS|MAP_NORESERVE, -1, 0 <unfinished ...>
16664 munmap(0x100180000000, 16384 <unfinished ...>
16663 <... munmap resumed>)             = 0
16662 <... mmap resumed>)               = 0x100100200000
16661 mmap(NULL, 16384, PROT_READ|PROT_WRITE, MAP_PRIVATE|MAP_ANONYMOUS|MAP_NORESERVE, -1, 0 <unfinished ...>
16660 <... munmap resumed>)             = 0
16659 mmap(NULL, 16384, PROT_READ|PROT_WRITE, MAP_PRIVATE|MAP_ANONYMOUS|MAP_NORESERVE, -1, 0 <unfinished ...>
16657 <... mmap resumed>)               = 0x100100000000
16672 mmap(NULL, 16384, PROT_READ|PROT_WRITE, MAP_PRIVATE|MAP_ANONYMOUS|MAP_NORESERVE, -1, 0 <unfinished ...>
16671 <... mmap resumed>)               = 0x100080000000
16670 <... mmap resumed>)               = 0x100000000000
16669 munmap(0x1000c0000000, 16384 <unfinished ...>
16668 <... munmap resumed>)             = 0
16667 <... mmap resumed>)               = 0x100180000000
16666 <... munmap resumed>)             = 0
16664 <... munmap resumed>)             = 0
16659 <... mmap resumed>)               = 0x100040600000
16665 <... mmap resumed>)               = 0x100040200000
16658 <... mmap resumed>)               = 0x100040000000
16672 <... mmap resumed>)               = 0x100140000000
16663 mmap(NULL, 16384, PROT_READ|PROT_WRITE, MAP_PRIVATE|MAP_ANONYMOUS|MAP_NORESERVE, -1, 0 <unfinished ...>
16668 mmap(NULL, 16384, PROT_READ|PROT_WRITE, MAP_PRIVATE|MAP_ANONYMOUS|MAP_NORESERVE, -1, 0 <unfinished ...>
16672 munmap(0x100140000000, 16384 <unfinished ...>
16671 munmap(0x100080000000, 16384 <unfinished ...>
16669 <... munmap resumed>)             = 0
16667 munmap(0x100180000000, 16384 <unfinished ...>
16664 mmap(NULL, 16384, PROT_READ|PROT_WRITE, MAP_PRIVATE|MAP_ANONYMOUS|MAP_NORESERVE, -1, 0 <unfinished ...>
16662 munmap(0x100100200000, 16384 <unfinished ...>
16668 <... mmap resumed>)               = 0x1000c0000000
16661 <... mmap resumed>)               = 0x1000c0200000
16666 mmap(NULL, 16384, PROT_READ|PROT_WRITE, MAP_PRIVATE|MAP_ANONYMOUS|MAP_NORESERVE, -1, 0 <unfinished ...>
16660 mmap(NULL, 16384, PROT_READ|PROT_WRITE, MAP_PRIVATE|MAP_ANONYMOUS|MAP_NORESERVE, -1, 0 <unfinished ...>
16659 munmap(0x100040600000, 16384 <unfinished ...>
16658 munmap(0x100040000000, 16384 <unfinished ...>
16657 munmap(0x100100000000, 16384 <unfinished ...>
16672 <... munmap resumed>)             = 0
16671 <... munmap resumed>)             = 0
16670 munmap(0x100000000000, 16384 <unfinished ...>
16669 mmap(NULL, 16384, PROT_READ|PROT_WRITE, MAP_PRIVATE|MAP_ANONYMOUS|MAP_NORESERVE, -1, 0 <unfinished ...>
16668 munmap(0x1000c0000000, 16384 <unfinished ...>
16667 <... munmap resumed>)             = 0
16666 <... mmap resumed>)               = 0x100080000000
16665 munmap(0x100040200000, 16384 <unfinished ...>
16664 <... mmap resumed>)               = 0x100180000000
16663 <... mmap resumed>)               = 0x100140000000
16657 <... munmap resumed>)             = 0
16659 <... munmap resumed>)             = 0
16672 mmap(NULL, 16384, PROT_READ|PROT_WRITE, MAP_PRIVATE|MAP_ANONYMOUS|MAP_NORESERVE, -1, 0 <unfinished ...>
16671 mmap(NULL, 16384, PROT_READ|PROT_WRITE, MAP_PRIVATE|MAP_ANONYMOUS|MAP_NORESERVE, -1, 0 <unfinished ...>
16670 <... munmap resumed>)             = 0
16669 <... mmap resumed>)               = 0x100040000000
16668 <... munmap resumed>)             = 0
16667 mmap(NULL, 16384, PROT_READ|PROT_WRITE, MAP_PRIVATE|MAP_ANONYMOUS|MAP_NORESERVE, -1, 0 <unfinished ...>
16666 munmap(0x100080000000, 16384 <unfinished ...>
16665 <... munmap resumed>)             = 0
16664 munmap(0x100180000000, 16384 <unfinished ...>
16663 munmap(0x100140000000, 16384 <unfinished ...>
16662 <... munmap resumed>)             = 0
16661 munmap(0x1000c0200000, 16384 <unfinished ...>
16660 <... mmap resumed>)               = 0x100040600000
16658 <... munmap resumed>)             = 0
16657 mmap(NULL, 16384, PROT_READ|PROT_WRITE, MAP_PRIVATE|MAP_ANONYMOUS|MAP_NORESERVE, -1, 0 <unfinished ...>
16672 <... mmap resumed>)               = 0x100040200000
16671 <... mmap resumed>)               = 0x1000c0000000
16670 mmap(NULL, 16384, PROT_READ|PROT_WRITE, MAP_PRIVATE|MAP_ANONYMOUS|MAP_NORESERVE, -1, 0 <unfinished ...>
16669 munmap(0x100040000000, 16384 <unfinished ...>
16668 mmap(NULL, 16384, PROT_READ|PROT_WRITE, MAP_PRIVATE|MAP_ANONYMOUS|MAP_NORESERVE, -1, 0 <unfinished ...>
16667 <... mmap resumed>)               = 0x100000000000
16666 <... munmap resumed>)             = 0
16665 mmap(NULL, 16384, PROT_READ|PROT_WRITE, MAP_PRIVATE|MAP_ANONYMOUS|MAP_NORESERVE, -1, 0 <unfinished ...>
16664 <... munmap resumed>)             = 0
16663 <... munmap resumed>)             = 0
16662 mmap(NULL, 16384, PROT_READ|PROT_WRITE, MAP_PRIVATE|MAP_ANONYMOUS|MAP_NORESERVE, -1, 0 <unfinished ...>
16661 <... munmap resumed>)             = 0
16660 munmap(0x100040600000, 16384 <unfinished ...>
16659 mmap(NULL, 16384, PROT_READ|PROT_WRITE, MAP_PRIVATE|MAP_ANONYMOUS|MAP_NORESERVE, -1, 0 <unfinished ...>
16672 munmap(0x100040200000, 16384 <unfinished ...>
16671 munmap(0x1000c0000000, 16384 <unfinished ...>
16670 <... mmap resumed>)               = 0x100140000000
16669 <... munmap resumed>)             = 0
16668 <... mmap resumed>)               = 0x100040000000
16667 munmap(0x100000000000, 16384 <unfinished ...>
16666 mmap(NULL, 16384, PROT_READ|PROT_WRITE, MAP_PRIVATE|MAP_ANONYMOUS|MAP_NORESERVE, -1, 0 <unfinished ...>
16665 <... mmap resumed>)               = 0x100180000000
16664 mmap(NULL, 16384, PROT_READ|PROT_WRITE, MAP_PRIVATE|MAP_ANONYMOUS|MAP_NORESERVE, -1, 0 <unfinished ...>
16663 mmap(NULL, 16384, PROT_READ|PROT_WRITE, MAP_PRIVATE|MAP_ANONYMOUS|MAP_NORESERVE, -1, 0 <unfinished ...>
16662 <... mmap resumed>)               = 0x100080000000
16661 mmap(NULL, 16384, PROT_READ|PROT_WRITE, MAP_PRIVATE|MAP_ANONYMOUS|MAP_NORESERVE, -1, 0 <unfinished ...>
16660 <... munmap resumed>)             = 0
16658 mmap(NULL, 16384, PROT_READ|PROT_WRITE, MAP_PRIVATE|MAP_ANONYMOUS|MAP_NORESERVE, -1, 0 <unfinished ...>
16657 <... mmap resumed>)               = 0x1000c0200000
16672 <... munmap resumed>)             = 0
16671 <... munmap resumed>)             = 0
16670 munmap(0x100140000000, 16384 <unfinished ...>
16669 mmap(NULL, 16384, PROT_READ|PROT_WRITE, MAP_PRIVATE|MAP_ANONYMOUS|MAP_NORESERVE, -1, 0 <unfinished ...>
16668 munmap(0x100040000000, 16384 <unfinished ...>
16667 <... munmap resumed>)             = 0
16666 <... mmap resumed>)               = 0x100000000000
16665 munmap(0x100180000000, 16384 <unfinished ...>
16664 <... mmap resumed>)               = 0x100040200000
16663 <... mmap resumed>)               = 0x100040600000
16662 munmap(0x100080000000, 16384 <unfinished ...>
16661 <... mmap resumed>)               = 0x100100200000
16660 mmap(NULL, 16384, PROT_READ|PROT_WRITE, MAP_PRIVATE|MAP_ANONYMOUS|MAP_NORESERVE, -1, 0 <unfinished ...>
16659 <... mmap resumed>)               = 0x1000c0000000
16658 <... mmap resumed>)               = 0x100100000000
16672 mmap(NULL, 16384, PROT_READ|PROT_WRITE, MAP_PRIVATE|MAP_ANONYMOUS|MAP_NORESERVE, -1, 0 <unfinished ...>
16671 mmap(NULL, 16384, PROT_READ|PROT_WRITE, MAP_PRIVATE|MAP_ANONYMOUS|MAP_NORESERVE, -1, 0 <unfinished ...>
16670 <... munmap resumed>)             = 0
16669 <... mmap resumed>)               = 0x100140000000
16668 <... munmap resumed>)             = 0
16667 mmap(NULL, 16384, PROT_READ|PROT_WRITE, MAP_PRIVATE|MAP_ANONYMOUS|MAP_NORESERVE, -1, 0 <unfinished ...>
16666 munmap(0x100000000000, 16384 <unfinished ...>
16665 <... munmap resumed>)             = 0
16664 munmap(0x100040200000, 16384 <unfinished ...>
16663 munmap(0x100040600000, 16384 <unfinished ...>
16662 <... munmap resumed>)             = 0
16661 munmap(0x100100200000, 16384 <unfinished ...>
16660 <... mmap resumed>)               = 0x100180000000
16659 munmap(0x1000c0000000, 16384 <unfinished ...>
16657 munmap(0x1000c0200000, 16384 <unfinished ...>
16672 <... mmap resumed>)               = 0x100080000000
16671 <... mmap resumed>)               = 0x100040000000
16670 mmap(NULL, 16384, PROT_READ|PROT_WRITE, MAP_PRIVATE|MAP_ANONYMOUS|MAP_NORESERVE, -1, 0 <unfinished ...>
16669 munmap(0x100140000000, 16384 <unfinished ...>
16668 mmap(NULL, 16384, PROT_READ|PROT_WRITE, MAP_PRIVATE|MAP_ANONYMOUS|MAP_NORESERVE, -1, 0 <unfinished ...>
16667 <... mmap resumed>)               = 0x100140200000
16666 <... munmap resumed>)             = 0
16665 mmap(NULL, 16384, PROT_READ|PROT_WRITE, MAP_PRIVATE|MAP_ANONYMOUS|MAP_NORESERVE, -1, 0 <unfinished ...>
16664 <... munmap resumed>)             = 0
16663 <... munmap resumed>)             = 0
16662 mmap(NULL, 16384, PROT_READ|PROT_WRITE, MAP_PRIVATE|MAP_ANONYMOUS|MAP_NORESERVE, -1, 0 <unfinished ...>
16661 <... munmap resumed>)             = 0
16660 munmap(0x100180000000, 16384 <unfinished ...>
16659 <... munmap resumed>)             = 0
16658 munmap(0x100100000000, 16384 <unfinished ...>
16672 munmap(0x100080000000, 16384 <unfinished ...>
16671 munmap(0x100040000000, 16384 <unfinished ...>
16670 <... mmap resumed>)               = 0x1000c0200000
16669 <... munmap resumed>)             = 0
16668 <... mmap resumed>)               = 0x100140000000
16667 munmap(0x100140200000, 16384 <unfinished ...>
16666 mmap(NULL, 16384, PROT_READ|PROT_WRITE, MAP_PRIVATE|MAP_ANONYMOUS|MAP_NORESERVE, -1, 0 <unfinished ...>
16665 <... mmap resumed>)               = 0x1000c0000000
16664 mmap(NULL, 16384, PROT_READ|PROT_WRITE, MAP_PRIVATE|MAP_ANONYMOUS|MAP_NORESERVE, -1, 0 <unfinished ...>
16663 mmap(NULL, 16384, PROT_READ|PROT_WRITE, MAP_PRIVATE|MAP_ANONYMOUS|MAP_NORESERVE, -1, 0 <unfinished ...>
16662 <... mmap resumed>)               = 0x100040600000
16661 mmap(NULL, 16384, PROT_READ|PROT_WRITE, MAP_PRIVATE|MAP_ANONYMOUS|MAP_NORESERVE, -1, 0 <unfinished ...>
16657 <... munmap resumed>)             = 0
16672 <... munmap resumed>)             = 0
16671 <... munmap resumed>)             = 0
16670 munmap(0x1000c0200000, 16384 <unfinished ...>
16669 mmap(NULL, 16384, PROT_READ|PROT_WRITE, MAP_PRIVATE|MAP_ANONYMOUS|MAP_NORESERVE, -1, 0 <unfinished ...>
16668 munmap(0x100140000000, 16384 <unfinished ...>
16667 <... munmap resumed>)             = 0
16666 <... mmap resumed>)               = 0x100140200000
16665 munmap(0x1000c0000000, 16384 <unfinished ...>
16664 <... mmap resumed>)               = 0x100040000000
16662 munmap(0x100040600000, 16384 <unfinished ...>
16660 <... munmap resumed>)             = 0
16659 mmap(NULL, 16384, PROT_READ|PROT_WRITE, MAP_PRIVATE|MAP_ANONYMOUS|MAP_NORESERVE, -1, 0 <unfinished ...>
16658 <... munmap resumed>)             = 0
16672 mmap(NULL, 16384, PROT_READ|PROT_WRITE, MAP_PRIVATE|MAP_ANONYMOUS|MAP_NORESERVE, -1, 0 <unfinished ...>
16671 mmap(NULL, 16384, PROT_READ|PROT_WRITE, MAP_PRIVATE|MAP_ANONYMOUS|MAP_NORESERVE, -1, 0 <unfinished ...>
16670 <... munmap resumed>)             = 0
16669 <... mmap resumed>)               = 0x1000c0200000
16668 <... munmap resumed>)             = 0
16667 mmap(NULL, 16384, PROT_READ|PROT_WRITE, MAP_PRIVATE|MAP_ANONYMOUS|MAP_NORESERVE, -1, 0 <unfinished ...>
16666 munmap(0x100140200000, 16384 <unfinished ...>
16665 <... munmap resumed>)             = 0
16664 munmap(0x100040000000, 16384 <unfinished ...>
16663 <... mmap resumed>)               = 0x100100000000
16662 <... munmap resumed>)             = 0
16661 <... mmap resumed>)               = 0x100140000000
16660 mmap(NULL, 16384, PROT_READ|PROT_WRITE, MAP_PRIVATE|MAP_ANONYMOUS|MAP_NORESERVE, -1, 0 <unfinished ...>
16659 <... mmap resumed>)               = 0x100040600000
16657 mmap(NULL, 16384, PROT_READ|PROT_WRITE, MAP_PRIVATE|MAP_ANONYMOUS|MAP_NORESERVE, -1, 0 <unfinished ...>
16672 <... mmap resumed>)               = 0x100080000000
16671 <... mmap resumed>)               = 0x1000c0000000
16670 mmap(NULL, 16384, PROT_READ|PROT_WRITE, MAP_PRIVATE|MAP_ANONYMOUS|MAP_NORESERVE, -1, 0 <unfinished ...>
16669 munmap(0x1000c0200000, 16384 <unfinished ...>
16668 mmap(NULL, 16384, PROT_READ|PROT_WRITE, MAP_PRIVATE|MAP_ANONYMOUS|MAP_NORESERVE, -1, 0 <unfinished ...>
16667 <... mmap resumed>)               = 0x100140200000
16666 <... munmap resumed>)             = 0
16665 mmap(NULL, 16384, PROT_READ|PROT_WRITE, MAP_PRIVATE|MAP_ANONYMOUS|MAP_NORESERVE, -1, 0 <unfinished ...>
16664 <... munmap resumed>)             = 0
16663 munmap(0x100100000000, 16384 <unfinished ...>
16662 mmap(NULL, 16384, PROT_READ|PROT_WRITE, MAP_PRIVATE|MAP_ANONYMOUS|MAP_NORESERVE, -1, 0 <unfinished ...>
16661 munmap(0x100140000000, 16384 <unfinished ...>
16660 <... mmap resumed>)               = 0x100040000000
16659 munmap(0x100040600000, 16384 <unfinished ...>
16658 mmap(NULL, 16384, PROT_READ|PROT_WRITE, MAP_PRIVATE|MAP_ANONYMOUS|MAP_NORESERVE, -1, 0 <unfinished ...>
16672 munmap(0x100080000000, 16384 <unfinished ...>
16671 munmap(0x1000c0000000, 16384 <unfinished ...>
16670 <... mmap resumed>)               = 0x100100200000
16669 <... munmap resumed>)             = 0
16668 <... mmap resumed>)               = 0x1000c0200000
16667 munmap(0x100140200000, 16384 <unfinished ...>
16666 mmap(NULL, 16384, PROT_READ|PROT_WRITE, MAP_PRIVATE|MAP_ANONYMOUS|MAP_NORESERVE, -1, 0 <unfinished ...>
16665 <... mmap resumed>)               = 0x100040200000
16664 mmap(NULL, 16384, PROT_READ|PROT_WRITE, MAP_PRIVATE|MAP_ANONYMOUS|MAP_NORESERVE, -1, 0 <unfinished ...>
16663 <... munmap resumed>)             = 0
16662 <... mmap resumed>)               = 0x100100000000
16660 munmap(0x100040000000, 16384 <unfinished ...>
16659 <... munmap resumed>)             = 0
16657 <... mmap resumed>)               = 0x100180000000
16661 <... munmap resumed>)             = 0
16672 <... munmap resumed>)             = 0
16671 <... munmap resumed>)             = 0
16670 munmap(0x100100200000, 16384 <unfinished ...>
16669 mmap(NULL, 16384, PROT_READ|PROT_WRITE, MAP_PRIVATE|MAP_ANONYMOUS|MAP_NORESERVE, -1, 0 <unfinished ...>
16668 munmap(0x1000c0200000, 16384 <unfinished ...>
16667 <... munmap resumed>)             = 0
16666 <... mmap resumed>)               = 0x1000c0000000
16665 munmap(0x100040200000, 16384 <unfinished ...>
16664 <... mmap resumed>)               = 0x100140200000
16663 mmap(NULL, 16384, PROT_READ|PROT_WRITE, MAP_PRIVATE|MAP_ANONYMOUS|MAP_NORESERVE, -1, 0 <unfinished ...>
16662 munmap(0x100100000000, 16384 <unfinished ...>
16660 <... munmap resumed>)             = 0
16658 <... mmap resumed>)               = 0x100140000000
16657 munmap(0x100180000000, 16384 <unfinished ...>
16672 mmap(NULL, 16384, PROT_READ|PROT_WRITE, MAP_PRIVATE|MAP_ANONYMOUS|MAP_NORESERVE, -1, 0 <unfinished ...>
16671 mmap(NULL, 16384, PROT_READ|PROT_WRITE, MAP_PRIVATE|MAP_ANONYMOUS|MAP_NORESERVE, -1, 0 <unfinished ...>
16670 <... munmap resumed>)             = 0
16669 <... mmap resumed>)               = 0x100100200000
16668 <... munmap resumed>)             = 0
16667 mmap(NULL, 16384, PROT_READ|PROT_WRITE, MAP_PRIVATE|MAP_ANONYMOUS|MAP_NORESERVE, -1, 0 <unfinished ...>
16666 munmap(0x1000c0000000, 16384 <unfinished ...>
16665 <... munmap resumed>)             = 0
16664 munmap(0x100140200000, 16384 <unfinished ...>
16663 <... mmap resumed>)               = 0x100040200000
16662 <... munmap resumed>)             = 0
16661 mmap(NULL, 16384, PROT_READ|PROT_WRITE, MAP_PRIVATE|MAP_ANONYMOUS|MAP_NORESERVE, -1, 0 <unfinished ...>
16660 mmap(NULL, 16384, PROT_READ|PROT_WRITE, MAP_PRIVATE|MAP_ANONYMOUS|MAP_NORESERVE, -1, 0 <unfinished ...>
16659 mmap(NULL, 16384, PROT_READ|PROT_WRITE, MAP_PRIVATE|MAP_ANONYMOUS|MAP_NORESERVE, -1, 0 <unfinished ...>
16658 munmap(0x100140000000, 16384 <unfinished ...>
16672 <... mmap resumed>)               = 0x100180000000
16671 <... mmap resumed>)               = 0x100100000000
16670 mmap(NULL, 16384, PROT_READ|PROT_WRITE, MAP_PRIVATE|MAP_ANONYMOUS|MAP_NORESERVE, -1, 0 <unfinished ...>
16666 <... munmap resumed>)             = 0
16665 mmap(NULL, 16384, PROT_READ|PROT_WRITE, MAP_PRIVATE|MAP_ANONYMOUS|MAP_NORESERVE, -1, 0 <unfinished ...>
16663 munmap(0x100040200000, 16384 <unfinished ...>
16660 <... mmap resumed>)               = 0x1000c0200000
16657 <... munmap resumed>)             = 0
16672 munmap(0x100180000000, 16384 <unfinished ...>
16671 munmap(0x100100000000, 16384 <unfinished ...>
16670 <... mmap resumed>)               = 0x100140000000
16669 munmap(0x100100200000, 16384 <unfinished ...>
16668 mmap(NULL, 16384, PROT_READ|PROT_WRITE, MAP_PRIVATE|MAP_ANONYMOUS|MAP_NORESERVE, -1, 0 <unfinished ...>
16667 <... mmap resumed>)               = 0x1000c0000000
16666 mmap(NULL, 16384, PROT_READ|PROT_WRITE, MAP_PRIVATE|MAP_ANONYMOUS|MAP_NORESERVE, -1, 0 <unfinished ...>
16665 <... mmap resumed>)               = 0x100040000000
16664 <... munmap resumed>)             = 0
16662 mmap(NULL, 16384, PROT_READ|PROT_WRITE, MAP_PRIVATE|MAP_ANONYMOUS|MAP_NORESERVE, -1, 0 <unfinished ...>
16661 <... mmap resumed>)               = 0x100140200000
16660 munmap(0x1000c0200000, 16384 <unfinished ...>
16659 <... mmap resumed>)               = 0x100080000000
16658 <... munmap resumed>)             = 0
16672 <... munmap resumed>)             = 0
16671 <... munmap resumed>)             = 0
16670 munmap(0x100140000000, 16384 <unfinished ...>
16669 <... munmap resumed>)             = 0
16668 <... mmap resumed>)               = 0x100100000000
16667 munmap(0x1000c0000000, 16384 <unfinished ...>
16666 <... mmap resumed>)               = 0x100100200000
16665 munmap(0x100040000000, 16384 <unfinished ...>
16664 mmap(NULL, 16384, PROT_READ|PROT_WRITE, MAP_PRIVATE|MAP_ANONYMOUS|MAP_NORESERVE, -1, 0 <unfinished ...>
16663 <... munmap resumed>)             = 0
16662 <... mmap resumed>)               = 0x100040200000
16661 munmap(0x100140200000, 16384 <unfinished ...>
16660 <... munmap resumed>)             = 0
16657 mmap(NULL, 16384, PROT_READ|PROT_WRITE, MAP_PRIVATE|MAP_ANONYMOUS|MAP_NORESERVE, -1, 0 <unfinished ...>
16672 mmap(NULL, 16384, PROT_READ|PROT_WRITE, MAP_PRIVATE|MAP_ANONYMOUS|MAP_NORESERVE, -1, 0 <unfinished ...>
16671 mmap(NULL, 16384, PROT_READ|PROT_WRITE, MAP_PRIVATE|MAP_ANONYMOUS|MAP_NORESERVE, -1, 0 <unfinished ...>
16670 <... munmap resumed>)             = 0
16669 mmap(NULL, 16384, PROT_READ|PROT_WRITE, MAP_PRIVATE|MAP_ANONYMOUS|MAP_NORESERVE, -1, 0 <unfinished ...>
16668 munmap(0x100100000000, 16384 <unfinished ...>
16667 <... munmap resumed>)             = 0
16666 munmap(0x100100200000, 16384 <unfinished ...>
16665 <... munmap resumed>)             = 0
16664 <... mmap resumed>)               = 0x100040000000
16663 mmap(NULL, 16384, PROT_READ|PROT_WRITE, MAP_PRIVATE|MAP_ANONYMOUS|MAP_NORESERVE, -1, 0 <unfinished ...>
16662 munmap(0x100040200000, 16384 <unfinished ...>
16661 <... munmap resumed>)             = 0
16659 munmap(0x100080000000, 16384 <unfinished ...>
16658 mmap(NULL, 16384, PROT_READ|PROT_WRITE, MAP_PRIVATE|MAP_ANONYMOUS|MAP_NORESERVE, -1, 0 <unfinished ...>
16672 <... mmap resumed>)               = 0x1000c0000000
16671 <... mmap resumed>)               = 0x100140000000
16670 mmap(NULL, 16384, PROT_READ|PROT_WRITE, MAP_PRIVATE|MAP_ANONYMOUS|MAP_NORESERVE, -1, 0 <unfinished ...>
16669 <... mmap resumed>)               = 0x1000c0200000
16668 <... munmap resumed>)             = 0
16667 mmap(NULL, 16384, PROT_READ|PROT_WRITE, MAP_PRIVATE|MAP_ANONYMOUS|MAP_NORESERVE, -1, 0 <unfinished ...>
16666 <... munmap resumed>)             = 0
16665 mmap(NULL, 16384, PROT_READ|PROT_WRITE, MAP_PRIVATE|MAP_ANONYMOUS|MAP_NORESERVE, -1, 0 <unfinished ...>
16664 munmap(0x100040000000, 16384 <unfinished ...>
16663 <... mmap resumed>)               = 0x100100200000
16662 <... munmap resumed>)             = 0
16660 mmap(NULL, 16384, PROT_READ|PROT_WRITE, MAP_PRIVATE|MAP_ANONYMOUS|MAP_NORESERVE, -1, 0 <unfinished ...>
16657 <... mmap resumed>)               = 0x100140200000
16672 munmap(0x1000c0000000, 16384 <unfinished ...>
16671 munmap(0x100140000000, 16384 <unfinished ...>
16670 <... mmap resumed>)               = 0x100080000000
16669 munmap(0x1000c0200000, 16384 <unfinished ...>
16668 mmap(NULL, 16384, PROT_READ|PROT_WRITE, MAP_PRIVATE|MAP_ANONYMOUS|MAP_NORESERVE, -1, 0 <unfinished ...>
16667 <... mmap resumed>)               = 0x100100000000
16666 mmap(NULL, 16384, PROT_READ|PROT_WRITE, MAP_PRIVATE|MAP_ANONYMOUS|MAP_NORESERVE, -1, 0 <unfinished ...>
16665 <... mmap resumed>)               = 0x100180000000
16664 <... munmap resumed>)             = 0
16663 munmap(0x100100200000, 16384 <unfinished ...>
16662 mmap(NULL, 16384, PROT_READ|PROT_WRITE, MAP_PRIVATE|MAP_ANONYMOUS|MAP_NORESERVE, -1, 0 <unfinished ...>
16661 mmap(NULL, 16384, PROT_READ|PROT_WRITE, MAP_PRIVATE|MAP_ANONYMOUS|MAP_NORESERVE, -1, 0 <unfinished ...>
16660 <... mmap resumed>)               = 0x100040000000
16659 <... munmap resumed>)             = 0
16658 <... mmap resumed>)               = 0x100040200000
16657 munmap(0x100140200000, 16384 <unfinished ...>
16672 <... munmap resumed>)             = 0
16671 <... munmap resumed>)             = 0
16670 munmap(0x100080000000, 16384 <unfinished ...>
16669 <... munmap resumed>)             = 0
16668 <... mmap resumed>)               = 0x100140000000
16667 munmap(0x100100000000, 16384 <unfinished ...>
16666 <... mmap resumed>)               = 0x1000c0200000
16665 munmap(0x100180000000, 16384 <unfinished ...>
16664 mmap(NULL, 16384, PROT_READ|PROT_WRITE, MAP_PRIVATE|MAP_ANONYMOUS|MAP_NORESERVE, -1, 0 <unfinished ...>
16663 <... munmap resumed>)             = 0
16662 <... mmap resumed>)               = 0x100100200000
16661 <... mmap resumed>)               = 0x1000c0000000
16660 munmap(0x100040000000, 16384 <unfinished ...>
16659 mmap(NULL, 16384, PROT_READ|PROT_WRITE, MAP_PRIVATE|MAP_ANONYMOUS|MAP_NORESERVE, -1, 0 <unfinished ...>
16658 munmap(0x100040200000, 16384 <unfinished ...>
16672 mmap(NULL, 16384, PROT_READ|PROT_WRITE, MAP_PRIVATE|MAP_ANONYMOUS|MAP_NORESERVE, -1, 0 <unfinished ...>
16671 mmap(NULL, 16384, PROT_READ|PROT_WRITE, MAP_PRIVATE|MAP_ANONYMOUS|MAP_NORESERVE, -1, 0 <unfinished ...>
16670 <... munmap resumed>)             = 0
16669 mmap(NULL, 16384, PROT_READ|PROT_WRITE, MAP_PRIVATE|MAP_ANONYMOUS|MAP_NORESERVE, -1, 0 <unfinished ...>
16668 munmap(0x100140000000, 16384 <unfinished ...>
16667 <... munmap resumed>)             = 0
16666 munmap(0x1000c0200000, 16384 <unfinished ...>
16665 <... munmap resumed>)             = 0
16664 <... mmap resumed>)               = 0x100100000000
16663 mmap(NULL, 16384, PROT_READ|PROT_WRITE, MAP_PRIVATE|MAP_ANONYMOUS|MAP_NORESERVE, -1, 0 <unfinished ...>
16662 munmap(0x100100200000, 16384 <unfinished ...>
16661 munmap(0x1000c0000000, 16384 <unfinished ...>
16657 <... munmap resumed>)             = 0
16672 <... mmap resumed>)               = 0x100180000000
16671 <... mmap resumed>)               = 0x100040200000
16670 mmap(NULL, 16384, PROT_READ|PROT_WRITE, MAP_PRIVATE|MAP_ANONYMOUS|MAP_NORESERVE, -1, 0 <unfinished ...>
16669 <... mmap resumed>)               = 0x100040000000
16668 <... munmap resumed>)             = 0
16667 mmap(NULL, 16384, PROT_READ|PROT_WRITE, MAP_PRIVATE|MAP_ANONYMOUS|MAP_NORESERVE, -1, 0 <unfinished ...>
16666 <... munmap resumed>)             = 0
16665 mmap(NULL, 16384, PROT_READ|PROT_WRITE, MAP_PRIVATE|MAP_ANONYMOUS|MAP_NORESERVE, -1, 0 <unfinished ...>
16664 munmap(0x100100000000, 16384 <unfinished ...>
16660 <... munmap resumed>)             = 0
16659 <... mmap resumed>)               = 0x100140000000
16658 <... munmap resumed>)             = 0
16672 munmap(0x100180000000, 16384 <unfinished ...>
16671 munmap(0x100040200000, 16384 <unfinished ...>
16670 <... mmap resumed>)               = 0x1000c0000000
16669 munmap(0x100040000000, 16384 <unfinished ...>
16668 mmap(NULL, 16384, PROT_READ|PROT_WRITE, MAP_PRIVATE|MAP_ANONYMOUS|MAP_NORESERVE, -1, 0 <unfinished ...>
16667 <... mmap resumed>)               = 0x1000c0200000
16666 mmap(NULL, 16384, PROT_READ|PROT_WRITE, MAP_PRIVATE|MAP_ANONYMOUS|MAP_NORESERVE, -1, 0 <unfinished ...>
16665 <... mmap resumed>)               = 0x100080000000
16664 <... munmap resumed>)             = 0
16663 <... mmap resumed>)               = 0x100100200000
16662 <... munmap resumed>)             = 0
16661 <... munmap resumed>)             = 0
16660 mmap(NULL, 16384, PROT_READ|PROT_WRITE, MAP_PRIVATE|MAP_ANONYMOUS|MAP_NORESERVE, -1, 0 <unfinished ...>
16659 munmap(0x100140000000, 16384 <unfinished ...>
16657 mmap(NULL, 16384, PROT_READ|PROT_WRITE, MAP_PRIVATE|MAP_ANONYMOUS|MAP_NORESERVE, -1, 0 <unfinished ...>
16672 <... munmap resumed>)             = 0
16671 <... munmap resumed>)             = 0
16670 munmap(0x1000c0000000, 16384 <unfinished ...>
16669 <... munmap resumed>)             = 0
16668 <... mmap resumed>)               = 0x100180000000
16667 munmap(0x1000c0200000, 16384 <unfinished ...>
16666 <... mmap resumed>)               = 0x100040000000
16665 munmap(0x100080000000, 16384 <unfinished ...>
16664 mmap(NULL, 16384, PROT_READ|PROT_WRITE, MAP_PRIVATE|MAP_ANONYMOUS|MAP_NORESERVE, -1, 0 <unfinished ...>
16663 munmap(0x100100200000, 16384 <unfinished ...>
16662 mmap(NULL, 16384, PROT_READ|PROT_WRITE, MAP_PRIVATE|MAP_ANONYMOUS|MAP_NORESERVE, -1, 0 <unfinished ...>
16658 mmap(NULL, 16384, PROT_READ|PROT_WRITE, MAP_PRIVATE|MAP_ANONYMOUS|MAP_NORESERVE, -1, 0 <unfinished ...>
16672 mmap(NULL, 16384, PROT_READ|PROT_WRITE, MAP_PRIVATE|MAP_ANONYMOUS|MAP_NORESERVE, -1, 0 <unfinished ...>
16671 mmap(NULL, 16384, PROT_READ|PROT_WRITE, MAP_PRIVATE|MAP_ANONYMOUS|MAP_NORESERVE, -1, 0 <unfinished ...>
16670 <... munmap resumed>)             = 0
16669 mmap(NULL, 16384, PROT_READ|PROT_WRITE, MAP_PRIVATE|MAP_ANONYMOUS|MAP_NORESERVE, -1, 0 <unfinished ...>
16668 munmap(0x100180000000, 16384 <unfinished ...>
16667 <... munmap resumed>)             = 0
16666 munmap(0x100040000000, 16384 <unfinished ...>
16663 <... munmap resumed>)             = 0
16661 mmap(NULL, 16384, PROT_READ|PROT_WRITE, MAP_PRIVATE|MAP_ANONYMOUS|MAP_NORESERVE, -1, 0 <unfinished ...>
16660 <... mmap resumed>)               = 0x100140000000
16659 <... munmap resumed>)             = 0
16657 <... mmap resumed>)               = 0x1000c0000000
16672 <... mmap resumed>)               = 0x1000c0200000
16671 <... mmap resumed>)               = 0x100040200000
16670 mmap(NULL, 16384, PROT_READ|PROT_WRITE, MAP_PRIVATE|MAP_ANONYMOUS|MAP_NORESERVE, -1, 0 <unfinished ...>
16669 <... mmap resumed>)               = 0x100140200000
16668 <... munmap resumed>)             = 0
16667 mmap(NULL, 16384, PROT_READ|PROT_WRITE, MAP_PRIVATE|MAP_ANONYMOUS|MAP_NORESERVE, -1, 0 <unfinished ...>
16666 <... munmap resumed>)             = 0
16665 <... munmap resumed>)             = 0
16664 <... mmap resumed>)               = 0x100100000000
16663 mmap(NULL, 16384, PROT_READ|PROT_WRITE, MAP_PRIVATE|MAP_ANONYMOUS|MAP_NORESERVE, -1, 0 <unfinished ...>
16662 <... mmap resumed>)               = 0x100100200000
16661 <... mmap resumed>)               = 0x100040000000
16660 munmap(0x100140000000, 16384 <unfinished ...>
16658 <... mmap resumed>)               = 0x100080000000
16672 munmap(0x1000c0200000, 16384 <unfinished ...>
16671 munmap(0x100040200000, 16384 <unfinished ...>
16670 <... mmap resumed>)               = 0x100180000000
16669 munmap(0x100140200000, 16384 <unfinished ...>
16668 mmap(NULL, 16384, PROT_READ|PROT_WRITE, MAP_PRIVATE|MAP_ANONYMOUS|MAP_NORESERVE, -1, 0 <unfinished ...>
16667 <... mmap resumed>)               = 0x100040600000
16666 mmap(NULL, 16384, PROT_READ|PROT_WRITE, MAP_PRIVATE|MAP_ANONYMOUS|MAP_NORESERVE, -1, 0 <unfinished ...>
16665 mmap(NULL, 16384, PROT_READ|PROT_WRITE, MAP_PRIVATE|MAP_ANONYMOUS|MAP_NORESERVE, -1, 0 <unfinished ...>
16664 munmap(0x100100000000, 16384 <unfinished ...>
16663 <... mmap resumed>)               = 0x100000000000
16662 munmap(0x100100200000, 16384 <unfinished ...>
16661 munmap(0x100040000000, 16384 <unfinished ...>
16659 mmap(NULL, 16384, PROT_READ|PROT_WRITE, MAP_PRIVATE|MAP_ANONYMOUS|MAP_NORESERVE, -1, 0 <unfinished ...>
16657 munmap(0x1000c0000000, 16384 <unfinished ...>
16672 <... munmap resumed>)             = 0
16671 <... munmap resumed>)             = 0
16670 munmap(0x100180000000, 16384 <unfinished ...>
16669 <... munmap resumed>)             = 0
16668 <... mmap resumed>)               = 0x100140200000
16667 munmap(0x100040600000, 16384 <unfinished ...>
16666 <... mmap resumed>)               = 0x1000c0200000
16665 <... mmap resumed>)               = 0x100140000000
16664 <... munmap resumed>)             = 0
16663 munmap(0x100000000000, 16384 <unfinished ...>
16662 <... munmap resumed>)             = 0
16661 <... munmap resumed>)             = 0
16660 <... munmap resumed>)             = 0
16658 munmap(0x100080000000, 16384 <unfinished ...>
16672 mmap(NULL, 16384, PROT_READ|PROT_WRITE, MAP_PRIVATE|MAP_ANONYMOUS|MAP_NORESERVE, -1, 0 <unfinished ...>
16671 mmap(NULL, 16384, PROT_READ|PROT_WRITE, MAP_PRIVATE|MAP_ANONYMOUS|MAP_NORESERVE, -1, 0 <unfinished ...>
16670 <... munmap resumed>)             = 0
16669 mmap(NULL, 16384, PROT_READ|PROT_WRITE, MAP_PRIVATE|MAP_ANONYMOUS|MAP_NORESERVE, -1, 0 <unfinished ...>
16668 munmap(0x100140200000, 16384 <unfinished ...>
16667 <... munmap resumed>)             = 0
16666 munmap(0x1000c0200000, 16384 <unfinished ...>
16665 munmap(0x100140000000, 16384 <unfinished ...>
16664 mmap(NULL, 16384, PROT_READ|PROT_WRITE, MAP_PRIVATE|MAP_ANONYMOUS|MAP_NORESERVE, -1, 0 <unfinished ...>
16663 <... munmap resumed>)             = 0
16662 mmap(NULL, 16384, PROT_READ|PROT_WRITE, MAP_PRIVATE|MAP_ANONYMOUS|MAP_NORESERVE, -1, 0 <unfinished ...>
16661 mmap(NULL, 16384, PROT_READ|PROT_WRITE, MAP_PRIVATE|MAP_ANONYMOUS|MAP_NORESERVE, -1, 0 <unfinished ...>
16659 <... mmap resumed>)               = 0x100180000000
16657 <... munmap resumed>)             = 0
16672 <... mmap resumed>)               = 0x100080000000
16671 <... mmap resumed>)               = 0x100140000000
16670 mmap(NULL, 16384, PROT_READ|PROT_WRITE, MAP_PRIVATE|MAP_ANONYMOUS|MAP_NORESERVE, -1, 0 <unfinished ...>
16669 <... mmap resumed>)               = 0x100140200000
16668 <... munmap resumed>)             = 0
16667 mmap(NULL, 16384, PROT_READ|PROT_WRITE, MAP_PRIVATE|MAP_ANONYMOUS|MAP_NORESERVE, -1, 0 <unfinished ...>
16666 <... munmap resumed>)             = 0
16665 <... munmap resumed>)             = 0
16664 <... mmap resumed>)               = 0x100000000000
16663 mmap(NULL, 16384, PROT_READ|PROT_WRITE, MAP_PRIVATE|MAP_ANONYMOUS|MAP_NORESERVE, -1, 0 <unfinished ...>
16662 <... mmap resumed>)               = 0x1000c0000000
16661 <... mmap resumed>)               = 0x100040600000
16660 mmap(NULL, 16384, PROT_READ|PROT_WRITE, MAP_PRIVATE|MAP_ANONYMOUS|MAP_NORESERVE, -1, 0 <unfinished ...>
16659 munmap(0x100180000000, 16384 <unfinished ...>
16658 <... munmap resumed>)             = 0
16672 munmap(0x100080000000, 16384 <unfinished ...>
16671 munmap(0x100140000000, 16384 <unfinished ...>
16670 <... mmap resumed>)               = 0x1000c0200000
16669 munmap(0x100140200000, 16384 <unfinished ...>
16668 mmap(NULL, 16384, PROT_READ|PROT_WRITE, MAP_PRIVATE|MAP_ANONYMOUS|MAP_NORESERVE, -1, 0 <unfinished ...>
16667 <... mmap resumed>)               = 0x100040000000
16666 mmap(NULL, 16384, PROT_READ|PROT_WRITE, MAP_PRIVATE|MAP_ANONYMOUS|MAP_NORESERVE, -1, 0 <unfinished ...>
16665 mmap(NULL, 16384, PROT_READ|PROT_WRITE, MAP_PRIVATE|MAP_ANONYMOUS|MAP_NORESERVE, -1, 0 <unfinished ...>
16664 munmap(0x100000000000, 16384 <unfinished ...>
16663 <... mmap resumed>)               = 0x100100200000
16662 munmap(0x1000c0000000, 16384 <unfinished ...>
16661 munmap(0x100040600000, 16384 <unfinished ...>
16660 <... mmap resumed>)               = 0x100100000000
16657 mmap(NULL, 16384, PROT_READ|PROT_WRITE, MAP_PRIVATE|MAP_ANONYMOUS|MAP_NORESERVE, -1, 0 <unfinished ...>
16672 <... munmap resumed>)             = 0
16671 <... munmap resumed>)             = 0
16670 munmap(0x1000c0200000, 16384 <unfinished ...>
16669 <... munmap resumed>)             = 0
16668 <... mmap resumed>)               = 0x100140000000
16667 munmap(0x100040000000, 16384 <unfinished ...>
16666 <... mmap resumed>)               = 0x100140200000
16665 <... mmap resumed>)               = 0x100000000000
16664 <... munmap resumed>)             = 0
16663 munmap(0x100100200000, 16384 <unfinished ...>
16662 <... munmap resumed>)             = 0
16661 <... munmap resumed>)             = 0
16659 <... munmap resumed>)             = 0
16658 mmap(NULL, 16384, PROT_READ|PROT_WRITE, MAP_PRIVATE|MAP_ANONYMOUS|MAP_NORESERVE, -1, 0 <unfinished ...>
16672 mmap(NULL, 16384, PROT_READ|PROT_WRITE, MAP_PRIVATE|MAP_ANONYMOUS|MAP_NORESERVE, -1, 0 <unfinished ...>
16671 mmap(NULL, 16384, PROT_READ|PROT_WRITE, MAP_PRIVATE|MAP_ANONYMOUS|MAP_NORESERVE, -1, 0 <unfinished ...>
16670 <... munmap resumed>)             = 0
16669 mmap(NULL, 16384, PROT_READ|PROT_WRITE, MAP_PRIVATE|MAP_ANONYMOUS|MAP_NORESERVE, -1, 0 <unfinished ...>
16668 munmap(0x100140000000, 16384 <unfinished ...>
16667 <... munmap resumed>)             = 0
16666 munmap(0x100140200000, 16384 <unfinished ...>
16665 munmap(0x100000000000, 16384 <unfinished ...>
16662 mmap(NULL, 16384, PROT_READ|PROT_WRITE, MAP_PRIVATE|MAP_ANONYMOUS|MAP_NORESERVE, -1, 0 <unfinished ...>
16660 munmap(0x100100000000, 16384 <unfinished ...>
16659 mmap(NULL, 16384, PROT_READ|PROT_WRITE, MAP_PRIVATE|MAP_ANONYMOUS|MAP_NORESERVE, -1, 0 <unfinished ...>
16657 <... mmap resumed>)               = 0x100040600000
16672 <... mmap resumed>)               = 0x1000c0200000
16671 <... mmap resumed>)               = 0x1000c0000000
16670 mmap(NULL, 16384, PROT_READ|PROT_WRITE, MAP_PRIVATE|MAP_ANONYMOUS|MAP_NORESERVE, -1, 0 <unfinished ...>
16669 <... mmap resumed>)               = 0x100080000000
16668 <... munmap resumed>)             = 0
16667 mmap(NULL, 16384, PROT_READ|PROT_WRITE, MAP_PRIVATE|MAP_ANONYMOUS|MAP_NORESERVE, -1, 0 <unfinished ...>
16666 <... munmap resumed>)             = 0
16665 <... munmap resumed>)             = 0
16664 mmap(NULL, 16384, PROT_READ|PROT_WRITE, MAP_PRIVATE|MAP_ANONYMOUS|MAP_NORESERVE, -1, 0 <unfinished ...>
16663 <... munmap resumed>)             = 0
16662 <... mmap resumed>)               = 0x100140200000
16661 mmap(NULL, 16384, PROT_READ|PROT_WRITE, MAP_PRIVATE|MAP_ANONYMOUS|MAP_NORESERVE, -1, 0 <unfinished ...>
16660 <... munmap resumed>)             = 0
16658 <... mmap resumed>)               = 0x100040000000
16672 munmap(0x1000c0200000, 16384 <unfinished ...>
16671 munmap(0x1000c0000000, 16384 <unfinished ...>
16670 <... mmap resumed>)               = 0x100000000000
16669 munmap(0x100080000000, 16384 <unfinished ...>
16668 mmap(NULL, 16384, PROT_READ|PROT_WRITE, MAP_PRIVATE|MAP_ANONYMOUS|MAP_NORESERVE, -1, 0 <unfinished ...>
16666 mmap(NULL, 16384, PROT_READ|PROT_WRITE, MAP_PRIVATE|MAP_ANONYMOUS|MAP_NORESERVE, -1, 0 <unfinished ...>
16665 mmap(NULL, 16384, PROT_READ|PROT_WRITE, MAP_PRIVATE|MAP_ANONYMOUS|MAP_NORESERVE, -1, 0 <unfinished ...>
16664 <... mmap resumed>)               = 0x100100200000
16663 mmap(NULL, 16384, PROT_READ|PROT_WRITE, MAP_PRIVATE|MAP_ANONYMOUS|MAP_NORESERVE, -1, 0 <unfinished ...>
16662 munmap(0x100140200000, 16384 <unfinished ...>
16660 mmap(NULL, 16384, PROT_READ|PROT_WRITE, MAP_PRIVATE|MAP_ANONYMOUS|MAP_NORESERVE, -1, 0 <unfinished ...>
16661 <... mmap resumed>)               = 0x100140000000
16659 <... mmap resumed>)               = 0x100100000000
16657 munmap(0x100040600000, 16384 <unfinished ...>
16672 <... munmap resumed>)             = 0
16671 <... munmap resumed>)             = 0
16670 munmap(0x100000000000, 16384 <unfinished ...>
16669 <... munmap resumed>)             = 0
16668 <... mmap resumed>)               = 0x1000c0000000
16667 <... mmap resumed>)               = 0x100180000000
16666 <... mmap resumed>)               = 0x100080000000
16664 munmap(0x100100200000, 16384 <unfinished ...>
16663 <... mmap resumed>)               = 0x1000c0200000
16661 munmap(0x100140000000, 16384 <unfinished ...>
16660 <... mmap resumed>)               = 0x100040200000
16659 munmap(0x100100000000, 16384 <unfinished ...>
16658 munmap(0x100040000000, 16384 <unfinished ...>
16657 <... munmap resumed>)             = 0
16672 mmap(NULL, 16384, PROT_READ|PROT_WRITE, MAP_PRIVATE|MAP_ANONYMOUS|MAP_NORESERVE, -1, 0 <unfinished ...>
16671 mmap(NULL, 16384, PROT_READ|PROT_WRITE, MAP_PRIVATE|MAP_ANONYMOUS|MAP_NORESERVE, -1, 0 <unfinished ...>
16670 <... munmap resumed>)             = 0
16669 mmap(NULL, 16384, PROT_READ|PROT_WRITE, MAP_PRIVATE|MAP_ANONYMOUS|MAP_NORESERVE, -1, 0 <unfinished ...>
16668 munmap(0x1000c0000000, 16384 <unfinished ...>
16667 munmap(0x100180000000, 16384 <unfinished ...>
16666 munmap(0x100080000000, 16384 <unfinished ...>
16665 <... mmap resumed>)               = 0x100140200000
16664 <... munmap resumed>)             = 0
16662 <... munmap resumed>)             = 0
16660 munmap(0x100040200000, 16384 <unfinished ...>
16672 <... mmap resumed>)               = 0x100040000000
16671 <... mmap resumed>)               = 0x100140000000
16670 mmap(NULL, 16384, PROT_READ|PROT_WRITE, MAP_PRIVATE|MAP_ANONYMOUS|MAP_NORESERVE, -1, 0 <unfinished ...>
16669 <... mmap resumed>)               = 0x100100000000
16668 <... munmap resumed>)             = 0
16667 <... munmap resumed>)             = 0
16666 <... munmap resumed>)             = 0
16665 munmap(0x100140200000, 16384 <unfinished ...>
16663 munmap(0x1000c0200000, 16384 <unfinished ...>
16661 <... munmap resumed>)             = 0
16662 mmap(NULL, 16384, PROT_READ|PROT_WRITE, MAP_PRIVATE|MAP_ANONYMOUS|MAP_NORESERVE, -1, 0 <unfinished ...>
16659 <... munmap resumed>)             = 0
16658 <... munmap resumed>)             = 0
16657 mmap(NULL, 16384, PROT_READ|PROT_WRITE, MAP_PRIVATE|MAP_ANONYMOUS|MAP_NORESERVE, -1, 0 <unfinished ...>
16672 munmap(0x100040000000, 16384 <unfinished ...>
16671 munmap(0x100140000000, 16384 <unfinished ...>
16670 <... mmap resumed>)               = 0x100040200000
16669 munmap(0x100100000000, 16384 <unfinished ...>
16668 mmap(NULL, 16384, PROT_READ|PROT_WRITE, MAP_PRIVATE|MAP_ANONYMOUS|MAP_NORESERVE, -1, 0 <unfinished ...>
16667 mmap(NULL, 16384, PROT_READ|PROT_WRITE, MAP_PRIVATE|MAP_ANONYMOUS|MAP_NORESERVE, -1, 0 <unfinished ...>
16666 mmap(NULL, 16384, PROT_READ|PROT_WRITE, MAP_PRIVATE|MAP_ANONYMOUS|MAP_NORESERVE, -1, 0 <unfinished ...>
16665 <... munmap resumed>)             = 0
16664 mmap(NULL, 16384, PROT_READ|PROT_WRITE, MAP_PRIVATE|MAP_ANONYMOUS|MAP_NORESERVE, -1, 0 <unfinished ...>
16663 <... munmap resumed>)             = 0
16662 <... mmap resumed>)               = 0x1000c0200000
16661 mmap(NULL, 16384, PROT_READ|PROT_WRITE, MAP_PRIVATE|MAP_ANONYMOUS|MAP_NORESERVE, -1, 0 <unfinished ...>
16660 <... munmap resumed>)             = 0
16659 mmap(NULL, 16384, PROT_READ|PROT_WRITE, MAP_PRIVATE|MAP_ANONYMOUS|MAP_NORESERVE, -1, 0 <unfinished ...>
16658 mmap(NULL, 16384, PROT_READ|PROT_WRITE, MAP_PRIVATE|MAP_ANONYMOUS|MAP_NORESERVE, -1, 0 <unfinished ...>
16672 <... munmap resumed>)             = 0
16671 <... munmap resumed>)             = 0
16670 munmap(0x100040200000, 16384 <unfinished ...>
16669 <... munmap resumed>)             = 0
16668 <... mmap resumed>)               = 0x100140000000
16667 <... mmap resumed>)               = 0x100100000000
16666 <... mmap resumed>)               = 0x100040000000
16665 mmap(NULL, 16384, PROT_READ|PROT_WRITE, MAP_PRIVATE|MAP_ANONYMOUS|MAP_NORESERVE, -1, 0 <unfinished ...>
16664 <... mmap resumed>)               = 0x100180000000
16663 mmap(NULL, 16384, PROT_READ|PROT_WRITE, MAP_PRIVATE|MAP_ANONYMOUS|MAP_NORESERVE, -1, 0 <unfinished ...>
16657 <... mmap resumed>)               = 0x100140200000
16672 mmap(NULL, 16384, PROT_READ|PROT_WRITE, MAP_PRIVATE|MAP_ANONYMOUS|MAP_NORESERVE, -1, 0 <unfinished ...>
16671 mmap(NULL, 16384, PROT_READ|PROT_WRITE, MAP_PRIVATE|MAP_ANONYMOUS|MAP_NORESERVE, -1, 0 <unfinished ...>
16670 <... munmap resumed>)             = 0
16669 mmap(NULL, 16384, PROT_READ|PROT_WRITE, MAP_PRIVATE|MAP_ANONYMOUS|MAP_NORESERVE, -1, 0 <unfinished ...>
16667 munmap(0x100100000000, 16384 <unfinished ...>
16665 <... mmap resumed>)               = 0x1000c0000000
16662 munmap(0x1000c0200000, 16384 <unfinished ...>
16661 <... mmap resumed>)               = 0x100080000000
16660 mmap(NULL, 16384, PROT_READ|PROT_WRITE, MAP_PRIVATE|MAP_ANONYMOUS|MAP_NORESERVE, -1, 0 <unfinished ...>
16659 <... mmap resumed>)               = 0x100040200000
16658 <... mmap resumed>)               = 0x100100200000
16672 <... mmap resumed>)               = 0x100000000000
16671 <... mmap resumed>)               = 0x100040400000
16670 mmap(NULL, 16384, PROT_READ|PROT_WRITE, MAP_PRIVATE|MAP_ANONYMOUS|MAP_NORESERVE, -1, 0 <unfinished ...>
16669 <... mmap resumed>)               = 0x100000200000
16668 munmap(0x100140000000, 16384 <unfinished ...>
16667 <... munmap resumed>)             = 0
16666 munmap(0x100040000000, 16384 <unfinished ...>
16665 munmap(0x1000c0000000, 16384 <unfinished ...>
16664 munmap(0x100180000000, 16384 <unfinished ...>
16663 <... mmap resumed>)               = 0x100040600000
16662 <... munmap resumed>)             = 0
16661 munmap(0x100080000000, 16384 <unfinished ...>
16660 <... mmap resumed>)               = 0x1000c0200000
16659 munmap(0x100040200000, 16384 <unfinished ...>
16657 munmap(0x100140200000, 16384 <unfinished ...>
16672 munmap(0x100000000000, 16384 <unfinished ...>
16671 munmap(0x100040400000, 16384 <unfinished ...>
16670 <... mmap resumed>)               = 0x100100000000
16669 munmap(0x100000200000, 16384 <unfinished ...>
16668 <... munmap resumed>)             = 0
16667 mmap(NULL, 16384, PROT_READ|PROT_WRITE, MAP_PRIVATE|MAP_ANONYMOUS|MAP_NORESERVE, -1, 0 <unfinished ...>
16666 <... munmap resumed>)             = 0
16665 <... munmap resumed>)             = 0
16663 munmap(0x100040600000, 16384 <unfinished ...>
16662 mmap(NULL, 16384, PROT_READ|PROT_WRITE, MAP_PRIVATE|MAP_ANONYMOUS|MAP_NORESERVE, -1, 0 <unfinished ...>
16658 munmap(0x100100200000, 16384 <unfinished ...>
16672 <... munmap resumed>)             = 0
16671 <... munmap resumed>)             = 0
16670 munmap(0x100100000000, 16384 <unfinished ...>
16669 <... munmap resumed>)             = 0
16668 mmap(NULL, 16384, PROT_READ|PROT_WRITE, MAP_PRIVATE|MAP_ANONYMOUS|MAP_NORESERVE, -1, 0 <unfinished ...>
16667 <... mmap resumed>)               = 0x100000200000
16666 mmap(NULL, 16384, PROT_READ|PROT_WRITE, MAP_PRIVATE|MAP_ANONYMOUS|MAP_NORESERVE, -1, 0 <unfinished ...>
16665 mmap(NULL, 16384, PROT_READ|PROT_WRITE, MAP_PRIVATE|MAP_ANONYMOUS|MAP_NORESERVE, -1, 0 <unfinished ...>
16662 <... mmap resumed>)               = 0x100000000000
16661 <... munmap resumed>)             = 0
16660 munmap(0x1000c0200000, 16384 <unfinished ...>
16657 <... munmap resumed>)             = 0
16672 mmap(NULL, 16384, PROT_READ|PROT_WRITE, MAP_PRIVATE|MAP_ANONYMOUS|MAP_NORESERVE, -1, 0 <unfinished ...>
16671 mmap(NULL, 16384, PROT_READ|PROT_WRITE, MAP_PRIVATE|MAP_ANONYMOUS|MAP_NORESERVE, -1, 0 <unfinished ...>
16670 <... munmap resumed>)             = 0
16669 mmap(NULL, 16384, PROT_READ|PROT_WRITE, MAP_PRIVATE|MAP_ANONYMOUS|MAP_NORESERVE, -1, 0 <unfinished ...>
16668 <... mmap resumed>)               = 0x100040200000
16667 munmap(0x100000200000, 16384 <unfinished ...>
16665 <... mmap resumed>)               = 0x100180000000
16664 <... munmap resumed>)             = 0
16662 munmap(0x100000000000, 16384 <unfinished ...>
16659 <... munmap resumed>)             = 0
16658 <... munmap resumed>)             = 0
16672 <... mmap resumed>)               = 0x1000c0200000
16671 <... mmap resumed>)               = 0x100100000000
16670 mmap(NULL, 16384, PROT_READ|PROT_WRITE, MAP_PRIVATE|MAP_ANONYMOUS|MAP_NORESERVE, -1, 0 <unfinished ...>
16669 <... mmap resumed>)               = 0x100100200000
16668 munmap(0x100040200000, 16384 <unfinished ...>
16667 <... munmap resumed>)             = 0
16666 <... mmap resumed>)               = 0x100040600000
16665 munmap(0x100180000000, 16384 <unfinished ...>
16664 mmap(NULL, 16384, PROT_READ|PROT_WRITE, MAP_PRIVATE|MAP_ANONYMOUS|MAP_NORESERVE, -1, 0 <unfinished ...>
16663 <... munmap resumed>)             = 0
16662 <... munmap resumed>)             = 0
16661 mmap(NULL, 16384, PROT_READ|PROT_WRITE, MAP_PRIVATE|MAP_ANONYMOUS|MAP_NORESERVE, -1, 0 <unfinished ...>
16660 <... munmap resumed>)             = 0
16659 mmap(NULL, 16384, PROT_READ|PROT_WRITE, MAP_PRIVATE|MAP_ANONYMOUS|MAP_NORESERVE, -1, 0 <unfinished ...>
16658 mmap(NULL, 16384, PROT_READ|PROT_WRITE, MAP_PRIVATE|MAP_ANONYMOUS|MAP_NORESERVE, -1, 0 <unfinished ...>
16657 mmap(NULL, 16384, PROT_READ|PROT_WRITE, MAP_PRIVATE|MAP_ANONYMOUS|MAP_NORESERVE, -1, 0 <unfinished ...>
16672 munmap(0x1000c0200000, 16384 <unfinished ...>
16671 munmap(0x100100000000, 16384 <unfinished ...>
16670 <... mmap resumed>)               = 0x100000000000
16669 munmap(0x100100200000, 16384 <unfinished ...>
16668 <... munmap resumed>)             = 0
16667 mmap(NULL, 16384, PROT_READ|PROT_WRITE, MAP_PRIVATE|MAP_ANONYMOUS|MAP_NORESERVE, -1, 0 <unfinished ...>
16666 munmap(0x100040600000, 16384 <unfinished ...>
16665 <... munmap resumed>)             = 0
16664 <... mmap resumed>)               = 0x100180000000
16663 mmap(NULL, 16384, PROT_READ|PROT_WRITE, MAP_PRIVATE|MAP_ANONYMOUS|MAP_NORESERVE, -1, 0 <unfinished ...>
16662 mmap(NULL, 16384, PROT_READ|PROT_WRITE, MAP_PRIVATE|MAP_ANONYMOUS|MAP_NORESERVE, -1, 0 <unfinished ...>
16661 <... mmap resumed>)               = 0x100040200000
16660 mmap(NULL, 16384, PROT_READ|PROT_WRITE, MAP_PRIVATE|MAP_ANONYMOUS|MAP_NORESERVE, -1, 0 <unfinished ...>
16659 <... mmap resumed>)               = 0x100040400000
16658 <... mmap resumed>)               = 0x100000200000
16672 <... munmap resumed>)             = 0
16671 <... munmap resumed>)             = 0
16670 munmap(0x100000000000, 16384 <unfinished ...>
16669 <... munmap resumed>)             = 0
16668 mmap(NULL, 16384, PROT_READ|PROT_WRITE, MAP_PRIVATE|MAP_ANONYMOUS|MAP_NORESERVE, -1, 0 <unfinished ...>
16667 <... mmap resumed>)               = 0x100100200000
16666 <... munmap resumed>)             = 0
16665 mmap(NULL, 16384, PROT_READ|PROT_WRITE, MAP_PRIVATE|MAP_ANONYMOUS|MAP_NORESERVE, -1, 0 <unfinished ...>
16664 munmap(0x100180000000, 16384 <unfinished ...>
16663 <... mmap resumed>)               = 0x100040600000
16661 munmap(0x100040200000, 16384 <unfinished ...>
16657 <... mmap resumed>)               = 0x100080000000
16672 mmap(NULL, 16384, PROT_READ|PROT_WRITE, MAP_PRIVATE|MAP_ANONYMOUS|MAP_NORESERVE, -1, 0 <unfinished ...>
16671 mmap(NULL, 16384, PROT_READ|PROT_WRITE, MAP_PRIVATE|MAP_ANONYMOUS|MAP_NORESERVE, -1, 0 <unfinished ...>
16670 <... munmap resumed>)             = 0
16669 mmap(NULL, 16384, PROT_READ|PROT_WRITE, MAP_PRIVATE|MAP_ANONYMOUS|MAP_NORESERVE, -1, 0 <unfinished ...>
16668 <... mmap resumed>)               = 0x100000000000
16667 munmap(0x100100200000, 16384 <unfinished ...>
16666 mmap(NULL, 16384, PROT_READ|PROT_WRITE, MAP_PRIVATE|MAP_ANONYMOUS|MAP_NORESERVE, -1, 0 <unfinished ...>
16665 <... mmap resumed>)               = 0x100140200000
16664 <... munmap resumed>)             = 0
16663 munmap(0x100040600000, 16384 <unfinished ...>
16662 <... mmap resumed>)               = 0x100100000000
16661 <... munmap resumed>)             = 0
16660 <... mmap resumed>)               = 0x1000c0200000
16659 munmap(0x100040400000, 16384 <unfinished ...>
16658 munmap(0x100000200000, 16384 <unfinished ...>
16672 <... mmap resumed>)               = 0x100180000000
16671 <... mmap resumed>)               = 0x100040200000
16670 mmap(NULL, 16384, PROT_READ|PROT_WRITE, MAP_PRIVATE|MAP_ANONYMOUS|MAP_NORESERVE, -1, 0 <unfinished ...>
16669 <... mmap resumed>)               = 0x100040000000
16668 munmap(0x100000000000, 16384 <unfinished ...>
16667 <... munmap resumed>)             = 0
16666 <... mmap resumed>)               = 0x100100200000
16665 munmap(0x100140200000, 16384 <unfinished ...>
16664 mmap(NULL, 16384, PROT_READ|PROT_WRITE, MAP_PRIVATE|MAP_ANONYMOUS|MAP_NORESERVE, -1, 0 <unfinished ...>
16663 <... munmap resumed>)             = 0
16662 munmap(0x100100000000, 16384 <unfinished ...>
16661 mmap(NULL, 16384, PROT_READ|PROT_WRITE, MAP_PRIVATE|MAP_ANONYMOUS|MAP_NORESERVE, -1, 0 <unfinished ...>
16657 munmap(0x100080000000, 16384 <unfinished ...>
16672 munmap(0x100180000000, 16384 <unfinished ...>
16671 munmap(0x100040200000, 16384 <unfinished ...>
16670 <... mmap resumed>)               = 0x100000200000
16669 munmap(0x100040000000, 16384 <unfinished ...>
16668 <... munmap resumed>)             = 0
16667 mmap(NULL, 16384, PROT_READ|PROT_WRITE, MAP_PRIVATE|MAP_ANONYMOUS|MAP_NORESERVE, -1, 0 <unfinished ...>
16666 munmap(0x100100200000, 16384 <unfinished ...>
16665 <... munmap resumed>)             = 0
16664 <... mmap resumed>)               = 0x100140200000
16663 mmap(NULL, 16384, PROT_READ|PROT_WRITE, MAP_PRIVATE|MAP_ANONYMOUS|MAP_NORESERVE, -1, 0 <unfinished ...>
16660 munmap(0x1000c0200000, 16384 <unfinished ...>
16659 <... munmap resumed>)             = 0
16658 <... munmap resumed>)             = 0
16672 <... munmap resumed>)             = 0
16671 <... munmap resumed>)             = 0
16670 munmap(0x100000200000, 16384 <unfinished ...>
16669 <... munmap resumed>)             = 0
16668 mmap(NULL, 16384, PROT_READ|PROT_WRITE, MAP_PRIVATE|MAP_ANONYMOUS|MAP_NORESERVE, -1, 0 <unfinished ...>
16667 <... mmap resumed>)               = 0x100100200000
16666 <... munmap resumed>)             = 0
16665 mmap(NULL, 16384, PROT_READ|PROT_WRITE, MAP_PRIVATE|MAP_ANONYMOUS|MAP_NORESERVE, -1, 0 <unfinished ...>
16664 munmap(0x100140200000, 16384 <unfinished ...>
16663 <... mmap resumed>)               = 0x100040000000
16662 <... munmap resumed>)             = 0
16661 <... mmap resumed>)               = 0x100000000000
16660 <... munmap resumed>)             = 0
16657 <... munmap resumed>)             = 0
16672 mmap(NULL, 16384, PROT_READ|PROT_WRITE, MAP_PRIVATE|MAP_ANONYMOUS|MAP_NORESERVE, -1, 0 <unfinished ...>
16671 mmap(NULL, 16384, PROT_READ|PROT_WRITE, MAP_PRIVATE|MAP_ANONYMOUS|MAP_NORESERVE, -1, 0 <unfinished ...>
16670 <... munmap resumed>)             = 0
16669 mmap(NULL, 16384, PROT_READ|PROT_WRITE, MAP_PRIVATE|MAP_ANONYMOUS|MAP_NORESERVE, -1, 0 <unfinished ...>
16668 <... mmap resumed>)               = 0x100000200000
16667 munmap(0x100100200000, 16384 <unfinished ...>
16666 mmap(NULL, 16384, PROT_READ|PROT_WRITE, MAP_PRIVATE|MAP_ANONYMOUS|MAP_NORESERVE, -1, 0 <unfinished ...>
16664 <... munmap resumed>)             = 0
16663 munmap(0x100040000000, 16384 <unfinished ...>
16662 mmap(NULL, 16384, PROT_READ|PROT_WRITE, MAP_PRIVATE|MAP_ANONYMOUS|MAP_NORESERVE, -1, 0 <unfinished ...>
16659 mmap(NULL, 16384, PROT_READ|PROT_WRITE, MAP_PRIVATE|MAP_ANONYMOUS|MAP_NORESERVE, -1, 0 <unfinished ...>
16660 mmap(NULL, 16384, PROT_READ|PROT_WRITE, MAP_PRIVATE|MAP_ANONYMOUS|MAP_NORESERVE, -1, 0 <unfinished ...>
16658 mmap(NULL, 16384, PROT_READ|PROT_WRITE, MAP_PRIVATE|MAP_ANONYMOUS|MAP_NORESERVE, -1, 0 <unfinished ...>
16672 <... mmap resumed>)               = 0x1000c0200000
16671 <... mmap resumed>)               = 0x100140200000
16670 mmap(NULL, 16384, PROT_READ|PROT_WRITE, MAP_PRIVATE|MAP_ANONYMOUS|MAP_NORESERVE, -1, 0 <unfinished ...>
16669 <... mmap resumed>)               = 0x100100000000
16668 munmap(0x100000200000, 16384 <unfinished ...>
16667 <... munmap resumed>)             = 0
16666 <... mmap resumed>)               = 0x100180000000
16665 <... mmap resumed>)               = 0x100080000000
16664 mmap(NULL, 16384, PROT_READ|PROT_WRITE, MAP_PRIVATE|MAP_ANONYMOUS|MAP_NORESERVE, -1, 0 <unfinished ...>
16661 munmap(0x100000000000, 16384 <unfinished ...>
16657 mmap(NULL, 16384, PROT_READ|PROT_WRITE, MAP_PRIVATE|MAP_ANONYMOUS|MAP_NORESERVE, -1, 0 <unfinished ...>
16672 munmap(0x1000c0200000, 16384 <unfinished ...>
16671 munmap(0x100140200000, 16384 <unfinished ...>
16670 <... mmap resumed>)               = 0x100040400000
16669 munmap(0x100100000000, 16384 <unfinished ...>
16668 <... munmap resumed>)             = 0
16667 mmap(NULL, 16384, PROT_READ|PROT_WRITE, MAP_PRIVATE|MAP_ANONYMOUS|MAP_NORESERVE, -1, 0 <unfinished ...>
16666 munmap(0x100180000000, 16384 <unfinished ...>
16665 munmap(0x100080000000, 16384 <unfinished ...>
16663 <... munmap resumed>)             = 0
16662 <... mmap resumed>)               = 0x100040200000
16660 <... mmap resumed>)               = 0x100100200000
16659 <... mmap resumed>)               = 0x100000200000
16658 <... mmap resumed>)               = 0x100040000000
16672 <... munmap resumed>)             = 0
16671 <... munmap resumed>)             = 0
16670 munmap(0x100040400000, 16384 <unfinished ...>
16669 <... munmap resumed>)             = 0
16668 mmap(NULL, 16384, PROT_READ|PROT_WRITE, MAP_PRIVATE|MAP_ANONYMOUS|MAP_NORESERVE, -1, 0 <unfinished ...>
16667 <... mmap resumed>)               = 0x100100000000
16666 <... munmap resumed>)             = 0
16665 <... munmap resumed>)             = 0
16664 <... mmap resumed>)               = 0x100140200000
16663 mmap(NULL, 16384, PROT_READ|PROT_WRITE, MAP_PRIVATE|MAP_ANONYMOUS|MAP_NORESERVE, -1, 0 <unfinished ...>
16662 munmap(0x100040200000, 16384 <unfinished ...>
16661 <... munmap resumed>)             = 0
16660 munmap(0x100100200000, 16384 <unfinished ...>
16659 munmap(0x100000200000, 16384 <unfinished ...>
16658 munmap(0x100040000000, 16384 <unfinished ...>
16657 <... mmap resumed>)               = 0x1000c0200000
16672 mmap(NULL, 16384, PROT_READ|PROT_WRITE, MAP_PRIVATE|MAP_ANONYMOUS|MAP_NORESERVE, -1, 0 <unfinished ...>
16671 mmap(NULL, 16384, PROT_READ|PROT_WRITE, MAP_PRIVATE|MAP_ANONYMOUS|MAP_NORESERVE, -1, 0 <unfinished ...>
16670 <... munmap resumed>)             = 0
16669 mmap(NULL, 16384, PROT_READ|PROT_WRITE, MAP_PRIVATE|MAP_ANONYMOUS|MAP_NORESERVE, -1, 0 <unfinished ...>
16668 <... mmap resumed>)               = 0x100040400000
16667 munmap(0x100100000000, 16384 <unfinished ...>
16666 mmap(NULL, 16384, PROT_READ|PROT_WRITE, MAP_PRIVATE|MAP_ANONYMOUS|MAP_NORESERVE, -1, 0 <unfinished ...>
16665 mmap(NULL, 16384, PROT_READ|PROT_WRITE, MAP_PRIVATE|MAP_ANONYMOUS|MAP_NORESERVE, -1, 0 <unfinished ...>
16664 munmap(0x100140200000, 16384 <unfinished ...>
16663 <... mmap resumed>)               = 0x100080000000
16662 <... munmap resumed>)             = 0
16661 mmap(NULL, 16384, PROT_READ|PROT_WRITE, MAP_PRIVATE|MAP_ANONYMOUS|MAP_NORESERVE, -1, 0 <unfinished ...>
16659 <... munmap resumed>)             = 0
16672 <... mmap resumed>)               = 0x100040000000
16671 <... mmap resumed>)               = 0x100000200000
16670 mmap(NULL, 16384, PROT_READ|PROT_WRITE, MAP_PRIVATE|MAP_ANONYMOUS|MAP_NORESERVE, -1, 0 <unfinished ...>
16669 <... mmap resumed>)               = 0x100100200000
16668 munmap(0x100040400000, 16384 <unfinished ...>
16667 <... munmap resumed>)             = 0
16666 <... mmap resumed>)               = 0x100180000000
16665 <... mmap resumed>)               = 0x100040200000
16664 <... munmap resumed>)             = 0
16663 munmap(0x100080000000, 16384 <unfinished ...>
16662 mmap(NULL, 16384, PROT_READ|PROT_WRITE, MAP_PRIVATE|MAP_ANONYMOUS|MAP_NORESERVE, -1, 0 <unfinished ...>
16660 <... munmap resumed>)             = 0
16658 <... munmap resumed>)             = 0
16657 munmap(0x1000c0200000, 16384 <unfinished ...>
16672 munmap(0x100040000000, 16384 <unfinished ...>
16671 munmap(0x100000200000, 16384 <unfinished ...>
16670 <... mmap resumed>)               = 0x100100000000
16669 munmap(0x100100200000, 16384 <unfinished ...>
16668 <... munmap resumed>)             = 0
16667 mmap(NULL, 16384, PROT_READ|PROT_WRITE, MAP_PRIVATE|MAP_ANONYMOUS|MAP_NORESERVE, -1, 0 <unfinished ...>
16666 munmap(0x100180000000, 16384 <unfinished ...>
16665 munmap(0x100040200000, 16384 <unfinished ...>
16664 mmap(NULL, 16384, PROT_READ|PROT_WRITE, MAP_PRIVATE|MAP_ANONYMOUS|MAP_NORESERVE, -1, 0 <unfinished ...>
16663 <... munmap resumed>)             = 0
16662 <... mmap resumed>)               = 0x100080000000
16661 <... mmap resumed>)               = 0x100140200000
16660 mmap(NULL, 16384, PROT_READ|PROT_WRITE, MAP_PRIVATE|MAP_ANONYMOUS|MAP_NORESERVE, -1, 0 <unfinished ...>
16659 mmap(NULL, 16384, PROT_READ|PROT_WRITE, MAP_PRIVATE|MAP_ANONYMOUS|MAP_NORESERVE, -1, 0 <unfinished ...>
16658 mmap(NULL, 16384, PROT_READ|PROT_WRITE, MAP_PRIVATE|MAP_ANONYMOUS|MAP_NORESERVE, -1, 0 <unfinished ...>
16672 <... munmap resumed>)             = 0
16671 <... munmap resumed>)             = 0
16670 munmap(0x100100000000, 16384 <unfinished ...>
16669 <... munmap resumed>)             = 0
16668 mmap(NULL, 16384, PROT_READ|PROT_WRITE, MAP_PRIVATE|MAP_ANONYMOUS|MAP_NORESERVE, -1, 0 <unfinished ...>
16667 <... mmap resumed>)               = 0x100100200000
16666 <... munmap resumed>)             = 0
16665 <... munmap resumed>)             = 0
16664 <... mmap resumed>)               = 0x100180000000
16663 mmap(NULL, 16384, PROT_READ|PROT_WRITE, MAP_PRIVATE|MAP_ANONYMOUS|MAP_NORESERVE, -1, 0 <unfinished ...>
16662 munmap(0x100080000000, 16384 <unfinished ...>
16661 munmap(0x100140200000, 16384 <unfinished ...>
16660 <... mmap resumed>)               = 0x100040200000
16659 <... mmap resumed>)               = 0x100000200000
16657 <... munmap resumed>)             = 0
16672 mmap(NULL, 16384, PROT_READ|PROT_WRITE, MAP_PRIVATE|MAP_ANONYMOUS|MAP_NORESERVE, -1, 0 <unfinished ...>
16671 mmap(NULL, 16384, PROT_READ|PROT_WRITE, MAP_PRIVATE|MAP_ANONYMOUS|MAP_NORESERVE, -1, 0 <unfinished ...>
16670 <... munmap resumed>)             = 0
16669 mmap(NULL, 16384, PROT_READ|PROT_WRITE, MAP_PRIVATE|MAP_ANONYMOUS|MAP_NORESERVE, -1, 0 <unfinished ...>
16668 <... mmap resumed>)               = 0x100100000000
16667 munmap(0x100100200000, 16384 <unfinished ...>
16666 mmap(NULL, 16384, PROT_READ|PROT_WRITE, MAP_PRIVATE|MAP_ANONYMOUS|MAP_NORESERVE, -1, 0 <unfinished ...>
16665 mmap(NULL, 16384, PROT_READ|PROT_WRITE, MAP_PRIVATE|MAP_ANONYMOUS|MAP_NORESERVE, -1, 0 <unfinished ...>
16664 munmap(0x100180000000, 16384 <unfinished ...>
16663 <... mmap resumed>)               = 0x1000c0200000
16662 <... munmap resumed>)             = 0
16661 <... munmap resumed>)             = 0
16660 munmap(0x100040200000, 16384 <unfinished ...>
16659 munmap(0x100000200000, 16384 <unfinished ...>
16658 <... mmap resumed>)               = 0x100040000000
16657 mmap(NULL, 16384, PROT_READ|PROT_WRITE, MAP_PRIVATE|MAP_ANONYMOUS|MAP_NORESERVE, -1, 0 <unfinished ...>
16672 <... mmap resumed>)               = 0x100080000000
16671 <... mmap resumed>)               = 0x100140200000
16670 mmap(NULL, 16384, PROT_READ|PROT_WRITE, MAP_PRIVATE|MAP_ANONYMOUS|MAP_NORESERVE, -1, 0 <unfinished ...>
16669 <... mmap resumed>)               = 0x100100200000
16668 munmap(0x100100000000, 16384 <unfinished ...>
16667 <... munmap resumed>)             = 0
16666 <... mmap resumed>)               = 0x100040400000
16665 <... mmap resumed>)               = 0x100000000000
16664 <... munmap resumed>)             = 0
16662 mmap(NULL, 16384, PROT_READ|PROT_WRITE, MAP_PRIVATE|MAP_ANONYMOUS|MAP_NORESERVE, -1, 0 <unfinished ...>
16660 <... munmap resumed>)             = 0
16659 <... munmap resumed>)             = 0
16672 munmap(0x100080000000, 16384 <unfinished ...>
16671 munmap(0x100140200000, 16384 <unfinished ...>
16670 <... mmap resumed>)               = 0x100000200000
16669 munmap(0x100100200000, 16384 <unfinished ...>
16668 <... munmap resumed>)             = 0
16667 mmap(NULL, 16384, PROT_READ|PROT_WRITE, MAP_PRIVATE|MAP_ANONYMOUS|MAP_NORESERVE, -1, 0 <unfinished ...>
16666 munmap(0x100040400000, 16384 <unfinished ...>
16665 munmap(0x100000000000, 16384 <unfinished ...>
16664 mmap(NULL, 16384, PROT_READ|PROT_WRITE, MAP_PRIVATE|MAP_ANONYMOUS|MAP_NORESERVE, -1, 0 <unfinished ...>
16663 munmap(0x1000c0200000, 16384 <unfinished ...>
16662 <... mmap resumed>)               = 0x100100000000
16661 mmap(NULL, 16384, PROT_READ|PROT_WRITE, MAP_PRIVATE|MAP_ANONYMOUS|MAP_NORESERVE, -1, 0 <unfinished ...>
16658 munmap(0x100040000000, 16384 <unfinished ...>
16657 <... mmap resumed>)               = 0x100040200000
16672 <... munmap resumed>)             = 0
16671 <... munmap resumed>)             = 0
16670 munmap(0x100000200000, 16384 <unfinished ...>
16669 <... munmap resumed>)             = 0
16668 mmap(NULL, 16384, PROT_READ|PROT_WRITE, MAP_PRIVATE|MAP_ANONYMOUS|MAP_NORESERVE, -1, 0 <unfinished ...>
16667 <... mmap resumed>)               = 0x100100200000
16666 <... munmap resumed>)             = 0
16665 <... munmap resumed>)             = 0
16664 <... mmap resumed>)               = 0x100000000000
16663 <... munmap resumed>)             = 0
16662 munmap(0x100100000000, 16384 <unfinished ...>
16661 <... mmap resumed>)               = 0x100040400000
16660 mmap(NULL, 16384, PROT_READ|PROT_WRITE, MAP_PRIVATE|MAP_ANONYMOUS|MAP_NORESERVE, -1, 0 <unfinished ...>
16659 mmap(NULL, 16384, PROT_READ|PROT_WRITE, MAP_PRIVATE|MAP_ANONYMOUS|MAP_NORESERVE, -1, 0 <unfinished ...>
16672 mmap(NULL, 16384, PROT_READ|PROT_WRITE, MAP_PRIVATE|MAP_ANONYMOUS|MAP_NORESERVE, -1, 0 <unfinished ...>
16671 mmap(NULL, 16384, PROT_READ|PROT_WRITE, MAP_PRIVATE|MAP_ANONYMOUS|MAP_NORESERVE, -1, 0 <unfinished ...>
16670 <... munmap resumed>)             = 0
16669 mmap(NULL, 16384, PROT_READ|PROT_WRITE, MAP_PRIVATE|MAP_ANONYMOUS|MAP_NORESERVE, -1, 0 <unfinished ...>
16668 <... mmap resumed>)               = 0x100000200000
16667 munmap(0x100100200000, 16384 <unfinished ...>
16662 <... munmap resumed>)             = 0
16661 munmap(0x100040400000, 16384 <unfinished ...>
16660 <... mmap resumed>)               = 0x100100000000
16658 <... munmap resumed>)             = 0
16657 munmap(0x100040200000, 16384 <unfinished ...>
16672 <... mmap resumed>)               = 0x100140200000
16671 <... mmap resumed>)               = 0x1000c0200000
16670 mmap(NULL, 16384, PROT_READ|PROT_WRITE, MAP_PRIVATE|MAP_ANONYMOUS|MAP_NORESERVE, -1, 0 <unfinished ...>
16669 <... mmap resumed>)               = 0x100080000000
16668 munmap(0x100000200000, 16384 <unfinished ...>
16667 <... munmap resumed>)             = 0
16666 mmap(NULL, 16384, PROT_READ|PROT_WRITE, MAP_PRIVATE|MAP_ANONYMOUS|MAP_NORESERVE, -1, 0 <unfinished ...>
16665 mmap(NULL, 16384, PROT_READ|PROT_WRITE, MAP_PRIVATE|MAP_ANONYMOUS|MAP_NORESERVE, -1, 0 <unfinished ...>
16664 munmap(0x100000000000, 16384 <unfinished ...>
16663 mmap(NULL, 16384, PROT_READ|PROT_WRITE, MAP_PRIVATE|MAP_ANONYMOUS|MAP_NORESERVE, -1, 0 <unfinished ...>
16662 mmap(NULL, 16384, PROT_READ|PROT_WRITE, MAP_PRIVATE|MAP_ANONYMOUS|MAP_NORESERVE, -1, 0 <unfinished ...>
16660 munmap(0x100100000000, 16384 <unfinished ...>
16659 <... mmap resumed>)               = 0x100040000000
16658 mmap(NULL, 16384, PROT_READ|PROT_WRITE, MAP_PRIVATE|MAP_ANONYMOUS|MAP_NORESERVE, -1, 0 <unfinished ...>
16672 munmap(0x100140200000, 16384 <unfinished ...>
16671 munmap(0x1000c0200000, 16384 <unfinished ...>
16670 <... mmap resumed>)               = 0x100040200000
16669 munmap(0x100080000000, 16384 <unfinished ...>
16668 <... munmap resumed>)             = 0
16667 mmap(NULL, 16384, PROT_READ|PROT_WRITE, MAP_PRIVATE|MAP_ANONYMOUS|MAP_NORESERVE, -1, 0 <unfinished ...>
16666 <... mmap resumed>)               = 0x100000200000
16665 <... mmap resumed>)               = 0x100040400000
16664 <... munmap resumed>)             = 0
16663 <... mmap resumed>)               = 0x100000000000
16662 <... mmap resumed>)               = 0x100100200000
16661 <... munmap resumed>)             = 0
16660 <... munmap resumed>)             = 0
16657 <... munmap resumed>)             = 0
16672 <... munmap resumed>)             = 0
16671 <... munmap resumed>)             = 0
16670 munmap(0x100040200000, 16384 <unfinished ...>
16669 <... munmap resumed>)             = 0
16668 mmap(NULL, 16384, PROT_READ|PROT_WRITE, MAP_PRIVATE|MAP_ANONYMOUS|MAP_NORESERVE, -1, 0 <unfinished ...>
16667 <... mmap resumed>)               = 0x100140200000
16666 munmap(0x100000200000, 16384 <unfinished ...>
16665 munmap(0x100040400000, 16384 <unfinished ...>
16664 mmap(NULL, 16384, PROT_READ|PROT_WRITE, MAP_PRIVATE|MAP_ANONYMOUS|MAP_NORESERVE, -1, 0 <unfinished ...>
16663 munmap(0x100000000000, 16384 <unfinished ...>
16662 munmap(0x100100200000, 16384 <unfinished ...>
16661 mmap(NULL, 16384, PROT_READ|PROT_WRITE, MAP_PRIVATE|MAP_ANONYMOUS|MAP_NORESERVE, -1, 0 <unfinished ...>
16660 mmap(NULL, 16384, PROT_READ|PROT_WRITE, MAP_PRIVATE|MAP_ANONYMOUS|MAP_NORESERVE, -1, 0 <unfinished ...>
16659 munmap(0x100040000000, 16384 <unfinished ...>
16658 <... mmap resumed>)               = 0x100100000000
16672 mmap(NULL, 16384, PROT_READ|PROT_WRITE, MAP_PRIVATE|MAP_ANONYMOUS|MAP_NORESERVE, -1, 0 <unfinished ...>
16671 mmap(NULL, 16384, PROT_READ|PROT_WRITE, MAP_PRIVATE|MAP_ANONYMOUS|MAP_NORESERVE, -1, 0 <unfinished ...>
16670 <... munmap resumed>)             = 0
16669 mmap(NULL, 16384, PROT_READ|PROT_WRITE, MAP_PRIVATE|MAP_ANONYMOUS|MAP_NORESERVE, -1, 0 <unfinished ...>
16668 <... mmap resumed>)               = 0x100040200000
16667 munmap(0x100140200000, 16384 <unfinished ...>
16666 <... munmap resumed>)             = 0
16665 <... munmap resumed>)             = 0
16664 <... mmap resumed>)               = 0x100080000000
16663 <... munmap resumed>)             = 0
16662 <... munmap resumed>)             = 0
16661 <... mmap resumed>)               = 0x100100200000
16660 <... mmap resumed>)               = 0x100040000000
16659 <... munmap resumed>)             = 0
16657 mmap(NULL, 16384, PROT_READ|PROT_WRITE, MAP_PRIVATE|MAP_ANONYMOUS|MAP_NORESERVE, -1, 0 <unfinished ...>
16672 <... mmap resumed>)               = 0x100000200000
16671 <... mmap resumed>)               = 0x100000000000
16670 mmap(NULL, 16384, PROT_READ|PROT_WRITE, MAP_PRIVATE|MAP_ANONYMOUS|MAP_NORESERVE, -1, 0 <unfinished ...>
16669 <... mmap resumed>)               = 0x100040400000
16668 munmap(0x100040200000, 16384 <unfinished ...>
16667 <... munmap resumed>)             = 0
16666 mmap(NULL, 16384, PROT_READ|PROT_WRITE, MAP_PRIVATE|MAP_ANONYMOUS|MAP_NORESERVE, -1, 0 <unfinished ...>
16665 mmap(NULL, 16384, PROT_READ|PROT_WRITE, MAP_PRIVATE|MAP_ANONYMOUS|MAP_NORESERVE, -1, 0 <unfinished ...>
16664 munmap(0x100080000000, 16384 <unfinished ...>
16663 mmap(NULL, 16384, PROT_READ|PROT_WRITE, MAP_PRIVATE|MAP_ANONYMOUS|MAP_NORESERVE, -1, 0 <unfinished ...>
16662 mmap(NULL, 16384, PROT_READ|PROT_WRITE, MAP_PRIVATE|MAP_ANONYMOUS|MAP_NORESERVE, -1, 0 <unfinished ...>
16661 munmap(0x100100200000, 16384 <unfinished ...>
16660 munmap(0x100040000000, 16384 <unfinished ...>
16659 mmap(NULL, 16384, PROT_READ|PROT_WRITE, MAP_PRIVATE|MAP_ANONYMOUS|MAP_NORESERVE, -1, 0 <unfinished ...>
16658 munmap(0x100100000000, 16384 <unfinished ...>
16672 munmap(0x100000200000, 16384 <unfinished ...>
16671 munmap(0x100000000000, 16384 <unfinished ...>
16670 <... mmap resumed>)               = 0x1000c0200000
16669 munmap(0x100040400000, 16384 <unfinished ...>
16668 <... munmap resumed>)             = 0
16667 mmap(NULL, 16384, PROT_READ|PROT_WRITE, MAP_PRIVATE|MAP_ANONYMOUS|MAP_NORESERVE, -1, 0 <unfinished ...>
16666 <... mmap resumed>)               = 0x100040200000
16665 <... mmap resumed>)               = 0x100080000000
16664 <... munmap resumed>)             = 0
16663 <... mmap resumed>)               = 0x100180000000
16662 <... mmap resumed>)               = 0x100040600000
16661 <... munmap resumed>)             = 0
16660 <... munmap resumed>)             = 0
16659 <... mmap resumed>)               = 0x100040000000
16657 <... mmap resumed>)               = 0x100140200000
16672 <... munmap resumed>)             = 0
16671 <... munmap resumed>)             = 0
16670 munmap(0x1000c0200000, 16384 <unfinished ...>
16669 <... munmap resumed>)             = 0
16668 mmap(NULL, 16384, PROT_READ|PROT_WRITE, MAP_PRIVATE|MAP_ANONYMOUS|MAP_NORESERVE, -1, 0 <unfinished ...>
16667 <... mmap resumed>)               = 0x100000200000
16666 munmap(0x100040200000, 16384 <unfinished ...>
16665 munmap(0x100080000000, 16384 <unfinished ...>
16664 mmap(NULL, 16384, PROT_READ|PROT_WRITE, MAP_PRIVATE|MAP_ANONYMOUS|MAP_NORESERVE, -1, 0 <unfinished ...>
16663 munmap(0x100180000000, 16384 <unfinished ...>
16662 munmap(0x100040600000, 16384 <unfinished ...>
16661 mmap(NULL, 16384, PROT_READ|PROT_WRITE, MAP_PRIVATE|MAP_ANONYMOUS|MAP_NORESERVE, -1, 0 <unfinished ...>
16660 mmap(NULL, 16384, PROT_READ|PROT_WRITE, MAP_PRIVATE|MAP_ANONYMOUS|MAP_NORESERVE, -1, 0 <unfinished ...>
16658 <... munmap resumed>)             = 0
16672 mmap(NULL, 16384, PROT_READ|PROT_WRITE, MAP_PRIVATE|MAP_ANONYMOUS|MAP_NORESERVE, -1, 0 <unfinished ...>
16671 mmap(NULL, 16384, PROT_READ|PROT_WRITE, MAP_PRIVATE|MAP_ANONYMOUS|MAP_NORESERVE, -1, 0 <unfinished ...>
16670 <... munmap resumed>)             = 0
16669 mmap(NULL, 16384, PROT_READ|PROT_WRITE, MAP_PRIVATE|MAP_ANONYMOUS|MAP_NORESERVE, -1, 0 <unfinished ...>
16667 munmap(0x100000200000, 16384 <unfinished ...>
16666 <... munmap resumed>)             = 0
16665 <... munmap resumed>)             = 0
16659 munmap(0x100040000000, 16384 <unfinished ...>
16657 munmap(0x100140200000, 16384 <unfinished ...>
16668 <... mmap resumed>)               = 0x100080000000
16672 <... mmap resumed>)               = 0x100040200000
16671 <... mmap resumed>)               = 0x100040400000
16670 mmap(NULL, 16384, PROT_READ|PROT_WRITE, MAP_PRIVATE|MAP_ANONYMOUS|MAP_NORESERVE, -1, 0 <unfinished ...>
16669 <... mmap resumed>)               = 0x100100000000
16667 <... munmap resumed>)             = 0
16666 mmap(NULL, 16384, PROT_READ|PROT_WRITE, MAP_PRIVATE|MAP_ANONYMOUS|MAP_NORESERVE, -1, 0 <unfinished ...>
16664 <... mmap resumed>)               = 0x1000c0200000
16663 <... munmap resumed>)             = 0
16662 <... munmap resumed>)             = 0
16661 <... mmap resumed>)               = 0x100000000000
16660 <... mmap resumed>)               = 0x100040600000
16659 <... munmap resumed>)             = 0
16658 mmap(NULL, 16384, PROT_READ|PROT_WRITE, MAP_PRIVATE|MAP_ANONYMOUS|MAP_NORESERVE, -1, 0 <unfinished ...>
16672 munmap(0x100040200000, 16384 <unfinished ...>
16671 munmap(0x100040400000, 16384 <unfinished ...>
16670 <... mmap resumed>)               = 0x100040000000
16669 munmap(0x100100000000, 16384 <unfinished ...>
16668 munmap(0x100080000000, 16384 <unfinished ...>
16667 mmap(NULL, 16384, PROT_READ|PROT_WRITE, MAP_PRIVATE|MAP_ANONYMOUS|MAP_NORESERVE, -1, 0 <unfinished ...>
16666 <... mmap resumed>)               = 0x100140200000
16665 mmap(NULL, 16384, PROT_READ|PROT_WRITE, MAP_PRIVATE|MAP_ANONYMOUS|MAP_NORESERVE, -1, 0 <unfinished ...>
16664 munmap(0x1000c0200000, 16384 <unfinished ...>
16663 mmap(NULL, 16384, PROT_READ|PROT_WRITE, MAP_PRIVATE|MAP_ANONYMOUS|MAP_NORESERVE, -1, 0 <unfinished ...>
16657 <... munmap resumed>)             = 0
16669 <... munmap resumed>)             = 0
16668 <... munmap resumed>)             = 0
16662 mmap(NULL, 16384, PROT_READ|PROT_WRITE, MAP_PRIVATE|MAP_ANONYMOUS|MAP_NORESERVE, -1, 0 <unfinished ...>
16667 <... mmap resumed>)               = 0x100080000000
16661 munmap(0x100000000000, 16384 <unfinished ...>
16660 munmap(0x100040600000, 16384 <unfinished ...>
16658 <... mmap resumed>)               = 0x100180000000
16672 <... munmap resumed>)             = 0
16671 <... munmap resumed>)             = 0
16670 munmap(0x100040000000, 16384 <unfinished ...>
16669 mmap(NULL, 16384, PROT_READ|PROT_WRITE, MAP_PRIVATE|MAP_ANONYMOUS|MAP_NORESERVE, -1, 0 <unfinished ...>
16666 munmap(0x100140200000, 16384 <unfinished ...>
16665 <... mmap resumed>)               = 0x100040400000
16664 <... munmap resumed>)             = 0
16663 <... mmap resumed>)               = 0x1000c0200000
16662 <... mmap resumed>)               = 0x100040200000
16659 mmap(NULL, 16384, PROT_READ|PROT_WRITE, MAP_PRIVATE|MAP_ANONYMOUS|MAP_NORESERVE, -1, 0 <unfinished ...>
16657 mmap(NULL, 16384, PROT_READ|PROT_WRITE, MAP_PRIVATE|MAP_ANONYMOUS|MAP_NORESERVE, -1, 0 <unfinished ...>
16672 mmap(NULL, 16384, PROT_READ|PROT_WRITE, MAP_PRIVATE|MAP_ANONYMOUS|MAP_NORESERVE, -1, 0 <unfinished ...>
16671 mmap(NULL, 16384, PROT_READ|PROT_WRITE, MAP_PRIVATE|MAP_ANONYMOUS|MAP_NORESERVE, -1, 0 <unfinished ...>
16670 <... munmap resumed>)             = 0
16669 <... mmap resumed>)               = 0x100040000000
16668 mmap(NULL, 16384, PROT_READ|PROT_WRITE, MAP_PRIVATE|MAP_ANONYMOUS|MAP_NORESERVE, -1, 0 <unfinished ...>
16667 munmap(0x100080000000, 16384 <unfinished ...>
16666 <... munmap resumed>)             = 0
16665 munmap(0x100040400000, 16384 <unfinished ...>
16664 mmap(NULL, 16384, PROT_READ|PROT_WRITE, MAP_PRIVATE|MAP_ANONYMOUS|MAP_NORESERVE, -1, 0 <unfinished ...>
16663 munmap(0x1000c0200000, 16384 <unfinished ...>
16662 munmap(0x100040200000, 16384 <unfinished ...>
16661 <... munmap resumed>)             = 0
16660 <... munmap resumed>)             = 0
16659 <... mmap resumed>)               = 0x100140200000
16658 munmap(0x100180000000, 16384 <unfinished ...>
16672 <... mmap resumed>)               = 0x100100000000
16671 <... mmap resumed>)               = 0x100000000000
16670 mmap(NULL, 16384, PROT_READ|PROT_WRITE, MAP_PRIVATE|MAP_ANONYMOUS|MAP_NORESERVE, -1, 0 <unfinished ...>
16669 munmap(0x100040000000, 16384 <unfinished ...>
16668 <... mmap resumed>)               = 0x100000200000
16667 <... munmap resumed>)             = 0
16666 mmap(NULL, 16384, PROT_READ|PROT_WRITE, MAP_PRIVATE|MAP_ANONYMOUS|MAP_NORESERVE, -1, 0 <unfinished ...>
16665 <... munmap resumed>)             = 0
16664 <... mmap resumed>)               = 0x100040400000
16663 <... munmap resumed>)             = 0
16662 <... munmap resumed>)             = 0
16661 mmap(NULL, 16384, PROT_READ|PROT_WRITE, MAP_PRIVATE|MAP_ANONYMOUS|MAP_NORESERVE, -1, 0 <unfinished ...>
16660 mmap(NULL, 16384, PROT_READ|PROT_WRITE, MAP_PRIVATE|MAP_ANONYMOUS|MAP_NORESERVE, -1, 0 <unfinished ...>
16659 munmap(0x100140200000, 16384 <unfinished ...>
16657 <... mmap resumed>)               = 0x100040600000
16672 munmap(0x100100000000, 16384 <unfinished ...>
16671 munmap(0x100000000000, 16384 <unfinished ...>
16670 <... mmap resumed>)               = 0x100180000000
16669 <... munmap resumed>)             = 0
16668 munmap(0x100000200000, 16384 <unfinished ...>
16667 mmap(NULL, 16384, PROT_READ|PROT_WRITE, MAP_PRIVATE|MAP_ANONYMOUS|MAP_NORESERVE, -1, 0 <unfinished ...>
16666 <... mmap resumed>)               = 0x100040000000
16665 mmap(NULL, 16384, PROT_READ|PROT_WRITE, MAP_PRIVATE|MAP_ANONYMOUS|MAP_NORESERVE, -1, 0 <unfinished ...>
16664 munmap(0x100040400000, 16384 <unfinished ...>
16663 mmap(NULL, 16384, PROT_READ|PROT_WRITE, MAP_PRIVATE|MAP_ANONYMOUS|MAP_NORESERVE, -1, 0 <unfinished ...>
16662 mmap(NULL, 16384, PROT_READ|PROT_WRITE, MAP_PRIVATE|MAP_ANONYMOUS|MAP_NORESERVE, -1, 0 <unfinished ...>
16661 <... mmap resumed>)               = 0x100040200000
16660 <... mmap resumed>)               = 0x1000c0200000
16659 <... munmap resumed>)             = 0
16658 <... munmap resumed>)             = 0
16672 <... munmap resumed>)             = 0
16671 <... munmap resumed>)             = 0
16670 munmap(0x100180000000, 16384 <unfinished ...>
16669 mmap(NULL, 16384, PROT_READ|PROT_WRITE, MAP_PRIVATE|MAP_ANONYMOUS|MAP_NORESERVE, -1, 0 <unfinished ...>
16668 <... munmap resumed>)             = 0
16667 <... mmap resumed>)               = 0x100000200000
16666 munmap(0x100040000000, 16384 <unfinished ...>
16665 <... mmap resumed>)               = 0x100000000000
16664 <... munmap resumed>)             = 0
16663 <... mmap resumed>)               = 0x100100000000
16662 <... mmap resumed>)               = 0x100040400000
16661 munmap(0x100040200000, 16384 <unfinished ...>
16660 munmap(0x1000c0200000, 16384 <unfinished ...>
16657 munmap(0x100040600000, 16384 <unfinished ...>
16672 mmap(NULL, 16384, PROT_READ|PROT_WRITE, MAP_PRIVATE|MAP_ANONYMOUS|MAP_NORESERVE, -1, 0 <unfinished ...>
16671 mmap(NULL, 16384, PROT_READ|PROT_WRITE, MAP_PRIVATE|MAP_ANONYMOUS|MAP_NORESERVE, -1, 0 <unfinished ...>
16670 <... munmap resumed>)             = 0
16669 <... mmap resumed>)               = 0x100180000000
16668 mmap(NULL, 16384, PROT_READ|PROT_WRITE, MAP_PRIVATE|MAP_ANONYMOUS|MAP_NORESERVE, -1, 0 <unfinished ...>
16667 munmap(0x100000200000, 16384 <unfinished ...>
16666 <... munmap resumed>)             = 0
16665 munmap(0x100000000000, 16384 <unfinished ...>
16664 mmap(NULL, 16384, PROT_READ|PROT_WRITE, MAP_PRIVATE|MAP_ANONYMOUS|MAP_NORESERVE, -1, 0 <unfinished ...>
16663 munmap(0x100100000000, 16384 <unfinished ...>
16662 munmap(0x100040400000, 16384 <unfinished ...>
16659 mmap(NULL, 16384, PROT_READ|PROT_WRITE, MAP_PRIVATE|MAP_ANONYMOUS|MAP_NORESERVE, -1, 0 <unfinished ...>
16661 <... munmap resumed>)             = 0
16658 mmap(NULL, 16384, PROT_READ|PROT_WRITE, MAP_PRIVATE|MAP_ANONYMOUS|MAP_NORESERVE, -1, 0 <unfinished ...>
16672 <... mmap resumed>)               = 0x1000c0200000
16671 <... mmap resumed>)               = 0x100040600000
16670 mmap(NULL, 16384, PROT_READ|PROT_WRITE, MAP_PRIVATE|MAP_ANONYMOUS|MAP_NORESERVE, -1, 0 <unfinished ...>
16669 munmap(0x100180000000, 16384 <unfinished ...>
16668 <... mmap resumed>)               = 0x100040200000
16667 <... munmap resumed>)             = 0
16666 mmap(NULL, 16384, PROT_READ|PROT_WRITE, MAP_PRIVATE|MAP_ANONYMOUS|MAP_NORESERVE, -1, 0 <unfinished ...>
16665 <... munmap resumed>)             = 0
16664 <... mmap resumed>)               = 0x100100000000
16663 <... munmap resumed>)             = 0
16661 mmap(NULL, 16384, PROT_READ|PROT_WRITE, MAP_PRIVATE|MAP_ANONYMOUS|MAP_NORESERVE, -1, 0 <unfinished ...>
16660 <... munmap resumed>)             = 0
16659 <... mmap resumed>)               = 0x100000200000
16657 <... munmap resumed>)             = 0
16672 munmap(0x1000c0200000, 16384 <unfinished ...>
16671 munmap(0x100040600000, 16384 <unfinished ...>
16670 <... mmap resumed>)               = 0x100040400000
16669 <... munmap resumed>)             = 0
16668 munmap(0x100040200000, 16384 <unfinished ...>
16664 munmap(0x100100000000, 16384 <unfinished ...>
16662 <... munmap resumed>)             = 0
16658 <... mmap resumed>)               = 0x100000000000
16672 <... munmap resumed>)             = 0
16671 <... munmap resumed>)             = 0
16669 mmap(NULL, 16384, PROT_READ|PROT_WRITE, MAP_PRIVATE|MAP_ANONYMOUS|MAP_NORESERVE, -1, 0 <unfinished ...>
16668 <... munmap resumed>)             = 0
16667 mmap(NULL, 16384, PROT_READ|PROT_WRITE, MAP_PRIVATE|MAP_ANONYMOUS|MAP_NORESERVE, -1, 0 <unfinished ...>
16666 <... mmap resumed>)               = 0x100180000000
16665 mmap(NULL, 16384, PROT_READ|PROT_WRITE, MAP_PRIVATE|MAP_ANONYMOUS|MAP_NORESERVE, -1, 0 <unfinished ...>
16663 mmap(NULL, 16384, PROT_READ|PROT_WRITE, MAP_PRIVATE|MAP_ANONYMOUS|MAP_NORESERVE, -1, 0 <unfinished ...>
16670 munmap(0x100040400000, 16384 <unfinished ...>
16661 <... mmap resumed>)               = 0x1000c0200000
16660 mmap(NULL, 16384, PROT_READ|PROT_WRITE, MAP_PRIVATE|MAP_ANONYMOUS|MAP_NORESERVE, -1, 0 <unfinished ...>
16659 munmap(0x100000200000, 16384 <unfinished ...>
16657 mmap(NULL, 16384, PROT_READ|PROT_WRITE, MAP_PRIVATE|MAP_ANONYMOUS|MAP_NORESERVE, -1, 0 <unfinished ...>
16672 mmap(NULL, 16384, PROT_READ|PROT_WRITE, MAP_PRIVATE|MAP_ANONYMOUS|MAP_NORESERVE, -1, 0 <unfinished ...>
16671 mmap(NULL, 16384, PROT_READ|PROT_WRITE, MAP_PRIVATE|MAP_ANONYMOUS|MAP_NORESERVE, -1, 0 <unfinished ...>
16670 <... munmap resumed>)             = 0
16669 <... mmap resumed>)               = 0x100100000000
16668 mmap(NULL, 16384, PROT_READ|PROT_WRITE, MAP_PRIVATE|MAP_ANONYMOUS|MAP_NORESERVE, -1, 0 <unfinished ...>
16667 <... mmap resumed>)               = 0x100040600000
16666 munmap(0x100180000000, 16384 <unfinished ...>
16665 <... mmap resumed>)               = 0x100040200000
16664 <... munmap resumed>)             = 0
16663 <... mmap resumed>)               = 0x100040000000
16662 mmap(NULL, 16384, PROT_READ|PROT_WRITE, MAP_PRIVATE|MAP_ANONYMOUS|MAP_NORESERVE, -1, 0 <unfinished ...>
16661 munmap(0x1000c0200000, 16384 <unfinished ...>
16659 <... munmap resumed>)             = 0
16658 munmap(0x100000000000, 16384 <unfinished ...>
16672 <... mmap resumed>)               = 0x100140200000
16671 <... mmap resumed>)               = 0x100080000000
16670 mmap(NULL, 16384, PROT_READ|PROT_WRITE, MAP_PRIVATE|MAP_ANONYMOUS|MAP_NORESERVE, -1, 0 <unfinished ...>
16669 munmap(0x100100000000, 16384 <unfinished ...>
16668 <... mmap resumed>)               = 0x100100200000
16667 munmap(0x100040600000, 16384 <unfinished ...>
16666 <... munmap resumed>)             = 0
16665 munmap(0x100040200000, 16384 <unfinished ...>
16664 mmap(NULL, 16384, PROT_READ|PROT_WRITE, MAP_PRIVATE|MAP_ANONYMOUS|MAP_NORESERVE, -1, 0 <unfinished ...>
16663 munmap(0x100040000000, 16384 <unfinished ...>
16662 <... mmap resumed>)               = 0x100180000000
16660 <... mmap resumed>)               = 0x100000200000
16657 <... mmap resumed>)               = 0x100040400000
16672 munmap(0x100140200000, 16384 <unfinished ...>
16671 munmap(0x100080000000, 16384 <unfinished ...>
16670 <... mmap resumed>)               = 0x100000000000
16669 <... munmap resumed>)             = 0
16668 munmap(0x100100200000, 16384 <unfinished ...>
16667 <... munmap resumed>)             = 0
16666 mmap(NULL, 16384, PROT_READ|PROT_WRITE, MAP_PRIVATE|MAP_ANONYMOUS|MAP_NORESERVE, -1, 0 <unfinished ...>
16665 <... munmap resumed>)             = 0
16664 <... mmap resumed>)               = 0x100040200000
16663 <... munmap resumed>)             = 0
16661 <... munmap resumed>)             = 0
16660 munmap(0x100000200000, 16384 <unfinished ...>
16659 mmap(NULL, 16384, PROT_READ|PROT_WRITE, MAP_PRIVATE|MAP_ANONYMOUS|MAP_NORESERVE, -1, 0 <unfinished ...>
16658 <... munmap resumed>)             = 0
16669 mmap(NULL, 16384, PROT_READ|PROT_WRITE, MAP_PRIVATE|MAP_ANONYMOUS|MAP_NORESERVE, -1, 0 <unfinished ...>
16662 munmap(0x100180000000, 16384 <unfinished ...>
16657 munmap(0x100040400000, 16384 <unfinished ...>
16661 mmap(NULL, 16384, PROT_READ|PROT_WRITE, MAP_PRIVATE|MAP_ANONYMOUS|MAP_NORESERVE, -1, 0 <unfinished ...>
16662 <... munmap resumed>)             = 0
16667 mmap(NULL, 16384, PROT_READ|PROT_WRITE, MAP_PRIVATE|MAP_ANONYMOUS|MAP_NORESERVE, -1, 0 <unfinished ...>
16672 <... munmap resumed>)             = 0
16671 <... munmap resumed>)             = 0
16666 <... mmap resumed>)               = 0x100080000000
16662 mmap(NULL, 16384, PROT_READ|PROT_WRITE, MAP_PRIVATE|MAP_ANONYMOUS|MAP_NORESERVE, -1, 0 <unfinished ...>
16661 <... mmap resumed>)               = 0x100140200000
16658 mmap(NULL, 16384, PROT_READ|PROT_WRITE, MAP_PRIVATE|MAP_ANONYMOUS|MAP_NORESERVE, -1, 0 <unfinished ...>
16657 <... munmap resumed>)             = 0
16671 mmap(NULL, 16384, PROT_READ|PROT_WRITE, MAP_PRIVATE|MAP_ANONYMOUS|MAP_NORESERVE, -1, 0 <unfinished ...>
16670 munmap(0x100000000000, 16384 <unfinished ...>
16669 <... mmap resumed>)               = 0x100180000000
16668 <... munmap resumed>)             = 0
16667 <... mmap resumed>)               = 0x100100200000
16665 mmap(NULL, 16384, PROT_READ|PROT_WRITE, MAP_PRIVATE|MAP_ANONYMOUS|MAP_NORESERVE, -1, 0 <unfinished ...>
16664 munmap(0x100040200000, 16384 <unfinished ...>
16672 mmap(NULL, 16384, PROT_READ|PROT_WRITE, MAP_PRIVATE|MAP_ANONYMOUS|MAP_NORESERVE, -1, 0 <unfinished ...>
16663 mmap(NULL, 16384, PROT_READ|PROT_WRITE, MAP_PRIVATE|MAP_ANONYMOUS|MAP_NORESERVE, -1, 0 <unfinished ...>
16660 <... munmap resumed>)             = 0
16659 <... mmap resumed>)               = 0x100000200000
16658 <... mmap resumed>)               = 0x100040400000
16672 <... mmap resumed>)               = 0x100040200000
16671 <... mmap resumed>)               = 0x100100000000
16670 <... munmap resumed>)             = 0
16669 munmap(0x100180000000, 16384 <unfinished ...>
16668 mmap(NULL, 16384, PROT_READ|PROT_WRITE, MAP_PRIVATE|MAP_ANONYMOUS|MAP_NORESERVE, -1, 0 <unfinished ...>
16667 munmap(0x100100200000, 16384 <unfinished ...>
16666 munmap(0x100080000000, 16384 <unfinished ...>
16665 <... mmap resumed>)               = 0x100000000000
16664 <... munmap resumed>)             = 0
16663 <... mmap resumed>)               = 0x100040600000
16662 <... mmap resumed>)               = 0x100040000000
16661 munmap(0x100140200000, 16384 <unfinished ...>
16659 munmap(0x100000200000, 16384 <unfinished ...>
16657 mmap(NULL, 16384, PROT_READ|PROT_WRITE, MAP_PRIVATE|MAP_ANONYMOUS|MAP_NORESERVE, -1, 0 <unfinished ...>
16671 munmap(0x100100000000, 16384 <unfinished ...>
16668 <... mmap resumed>)               = 0x1000c0200000
16664 mmap(NULL, 16384, PROT_READ|PROT_WRITE, MAP_PRIVATE|MAP_ANONYMOUS|MAP_NORESERVE, -1, 0 <unfinished ...>
16663 munmap(0x100040600000, 16384 <unfinished ...>
16661 <... munmap resumed>)             = 0
16660 mmap(NULL, 16384, PROT_READ|PROT_WRITE, MAP_PRIVATE|MAP_ANONYMOUS|MAP_NORESERVE, -1, 0 <unfinished ...>
16658 munmap(0x100040400000, 16384 <unfinished ...>
16672 munmap(0x100040200000, 16384 <unfinished ...>
16671 <... munmap resumed>)             = 0
16670 mmap(NULL, 16384, PROT_READ|PROT_WRITE, MAP_PRIVATE|MAP_ANONYMOUS|MAP_NORESERVE, -1, 0 <unfinished ...>
16661 mmap(NULL, 16384, PROT_READ|PROT_WRITE, MAP_PRIVATE|MAP_ANONYMOUS|MAP_NORESERVE, -1, 0 <unfinished ...>
16660 <... mmap resumed>)               = 0x100100000000
16664 <... mmap resumed>)               = 0x1000c0000000
16657 <... mmap resumed>)               = 0x100140200000
16672 <... munmap resumed>)             = 0
16671 mmap(NULL, 16384, PROT_READ|PROT_WRITE, MAP_PRIVATE|MAP_ANONYMOUS|MAP_NORESERVE, -1, 0 <unfinished ...>
16670 <... mmap resumed>)               = 0x100180000000
16669 <... munmap resumed>)             = 0
16668 munmap(0x1000c0200000, 16384 <unfinished ...>
16667 <... munmap resumed>)             = 0
16666 <... munmap resumed>)             = 0
16665 munmap(0x100000000000, 16384 <unfinished ...>
16664 munmap(0x1000c0000000, 16384 <unfinished ...>
16663 <... munmap resumed>)             = 0
16662 munmap(0x100040000000, 16384 <unfinished ...>
16661 <... mmap resumed>)               = 0x100040400000
16660 munmap(0x100100000000, 16384 <unfinished ...>
16659 <... munmap resumed>)             = 0
16658 <... munmap resumed>)             = 0
16672 mmap(NULL, 16384, PROT_READ|PROT_WRITE, MAP_PRIVATE|MAP_ANONYMOUS|MAP_NORESERVE, -1, 0 <unfinished ...>
16671 <... mmap resumed>)               = 0x100000200000
16670 munmap(0x100180000000, 16384 <unfinished ...>
16669 mmap(NULL, 16384, PROT_READ|PROT_WRITE, MAP_PRIVATE|MAP_ANONYMOUS|MAP_NORESERVE, -1, 0 <unfinished ...>
16668 <... munmap resumed>)             = 0
16667 mmap(NULL, 16384, PROT_READ|PROT_WRITE, MAP_PRIVATE|MAP_ANONYMOUS|MAP_NORESERVE, -1, 0 <unfinished ...>
16666 mmap(NULL, 16384, PROT_READ|PROT_WRITE, MAP_PRIVATE|MAP_ANONYMOUS|MAP_NORESERVE, -1, 0 <unfinished ...>
16665 <... munmap resumed>)             = 0
16664 <... munmap resumed>)             = 0
16663 mmap(NULL, 16384, PROT_READ|PROT_WRITE, MAP_PRIVATE|MAP_ANONYMOUS|MAP_NORESERVE, -1, 0 <unfinished ...>
16662 <... munmap resumed>)             = 0
16661 munmap(0x100040400000, 16384 <unfinished ...>
16660 <... munmap resumed>)             = 0
16659 mmap(NULL, 16384, PROT_READ|PROT_WRITE, MAP_PRIVATE|MAP_ANONYMOUS|MAP_NORESERVE, -1, 0 <unfinished ...>
16657 munmap(0x100140200000, 16384 <unfinished ...>
16672 <... mmap resumed>)               = 0x100100000000
16671 munmap(0x100000200000, 16384 <unfinished ...>
16670 <... munmap resumed>)             = 0
16669 <... mmap resumed>)               = 0x100040000000
16668 mmap(NULL, 16384, PROT_READ|PROT_WRITE, MAP_PRIVATE|MAP_ANONYMOUS|MAP_NORESERVE, -1, 0 <unfinished ...>
16667 <... mmap resumed>)               = 0x100180000000
16666 <... mmap resumed>)               = 0x1000c0000000
16665 mmap(NULL, 16384, PROT_READ|PROT_WRITE, MAP_PRIVATE|MAP_ANONYMOUS|MAP_NORESERVE, -1, 0 <unfinished ...>
16664 mmap(NULL, 16384, PROT_READ|PROT_WRITE, MAP_PRIVATE|MAP_ANONYMOUS|MAP_NORESERVE, -1, 0 <unfinished ...>
16663 <... mmap resumed>)               = 0x100000000000
16662 mmap(NULL, 16384, PROT_READ|PROT_WRITE, MAP_PRIVATE|MAP_ANONYMOUS|MAP_NORESERVE, -1, 0 <unfinished ...>
16661 <... munmap resumed>)             = 0
16660 mmap(NULL, 16384, PROT_READ|PROT_WRITE, MAP_PRIVATE|MAP_ANONYMOUS|MAP_NORESERVE, -1, 0 <unfinished ...>
16659 <... mmap resumed>)               = 0x100040400000
16658 mmap(NULL, 16384, PROT_READ|PROT_WRITE, MAP_PRIVATE|MAP_ANONYMOUS|MAP_NORESERVE, -1, 0 <unfinished ...>
16672 munmap(0x100100000000, 16384 <unfinished ...>
16671 <... munmap resumed>)             = 0
16670 mmap(NULL, 16384, PROT_READ|PROT_WRITE, MAP_PRIVATE|MAP_ANONYMOUS|MAP_NORESERVE, -1, 0 <unfinished ...>
16669 munmap(0x100040000000, 16384 <unfinished ...>
16668 <... mmap resumed>)               = 0x100140200000
16667 munmap(0x100180000000, 16384 <unfinished ...>
16666 munmap(0x1000c0000000, 16384 <unfinished ...>
16665 <... mmap resumed>)               = 0x1000c0200000
16664 <... mmap resumed>)               = 0x100000200000
16663 munmap(0x100000000000, 16384 <unfinished ...>
16662 <... mmap resumed>)               = 0x100040200000
16661 mmap(NULL, 16384, PROT_READ|PROT_WRITE, MAP_PRIVATE|MAP_ANONYMOUS|MAP_NORESERVE, -1, 0 <unfinished ...>
16657 <... munmap resumed>)             = 0
16672 <... munmap resumed>)             = 0
16671 mmap(NULL, 16384, PROT_READ|PROT_WRITE, MAP_PRIVATE|MAP_ANONYMOUS|MAP_NORESERVE, -1, 0 <unfinished ...>
16670 <... mmap resumed>)               = 0x100100000000
16669 <... munmap resumed>)             = 0
16668 munmap(0x100140200000, 16384 <unfinished ...>
16667 <... munmap resumed>)             = 0
16666 <... munmap resumed>)             = 0
16665 munmap(0x1000c0200000, 16384 <unfinished ...>
16664 munmap(0x100000200000, 16384 <unfinished ...>
16663 <... munmap resumed>)             = 0
16662 munmap(0x100040200000, 16384 <unfinished ...>
16660 <... mmap resumed>)               = 0x100080000000
16659 munmap(0x100040400000, 16384 <unfinished ...>
16658 <... mmap resumed>)               = 0x100040600000
16672 mmap(NULL, 16384, PROT_READ|PROT_WRITE, MAP_PRIVATE|MAP_ANONYMOUS|MAP_NORESERVE, -1, 0 <unfinished ...>
16671 <... mmap resumed>)               = 0x1000c0000000
16670 munmap(0x100100000000, 16384 <unfinished ...>
16669 mmap(NULL, 16384, PROT_READ|PROT_WRITE, MAP_PRIVATE|MAP_ANONYMOUS|MAP_NORESERVE, -1, 0 <unfinished ...>
16668 <... munmap resumed>)             = 0
16667 mmap(NULL, 16384, PROT_READ|PROT_WRITE, MAP_PRIVATE|MAP_ANONYMOUS|MAP_NORESERVE, -1, 0 <unfinished ...>
16666 mmap(NULL, 16384, PROT_READ|PROT_WRITE, MAP_PRIVATE|MAP_ANONYMOUS|MAP_NORESERVE, -1, 0 <unfinished ...>
16665 <... munmap resumed>)             = 0
16664 <... munmap resumed>)             = 0
16663 mmap(NULL, 16384, PROT_READ|PROT_WRITE, MAP_PRIVATE|MAP_ANONYMOUS|MAP_NORESERVE, -1, 0 <unfinished ...>
16662 <... munmap resumed>)             = 0
16661 <... mmap resumed>)               = 0x100000000000
16660 munmap(0x100080000000, 16384 <unfinished ...>
16659 <... munmap resumed>)             = 0
16657 mmap(NULL, 16384, PROT_READ|PROT_WRITE, MAP_PRIVATE|MAP_ANONYMOUS|MAP_NORESERVE, -1, 0 <unfinished ...>
16672 <... mmap resumed>)               = 0x1000c0200000
16671 munmap(0x1000c0000000, 16384 <unfinished ...>
16670 <... munmap resumed>)             = 0
16669 <... mmap resumed>)               = 0x100100000000
16668 mmap(NULL, 16384, PROT_READ|PROT_WRITE, MAP_PRIVATE|MAP_ANONYMOUS|MAP_NORESERVE, -1, 0 <unfinished ...>
16667 <... mmap resumed>)               = 0x100040400000
16666 <... mmap resumed>)               = 0x100000200000
16665 mmap(NULL, 16384, PROT_READ|PROT_WRITE, MAP_PRIVATE|MAP_ANONYMOUS|MAP_NORESERVE, -1, 0 <unfinished ...>
16664 mmap(NULL, 16384, PROT_READ|PROT_WRITE, MAP_PRIVATE|MAP_ANONYMOUS|MAP_NORESERVE, -1, 0 <unfinished ...>
16663 <... mmap resumed>)               = 0x100040200000
16662 mmap(NULL, 16384, PROT_READ|PROT_WRITE, MAP_PRIVATE|MAP_ANONYMOUS|MAP_NORESERVE, -1, 0 <unfinished ...>
16661 munmap(0x100000000000, 16384 <unfinished ...>
16660 <... munmap resumed>)             = 0
16659 mmap(NULL, 16384, PROT_READ|PROT_WRITE, MAP_PRIVATE|MAP_ANONYMOUS|MAP_NORESERVE, -1, 0 <unfinished ...>
16658 munmap(0x100040600000, 16384 <unfinished ...>
16672 munmap(0x1000c0200000, 16384 <unfinished ...>
16671 <... munmap resumed>)             = 0
16670 mmap(NULL, 16384, PROT_READ|PROT_WRITE, MAP_PRIVATE|MAP_ANONYMOUS|MAP_NORESERVE, -1, 0 <unfinished ...>
16669 munmap(0x100100000000, 16384 <unfinished ...>
16668 <... mmap resumed>)               = 0x1000c0000000
16667 munmap(0x100040400000, 16384 <unfinished ...>
16666 munmap(0x100000200000, 16384 <unfinished ...>
16665 <... mmap resumed>)               = 0x100140200000
16664 <... mmap resumed>)               = 0x100180000000
16663 munmap(0x100040200000, 16384 <unfinished ...>
16662 <... mmap resumed>)               = 0x100040000000
16661 <... munmap resumed>)             = 0
16660 mmap(NULL, 16384, PROT_READ|PROT_WRITE, MAP_PRIVATE|MAP_ANONYMOUS|MAP_NORESERVE, -1, 0 <unfinished ...>
16659 <... mmap resumed>)               = 0x100000000000
16657 <... mmap resumed>)               = 0x100080000000
16672 <... munmap resumed>)             = 0
16671 mmap(NULL, 16384, PROT_READ|PROT_WRITE, MAP_PRIVATE|MAP_ANONYMOUS|MAP_NORESERVE, -1, 0 <unfinished ...>
16670 <... mmap resumed>)               = 0x1000c0200000
16669 <... munmap resumed>)             = 0
16668 munmap(0x1000c0000000, 16384 <unfinished ...>
16667 <... munmap resumed>)             = 0
16666 <... munmap resumed>)             = 0
16665 munmap(0x100140200000, 16384 <unfinished ...>
16664 munmap(0x100180000000, 16384 <unfinished ...>
16663 <... munmap resumed>)             = 0
16662 munmap(0x100040000000, 16384 <unfinished ...>
16661 mmap(NULL, 16384, PROT_READ|PROT_WRITE, MAP_PRIVATE|MAP_ANONYMOUS|MAP_NORESERVE, -1, 0 <unfinished ...>
16660 <... mmap resumed>)               = 0x100040200000
16658 <... munmap resumed>)             = 0
16672 mmap(NULL, 16384, PROT_READ|PROT_WRITE, MAP_PRIVATE|MAP_ANONYMOUS|MAP_NORESERVE, -1, 0 <unfinished ...>
16671 <... mmap resumed>)               = 0x1000c0000000
16670 munmap(0x1000c0200000, 16384 <unfinished ...>
16669 mmap(NULL, 16384, PROT_READ|PROT_WRITE, MAP_PRIVATE|MAP_ANONYMOUS|MAP_NORESERVE, -1, 0 <unfinished ...>
16668 <... munmap resumed>)             = 0
16667 mmap(NULL, 16384, PROT_READ|PROT_WRITE, MAP_PRIVATE|MAP_ANONYMOUS|MAP_NORESERVE, -1, 0 <unfinished ...>
16666 mmap(NULL, 16384, PROT_READ|PROT_WRITE, MAP_PRIVATE|MAP_ANONYMOUS|MAP_NORESERVE, -1, 0 <unfinished ...>
16665 <... munmap resumed>)             = 0
16663 mmap(NULL, 16384, PROT_READ|PROT_WRITE, MAP_PRIVATE|MAP_ANONYMOUS|MAP_NORESERVE, -1, 0 <unfinished ...>
16662 <... munmap resumed>)             = 0
16659 munmap(0x100000000000, 16384 <unfinished ...>
16657 munmap(0x100080000000, 16384 <unfinished ...>
16672 <... mmap resumed>)               = 0x100180000000
16671 munmap(0x1000c0000000, 16384 <unfinished ...>
16670 <... munmap resumed>)             = 0
16669 <... mmap resumed>)               = 0x100140200000
16668 mmap(NULL, 16384, PROT_READ|PROT_WRITE, MAP_PRIVATE|MAP_ANONYMOUS|MAP_NORESERVE, -1, 0 <unfinished ...>
16667 <... mmap resumed>)               = 0x1000c0200000
16666 <... mmap resumed>)               = 0x100000200000
16665 mmap(NULL, 16384, PROT_READ|PROT_WRITE, MAP_PRIVATE|MAP_ANONYMOUS|MAP_NORESERVE, -1, 0 <unfinished ...>
16664 <... munmap resumed>)             = 0
16663 <... mmap resumed>)               = 0x100040400000
16662 mmap(NULL, 16384, PROT_READ|PROT_WRITE, MAP_PRIVATE|MAP_ANONYMOUS|MAP_NORESERVE, -1, 0 <unfinished ...>
16661 <... mmap resumed>)               = 0x100040000000
16660 munmap(0x100040200000, 16384 <unfinished ...>
16659 <... munmap resumed>)             = 0
16658 mmap(NULL, 16384, PROT_READ|PROT_WRITE, MAP_PRIVATE|MAP_ANONYMOUS|MAP_NORESERVE, -1, 0 <unfinished ...>
16672 munmap(0x100180000000, 16384 <unfinished ...>
16671 <... munmap resumed>)             = 0
16670 mmap(NULL, 16384, PROT_READ|PROT_WRITE, MAP_PRIVATE|MAP_ANONYMOUS|MAP_NORESERVE, -1, 0 <unfinished ...>
16669 munmap(0x100140200000, 16384 <unfinished ...>
16668 <... mmap resumed>)               = 0x1000c0000000
16667 munmap(0x1000c0200000, 16384 <unfinished ...>
16666 munmap(0x100000200000, 16384 <unfinished ...>
16665 <... mmap resumed>)               = 0x100080000000
16664 mmap(NULL, 16384, PROT_READ|PROT_WRITE, MAP_PRIVATE|MAP_ANONYMOUS|MAP_NORESERVE, -1, 0 <unfinished ...>
16657 <... munmap resumed>)             = 0
16671 mmap(NULL, 16384, PROT_READ|PROT_WRITE, MAP_PRIVATE|MAP_ANONYMOUS|MAP_NORESERVE, -1, 0 <unfinished ...>
16669 <... munmap resumed>)             = 0
16668 munmap(0x1000c0000000, 16384 <unfinished ...>
16667 <... munmap resumed>)             = 0
16665 munmap(0x100080000000, 16384 <unfinished ...>
16664 <... mmap resumed>)               = 0x100040200000
16663 munmap(0x100040400000, 16384 <unfinished ...>
16662 <... mmap resumed>)               = 0x100000000000
16661 munmap(0x100040000000, 16384 <unfinished ...>
16660 <... munmap resumed>)             = 0
16659 mmap(NULL, 16384, PROT_READ|PROT_WRITE, MAP_PRIVATE|MAP_ANONYMOUS|MAP_NORESERVE, -1, 0 <unfinished ...>
16658 <... mmap resumed>)               = 0x1000c0200000
16670 <... mmap resumed>)               = 0x100140200000
16657 mmap(NULL, 16384, PROT_READ|PROT_WRITE, MAP_PRIVATE|MAP_ANONYMOUS|MAP_NORESERVE, -1, 0 <unfinished ...>
16672 <... munmap resumed>)             = 0
16671 <... mmap resumed>)               = 0x1000c0000000
16669 mmap(NULL, 16384, PROT_READ|PROT_WRITE, MAP_PRIVATE|MAP_ANONYMOUS|MAP_NORESERVE, -1, 0 <unfinished ...>
16668 <... munmap resumed>)             = 0
16670 munmap(0x100140200000, 16384 <unfinished ...>
16667 mmap(NULL, 16384, PROT_READ|PROT_WRITE, MAP_PRIVATE|MAP_ANONYMOUS|MAP_NORESERVE, -1, 0 <unfinished ...>
16666 <... munmap resumed>)             = 0
16665 <... munmap resumed>)             = 0
16664 munmap(0x100040200000, 16384 <unfinished ...>
16663 <... munmap resumed>)             = 0
16662 munmap(0x100000000000, 16384 <unfinished ...>
16661 <... munmap resumed>)             = 0
16660 mmap(NULL, 16384, PROT_READ|PROT_WRITE, MAP_PRIVATE|MAP_ANONYMOUS|MAP_NORESERVE, -1, 0 <unfinished ...>
16659 <... mmap resumed>)               = 0x100040000000
16658 munmap(0x1000c0200000, 16384 <unfinished ...>
16657 <... mmap resumed>)               = 0x100040400000
16672 mmap(NULL, 16384, PROT_READ|PROT_WRITE, MAP_PRIVATE|MAP_ANONYMOUS|MAP_NORESERVE, -1, 0 <unfinished ...>
16671 munmap(0x1000c0000000, 16384 <unfinished ...>
16670 <... munmap resumed>)             = 0
16669 <... mmap resumed>)               = 0x100080000000
16668 mmap(NULL, 16384, PROT_READ|PROT_WRITE, MAP_PRIVATE|MAP_ANONYMOUS|MAP_NORESERVE, -1, 0 <unfinished ...>
16667 <... mmap resumed>)               = 0x100140200000
16666 mmap(NULL, 16384, PROT_READ|PROT_WRITE, MAP_PRIVATE|MAP_ANONYMOUS|MAP_NORESERVE, -1, 0 <unfinished ...>
16665 mmap(NULL, 16384, PROT_READ|PROT_WRITE, MAP_PRIVATE|MAP_ANONYMOUS|MAP_NORESERVE, -1, 0 <unfinished ...>
16664 <... munmap resumed>)             = 0
16663 mmap(NULL, 16384, PROT_READ|PROT_WRITE, MAP_PRIVATE|MAP_ANONYMOUS|MAP_NORESERVE, -1, 0 <unfinished ...>
16662 <... munmap resumed>)             = 0
16661 mmap(NULL, 16384, PROT_READ|PROT_WRITE, MAP_PRIVATE|MAP_ANONYMOUS|MAP_NORESERVE, -1, 0 <unfinished ...>
16672 <... mmap resumed>)               = 0x1000c0200000
16671 <... munmap resumed>)             = 0
16670 mmap(NULL, 16384, PROT_READ|PROT_WRITE, MAP_PRIVATE|MAP_ANONYMOUS|MAP_NORESERVE, -1, 0 <unfinished ...>
16669 munmap(0x100080000000, 16384 <unfinished ...>
16668 <... mmap resumed>)               = 0x1000c0000000
16667 munmap(0x100140200000, 16384 <unfinished ...>
16666 <... mmap resumed>)               = 0x100000200000
16665 <... mmap resumed>)               = 0x100040200000
16664 mmap(NULL, 16384, PROT_READ|PROT_WRITE, MAP_PRIVATE|MAP_ANONYMOUS|MAP_NORESERVE, -1, 0 <unfinished ...>
16660 <... mmap resumed>)               = 0x100000000000
16659 munmap(0x100040000000, 16384 <unfinished ...>
16663 <... mmap resumed>)               = 0x100180000000
16658 <... munmap resumed>)             = 0
16657 munmap(0x100040400000, 16384 <unfinished ...>
16672 munmap(0x1000c0200000, 16384 <unfinished ...>
16671 mmap(NULL, 16384, PROT_READ|PROT_WRITE, MAP_PRIVATE|MAP_ANONYMOUS|MAP_NORESERVE, -1, 0 <unfinished ...>
16670 <... mmap resumed>)               = 0x100100000000
16669 <... munmap resumed>)             = 0
16668 munmap(0x1000c0000000, 16384 <unfinished ...>
16667 <... munmap resumed>)             = 0
16666 munmap(0x100000200000, 16384 <unfinished ...>
16665 munmap(0x100040200000, 16384 <unfinished ...>
16664 <... mmap resumed>)               = 0x100140200000
16663 munmap(0x100180000000, 16384 <unfinished ...>
16662 mmap(NULL, 16384, PROT_READ|PROT_WRITE, MAP_PRIVATE|MAP_ANONYMOUS|MAP_NORESERVE, -1, 0 <unfinished ...>
16661 <... mmap resumed>)               = 0x100040600000
16660 munmap(0x100000000000, 16384 <unfinished ...>
16659 <... munmap resumed>)             = 0
16672 <... munmap resumed>)             = 0
16671 <... mmap resumed>)               = 0x100040400000
16670 munmap(0x100100000000, 16384 <unfinished ...>
16669 mmap(NULL, 16384, PROT_READ|PROT_WRITE, MAP_PRIVATE|MAP_ANONYMOUS|MAP_NORESERVE, -1, 0 <unfinished ...>
16668 <... munmap resumed>)             = 0
16667 mmap(NULL, 16384, PROT_READ|PROT_WRITE, MAP_PRIVATE|MAP_ANONYMOUS|MAP_NORESERVE, -1, 0 <unfinished ...>
16666 <... munmap resumed>)             = 0
16665 <... munmap resumed>)             = 0
16664 munmap(0x100140200000, 16384 <unfinished ...>
16663 <... munmap resumed>)             = 0
16662 <... mmap resumed>)               = 0x100180000000
16661 munmap(0x100040600000, 16384 <unfinished ...>
16658 mmap(NULL, 16384, PROT_READ|PROT_WRITE, MAP_PRIVATE|MAP_ANONYMOUS|MAP_NORESERVE, -1, 0 <unfinished ...>
16657 <... munmap resumed>)             = 0
16672 mmap(NULL, 16384, PROT_READ|PROT_WRITE, MAP_PRIVATE|MAP_ANONYMOUS|MAP_NORESERVE, -1, 0 <unfinished ...>
16671 munmap(0x100040400000, 16384 <unfinished ...>
16670 <... munmap resumed>)             = 0
16669 <... mmap resumed>)               = 0x100140200000
16668 mmap(NULL, 16384, PROT_READ|PROT_WRITE, MAP_PRIVATE|MAP_ANONYMOUS|MAP_NORESERVE, -1, 0 <unfinished ...>
16667 <... mmap resumed>)               = 0x100100000000
16666 mmap(NULL, 16384, PROT_READ|PROT_WRITE, MAP_PRIVATE|MAP_ANONYMOUS|MAP_NORESERVE, -1, 0 <unfinished ...>
16665 mmap(NULL, 16384, PROT_READ|PROT_WRITE, MAP_PRIVATE|MAP_ANONYMOUS|MAP_NORESERVE, -1, 0 <unfinished ...>
16664 <... munmap resumed>)             = 0
16663 mmap(NULL, 16384, PROT_READ|PROT_WRITE, MAP_PRIVATE|MAP_ANONYMOUS|MAP_NORESERVE, -1, 0 <unfinished ...>
16662 munmap(0x100180000000, 16384 <unfinished ...>
16661 <... munmap resumed>)             = 0
16660 <... munmap resumed>)             = 0
16659 mmap(NULL, 16384, PROT_READ|PROT_WRITE, MAP_PRIVATE|MAP_ANONYMOUS|MAP_NORESERVE, -1, 0 <unfinished ...>
16658 <... mmap resumed>)               = 0x100000000000
16672 <... mmap resumed>)               = 0x100040600000
16671 <... munmap resumed>)             = 0
16670 mmap(NULL, 16384, PROT_READ|PROT_WRITE, MAP_PRIVATE|MAP_ANONYMOUS|MAP_NORESERVE, -1, 0 <unfinished ...>
16669 munmap(0x100140200000, 16384 <unfinished ...>
16668 <... mmap resumed>)               = 0x100040400000
16667 munmap(0x100100000000, 16384 <unfinished ...>
16666 <... mmap resumed>)               = 0x100040200000
16665 <... mmap resumed>)               = 0x100000200000
16664 mmap(NULL, 16384, PROT_READ|PROT_WRITE, MAP_PRIVATE|MAP_ANONYMOUS|MAP_NORESERVE, -1, 0 <unfinished ...>
16663 <... mmap resumed>)               = 0x1000c0000000
16662 <... munmap resumed>)             = 0
16661 mmap(NULL, 16384, PROT_READ|PROT_WRITE, MAP_PRIVATE|MAP_ANONYMOUS|MAP_NORESERVE, -1, 0 <unfinished ...>
16660 mmap(NULL, 16384, PROT_READ|PROT_WRITE, MAP_PRIVATE|MAP_ANONYMOUS|MAP_NORESERVE, -1, 0 <unfinished ...>
16659 <... mmap resumed>)               = 0x100180000000
16657 mmap(NULL, 16384, PROT_READ|PROT_WRITE, MAP_PRIVATE|MAP_ANONYMOUS|MAP_NORESERVE, -1, 0 <unfinished ...>
16672 munmap(0x100040600000, 16384 <unfinished ...>
16671 mmap(NULL, 16384, PROT_READ|PROT_WRITE, MAP_PRIVATE|MAP_ANONYMOUS|MAP_NORESERVE, -1, 0 <unfinished ...>
16670 <... mmap resumed>)               = 0x1000c0200000
16669 <... munmap resumed>)             = 0
16668 munmap(0x100040400000, 16384 <unfinished ...>
16667 <... munmap resumed>)             = 0
16666 munmap(0x100040200000, 16384 <unfinished ...>
16665 munmap(0x100000200000, 16384 <unfinished ...>
16664 <... mmap resumed>)               = 0x100100000000
16663 munmap(0x1000c0000000, 16384 <unfinished ...>
16662 mmap(NULL, 16384, PROT_READ|PROT_WRITE, MAP_PRIVATE|MAP_ANONYMOUS|MAP_NORESERVE, -1, 0 <unfinished ...>
16661 <... mmap resumed>)               = 0x100140200000
16660 <... mmap resumed>)               = 0x100040000000
16659 munmap(0x100180000000, 16384 <unfinished ...>
16658 munmap(0x100000000000, 16384 <unfinished ...>
16672 <... munmap resumed>)             = 0
16671 <... mmap resumed>)               = 0x100040600000
16670 munmap(0x1000c0200000, 16384 <unfinished ...>
16669 mmap(NULL, 16384, PROT_READ|PROT_WRITE, MAP_PRIVATE|MAP_ANONYMOUS|MAP_NORESERVE, -1, 0 <unfinished ...>
16668 <... munmap resumed>)             = 0
16667 mmap(NULL, 16384, PROT_READ|PROT_WRITE, MAP_PRIVATE|MAP_ANONYMOUS|MAP_NORESERVE, -1, 0 <unfinished ...>
16666 <... munmap resumed>)             = 0
16665 <... munmap resumed>)             = 0
16664 munmap(0x100100000000, 16384 <unfinished ...>
16663 <... munmap resumed>)             = 0
16662 <... mmap resumed>)               = 0x100000200000
16661 munmap(0x100140200000, 16384 <unfinished ...>
16659 <... munmap resumed>)             = 0
16657 <... mmap resumed>)               = 0x100080000000
16672 mmap(NULL, 16384, PROT_READ|PROT_WRITE, MAP_PRIVATE|MAP_ANONYMOUS|MAP_NORESERVE, -1, 0 <unfinished ...>
16671 munmap(0x100040600000, 16384 <unfinished ...>
16670 <... munmap resumed>)             = 0
16669 <... mmap resumed>)               = 0x100000000000
16668 mmap(NULL, 16384, PROT_READ|PROT_WRITE, MAP_PRIVATE|MAP_ANONYMOUS|MAP_NORESERVE, -1, 0 <unfinished ...>
16667 <... mmap resumed>)               = 0x100180000000
16666 mmap(NULL, 16384, PROT_READ|PROT_WRITE, MAP_PRIVATE|MAP_ANONYMOUS|MAP_NORESERVE, -1, 0 <unfinished ...>
16665 mmap(NULL, 16384, PROT_READ|PROT_WRITE, MAP_PRIVATE|MAP_ANONYMOUS|MAP_NORESERVE, -1, 0 <unfinished ...>
16664 <... munmap resumed>)             = 0
16663 mmap(NULL, 16384, PROT_READ|PROT_WRITE, MAP_PRIVATE|MAP_ANONYMOUS|MAP_NORESERVE, -1, 0 <unfinished ...>
16662 munmap(0x100000200000, 16384 <unfinished ...>
16661 <... munmap resumed>)             = 0
16660 munmap(0x100040000000, 16384 <unfinished ...>
16658 <... munmap resumed>)             = 0
16672 <... mmap resumed>)               = 0x100140200000
16671 <... munmap resumed>)             = 0
16670 mmap(NULL, 16384, PROT_READ|PROT_WRITE, MAP_PRIVATE|MAP_ANONYMOUS|MAP_NORESERVE, -1, 0 <unfinished ...>
16669 munmap(0x100000000000, 16384 <unfinished ...>
16668 <... mmap resumed>)               = 0x100040600000
16667 munmap(0x100180000000, 16384 <unfinished ...>
16666 <... mmap resumed>)               = 0x100100000000
16665 <... mmap resumed>)               = 0x1000c0200000
16664 mmap(NULL, 16384, PROT_READ|PROT_WRITE, MAP_PRIVATE|MAP_ANONYMOUS|MAP_NORESERVE, -1, 0 <unfinished ...>
16663 <... mmap resumed>)               = 0x1000c0000000
16662 <... munmap resumed>)             = 0
16661 mmap(NULL, 16384, PROT_READ|PROT_WRITE, MAP_PRIVATE|MAP_ANONYMOUS|MAP_NORESERVE, -1, 0 <unfinished ...>
16659 mmap(NULL, 16384, PROT_READ|PROT_WRITE, MAP_PRIVATE|MAP_ANONYMOUS|MAP_NORESERVE, -1, 0 <unfinished ...>
16660 <... munmap resumed>)             = 0
16658 mmap(NULL, 16384, PROT_READ|PROT_WRITE, MAP_PRIVATE|MAP_ANONYMOUS|MAP_NORESERVE, -1, 0 <unfinished ...>
16657 munmap(0x100080000000, 16384 <unfinished ...>
16672 munmap(0x100140200000, 16384 <unfinished ...>
16671 mmap(NULL, 16384, PROT_READ|PROT_WRITE, MAP_PRIVATE|MAP_ANONYMOUS|MAP_NORESERVE, -1, 0 <unfinished ...>
16670 <... mmap resumed>)               = 0x100040000000
16669 <... munmap resumed>)             = 0
16668 munmap(0x100040600000, 16384 <unfinished ...>
16667 <... munmap resumed>)             = 0
16666 munmap(0x100100000000, 16384 <unfinished ...>
16665 munmap(0x1000c0200000, 16384 <unfinished ...>
16664 <... mmap resumed>)               = 0x100180000000
16663 munmap(0x1000c0000000, 16384 <unfinished ...>
16662 mmap(NULL, 16384, PROT_READ|PROT_WRITE, MAP_PRIVATE|MAP_ANONYMOUS|MAP_NORESERVE, -1, 0 <unfinished ...>
16661 <... mmap resumed>)               = 0x100000000000
16660 mmap(NULL, 16384, PROT_READ|PROT_WRITE, MAP_PRIVATE|MAP_ANONYMOUS|MAP_NORESERVE, -1, 0 <unfinished ...>
16659 <... mmap resumed>)               = 0x100000200000
16672 <... munmap resumed>)             = 0
16671 <... mmap resumed>)               = 0x100140200000
16670 munmap(0x100040000000, 16384 <unfinished ...>
16669 mmap(NULL, 16384, PROT_READ|PROT_WRITE, MAP_PRIVATE|MAP_ANONYMOUS|MAP_NORESERVE, -1, 0 <unfinished ...>
16668 <... munmap resumed>)             = 0
16667 mmap(NULL, 16384, PROT_READ|PROT_WRITE, MAP_PRIVATE|MAP_ANONYMOUS|MAP_NORESERVE, -1, 0 <unfinished ...>
16666 <... munmap resumed>)             = 0
16665 <... munmap resumed>)             = 0
16664 munmap(0x100180000000, 16384 <unfinished ...>
16663 <... munmap resumed>)             = 0
16662 <... mmap resumed>)               = 0x1000c0000000
16661 munmap(0x100000000000, 16384 <unfinished ...>
16658 <... mmap resumed>)               = 0x100040200000
16657 <... munmap resumed>)             = 0
16672 mmap(NULL, 16384, PROT_READ|PROT_WRITE, MAP_PRIVATE|MAP_ANONYMOUS|MAP_NORESERVE, -1, 0 <unfinished ...>
16671 munmap(0x100140200000, 16384 <unfinished ...>
16670 <... munmap resumed>)             = 0
16669 <... mmap resumed>)               = 0x1000c0200000
16667 <... mmap resumed>)               = 0x100040000000
16664 <... munmap resumed>)             = 0
16660 <... mmap resumed>)               = 0x100100000000
16659 munmap(0x100000200000, 16384 <unfinished ...>
16670 mmap(NULL, 16384, PROT_READ|PROT_WRITE, MAP_PRIVATE|MAP_ANONYMOUS|MAP_NORESERVE, -1, 0 <unfinished ...>
16668 mmap(NULL, 16384, PROT_READ|PROT_WRITE, MAP_PRIVATE|MAP_ANONYMOUS|MAP_NORESERVE, -1, 0 <unfinished ...>
16667 munmap(0x100040000000, 16384 <unfinished ...>
16664 mmap(NULL, 16384, PROT_READ|PROT_WRITE, MAP_PRIVATE|MAP_ANONYMOUS|MAP_NORESERVE, -1, 0 <unfinished ...>
16662 munmap(0x1000c0000000, 16384 <unfinished ...>
16660 munmap(0x100100000000, 16384 <unfinished ...>
16658 munmap(0x100040200000, 16384 <unfinished ...>
16657 mmap(NULL, 16384, PROT_READ|PROT_WRITE, MAP_PRIVATE|MAP_ANONYMOUS|MAP_NORESERVE, -1, 0 <unfinished ...>
16672 <... mmap resumed>)               = 0x100000000000
16670 <... mmap resumed>)               = 0x100180000000
16669 munmap(0x1000c0200000, 16384 <unfinished ...>
16668 <... mmap resumed>)               = 0x100040600000
16671 <... munmap resumed>)             = 0
16667 <... munmap resumed>)             = 0
16666 mmap(NULL, 16384, PROT_READ|PROT_WRITE, MAP_PRIVATE|MAP_ANONYMOUS|MAP_NORESERVE, -1, 0 <unfinished ...>
16665 mmap(NULL, 16384, PROT_READ|PROT_WRITE, MAP_PRIVATE|MAP_ANONYMOUS|MAP_NORESERVE, -1, 0 <unfinished ...>
16664 <... mmap resumed>)               = 0x100040000000
16663 mmap(NULL, 16384, PROT_READ|PROT_WRITE, MAP_PRIVATE|MAP_ANONYMOUS|MAP_NORESERVE, -1, 0 <unfinished ...>
16662 <... munmap resumed>)             = 0
16661 <... munmap resumed>)             = 0
16659 <... munmap resumed>)             = 0
16660 <... munmap resumed>)             = 0
16657 <... mmap resumed>)               = 0x1000c0000000
16672 munmap(0x100000000000, 16384 <unfinished ...>
16671 mmap(NULL, 16384, PROT_READ|PROT_WRITE, MAP_PRIVATE|MAP_ANONYMOUS|MAP_NORESERVE, -1, 0 <unfinished ...>
16670 munmap(0x100180000000, 16384 <unfinished ...>
16669 <... munmap resumed>)             = 0
16668 munmap(0x100040600000, 16384 <unfinished ...>
16667 mmap(NULL, 16384, PROT_READ|PROT_WRITE, MAP_PRIVATE|MAP_ANONYMOUS|MAP_NORESERVE, -1, 0 <unfinished ...>
16666 <... mmap resumed>)               = 0x1000c0200000
16665 <... mmap resumed>)               = 0x100100000000
16664 munmap(0x100040000000, 16384 <unfinished ...>
16663 <... mmap resumed>)               = 0x100040200000
16662 mmap(NULL, 16384, PROT_READ|PROT_WRITE, MAP_PRIVATE|MAP_ANONYMOUS|MAP_NORESERVE, -1, 0 <unfinished ...>
16661 mmap(NULL, 16384, PROT_READ|PROT_WRITE, MAP_PRIVATE|MAP_ANONYMOUS|MAP_NORESERVE, -1, 0 <unfinished ...>
16660 mmap(NULL, 16384, PROT_READ|PROT_WRITE, MAP_PRIVATE|MAP_ANONYMOUS|MAP_NORESERVE, -1, 0 <unfinished ...>
16658 <... munmap resumed>)             = 0
16672 <... munmap resumed>)             = 0
16669 mmap(NULL, 16384, PROT_READ|PROT_WRITE, MAP_PRIVATE|MAP_ANONYMOUS|MAP_NORESERVE, -1, 0 <unfinished ...>
16668 <... munmap resumed>)             = 0
16667 <... mmap resumed>)               = 0x100000000000
16666 munmap(0x1000c0200000, 16384 <unfinished ...>
16665 munmap(0x100100000000, 16384 <unfinished ...>
16664 <... munmap resumed>)             = 0
16663 munmap(0x100040200000, 16384 <unfinished ...>
16662 <... mmap resumed>)               = 0x100040000000
16660 <... mmap resumed>)               = 0x100040600000
16659 mmap(NULL, 16384, PROT_READ|PROT_WRITE, MAP_PRIVATE|MAP_ANONYMOUS|MAP_NORESERVE, -1, 0 <unfinished ...>
16671 <... mmap resumed>)               = 0x100140200000
16657 munmap(0x1000c0000000, 16384 <unfinished ...>
16672 mmap(NULL, 16384, PROT_READ|PROT_WRITE, MAP_PRIVATE|MAP_ANONYMOUS|MAP_NORESERVE, -1, 0 <unfinished ...>
16670 <... munmap resumed>)             = 0
16669 <... mmap resumed>)               = 0x100000200000
16668 mmap(NULL, 16384, PROT_READ|PROT_WRITE, MAP_PRIVATE|MAP_ANONYMOUS|MAP_NORESERVE, -1, 0 <unfinished ...>
16667 munmap(0x100000000000, 16384 <unfinished ...>
16666 <... munmap resumed>)             = 0
16665 <... munmap resumed>)             = 0
16664 mmap(NULL, 16384, PROT_READ|PROT_WRITE, MAP_PRIVATE|MAP_ANONYMOUS|MAP_NORESERVE, -1, 0 <unfinished ...>
16663 <... munmap resumed>)             = 0
16661 <... mmap resumed>)               = 0x100180000000
16658 mmap(NULL, 16384, PROT_READ|PROT_WRITE, MAP_PRIVATE|MAP_ANONYMOUS|MAP_NORESERVE, -1, 0 <unfinished ...>
16672 <... mmap resumed>)               = 0x100040200000
16671 munmap(0x100140200000, 16384 <unfinished ...>
16670 mmap(NULL, 16384, PROT_READ|PROT_WRITE, MAP_PRIVATE|MAP_ANONYMOUS|MAP_NORESERVE, -1, 0 <unfinished ...>
16669 munmap(0x100000200000, 16384 <unfinished ...>
16668 <... mmap resumed>)               = 0x100100000000
16667 <... munmap resumed>)             = 0
16666 mmap(NULL, 16384, PROT_READ|PROT_WRITE, MAP_PRIVATE|MAP_ANONYMOUS|MAP_NORESERVE, -1, 0 <unfinished ...>
16665 mmap(NULL, 16384, PROT_READ|PROT_WRITE, MAP_PRIVATE|MAP_ANONYMOUS|MAP_NORESERVE, -1, 0 <unfinished ...>
16664 <... mmap resumed>)               = 0x100000000000
16663 mmap(NULL, 16384, PROT_READ|PROT_WRITE, MAP_PRIVATE|MAP_ANONYMOUS|MAP_NORESERVE, -1, 0 <unfinished ...>
16662 munmap(0x100040000000, 16384 <unfinished ...>
16661 munmap(0x100180000000, 16384 <unfinished ...>
16660 munmap(0x100040600000, 16384 <unfinished ...>
16659 <... mmap resumed>)               = 0x1000c0000000
16657 <... munmap resumed>)             = 0
16672 munmap(0x100040200000, 16384 <unfinished ...>
16671 <... munmap resumed>)             = 0
16670 <... mmap resumed>)               = 0x100140200000
16669 <... munmap resumed>)             = 0
16668 munmap(0x100100000000, 16384 <unfinished ...>
16667 mmap(NULL, 16384, PROT_READ|PROT_WRITE, MAP_PRIVATE|MAP_ANONYMOUS|MAP_NORESERVE, -1, 0 <unfinished ...>
16666 <... mmap resumed>)               = 0x100000200000
16665 <... mmap resumed>)               = 0x100080000000
16664 munmap(0x100000000000, 16384 <unfinished ...>
16663 <... mmap resumed>)               = 0x100040400000
16662 <... munmap resumed>)             = 0
16661 <... munmap resumed>)             = 0
16660 <... munmap resumed>)             = 0
16659 munmap(0x1000c0000000, 16384 <unfinished ...>
16658 <... mmap resumed>)               = 0x1000c0200000
16672 <... munmap resumed>)             = 0
16671 mmap(NULL, 16384, PROT_READ|PROT_WRITE, MAP_PRIVATE|MAP_ANONYMOUS|MAP_NORESERVE, -1, 0 <unfinished ...>
16670 munmap(0x100140200000, 16384 <unfinished ...>
16669 mmap(NULL, 16384, PROT_READ|PROT_WRITE, MAP_PRIVATE|MAP_ANONYMOUS|MAP_NORESERVE, -1, 0 <unfinished ...>
16668 <... munmap resumed>)             = 0
16667 <... mmap resumed>)               = 0x100100000000
16666 munmap(0x100000200000, 16384 <unfinished ...>
16665 munmap(0x100080000000, 16384 <unfinished ...>
16664 <... munmap resumed>)             = 0
16663 munmap(0x100040400000, 16384 <unfinished ...>
16662 mmap(NULL, 16384, PROT_READ|PROT_WRITE, MAP_PRIVATE|MAP_ANONYMOUS|MAP_NORESERVE, -1, 0 <unfinished ...>
16661 mmap(NULL, 16384, PROT_READ|PROT_WRITE, MAP_PRIVATE|MAP_ANONYMOUS|MAP_NORESERVE, -1, 0 <unfinished ...>
16660 mmap(NULL, 16384, PROT_READ|PROT_WRITE, MAP_PRIVATE|MAP_ANONYMOUS|MAP_NORESERVE, -1, 0 <unfinished ...>
16657 mmap(NULL, 16384, PROT_READ|PROT_WRITE, MAP_PRIVATE|MAP_ANONYMOUS|MAP_NORESERVE, -1, 0 <unfinished ...>
16672 mmap(NULL, 16384, PROT_READ|PROT_WRITE, MAP_PRIVATE|MAP_ANONYMOUS|MAP_NORESERVE, -1, 0 <unfinished ...>
16671 <... mmap resumed>)               = 0x100140200000
16670 <... munmap resumed>)             = 0
16669 <... mmap resumed>)               = 0x1000c0000000
16668 mmap(NULL, 16384, PROT_READ|PROT_WRITE, MAP_PRIVATE|MAP_ANONYMOUS|MAP_NORESERVE, -1, 0 <unfinished ...>
16667 munmap(0x100100000000, 16384 <unfinished ...>
16666 <... munmap resumed>)             = 0
16663 <... munmap resumed>)             = 0
16662 <... mmap resumed>)               = 0x100000200000
16664 mmap(NULL, 16384, PROT_READ|PROT_WRITE, MAP_PRIVATE|MAP_ANONYMOUS|MAP_NORESERVE, -1, 0 <unfinished ...>
16665 <... munmap resumed>)             = 0
16661 <... mmap resumed>)               = 0x100040400000
16659 <... munmap resumed>)             = 0
16660 <... mmap resumed>)               = 0x100080000000
16658 munmap(0x1000c0200000, 16384 <unfinished ...>
16672 <... mmap resumed>)               = 0x100040200000
16671 munmap(0x100140200000, 16384 <unfinished ...>
16670 mmap(NULL, 16384, PROT_READ|PROT_WRITE, MAP_PRIVATE|MAP_ANONYMOUS|MAP_NORESERVE, -1, 0 <unfinished ...>
16669 munmap(0x1000c0000000, 16384 <unfinished ...>
16668 <... mmap resumed>)               = 0x100180000000
16667 <... munmap resumed>)             = 0
16666 mmap(NULL, 16384, PROT_READ|PROT_WRITE, MAP_PRIVATE|MAP_ANONYMOUS|MAP_NORESERVE, -1, 0 <unfinished ...>
16665 mmap(NULL, 16384, PROT_READ|PROT_WRITE, MAP_PRIVATE|MAP_ANONYMOUS|MAP_NORESERVE, -1, 0 <unfinished ...>
16664 <... mmap resumed>)               = 0x100040600000
16663 mmap(NULL, 16384, PROT_READ|PROT_WRITE, MAP_PRIVATE|MAP_ANONYMOUS|MAP_NORESERVE, -1, 0 <unfinished ...>
16662 munmap(0x100000200000, 16384 <unfinished ...>
16657 <... mmap resumed>)               = 0x100000000000
16672 munmap(0x100040200000, 16384 <unfinished ...>
16671 <... munmap resumed>)             = 0
16670 <... mmap resumed>)               = 0x100140200000
16669 <... munmap resumed>)             = 0
16668 munmap(0x100180000000, 16384 <unfinished ...>
16667 mmap(NULL, 16384, PROT_READ|PROT_WRITE, MAP_PRIVATE|MAP_ANONYMOUS|MAP_NORESERVE, -1, 0 <unfinished ...>
16666 <... mmap resumed>)               = 0x1000c0200000
16664 munmap(0x100040600000, 16384 <unfinished ...>
16663 <... mmap resumed>)               = 0x1000c0000000
16660 munmap(0x100080000000, 16384 <unfinished ...>
16659 mmap(NULL, 16384, PROT_READ|PROT_WRITE, MAP_PRIVATE|MAP_ANONYMOUS|MAP_NORESERVE, -1, 0 <unfinished ...>
16658 <... munmap resumed>)             = 0
16672 <... munmap resumed>)             = 0
16671 mmap(NULL, 16384, PROT_READ|PROT_WRITE, MAP_PRIVATE|MAP_ANONYMOUS|MAP_NORESERVE, -1, 0 <unfinished ...>
16670 munmap(0x100140200000, 16384 <unfinished ...>
16669 mmap(NULL, 16384, PROT_READ|PROT_WRITE, MAP_PRIVATE|MAP_ANONYMOUS|MAP_NORESERVE, -1, 0 <unfinished ...>
16668 <... munmap resumed>)             = 0
16667 <... mmap resumed>)               = 0x100000200000
16666 munmap(0x1000c0200000, 16384 <unfinished ...>
16665 <... mmap resumed>)               = 0x100100000000
16664 <... munmap resumed>)             = 0
16663 munmap(0x1000c0000000, 16384 <unfinished ...>
16662 <... munmap resumed>)             = 0
16661 munmap(0x100040400000, 16384 <unfinished ...>
16657 munmap(0x100000000000, 16384 <unfinished ...>
16672 mmap(NULL, 16384, PROT_READ|PROT_WRITE, MAP_PRIVATE|MAP_ANONYMOUS|MAP_NORESERVE, -1, 0 <unfinished ...>
16671 <... mmap resumed>)               = 0x100140200000
16670 <... munmap resumed>)             = 0
16669 <... mmap resumed>)               = 0x1000c0200000
16668 mmap(NULL, 16384, PROT_READ|PROT_WRITE, MAP_PRIVATE|MAP_ANONYMOUS|MAP_NORESERVE, -1, 0 <unfinished ...>
16667 munmap(0x100000200000, 16384 <unfinished ...>
16666 <... munmap resumed>)             = 0
16665 munmap(0x100100000000, 16384 <unfinished ...>
16664 mmap(NULL, 16384, PROT_READ|PROT_WRITE, MAP_PRIVATE|MAP_ANONYMOUS|MAP_NORESERVE, -1, 0 <unfinished ...>
16663 <... munmap resumed>)             = 0
16662 mmap(NULL, 16384, PROT_READ|PROT_WRITE, MAP_PRIVATE|MAP_ANONYMOUS|MAP_NORESERVE, -1, 0 <unfinished ...>
16660 <... munmap resumed>)             = 0
16659 <... mmap resumed>)               = 0x100180000000
16658 mmap(NULL, 16384, PROT_READ|PROT_WRITE, MAP_PRIVATE|MAP_ANONYMOUS|MAP_NORESERVE, -1, 0 <unfinished ...>
16672 <... mmap resumed>)               = 0x100040400000
16671 munmap(0x100140200000, 16384 <unfinished ...>
16670 mmap(NULL, 16384, PROT_READ|PROT_WRITE, MAP_PRIVATE|MAP_ANONYMOUS|MAP_NORESERVE, -1, 0 <unfinished ...>
16669 munmap(0x1000c0200000, 16384 <unfinished ...>
16668 <... mmap resumed>)               = 0x100000000000
16667 <... munmap resumed>)             = 0
16666 mmap(NULL, 16384, PROT_READ|PROT_WRITE, MAP_PRIVATE|MAP_ANONYMOUS|MAP_NORESERVE, -1, 0 <unfinished ...>
16665 <... munmap resumed>)             = 0
16664 <... mmap resumed>)               = 0x100100000000
16663 mmap(NULL, 16384, PROT_READ|PROT_WRITE, MAP_PRIVATE|MAP_ANONYMOUS|MAP_NORESERVE, -1, 0 <unfinished ...>
16661 <... munmap resumed>)             = 0
16660 mmap(NULL, 16384, PROT_READ|PROT_WRITE, MAP_PRIVATE|MAP_ANONYMOUS|MAP_NORESERVE, -1, 0 <unfinished ...>
16659 munmap(0x100180000000, 16384 <unfinished ...>
16657 <... munmap resumed>)             = 0
16672 munmap(0x100040400000, 16384 <unfinished ...>
16671 <... munmap resumed>)             = 0
16670 <... mmap resumed>)               = 0x1000c0000000
16669 <... munmap resumed>)             = 0
16667 mmap(NULL, 16384, PROT_READ|PROT_WRITE, MAP_PRIVATE|MAP_ANONYMOUS|MAP_NORESERVE, -1, 0 <unfinished ...>
16666 <... mmap resumed>)               = 0x100080000000
16668 munmap(0x100000000000, 16384 <unfinished ...>
16665 mmap(NULL, 16384, PROT_READ|PROT_WRITE, MAP_PRIVATE|MAP_ANONYMOUS|MAP_NORESERVE, -1, 0 <unfinished ...>
16664 munmap(0x100100000000, 16384 <unfinished ...>
16662 <... mmap resumed>)               = 0x100140200000
16661 mmap(NULL, 16384, PROT_READ|PROT_WRITE, MAP_PRIVATE|MAP_ANONYMOUS|MAP_NORESERVE, -1, 0 <unfinished ...>
16658 <... mmap resumed>)               = 0x100000200000
16672 <... munmap resumed>)             = 0
16671 mmap(NULL, 16384, PROT_READ|PROT_WRITE, MAP_PRIVATE|MAP_ANONYMOUS|MAP_NORESERVE, -1, 0 <unfinished ...>
16670 munmap(0x1000c0000000, 16384 <unfinished ...>
16669 mmap(NULL, 16384, PROT_READ|PROT_WRITE, MAP_PRIVATE|MAP_ANONYMOUS|MAP_NORESERVE, -1, 0 <unfinished ...>
16668 <... munmap resumed>)             = 0
16667 <... mmap resumed>)               = 0x100040200000
16666 munmap(0x100080000000, 16384 <unfinished ...>
16665 <... mmap resumed>)               = 0x100040400000
16664 <... munmap resumed>)             = 0
16663 <... mmap resumed>)               = 0x100040600000
16662 munmap(0x100140200000, 16384 <unfinished ...>
16660 <... mmap resumed>)               = 0x1000c0200000
16659 <... munmap resumed>)             = 0
16657 mmap(NULL, 16384, PROT_READ|PROT_WRITE, MAP_PRIVATE|MAP_ANONYMOUS|MAP_NORESERVE, -1, 0 <unfinished ...>
16672 mmap(NULL, 16384, PROT_READ|PROT_WRITE, MAP_PRIVATE|MAP_ANONYMOUS|MAP_NORESERVE, -1, 0 <unfinished ...>
16671 <... mmap resumed>)               = 0x100000000000
16670 <... munmap resumed>)             = 0
16669 <... mmap resumed>)               = 0x1000c0000000
16668 mmap(NULL, 16384, PROT_READ|PROT_WRITE, MAP_PRIVATE|MAP_ANONYMOUS|MAP_NORESERVE, -1, 0 <unfinished ...>
16667 munmap(0x100040200000, 16384 <unfinished ...>
16666 <... munmap resumed>)             = 0
16665 munmap(0x100040400000, 16384 <unfinished ...>
16664 mmap(NULL, 16384, PROT_READ|PROT_WRITE, MAP_PRIVATE|MAP_ANONYMOUS|MAP_NORESERVE, -1, 0 <unfinished ...>
16663 munmap(0x100040600000, 16384 <unfinished ...>
16662 <... munmap resumed>)             = 0
16661 <... mmap resumed>)               = 0x100100000000
16660 munmap(0x1000c0200000, 16384 <unfinished ...>
16659 mmap(NULL, 16384, PROT_READ|PROT_WRITE, MAP_PRIVATE|MAP_ANONYMOUS|MAP_NORESERVE, -1, 0 <unfinished ...>
16658 munmap(0x100000200000, 16384 <unfinished ...>
16672 <... mmap resumed>)               = 0x100080000000
16671 munmap(0x100000000000, 16384 <unfinished ...>
16670 mmap(NULL, 16384, PROT_READ|PROT_WRITE, MAP_PRIVATE|MAP_ANONYMOUS|MAP_NORESERVE, -1, 0 <unfinished ...>
16669 munmap(0x1000c0000000, 16384 <unfinished ...>
16668 <... mmap resumed>)               = 0x100180000000
16667 <... munmap resumed>)             = 0
16666 mmap(NULL, 16384, PROT_READ|PROT_WRITE, MAP_PRIVATE|MAP_ANONYMOUS|MAP_NORESERVE, -1, 0 <unfinished ...>
16665 <... munmap resumed>)             = 0
16664 <... mmap resumed>)               = 0x100040200000
16663 <... munmap resumed>)             = 0
16662 mmap(NULL, 16384, PROT_READ|PROT_WRITE, MAP_PRIVATE|MAP_ANONYMOUS|MAP_NORESERVE, -1, 0 <unfinished ...>
16661 munmap(0x100100000000, 16384 <unfinished ...>
16660 <... munmap resumed>)             = 0
16659 <... mmap resumed>)               = 0x100040600000
16657 <... mmap resumed>)               = 0x100140200000
16672 munmap(0x100080000000, 16384 <unfinished ...>
16671 <... munmap resumed>)             = 0
16670 <... mmap resumed>)               = 0x100000000000
16669 <... munmap resumed>)             = 0
16668 munmap(0x100180000000, 16384 <unfinished ...>
16667 mmap(NULL, 16384, PROT_READ|PROT_WRITE, MAP_PRIVATE|MAP_ANONYMOUS|MAP_NORESERVE, -1, 0 <unfinished ...>
16666 <... mmap resumed>)               = 0x1000c0000000
16665 mmap(NULL, 16384, PROT_READ|PROT_WRITE, MAP_PRIVATE|MAP_ANONYMOUS|MAP_NORESERVE, -1, 0 <unfinished ...>
16664 munmap(0x100040200000, 16384 <unfinished ...>
16663 mmap(NULL, 16384, PROT_READ|PROT_WRITE, MAP_PRIVATE|MAP_ANONYMOUS|MAP_NORESERVE, -1, 0 <unfinished ...>
16662 <... mmap resumed>)               = 0x100000200000
16661 <... munmap resumed>)             = 0
16660 mmap(NULL, 16384, PROT_READ|PROT_WRITE, MAP_PRIVATE|MAP_ANONYMOUS|MAP_NORESERVE, -1, 0 <unfinished ...>
16659 munmap(0x100040600000, 16384 <unfinished ...>
16658 <... munmap resumed>)             = 0
16672 <... munmap resumed>)             = 0
16671 mmap(NULL, 16384, PROT_READ|PROT_WRITE, MAP_PRIVATE|MAP_ANONYMOUS|MAP_NORESERVE, -1, 0 <unfinished ...>
16670 munmap(0x100000000000, 16384 <unfinished ...>
16669 mmap(NULL, 16384, PROT_READ|PROT_WRITE, MAP_PRIVATE|MAP_ANONYMOUS|MAP_NORESERVE, -1, 0 <unfinished ...>
16668 <... munmap resumed>)             = 0
16667 <... mmap resumed>)               = 0x100080000000
16666 munmap(0x1000c0000000, 16384 <unfinished ...>
16665 <... mmap resumed>)               = 0x100180000000
16664 <... munmap resumed>)             = 0
16663 <... mmap resumed>)               = 0x100040200000
16662 munmap(0x100000200000, 16384 <unfinished ...>
16661 mmap(NULL, 16384, PROT_READ|PROT_WRITE, MAP_PRIVATE|MAP_ANONYMOUS|MAP_NORESERVE, -1, 0 <unfinished ...>
16660 <... mmap resumed>)               = 0x100100000000
16659 <... munmap resumed>)             = 0
16657 munmap(0x100140200000, 16384 <unfinished ...>
16672 mmap(NULL, 16384, PROT_READ|PROT_WRITE, MAP_PRIVATE|MAP_ANONYMOUS|MAP_NORESERVE, -1, 0 <unfinished ...>
16671 <... mmap resumed>)               = 0x100040600000
16670 <... munmap resumed>)             = 0
16669 <... mmap resumed>)               = 0x100000000000
16668 mmap(NULL, 16384, PROT_READ|PROT_WRITE, MAP_PRIVATE|MAP_ANONYMOUS|MAP_NORESERVE, -1, 0 <unfinished ...>
16667 munmap(0x100080000000, 16384 <unfinished ...>
16666 <... munmap resumed>)             = 0
16665 munmap(0x100180000000, 16384 <unfinished ...>
16664 mmap(NULL, 16384, PROT_READ|PROT_WRITE, MAP_PRIVATE|MAP_ANONYMOUS|MAP_NORESERVE, -1, 0 <unfinished ...>
16663 munmap(0x100040200000, 16384 <unfinished ...>
16662 <... munmap resumed>)             = 0
16661 <... mmap resumed>)               = 0x100000200000
16658 mmap(NULL, 16384, PROT_READ|PROT_WRITE, MAP_PRIVATE|MAP_ANONYMOUS|MAP_NORESERVE, -1, 0 <unfinished ...>
16672 <... mmap resumed>)               = 0x1000c0000000
16671 munmap(0x100040600000, 16384 <unfinished ...>
16670 mmap(NULL, 16384, PROT_READ|PROT_WRITE, MAP_PRIVATE|MAP_ANONYMOUS|MAP_NORESERVE, -1, 0 <unfinished ...>
16669 munmap(0x100000000000, 16384 <unfinished ...>
16668 <... mmap resumed>)               = 0x100140200000
16667 <... munmap resumed>)             = 0
16666 mmap(NULL, 16384, PROT_READ|PROT_WRITE, MAP_PRIVATE|MAP_ANONYMOUS|MAP_NORESERVE, -1, 0 <unfinished ...>
16665 <... munmap resumed>)             = 0
16664 <... mmap resumed>)               = 0x100180000000
16663 <... munmap resumed>)             = 0
16662 mmap(NULL, 16384, PROT_READ|PROT_WRITE, MAP_PRIVATE|MAP_ANONYMOUS|MAP_NORESERVE, -1, 0 <unfinished ...>
16661 munmap(0x100000200000, 16384 <unfinished ...>
16660 munmap(0x100100000000, 16384 <unfinished ...>
16659 mmap(NULL, 16384, PROT_READ|PROT_WRITE, MAP_PRIVATE|MAP_ANONYMOUS|MAP_NORESERVE, -1, 0 <unfinished ...>
16657 <... munmap resumed>)             = 0
16672 munmap(0x1000c0000000, 16384 <unfinished ...>
16671 <... munmap resumed>)             = 0
16670 <... mmap resumed>)               = 0x100040600000
16669 <... munmap resumed>)             = 0
16668 munmap(0x100140200000, 16384 <unfinished ...>
16667 mmap(NULL, 16384, PROT_READ|PROT_WRITE, MAP_PRIVATE|MAP_ANONYMOUS|MAP_NORESERVE, -1, 0 <unfinished ...>
16666 <... mmap resumed>)               = 0x100000000000
16665 mmap(NULL, 16384, PROT_READ|PROT_WRITE, MAP_PRIVATE|MAP_ANONYMOUS|MAP_NORESERVE, -1, 0 <unfinished ...>
16664 munmap(0x100180000000, 16384 <unfinished ...>
16663 mmap(NULL, 16384, PROT_READ|PROT_WRITE, MAP_PRIVATE|MAP_ANONYMOUS|MAP_NORESERVE, -1, 0 <unfinished ...>
16662 <... mmap resumed>)               = 0x100080000000
16661 <... munmap resumed>)             = 0
16659 <... mmap resumed>)               = 0x100000200000
16658 <... mmap resumed>)               = 0x100040200000
16672 <... munmap resumed>)             = 0
16671 mmap(NULL, 16384, PROT_READ|PROT_WRITE, MAP_PRIVATE|MAP_ANONYMOUS|MAP_NORESERVE, -1, 0 <unfinished ...>
16670 munmap(0x100040600000, 16384 <unfinished ...>
16669 mmap(NULL, 16384, PROT_READ|PROT_WRITE, MAP_PRIVATE|MAP_ANONYMOUS|MAP_NORESERVE, -1, 0 <unfinished ...>
16668 <... munmap resumed>)             = 0
16667 <... mmap resumed>)               = 0x100100000000
16666 munmap(0x100000000000, 16384 <unfinished ...>
16665 <... mmap resumed>)               = 0x1000c0000000
16664 <... munmap resumed>)             = 0
16662 munmap(0x100080000000, 16384 <unfinished ...>
16660 <... munmap resumed>)             = 0
16657 mmap(NULL, 16384, PROT_READ|PROT_WRITE, MAP_PRIVATE|MAP_ANONYMOUS|MAP_NORESERVE, -1, 0 <unfinished ...>
16672 mmap(NULL, 16384, PROT_READ|PROT_WRITE, MAP_PRIVATE|MAP_ANONYMOUS|MAP_NORESERVE, -1, 0 <unfinished ...>
16671 <... mmap resumed>)               = 0x100140200000
16670 <... munmap resumed>)             = 0
16669 <... mmap resumed>)               = 0x100040600000
16668 mmap(NULL, 16384, PROT_READ|PROT_WRITE, MAP_PRIVATE|MAP_ANONYMOUS|MAP_NORESERVE, -1, 0 <unfinished ...>
16667 munmap(0x100100000000, 16384 <unfinished ...>
16666 <... munmap resumed>)             = 0
16665 munmap(0x1000c0000000, 16384 <unfinished ...>
16664 mmap(NULL, 16384, PROT_READ|PROT_WRITE, MAP_PRIVATE|MAP_ANONYMOUS|MAP_NORESERVE, -1, 0 <unfinished ...>
16663 <... mmap resumed>)               = 0x100180000000
16662 <... munmap resumed>)             = 0
16661 mmap(NULL, 16384, PROT_READ|PROT_WRITE, MAP_PRIVATE|MAP_ANONYMOUS|MAP_NORESERVE, -1, 0 <unfinished ...>
16660 mmap(NULL, 16384, PROT_READ|PROT_WRITE, MAP_PRIVATE|MAP_ANONYMOUS|MAP_NORESERVE, -1, 0 <unfinished ...>
16659 munmap(0x100000200000, 16384 <unfinished ...>
16658 munmap(0x100040200000, 16384 <unfinished ...>
16672 <... mmap resumed>)               = 0x100000000000
16671 munmap(0x100140200000, 16384 <unfinished ...>
16670 mmap(NULL, 16384, PROT_READ|PROT_WRITE, MAP_PRIVATE|MAP_ANONYMOUS|MAP_NORESERVE, -1, 0 <unfinished ...>
16669 munmap(0x100040600000, 16384 <unfinished ...>
16668 <... mmap resumed>)               = 0x1000c0200000
16667 <... munmap resumed>)             = 0
16666 mmap(NULL, 16384, PROT_READ|PROT_WRITE, MAP_PRIVATE|MAP_ANONYMOUS|MAP_NORESERVE, -1, 0 <unfinished ...>
16665 <... munmap resumed>)             = 0
16664 <... mmap resumed>)               = 0x1000c0000000
16663 munmap(0x100180000000, 16384 <unfinished ...>
16662 mmap(NULL, 16384, PROT_READ|PROT_WRITE, MAP_PRIVATE|MAP_ANONYMOUS|MAP_NORESERVE, -1, 0 <unfinished ...>
16661 <... mmap resumed>)               = 0x100100000000
16657 <... mmap resumed>)               = 0x100080000000
16660 <... mmap resumed>)               = 0x100000200000
16659 <... munmap resumed>)             = 0
16672 munmap(0x100000000000, 16384 <unfinished ...>
16671 <... munmap resumed>)             = 0
16670 <... mmap resumed>)               = 0x100040200000
16669 <... munmap resumed>)             = 0
16668 munmap(0x1000c0200000, 16384 <unfinished ...>
16665 mmap(NULL, 16384, PROT_READ|PROT_WRITE, MAP_PRIVATE|MAP_ANONYMOUS|MAP_NORESERVE, -1, 0 <unfinished ...>
16664 munmap(0x1000c0000000, 16384 <unfinished ...>
16663 <... munmap resumed>)             = 0
16662 <... mmap resumed>)               = 0x100180000000
16661 munmap(0x100100000000, 16384 <unfinished ...>
16660 munmap(0x100000200000, 16384 <unfinished ...>
16658 <... munmap resumed>)             = 0
16657 munmap(0x100080000000, 16384 <unfinished ...>
16672 <... munmap resumed>)             = 0
16671 mmap(NULL, 16384, PROT_READ|PROT_WRITE, MAP_PRIVATE|MAP_ANONYMOUS|MAP_NORESERVE, -1, 0 <unfinished ...>
16670 munmap(0x100040200000, 16384 <unfinished ...>
16669 mmap(NULL, 16384, PROT_READ|PROT_WRITE, MAP_PRIVATE|MAP_ANONYMOUS|MAP_NORESERVE, -1, 0 <unfinished ...>
16668 <... munmap resumed>)             = 0
16667 mmap(NULL, 16384, PROT_READ|PROT_WRITE, MAP_PRIVATE|MAP_ANONYMOUS|MAP_NORESERVE, -1, 0 <unfinished ...>
16666 <... mmap resumed>)               = 0x100040600000
16665 <... mmap resumed>)               = 0x100000000000
16664 <... munmap resumed>)             = 0
16663 mmap(NULL, 16384, PROT_READ|PROT_WRITE, MAP_PRIVATE|MAP_ANONYMOUS|MAP_NORESERVE, -1, 0 <unfinished ...>
16662 munmap(0x100180000000, 16384 <unfinished ...>
16661 <... munmap resumed>)             = 0
16659 mmap(NULL, 16384, PROT_READ|PROT_WRITE, MAP_PRIVATE|MAP_ANONYMOUS|MAP_NORESERVE, -1, 0 <unfinished ...>
16672 mmap(NULL, 16384, PROT_READ|PROT_WRITE, MAP_PRIVATE|MAP_ANONYMOUS|MAP_NORESERVE, -1, 0 <unfinished ...>
16671 <... mmap resumed>)               = 0x100000200000
16670 <... munmap resumed>)             = 0
16669 <... mmap resumed>)               = 0x100040200000
16668 mmap(NULL, 16384, PROT_READ|PROT_WRITE, MAP_PRIVATE|MAP_ANONYMOUS|MAP_NORESERVE, -1, 0 <unfinished ...>
16667 <... mmap resumed>)               = 0x100080000000
16666 munmap(0x100040600000, 16384 <unfinished ...>
16665 munmap(0x100000000000, 16384 <unfinished ...>
16663 <... mmap resumed>)               = 0x1000c0000000
16664 mmap(NULL, 16384, PROT_READ|PROT_WRITE, MAP_PRIVATE|MAP_ANONYMOUS|MAP_NORESERVE, -1, 0 <unfinished ...>
16662 <... munmap resumed>)             = 0
16660 <... munmap resumed>)             = 0
16659 <... mmap resumed>)               = 0x100100000000
16658 mmap(NULL, 16384, PROT_READ|PROT_WRITE, MAP_PRIVATE|MAP_ANONYMOUS|MAP_NORESERVE, -1, 0 <unfinished ...>
16657 <... munmap resumed>)             = 0
16672 <... mmap resumed>)               = 0x100180000000
16671 munmap(0x100000200000, 16384 <unfinished ...>
16670 mmap(NULL, 16384, PROT_READ|PROT_WRITE, MAP_PRIVATE|MAP_ANONYMOUS|MAP_NORESERVE, -1, 0 <unfinished ...>
16669 munmap(0x100040200000, 16384 <unfinished ...>
16668 <... mmap resumed>)               = 0x1000c0200000
16667 munmap(0x100080000000, 16384 <unfinished ...>
16666 <... munmap resumed>)             = 0
16665 <... munmap resumed>)             = 0
16664 <... mmap resumed>)               = 0x100000000000
16663 munmap(0x1000c0000000, 16384 <unfinished ...>
16662 mmap(NULL, 16384, PROT_READ|PROT_WRITE, MAP_PRIVATE|MAP_ANONYMOUS|MAP_NORESERVE, -1, 0 <unfinished ...>
16661 mmap(NULL, 16384, PROT_READ|PROT_WRITE, MAP_PRIVATE|MAP_ANONYMOUS|MAP_NORESERVE, -1, 0 <unfinished ...>
16660 mmap(NULL, 16384, PROT_READ|PROT_WRITE, MAP_PRIVATE|MAP_ANONYMOUS|MAP_NORESERVE, -1, 0 <unfinished ...>
16659 munmap(0x100100000000, 16384 <unfinished ...>
16658 <... mmap resumed>)               = 0x100040600000
16672 munmap(0x100180000000, 16384 <unfinished ...>
16671 <... munmap resumed>)             = 0
16670 <... mmap resumed>)               = 0x100000200000
16669 <... munmap resumed>)             = 0
16668 munmap(0x1000c0200000, 16384 <unfinished ...>
16667 <... munmap resumed>)             = 0
16666 mmap(NULL, 16384, PROT_READ|PROT_WRITE, MAP_PRIVATE|MAP_ANONYMOUS|MAP_NORESERVE, -1, 0 <unfinished ...>
16665 mmap(NULL, 16384, PROT_READ|PROT_WRITE, MAP_PRIVATE|MAP_ANONYMOUS|MAP_NORESERVE, -1, 0 <unfinished ...>
16664 munmap(0x100000000000, 16384 <unfinished ...>
16663 <... munmap resumed>)             = 0
16662 <... mmap resumed>)               = 0x1000c0000000
16661 <... mmap resumed>)               = 0x100080000000
16660 <... mmap resumed>)               = 0x100040200000
16659 <... munmap resumed>)             = 0
16657 mmap(NULL, 16384, PROT_READ|PROT_WRITE, MAP_PRIVATE|MAP_ANONYMOUS|MAP_NORESERVE, -1, 0 <unfinished ...>
16672 <... munmap resumed>)             = 0
16671 mmap(NULL, 16384, PROT_READ|PROT_WRITE, MAP_PRIVATE|MAP_ANONYMOUS|MAP_NORESERVE, -1, 0 <unfinished ...>
16670 munmap(0x100000200000, 16384 <unfinished ...>
16669 mmap(NULL, 16384, PROT_READ|PROT_WRITE, MAP_PRIVATE|MAP_ANONYMOUS|MAP_NORESERVE, -1, 0 <unfinished ...>
16668 <... munmap resumed>)             = 0
16667 mmap(NULL, 16384, PROT_READ|PROT_WRITE, MAP_PRIVATE|MAP_ANONYMOUS|MAP_NORESERVE, -1, 0 <unfinished ...>
16666 <... mmap resumed>)               = 0x1000c0200000
16665 <... mmap resumed>)               = 0x100180000000
16664 <... munmap resumed>)             = 0
16663 mmap(NULL, 16384, PROT_READ|PROT_WRITE, MAP_PRIVATE|MAP_ANONYMOUS|MAP_NORESERVE, -1, 0 <unfinished ...>
16662 munmap(0x1000c0000000, 16384 <unfinished ...>
16661 munmap(0x100080000000, 16384 <unfinished ...>
16660 munmap(0x100040200000, 16384 <unfinished ...>
16659 mmap(NULL, 16384, PROT_READ|PROT_WRITE, MAP_PRIVATE|MAP_ANONYMOUS|MAP_NORESERVE, -1, 0 <unfinished ...>
16658 munmap(0x100040600000, 16384 <unfinished ...>
16672 mmap(NULL, 16384, PROT_READ|PROT_WRITE, MAP_PRIVATE|MAP_ANONYMOUS|MAP_NORESERVE, -1, 0 <unfinished ...>
16671 <... mmap resumed>)               = 0x100100000000
16670 <... munmap resumed>)             = 0
16669 <... mmap resumed>)               = 0x100000200000
16668 mmap(NULL, 16384, PROT_READ|PROT_WRITE, MAP_PRIVATE|MAP_ANONYMOUS|MAP_NORESERVE, -1, 0 <unfinished ...>
16667 <... mmap resumed>)               = 0x100140200000
16666 munmap(0x1000c0200000, 16384 <unfinished ...>
16665 munmap(0x100180000000, 16384 <unfinished ...>
16664 mmap(NULL, 16384, PROT_READ|PROT_WRITE, MAP_PRIVATE|MAP_ANONYMOUS|MAP_NORESERVE, -1, 0 <unfinished ...>
16663 <... mmap resumed>)               = 0x100040400000
16662 <... munmap resumed>)             = 0
16661 <... munmap resumed>)             = 0
16660 <... munmap resumed>)             = 0
16658 <... munmap resumed>)             = 0
16657 <... mmap resumed>)               = 0x100000000000
16671 munmap(0x100100000000, 16384 <unfinished ...>
16659 <... mmap resumed>)               = 0x100040600000
16667 munmap(0x100140200000, 16384 <unfinished ...>
16664 <... mmap resumed>)               = 0x100040200000
16671 <... munmap resumed>)             = 0
16662 mmap(NULL, 16384, PROT_READ|PROT_WRITE, MAP_PRIVATE|MAP_ANONYMOUS|MAP_NORESERVE, -1, 0 <unfinished ...>
16659 munmap(0x100040600000, 16384 <unfinished ...>
16672 <... mmap resumed>)               = 0x100140200000
16670 mmap(NULL, 16384, PROT_READ|PROT_WRITE, MAP_PRIVATE|MAP_ANONYMOUS|MAP_NORESERVE, -1, 0 <unfinished ...>
16668 <... mmap resumed>)               = 0x100180000000
16667 <... munmap resumed>)             = 0
16665 <... munmap resumed>)             = 0
16664 munmap(0x100040200000, 16384 <unfinished ...>
16661 mmap(NULL, 16384, PROT_READ|PROT_WRITE, MAP_PRIVATE|MAP_ANONYMOUS|MAP_NORESERVE, -1, 0 <unfinished ...>
16672 munmap(0x100140200000, 16384 <unfinished ...>
16671 mmap(NULL, 16384, PROT_READ|PROT_WRITE, MAP_PRIVATE|MAP_ANONYMOUS|MAP_NORESERVE, -1, 0 <unfinished ...>
16670 <... mmap resumed>)               = 0x100040600000
16669 munmap(0x100000200000, 16384 <unfinished ...>
16668 munmap(0x100180000000, 16384 <unfinished ...>
16667 mmap(NULL, 16384, PROT_READ|PROT_WRITE, MAP_PRIVATE|MAP_ANONYMOUS|MAP_NORESERVE, -1, 0 <unfinished ...>
16666 <... munmap resumed>)             = 0
16665 mmap(NULL, 16384, PROT_READ|PROT_WRITE, MAP_PRIVATE|MAP_ANONYMOUS|MAP_NORESERVE, -1, 0 <unfinished ...>
16663 munmap(0x100040400000, 16384 <unfinished ...>
16662 <... mmap resumed>)               = 0x100100000000
16660 mmap(NULL, 16384, PROT_READ|PROT_WRITE, MAP_PRIVATE|MAP_ANONYMOUS|MAP_NORESERVE, -1, 0 <unfinished ...>
16659 <... munmap resumed>)             = 0
16658 mmap(NULL, 16384, PROT_READ|PROT_WRITE, MAP_PRIVATE|MAP_ANONYMOUS|MAP_NORESERVE, -1, 0 <unfinished ...>
16657 munmap(0x100000000000, 16384 <unfinished ...>
16661 <... mmap resumed>)               = 0x1000c0200000
16672 <... munmap resumed>)             = 0
16671 <... mmap resumed>)               = 0x100140200000
16670 munmap(0x100040600000, 16384 <unfinished ...>
16669 <... munmap resumed>)             = 0
16668 <... munmap resumed>)             = 0
16667 <... mmap resumed>)               = 0x100000200000
16666 mmap(NULL, 16384, PROT_READ|PROT_WRITE, MAP_PRIVATE|MAP_ANONYMOUS|MAP_NORESERVE, -1, 0 <unfinished ...>
16665 <... mmap resumed>)               = 0x100180000000
16664 <... munmap resumed>)             = 0
16663 <... munmap resumed>)             = 0
16662 munmap(0x100100000000, 16384 <unfinished ...>
16660 <... mmap resumed>)               = 0x100040400000
16659 mmap(NULL, 16384, PROT_READ|PROT_WRITE, MAP_PRIVATE|MAP_ANONYMOUS|MAP_NORESERVE, -1, 0 <unfinished ...>
16658 <... mmap resumed>)               = 0x100040200000
16672 mmap(NULL, 16384, PROT_READ|PROT_WRITE, MAP_PRIVATE|MAP_ANONYMOUS|MAP_NORESERVE, -1, 0 <unfinished ...>
16671 munmap(0x100140200000, 16384 <unfinished ...>
16670 <... munmap resumed>)             = 0
16669 mmap(NULL, 16384, PROT_READ|PROT_WRITE, MAP_PRIVATE|MAP_ANONYMOUS|MAP_NORESERVE, -1, 0 <unfinished ...>
16668 mmap(NULL, 16384, PROT_READ|PROT_WRITE, MAP_PRIVATE|MAP_ANONYMOUS|MAP_NORESERVE, -1, 0 <unfinished ...>
16667 munmap(0x100000200000, 16384 <unfinished ...>
16666 <... mmap resumed>)               = 0x100040600000
16665 munmap(0x100180000000, 16384 <unfinished ...>
16664 mmap(NULL, 16384, PROT_READ|PROT_WRITE, MAP_PRIVATE|MAP_ANONYMOUS|MAP_NORESERVE, -1, 0 <unfinished ...>
16663 mmap(NULL, 16384, PROT_READ|PROT_WRITE, MAP_PRIVATE|MAP_ANONYMOUS|MAP_NORESERVE, -1, 0 <unfinished ...>
16662 <... munmap resumed>)             = 0
16661 munmap(0x1000c0200000, 16384 <unfinished ...>
16660 munmap(0x100040400000, 16384 <unfinished ...>
16657 <... munmap resumed>)             = 0
16672 <... mmap resumed>)               = 0x100000000000
16671 <... munmap resumed>)             = 0
16670 mmap(NULL, 16384, PROT_READ|PROT_WRITE, MAP_PRIVATE|MAP_ANONYMOUS|MAP_NORESERVE, -1, 0 <unfinished ...>
16669 <... mmap resumed>)               = 0x100140200000
16668 <... mmap resumed>)               = 0x100000200000
16667 <... munmap resumed>)             = 0
16666 munmap(0x100040600000, 16384 <unfinished ...>
16665 <... munmap resumed>)             = 0
16664 <... mmap resumed>)               = 0x1000c0000000
16663 <... mmap resumed>)               = 0x100180000000
16662 mmap(NULL, 16384, PROT_READ|PROT_WRITE, MAP_PRIVATE|MAP_ANONYMOUS|MAP_NORESERVE, -1, 0 <unfinished ...>
16659 <... mmap resumed>)               = 0x100100000000
16658 munmap(0x100040200000, 16384 <unfinished ...>
16672 munmap(0x100000000000, 16384 <unfinished ...>
16671 mmap(NULL, 16384, PROT_READ|PROT_WRITE, MAP_PRIVATE|MAP_ANONYMOUS|MAP_NORESERVE, -1, 0 <unfinished ...>
16670 <... mmap resumed>)               = 0x1000c0200000
16669 munmap(0x100140200000, 16384 <unfinished ...>
16668 munmap(0x100000200000, 16384 <unfinished ...>
16667 mmap(NULL, 16384, PROT_READ|PROT_WRITE, MAP_PRIVATE|MAP_ANONYMOUS|MAP_NORESERVE, -1, 0 <unfinished ...>
16666 <... munmap resumed>)             = 0
16665 mmap(NULL, 16384, PROT_READ|PROT_WRITE, MAP_PRIVATE|MAP_ANONYMOUS|MAP_NORESERVE, -1, 0 <unfinished ...>
16664 munmap(0x1000c0000000, 16384 <unfinished ...>
16663 munmap(0x100180000000, 16384 <unfinished ...>
16661 <... munmap resumed>)             = 0
16660 <... munmap resumed>)             = 0
16659 munmap(0x100100000000, 16384 <unfinished ...>
16657 mmap(NULL, 16384, PROT_READ|PROT_WRITE, MAP_PRIVATE|MAP_ANONYMOUS|MAP_NORESERVE, -1, 0 <unfinished ...>
16672 <... munmap resumed>)             = 0
16671 <... mmap resumed>)               = 0x100040200000
16670 munmap(0x1000c0200000, 16384 <unfinished ...>
16669 <... munmap resumed>)             = 0
16668 <... munmap resumed>)             = 0
16662 <... mmap resumed>)               = 0x100040600000
16658 <... munmap resumed>)             = 0
16668 mmap(NULL, 16384, PROT_READ|PROT_WRITE, MAP_PRIVATE|MAP_ANONYMOUS|MAP_NORESERVE, -1, 0 <unfinished ...>
16667 <... mmap resumed>)               = 0x100000200000
16658 mmap(NULL, 16384, PROT_READ|PROT_WRITE, MAP_PRIVATE|MAP_ANONYMOUS|MAP_NORESERVE, -1, 0 <unfinished ...>
16672 mmap(NULL, 16384, PROT_READ|PROT_WRITE, MAP_PRIVATE|MAP_ANONYMOUS|MAP_NORESERVE, -1, 0 <unfinished ...>
16668 <... mmap resumed>)               = 0x100140200000
16667 munmap(0x100000200000, 16384 <unfinished ...>
16666 mmap(NULL, 16384, PROT_READ|PROT_WRITE, MAP_PRIVATE|MAP_ANONYMOUS|MAP_NORESERVE, -1, 0 <unfinished ...>
16665 <... mmap resumed>)               = 0x100040400000
16658 <... mmap resumed>)               = 0x100000000000
16671 munmap(0x100040200000, 16384 <unfinished ...>
16669 mmap(NULL, 16384, PROT_READ|PROT_WRITE, MAP_PRIVATE|MAP_ANONYMOUS|MAP_NORESERVE, -1, 0 <unfinished ...>
16662 munmap(0x100040600000, 16384 <unfinished ...>
16661 mmap(NULL, 16384, PROT_READ|PROT_WRITE, MAP_PRIVATE|MAP_ANONYMOUS|MAP_NORESERVE, -1, 0 <unfinished ...>
16660 mmap(NULL, 16384, PROT_READ|PROT_WRITE, MAP_PRIVATE|MAP_ANONYMOUS|MAP_NORESERVE, -1, 0 <unfinished ...>
16657 <... mmap resumed>)               = 0x100080000000
16672 <... mmap resumed>)               = 0x1000c0200000
16671 <... munmap resumed>)             = 0
16670 <... munmap resumed>)             = 0
16669 <... mmap resumed>)               = 0x100100000000
16667 <... munmap resumed>)             = 0
16666 <... mmap resumed>)               = 0x100180000000
16665 munmap(0x100040400000, 16384 <unfinished ...>
16664 <... munmap resumed>)             = 0
16663 <... munmap resumed>)             = 0
16662 <... munmap resumed>)             = 0
16661 <... mmap resumed>)               = 0x100040600000
16660 <... mmap resumed>)               = 0x100040200000
16659 <... munmap resumed>)             = 0
16658 munmap(0x100000000000, 16384 <unfinished ...>
16657 munmap(0x100080000000, 16384 <unfinished ...>
16672 munmap(0x1000c0200000, 16384 <unfinished ...>
16671 mmap(NULL, 16384, PROT_READ|PROT_WRITE, MAP_PRIVATE|MAP_ANONYMOUS|MAP_NORESERVE, -1, 0 <unfinished ...>
16670 mmap(NULL, 16384, PROT_READ|PROT_WRITE, MAP_PRIVATE|MAP_ANONYMOUS|MAP_NORESERVE, -1, 0 <unfinished ...>
16669 munmap(0x100100000000, 16384 <unfinished ...>
16668 munmap(0x100140200000, 16384 <unfinished ...>
16667 mmap(NULL, 16384, PROT_READ|PROT_WRITE, MAP_PRIVATE|MAP_ANONYMOUS|MAP_NORESERVE, -1, 0 <unfinished ...>
16666 munmap(0x100180000000, 16384 <unfinished ...>
16665 <... munmap resumed>)             = 0
16664 mmap(NULL, 16384, PROT_READ|PROT_WRITE, MAP_PRIVATE|MAP_ANONYMOUS|MAP_NORESERVE, -1, 0 <unfinished ...>
16663 mmap(NULL, 16384, PROT_READ|PROT_WRITE, MAP_PRIVATE|MAP_ANONYMOUS|MAP_NORESERVE, -1, 0 <unfinished ...>
16662 mmap(NULL, 16384, PROT_READ|PROT_WRITE, MAP_PRIVATE|MAP_ANONYMOUS|MAP_NORESERVE, -1, 0 <unfinished ...>
16661 munmap(0x100040600000, 16384 <unfinished ...>
16660 munmap(0x100040200000, 16384 <unfinished ...>
16659 mmap(NULL, 16384, PROT_READ|PROT_WRITE, MAP_PRIVATE|MAP_ANONYMOUS|MAP_NORESERVE, -1, 0 <unfinished ...>
16658 <... munmap resumed>)             = 0
16657 <... munmap resumed>)             = 0
16672 <... munmap resumed>)             = 0
16671 <... mmap resumed>)               = 0x100080000000
16670 <... mmap resumed>)               = 0x1000c0200000
16669 <... munmap resumed>)             = 0
16668 <... munmap resumed>)             = 0
16667 <... mmap resumed>)               = 0x100100000000
16666 <... munmap resumed>)             = 0
16665 mmap(NULL, 16384, PROT_READ|PROT_WRITE, MAP_PRIVATE|MAP_ANONYMOUS|MAP_NORESERVE, -1, 0 <unfinished ...>
16664 <... mmap resumed>)               = 0x100180000000
16663 <... mmap resumed>)               = 0x100140200000
16662 <... mmap resumed>)               = 0x100000000000
16661 <... munmap resumed>)             = 0
16660 <... munmap resumed>)             = 0
16659 <... mmap resumed>)               = 0x100040600000
16658 mmap(NULL, 16384, PROT_READ|PROT_WRITE, MAP_PRIVATE|MAP_ANONYMOUS|MAP_NORESERVE, -1, 0 <unfinished ...>
16672 mmap(NULL, 16384, PROT_READ|PROT_WRITE, MAP_PRIVATE|MAP_ANONYMOUS|MAP_NORESERVE, -1, 0 <unfinished ...>
16671 munmap(0x100080000000, 16384 <unfinished ...>
16670 munmap(0x1000c0200000, 16384 <unfinished ...>
16669 mmap(NULL, 16384, PROT_READ|PROT_WRITE, MAP_PRIVATE|MAP_ANONYMOUS|MAP_NORESERVE, -1, 0 <unfinished ...>
16668 mmap(NULL, 16384, PROT_READ|PROT_WRITE, MAP_PRIVATE|MAP_ANONYMOUS|MAP_NORESERVE, -1, 0 <unfinished ...>
16667 munmap(0x100100000000, 16384 <unfinished ...>
16666 mmap(NULL, 16384, PROT_READ|PROT_WRITE, MAP_PRIVATE|MAP_ANONYMOUS|MAP_NORESERVE, -1, 0 <unfinished ...>
16665 <... mmap resumed>)               = 0x100040200000
16664 munmap(0x100180000000, 16384 <unfinished ...>
16663 munmap(0x100140200000, 16384 <unfinished ...>
16662 munmap(0x100000000000, 16384 <unfinished ...>
16661 mmap(NULL, 16384, PROT_READ|PROT_WRITE, MAP_PRIVATE|MAP_ANONYMOUS|MAP_NORESERVE, -1, 0 <unfinished ...>
16660 mmap(NULL, 16384, PROT_READ|PROT_WRITE, MAP_PRIVATE|MAP_ANONYMOUS|MAP_NORESERVE, -1, 0 <unfinished ...>
16659 munmap(0x100040600000, 16384 <unfinished ...>
16657 mmap(NULL, 16384, PROT_READ|PROT_WRITE, MAP_PRIVATE|MAP_ANONYMOUS|MAP_NORESERVE, -1, 0 <unfinished ...>
16672 <... mmap resumed>)               = 0x100000200000
16671 <... munmap resumed>)             = 0
16670 <... munmap resumed>)             = 0
16669 <... mmap resumed>)               = 0x1000c0200000
16668 <... mmap resumed>)               = 0x100080000000
16667 <... munmap resumed>)             = 0
16666 <... mmap resumed>)               = 0x100100000000
16665 munmap(0x100040200000, 16384 <unfinished ...>
16664 <... munmap resumed>)             = 0
16658 <... mmap resumed>)               = 0x100040400000
16672 munmap(0x100000200000, 16384 <unfinished ...>
16671 mmap(NULL, 16384, PROT_READ|PROT_WRITE, MAP_PRIVATE|MAP_ANONYMOUS|MAP_NORESERVE, -1, 0 <unfinished ...>
16670 mmap(NULL, 16384, PROT_READ|PROT_WRITE, MAP_PRIVATE|MAP_ANONYMOUS|MAP_NORESERVE, -1, 0 <unfinished ...>
16669 munmap(0x1000c0200000, 16384 <unfinished ...>
16668 munmap(0x100080000000, 16384 <unfinished ...>
16667 mmap(NULL, 16384, PROT_READ|PROT_WRITE, MAP_PRIVATE|MAP_ANONYMOUS|MAP_NORESERVE, -1, 0 <unfinished ...>
16666 munmap(0x100100000000, 16384 <unfinished ...>
16665 <... munmap resumed>)             = 0
16663 <... munmap resumed>)             = 0
16662 <... munmap resumed>)             = 0
16661 <... mmap resumed>)               = 0x100140200000
16660 <... mmap resumed>)               = 0x100040600000
16659 <... munmap resumed>)             = 0
16657 <... mmap resumed>)               = 0x100000000000
16672 <... munmap resumed>)             = 0
16671 <... mmap resumed>)               = 0x100000200000
16670 <... mmap resumed>)               = 0x100040200000
16669 <... munmap resumed>)             = 0
16668 <... munmap resumed>)             = 0
16667 <... mmap resumed>)               = 0x100080000000
16666 <... munmap resumed>)             = 0
16665 mmap(NULL, 16384, PROT_READ|PROT_WRITE, MAP_PRIVATE|MAP_ANONYMOUS|MAP_NORESERVE, -1, 0 <unfinished ...>
16664 mmap(NULL, 16384, PROT_READ|PROT_WRITE, MAP_PRIVATE|MAP_ANONYMOUS|MAP_NORESERVE, -1, 0 <unfinished ...>
16663 mmap(NULL, 16384, PROT_READ|PROT_WRITE, MAP_PRIVATE|MAP_ANONYMOUS|MAP_NORESERVE, -1, 0 <unfinished ...>
16662 mmap(NULL, 16384, PROT_READ|PROT_WRITE, MAP_PRIVATE|MAP_ANONYMOUS|MAP_NORESERVE, -1, 0 <unfinished ...>
16661 munmap(0x100140200000, 16384 <unfinished ...>
16660 munmap(0x100040600000, 16384 <unfinished ...>
16659 mmap(NULL, 16384, PROT_READ|PROT_WRITE, MAP_PRIVATE|MAP_ANONYMOUS|MAP_NORESERVE, -1, 0 <unfinished ...>
16658 munmap(0x100040400000, 16384 <unfinished ...>
16672 mmap(NULL, 16384, PROT_READ|PROT_WRITE, MAP_PRIVATE|MAP_ANONYMOUS|MAP_NORESERVE, -1, 0 <unfinished ...>
16671 munmap(0x100000200000, 16384 <unfinished ...>
16670 munmap(0x100040200000, 16384 <unfinished ...>
16669 mmap(NULL, 16384, PROT_READ|PROT_WRITE, MAP_PRIVATE|MAP_ANONYMOUS|MAP_NORESERVE, -1, 0 <unfinished ...>
16668 mmap(NULL, 16384, PROT_READ|PROT_WRITE, MAP_PRIVATE|MAP_ANONYMOUS|MAP_NORESERVE, -1, 0 <unfinished ...>
16667 munmap(0x100080000000, 16384 <unfinished ...>
16666 mmap(NULL, 16384, PROT_READ|PROT_WRITE, MAP_PRIVATE|MAP_ANONYMOUS|MAP_NORESERVE, -1, 0 <unfinished ...>
16665 <... mmap resumed>)               = 0x100100000000
16664 <... mmap resumed>)               = 0x1000c0200000
16663 <... mmap resumed>)               = 0x1000c0000000
16662 <... mmap resumed>)               = 0x100180000000
16661 <... munmap resumed>)             = 0
16657 munmap(0x100000000000, 16384 <unfinished ...>
16672 <... mmap resumed>)               = 0x100040600000
16671 <... munmap resumed>)             = 0
16670 <... munmap resumed>)             = 0
16669 <... mmap resumed>)               = 0x100000200000
16668 <... mmap resumed>)               = 0x100040200000
16667 <... munmap resumed>)             = 0
16666 <... mmap resumed>)               = 0x100080000000
16665 munmap(0x100100000000, 16384 <unfinished ...>
16664 munmap(0x1000c0200000, 16384 <unfinished ...>
16663 munmap(0x1000c0000000, 16384 <unfinished ...>
16661 mmap(NULL, 16384, PROT_READ|PROT_WRITE, MAP_PRIVATE|MAP_ANONYMOUS|MAP_NORESERVE, -1, 0 <unfinished ...>
16660 <... munmap resumed>)             = 0
16659 <... mmap resumed>)               = 0x100140200000
16658 <... munmap resumed>)             = 0
16672 munmap(0x100040600000, 16384 <unfinished ...>
16671 mmap(NULL, 16384, PROT_READ|PROT_WRITE, MAP_PRIVATE|MAP_ANONYMOUS|MAP_NORESERVE, -1, 0 <unfinished ...>
16670 mmap(NULL, 16384, PROT_READ|PROT_WRITE, MAP_PRIVATE|MAP_ANONYMOUS|MAP_NORESERVE, -1, 0 <unfinished ...>
16669 munmap(0x100000200000, 16384 <unfinished ...>
16667 mmap(NULL, 16384, PROT_READ|PROT_WRITE, MAP_PRIVATE|MAP_ANONYMOUS|MAP_NORESERVE, -1, 0 <unfinished ...>
16666 munmap(0x100080000000, 16384 <unfinished ...>
16665 <... munmap resumed>)             = 0
16664 <... munmap resumed>)             = 0
16663 <... munmap resumed>)             = 0
16662 munmap(0x100180000000, 16384 <unfinished ...>
16661 <... mmap resumed>)               = 0x1000c0200000
16660 mmap(NULL, 16384, PROT_READ|PROT_WRITE, MAP_PRIVATE|MAP_ANONYMOUS|MAP_NORESERVE, -1, 0 <unfinished ...>
16657 <... munmap resumed>)             = 0
16672 <... munmap resumed>)             = 0
16671 <... mmap resumed>)               = 0x100000200000
16670 <... mmap resumed>)               = 0x100040600000
16669 <... munmap resumed>)             = 0
16668 munmap(0x100040200000, 16384 <unfinished ...>
16667 <... mmap resumed>)               = 0x100080000000
16666 <... munmap resumed>)             = 0
16665 mmap(NULL, 16384, PROT_READ|PROT_WRITE, MAP_PRIVATE|MAP_ANONYMOUS|MAP_NORESERVE, -1, 0 <unfinished ...>
16664 mmap(NULL, 16384, PROT_READ|PROT_WRITE, MAP_PRIVATE|MAP_ANONYMOUS|MAP_NORESERVE, -1, 0 <unfinished ...>
16663 mmap(NULL, 16384, PROT_READ|PROT_WRITE, MAP_PRIVATE|MAP_ANONYMOUS|MAP_NORESERVE, -1, 0 <unfinished ...>
16662 <... munmap resumed>)             = 0
16661 munmap(0x1000c0200000, 16384 <unfinished ...>
16660 <... mmap resumed>)               = 0x100180000000
16659 munmap(0x100140200000, 16384 <unfinished ...>
16658 mmap(NULL, 16384, PROT_READ|PROT_WRITE, MAP_PRIVATE|MAP_ANONYMOUS|MAP_NORESERVE, -1, 0 <unfinished ...>
16672 mmap(NULL, 16384, PROT_READ|PROT_WRITE, MAP_PRIVATE|MAP_ANONYMOUS|MAP_NORESERVE, -1, 0 <unfinished ...>
16671 munmap(0x100000200000, 16384 <unfinished ...>
16670 munmap(0x100040600000, 16384 <unfinished ...>
16669 mmap(NULL, 16384, PROT_READ|PROT_WRITE, MAP_PRIVATE|MAP_ANONYMOUS|MAP_NORESERVE, -1, 0 <unfinished ...>
16668 <... munmap resumed>)             = 0
16667 munmap(0x100080000000, 16384 <unfinished ...>
16666 mmap(NULL, 16384, PROT_READ|PROT_WRITE, MAP_PRIVATE|MAP_ANONYMOUS|MAP_NORESERVE, -1, 0 <unfinished ...>
16665 <... mmap resumed>)               = 0x100040200000
16664 <... mmap resumed>)               = 0x1000c0000000
16663 <... mmap resumed>)               = 0x100100000000
16662 mmap(NULL, 16384, PROT_READ|PROT_WRITE, MAP_PRIVATE|MAP_ANONYMOUS|MAP_NORESERVE, -1, 0 <unfinished ...>
16661 <... munmap resumed>)             = 0
16660 munmap(0x100180000000, 16384 <unfinished ...>
16659 <... munmap resumed>)             = 0
16657 mmap(NULL, 16384, PROT_READ|PROT_WRITE, MAP_PRIVATE|MAP_ANONYMOUS|MAP_NORESERVE, -1, 0 <unfinished ...>
16672 <... mmap resumed>)               = 0x1000c0200000
16671 <... munmap resumed>)             = 0
16670 <... munmap resumed>)             = 0
16669 <... mmap resumed>)               = 0x100000200000
16668 mmap(NULL, 16384, PROT_READ|PROT_WRITE, MAP_PRIVATE|MAP_ANONYMOUS|MAP_NORESERVE, -1, 0 <unfinished ...>
16667 <... munmap resumed>)             = 0
16666 <... mmap resumed>)               = 0x100080000000
16661 mmap(NULL, 16384, PROT_READ|PROT_WRITE, MAP_PRIVATE|MAP_ANONYMOUS|MAP_NORESERVE, -1, 0 <unfinished ...>
16658 <... mmap resumed>)               = 0x100140200000
16672 munmap(0x1000c0200000, 16384 <unfinished ...>
16671 mmap(NULL, 16384, PROT_READ|PROT_WRITE, MAP_PRIVATE|MAP_ANONYMOUS|MAP_NORESERVE, -1, 0 <unfinished ...>
16670 mmap(NULL, 16384, PROT_READ|PROT_WRITE, MAP_PRIVATE|MAP_ANONYMOUS|MAP_NORESERVE, -1, 0 <unfinished ...>
16669 munmap(0x100000200000, 16384 <unfinished ...>
16668 <... mmap resumed>)               = 0x100040600000
16667 mmap(NULL, 16384, PROT_READ|PROT_WRITE, MAP_PRIVATE|MAP_ANONYMOUS|MAP_NORESERVE, -1, 0 <unfinished ...>
16665 munmap(0x100040200000, 16384 <unfinished ...>
16664 munmap(0x1000c0000000, 16384 <unfinished ...>
16663 munmap(0x100100000000, 16384 <unfinished ...>
16662 <... mmap resumed>)               = 0x100000000000
16661 <... mmap resumed>)               = 0x100040400000
16660 <... munmap resumed>)             = 0
16659 mmap(NULL, 16384, PROT_READ|PROT_WRITE, MAP_PRIVATE|MAP_ANONYMOUS|MAP_NORESERVE, -1, 0 <unfinished ...>
16657 <... mmap resumed>)               = 0x100180000000
16672 <... munmap resumed>)             = 0
16671 <... mmap resumed>)               = 0x100040000000
16670 <... mmap resumed>)               = 0x1000c0200000
16669 <... munmap resumed>)             = 0
16668 munmap(0x100040600000, 16384 <unfinished ...>
16667 <... mmap resumed>)               = 0x100000200000
16666 munmap(0x100080000000, 16384 <unfinished ...>
16665 <... munmap resumed>)             = 0
16664 <... munmap resumed>)             = 0
16663 <... munmap resumed>)             = 0
16662 munmap(0x100000000000, 16384 <unfinished ...>
16661 munmap(0x100040400000, 16384 <unfinished ...>
16658 munmap(0x100140200000, 16384 <unfinished ...>
16672 mmap(NULL, 16384, PROT_READ|PROT_WRITE, MAP_PRIVATE|MAP_ANONYMOUS|MAP_NORESERVE, -1, 0 <unfinished ...>
16671 munmap(0x100040000000, 16384 <unfinished ...>
16670 munmap(0x1000c0200000, 16384 <unfinished ...>
16669 mmap(NULL, 16384, PROT_READ|PROT_WRITE, MAP_PRIVATE|MAP_ANONYMOUS|MAP_NORESERVE, -1, 0 <unfinished ...>
16668 <... munmap resumed>)             = 0
16667 munmap(0x100000200000, 16384 <unfinished ...>
16666 <... munmap resumed>)             = 0
16665 mmap(NULL, 16384, PROT_READ|PROT_WRITE, MAP_PRIVATE|MAP_ANONYMOUS|MAP_NORESERVE, -1, 0 <unfinished ...>
16664 mmap(NULL, 16384, PROT_READ|PROT_WRITE, MAP_PRIVATE|MAP_ANONYMOUS|MAP_NORESERVE, -1, 0 <unfinished ...>
16663 mmap(NULL, 16384, PROT_READ|PROT_WRITE, MAP_PRIVATE|MAP_ANONYMOUS|MAP_NORESERVE, -1, 0 <unfinished ...>
16662 <... munmap resumed>)             = 0
16660 mmap(NULL, 16384, PROT_READ|PROT_WRITE, MAP_PRIVATE|MAP_ANONYMOUS|MAP_NORESERVE, -1, 0 <unfinished ...>
16659 <... mmap resumed>)               = 0x100100000000
16661 <... munmap resumed>)             = 0
16657 munmap(0x100180000000, 16384 <unfinished ...>
16672 <... mmap resumed>)               = 0x100140200000
16671 <... munmap resumed>)             = 0
16670 <... munmap resumed>)             = 0
16669 <... mmap resumed>)               = 0x1000c0200000
16668 mmap(NULL, 16384, PROT_READ|PROT_WRITE, MAP_PRIVATE|MAP_ANONYMOUS|MAP_NORESERVE, -1, 0 <unfinished ...>
16667 <... munmap resumed>)             = 0
16666 mmap(NULL, 16384, PROT_READ|PROT_WRITE, MAP_PRIVATE|MAP_ANONYMOUS|MAP_NORESERVE, -1, 0 <unfinished ...>
16665 <... mmap resumed>)               = 0x100040400000
16664 <... mmap resumed>)               = 0x100000000000
16663 <... mmap resumed>)               = 0x100040000000
16662 mmap(NULL, 16384, PROT_READ|PROT_WRITE, MAP_PRIVATE|MAP_ANONYMOUS|MAP_NORESERVE, -1, 0 <unfinished ...>
16661 mmap(NULL, 16384, PROT_READ|PROT_WRITE, MAP_PRIVATE|MAP_ANONYMOUS|MAP_NORESERVE, -1, 0 <unfinished ...>
16658 <... munmap resumed>)             = 0
16657 <... munmap resumed>)             = 0
16660 <... mmap resumed>)               = 0x100180000000
16672 munmap(0x100140200000, 16384 <unfinished ...>
16671 mmap(NULL, 16384, PROT_READ|PROT_WRITE, MAP_PRIVATE|MAP_ANONYMOUS|MAP_NORESERVE, -1, 0 <unfinished ...>
16670 mmap(NULL, 16384, PROT_READ|PROT_WRITE, MAP_PRIVATE|MAP_ANONYMOUS|MAP_NORESERVE, -1, 0 <unfinished ...>
16669 munmap(0x1000c0200000, 16384 <unfinished ...>
16668 <... mmap resumed>)               = 0x100000200000
16667 mmap(NULL, 16384, PROT_READ|PROT_WRITE, MAP_PRIVATE|MAP_ANONYMOUS|MAP_NORESERVE, -1, 0 <unfinished ...>
16666 <... mmap resumed>)               = 0x100080000000
16665 munmap(0x100040400000, 16384 <unfinished ...>
16664 munmap(0x100000000000, 16384 <unfinished ...>
16663 munmap(0x100040000000, 16384 <unfinished ...>
16662 <... mmap resumed>)               = 0x100040600000
16659 munmap(0x100100000000, 16384 <unfinished ...>
16658 mmap(NULL, 16384, PROT_READ|PROT_WRITE, MAP_PRIVATE|MAP_ANONYMOUS|MAP_NORESERVE, -1, 0 <unfinished ...>
16657 mmap(NULL, 16384, PROT_READ|PROT_WRITE, MAP_PRIVATE|MAP_ANONYMOUS|MAP_NORESERVE, -1, 0 <unfinished ...>
16672 <... munmap resumed>)             = 0
16671 <... mmap resumed>)               = 0x100140200000
16670 <... mmap resumed>)               = 0x100040200000
16669 <... munmap resumed>)             = 0
16668 munmap(0x100000200000, 16384 <unfinished ...>
16667 <... mmap resumed>)               = 0x100100200000
16666 munmap(0x100080000000, 16384 <unfinished ...>
16665 <... munmap resumed>)             = 0
16664 <... munmap resumed>)             = 0
16663 <... munmap resumed>)             = 0
16662 munmap(0x100040600000, 16384 <unfinished ...>
16661 <... mmap resumed>)               = 0x1000c0000000
16660 munmap(0x100180000000, 16384 <unfinished ...>
16659 <... munmap resumed>)             = 0
16658 <... mmap resumed>)               = 0x100100000000
16672 mmap(NULL, 16384, PROT_READ|PROT_WRITE, MAP_PRIVATE|MAP_ANONYMOUS|MAP_NORESERVE, -1, 0 <unfinished ...>
16671 munmap(0x100140200000, 16384 <unfinished ...>
16670 munmap(0x100040200000, 16384 <unfinished ...>
16668 <... munmap resumed>)             = 0
16665 mmap(NULL, 16384, PROT_READ|PROT_WRITE, MAP_PRIVATE|MAP_ANONYMOUS|MAP_NORESERVE, -1, 0 <unfinished ...>
16663 mmap(NULL, 16384, PROT_READ|PROT_WRITE, MAP_PRIVATE|MAP_ANONYMOUS|MAP_NORESERVE, -1, 0 <unfinished ...>
16662 <... munmap resumed>)             = 0
16661 munmap(0x1000c0000000, 16384 <unfinished ...>
16666 <... munmap resumed>)             = 0
16658 munmap(0x100100000000, 16384 <unfinished ...>
16657 <... mmap resumed>)               = 0x100000200000
16672 <... mmap resumed>)               = 0x100080000000
16671 <... munmap resumed>)             = 0
16670 <... munmap resumed>)             = 0
16669 mmap(NULL, 16384, PROT_READ|PROT_WRITE, MAP_PRIVATE|MAP_ANONYMOUS|MAP_NORESERVE, -1, 0 <unfinished ...>
16668 mmap(NULL, 16384, PROT_READ|PROT_WRITE, MAP_PRIVATE|MAP_ANONYMOUS|MAP_NORESERVE, -1, 0 <unfinished ...>
16667 munmap(0x100100200000, 16384 <unfinished ...>
16666 mmap(NULL, 16384, PROT_READ|PROT_WRITE, MAP_PRIVATE|MAP_ANONYMOUS|MAP_NORESERVE, -1, 0 <unfinished ...>
16665 <... mmap resumed>)               = 0x100140200000
16664 mmap(NULL, 16384, PROT_READ|PROT_WRITE, MAP_PRIVATE|MAP_ANONYMOUS|MAP_NORESERVE, -1, 0 <unfinished ...>
16663 <... mmap resumed>)               = 0x100040200000
16662 mmap(NULL, 16384, PROT_READ|PROT_WRITE, MAP_PRIVATE|MAP_ANONYMOUS|MAP_NORESERVE, -1, 0 <unfinished ...>
16661 <... munmap resumed>)             = 0
16660 <... munmap resumed>)             = 0
16659 mmap(NULL, 16384, PROT_READ|PROT_WRITE, MAP_PRIVATE|MAP_ANONYMOUS|MAP_NORESERVE, -1, 0 <unfinished ...>
16658 <... munmap resumed>)             = 0
16672 munmap(0x100080000000, 16384 <unfinished ...>
16671 mmap(NULL, 16384, PROT_READ|PROT_WRITE, MAP_PRIVATE|MAP_ANONYMOUS|MAP_NORESERVE, -1, 0 <unfinished ...>
16670 mmap(NULL, 16384, PROT_READ|PROT_WRITE, MAP_PRIVATE|MAP_ANONYMOUS|MAP_NORESERVE, -1, 0 <unfinished ...>
16669 <... mmap resumed>)               = 0x1000c0000000
16668 <... mmap resumed>)               = 0x100180000000
16667 <... munmap resumed>)             = 0
16666 <... mmap resumed>)               = 0x100100000000
16665 munmap(0x100140200000, 16384 <unfinished ...>
16664 <... mmap resumed>)               = 0x100100200000
16663 munmap(0x100040200000, 16384 <unfinished ...>
16662 <... mmap resumed>)               = 0x100040600000
16661 mmap(NULL, 16384, PROT_READ|PROT_WRITE, MAP_PRIVATE|MAP_ANONYMOUS|MAP_NORESERVE, -1, 0 <unfinished ...>
16657 munmap(0x100000200000, 16384 <unfinished ...>
16672 <... munmap resumed>)             = 0
16671 <... mmap resumed>)               = 0x100040000000
16670 <... mmap resumed>)               = 0x100080000000
16669 munmap(0x1000c0000000, 16384 <unfinished ...>
16668 munmap(0x100180000000, 16384 <unfinished ...>
16667 mmap(NULL, 16384, PROT_READ|PROT_WRITE, MAP_PRIVATE|MAP_ANONYMOUS|MAP_NORESERVE, -1, 0 <unfinished ...>
16666 munmap(0x100100000000, 16384 <unfinished ...>
16665 <... munmap resumed>)             = 0
16664 munmap(0x100100200000, 16384 <unfinished ...>
16663 <... munmap resumed>)             = 0
16660 mmap(NULL, 16384, PROT_READ|PROT_WRITE, MAP_PRIVATE|MAP_ANONYMOUS|MAP_NORESERVE, -1, 0 <unfinished ...>
16659 <... mmap resumed>)               = 0x100000000000
16658 mmap(NULL, 16384, PROT_READ|PROT_WRITE, MAP_PRIVATE|MAP_ANONYMOUS|MAP_NORESERVE, -1, 0 <unfinished ...>
16672 mmap(NULL, 16384, PROT_READ|PROT_WRITE, MAP_PRIVATE|MAP_ANONYMOUS|MAP_NORESERVE, -1, 0 <unfinished ...>
16671 munmap(0x100040000000, 16384 <unfinished ...>
16670 munmap(0x100080000000, 16384 <unfinished ...>
16669 <... munmap resumed>)             = 0
16668 <... munmap resumed>)             = 0
16667 <... mmap resumed>)               = 0x100100200000
16666 <... munmap resumed>)             = 0
16665 mmap(NULL, 16384, PROT_READ|PROT_WRITE, MAP_PRIVATE|MAP_ANONYMOUS|MAP_NORESERVE, -1, 0 <unfinished ...>
16664 <... munmap resumed>)             = 0
16663 mmap(NULL, 16384, PROT_READ|PROT_WRITE, MAP_PRIVATE|MAP_ANONYMOUS|MAP_NORESERVE, -1, 0 <unfinished ...>
16662 munmap(0x100040600000, 16384 <unfinished ...>
16661 <... mmap resumed>)               = 0x100000200000
16660 <... mmap resumed>)               = 0x100100000000
16659 munmap(0x100000000000, 16384 <unfinished ...>
16658 <... mmap resumed>)               = 0x1000c0000000
16657 <... munmap resumed>)             = 0
16672 <... mmap resumed>)               = 0x100180000000
16671 <... munmap resumed>)             = 0
16670 <... munmap resumed>)             = 0
16669 mmap(NULL, 16384, PROT_READ|PROT_WRITE, MAP_PRIVATE|MAP_ANONYMOUS|MAP_NORESERVE, -1, 0 <unfinished ...>
16668 mmap(NULL, 16384, PROT_READ|PROT_WRITE, MAP_PRIVATE|MAP_ANONYMOUS|MAP_NORESERVE, -1, 0 <unfinished ...>
16667 munmap(0x100100200000, 16384 <unfinished ...>
16666 mmap(NULL, 16384, PROT_READ|PROT_WRITE, MAP_PRIVATE|MAP_ANONYMOUS|MAP_NORESERVE, -1, 0 <unfinished ...>
16665 <... mmap resumed>)               = 0x100080000000
16664 mmap(NULL, 16384, PROT_READ|PROT_WRITE, MAP_PRIVATE|MAP_ANONYMOUS|MAP_NORESERVE, -1, 0 <unfinished ...>
16663 <... mmap resumed>)               = 0x100040000000
16662 <... munmap resumed>)             = 0
16661 munmap(0x100000200000, 16384 <unfinished ...>
16660 munmap(0x100100000000, 16384 <unfinished ...>
16658 munmap(0x1000c0000000, 16384 <unfinished ...>
16672 munmap(0x100180000000, 16384 <unfinished ...>
16671 mmap(NULL, 16384, PROT_READ|PROT_WRITE, MAP_PRIVATE|MAP_ANONYMOUS|MAP_NORESERVE, -1, 0 <unfinished ...>
16670 mmap(NULL, 16384, PROT_READ|PROT_WRITE, MAP_PRIVATE|MAP_ANONYMOUS|MAP_NORESERVE, -1, 0 <unfinished ...>
16669 <... mmap resumed>)               = 0x100000000000
16668 <... mmap resumed>)               = 0x100040600000
16667 <... munmap resumed>)             = 0
16666 <... mmap resumed>)               = 0x100000200000
16665 munmap(0x100080000000, 16384 <unfinished ...>
16664 <... mmap resumed>)               = 0x100100200000
16663 munmap(0x100040000000, 16384 <unfinished ...>
16661 <... munmap resumed>)             = 0
16660 <... munmap resumed>)             = 0
16659 <... munmap resumed>)             = 0
16657 mmap(NULL, 16384, PROT_READ|PROT_WRITE, MAP_PRIVATE|MAP_ANONYMOUS|MAP_NORESERVE, -1, 0 <unfinished ...>
16672 <... munmap resumed>)             = 0
16671 <... mmap resumed>)               = 0x1000c0000000
16670 <... mmap resumed>)               = 0x100180000000
16669 munmap(0x100000000000, 16384 <unfinished ...>
16668 munmap(0x100040600000, 16384 <unfinished ...>
16667 mmap(NULL, 16384, PROT_READ|PROT_WRITE, MAP_PRIVATE|MAP_ANONYMOUS|MAP_NORESERVE, -1, 0 <unfinished ...>
16666 munmap(0x100000200000, 16384 <unfinished ...>
16665 <... munmap resumed>)             = 0
16664 munmap(0x100100200000, 16384 <unfinished ...>
16663 <... munmap resumed>)             = 0
16662 mmap(NULL, 16384, PROT_READ|PROT_WRITE, MAP_PRIVATE|MAP_ANONYMOUS|MAP_NORESERVE, -1, 0 <unfinished ...>
16660 mmap(NULL, 16384, PROT_READ|PROT_WRITE, MAP_PRIVATE|MAP_ANONYMOUS|MAP_NORESERVE, -1, 0 <unfinished ...>
16658 <... munmap resumed>)             = 0
16672 mmap(NULL, 16384, PROT_READ|PROT_WRITE, MAP_PRIVATE|MAP_ANONYMOUS|MAP_NORESERVE, -1, 0 <unfinished ...>
16671 munmap(0x1000c0000000, 16384 <unfinished ...>
16670 munmap(0x100180000000, 16384 <unfinished ...>
16669 <... munmap resumed>)             = 0
16668 <... munmap resumed>)             = 0
16667 <... mmap resumed>)               = 0x100000000000
16666 <... munmap resumed>)             = 0
16665 mmap(NULL, 16384, PROT_READ|PROT_WRITE, MAP_PRIVATE|MAP_ANONYMOUS|MAP_NORESERVE, -1, 0 <unfinished ...>
16664 <... munmap resumed>)             = 0
16663 mmap(NULL, 16384, PROT_READ|PROT_WRITE, MAP_PRIVATE|MAP_ANONYMOUS|MAP_NORESERVE, -1, 0 <unfinished ...>
16661 mmap(NULL, 16384, PROT_READ|PROT_WRITE, MAP_PRIVATE|MAP_ANONYMOUS|MAP_NORESERVE, -1, 0 <unfinished ...>
16659 mmap(NULL, 16384, PROT_READ|PROT_WRITE, MAP_PRIVATE|MAP_ANONYMOUS|MAP_NORESERVE, -1, 0 <unfinished ...>
16657 <... mmap resumed>)               = 0x100040000000
16672 <... mmap resumed>)               = 0x100000200000
16671 <... munmap resumed>)             = 0
16670 <... munmap resumed>)             = 0
16669 mmap(NULL, 16384, PROT_READ|PROT_WRITE, MAP_PRIVATE|MAP_ANONYMOUS|MAP_NORESERVE, -1, 0 <unfinished ...>
16668 mmap(NULL, 16384, PROT_READ|PROT_WRITE, MAP_PRIVATE|MAP_ANONYMOUS|MAP_NORESERVE, -1, 0 <unfinished ...>
16667 munmap(0x100000000000, 16384 <unfinished ...>
16666 mmap(NULL, 16384, PROT_READ|PROT_WRITE, MAP_PRIVATE|MAP_ANONYMOUS|MAP_NORESERVE, -1, 0 <unfinished ...>
16665 <... mmap resumed>)               = 0x1000c0000000
16664 mmap(NULL, 16384, PROT_READ|PROT_WRITE, MAP_PRIVATE|MAP_ANONYMOUS|MAP_NORESERVE, -1, 0 <unfinished ...>
16663 <... mmap resumed>)               = 0x100040600000
16662 <... mmap resumed>)               = 0x100100200000
16661 <... mmap resumed>)               = 0x100080000000
16660 <... mmap resumed>)               = 0x100180000000
16658 mmap(NULL, 16384, PROT_READ|PROT_WRITE, MAP_PRIVATE|MAP_ANONYMOUS|MAP_NORESERVE, -1, 0 <unfinished ...>
16672 munmap(0x100000200000, 16384 <unfinished ...>
16671 mmap(NULL, 16384, PROT_READ|PROT_WRITE, MAP_PRIVATE|MAP_ANONYMOUS|MAP_NORESERVE, -1, 0 <unfinished ...>
16670 mmap(NULL, 16384, PROT_READ|PROT_WRITE, MAP_PRIVATE|MAP_ANONYMOUS|MAP_NORESERVE, -1, 0 <unfinished ...>
16669 <... mmap resumed>)               = 0x100040200000
16668 <... mmap resumed>)               = 0x100140200000
16667 <... munmap resumed>)             = 0
16666 <... mmap resumed>)               = 0x100000000000
16665 munmap(0x1000c0000000, 16384 <unfinished ...>
16664 <... mmap resumed>)               = 0x100040400000
16663 munmap(0x100040600000, 16384 <unfinished ...>
16662 munmap(0x100100200000, 16384 <unfinished ...>
16659 <... mmap resumed>)               = 0x100100000000
16657 munmap(0x100040000000, 16384 <unfinished ...>
16668 munmap(0x100140200000, 16384 <unfinished ...>
16666 munmap(0x100000000000, 16384 <unfinished ...>
16661 munmap(0x100080000000, 16384 <unfinished ...>
16668 <... munmap resumed>)             = 0
16662 <... munmap resumed>)             = 0
16666 <... munmap resumed>)             = 0
16661 <... munmap resumed>)             = 0
16668 mmap(NULL, 16384, PROT_READ|PROT_WRITE, MAP_PRIVATE|MAP_ANONYMOUS|MAP_NORESERVE, -1, 0 <unfinished ...>
16672 <... munmap resumed>)             = 0
16665 <... munmap resumed>)             = 0
16662 mmap(NULL, 16384, PROT_READ|PROT_WRITE, MAP_PRIVATE|MAP_ANONYMOUS|MAP_NORESERVE, -1, 0 <unfinished ...>
16660 munmap(0x100180000000, 16384 <unfinished ...>
16668 <... mmap resumed>)               = 0x100000200000
16666 mmap(NULL, 16384, PROT_READ|PROT_WRITE, MAP_PRIVATE|MAP_ANONYMOUS|MAP_NORESERVE, -1, 0 <unfinished ...>
16671 <... mmap resumed>)               = 0x100000000000
16664 munmap(0x100040400000, 16384 <unfinished ...>
16672 mmap(NULL, 16384, PROT_READ|PROT_WRITE, MAP_PRIVATE|MAP_ANONYMOUS|MAP_NORESERVE, -1, 0 <unfinished ...>
16662 <... mmap resumed>)               = 0x100080000000
16661 mmap(NULL, 16384, PROT_READ|PROT_WRITE, MAP_PRIVATE|MAP_ANONYMOUS|MAP_NORESERVE, -1, 0 <unfinished ...>
16658 <... mmap resumed>)               = 0x1000c0000000
16670 <... mmap resumed>)               = 0x100140200000
16672 <... mmap resumed>)               = 0x100040400000
16669 munmap(0x100040200000, 16384 <unfinished ...>
16668 munmap(0x100000200000, 16384 <unfinished ...>
16667 mmap(NULL, 16384, PROT_READ|PROT_WRITE, MAP_PRIVATE|MAP_ANONYMOUS|MAP_NORESERVE, -1, 0 <unfinished ...>
16666 <... mmap resumed>)               = 0x100180000000
16665 mmap(NULL, 16384, PROT_READ|PROT_WRITE, MAP_PRIVATE|MAP_ANONYMOUS|MAP_NORESERVE, -1, 0 <unfinished ...>
16664 <... munmap resumed>)             = 0
16663 <... munmap resumed>)             = 0
16660 <... munmap resumed>)             = 0
16659 munmap(0x100100000000, 16384 <unfinished ...>
16657 <... munmap resumed>)             = 0
16672 munmap(0x100040400000, 16384 <unfinished ...>
16671 munmap(0x100000000000, 16384 <unfinished ...>
16670 munmap(0x100140200000, 16384 <unfinished ...>
16669 <... munmap resumed>)             = 0
16668 <... munmap resumed>)             = 0
16667 <... mmap resumed>)               = 0x100040200000
16666 munmap(0x100180000000, 16384 <unfinished ...>
16665 <... mmap resumed>)               = 0x100000200000
16664 mmap(NULL, 16384, PROT_READ|PROT_WRITE, MAP_PRIVATE|MAP_ANONYMOUS|MAP_NORESERVE, -1, 0 <unfinished ...>
16663 mmap(NULL, 16384, PROT_READ|PROT_WRITE, MAP_PRIVATE|MAP_ANONYMOUS|MAP_NORESERVE, -1, 0 <unfinished ...>
16662 munmap(0x100080000000, 16384 <unfinished ...>
16661 <... mmap resumed>)               = 0x100040000000
16660 mmap(NULL, 16384, PROT_READ|PROT_WRITE, MAP_PRIVATE|MAP_ANONYMOUS|MAP_NORESERVE, -1, 0 <unfinished ...>
16658 munmap(0x1000c0000000, 16384 <unfinished ...>
16672 <... munmap resumed>)             = 0
16671 <... munmap resumed>)             = 0
16670 <... munmap resumed>)             = 0
16669 mmap(NULL, 16384, PROT_READ|PROT_WRITE, MAP_PRIVATE|MAP_ANONYMOUS|MAP_NORESERVE, -1, 0 <unfinished ...>
16668 mmap(NULL, 16384, PROT_READ|PROT_WRITE, MAP_PRIVATE|MAP_ANONYMOUS|MAP_NORESERVE, -1, 0 <unfinished ...>
16667 munmap(0x100040200000, 16384 <unfinished ...>
16666 <... munmap resumed>)             = 0
16664 <... mmap resumed>)               = 0x100180000000
16661 munmap(0x100040000000, 16384 <unfinished ...>
16659 <... munmap resumed>)             = 0
16657 mmap(NULL, 16384, PROT_READ|PROT_WRITE, MAP_PRIVATE|MAP_ANONYMOUS|MAP_NORESERVE, -1, 0 <unfinished ...>
16672 mmap(NULL, 16384, PROT_READ|PROT_WRITE, MAP_PRIVATE|MAP_ANONYMOUS|MAP_NORESERVE, -1, 0 <unfinished ...>
16671 mmap(NULL, 16384, PROT_READ|PROT_WRITE, MAP_PRIVATE|MAP_ANONYMOUS|MAP_NORESERVE, -1, 0 <unfinished ...>
16670 mmap(NULL, 16384, PROT_READ|PROT_WRITE, MAP_PRIVATE|MAP_ANONYMOUS|MAP_NORESERVE, -1, 0 <unfinished ...>
16669 <... mmap resumed>)               = 0x100000000000
16668 <... mmap resumed>)               = 0x1000c0000000
16667 <... munmap resumed>)             = 0
16666 mmap(NULL, 16384, PROT_READ|PROT_WRITE, MAP_PRIVATE|MAP_ANONYMOUS|MAP_NORESERVE, -1, 0 <unfinished ...>
16665 munmap(0x100000200000, 16384 <unfinished ...>
16664 munmap(0x100180000000, 16384 <unfinished ...>
16663 <... mmap resumed>)               = 0x100080000000
16662 <... munmap resumed>)             = 0
16661 <... munmap resumed>)             = 0
16660 <... mmap resumed>)               = 0x100140200000
16658 <... munmap resumed>)             = 0
16672 <... mmap resumed>)               = 0x100040200000
16671 <... mmap resumed>)               = 0x100100000000
16670 <... mmap resumed>)               = 0x100040400000
16669 munmap(0x100000000000, 16384 <unfinished ...>
16668 munmap(0x1000c0000000, 16384 <unfinished ...>
16667 mmap(NULL, 16384, PROT_READ|PROT_WRITE, MAP_PRIVATE|MAP_ANONYMOUS|MAP_NORESERVE, -1, 0 <unfinished ...>
16666 <... mmap resumed>)               = 0x100040600000
16665 <... munmap resumed>)             = 0
16664 <... munmap resumed>)             = 0
16663 munmap(0x100080000000, 16384 <unfinished ...>
16662 mmap(NULL, 16384, PROT_READ|PROT_WRITE, MAP_PRIVATE|MAP_ANONYMOUS|MAP_NORESERVE, -1, 0 <unfinished ...>
16661 mmap(NULL, 16384, PROT_READ|PROT_WRITE, MAP_PRIVATE|MAP_ANONYMOUS|MAP_NORESERVE, -1, 0 <unfinished ...>
16660 munmap(0x100140200000, 16384 <unfinished ...>
16659 mmap(NULL, 16384, PROT_READ|PROT_WRITE, MAP_PRIVATE|MAP_ANONYMOUS|MAP_NORESERVE, -1, 0 <unfinished ...>
16658 mmap(NULL, 16384, PROT_READ|PROT_WRITE, MAP_PRIVATE|MAP_ANONYMOUS|MAP_NORESERVE, -1, 0 <unfinished ...>
16657 <... mmap resumed>)               = 0x100040000000
16672 munmap(0x100040200000, 16384 <unfinished ...>
16671 munmap(0x100100000000, 16384 <unfinished ...>
16670 munmap(0x100040400000, 16384 <unfinished ...>
16669 <... munmap resumed>)             = 0
16668 <... munmap resumed>)             = 0
16667 <... mmap resumed>)               = 0x1000c0000000
16666 munmap(0x100040600000, 16384 <unfinished ...>
16665 mmap(NULL, 16384, PROT_READ|PROT_WRITE, MAP_PRIVATE|MAP_ANONYMOUS|MAP_NORESERVE, -1, 0 <unfinished ...>
16664 mmap(NULL, 16384, PROT_READ|PROT_WRITE, MAP_PRIVATE|MAP_ANONYMOUS|MAP_NORESERVE, -1, 0 <unfinished ...>
16663 <... munmap resumed>)             = 0
16660 <... munmap resumed>)             = 0
16672 <... munmap resumed>)             = 0
16671 <... munmap resumed>)             = 0
16670 <... munmap resumed>)             = 0
16669 mmap(NULL, 16384, PROT_READ|PROT_WRITE, MAP_PRIVATE|MAP_ANONYMOUS|MAP_NORESERVE, -1, 0 <unfinished ...>
16668 mmap(NULL, 16384, PROT_READ|PROT_WRITE, MAP_PRIVATE|MAP_ANONYMOUS|MAP_NORESERVE, -1, 0 <unfinished ...>
16667 munmap(0x1000c0000000, 16384 <unfinished ...>
16666 <... munmap resumed>)             = 0
16665 <... mmap resumed>)               = 0x100040400000
16664 <... mmap resumed>)               = 0x100040600000
16662 <... mmap resumed>)               = 0x100140200000
16661 <... mmap resumed>)               = 0x100100000000
16659 <... mmap resumed>)               = 0x100000000000
16658 <... mmap resumed>)               = 0x100080000000
16657 munmap(0x100040000000, 16384 <unfinished ...>
16672 mmap(NULL, 16384, PROT_READ|PROT_WRITE, MAP_PRIVATE|MAP_ANONYMOUS|MAP_NORESERVE, -1, 0 <unfinished ...>
16671 mmap(NULL, 16384, PROT_READ|PROT_WRITE, MAP_PRIVATE|MAP_ANONYMOUS|MAP_NORESERVE, -1, 0 <unfinished ...>
16670 mmap(NULL, 16384, PROT_READ|PROT_WRITE, MAP_PRIVATE|MAP_ANONYMOUS|MAP_NORESERVE, -1, 0 <unfinished ...>
16669 <... mmap resumed>)               = 0x100040200000
16668 <... mmap resumed>)               = 0x100180000000
16667 <... munmap resumed>)             = 0
16666 mmap(NULL, 16384, PROT_READ|PROT_WRITE, MAP_PRIVATE|MAP_ANONYMOUS|MAP_NORESERVE, -1, 0 <unfinished ...>
16665 munmap(0x100040400000, 16384 <unfinished ...>
16664 munmap(0x100040600000, 16384 <unfinished ...>
16663 mmap(NULL, 16384, PROT_READ|PROT_WRITE, MAP_PRIVATE|MAP_ANONYMOUS|MAP_NORESERVE, -1, 0 <unfinished ...>
16662 munmap(0x100140200000, 16384 <unfinished ...>
16661 munmap(0x100100000000, 16384 <unfinished ...>
16660 mmap(NULL, 16384, PROT_READ|PROT_WRITE, MAP_PRIVATE|MAP_ANONYMOUS|MAP_NORESERVE, -1, 0 <unfinished ...>
16672 <... mmap resumed>)               = 0x100000200000
16671 <... mmap resumed>)               = 0x1000c0000000
16670 <... mmap resumed>)               = 0x100040000000
16669 munmap(0x100040200000, 16384 <unfinished ...>
16668 munmap(0x100180000000, 16384 <unfinished ...>
16667 mmap(NULL, 16384, PROT_READ|PROT_WRITE, MAP_PRIVATE|MAP_ANONYMOUS|MAP_NORESERVE, -1, 0 <unfinished ...>
16666 <... mmap resumed>)               = 0x100100200000
16665 <... munmap resumed>)             = 0
16659 munmap(0x100000000000, 16384 <unfinished ...>
16658 munmap(0x100080000000, 16384 <unfinished ...>
16657 <... munmap resumed>)             = 0
16672 munmap(0x100000200000, 16384 <unfinished ...>
16671 munmap(0x1000c0000000, 16384 <unfinished ...>
16670 munmap(0x100040000000, 16384 <unfinished ...>
16669 <... munmap resumed>)             = 0
16668 <... munmap resumed>)             = 0
16667 <... mmap resumed>)               = 0x100040400000
16666 munmap(0x100100200000, 16384 <unfinished ...>
16665 mmap(NULL, 16384, PROT_READ|PROT_WRITE, MAP_PRIVATE|MAP_ANONYMOUS|MAP_NORESERVE, -1, 0 <unfinished ...>
16664 <... munmap resumed>)             = 0
16663 <... mmap resumed>)               = 0x100140200000
16662 <... munmap resumed>)             = 0
16661 <... munmap resumed>)             = 0
16660 <... mmap resumed>)               = 0x100040600000
16672 <... munmap resumed>)             = 0
16671 <... munmap resumed>)             = 0
16670 <... munmap resumed>)             = 0
16669 mmap(NULL, 16384, PROT_READ|PROT_WRITE, MAP_PRIVATE|MAP_ANONYMOUS|MAP_NORESERVE, -1, 0 <unfinished ...>
16668 mmap(NULL, 16384, PROT_READ|PROT_WRITE, MAP_PRIVATE|MAP_ANONYMOUS|MAP_NORESERVE, -1, 0 <unfinished ...>
16667 munmap(0x100040400000, 16384 <unfinished ...>
16666 <... munmap resumed>)             = 0
16664 mmap(NULL, 16384, PROT_READ|PROT_WRITE, MAP_PRIVATE|MAP_ANONYMOUS|MAP_NORESERVE, -1, 0 <unfinished ...>
16659 <... munmap resumed>)             = 0
16658 <... munmap resumed>)             = 0
16657 mmap(NULL, 16384, PROT_READ|PROT_WRITE, MAP_PRIVATE|MAP_ANONYMOUS|MAP_NORESERVE, -1, 0 <unfinished ...>
16672 mmap(NULL, 16384, PROT_READ|PROT_WRITE, MAP_PRIVATE|MAP_ANONYMOUS|MAP_NORESERVE, -1, 0 <unfinished ...>
16670 mmap(NULL, 16384, PROT_READ|PROT_WRITE, MAP_PRIVATE|MAP_ANONYMOUS|MAP_NORESERVE, -1, 0 <unfinished ...>
16664 <... mmap resumed>)               = 0x100100200000
16672 <... mmap resumed>)               = 0x100040400000
16670 <... mmap resumed>)               = 0x100080000000
16667 <... munmap resumed>)             = 0
16665 <... mmap resumed>)               = 0x1000c0000000
16672 munmap(0x100040400000, 16384 <unfinished ...>
16671 mmap(NULL, 16384, PROT_READ|PROT_WRITE, MAP_PRIVATE|MAP_ANONYMOUS|MAP_NORESERVE, -1, 0 <unfinished ...>
16670 munmap(0x100080000000, 16384 <unfinished ...>
16668 <... mmap resumed>)               = 0x100040000000
16667 mmap(NULL, 16384, PROT_READ|PROT_WRITE, MAP_PRIVATE|MAP_ANONYMOUS|MAP_NORESERVE, -1, 0 <unfinished ...>
16666 mmap(NULL, 16384, PROT_READ|PROT_WRITE, MAP_PRIVATE|MAP_ANONYMOUS|MAP_NORESERVE, -1, 0 <unfinished ...>
16665 munmap(0x1000c0000000, 16384 <unfinished ...>
16664 munmap(0x100100200000, 16384 <unfinished ...>
16663 munmap(0x100140200000, 16384 <unfinished ...>
16662 mmap(NULL, 16384, PROT_READ|PROT_WRITE, MAP_PRIVATE|MAP_ANONYMOUS|MAP_NORESERVE, -1, 0 <unfinished ...>
16661 mmap(NULL, 16384, PROT_READ|PROT_WRITE, MAP_PRIVATE|MAP_ANONYMOUS|MAP_NORESERVE, -1, 0 <unfinished ...>
16658 mmap(NULL, 16384, PROT_READ|PROT_WRITE, MAP_PRIVATE|MAP_ANONYMOUS|MAP_NORESERVE, -1, 0 <unfinished ...>
16657 <... mmap resumed>)               = 0x100000200000
16672 <... munmap resumed>)             = 0
16671 <... mmap resumed>)               = 0x100040400000
16670 <... munmap resumed>)             = 0
16669 <... mmap resumed>)               = 0x100080000000
16668 munmap(0x100040000000, 16384 <unfinished ...>
16667 <... mmap resumed>)               = 0x100000000000
16666 <... mmap resumed>)               = 0x100100000000
16665 <... munmap resumed>)             = 0
16664 <... munmap resumed>)             = 0
16663 <... munmap resumed>)             = 0
16660 munmap(0x100040600000, 16384 <unfinished ...>
16659 mmap(NULL, 16384, PROT_READ|PROT_WRITE, MAP_PRIVATE|MAP_ANONYMOUS|MAP_NORESERVE, -1, 0 <unfinished ...>
16669 munmap(0x100080000000, 16384 <unfinished ...>
16667 munmap(0x100000000000, 16384 <unfinished ...>
16662 <... mmap resumed>)               = 0x100100200000
16661 <... mmap resumed>)               = 0x100140200000
16658 <... mmap resumed>)               = 0x1000c0000000
16672 mmap(NULL, 16384, PROT_READ|PROT_WRITE, MAP_PRIVATE|MAP_ANONYMOUS|MAP_NORESERVE, -1, 0 <unfinished ...>
16667 <... munmap resumed>)             = 0
16665 mmap(NULL, 16384, PROT_READ|PROT_WRITE, MAP_PRIVATE|MAP_ANONYMOUS|MAP_NORESERVE, -1, 0 <unfinished ...>
16664 mmap(NULL, 16384, PROT_READ|PROT_WRITE, MAP_PRIVATE|MAP_ANONYMOUS|MAP_NORESERVE, -1, 0 <unfinished ...>
16663 mmap(NULL, 16384, PROT_READ|PROT_WRITE, MAP_PRIVATE|MAP_ANONYMOUS|MAP_NORESERVE, -1, 0 <unfinished ...>
16661 munmap(0x100140200000, 16384 <unfinished ...>
16660 <... munmap resumed>)             = 0
16659 <... mmap resumed>)               = 0x100040600000
16658 munmap(0x1000c0000000, 16384 <unfinished ...>
16657 munmap(0x100000200000, 16384 <unfinished ...>
16672 <... mmap resumed>)               = 0x100080000000
16671 munmap(0x100040400000, 16384 <unfinished ...>
16670 mmap(NULL, 16384, PROT_READ|PROT_WRITE, MAP_PRIVATE|MAP_ANONYMOUS|MAP_NORESERVE, -1, 0 <unfinished ...>
16669 <... munmap resumed>)             = 0
16668 <... munmap resumed>)             = 0
16667 mmap(NULL, 16384, PROT_READ|PROT_WRITE, MAP_PRIVATE|MAP_ANONYMOUS|MAP_NORESERVE, -1, 0 <unfinished ...>
16666 munmap(0x100100000000, 16384 <unfinished ...>
16665 <... mmap resumed>)               = 0x100000000000
16664 <... mmap resumed>)               = 0x100040000000
16661 <... munmap resumed>)             = 0
16660 mmap(NULL, 16384, PROT_READ|PROT_WRITE, MAP_PRIVATE|MAP_ANONYMOUS|MAP_NORESERVE, -1, 0 <unfinished ...>
16659 munmap(0x100040600000, 16384 <unfinished ...>
16671 <... munmap resumed>)             = 0
16670 <... mmap resumed>)               = 0x1000c0000000
16669 mmap(NULL, 16384, PROT_READ|PROT_WRITE, MAP_PRIVATE|MAP_ANONYMOUS|MAP_NORESERVE, -1, 0 <unfinished ...>
16668 mmap(NULL, 16384, PROT_READ|PROT_WRITE, MAP_PRIVATE|MAP_ANONYMOUS|MAP_NORESERVE, -1, 0 <unfinished ...>
16667 <... mmap resumed>)               = 0x100040400000
16666 <... munmap resumed>)             = 0
16665 munmap(0x100000000000, 16384 <unfinished ...>
16664 munmap(0x100040000000, 16384 <unfinished ...>
16663 <... mmap resumed>)               = 0x100100000000
16662 munmap(0x100100200000, 16384 <unfinished ...>
16661 mmap(NULL, 16384, PROT_READ|PROT_WRITE, MAP_PRIVATE|MAP_ANONYMOUS|MAP_NORESERVE, -1, 0 <unfinished ...>
16660 <... mmap resumed>)               = 0x100000200000
16659 <... munmap resumed>)             = 0
16658 <... munmap resumed>)             = 0
16657 <... munmap resumed>)             = 0
16672 munmap(0x100080000000, 16384 <unfinished ...>
16671 mmap(NULL, 16384, PROT_READ|PROT_WRITE, MAP_PRIVATE|MAP_ANONYMOUS|MAP_NORESERVE, -1, 0 <unfinished ...>
16670 munmap(0x1000c0000000, 16384 <unfinished ...>
16669 <... mmap resumed>)               = 0x100040600000
16668 <... mmap resumed>)               = 0x100040000000
16667 munmap(0x100040400000, 16384 <unfinished ...>
16666 mmap(NULL, 16384, PROT_READ|PROT_WRITE, MAP_PRIVATE|MAP_ANONYMOUS|MAP_NORESERVE, -1, 0 <unfinished ...>
16665 <... munmap resumed>)             = 0
16664 <... munmap resumed>)             = 0
16663 munmap(0x100100000000, 16384 <unfinished ...>
16662 <... munmap resumed>)             = 0
16661 <... mmap resumed>)               = 0x100000000000
16660 munmap(0x100000200000, 16384 <unfinished ...>
16659 mmap(NULL, 16384, PROT_READ|PROT_WRITE, MAP_PRIVATE|MAP_ANONYMOUS|MAP_NORESERVE, -1, 0 <unfinished ...>
16669 munmap(0x100040600000, 16384 <unfinished ...>
16668 munmap(0x100040000000, 16384 <unfinished ...>
16665 mmap(NULL, 16384, PROT_READ|PROT_WRITE, MAP_PRIVATE|MAP_ANONYMOUS|MAP_NORESERVE, -1, 0 <unfinished ...>
16664 mmap(NULL, 16384, PROT_READ|PROT_WRITE, MAP_PRIVATE|MAP_ANONYMOUS|MAP_NORESERVE, -1, 0 <unfinished ...>
16659 <... mmap resumed>)               = 0x100100200000
16657 mmap(NULL, 16384, PROT_READ|PROT_WRITE, MAP_PRIVATE|MAP_ANONYMOUS|MAP_NORESERVE, -1, 0 <unfinished ...>
16672 <... munmap resumed>)             = 0
16671 <... mmap resumed>)               = 0x100040600000
16670 <... munmap resumed>)             = 0
16669 <... munmap resumed>)             = 0
16668 <... munmap resumed>)             = 0
16667 <... munmap resumed>)             = 0
16666 <... mmap resumed>)               = 0x1000c0000000
16665 <... mmap resumed>)               = 0x100080000000
16664 <... mmap resumed>)               = 0x100040000000
16663 <... munmap resumed>)             = 0
16662 mmap(NULL, 16384, PROT_READ|PROT_WRITE, MAP_PRIVATE|MAP_ANONYMOUS|MAP_NORESERVE, -1, 0 <unfinished ...>
16661 munmap(0x100000000000, 16384 <unfinished ...>
16660 <... munmap resumed>)             = 0
16658 mmap(NULL, 16384, PROT_READ|PROT_WRITE, MAP_PRIVATE|MAP_ANONYMOUS|MAP_NORESERVE, -1, 0 <unfinished ...>
16672 mmap(NULL, 16384, PROT_READ|PROT_WRITE, MAP_PRIVATE|MAP_ANONYMOUS|MAP_NORESERVE, -1, 0 <unfinished ...>
16671 munmap(0x100040600000, 16384 <unfinished ...>
16670 mmap(NULL, 16384, PROT_READ|PROT_WRITE, MAP_PRIVATE|MAP_ANONYMOUS|MAP_NORESERVE, -1, 0 <unfinished ...>
16669 mmap(NULL, 16384, PROT_READ|PROT_WRITE, MAP_PRIVATE|MAP_ANONYMOUS|MAP_NORESERVE, -1, 0 <unfinished ...>
16668 mmap(NULL, 16384, PROT_READ|PROT_WRITE, MAP_PRIVATE|MAP_ANONYMOUS|MAP_NORESERVE, -1, 0 <unfinished ...>
16667 mmap(NULL, 16384, PROT_READ|PROT_WRITE, MAP_PRIVATE|MAP_ANONYMOUS|MAP_NORESERVE, -1, 0 <unfinished ...>
16666 munmap(0x1000c0000000, 16384 <unfinished ...>
16665 munmap(0x100080000000, 16384 <unfinished ...>
16664 munmap(0x100040000000, 16384 <unfinished ...>
16663 mmap(NULL, 16384, PROT_READ|PROT_WRITE, MAP_PRIVATE|MAP_ANONYMOUS|MAP_NORESERVE, -1, 0 <unfinished ...>
16662 <... mmap resumed>)               = 0x100000200000
16661 <... munmap resumed>)             = 0
16659 munmap(0x100100200000, 16384 <unfinished ...>
16657 <... mmap resumed>)               = 0x100040400000
16672 <... mmap resumed>)               = 0x100140200000
16671 <... munmap resumed>)             = 0
16670 <... mmap resumed>)               = 0x100040600000
16669 <... mmap resumed>)               = 0x100040000000
16668 <... mmap resumed>)               = 0x100100000000
16667 <... mmap resumed>)               = 0x100000000000
16666 <... munmap resumed>)             = 0
16665 <... munmap resumed>)             = 0
16664 <... munmap resumed>)             = 0
16663 <... mmap resumed>)               = 0x1000c0000000
16662 munmap(0x100000200000, 16384 <unfinished ...>
16661 mmap(NULL, 16384, PROT_READ|PROT_WRITE, MAP_PRIVATE|MAP_ANONYMOUS|MAP_NORESERVE, -1, 0 <unfinished ...>
16660 mmap(NULL, 16384, PROT_READ|PROT_WRITE, MAP_PRIVATE|MAP_ANONYMOUS|MAP_NORESERVE, -1, 0 <unfinished ...>
16659 <... munmap resumed>)             = 0
16658 <... mmap resumed>)               = 0x100080000000
16672 munmap(0x100140200000, 16384 <unfinished ...>
16671 mmap(NULL, 16384, PROT_READ|PROT_WRITE, MAP_PRIVATE|MAP_ANONYMOUS|MAP_NORESERVE, -1, 0 <unfinished ...>
16670 munmap(0x100040600000, 16384 <unfinished ...>
16669 munmap(0x100040000000, 16384 <unfinished ...>
16668 munmap(0x100100000000, 16384 <unfinished ...>
16667 munmap(0x100000000000, 16384 <unfinished ...>
16666 mmap(NULL, 16384, PROT_READ|PROT_WRITE, MAP_PRIVATE|MAP_ANONYMOUS|MAP_NORESERVE, -1, 0 <unfinished ...>
16665 mmap(NULL, 16384, PROT_READ|PROT_WRITE, MAP_PRIVATE|MAP_ANONYMOUS|MAP_NORESERVE, -1, 0 <unfinished ...>
16664 mmap(NULL, 16384, PROT_READ|PROT_WRITE, MAP_PRIVATE|MAP_ANONYMOUS|MAP_NORESERVE, -1, 0 <unfinished ...>
16663 munmap(0x1000c0000000, 16384 <unfinished ...>
16662 <... munmap resumed>)             = 0
16661 <... mmap resumed>)               = 0x100000200000
16660 <... mmap resumed>)               = 0x100100200000
16657 munmap(0x100040400000, 16384 <unfinished ...>
16672 <... munmap resumed>)             = 0
16671 <... mmap resumed>)               = 0x100140200000
16670 <... munmap resumed>)             = 0
16669 <... munmap resumed>)             = 0
16668 <... munmap resumed>)             = 0
16667 <... munmap resumed>)             = 0
16666 <... mmap resumed>)               = 0x100100000000
16665 <... mmap resumed>)               = 0x1000c0000000
16664 <... mmap resumed>)               = 0x100000000000
16663 <... munmap resumed>)             = 0
16662 mmap(NULL, 16384, PROT_READ|PROT_WRITE, MAP_PRIVATE|MAP_ANONYMOUS|MAP_NORESERVE, -1, 0 <unfinished ...>
16661 munmap(0x100000200000, 16384 <unfinished ...>
16660 munmap(0x100100200000, 16384 <unfinished ...>
16659 mmap(NULL, 16384, PROT_READ|PROT_WRITE, MAP_PRIVATE|MAP_ANONYMOUS|MAP_NORESERVE, -1, 0 <unfinished ...>
16658 munmap(0x100080000000, 16384 <unfinished ...>
16672 mmap(NULL, 16384, PROT_READ|PROT_WRITE, MAP_PRIVATE|MAP_ANONYMOUS|MAP_NORESERVE, -1, 0 <unfinished ...>
16671 munmap(0x100140200000, 16384 <unfinished ...>
16670 mmap(NULL, 16384, PROT_READ|PROT_WRITE, MAP_PRIVATE|MAP_ANONYMOUS|MAP_NORESERVE, -1, 0 <unfinished ...>
16669 mmap(NULL, 16384, PROT_READ|PROT_WRITE, MAP_PRIVATE|MAP_ANONYMOUS|MAP_NORESERVE, -1, 0 <unfinished ...>
16668 mmap(NULL, 16384, PROT_READ|PROT_WRITE, MAP_PRIVATE|MAP_ANONYMOUS|MAP_NORESERVE, -1, 0 <unfinished ...>
16667 mmap(NULL, 16384, PROT_READ|PROT_WRITE, MAP_PRIVATE|MAP_ANONYMOUS|MAP_NORESERVE, -1, 0 <unfinished ...>
16666 munmap(0x100100000000, 16384 <unfinished ...>
16665 munmap(0x1000c0000000, 16384 <unfinished ...>
16664 munmap(0x100000000000, 16384 <unfinished ...>
16663 mmap(NULL, 16384, PROT_READ|PROT_WRITE, MAP_PRIVATE|MAP_ANONYMOUS|MAP_NORESERVE, -1, 0 <unfinished ...>
16662 <... mmap resumed>)               = 0x100040400000
16661 <... munmap resumed>)             = 0
16660 <... munmap resumed>)             = 0
16659 <... mmap resumed>)               = 0x100100200000
16658 <... munmap resumed>)             = 0
16657 <... munmap resumed>)             = 0
16672 <... mmap resumed>)               = 0x100140200000
16671 <... munmap resumed>)             = 0
16669 <... mmap resumed>)               = 0x100080000000
16672 munmap(0x100140200000, 16384 <unfinished ...>
16671 mmap(NULL, 16384, PROT_READ|PROT_WRITE, MAP_PRIVATE|MAP_ANONYMOUS|MAP_NORESERVE, -1, 0 <unfinished ...>
16670 <... mmap resumed>)               = 0x100040000000
16668 <... mmap resumed>)               = 0x100040600000
16667 <... mmap resumed>)               = 0x100000200000
16666 <... munmap resumed>)             = 0
16665 <... munmap resumed>)             = 0
16664 <... munmap resumed>)             = 0
16663 <... mmap resumed>)               = 0x1000c0000000
16662 munmap(0x100040400000, 16384 <unfinished ...>
16661 mmap(NULL, 16384, PROT_READ|PROT_WRITE, MAP_PRIVATE|MAP_ANONYMOUS|MAP_NORESERVE, -1, 0 <unfinished ...>
16660 mmap(NULL, 16384, PROT_READ|PROT_WRITE, MAP_PRIVATE|MAP_ANONYMOUS|MAP_NORESERVE, -1, 0 <unfinished ...>
16659 munmap(0x100100200000, 16384 <unfinished ...>
16658 mmap(NULL, 16384, PROT_READ|PROT_WRITE, MAP_PRIVATE|MAP_ANONYMOUS|MAP_NORESERVE, -1, 0 <unfinished ...>
16657 mmap(NULL, 16384, PROT_READ|PROT_WRITE, MAP_PRIVATE|MAP_ANONYMOUS|MAP_NORESERVE, -1, 0 <unfinished ...>
16672 <... munmap resumed>)             = 0
16671 <... mmap resumed>)               = 0x100000000000
16670 munmap(0x100040000000, 16384 <unfinished ...>
16669 munmap(0x100080000000, 16384 <unfinished ...>
16668 munmap(0x100040600000, 16384 <unfinished ...>
16667 munmap(0x100000200000, 16384 <unfinished ...>
16666 mmap(NULL, 16384, PROT_READ|PROT_WRITE, MAP_PRIVATE|MAP_ANONYMOUS|MAP_NORESERVE, -1, 0 <unfinished ...>
16665 mmap(NULL, 16384, PROT_READ|PROT_WRITE, MAP_PRIVATE|MAP_ANONYMOUS|MAP_NORESERVE, -1, 0 <unfinished ...>
16664 mmap(NULL, 16384, PROT_READ|PROT_WRITE, MAP_PRIVATE|MAP_ANONYMOUS|MAP_NORESERVE, -1, 0 <unfinished ...>
16663 munmap(0x1000c0000000, 16384 <unfinished ...>
16662 <... munmap resumed>)             = 0
16661 <... mmap resumed>)               = 0x100040400000
16660 <... mmap resumed>)               = 0x100140200000
16672 mmap(NULL, 16384, PROT_READ|PROT_WRITE, MAP_PRIVATE|MAP_ANONYMOUS|MAP_NORESERVE, -1, 0 <unfinished ...>
16671 munmap(0x100000000000, 16384 <unfinished ...>
16670 <... munmap resumed>)             = 0
16669 <... munmap resumed>)             = 0
16668 <... munmap resumed>)             = 0
16667 <... munmap resumed>)             = 0
16666 <... mmap resumed>)               = 0x100000200000
16665 <... mmap resumed>)               = 0x100080000000
16664 <... mmap resumed>)               = 0x100040600000
16663 <... munmap resumed>)             = 0
16662 mmap(NULL, 16384, PROT_READ|PROT_WRITE, MAP_PRIVATE|MAP_ANONYMOUS|MAP_NORESERVE, -1, 0 <unfinished ...>
16661 munmap(0x100040400000, 16384 <unfinished ...>
16660 munmap(0x100140200000, 16384 <unfinished ...>
16659 <... munmap resumed>)             = 0
16658 <... mmap resumed>)               = 0x100100200000
16657 <... mmap resumed>)               = 0x100100000000
16672 <... mmap resumed>)               = 0x1000c0000000
16671 <... munmap resumed>)             = 0
16670 mmap(NULL, 16384, PROT_READ|PROT_WRITE, MAP_PRIVATE|MAP_ANONYMOUS|MAP_NORESERVE, -1, 0 <unfinished ...>
16669 mmap(NULL, 16384, PROT_READ|PROT_WRITE, MAP_PRIVATE|MAP_ANONYMOUS|MAP_NORESERVE, -1, 0 <unfinished ...>
16668 mmap(NULL, 16384, PROT_READ|PROT_WRITE, MAP_PRIVATE|MAP_ANONYMOUS|MAP_NORESERVE, -1, 0 <unfinished ...>
16667 mmap(NULL, 16384, PROT_READ|PROT_WRITE, MAP_PRIVATE|MAP_ANONYMOUS|MAP_NORESERVE, -1, 0 <unfinished ...>
16666 munmap(0x100000200000, 16384 <unfinished ...>
16665 munmap(0x100080000000, 16384 <unfinished ...>
16664 munmap(0x100040600000, 16384 <unfinished ...>
16661 <... munmap resumed>)             = 0
16657 munmap(0x100100000000, 16384 <unfinished ...>
16672 munmap(0x1000c0000000, 16384 <unfinished ...>
16671 mmap(NULL, 16384, PROT_READ|PROT_WRITE, MAP_PRIVATE|MAP_ANONYMOUS|MAP_NORESERVE, -1, 0 <unfinished ...>
16670 <... mmap resumed>)               = 0x100000200000
16669 <... mmap resumed>)               = 0x100040400000
16668 <... mmap resumed>)               = 0x100080000000
16667 <... mmap resumed>)               = 0x100000000000
16666 <... munmap resumed>)             = 0
16665 <... munmap resumed>)             = 0
16663 mmap(NULL, 16384, PROT_READ|PROT_WRITE, MAP_PRIVATE|MAP_ANONYMOUS|MAP_NORESERVE, -1, 0 <unfinished ...>
16662 <... mmap resumed>)               = 0x100040000000
16661 mmap(NULL, 16384, PROT_READ|PROT_WRITE, MAP_PRIVATE|MAP_ANONYMOUS|MAP_NORESERVE, -1, 0 <unfinished ...>
16660 <... munmap resumed>)             = 0
16659 mmap(NULL, 16384, PROT_READ|PROT_WRITE, MAP_PRIVATE|MAP_ANONYMOUS|MAP_NORESERVE, -1, 0 <unfinished ...>
16658 munmap(0x100100200000, 16384 <unfinished ...>
16672 <... munmap resumed>)             = 0
16671 <... mmap resumed>)               = 0x1000c0000000
16670 munmap(0x100000200000, 16384 <unfinished ...>
16669 munmap(0x100040400000, 16384 <unfinished ...>
16667 munmap(0x100000000000, 16384 <unfinished ...>
16666 mmap(NULL, 16384, PROT_READ|PROT_WRITE, MAP_PRIVATE|MAP_ANONYMOUS|MAP_NORESERVE, -1, 0 <unfinished ...>
16665 mmap(NULL, 16384, PROT_READ|PROT_WRITE, MAP_PRIVATE|MAP_ANONYMOUS|MAP_NORESERVE, -1, 0 <unfinished ...>
16664 <... munmap resumed>)             = 0
16663 <... mmap resumed>)               = 0x100100000000
16662 munmap(0x100040000000, 16384 <unfinished ...>
16661 <... mmap resumed>)               = 0x100040600000
16657 <... munmap resumed>)             = 0
16672 mmap(NULL, 16384, PROT_READ|PROT_WRITE, MAP_PRIVATE|MAP_ANONYMOUS|MAP_NORESERVE, -1, 0 <unfinished ...>
16671 munmap(0x1000c0000000, 16384 <unfinished ...>
16670 <... munmap resumed>)             = 0
16669 <... munmap resumed>)             = 0
16668 munmap(0x100080000000, 16384 <unfinished ...>
16667 <... munmap resumed>)             = 0
16666 <... mmap resumed>)               = 0x100040400000
16665 <... mmap resumed>)               = 0x100000000000
16664 mmap(NULL, 16384, PROT_READ|PROT_WRITE, MAP_PRIVATE|MAP_ANONYMOUS|MAP_NORESERVE, -1, 0 <unfinished ...>
16663 munmap(0x100100000000, 16384 <unfinished ...>
16662 <... munmap resumed>)             = 0
16660 mmap(NULL, 16384, PROT_READ|PROT_WRITE, MAP_PRIVATE|MAP_ANONYMOUS|MAP_NORESERVE, -1, 0 <unfinished ...>
16659 <... mmap resumed>)               = 0x100140200000
16658 <... munmap resumed>)             = 0
16672 <... mmap resumed>)               = 0x100040000000
16671 <... munmap resumed>)             = 0
16670 mmap(NULL, 16384, PROT_READ|PROT_WRITE, MAP_PRIVATE|MAP_ANONYMOUS|MAP_NORESERVE, -1, 0 <unfinished ...>
16669 mmap(NULL, 16384, PROT_READ|PROT_WRITE, MAP_PRIVATE|MAP_ANONYMOUS|MAP_NORESERVE, -1, 0 <unfinished ...>
16668 <... munmap resumed>)             = 0
16667 mmap(NULL, 16384, PROT_READ|PROT_WRITE, MAP_PRIVATE|MAP_ANONYMOUS|MAP_NORESERVE, -1, 0 <unfinished ...>
16666 munmap(0x100040400000, 16384 <unfinished ...>
16665 munmap(0x100000000000, 16384 <unfinished ...>
16664 <... mmap resumed>)               = 0x100080000000
16663 <... munmap resumed>)             = 0
16662 mmap(NULL, 16384, PROT_READ|PROT_WRITE, MAP_PRIVATE|MAP_ANONYMOUS|MAP_NORESERVE, -1, 0 <unfinished ...>
16661 munmap(0x100040600000, 16384 <unfinished ...>
16660 <... mmap resumed>)               = 0x100100000000
16657 mmap(NULL, 16384, PROT_READ|PROT_WRITE, MAP_PRIVATE|MAP_ANONYMOUS|MAP_NORESERVE, -1, 0 <unfinished ...>
16672 munmap(0x100040000000, 16384 <unfinished ...>
16671 mmap(NULL, 16384, PROT_READ|PROT_WRITE, MAP_PRIVATE|MAP_ANONYMOUS|MAP_NORESERVE, -1, 0 <unfinished ...>
16670 <... mmap resumed>)               = 0x100100200000
16669 <... mmap resumed>)               = 0x1000c0000000
16668 mmap(NULL, 16384, PROT_READ|PROT_WRITE, MAP_PRIVATE|MAP_ANONYMOUS|MAP_NORESERVE, -1, 0 <unfinished ...>
16667 <... mmap resumed>)               = 0x100000200000
16666 <... munmap resumed>)             = 0
16665 <... munmap resumed>)             = 0
16664 munmap(0x100080000000, 16384 <unfinished ...>
16663 mmap(NULL, 16384, PROT_READ|PROT_WRITE, MAP_PRIVATE|MAP_ANONYMOUS|MAP_NORESERVE, -1, 0 <unfinished ...>
16659 munmap(0x100140200000, 16384 <unfinished ...>
16658 mmap(NULL, 16384, PROT_READ|PROT_WRITE, MAP_PRIVATE|MAP_ANONYMOUS|MAP_NORESERVE, -1, 0 <unfinished ...>
16672 <... munmap resumed>)             = 0
16671 <... mmap resumed>)               = 0x100040000000
16670 munmap(0x100100200000, 16384 <unfinished ...>
16669 munmap(0x1000c0000000, 16384 <unfinished ...>
16668 <... mmap resumed>)               = 0x100040400000
16667 munmap(0x100000200000, 16384 <unfinished ...>
16666 mmap(NULL, 16384, PROT_READ|PROT_WRITE, MAP_PRIVATE|MAP_ANONYMOUS|MAP_NORESERVE, -1, 0 <unfinished ...>
16665 mmap(NULL, 16384, PROT_READ|PROT_WRITE, MAP_PRIVATE|MAP_ANONYMOUS|MAP_NORESERVE, -1, 0 <unfinished ...>
16664 <... munmap resumed>)             = 0
16662 <... mmap resumed>)               = 0x100000000000
16661 <... munmap resumed>)             = 0
16660 munmap(0x100100000000, 16384 <unfinished ...>
16657 <... mmap resumed>)               = 0x100040600000
16672 mmap(NULL, 16384, PROT_READ|PROT_WRITE, MAP_PRIVATE|MAP_ANONYMOUS|MAP_NORESERVE, -1, 0 <unfinished ...>
16671 munmap(0x100040000000, 16384 <unfinished ...>
16670 <... munmap resumed>)             = 0
16669 <... munmap resumed>)             = 0
16668 munmap(0x100040400000, 16384 <unfinished ...>
16667 <... munmap resumed>)             = 0
16666 <... mmap resumed>)               = 0x1000c0000000
16665 <... mmap resumed>)               = 0x100100200000
16664 mmap(NULL, 16384, PROT_READ|PROT_WRITE, MAP_PRIVATE|MAP_ANONYMOUS|MAP_NORESERVE, -1, 0 <unfinished ...>
16663 <... mmap resumed>)               = 0x100080000000
16661 mmap(NULL, 16384, PROT_READ|PROT_WRITE, MAP_PRIVATE|MAP_ANONYMOUS|MAP_NORESERVE, -1, 0 <unfinished ...>
16660 <... munmap resumed>)             = 0
16659 <... munmap resumed>)             = 0
16658 <... mmap resumed>)               = 0x100180000000
16672 <... mmap resumed>)               = 0x100040000000
16671 <... munmap resumed>)             = 0
16670 mmap(NULL, 16384, PROT_READ|PROT_WRITE, MAP_PRIVATE|MAP_ANONYMOUS|MAP_NORESERVE, -1, 0 <unfinished ...>
16669 mmap(NULL, 16384, PROT_READ|PROT_WRITE, MAP_PRIVATE|MAP_ANONYMOUS|MAP_NORESERVE, -1, 0 <unfinished ...>
16668 <... munmap resumed>)             = 0
16667 mmap(NULL, 16384, PROT_READ|PROT_WRITE, MAP_PRIVATE|MAP_ANONYMOUS|MAP_NORESERVE, -1, 0 <unfinished ...>
16666 munmap(0x1000c0000000, 16384 <unfinished ...>
16665 munmap(0x100100200000, 16384 <unfinished ...>
16664 <... mmap resumed>)               = 0x100040400000
16663 munmap(0x100080000000, 16384 <unfinished ...>
16662 munmap(0x100000000000, 16384 <unfinished ...>
16661 <... mmap resumed>)               = 0x100100000000
16659 mmap(NULL, 16384, PROT_READ|PROT_WRITE, MAP_PRIVATE|MAP_ANONYMOUS|MAP_NORESERVE, -1, 0 <unfinished ...>
16657 munmap(0x100040600000, 16384 <unfinished ...>
16672 munmap(0x100040000000, 16384 <unfinished ...>
16671 mmap(NULL, 16384, PROT_READ|PROT_WRITE, MAP_PRIVATE|MAP_ANONYMOUS|MAP_NORESERVE, -1, 0 <unfinished ...>
16670 <... mmap resumed>)               = 0x100000200000
16669 <... mmap resumed>)               = 0x100140200000
16668 mmap(NULL, 16384, PROT_READ|PROT_WRITE, MAP_PRIVATE|MAP_ANONYMOUS|MAP_NORESERVE, -1, 0 <unfinished ...>
16667 <... mmap resumed>)               = 0x100040200000
16666 <... munmap resumed>)             = 0
16665 <... munmap resumed>)             = 0
16664 munmap(0x100040400000, 16384 <unfinished ...>
16663 <... munmap resumed>)             = 0
16662 <... munmap resumed>)             = 0
16661 munmap(0x100100000000, 16384 <unfinished ...>
16660 mmap(NULL, 16384, PROT_READ|PROT_WRITE, MAP_PRIVATE|MAP_ANONYMOUS|MAP_NORESERVE, -1, 0 <unfinished ...>
16658 munmap(0x100180000000, 16384 <unfinished ...>
16672 <... munmap resumed>)             = 0
16671 <... mmap resumed>)               = 0x100040600000
16670 munmap(0x100000200000, 16384 <unfinished ...>
16669 munmap(0x100140200000, 16384 <unfinished ...>
16668 <... mmap resumed>)               = 0x100040000000
16667 munmap(0x100040200000, 16384 <unfinished ...>
16666 mmap(NULL, 16384, PROT_READ|PROT_WRITE, MAP_PRIVATE|MAP_ANONYMOUS|MAP_NORESERVE, -1, 0 <unfinished ...>
16665 mmap(NULL, 16384, PROT_READ|PROT_WRITE, MAP_PRIVATE|MAP_ANONYMOUS|MAP_NORESERVE, -1, 0 <unfinished ...>
16664 <... munmap resumed>)             = 0
16663 mmap(NULL, 16384, PROT_READ|PROT_WRITE, MAP_PRIVATE|MAP_ANONYMOUS|MAP_NORESERVE, -1, 0 <unfinished ...>
16662 mmap(NULL, 16384, PROT_READ|PROT_WRITE, MAP_PRIVATE|MAP_ANONYMOUS|MAP_NORESERVE, -1, 0 <unfinished ...>
16661 <... munmap resumed>)             = 0
16660 <... mmap resumed>)               = 0x100100000000
16659 <... mmap resumed>)               = 0x100000000000
16657 <... munmap resumed>)             = 0
16672 mmap(NULL, 16384, PROT_READ|PROT_WRITE, MAP_PRIVATE|MAP_ANONYMOUS|MAP_NORESERVE, -1, 0 <unfinished ...>
16671 munmap(0x100040600000, 16384 <unfinished ...>
16670 <... munmap resumed>)             = 0
16669 <... munmap resumed>)             = 0
16668 munmap(0x100040000000, 16384 <unfinished ...>
16667 <... munmap resumed>)             = 0
16666 <... mmap resumed>)               = 0x100040200000
16665 <... mmap resumed>)               = 0x100140200000
16664 mmap(NULL, 16384, PROT_READ|PROT_WRITE, MAP_PRIVATE|MAP_ANONYMOUS|MAP_NORESERVE, -1, 0 <unfinished ...>
16663 <... mmap resumed>)               = 0x100000200000
16662 <... mmap resumed>)               = 0x100180000000
16661 mmap(NULL, 16384, PROT_READ|PROT_WRITE, MAP_PRIVATE|MAP_ANONYMOUS|MAP_NORESERVE, -1, 0 <unfinished ...>
16660 munmap(0x100100000000, 16384 <unfinished ...>
16658 <... munmap resumed>)             = 0
16672 <... mmap resumed>)               = 0x100040400000
16671 <... munmap resumed>)             = 0
16670 mmap(NULL, 16384, PROT_READ|PROT_WRITE, MAP_PRIVATE|MAP_ANONYMOUS|MAP_NORESERVE, -1, 0 <unfinished ...>
16669 mmap(NULL, 16384, PROT_READ|PROT_WRITE, MAP_PRIVATE|MAP_ANONYMOUS|MAP_NORESERVE, -1, 0 <unfinished ...>
16668 <... munmap resumed>)             = 0
16667 mmap(NULL, 16384, PROT_READ|PROT_WRITE, MAP_PRIVATE|MAP_ANONYMOUS|MAP_NORESERVE, -1, 0 <unfinished ...>
16666 munmap(0x100040200000, 16384 <unfinished ...>
16665 munmap(0x100140200000, 16384 <unfinished ...>
16664 <... mmap resumed>)               = 0x100040000000
16663 munmap(0x100000200000, 16384 <unfinished ...>
16662 munmap(0x100180000000, 16384 <unfinished ...>
16661 <... mmap resumed>)               = 0x100040600000
16660 <... munmap resumed>)             = 0
16659 munmap(0x100000000000, 16384 <unfinished ...>
16657 mmap(NULL, 16384, PROT_READ|PROT_WRITE, MAP_PRIVATE|MAP_ANONYMOUS|MAP_NORESERVE, -1, 0 <unfinished ...>
16672 munmap(0x100040400000, 16384 <unfinished ...>
16671 mmap(NULL, 16384, PROT_READ|PROT_WRITE, MAP_PRIVATE|MAP_ANONYMOUS|MAP_NORESERVE, -1, 0 <unfinished ...>
16670 <... mmap resumed>)               = 0x100100000000
16669 <... mmap resumed>)               = 0x100040200000
16668 mmap(NULL, 16384, PROT_READ|PROT_WRITE, MAP_PRIVATE|MAP_ANONYMOUS|MAP_NORESERVE, -1, 0 <unfinished ...>
16667 <... mmap resumed>)               = 0x100080000000
16666 <... munmap resumed>)             = 0
16665 <... munmap resumed>)             = 0
16664 munmap(0x100040000000, 16384 <unfinished ...>
16663 <... munmap resumed>)             = 0
16662 <... munmap resumed>)             = 0
16661 munmap(0x100040600000, 16384 <unfinished ...>
16660 mmap(NULL, 16384, PROT_READ|PROT_WRITE, MAP_PRIVATE|MAP_ANONYMOUS|MAP_NORESERVE, -1, 0 <unfinished ...>
16659 <... munmap resumed>)             = 0
16658 mmap(NULL, 16384, PROT_READ|PROT_WRITE, MAP_PRIVATE|MAP_ANONYMOUS|MAP_NORESERVE, -1, 0 <unfinished ...>
16657 <... mmap resumed>)               = 0x100000000000
16672 <... munmap resumed>)             = 0
16671 <... mmap resumed>)               = 0x100040400000
16670 munmap(0x100100000000, 16384 <unfinished ...>
16669 munmap(0x100040200000, 16384 <unfinished ...>
16668 <... mmap resumed>)               = 0x100180000000
16667 munmap(0x100080000000, 16384 <unfinished ...>
16666 mmap(NULL, 16384, PROT_READ|PROT_WRITE, MAP_PRIVATE|MAP_ANONYMOUS|MAP_NORESERVE, -1, 0 <unfinished ...>
16665 mmap(NULL, 16384, PROT_READ|PROT_WRITE, MAP_PRIVATE|MAP_ANONYMOUS|MAP_NORESERVE, -1, 0 <unfinished ...>
16664 <... munmap resumed>)             = 0
16663 mmap(NULL, 16384, PROT_READ|PROT_WRITE, MAP_PRIVATE|MAP_ANONYMOUS|MAP_NORESERVE, -1, 0 <unfinished ...>
16662 mmap(NULL, 16384, PROT_READ|PROT_WRITE, MAP_PRIVATE|MAP_ANONYMOUS|MAP_NORESERVE, -1, 0 <unfinished ...>
16661 <... munmap resumed>)             = 0
16660 <... mmap resumed>)               = 0x100040000000
16659 mmap(NULL, 16384, PROT_READ|PROT_WRITE, MAP_PRIVATE|MAP_ANONYMOUS|MAP_NORESERVE, -1, 0 <unfinished ...>
16658 <... mmap resumed>)               = 0x100040600000
16672 mmap(NULL, 16384, PROT_READ|PROT_WRITE, MAP_PRIVATE|MAP_ANONYMOUS|MAP_NORESERVE, -1, 0 <unfinished ...>
16671 munmap(0x100040400000, 16384 <unfinished ...>
16670 <... munmap resumed>)             = 0
16669 <... munmap resumed>)             = 0
16668 munmap(0x100180000000, 16384 <unfinished ...>
16667 <... munmap resumed>)             = 0
16666 <... mmap resumed>)               = 0x100100000000
16665 <... mmap resumed>)               = 0x100040200000
16664 mmap(NULL, 16384, PROT_READ|PROT_WRITE, MAP_PRIVATE|MAP_ANONYMOUS|MAP_NORESERVE, -1, 0 <unfinished ...>
16663 <... mmap resumed>)               = 0x100000200000
16662 <... mmap resumed>)               = 0x100080000000
16661 mmap(NULL, 16384, PROT_READ|PROT_WRITE, MAP_PRIVATE|MAP_ANONYMOUS|MAP_NORESERVE, -1, 0 <unfinished ...>
16660 munmap(0x100040000000, 16384 <unfinished ...>
16659 <... mmap resumed>)               = 0x100140200000
16658 munmap(0x100040600000, 16384 <unfinished ...>
16657 munmap(0x100000000000, 16384 <unfinished ...>
16672 <... mmap resumed>)               = 0x1000c0000000
16670 mmap(NULL, 16384, PROT_READ|PROT_WRITE, MAP_PRIVATE|MAP_ANONYMOUS|MAP_NORESERVE, -1, 0 <unfinished ...>
16669 mmap(NULL, 16384, PROT_READ|PROT_WRITE, MAP_PRIVATE|MAP_ANONYMOUS|MAP_NORESERVE, -1, 0 <unfinished ...>
16668 <... munmap resumed>)             = 0
16667 mmap(NULL, 16384, PROT_READ|PROT_WRITE, MAP_PRIVATE|MAP_ANONYMOUS|MAP_NORESERVE, -1, 0 <unfinished ...>
16666 munmap(0x100100000000, 16384 <unfinished ...>
16665 munmap(0x100040200000, 16384 <unfinished ...>
16664 <... mmap resumed>)               = 0x100040000000
16662 munmap(0x100080000000, 16384 <unfinished ...>
16661 <... mmap resumed>)               = 0x100100200000
16660 <... munmap resumed>)             = 0
16659 munmap(0x100140200000, 16384 <unfinished ...>
16658 <... munmap resumed>)             = 0
16657 <... munmap resumed>)             = 0
16672 munmap(0x1000c0000000, 16384 <unfinished ...>
16671 <... munmap resumed>)             = 0
16670 <... mmap resumed>)               = 0x100040400000
16669 <... mmap resumed>)               = 0x100040600000
16668 mmap(NULL, 16384, PROT_READ|PROT_WRITE, MAP_PRIVATE|MAP_ANONYMOUS|MAP_NORESERVE, -1, 0 <unfinished ...>
16667 <... mmap resumed>)               = 0x100180000000
16666 <... munmap resumed>)             = 0
16665 <... munmap resumed>)             = 0
16664 munmap(0x100040000000, 16384 <unfinished ...>
16663 munmap(0x100000200000, 16384 <unfinished ...>
16662 <... munmap resumed>)             = 0
16661 munmap(0x100100200000, 16384 <unfinished ...>
16660 mmap(NULL, 16384, PROT_READ|PROT_WRITE, MAP_PRIVATE|MAP_ANONYMOUS|MAP_NORESERVE, -1, 0 <unfinished ...>
16658 mmap(NULL, 16384, PROT_READ|PROT_WRITE, MAP_PRIVATE|MAP_ANONYMOUS|MAP_NORESERVE, -1, 0 <unfinished ...>
16672 <... munmap resumed>)             = 0
16671 mmap(NULL, 16384, PROT_READ|PROT_WRITE, MAP_PRIVATE|MAP_ANONYMOUS|MAP_NORESERVE, -1, 0 <unfinished ...>
16670 munmap(0x100040400000, 16384 <unfinished ...>
16669 munmap(0x100040600000, 16384 <unfinished ...>
16668 <... mmap resumed>)               = 0x1000c0000000
16667 munmap(0x100180000000, 16384 <unfinished ...>
16666 mmap(NULL, 16384, PROT_READ|PROT_WRITE, MAP_PRIVATE|MAP_ANONYMOUS|MAP_NORESERVE, -1, 0 <unfinished ...>
16665 mmap(NULL, 16384, PROT_READ|PROT_WRITE, MAP_PRIVATE|MAP_ANONYMOUS|MAP_NORESERVE, -1, 0 <unfinished ...>
16664 <... munmap resumed>)             = 0
16663 <... munmap resumed>)             = 0
16662 mmap(NULL, 16384, PROT_READ|PROT_WRITE, MAP_PRIVATE|MAP_ANONYMOUS|MAP_NORESERVE, -1, 0 <unfinished ...>
16661 <... munmap resumed>)             = 0
16659 <... munmap resumed>)             = 0
16657 mmap(NULL, 16384, PROT_READ|PROT_WRITE, MAP_PRIVATE|MAP_ANONYMOUS|MAP_NORESERVE, -1, 0 <unfinished ...>
16672 mmap(NULL, 16384, PROT_READ|PROT_WRITE, MAP_PRIVATE|MAP_ANONYMOUS|MAP_NORESERVE, -1, 0 <unfinished ...>
16671 <... mmap resumed>)               = 0x100040000000
16670 <... munmap resumed>)             = 0
16669 <... munmap resumed>)             = 0
16668 munmap(0x1000c0000000, 16384 <unfinished ...>
16667 <... munmap resumed>)             = 0
16666 <... mmap resumed>)               = 0x100040600000
16665 <... mmap resumed>)               = 0x100180000000
16664 mmap(NULL, 16384, PROT_READ|PROT_WRITE, MAP_PRIVATE|MAP_ANONYMOUS|MAP_NORESERVE, -1, 0 <unfinished ...>
16663 mmap(NULL, 16384, PROT_READ|PROT_WRITE, MAP_PRIVATE|MAP_ANONYMOUS|MAP_NORESERVE, -1, 0 <unfinished ...>
16662 <... mmap resumed>)               = 0x100040400000
16661 mmap(NULL, 16384, PROT_READ|PROT_WRITE, MAP_PRIVATE|MAP_ANONYMOUS|MAP_NORESERVE, -1, 0 <unfinished ...>
16660 <... mmap resumed>)               = 0x100100200000
16658 <... mmap resumed>)               = 0x100000200000
16672 <... mmap resumed>)               = 0x1000c0000000
16671 munmap(0x100040000000, 16384 <unfinished ...>
16670 mmap(NULL, 16384, PROT_READ|PROT_WRITE, MAP_PRIVATE|MAP_ANONYMOUS|MAP_NORESERVE, -1, 0 <unfinished ...>
16669 mmap(NULL, 16384, PROT_READ|PROT_WRITE, MAP_PRIVATE|MAP_ANONYMOUS|MAP_NORESERVE, -1, 0 <unfinished ...>
16668 <... munmap resumed>)             = 0
16667 mmap(NULL, 16384, PROT_READ|PROT_WRITE, MAP_PRIVATE|MAP_ANONYMOUS|MAP_NORESERVE, -1, 0 <unfinished ...>
16665 munmap(0x100180000000, 16384 <unfinished ...>
16659 mmap(NULL, 16384, PROT_READ|PROT_WRITE, MAP_PRIVATE|MAP_ANONYMOUS|MAP_NORESERVE, -1, 0 <unfinished ...>
16657 <... mmap resumed>)               = 0x100140200000
16672 munmap(0x1000c0000000, 16384 <unfinished ...>
16671 <... munmap resumed>)             = 0
16669 <... mmap resumed>)               = 0x100040200000
16668 mmap(NULL, 16384, PROT_READ|PROT_WRITE, MAP_PRIVATE|MAP_ANONYMOUS|MAP_NORESERVE, -1, 0 <unfinished ...>
16667 <... mmap resumed>)               = 0x100040000000
16666 munmap(0x100040600000, 16384 <unfinished ...>
16664 <... mmap resumed>)               = 0x100100000000
16663 <... mmap resumed>)               = 0x100080000000
16662 munmap(0x100040400000, 16384 <unfinished ...>
16661 <... mmap resumed>)               = 0x1000c0200000
16660 munmap(0x100100200000, 16384 <unfinished ...>
16659 <... mmap resumed>)               = 0x100000000000
16657 munmap(0x100140200000, 16384 <unfinished ...>
16672 <... munmap resumed>)             = 0
16671 mmap(NULL, 16384, PROT_READ|PROT_WRITE, MAP_PRIVATE|MAP_ANONYMOUS|MAP_NORESERVE, -1, 0 <unfinished ...>
16670 <... mmap resumed>)               = 0x100140000000
16669 munmap(0x100040200000, 16384 <unfinished ...>
16668 <... mmap resumed>)               = 0x100040600000
16667 munmap(0x100040000000, 16384 <unfinished ...>
16666 <... munmap resumed>)             = 0
16665 <... munmap resumed>)             = 0
16664 munmap(0x100100000000, 16384 <unfinished ...>
16663 munmap(0x100080000000, 16384 <unfinished ...>
16662 <... munmap resumed>)             = 0
16661 munmap(0x1000c0200000, 16384 <unfinished ...>
16658 munmap(0x100000200000, 16384 <unfinished ...>
16672 mmap(NULL, 16384, PROT_READ|PROT_WRITE, MAP_PRIVATE|MAP_ANONYMOUS|MAP_NORESERVE, -1, 0 <unfinished ...>
16671 <... mmap resumed>)               = 0x100140200000
16670 munmap(0x100140000000, 16384 <unfinished ...>
16669 <... munmap resumed>)             = 0
16668 munmap(0x100040600000, 16384 <unfinished ...>
16667 <... munmap resumed>)             = 0
16666 mmap(NULL, 16384, PROT_READ|PROT_WRITE, MAP_PRIVATE|MAP_ANONYMOUS|MAP_NORESERVE, -1, 0 <unfinished ...>
16665 mmap(NULL, 16384, PROT_READ|PROT_WRITE, MAP_PRIVATE|MAP_ANONYMOUS|MAP_NORESERVE, -1, 0 <unfinished ...>
16664 <... munmap resumed>)             = 0
16663 <... munmap resumed>)             = 0
16661 <... munmap resumed>)             = 0
16660 <... munmap resumed>)             = 0
16659 munmap(0x100000000000, 16384 <unfinished ...>
16657 <... munmap resumed>)             = 0
16672 <... mmap resumed>)               = 0x100140000000
16670 <... munmap resumed>)             = 0
16666 <... mmap resumed>)               = 0x100000200000
16662 mmap(NULL, 16384, PROT_READ|PROT_WRITE, MAP_PRIVATE|MAP_ANONYMOUS|MAP_NORESERVE, -1, 0 <unfinished ...>
16658 <... munmap resumed>)             = 0
16663 mmap(NULL, 16384, PROT_READ|PROT_WRITE, MAP_PRIVATE|MAP_ANONYMOUS|MAP_NORESERVE, -1, 0 <unfinished ...>
16670 mmap(NULL, 16384, PROT_READ|PROT_WRITE, MAP_PRIVATE|MAP_ANONYMOUS|MAP_NORESERVE, -1, 0 <unfinished ...>
16671 munmap(0x100140200000, 16384 <unfinished ...>
16669 mmap(NULL, 16384, PROT_READ|PROT_WRITE, MAP_PRIVATE|MAP_ANONYMOUS|MAP_NORESERVE, -1, 0 <unfinished ...>
16668 <... munmap resumed>)             = 0
16666 munmap(0x100000200000, 16384 <unfinished ...>
16665 <... mmap resumed>)               = 0x1000c0200000
16664 mmap(NULL, 16384, PROT_READ|PROT_WRITE, MAP_PRIVATE|MAP_ANONYMOUS|MAP_NORESERVE, -1, 0 <unfinished ...>
16663 <... mmap resumed>)               = 0x100000000000
16661 mmap(NULL, 16384, PROT_READ|PROT_WRITE, MAP_PRIVATE|MAP_ANONYMOUS|MAP_NORESERVE, -1, 0 <unfinished ...>
16660 mmap(NULL, 16384, PROT_READ|PROT_WRITE, MAP_PRIVATE|MAP_ANONYMOUS|MAP_NORESERVE, -1, 0 <unfinished ...>
16659 <... munmap resumed>)             = 0
16658 mmap(NULL, 16384, PROT_READ|PROT_WRITE, MAP_PRIVATE|MAP_ANONYMOUS|MAP_NORESERVE, -1, 0 <unfinished ...>
16657 mmap(NULL, 16384, PROT_READ|PROT_WRITE, MAP_PRIVATE|MAP_ANONYMOUS|MAP_NORESERVE, -1, 0 <unfinished ...>
16672 munmap(0x100140000000, 16384 <unfinished ...>
16670 <... mmap resumed>)               = 0x100040600000
16661 <... mmap resumed>)               = 0x100080000000
16672 <... munmap resumed>)             = 0
16671 <... munmap resumed>)             = 0
16670 munmap(0x100040600000, 16384 <unfinished ...>
16669 <... mmap resumed>)               = 0x100040000000
16668 mmap(NULL, 16384, PROT_READ|PROT_WRITE, MAP_PRIVATE|MAP_ANONYMOUS|MAP_NORESERVE, -1, 0 <unfinished ...>
16667 mmap(NULL, 16384, PROT_READ|PROT_WRITE, MAP_PRIVATE|MAP_ANONYMOUS|MAP_NORESERVE, -1, 0 <unfinished ...>
16666 <... munmap resumed>)             = 0
16665 munmap(0x1000c0200000, 16384 <unfinished ...>
16664 <... mmap resumed>)               = 0x100000200000
16663 munmap(0x100000000000, 16384 <unfinished ...>
16662 <... mmap resumed>)               = 0x100140200000
16661 munmap(0x100080000000, 16384 <unfinished ...>
16660 <... mmap resumed>)               = 0x100140000000
16659 mmap(NULL, 16384, PROT_READ|PROT_WRITE, MAP_PRIVATE|MAP_ANONYMOUS|MAP_NORESERVE, -1, 0 <unfinished ...>
16658 <... mmap resumed>)               = 0x100040200000
16657 <... mmap resumed>)               = 0x100100000000
16672 mmap(NULL, 16384, PROT_READ|PROT_WRITE, MAP_PRIVATE|MAP_ANONYMOUS|MAP_NORESERVE, -1, 0 <unfinished ...>
16671 mmap(NULL, 16384, PROT_READ|PROT_WRITE, MAP_PRIVATE|MAP_ANONYMOUS|MAP_NORESERVE, -1, 0 <unfinished ...>
16670 <... munmap resumed>)             = 0
16669 munmap(0x100040000000, 16384 <unfinished ...>
16668 <... mmap resumed>)               = 0x100040600000
16667 <... mmap resumed>)               = 0x100100200000
16666 mmap(NULL, 16384, PROT_READ|PROT_WRITE, MAP_PRIVATE|MAP_ANONYMOUS|MAP_NORESERVE, -1, 0 <unfinished ...>
16665 <... munmap resumed>)             = 0
16664 munmap(0x100000200000, 16384 <unfinished ...>
16663 <... munmap resumed>)             = 0
16662 munmap(0x100140200000, 16384 <unfinished ...>
16661 <... munmap resumed>)             = 0
16660 munmap(0x100140000000, 16384 <unfinished ...>
16659 <... mmap resumed>)               = 0x100000000000
16658 munmap(0x100040200000, 16384 <unfinished ...>
16657 munmap(0x100100000000, 16384 <unfinished ...>
16672 <... mmap resumed>)               = 0x100080000000
16671 <... mmap resumed>)               = 0x1000c0200000
16670 mmap(NULL, 16384, PROT_READ|PROT_WRITE, MAP_PRIVATE|MAP_ANONYMOUS|MAP_NORESERVE, -1, 0 <unfinished ...>
16669 <... munmap resumed>)             = 0
16668 munmap(0x100040600000, 16384 <unfinished ...>
16667 munmap(0x100100200000, 16384 <unfinished ...>
16666 <... mmap resumed>)               = 0x100040000000
16665 mmap(NULL, 16384, PROT_READ|PROT_WRITE, MAP_PRIVATE|MAP_ANONYMOUS|MAP_NORESERVE, -1, 0 <unfinished ...>
16664 <... munmap resumed>)             = 0
16663 mmap(NULL, 16384, PROT_READ|PROT_WRITE, MAP_PRIVATE|MAP_ANONYMOUS|MAP_NORESERVE, -1, 0 <unfinished ...>
16662 <... munmap resumed>)             = 0
16661 mmap(NULL, 16384, PROT_READ|PROT_WRITE, MAP_PRIVATE|MAP_ANONYMOUS|MAP_NORESERVE, -1, 0 <unfinished ...>
16660 <... munmap resumed>)             = 0
16659 munmap(0x100000000000, 16384 <unfinished ...>
16672 munmap(0x100080000000, 16384 <unfinished ...>
16671 munmap(0x1000c0200000, 16384 <unfinished ...>
16670 <... mmap resumed>)               = 0x100100000000
16669 mmap(NULL, 16384, PROT_READ|PROT_WRITE, MAP_PRIVATE|MAP_ANONYMOUS|MAP_NORESERVE, -1, 0 <unfinished ...>
16668 <... munmap resumed>)             = 0
16667 <... munmap resumed>)             = 0
16666 munmap(0x100040000000, 16384 <unfinished ...>
16665 <... mmap resumed>)               = 0x100100200000
16664 mmap(NULL, 16384, PROT_READ|PROT_WRITE, MAP_PRIVATE|MAP_ANONYMOUS|MAP_NORESERVE, -1, 0 <unfinished ...>
16663 <... mmap resumed>)               = 0x100040600000
16661 <... mmap resumed>)               = 0x100040200000
16658 <... munmap resumed>)             = 0
16657 <... munmap resumed>)             = 0
16672 <... munmap resumed>)             = 0
16671 <... munmap resumed>)             = 0
16670 munmap(0x100100000000, 16384 <unfinished ...>
16669 <... mmap resumed>)               = 0x100000000000
16668 mmap(NULL, 16384, PROT_READ|PROT_WRITE, MAP_PRIVATE|MAP_ANONYMOUS|MAP_NORESERVE, -1, 0 <unfinished ...>
16667 mmap(NULL, 16384, PROT_READ|PROT_WRITE, MAP_PRIVATE|MAP_ANONYMOUS|MAP_NORESERVE, -1, 0 <unfinished ...>
16666 <... munmap resumed>)             = 0
16665 munmap(0x100100200000, 16384 <unfinished ...>
16663 munmap(0x100040600000, 16384 <unfinished ...>
16662 mmap(NULL, 16384, PROT_READ|PROT_WRITE, MAP_PRIVATE|MAP_ANONYMOUS|MAP_NORESERVE, -1, 0 <unfinished ...>
16661 munmap(0x100040200000, 16384 <unfinished ...>
16660 mmap(NULL, 16384, PROT_READ|PROT_WRITE, MAP_PRIVATE|MAP_ANONYMOUS|MAP_NORESERVE, -1, 0 <unfinished ...>
16659 <... munmap resumed>)             = 0
16658 mmap(NULL, 16384, PROT_READ|PROT_WRITE, MAP_PRIVATE|MAP_ANONYMOUS|MAP_NORESERVE, -1, 0 <unfinished ...>
16672 mmap(NULL, 16384, PROT_READ|PROT_WRITE, MAP_PRIVATE|MAP_ANONYMOUS|MAP_NORESERVE, -1, 0 <unfinished ...>
16671 mmap(NULL, 16384, PROT_READ|PROT_WRITE, MAP_PRIVATE|MAP_ANONYMOUS|MAP_NORESERVE, -1, 0 <unfinished ...>
16670 <... munmap resumed>)             = 0
16669 munmap(0x100000000000, 16384 <unfinished ...>
16668 <... mmap resumed>)               = 0x100100000000
16667 <... mmap resumed>)               = 0x100080000000
16666 mmap(NULL, 16384, PROT_READ|PROT_WRITE, MAP_PRIVATE|MAP_ANONYMOUS|MAP_NORESERVE, -1, 0 <unfinished ...>
16665 <... munmap resumed>)             = 0
16664 <... mmap resumed>)               = 0x100040000000
16663 <... munmap resumed>)             = 0
16662 <... mmap resumed>)               = 0x100040600000
16661 <... munmap resumed>)             = 0
16660 <... mmap resumed>)               = 0x100040200000
16659 mmap(NULL, 16384, PROT_READ|PROT_WRITE, MAP_PRIVATE|MAP_ANONYMOUS|MAP_NORESERVE, -1, 0 <unfinished ...>
16657 mmap(NULL, 16384, PROT_READ|PROT_WRITE, MAP_PRIVATE|MAP_ANONYMOUS|MAP_NORESERVE, -1, 0 <unfinished ...>
16672 <... mmap resumed>)               = 0x1000c0200000
16671 <... mmap resumed>)               = 0x100140000000
16670 mmap(NULL, 16384, PROT_READ|PROT_WRITE, MAP_PRIVATE|MAP_ANONYMOUS|MAP_NORESERVE, -1, 0 <unfinished ...>
16668 munmap(0x100100000000, 16384 <unfinished ...>
16667 munmap(0x100080000000, 16384 <unfinished ...>
16666 <... mmap resumed>)               = 0x100140200000
16665 mmap(NULL, 16384, PROT_READ|PROT_WRITE, MAP_PRIVATE|MAP_ANONYMOUS|MAP_NORESERVE, -1, 0 <unfinished ...>
16662 munmap(0x100040600000, 16384 <unfinished ...>
16660 munmap(0x100040200000, 16384 <unfinished ...>
16658 <... mmap resumed>)               = 0x100100200000
16672 munmap(0x1000c0200000, 16384)     = 0
16671 munmap(0x100140000000, 16384 <unfinished ...>
16670 <... mmap resumed>)               = 0x100080000000
16669 <... munmap resumed>)             = 0
16668 <... munmap resumed>)             = 0
16667 <... munmap resumed>)             = 0
16666 munmap(0x100140200000, 16384 <unfinished ...>
16665 <... mmap resumed>)               = 0x100040600000
16664 munmap(0x100040000000, 16384 <unfinished ...>
16663 mmap(NULL, 16384, PROT_READ|PROT_WRITE, MAP_PRIVATE|MAP_ANONYMOUS|MAP_NORESERVE, -1, 0 <unfinished ...>
16662 <... munmap resumed>)             = 0
16661 mmap(NULL, 16384, PROT_READ|PROT_WRITE, MAP_PRIVATE|MAP_ANONYMOUS|MAP_NORESERVE, -1, 0 <unfinished ...>
16660 <... munmap resumed>)             = 0
16659 <... mmap resumed>)               = 0x1000c0200000
16658 munmap(0x100100200000, 16384 <unfinished ...>
16657 <... mmap resumed>)               = 0x100100000000
16672 mmap(NULL, 16384, PROT_READ|PROT_WRITE, MAP_PRIVATE|MAP_ANONYMOUS|MAP_NORESERVE, -1, 0 <unfinished ...>
16671 <... munmap resumed>)             = 0
16670 munmap(0x100080000000, 16384 <unfinished ...>
16669 mmap(NULL, 16384, PROT_READ|PROT_WRITE, MAP_PRIVATE|MAP_ANONYMOUS|MAP_NORESERVE, -1, 0 <unfinished ...>
16668 mmap(NULL, 16384, PROT_READ|PROT_WRITE, MAP_PRIVATE|MAP_ANONYMOUS|MAP_NORESERVE, -1, 0 <unfinished ...>
16667 mmap(NULL, 16384, PROT_READ|PROT_WRITE, MAP_PRIVATE|MAP_ANONYMOUS|MAP_NORESERVE, -1, 0 <unfinished ...>
16666 <... munmap resumed>)             = 0
16665 munmap(0x100040600000, 16384 <unfinished ...>
16664 <... munmap resumed>)             = 0
16663 <... mmap resumed>)               = 0x100040000000
16662 mmap(NULL, 16384, PROT_READ|PROT_WRITE, MAP_PRIVATE|MAP_ANONYMOUS|MAP_NORESERVE, -1, 0 <unfinished ...>
16661 <... mmap resumed>)               = 0x100140200000
16660 mmap(NULL, 16384, PROT_READ|PROT_WRITE, MAP_PRIVATE|MAP_ANONYMOUS|MAP_NORESERVE, -1, 0 <unfinished ...>
16658 <... munmap resumed>)             = 0
16672 <... mmap resumed>)               = 0x100100200000
16671 mmap(NULL, 16384, PROT_READ|PROT_WRITE, MAP_PRIVATE|MAP_ANONYMOUS|MAP_NORESERVE, -1, 0 <unfinished ...>
16670 <... munmap resumed>)             = 0
16669 <... mmap resumed>)               = 0x100140000000
16668 <... mmap resumed>)               = 0x100080000000
16667 <... mmap resumed>)               = 0x100040200000
16666 mmap(NULL, 16384, PROT_READ|PROT_WRITE, MAP_PRIVATE|MAP_ANONYMOUS|MAP_NORESERVE, -1, 0 <unfinished ...>
16665 <... munmap resumed>)             = 0
16664 mmap(NULL, 16384, PROT_READ|PROT_WRITE, MAP_PRIVATE|MAP_ANONYMOUS|MAP_NORESERVE, -1, 0 <unfinished ...>
16663 munmap(0x100040000000, 16384 <unfinished ...>
16662 <... mmap resumed>)               = 0x100000000000
16661 munmap(0x100140200000, 16384 <unfinished ...>
16660 <... mmap resumed>)               = 0x100040600000
16659 munmap(0x1000c0200000, 16384 <unfinished ...>
16657 munmap(0x100100000000, 16384 <unfinished ...>
16672 munmap(0x100100200000, 16384 <unfinished ...>
16671 <... mmap resumed>)               = 0x100000200000
16670 mmap(NULL, 16384, PROT_READ|PROT_WRITE, MAP_PRIVATE|MAP_ANONYMOUS|MAP_NORESERVE, -1, 0 <unfinished ...>
16669 munmap(0x100140000000, 16384 <unfinished ...>
16668 munmap(0x100080000000, 16384 <unfinished ...>
16667 munmap(0x100040200000, 16384 <unfinished ...>
16666 <... mmap resumed>)               = 0x1000c0000000
16665 mmap(NULL, 16384, PROT_READ|PROT_WRITE, MAP_PRIVATE|MAP_ANONYMOUS|MAP_NORESERVE, -1, 0 <unfinished ...>
16664 <... mmap resumed>)               = 0x100040400000
16663 <... munmap resumed>)             = 0
16662 munmap(0x100000000000, 16384 <unfinished ...>
16661 <... munmap resumed>)             = 0
16660 munmap(0x100040600000, 16384 <unfinished ...>
16658 mmap(NULL, 16384, PROT_READ|PROT_WRITE, MAP_PRIVATE|MAP_ANONYMOUS|MAP_NORESERVE, -1, 0 <unfinished ...>
16657 <... munmap resumed>)             = 0
16672 <... munmap resumed>)             = 0
16671 munmap(0x100000200000, 16384 <unfinished ...>
16670 <... mmap resumed>)               = 0x100080000000
16669 <... munmap resumed>)             = 0
16668 <... munmap resumed>)             = 0
16667 <... munmap resumed>)             = 0
16666 munmap(0x1000c0000000, 16384 <unfinished ...>
16665 <... mmap resumed>)               = 0x100100200000
16664 munmap(0x100040400000, 16384 <unfinished ...>
16663 mmap(NULL, 16384, PROT_READ|PROT_WRITE, MAP_PRIVATE|MAP_ANONYMOUS|MAP_NORESERVE, -1, 0 <unfinished ...>
16662 <... munmap resumed>)             = 0
16661 mmap(NULL, 16384, PROT_READ|PROT_WRITE, MAP_PRIVATE|MAP_ANONYMOUS|MAP_NORESERVE, -1, 0 <unfinished ...>
16660 <... munmap resumed>)             = 0
16659 <... munmap resumed>)             = 0
16672 mmap(NULL, 16384, PROT_READ|PROT_WRITE, MAP_PRIVATE|MAP_ANONYMOUS|MAP_NORESERVE, -1, 0 <unfinished ...>
16671 <... munmap resumed>)             = 0
16670 munmap(0x100080000000, 16384 <unfinished ...>
16669 mmap(NULL, 16384, PROT_READ|PROT_WRITE, MAP_PRIVATE|MAP_ANONYMOUS|MAP_NORESERVE, -1, 0 <unfinished ...>
16668 mmap(NULL, 16384, PROT_READ|PROT_WRITE, MAP_PRIVATE|MAP_ANONYMOUS|MAP_NORESERVE, -1, 0 <unfinished ...>
16667 mmap(NULL, 16384, PROT_READ|PROT_WRITE, MAP_PRIVATE|MAP_ANONYMOUS|MAP_NORESERVE, -1, 0 <unfinished ...>
16666 <... munmap resumed>)             = 0
16665 munmap(0x100100200000, 16384 <unfinished ...>
16664 <... munmap resumed>)             = 0
16663 <... mmap resumed>)               = 0x100040400000
16662 mmap(NULL, 16384, PROT_READ|PROT_WRITE, MAP_PRIVATE|MAP_ANONYMOUS|MAP_NORESERVE, -1, 0 <unfinished ...>
16661 <... mmap resumed>)               = 0x1000c0000000
16660 mmap(NULL, 16384, PROT_READ|PROT_WRITE, MAP_PRIVATE|MAP_ANONYMOUS|MAP_NORESERVE, -1, 0 <unfinished ...>
16659 mmap(NULL, 16384, PROT_READ|PROT_WRITE, MAP_PRIVATE|MAP_ANONYMOUS|MAP_NORESERVE, -1, 0 <unfinished ...>
16658 <... mmap resumed>)               = 0x100040600000
16657 mmap(NULL, 16384, PROT_READ|PROT_WRITE, MAP_PRIVATE|MAP_ANONYMOUS|MAP_NORESERVE, -1, 0 <unfinished ...>
16672 <... mmap resumed>)               = 0x100000200000
16671 mmap(NULL, 16384, PROT_READ|PROT_WRITE, MAP_PRIVATE|MAP_ANONYMOUS|MAP_NORESERVE, -1, 0 <unfinished ...>
16670 <... munmap resumed>)             = 0
16669 <... mmap resumed>)               = 0x100000000000
16668 <... mmap resumed>)               = 0x100080000000
16667 <... mmap resumed>)               = 0x100040200000
16666 mmap(NULL, 16384, PROT_READ|PROT_WRITE, MAP_PRIVATE|MAP_ANONYMOUS|MAP_NORESERVE, -1, 0 <unfinished ...>
16665 <... munmap resumed>)             = 0
16664 mmap(NULL, 16384, PROT_READ|PROT_WRITE, MAP_PRIVATE|MAP_ANONYMOUS|MAP_NORESERVE, -1, 0 <unfinished ...>
16663 munmap(0x100040400000, 16384 <unfinished ...>
16662 <... mmap resumed>)               = 0x100100200000
16661 munmap(0x1000c0000000, 16384 <unfinished ...>
16660 <... mmap resumed>)               = 0x100140000000
16659 <... mmap resumed>)               = 0x1000c0200000
16658 munmap(0x100040600000, 16384 <unfinished ...>
16657 <... mmap resumed>)               = 0x100100000000
16672 munmap(0x100000200000, 16384 <unfinished ...>
16671 <... mmap resumed>)               = 0x100140200000
16670 mmap(NULL, 16384, PROT_READ|PROT_WRITE, MAP_PRIVATE|MAP_ANONYMOUS|MAP_NORESERVE, -1, 0 <unfinished ...>
16669 munmap(0x100000000000, 16384 <unfinished ...>
16668 munmap(0x100080000000, 16384 <unfinished ...>
16667 munmap(0x100040200000, 16384 <unfinished ...>
16666 <... mmap resumed>)               = 0x100040000000
16665 mmap(NULL, 16384, PROT_READ|PROT_WRITE, MAP_PRIVATE|MAP_ANONYMOUS|MAP_NORESERVE, -1, 0 <unfinished ...>
16664 <... mmap resumed>)               = 0x100040400000
16663 <... munmap resumed>)             = 0
16662 munmap(0x100100200000, 16384 <unfinished ...>
16661 <... munmap resumed>)             = 0
16660 munmap(0x100140000000, 16384 <unfinished ...>
16659 munmap(0x1000c0200000, 16384 <unfinished ...>
16658 <... munmap resumed>)             = 0
16657 munmap(0x100100000000, 16384 <unfinished ...>
16672 <... munmap resumed>)             = 0
16671 munmap(0x100140200000, 16384 <unfinished ...>
16670 <... mmap resumed>)               = 0x100000200000
16669 <... munmap resumed>)             = 0
16668 <... munmap resumed>)             = 0
16667 <... munmap resumed>)             = 0
16666 munmap(0x100040000000, 16384 <unfinished ...>
16665 <... mmap resumed>)               = 0x100040200000
16664 munmap(0x100040400000, 16384 <unfinished ...>
16663 mmap(NULL, 16384, PROT_READ|PROT_WRITE, MAP_PRIVATE|MAP_ANONYMOUS|MAP_NORESERVE, -1, 0 <unfinished ...>
16661 mmap(NULL, 16384, PROT_READ|PROT_WRITE, MAP_PRIVATE|MAP_ANONYMOUS|MAP_NORESERVE, -1, 0 <unfinished ...>
16660 <... munmap resumed>)             = 0
16658 mmap(NULL, 16384, PROT_READ|PROT_WRITE, MAP_PRIVATE|MAP_ANONYMOUS|MAP_NORESERVE, -1, 0 <unfinished ...>
16657 <... munmap resumed>)             = 0
16672 mmap(NULL, 16384, PROT_READ|PROT_WRITE, MAP_PRIVATE|MAP_ANONYMOUS|MAP_NORESERVE, -1, 0 <unfinished ...>
16671 <... munmap resumed>)             = 0
16670 munmap(0x100000200000, 16384 <unfinished ...>
16669 mmap(NULL, 16384, PROT_READ|PROT_WRITE, MAP_PRIVATE|MAP_ANONYMOUS|MAP_NORESERVE, -1, 0 <unfinished ...>
16668 mmap(NULL, 16384, PROT_READ|PROT_WRITE, MAP_PRIVATE|MAP_ANONYMOUS|MAP_NORESERVE, -1, 0 <unfinished ...>
16667 mmap(NULL, 16384, PROT_READ|PROT_WRITE, MAP_PRIVATE|MAP_ANONYMOUS|MAP_NORESERVE, -1, 0 <unfinished ...>
16666 <... munmap resumed>)             = 0
16665 munmap(0x100040200000, 16384 <unfinished ...>
16664 <... munmap resumed>)             = 0
16663 <... mmap resumed>)               = 0x100040000000
16662 <... munmap resumed>)             = 0
16661 <... mmap resumed>)               = 0x100040400000
16660 mmap(NULL, 16384, PROT_READ|PROT_WRITE, MAP_PRIVATE|MAP_ANONYMOUS|MAP_NORESERVE, -1, 0 <unfinished ...>
16659 <... munmap resumed>)             = 0
16658 <... mmap resumed>)               = 0x100140200000
16657 mmap(NULL, 16384, PROT_READ|PROT_WRITE, MAP_PRIVATE|MAP_ANONYMOUS|MAP_NORESERVE, -1, 0 <unfinished ...>
16672 <... mmap resumed>)               = 0x1000c0200000
16671 mmap(NULL, 16384, PROT_READ|PROT_WRITE, MAP_PRIVATE|MAP_ANONYMOUS|MAP_NORESERVE, -1, 0 <unfinished ...>
16670 <... munmap resumed>)             = 0
16669 <... mmap resumed>)               = 0x100040200000
16668 <... mmap resumed>)               = 0x100100200000
16667 <... mmap resumed>)               = 0x100000200000
16666 mmap(NULL, 16384, PROT_READ|PROT_WRITE, MAP_PRIVATE|MAP_ANONYMOUS|MAP_NORESERVE, -1, 0 <unfinished ...>
16665 <... munmap resumed>)             = 0
16664 mmap(NULL, 16384, PROT_READ|PROT_WRITE, MAP_PRIVATE|MAP_ANONYMOUS|MAP_NORESERVE, -1, 0 <unfinished ...>
16663 munmap(0x100040000000, 16384 <unfinished ...>
16662 mmap(NULL, 16384, PROT_READ|PROT_WRITE, MAP_PRIVATE|MAP_ANONYMOUS|MAP_NORESERVE, -1, 0 <unfinished ...>
16661 munmap(0x100040400000, 16384 <unfinished ...>
16660 <... mmap resumed>)               = 0x100140000000
16659 mmap(NULL, 16384, PROT_READ|PROT_WRITE, MAP_PRIVATE|MAP_ANONYMOUS|MAP_NORESERVE, -1, 0 <unfinished ...>
16658 munmap(0x100140200000, 16384 <unfinished ...>
16672 munmap(0x1000c0200000, 16384 <unfinished ...>
16671 <... mmap resumed>)               = 0x100080000000
16670 mmap(NULL, 16384, PROT_READ|PROT_WRITE, MAP_PRIVATE|MAP_ANONYMOUS|MAP_NORESERVE, -1, 0 <unfinished ...>
16669 munmap(0x100040200000, 16384 <unfinished ...>
16668 munmap(0x100100200000, 16384 <unfinished ...>
16667 munmap(0x100000200000, 16384 <unfinished ...>
16666 <... mmap resumed>)               = 0x100000000000
16665 mmap(NULL, 16384, PROT_READ|PROT_WRITE, MAP_PRIVATE|MAP_ANONYMOUS|MAP_NORESERVE, -1, 0 <unfinished ...>
16664 <... mmap resumed>)               = 0x100040600000
16663 <... munmap resumed>)             = 0
16662 <... mmap resumed>)               = 0x100040000000
16661 <... munmap resumed>)             = 0
16657 <... mmap resumed>)               = 0x100100000000
16660 munmap(0x100140000000, 16384 <unfinished ...>
16659 <... mmap resumed>)               = 0x100040400000
16672 <... munmap resumed>)             = 0
16658 <... munmap resumed>)             = 0
16668 <... munmap resumed>)             = 0
16669 <... munmap resumed>)             = 0
16667 <... munmap resumed>)             = 0
16671 munmap(0x100080000000, 16384 <unfinished ...>
16670 <... mmap resumed>)               = 0x100000200000
16668 mmap(NULL, 16384, PROT_READ|PROT_WRITE, MAP_PRIVATE|MAP_ANONYMOUS|MAP_NORESERVE, -1, 0 <unfinished ...>
16665 <... mmap resumed>)               = 0x100040200000
16664 munmap(0x100040600000, 16384 <unfinished ...>
16663 mmap(NULL, 16384, PROT_READ|PROT_WRITE, MAP_PRIVATE|MAP_ANONYMOUS|MAP_NORESERVE, -1, 0 <unfinished ...>
16661 mmap(NULL, 16384, PROT_READ|PROT_WRITE, MAP_PRIVATE|MAP_ANONYMOUS|MAP_NORESERVE, -1, 0 <unfinished ...>
16657 munmap(0x100100000000, 16384 <unfinished ...>
16672 mmap(NULL, 16384, PROT_READ|PROT_WRITE, MAP_PRIVATE|MAP_ANONYMOUS|MAP_NORESERVE, -1, 0 <unfinished ...>
16671 <... munmap resumed>)             = 0
16670 munmap(0x100000200000, 16384 <unfinished ...>
16669 mmap(NULL, 16384, PROT_READ|PROT_WRITE, MAP_PRIVATE|MAP_ANONYMOUS|MAP_NORESERVE, -1, 0 <unfinished ...>
16668 <... mmap resumed>)               = 0x100140000000
16667 mmap(NULL, 16384, PROT_READ|PROT_WRITE, MAP_PRIVATE|MAP_ANONYMOUS|MAP_NORESERVE, -1, 0 <unfinished ...>
16666 munmap(0x100000000000, 16384 <unfinished ...>
16665 munmap(0x100040200000, 16384 <unfinished ...>
16664 <... munmap resumed>)             = 0
16663 <... mmap resumed>)               = 0x100080000000
16662 munmap(0x100040000000, 16384 <unfinished ...>
16661 <... mmap resumed>)               = 0x100040600000
16660 <... munmap resumed>)             = 0
16659 munmap(0x100040400000, 16384 <unfinished ...>
16658 mmap(NULL, 16384, PROT_READ|PROT_WRITE, MAP_PRIVATE|MAP_ANONYMOUS|MAP_NORESERVE, -1, 0 <unfinished ...>
16672 <... mmap resumed>)               = 0x100100000000
16671 mmap(NULL, 16384, PROT_READ|PROT_WRITE, MAP_PRIVATE|MAP_ANONYMOUS|MAP_NORESERVE, -1, 0 <unfinished ...>
16670 <... munmap resumed>)             = 0
16669 <... mmap resumed>)               = 0x100100200000
16668 munmap(0x100140000000, 16384 <unfinished ...>
16667 <... mmap resumed>)               = 0x100040200000
16666 <... munmap resumed>)             = 0
16665 <... munmap resumed>)             = 0
16664 mmap(NULL, 16384, PROT_READ|PROT_WRITE, MAP_PRIVATE|MAP_ANONYMOUS|MAP_NORESERVE, -1, 0 <unfinished ...>
16663 munmap(0x100080000000, 16384 <unfinished ...>
16662 <... munmap resumed>)             = 0
16661 munmap(0x100040600000, 16384 <unfinished ...>
16660 mmap(NULL, 16384, PROT_READ|PROT_WRITE, MAP_PRIVATE|MAP_ANONYMOUS|MAP_NORESERVE, -1, 0 <unfinished ...>
16659 <... munmap resumed>)             = 0
16657 <... munmap resumed>)             = 0
16672 munmap(0x100100000000, 16384 <unfinished ...>
16671 <... mmap resumed>)               = 0x100040000000
16670 mmap(NULL, 16384, PROT_READ|PROT_WRITE, MAP_PRIVATE|MAP_ANONYMOUS|MAP_NORESERVE, -1, 0 <unfinished ...>
16669 munmap(0x100100200000, 16384 <unfinished ...>
16668 <... munmap resumed>)             = 0
16667 munmap(0x100040200000, 16384 <unfinished ...>
16666 mmap(NULL, 16384, PROT_READ|PROT_WRITE, MAP_PRIVATE|MAP_ANONYMOUS|MAP_NORESERVE, -1, 0 <unfinished ...>
16665 mmap(NULL, 16384, PROT_READ|PROT_WRITE, MAP_PRIVATE|MAP_ANONYMOUS|MAP_NORESERVE, -1, 0 <unfinished ...>
16664 <... mmap resumed>)               = 0x100140000000
16663 <... munmap resumed>)             = 0
16662 mmap(NULL, 16384, PROT_READ|PROT_WRITE, MAP_PRIVATE|MAP_ANONYMOUS|MAP_NORESERVE, -1, 0 <unfinished ...>
16660 <... mmap resumed>)               = 0x100080000000
16659 mmap(NULL, 16384, PROT_READ|PROT_WRITE, MAP_PRIVATE|MAP_ANONYMOUS|MAP_NORESERVE, -1, 0 <unfinished ...>
16658 <... mmap resumed>)               = 0x100040400000
16672 <... munmap resumed>)             = 0
16671 munmap(0x100040000000, 16384 <unfinished ...>
16670 <... mmap resumed>)               = 0x100000000000
16669 <... munmap resumed>)             = 0
16668 mmap(NULL, 16384, PROT_READ|PROT_WRITE, MAP_PRIVATE|MAP_ANONYMOUS|MAP_NORESERVE, -1, 0 <unfinished ...>
16667 <... munmap resumed>)             = 0
16666 <... mmap resumed>)               = 0x100040200000
16665 <... mmap resumed>)               = 0x100100200000
16663 mmap(NULL, 16384, PROT_READ|PROT_WRITE, MAP_PRIVATE|MAP_ANONYMOUS|MAP_NORESERVE, -1, 0 <unfinished ...>
16662 <... mmap resumed>)               = 0x100100000000
16661 <... munmap resumed>)             = 0
16660 munmap(0x100080000000, 16384 <unfinished ...>
16657 mmap(NULL, 16384, PROT_READ|PROT_WRITE, MAP_PRIVATE|MAP_ANONYMOUS|MAP_NORESERVE, -1, 0 <unfinished ...>
16672 mmap(NULL, 16384, PROT_READ|PROT_WRITE, MAP_PRIVATE|MAP_ANONYMOUS|MAP_NORESERVE, -1, 0 <unfinished ...>
16671 <... munmap resumed>)             = 0
16670 munmap(0x100000000000, 16384 <unfinished ...>
16669 mmap(NULL, 16384, PROT_READ|PROT_WRITE, MAP_PRIVATE|MAP_ANONYMOUS|MAP_NORESERVE, -1, 0 <unfinished ...>
16668 <... mmap resumed>)               = 0x100040000000
16667 mmap(NULL, 16384, PROT_READ|PROT_WRITE, MAP_PRIVATE|MAP_ANONYMOUS|MAP_NORESERVE, -1, 0 <unfinished ...>
16666 munmap(0x100040200000, 16384 <unfinished ...>
16665 munmap(0x100100200000, 16384 <unfinished ...>
16664 munmap(0x100140000000, 16384 <unfinished ...>
16663 <... mmap resumed>)               = 0x100000200000
16659 <... mmap resumed>)               = 0x100040600000
16658 munmap(0x100040400000, 16384 <unfinished ...>
16672 <... mmap resumed>)               = 0x1000c0200000
16671 mmap(NULL, 16384, PROT_READ|PROT_WRITE, MAP_PRIVATE|MAP_ANONYMOUS|MAP_NORESERVE, -1, 0 <unfinished ...>
16670 <... munmap resumed>)             = 0
16669 <... mmap resumed>)               = 0x100140200000
16668 munmap(0x100040000000, 16384 <unfinished ...>
16667 <... mmap resumed>)               = 0x100000000000
16666 <... munmap resumed>)             = 0
16665 <... munmap resumed>)             = 0
16664 <... munmap resumed>)             = 0
16663 munmap(0x100000200000, 16384 <unfinished ...>
16662 munmap(0x100100000000, 16384 <unfinished ...>
16661 mmap(NULL, 16384, PROT_READ|PROT_WRITE, MAP_PRIVATE|MAP_ANONYMOUS|MAP_NORESERVE, -1, 0 <unfinished ...>
16660 <... munmap resumed>)             = 0
16657 <... mmap resumed>)               = 0x100080000000
16672 munmap(0x1000c0200000, 16384 <unfinished ...>
16671 <... mmap resumed>)               = 0x100040400000
16670 mmap(NULL, 16384, PROT_READ|PROT_WRITE, MAP_PRIVATE|MAP_ANONYMOUS|MAP_NORESERVE, -1, 0 <unfinished ...>
16669 munmap(0x100140200000, 16384 <unfinished ...>
16668 <... munmap resumed>)             = 0
16667 munmap(0x100000000000, 16384 <unfinished ...>
16666 mmap(NULL, 16384, PROT_READ|PROT_WRITE, MAP_PRIVATE|MAP_ANONYMOUS|MAP_NORESERVE, -1, 0 <unfinished ...>
16665 mmap(NULL, 16384, PROT_READ|PROT_WRITE, MAP_PRIVATE|MAP_ANONYMOUS|MAP_NORESERVE, -1, 0 <unfinished ...>
16664 mmap(NULL, 16384, PROT_READ|PROT_WRITE, MAP_PRIVATE|MAP_ANONYMOUS|MAP_NORESERVE, -1, 0 <unfinished ...>
16663 <... munmap resumed>)             = 0
16659 munmap(0x100040600000, 16384 <unfinished ...>
16660 mmap(NULL, 16384, PROT_READ|PROT_WRITE, MAP_PRIVATE|MAP_ANONYMOUS|MAP_NORESERVE, -1, 0 <unfinished ...>
16658 <... munmap resumed>)             = 0
16672 <... munmap resumed>)             = 0
16671 munmap(0x100040400000, 16384 <unfinished ...>
16670 <... mmap resumed>)               = 0x1000c0200000
16669 <... munmap resumed>)             = 0
16668 mmap(NULL, 16384, PROT_READ|PROT_WRITE, MAP_PRIVATE|MAP_ANONYMOUS|MAP_NORESERVE, -1, 0 <unfinished ...>
16667 <... munmap resumed>)             = 0
16666 <... mmap resumed>)               = 0x100140200000
16665 <... mmap resumed>)               = 0x100000000000
16664 <... mmap resumed>)               = 0x100000200000
16663 mmap(NULL, 16384, PROT_READ|PROT_WRITE, MAP_PRIVATE|MAP_ANONYMOUS|MAP_NORESERVE, -1, 0 <unfinished ...>
16662 <... munmap resumed>)             = 0
16661 <... mmap resumed>)               = 0x100100000000
16659 <... munmap resumed>)             = 0
16657 munmap(0x100080000000, 16384 <unfinished ...>
16672 mmap(NULL, 16384, PROT_READ|PROT_WRITE, MAP_PRIVATE|MAP_ANONYMOUS|MAP_NORESERVE, -1, 0 <unfinished ...>
16671 <... munmap resumed>)             = 0
16670 munmap(0x1000c0200000, 16384 <unfinished ...>
16669 mmap(NULL, 16384, PROT_READ|PROT_WRITE, MAP_PRIVATE|MAP_ANONYMOUS|MAP_NORESERVE, -1, 0 <unfinished ...>
16668 <... mmap resumed>)               = 0x100040400000
16658 mmap(NULL, 16384, PROT_READ|PROT_WRITE, MAP_PRIVATE|MAP_ANONYMOUS|MAP_NORESERVE, -1, 0 <unfinished ...>
16672 <... mmap resumed>)               = 0x100040600000
16669 <... mmap resumed>)               = 0x100040000000
16667 mmap(NULL, 16384, PROT_READ|PROT_WRITE, MAP_PRIVATE|MAP_ANONYMOUS|MAP_NORESERVE, -1, 0 <unfinished ...>
16666 munmap(0x100140200000, 16384 <unfinished ...>
16661 munmap(0x100100000000, 16384 <unfinished ...>
16659 mmap(NULL, 16384, PROT_READ|PROT_WRITE, MAP_PRIVATE|MAP_ANONYMOUS|MAP_NORESERVE, -1, 0 <unfinished ...>
16672 munmap(0x100040600000, 16384 <unfinished ...>
16671 mmap(NULL, 16384, PROT_READ|PROT_WRITE, MAP_PRIVATE|MAP_ANONYMOUS|MAP_NORESERVE, -1, 0 <unfinished ...>
16670 <... munmap resumed>)             = 0
16669 munmap(0x100040000000, 16384 <unfinished ...>
16668 munmap(0x100040400000, 16384 <unfinished ...>
16667 <... mmap resumed>)               = 0x100100200000
16665 munmap(0x100000000000, 16384 <unfinished ...>
16664 munmap(0x100000200000, 16384 <unfinished ...>
16663 <... mmap resumed>)               = 0x100140000000
16662 mmap(NULL, 16384, PROT_READ|PROT_WRITE, MAP_PRIVATE|MAP_ANONYMOUS|MAP_NORESERVE, -1, 0 <unfinished ...>
16660 <... mmap resumed>)               = 0x1000c0200000
16658 <... mmap resumed>)               = 0x100080000000
16657 <... munmap resumed>)             = 0
16672 <... munmap resumed>)             = 0
16670 mmap(NULL, 16384, PROT_READ|PROT_WRITE, MAP_PRIVATE|MAP_ANONYMOUS|MAP_NORESERVE, -1, 0 <unfinished ...>
16668 <... munmap resumed>)             = 0
16666 <... munmap resumed>)             = 0
16661 <... munmap resumed>)             = 0
16672 mmap(NULL, 16384, PROT_READ|PROT_WRITE, MAP_PRIVATE|MAP_ANONYMOUS|MAP_NORESERVE, -1, 0 <unfinished ...>
16671 <... mmap resumed>)               = 0x100040400000
16670 <... mmap resumed>)               = 0x100000000000
16669 <... munmap resumed>)             = 0
16668 mmap(NULL, 16384, PROT_READ|PROT_WRITE, MAP_PRIVATE|MAP_ANONYMOUS|MAP_NORESERVE, -1, 0 <unfinished ...>
16667 munmap(0x100100200000, 16384 <unfinished ...>
16666 mmap(NULL, 16384, PROT_READ|PROT_WRITE, MAP_PRIVATE|MAP_ANONYMOUS|MAP_NORESERVE, -1, 0 <unfinished ...>
16665 <... munmap resumed>)             = 0
16664 <... munmap resumed>)             = 0
16663 munmap(0x100140000000, 16384 <unfinished ...>
16662 <... mmap resumed>)               = 0x100000200000
16661 mmap(NULL, 16384, PROT_READ|PROT_WRITE, MAP_PRIVATE|MAP_ANONYMOUS|MAP_NORESERVE, -1, 0 <unfinished ...>
16672 <... mmap resumed>)               = 0x100040000000
16660 munmap(0x1000c0200000, 16384 <unfinished ...>
16659 <... mmap resumed>)               = 0x100040600000
16672 munmap(0x100040000000, 16384 <unfinished ...>
16671 munmap(0x100040400000, 16384 <unfinished ...>
16670 munmap(0x100000000000, 16384 <unfinished ...>
16669 mmap(NULL, 16384, PROT_READ|PROT_WRITE, MAP_PRIVATE|MAP_ANONYMOUS|MAP_NORESERVE, -1, 0 <unfinished ...>
16668 <... mmap resumed>)               = 0x100100000000
16667 <... munmap resumed>)             = 0
16666 <... mmap resumed>)               = 0x100140200000
16665 mmap(NULL, 16384, PROT_READ|PROT_WRITE, MAP_PRIVATE|MAP_ANONYMOUS|MAP_NORESERVE, -1, 0 <unfinished ...>
16664 mmap(NULL, 16384, PROT_READ|PROT_WRITE, MAP_PRIVATE|MAP_ANONYMOUS|MAP_NORESERVE, -1, 0 <unfinished ...>
16663 <... munmap resumed>)             = 0
16662 munmap(0x100000200000, 16384 <unfinished ...>
16661 <... mmap resumed>)               = 0x100040200000
16660 <... munmap resumed>)             = 0
16658 munmap(0x100080000000, 16384 <unfinished ...>
16657 mmap(NULL, 16384, PROT_READ|PROT_WRITE, MAP_PRIVATE|MAP_ANONYMOUS|MAP_NORESERVE, -1, 0 <unfinished ...>
16672 <... munmap resumed>)             = 0
16671 <... munmap resumed>)             = 0
16670 <... munmap resumed>)             = 0
16669 <... mmap resumed>)               = 0x100040400000
16668 munmap(0x100100000000, 16384 <unfinished ...>
16667 mmap(NULL, 16384, PROT_READ|PROT_WRITE, MAP_PRIVATE|MAP_ANONYMOUS|MAP_NORESERVE, -1, 0 <unfinished ...>
16666 munmap(0x100140200000, 16384 <unfinished ...>
16665 <... mmap resumed>)               = 0x100000000000
16664 <... mmap resumed>)               = 0x100040000000
16663 mmap(NULL, 16384, PROT_READ|PROT_WRITE, MAP_PRIVATE|MAP_ANONYMOUS|MAP_NORESERVE, -1, 0 <unfinished ...>
16662 <... munmap resumed>)             = 0
16661 munmap(0x100040200000, 16384 <unfinished ...>
16659 munmap(0x100040600000, 16384 <unfinished ...>
16672 mmap(NULL, 16384, PROT_READ|PROT_WRITE, MAP_PRIVATE|MAP_ANONYMOUS|MAP_NORESERVE, -1, 0 <unfinished ...>
16671 mmap(NULL, 16384, PROT_READ|PROT_WRITE, MAP_PRIVATE|MAP_ANONYMOUS|MAP_NORESERVE, -1, 0 <unfinished ...>
16670 mmap(NULL, 16384, PROT_READ|PROT_WRITE, MAP_PRIVATE|MAP_ANONYMOUS|MAP_NORESERVE, -1, 0 <unfinished ...>
16669 munmap(0x100040400000, 16384 <unfinished ...>
16668 <... munmap resumed>)             = 0
16667 <... mmap resumed>)               = 0x100080000000
16666 <... munmap resumed>)             = 0
16665 munmap(0x100000000000, 16384 <unfinished ...>
16664 munmap(0x100040000000, 16384 <unfinished ...>
16660 mmap(NULL, 16384, PROT_READ|PROT_WRITE, MAP_PRIVATE|MAP_ANONYMOUS|MAP_NORESERVE, -1, 0 <unfinished ...>
16658 <... munmap resumed>)             = 0
16657 <... mmap resumed>)               = 0x100000200000
16672 <... mmap resumed>)               = 0x1000c0200000
16671 <... mmap resumed>)               = 0x100100000000
16670 <... mmap resumed>)               = 0x100100200000
16669 <... munmap resumed>)             = 0
16668 mmap(NULL, 16384, PROT_READ|PROT_WRITE, MAP_PRIVATE|MAP_ANONYMOUS|MAP_NORESERVE, -1, 0 <unfinished ...>
16667 munmap(0x100080000000, 16384 <unfinished ...>
16666 mmap(NULL, 16384, PROT_READ|PROT_WRITE, MAP_PRIVATE|MAP_ANONYMOUS|MAP_NORESERVE, -1, 0 <unfinished ...>
16665 <... munmap resumed>)             = 0
16664 <... munmap resumed>)             = 0
16663 <... mmap resumed>)               = 0x100140200000
16662 mmap(NULL, 16384, PROT_READ|PROT_WRITE, MAP_PRIVATE|MAP_ANONYMOUS|MAP_NORESERVE, -1, 0 <unfinished ...>
16661 <... munmap resumed>)             = 0
16660 <... mmap resumed>)               = 0x100040000000
16659 <... munmap resumed>)             = 0
16672 munmap(0x1000c0200000, 16384 <unfinished ...>
16671 munmap(0x100100000000, 16384 <unfinished ...>
16670 munmap(0x100100200000, 16384 <unfinished ...>
16669 mmap(NULL, 16384, PROT_READ|PROT_WRITE, MAP_PRIVATE|MAP_ANONYMOUS|MAP_NORESERVE, -1, 0 <unfinished ...>
16668 <... mmap resumed>)               = 0x100000000000
16667 <... munmap resumed>)             = 0
16666 <... mmap resumed>)               = 0x100040400000
16665 mmap(NULL, 16384, PROT_READ|PROT_WRITE, MAP_PRIVATE|MAP_ANONYMOUS|MAP_NORESERVE, -1, 0 <unfinished ...>
16664 mmap(NULL, 16384, PROT_READ|PROT_WRITE, MAP_PRIVATE|MAP_ANONYMOUS|MAP_NORESERVE, -1, 0 <unfinished ...>
16663 munmap(0x100140200000, 16384 <unfinished ...>
16662 <... mmap resumed>)               = 0x100080000000
16661 mmap(NULL, 16384, PROT_READ|PROT_WRITE, MAP_PRIVATE|MAP_ANONYMOUS|MAP_NORESERVE, -1, 0 <unfinished ...>
16660 munmap(0x100040000000, 16384 <unfinished ...>
16658 mmap(NULL, 16384, PROT_READ|PROT_WRITE, MAP_PRIVATE|MAP_ANONYMOUS|MAP_NORESERVE, -1, 0 <unfinished ...>
16657 munmap(0x100000200000, 16384 <unfinished ...>
16672 <... munmap resumed>)             = 0
16671 <... munmap resumed>)             = 0
16670 <... munmap resumed>)             = 0
16669 <... mmap resumed>)               = 0x100100000000
16668 munmap(0x100000000000, 16384 <unfinished ...>
16667 mmap(NULL, 16384, PROT_READ|PROT_WRITE, MAP_PRIVATE|MAP_ANONYMOUS|MAP_NORESERVE, -1, 0 <unfinished ...>
16666 munmap(0x100040400000, 16384 <unfinished ...>
16665 <... mmap resumed>)               = 0x100100200000
16664 <... mmap resumed>)               = 0x1000c0200000
16662 munmap(0x100080000000, 16384 <unfinished ...>
16661 <... mmap resumed>)               = 0x100040200000
16660 <... munmap resumed>)             = 0
16659 mmap(NULL, 16384, PROT_READ|PROT_WRITE, MAP_PRIVATE|MAP_ANONYMOUS|MAP_NORESERVE, -1, 0 <unfinished ...>
16672 mmap(NULL, 16384, PROT_READ|PROT_WRITE, MAP_PRIVATE|MAP_ANONYMOUS|MAP_NORESERVE, -1, 0 <unfinished ...>
16671 mmap(NULL, 16384, PROT_READ|PROT_WRITE, MAP_PRIVATE|MAP_ANONYMOUS|MAP_NORESERVE, -1, 0 <unfinished ...>
16670 mmap(NULL, 16384, PROT_READ|PROT_WRITE, MAP_PRIVATE|MAP_ANONYMOUS|MAP_NORESERVE, -1, 0 <unfinished ...>
16669 munmap(0x100100000000, 16384 <unfinished ...>
16668 <... munmap resumed>)             = 0
16667 <... mmap resumed>)               = 0x100140200000
16666 <... munmap resumed>)             = 0
16665 munmap(0x100100200000, 16384 <unfinished ...>
16664 munmap(0x1000c0200000, 16384 <unfinished ...>
16663 <... munmap resumed>)             = 0
16662 <... munmap resumed>)             = 0
16661 munmap(0x100040200000, 16384 <unfinished ...>
16658 <... mmap resumed>)               = 0x100040000000
16657 <... munmap resumed>)             = 0
16672 <... mmap resumed>)               = 0x100040400000
16671 <... mmap resumed>)               = 0x100000000000
16670 <... mmap resumed>)               = 0x100100000000
16669 <... munmap resumed>)             = 0
16668 mmap(NULL, 16384, PROT_READ|PROT_WRITE, MAP_PRIVATE|MAP_ANONYMOUS|MAP_NORESERVE, -1, 0 <unfinished ...>
16667 munmap(0x100140200000, 16384 <unfinished ...>
16666 mmap(NULL, 16384, PROT_READ|PROT_WRITE, MAP_PRIVATE|MAP_ANONYMOUS|MAP_NORESERVE, -1, 0 <unfinished ...>
16665 <... munmap resumed>)             = 0
16664 <... munmap resumed>)             = 0
16663 mmap(NULL, 16384, PROT_READ|PROT_WRITE, MAP_PRIVATE|MAP_ANONYMOUS|MAP_NORESERVE, -1, 0 <unfinished ...>
16660 mmap(NULL, 16384, PROT_READ|PROT_WRITE, MAP_PRIVATE|MAP_ANONYMOUS|MAP_NORESERVE, -1, 0 <unfinished ...>
16659 <... mmap resumed>)               = 0x100080000000
16672 munmap(0x100040400000, 16384 <unfinished ...>
16671 munmap(0x100000000000, 16384 <unfinished ...>
16670 munmap(0x100100000000, 16384 <unfinished ...>
16669 mmap(NULL, 16384, PROT_READ|PROT_WRITE, MAP_PRIVATE|MAP_ANONYMOUS|MAP_NORESERVE, -1, 0 <unfinished ...>
16668 <... mmap resumed>)               = 0x100040200000
16667 <... munmap resumed>)             = 0
16666 <... mmap resumed>)               = 0x1000c0200000
16665 mmap(NULL, 16384, PROT_READ|PROT_WRITE, MAP_PRIVATE|MAP_ANONYMOUS|MAP_NORESERVE, -1, 0 <unfinished ...>
16664 mmap(NULL, 16384, PROT_READ|PROT_WRITE, MAP_PRIVATE|MAP_ANONYMOUS|MAP_NORESERVE, -1, 0 <unfinished ...>
16662 mmap(NULL, 16384, PROT_READ|PROT_WRITE, MAP_PRIVATE|MAP_ANONYMOUS|MAP_NORESERVE, -1, 0 <unfinished ...>
16661 <... munmap resumed>)             = 0
16658 munmap(0x100040000000, 16384 <unfinished ...>
16657 mmap(NULL, 16384, PROT_READ|PROT_WRITE, MAP_PRIVATE|MAP_ANONYMOUS|MAP_NORESERVE, -1, 0 <unfinished ...>
16672 <... munmap resumed>)             = 0
16671 <... munmap resumed>)             = 0
16670 <... munmap resumed>)             = 0
16669 <... mmap resumed>)               = 0x100000000000
16668 munmap(0x100040200000, 16384 <unfinished ...>
16667 mmap(NULL, 16384, PROT_READ|PROT_WRITE, MAP_PRIVATE|MAP_ANONYMOUS|MAP_NORESERVE, -1, 0 <unfinished ...>
16666 munmap(0x1000c0200000, 16384 <unfinished ...>
16665 <... mmap resumed>)               = 0x100100000000
16664 <... mmap resumed>)               = 0x100000200000
16663 <... mmap resumed>)               = 0x100140200000
16662 <... mmap resumed>)               = 0x100040400000
16661 mmap(NULL, 16384, PROT_READ|PROT_WRITE, MAP_PRIVATE|MAP_ANONYMOUS|MAP_NORESERVE, -1, 0 <unfinished ...>
16660 <... mmap resumed>)               = 0x100100200000
16659 munmap(0x100080000000, 16384 <unfinished ...>
16672 mmap(NULL, 16384, PROT_READ|PROT_WRITE, MAP_PRIVATE|MAP_ANONYMOUS|MAP_NORESERVE, -1, 0 <unfinished ...>
16671 mmap(NULL, 16384, PROT_READ|PROT_WRITE, MAP_PRIVATE|MAP_ANONYMOUS|MAP_NORESERVE, -1, 0 <unfinished ...>
16670 mmap(NULL, 16384, PROT_READ|PROT_WRITE, MAP_PRIVATE|MAP_ANONYMOUS|MAP_NORESERVE, -1, 0 <unfinished ...>
16669 munmap(0x100000000000, 16384 <unfinished ...>
16668 <... munmap resumed>)             = 0
16667 <... mmap resumed>)               = 0x1000c0200000
16666 <... munmap resumed>)             = 0
16665 munmap(0x100100000000, 16384 <unfinished ...>
16663 munmap(0x100140200000, 16384 <unfinished ...>
16662 munmap(0x100040400000, 16384 <unfinished ...>
16661 <... mmap resumed>)               = 0x100040200000
16658 <... munmap resumed>)             = 0
16657 <... mmap resumed>)               = 0x100040000000
16672 <... mmap resumed>)               = 0x100080000000
16671 <... mmap resumed>)               = 0x100040600000
16670 <... mmap resumed>)               = 0x100000000000
16669 <... munmap resumed>)             = 0
16668 mmap(NULL, 16384, PROT_READ|PROT_WRITE, MAP_PRIVATE|MAP_ANONYMOUS|MAP_NORESERVE, -1, 0 <unfinished ...>
16667 munmap(0x1000c0200000, 16384 <unfinished ...>
16666 mmap(NULL, 16384, PROT_READ|PROT_WRITE, MAP_PRIVATE|MAP_ANONYMOUS|MAP_NORESERVE, -1, 0 <unfinished ...>
16665 <... munmap resumed>)             = 0
16664 munmap(0x100000200000, 16384 <unfinished ...>
16663 <... munmap resumed>)             = 0
16662 <... munmap resumed>)             = 0
16660 munmap(0x100100200000, 16384 <unfinished ...>
16659 <... munmap resumed>)             = 0
16658 mmap(NULL, 16384, PROT_READ|PROT_WRITE, MAP_PRIVATE|MAP_ANONYMOUS|MAP_NORESERVE, -1, 0 <unfinished ...>
16672 munmap(0x100080000000, 16384 <unfinished ...>
16671 munmap(0x100040600000, 16384 <unfinished ...>
16670 munmap(0x100000000000, 16384 <unfinished ...>
16669 mmap(NULL, 16384, PROT_READ|PROT_WRITE, MAP_PRIVATE|MAP_ANONYMOUS|MAP_NORESERVE, -1, 0 <unfinished ...>
16668 <... mmap resumed>)               = 0x100040400000
16667 <... munmap resumed>)             = 0
16666 <... mmap resumed>)               = 0x1000c0200000
16665 mmap(NULL, 16384, PROT_READ|PROT_WRITE, MAP_PRIVATE|MAP_ANONYMOUS|MAP_NORESERVE, -1, 0 <unfinished ...>
16664 <... munmap resumed>)             = 0
16663 mmap(NULL, 16384, PROT_READ|PROT_WRITE, MAP_PRIVATE|MAP_ANONYMOUS|MAP_NORESERVE, -1, 0 <unfinished ...>
16662 mmap(NULL, 16384, PROT_READ|PROT_WRITE, MAP_PRIVATE|MAP_ANONYMOUS|MAP_NORESERVE, -1, 0 <unfinished ...>
16661 munmap(0x100040200000, 16384 <unfinished ...>
16660 <... munmap resumed>)             = 0
16657 munmap(0x100040000000, 16384 <unfinished ...>
16672 <... munmap resumed>)             = 0
16671 <... munmap resumed>)             = 0
16670 <... munmap resumed>)             = 0
16669 <... mmap resumed>)               = 0x100000000000
16668 munmap(0x100040400000, 16384 <unfinished ...>
16667 mmap(NULL, 16384, PROT_READ|PROT_WRITE, MAP_PRIVATE|MAP_ANONYMOUS|MAP_NORESERVE, -1, 0 <unfinished ...>
16666 munmap(0x1000c0200000, 16384 <unfinished ...>
16665 <... mmap resumed>)               = 0x100040600000
16664 mmap(NULL, 16384, PROT_READ|PROT_WRITE, MAP_PRIVATE|MAP_ANONYMOUS|MAP_NORESERVE, -1, 0 <unfinished ...>
16663 <... mmap resumed>)               = 0x100080000000
16662 <... mmap resumed>)               = 0x100000200000
16661 <... munmap resumed>)             = 0
16659 mmap(NULL, 16384, PROT_READ|PROT_WRITE, MAP_PRIVATE|MAP_ANONYMOUS|MAP_NORESERVE, -1, 0 <unfinished ...>
16658 <... mmap resumed>)               = 0x100100200000
16672 mmap(NULL, 16384, PROT_READ|PROT_WRITE, MAP_PRIVATE|MAP_ANONYMOUS|MAP_NORESERVE, -1, 0 <unfinished ...>
16671 mmap(NULL, 16384, PROT_READ|PROT_WRITE, MAP_PRIVATE|MAP_ANONYMOUS|MAP_NORESERVE, -1, 0 <unfinished ...>
16670 mmap(NULL, 16384, PROT_READ|PROT_WRITE, MAP_PRIVATE|MAP_ANONYMOUS|MAP_NORESERVE, -1, 0 <unfinished ...>
16669 munmap(0x100000000000, 16384 <unfinished ...>
16668 <... munmap resumed>)             = 0
16667 <... mmap resumed>)               = 0x100040000000
16666 <... munmap resumed>)             = 0
16665 munmap(0x100040600000, 16384 <unfinished ...>
16664 <... mmap resumed>)               = 0x1000c0200000
16663 munmap(0x100080000000, 16384 <unfinished ...>
16662 munmap(0x100000200000, 16384 <unfinished ...>
16660 mmap(NULL, 16384, PROT_READ|PROT_WRITE, MAP_PRIVATE|MAP_ANONYMOUS|MAP_NORESERVE, -1, 0 <unfinished ...>
16657 <... munmap resumed>)             = 0
16672 <... mmap resumed>)               = 0x100140200000
16671 <... mmap resumed>)               = 0x100040200000
16670 <... mmap resumed>)               = 0x100000000000
16669 <... munmap resumed>)             = 0
16668 mmap(NULL, 16384, PROT_READ|PROT_WRITE, MAP_PRIVATE|MAP_ANONYMOUS|MAP_NORESERVE, -1, 0 <unfinished ...>
16666 mmap(NULL, 16384, PROT_READ|PROT_WRITE, MAP_PRIVATE|MAP_ANONYMOUS|MAP_NORESERVE, -1, 0 <unfinished ...>
16665 <... munmap resumed>)             = 0
16664 munmap(0x1000c0200000, 16384 <unfinished ...>
16663 <... munmap resumed>)             = 0
16662 <... munmap resumed>)             = 0
16661 mmap(NULL, 16384, PROT_READ|PROT_WRITE, MAP_PRIVATE|MAP_ANONYMOUS|MAP_NORESERVE, -1, 0 <unfinished ...>
16659 <... mmap resumed>)               = 0x100040400000
16658 munmap(0x100100200000, 16384 <unfinished ...>
16672 munmap(0x100140200000, 16384 <unfinished ...>
16671 munmap(0x100040200000, 16384 <unfinished ...>
16670 munmap(0x100000000000, 16384 <unfinished ...>
16669 mmap(NULL, 16384, PROT_READ|PROT_WRITE, MAP_PRIVATE|MAP_ANONYMOUS|MAP_NORESERVE, -1, 0 <unfinished ...>
16668 <... mmap resumed>)               = 0x100080000000
16667 munmap(0x100040000000, 16384 <unfinished ...>
16666 <... mmap resumed>)               = 0x100040600000
16665 mmap(NULL, 16384, PROT_READ|PROT_WRITE, MAP_PRIVATE|MAP_ANONYMOUS|MAP_NORESERVE, -1, 0 <unfinished ...>
16664 <... munmap resumed>)             = 0
16663 mmap(NULL, 16384, PROT_READ|PROT_WRITE, MAP_PRIVATE|MAP_ANONYMOUS|MAP_NORESERVE, -1, 0 <unfinished ...>
16662 mmap(NULL, 16384, PROT_READ|PROT_WRITE, MAP_PRIVATE|MAP_ANONYMOUS|MAP_NORESERVE, -1, 0 <unfinished ...>
16661 <... mmap resumed>)               = 0x1000c0200000
16660 <... mmap resumed>)               = 0x100000200000
16657 mmap(NULL, 16384, PROT_READ|PROT_WRITE, MAP_PRIVATE|MAP_ANONYMOUS|MAP_NORESERVE, -1, 0 <unfinished ...>
16672 <... munmap resumed>)             = 0
16671 <... munmap resumed>)             = 0
16670 <... munmap resumed>)             = 0
16669 <... mmap resumed>)               = 0x100140200000
16668 munmap(0x100080000000, 16384 <unfinished ...>
16667 <... munmap resumed>)             = 0
16666 munmap(0x100040600000, 16384 <unfinished ...>
16665 <... mmap resumed>)               = 0x100000000000
16664 mmap(NULL, 16384, PROT_READ|PROT_WRITE, MAP_PRIVATE|MAP_ANONYMOUS|MAP_NORESERVE, -1, 0 <unfinished ...>
16663 <... mmap resumed>)               = 0x100040000000
16662 <... mmap resumed>)               = 0x100040200000
16661 munmap(0x1000c0200000, 16384 <unfinished ...>
16659 munmap(0x100040400000, 16384 <unfinished ...>
16658 <... munmap resumed>)             = 0
16672 mmap(NULL, 16384, PROT_READ|PROT_WRITE, MAP_PRIVATE|MAP_ANONYMOUS|MAP_NORESERVE, -1, 0 <unfinished ...>
16671 mmap(NULL, 16384, PROT_READ|PROT_WRITE, MAP_PRIVATE|MAP_ANONYMOUS|MAP_NORESERVE, -1, 0 <unfinished ...>
16670 mmap(NULL, 16384, PROT_READ|PROT_WRITE, MAP_PRIVATE|MAP_ANONYMOUS|MAP_NORESERVE, -1, 0 <unfinished ...>
16669 munmap(0x100140200000, 16384 <unfinished ...>
16668 <... munmap resumed>)             = 0
16667 mmap(NULL, 16384, PROT_READ|PROT_WRITE, MAP_PRIVATE|MAP_ANONYMOUS|MAP_NORESERVE, -1, 0 <unfinished ...>
16666 <... munmap resumed>)             = 0
16664 <... mmap resumed>)               = 0x100080000000
16663 munmap(0x100040000000, 16384 <unfinished ...>
16661 <... munmap resumed>)             = 0
16665 munmap(0x100000000000, 16384 <unfinished ...>
16660 munmap(0x100000200000, 16384 <unfinished ...>
16657 <... mmap resumed>)               = 0x100100200000
16672 <... mmap resumed>)               = 0x1000c0200000
16671 <... mmap resumed>)               = 0x100040400000
16670 <... mmap resumed>)               = 0x100040600000
16669 <... munmap resumed>)             = 0
16668 mmap(NULL, 16384, PROT_READ|PROT_WRITE, MAP_PRIVATE|MAP_ANONYMOUS|MAP_NORESERVE, -1, 0 <unfinished ...>
16667 <... mmap resumed>)               = 0x100140200000
16666 mmap(NULL, 16384, PROT_READ|PROT_WRITE, MAP_PRIVATE|MAP_ANONYMOUS|MAP_NORESERVE, -1, 0 <unfinished ...>
16664 munmap(0x100080000000, 16384 <unfinished ...>
16663 <... munmap resumed>)             = 0
16662 munmap(0x100040200000, 16384 <unfinished ...>
16661 mmap(NULL, 16384, PROT_READ|PROT_WRITE, MAP_PRIVATE|MAP_ANONYMOUS|MAP_NORESERVE, -1, 0 <unfinished ...>
16659 <... munmap resumed>)             = 0
16658 mmap(NULL, 16384, PROT_READ|PROT_WRITE, MAP_PRIVATE|MAP_ANONYMOUS|MAP_NORESERVE, -1, 0 <unfinished ...>
16672 munmap(0x1000c0200000, 16384 <unfinished ...>
16671 munmap(0x100040400000, 16384 <unfinished ...>
16670 munmap(0x100040600000, 16384 <unfinished ...>
16669 mmap(NULL, 16384, PROT_READ|PROT_WRITE, MAP_PRIVATE|MAP_ANONYMOUS|MAP_NORESERVE, -1, 0 <unfinished ...>
16668 <... mmap resumed>)               = 0x100000000000
16667 munmap(0x100140200000, 16384 <unfinished ...>
16666 <... mmap resumed>)               = 0x100000200000
16665 <... munmap resumed>)             = 0
16660 <... munmap resumed>)             = 0
16657 munmap(0x100100200000, 16384 <unfinished ...>
16664 <... munmap resumed>)             = 0
16671 <... munmap resumed>)             = 0
16668 munmap(0x100000000000, 16384 <unfinished ...>
16666 munmap(0x100000200000, 16384 <unfinished ...>
16663 mmap(NULL, 16384, PROT_READ|PROT_WRITE, MAP_PRIVATE|MAP_ANONYMOUS|MAP_NORESERVE, -1, 0 <unfinished ...>
16658 <... mmap resumed>)               = 0x100080000000
16670 <... munmap resumed>)             = 0
16669 <... mmap resumed>)               = 0x100040200000
16666 <... munmap resumed>)             = 0
16662 <... munmap resumed>)             = 0
16659 mmap(NULL, 16384, PROT_READ|PROT_WRITE, MAP_PRIVATE|MAP_ANONYMOUS|MAP_NORESERVE, -1, 0 <unfinished ...>
16657 <... munmap resumed>)             = 0
16668 <... munmap resumed>)             = 0
16670 mmap(NULL, 16384, PROT_READ|PROT_WRITE, MAP_PRIVATE|MAP_ANONYMOUS|MAP_NORESERVE, -1, 0 <unfinished ...>
16669 munmap(0x100040200000, 16384 <unfinished ...>
16668 mmap(NULL, 16384, PROT_READ|PROT_WRITE, MAP_PRIVATE|MAP_ANONYMOUS|MAP_NORESERVE, -1, 0 <unfinished ...>
16666 mmap(NULL, 16384, PROT_READ|PROT_WRITE, MAP_PRIVATE|MAP_ANONYMOUS|MAP_NORESERVE, -1, 0 <unfinished ...>
16664 mmap(NULL, 16384, PROT_READ|PROT_WRITE, MAP_PRIVATE|MAP_ANONYMOUS|MAP_NORESERVE, -1, 0 <unfinished ...>
16663 <... mmap resumed>)               = 0x100000000000
16662 mmap(NULL, 16384, PROT_READ|PROT_WRITE, MAP_PRIVATE|MAP_ANONYMOUS|MAP_NORESERVE, -1, 0 <unfinished ...>
16659 <... mmap resumed>)               = 0x100000200000
16671 mmap(NULL, 16384, PROT_READ|PROT_WRITE, MAP_PRIVATE|MAP_ANONYMOUS|MAP_NORESERVE, -1, 0 <unfinished ...>
16670 <... mmap resumed>)               = 0x100040200000
16669 <... munmap resumed>)             = 0
16668 <... mmap resumed>)               = 0x100100200000
16666 <... mmap resumed>)               = 0x100040600000
16658 munmap(0x100080000000, 16384 <unfinished ...>
16657 mmap(NULL, 16384, PROT_READ|PROT_WRITE, MAP_PRIVATE|MAP_ANONYMOUS|MAP_NORESERVE, -1, 0 <unfinished ...>
16672 <... munmap resumed>)             = 0
16671 <... mmap resumed>)               = 0x100040000000
16670 munmap(0x100040200000, 16384 <unfinished ...>
16669 mmap(NULL, 16384, PROT_READ|PROT_WRITE, MAP_PRIVATE|MAP_ANONYMOUS|MAP_NORESERVE, -1, 0 <unfinished ...>
16668 munmap(0x100100200000, 16384 <unfinished ...>
16666 munmap(0x100040600000, 16384 <unfinished ...>
16664 <... mmap resumed>)               = 0x100040400000
16663 munmap(0x100000000000, 16384 <unfinished ...>
16662 <... mmap resumed>)               = 0x1000c0200000
16659 munmap(0x100000200000, 16384 <unfinished ...>
16672 mmap(NULL, 16384, PROT_READ|PROT_WRITE, MAP_PRIVATE|MAP_ANONYMOUS|MAP_NORESERVE, -1, 0 <unfinished ...>
16671 munmap(0x100040000000, 16384 <unfinished ...>
16670 <... munmap resumed>)             = 0
16669 <... mmap resumed>)               = 0x100040200000
16665 mmap(NULL, 16384, PROT_READ|PROT_WRITE, MAP_PRIVATE|MAP_ANONYMOUS|MAP_NORESERVE, -1, 0 <unfinished ...>
16661 <... mmap resumed>)               = 0x100080000000
16658 <... munmap resumed>)             = 0
16657 <... mmap resumed>)               = 0x100100000000
16669 munmap(0x100040200000, 16384 <unfinished ...>
16663 <... munmap resumed>)             = 0
16662 munmap(0x1000c0200000, 16384 <unfinished ...>
16659 <... munmap resumed>)             = 0
16672 <... mmap resumed>)               = 0x100000200000
16669 <... munmap resumed>)             = 0
16658 mmap(NULL, 16384, PROT_READ|PROT_WRITE, MAP_PRIVATE|MAP_ANONYMOUS|MAP_NORESERVE, -1, 0 <unfinished ...>
16670 mmap(NULL, 16384, PROT_READ|PROT_WRITE, MAP_PRIVATE|MAP_ANONYMOUS|MAP_NORESERVE, -1, 0 <unfinished ...>
16669 mmap(NULL, 16384, PROT_READ|PROT_WRITE, MAP_PRIVATE|MAP_ANONYMOUS|MAP_NORESERVE, -1, 0 <unfinished ...>
16659 mmap(NULL, 16384, PROT_READ|PROT_WRITE, MAP_PRIVATE|MAP_ANONYMOUS|MAP_NORESERVE, -1, 0 <unfinished ...>
16663 mmap(NULL, 16384, PROT_READ|PROT_WRITE, MAP_PRIVATE|MAP_ANONYMOUS|MAP_NORESERVE, -1, 0 <unfinished ...>
16672 munmap(0x100000200000, 16384 <unfinished ...>
16671 <... munmap resumed>)             = 0
16666 <... munmap resumed>)             = 0
16669 <... mmap resumed>)               = 0x100040000000
16668 <... munmap resumed>)             = 0
16662 <... munmap resumed>)             = 0
16659 <... mmap resumed>)               = 0x100040200000
16658 <... mmap resumed>)               = 0x100040600000
16671 mmap(NULL, 16384, PROT_READ|PROT_WRITE, MAP_PRIVATE|MAP_ANONYMOUS|MAP_NORESERVE, -1, 0 <unfinished ...>
16669 munmap(0x100040000000, 16384 <unfinished ...>
16666 mmap(NULL, 16384, PROT_READ|PROT_WRITE, MAP_PRIVATE|MAP_ANONYMOUS|MAP_NORESERVE, -1, 0 <unfinished ...>
16665 <... mmap resumed>)               = 0x100100200000
16664 munmap(0x100040400000, 16384 <unfinished ...>
16663 <... mmap resumed>)               = 0x1000c0200000
16657 munmap(0x100100000000, 16384 <unfinished ...>
16672 <... munmap resumed>)             = 0
16671 <... mmap resumed>)               = 0x100000000000
16670 <... mmap resumed>)               = 0x100000200000
16669 <... munmap resumed>)             = 0
16668 mmap(NULL, 16384, PROT_READ|PROT_WRITE, MAP_PRIVATE|MAP_ANONYMOUS|MAP_NORESERVE, -1, 0 <unfinished ...>
16666 <... mmap resumed>)               = 0x100040000000
16663 munmap(0x1000c0200000, 16384 <unfinished ...>
16662 mmap(NULL, 16384, PROT_READ|PROT_WRITE, MAP_PRIVATE|MAP_ANONYMOUS|MAP_NORESERVE, -1, 0 <unfinished ...>
16659 munmap(0x100040200000, 16384 <unfinished ...>
16658 munmap(0x100040600000, 16384 <unfinished ...>
16671 munmap(0x100000000000, 16384 <unfinished ...>
16670 munmap(0x100000200000, 16384 <unfinished ...>
16669 mmap(NULL, 16384, PROT_READ|PROT_WRITE, MAP_PRIVATE|MAP_ANONYMOUS|MAP_NORESERVE, -1, 0 <unfinished ...>
16666 munmap(0x100040000000, 16384 <unfinished ...>
16663 <... munmap resumed>)             = 0
16657 <... munmap resumed>)             = 0
16662 <... mmap resumed>)               = 0x100040200000
16659 <... munmap resumed>)             = 0
16658 <... munmap resumed>)             = 0
16672 mmap(NULL, 16384, PROT_READ|PROT_WRITE, MAP_PRIVATE|MAP_ANONYMOUS|MAP_NORESERVE, -1, 0 <unfinished ...>
16671 <... munmap resumed>)             = 0
16670 <... munmap resumed>)             = 0
16669 <... mmap resumed>)               = 0x100040600000
16668 <... mmap resumed>)               = 0x100000200000
16666 <... munmap resumed>)             = 0
16662 munmap(0x100040200000, 16384 <unfinished ...>
16657 mmap(NULL, 16384, PROT_READ|PROT_WRITE, MAP_PRIVATE|MAP_ANONYMOUS|MAP_NORESERVE, -1, 0 <unfinished ...>
16663 mmap(NULL, 16384, PROT_READ|PROT_WRITE, MAP_PRIVATE|MAP_ANONYMOUS|MAP_NORESERVE, -1, 0 <unfinished ...>
16669 munmap(0x100040600000, 16384 <unfinished ...>
16659 mmap(NULL, 16384, PROT_READ|PROT_WRITE, MAP_PRIVATE|MAP_ANONYMOUS|MAP_NORESERVE, -1, 0 <unfinished ...>
16666 mmap(NULL, 16384, PROT_READ|PROT_WRITE, MAP_PRIVATE|MAP_ANONYMOUS|MAP_NORESERVE, -1, 0 <unfinished ...>
16662 <... munmap resumed>)             = 0
16658 mmap(NULL, 16384, PROT_READ|PROT_WRITE, MAP_PRIVATE|MAP_ANONYMOUS|MAP_NORESERVE, -1, 0 <unfinished ...>
16657 <... mmap resumed>)               = 0x100000000000
16672 <... mmap resumed>)               = 0x100040600000
16669 <... munmap resumed>)             = 0
16668 munmap(0x100000200000, 16384 <unfinished ...>
16666 <... mmap resumed>)               = 0x100040000000
16665 munmap(0x100100200000, 16384 <unfinished ...>
16659 <... mmap resumed>)               = 0x100040200000
16658 <... mmap resumed>)               = 0x1000c0200000
16671 mmap(NULL, 16384, PROT_READ|PROT_WRITE, MAP_PRIVATE|MAP_ANONYMOUS|MAP_NORESERVE, -1, 0 <unfinished ...>
16669 mmap(NULL, 16384, PROT_READ|PROT_WRITE, MAP_PRIVATE|MAP_ANONYMOUS|MAP_NORESERVE, -1, 0 <unfinished ...>
16670 mmap(NULL, 16384, PROT_READ|PROT_WRITE, MAP_PRIVATE|MAP_ANONYMOUS|MAP_NORESERVE, -1, 0 <unfinished ...>
16666 munmap(0x100040000000, 16384 <unfinished ...>
16662 mmap(NULL, 16384, PROT_READ|PROT_WRITE, MAP_PRIVATE|MAP_ANONYMOUS|MAP_NORESERVE, -1, 0 <unfinished ...>
16659 munmap(0x100040200000, 16384 <unfinished ...>
16657 munmap(0x100000000000, 16384 <unfinished ...>
16672 munmap(0x100040600000, 16384 <unfinished ...>
16671 <... mmap resumed>)               = 0x100100000000
16670 <... mmap resumed>)               = 0x100040000000
16669 <... mmap resumed>)               = 0x100140200000
16668 <... munmap resumed>)             = 0
16666 <... munmap resumed>)             = 0
16665 <... munmap resumed>)             = 0
16664 <... munmap resumed>)             = 0
16663 <... mmap resumed>)               = 0x100000200000
16659 <... munmap resumed>)             = 0
16658 munmap(0x1000c0200000, 16384 <unfinished ...>
16672 <... munmap resumed>)             = 0
16671 munmap(0x100100000000, 16384 <unfinished ...>
16670 munmap(0x100040000000, 16384 <unfinished ...>
16669 munmap(0x100140200000, 16384 <unfinished ...>
16666 mmap(NULL, 16384, PROT_READ|PROT_WRITE, MAP_PRIVATE|MAP_ANONYMOUS|MAP_NORESERVE, -1, 0 <unfinished ...>
16665 mmap(NULL, 16384, PROT_READ|PROT_WRITE, MAP_PRIVATE|MAP_ANONYMOUS|MAP_NORESERVE, -1, 0 <unfinished ...>
16663 munmap(0x100000200000, 16384 <unfinished ...>
16662 <... mmap resumed>)               = 0x100000000000
16659 mmap(NULL, 16384, PROT_READ|PROT_WRITE, MAP_PRIVATE|MAP_ANONYMOUS|MAP_NORESERVE, -1, 0 <unfinished ...>
16657 <... munmap resumed>)             = 0
16671 <... munmap resumed>)             = 0
16670 <... munmap resumed>)             = 0
16669 <... munmap resumed>)             = 0
16668 mmap(NULL, 16384, PROT_READ|PROT_WRITE, MAP_PRIVATE|MAP_ANONYMOUS|MAP_NORESERVE, -1, 0 <unfinished ...>
16666 <... mmap resumed>)               = 0x100140200000
16664 mmap(NULL, 16384, PROT_READ|PROT_WRITE, MAP_PRIVATE|MAP_ANONYMOUS|MAP_NORESERVE, -1, 0 <unfinished ...>
16663 <... munmap resumed>)             = 0
16659 <... mmap resumed>)               = 0x100000200000
16672 mmap(NULL, 16384, PROT_READ|PROT_WRITE, MAP_PRIVATE|MAP_ANONYMOUS|MAP_NORESERVE, -1, 0 <unfinished ...>
16669 mmap(NULL, 16384, PROT_READ|PROT_WRITE, MAP_PRIVATE|MAP_ANONYMOUS|MAP_NORESERVE, -1, 0 <unfinished ...>
16666 munmap(0x100140200000, 16384 <unfinished ...>
16665 <... mmap resumed>)               = 0x1000c0200000
16664 <... mmap resumed>)               = 0x100040000000
16658 <... munmap resumed>)             = 0
16659 munmap(0x100000200000, 16384 <unfinished ...>
16669 <... mmap resumed>)               = 0x100100000000
16657 mmap(NULL, 16384, PROT_READ|PROT_WRITE, MAP_PRIVATE|MAP_ANONYMOUS|MAP_NORESERVE, -1, 0 <unfinished ...>
16672 <... mmap resumed>)               = 0x100000200000
16669 munmap(0x100100000000, 16384 <unfinished ...>
16666 <... munmap resumed>)             = 0
16665 munmap(0x1000c0200000, 16384 <unfinished ...>
16659 <... munmap resumed>)             = 0
16672 munmap(0x100000200000, 16384 <unfinished ...>
16669 <... munmap resumed>)             = 0
16667 <... munmap resumed>)             = 0
16664 munmap(0x100040000000, 16384 <unfinished ...>
16672 <... munmap resumed>)             = 0
16671 mmap(NULL, 16384, PROT_READ|PROT_WRITE, MAP_PRIVATE|MAP_ANONYMOUS|MAP_NORESERVE, -1, 0 <unfinished ...>
16670 mmap(NULL, 16384, PROT_READ|PROT_WRITE, MAP_PRIVATE|MAP_ANONYMOUS|MAP_NORESERVE, -1, 0 <unfinished ...>
16669 mmap(NULL, 16384, PROT_READ|PROT_WRITE, MAP_PRIVATE|MAP_ANONYMOUS|MAP_NORESERVE, -1, 0 <unfinished ...>
16668 <... mmap resumed>)               = 0x1000c0200000
16667 mmap(NULL, 16384, PROT_READ|PROT_WRITE, MAP_PRIVATE|MAP_ANONYMOUS|MAP_NORESERVE, -1, 0 <unfinished ...>
16666 mmap(NULL, 16384, PROT_READ|PROT_WRITE, MAP_PRIVATE|MAP_ANONYMOUS|MAP_NORESERVE, -1, 0 <unfinished ...>
16665 <... munmap resumed>)             = 0
16662 munmap(0x100000000000, 16384 <unfinished ...>
16661 munmap(0x100080000000, 16384 <unfinished ...>
16660 mmap(NULL, 16384, PROT_READ|PROT_WRITE, MAP_PRIVATE|MAP_ANONYMOUS|MAP_NORESERVE, -1, 0 <unfinished ...>
16659 mmap(NULL, 16384, PROT_READ|PROT_WRITE, MAP_PRIVATE|MAP_ANONYMOUS|MAP_NORESERVE, -1, 0 <unfinished ...>
16657 <... mmap resumed>)               = 0x100100000000
16672 mmap(NULL, 16384, PROT_READ|PROT_WRITE, MAP_PRIVATE|MAP_ANONYMOUS|MAP_NORESERVE, -1, 0 <unfinished ...>
16671 <... mmap resumed>)               = 0x100000200000
16670 <... mmap resumed>)               = 0x100040200000
16669 <... mmap resumed>)               = 0x100140200000
16667 <... mmap resumed>)               = 0x100040600000
16666 <... mmap resumed>)               = 0x100040000000
16665 mmap(NULL, 16384, PROT_READ|PROT_WRITE, MAP_PRIVATE|MAP_ANONYMOUS|MAP_NORESERVE, -1, 0 <unfinished ...>
16664 <... munmap resumed>)             = 0
16661 <... munmap resumed>)             = 0
16659 <... mmap resumed>)               = 0x100080000000
16672 <... mmap resumed>)               = 0x100100200000
16671 munmap(0x100000200000, 16384 <unfinished ...>
16670 munmap(0x100040200000, 16384 <unfinished ...>
16669 munmap(0x100140200000, 16384 <unfinished ...>
16668 munmap(0x1000c0200000, 16384 <unfinished ...>
16667 munmap(0x100040600000, 16384 <unfinished ...>
16666 munmap(0x100040000000, 16384 <unfinished ...>
16662 <... munmap resumed>)             = 0
16665 <... mmap resumed>)               = 0x100040400000
16661 mmap(NULL, 16384, PROT_READ|PROT_WRITE, MAP_PRIVATE|MAP_ANONYMOUS|MAP_NORESERVE, -1, 0 <unfinished ...>
16660 <... mmap resumed>)               = 0x100000000000
16664 mmap(NULL, 16384, PROT_READ|PROT_WRITE, MAP_PRIVATE|MAP_ANONYMOUS|MAP_NORESERVE, -1, 0 <unfinished ...>
16659 munmap(0x100080000000, 16384 <unfinished ...>
16657 munmap(0x100100000000, 16384 <unfinished ...>
16672 munmap(0x100100200000, 16384 <unfinished ...>
16671 <... munmap resumed>)             = 0
16670 <... munmap resumed>)             = 0
16669 <... munmap resumed>)             = 0
16668 <... munmap resumed>)             = 0
16667 <... munmap resumed>)             = 0
16666 <... munmap resumed>)             = 0
16662 mmap(NULL, 16384, PROT_READ|PROT_WRITE, MAP_PRIVATE|MAP_ANONYMOUS|MAP_NORESERVE, -1, 0 <unfinished ...>
16661 <... mmap resumed>)               = 0x100000200000
16659 <... munmap resumed>)             = 0
16672 <... munmap resumed>)             = 0
16671 mmap(NULL, 16384, PROT_READ|PROT_WRITE, MAP_PRIVATE|MAP_ANONYMOUS|MAP_NORESERVE, -1, 0 <unfinished ...>
16669 mmap(NULL, 16384, PROT_READ|PROT_WRITE, MAP_PRIVATE|MAP_ANONYMOUS|MAP_NORESERVE, -1, 0 <unfinished ...>
16667 mmap(NULL, 16384, PROT_READ|PROT_WRITE, MAP_PRIVATE|MAP_ANONYMOUS|MAP_NORESERVE, -1, 0 <unfinished ...>
16666 mmap(NULL, 16384, PROT_READ|PROT_WRITE, MAP_PRIVATE|MAP_ANONYMOUS|MAP_NORESERVE, -1, 0 <unfinished ...>
16665 munmap(0x100040400000, 16384 <unfinished ...>
16662 <... mmap resumed>)               = 0x100100200000
16657 <... munmap resumed>)             = 0
16671 <... mmap resumed>)               = 0x100100000000
16670 mmap(NULL, 16384, PROT_READ|PROT_WRITE, MAP_PRIVATE|MAP_ANONYMOUS|MAP_NORESERVE, -1, 0 <unfinished ...>
16669 <... mmap resumed>)               = 0x100040000000
16667 <... mmap resumed>)               = 0x100040200000
16665 <... munmap resumed>)             = 0
16664 <... mmap resumed>)               = 0x100080000000
16662 munmap(0x100100200000, 16384 <unfinished ...>
16661 munmap(0x100000200000, 16384 <unfinished ...>
16660 munmap(0x100000000000, 16384 <unfinished ...>
16659 mmap(NULL, 16384, PROT_READ|PROT_WRITE, MAP_PRIVATE|MAP_ANONYMOUS|MAP_NORESERVE, -1, 0 <unfinished ...>
16672 mmap(NULL, 16384, PROT_READ|PROT_WRITE, MAP_PRIVATE|MAP_ANONYMOUS|MAP_NORESERVE, -1, 0 <unfinished ...>
16671 munmap(0x100100000000, 16384 <unfinished ...>
16670 <... mmap resumed>)               = 0x100040400000
16669 munmap(0x100040000000, 16384 <unfinished ...>
16668 mmap(NULL, 16384, PROT_READ|PROT_WRITE, MAP_PRIVATE|MAP_ANONYMOUS|MAP_NORESERVE, -1, 0 <unfinished ...>
16667 munmap(0x100040200000, 16384 <unfinished ...>
16665 mmap(NULL, 16384, PROT_READ|PROT_WRITE, MAP_PRIVATE|MAP_ANONYMOUS|MAP_NORESERVE, -1, 0 <unfinished ...>
16664 munmap(0x100080000000, 16384 <unfinished ...>
16662 <... munmap resumed>)             = 0
16661 <... munmap resumed>)             = 0
16660 <... munmap resumed>)             = 0
16659 <... mmap resumed>)               = 0x100000000000
16657 mmap(NULL, 16384, PROT_READ|PROT_WRITE, MAP_PRIVATE|MAP_ANONYMOUS|MAP_NORESERVE, -1, 0 <unfinished ...>
16672 <... mmap resumed>)               = 0x100100200000
16671 <... munmap resumed>)             = 0
16670 munmap(0x100040400000, 16384 <unfinished ...>
16669 <... munmap resumed>)             = 0
16668 <... mmap resumed>)               = 0x100100000000
16667 <... munmap resumed>)             = 0
16666 <... mmap resumed>)               = 0x100000200000
16665 <... mmap resumed>)               = 0x100040200000
16664 <... munmap resumed>)             = 0
16663 mmap(NULL, 16384, PROT_READ|PROT_WRITE, MAP_PRIVATE|MAP_ANONYMOUS|MAP_NORESERVE, -1, 0 <unfinished ...>
16662 mmap(NULL, 16384, PROT_READ|PROT_WRITE, MAP_PRIVATE|MAP_ANONYMOUS|MAP_NORESERVE, -1, 0 <unfinished ...>
16661 mmap(NULL, 16384, PROT_READ|PROT_WRITE, MAP_PRIVATE|MAP_ANONYMOUS|MAP_NORESERVE, -1, 0 <unfinished ...>
16660 mmap(NULL, 16384, PROT_READ|PROT_WRITE, MAP_PRIVATE|MAP_ANONYMOUS|MAP_NORESERVE, -1, 0 <unfinished ...>
16659 munmap(0x100000000000, 16384 <unfinished ...>
16658 mmap(NULL, 16384, PROT_READ|PROT_WRITE, MAP_PRIVATE|MAP_ANONYMOUS|MAP_NORESERVE, -1, 0 <unfinished ...>
16672 munmap(0x100100200000, 16384 <unfinished ...>
16671 mmap(NULL, 16384, PROT_READ|PROT_WRITE, MAP_PRIVATE|MAP_ANONYMOUS|MAP_NORESERVE, -1, 0 <unfinished ...>
16670 <... munmap resumed>)             = 0
16669 mmap(NULL, 16384, PROT_READ|PROT_WRITE, MAP_PRIVATE|MAP_ANONYMOUS|MAP_NORESERVE, -1, 0 <unfinished ...>
16668 munmap(0x100100000000, 16384 <unfinished ...>
16667 mmap(NULL, 16384, PROT_READ|PROT_WRITE, MAP_PRIVATE|MAP_ANONYMOUS|MAP_NORESERVE, -1, 0 <unfinished ...>
16665 munmap(0x100040200000, 16384 <unfinished ...>
16664 mmap(NULL, 16384, PROT_READ|PROT_WRITE, MAP_PRIVATE|MAP_ANONYMOUS|MAP_NORESERVE, -1, 0 <unfinished ...>
16663 <... mmap resumed>)               = 0x100040400000
16662 <... mmap resumed>)               = 0x1000c0200000
16661 <... mmap resumed>)               = 0x100040000000
16660 <... mmap resumed>)               = 0x100040600000
16659 <... munmap resumed>)             = 0
16657 <... mmap resumed>)               = 0x100080000000
16672 <... munmap resumed>)             = 0
16671 <... mmap resumed>)               = 0x100140200000
16670 mmap(NULL, 16384, PROT_READ|PROT_WRITE, MAP_PRIVATE|MAP_ANONYMOUS|MAP_NORESERVE, -1, 0 <unfinished ...>
16669 <... mmap resumed>)               = 0x100100200000
16668 <... munmap resumed>)             = 0
16667 <... mmap resumed>)               = 0x100140000000
16666 munmap(0x100000200000, 16384 <unfinished ...>
16665 <... munmap resumed>)             = 0
16664 <... mmap resumed>)               = 0x1000c0000000
16662 munmap(0x1000c0200000, 16384 <unfinished ...>
16661 munmap(0x100040000000, 16384 <unfinished ...>
16659 mmap(NULL, 16384, PROT_READ|PROT_WRITE, MAP_PRIVATE|MAP_ANONYMOUS|MAP_NORESERVE, -1, 0 <unfinished ...>
16658 <... mmap resumed>)               = 0x100000000000
16672 mmap(NULL, 16384, PROT_READ|PROT_WRITE, MAP_PRIVATE|MAP_ANONYMOUS|MAP_NORESERVE, -1, 0 <unfinished ...>
16671 munmap(0x100140200000, 16384 <unfinished ...>
16670 <... mmap resumed>)               = 0x100100000000
16669 munmap(0x100100200000, 16384 <unfinished ...>
16668 mmap(NULL, 16384, PROT_READ|PROT_WRITE, MAP_PRIVATE|MAP_ANONYMOUS|MAP_NORESERVE, -1, 0 <unfinished ...>
16667 munmap(0x100140000000, 16384 <unfinished ...>
16664 munmap(0x1000c0000000, 16384 <unfinished ...>
16661 <... munmap resumed>)             = 0
16660 munmap(0x100040600000, 16384 <unfinished ...>
16663 munmap(0x100040400000, 16384 <unfinished ...>
16659 <... mmap resumed>)               = 0x1000c0200000
16657 munmap(0x100080000000, 16384 <unfinished ...>
16672 <... mmap resumed>)               = 0x100040000000
16671 <... munmap resumed>)             = 0
16670 munmap(0x100100000000, 16384 <unfinished ...>
16669 <... munmap resumed>)             = 0
16668 <... mmap resumed>)               = 0x100100200000
16667 <... munmap resumed>)             = 0
16666 <... munmap resumed>)             = 0
16665 mmap(NULL, 16384, PROT_READ|PROT_WRITE, MAP_PRIVATE|MAP_ANONYMOUS|MAP_NORESERVE, -1, 0 <unfinished ...>
16664 <... munmap resumed>)             = 0
16662 <... munmap resumed>)             = 0
16661 mmap(NULL, 16384, PROT_READ|PROT_WRITE, MAP_PRIVATE|MAP_ANONYMOUS|MAP_NORESERVE, -1, 0 <unfinished ...>
16660 <... munmap resumed>)             = 0
16658 munmap(0x100000000000, 16384 <unfinished ...>
16672 munmap(0x100040000000, 16384 <unfinished ...>
16669 mmap(NULL, 16384, PROT_READ|PROT_WRITE, MAP_PRIVATE|MAP_ANONYMOUS|MAP_NORESERVE, -1, 0 <unfinished ...>
16667 mmap(NULL, 16384, PROT_READ|PROT_WRITE, MAP_PRIVATE|MAP_ANONYMOUS|MAP_NORESERVE, -1, 0 <unfinished ...>
16664 mmap(NULL, 16384, PROT_READ|PROT_WRITE, MAP_PRIVATE|MAP_ANONYMOUS|MAP_NORESERVE, -1, 0 <unfinished ...>
16663 <... munmap resumed>)             = 0
16661 <... mmap resumed>)               = 0x100040400000
16657 <... munmap resumed>)             = 0
16672 <... munmap resumed>)             = 0
16671 mmap(NULL, 16384, PROT_READ|PROT_WRITE, MAP_PRIVATE|MAP_ANONYMOUS|MAP_NORESERVE, -1, 0 <unfinished ...>
16669 <... mmap resumed>)               = 0x100040000000
16667 <... mmap resumed>)               = 0x100000000000
16664 <... mmap resumed>)               = 0x100080000000
16661 munmap(0x100040400000, 16384 <unfinished ...>
16660 mmap(NULL, 16384, PROT_READ|PROT_WRITE, MAP_PRIVATE|MAP_ANONYMOUS|MAP_NORESERVE, -1, 0 <unfinished ...>
16659 munmap(0x1000c0200000, 16384 <unfinished ...>
16658 <... munmap resumed>)             = 0
16672 mmap(NULL, 16384, PROT_READ|PROT_WRITE, MAP_PRIVATE|MAP_ANONYMOUS|MAP_NORESERVE, -1, 0 <unfinished ...>
16670 <... munmap resumed>)             = 0
16669 munmap(0x100040000000, 16384 <unfinished ...>
16665 <... mmap resumed>)               = 0x100000200000
16664 munmap(0x100080000000, 16384 <unfinished ...>
16662 mmap(NULL, 16384, PROT_READ|PROT_WRITE, MAP_PRIVATE|MAP_ANONYMOUS|MAP_NORESERVE, -1, 0 <unfinished ...>
16660 <... mmap resumed>)               = 0x100100000000
16657 mmap(NULL, 16384, PROT_READ|PROT_WRITE, MAP_PRIVATE|MAP_ANONYMOUS|MAP_NORESERVE, -1, 0 <unfinished ...>
16672 <... mmap resumed>)               = 0x1000c0000000
16671 <... mmap resumed>)               = 0x100040600000
16669 <... munmap resumed>)             = 0
16667 munmap(0x100000000000, 16384 <unfinished ...>
16666 mmap(NULL, 16384, PROT_READ|PROT_WRITE, MAP_PRIVATE|MAP_ANONYMOUS|MAP_NORESERVE, -1, 0 <unfinished ...>
16665 munmap(0x100000200000, 16384 <unfinished ...>
16664 <... munmap resumed>)             = 0
16661 <... munmap resumed>)             = 0
16660 munmap(0x100100000000, 16384 <unfinished ...>
16659 <... munmap resumed>)             = 0
16658 mmap(NULL, 16384, PROT_READ|PROT_WRITE, MAP_PRIVATE|MAP_ANONYMOUS|MAP_NORESERVE, -1, 0 <unfinished ...>
16672 munmap(0x1000c0000000, 16384 <unfinished ...>
16671 munmap(0x100040600000, 16384 <unfinished ...>
16670 mmap(NULL, 16384, PROT_READ|PROT_WRITE, MAP_PRIVATE|MAP_ANONYMOUS|MAP_NORESERVE, -1, 0 <unfinished ...>
16669 mmap(NULL, 16384, PROT_READ|PROT_WRITE, MAP_PRIVATE|MAP_ANONYMOUS|MAP_NORESERVE, -1, 0 <unfinished ...>
16667 <... munmap resumed>)             = 0
16665 <... munmap resumed>)             = 0
16664 mmap(NULL, 16384, PROT_READ|PROT_WRITE, MAP_PRIVATE|MAP_ANONYMOUS|MAP_NORESERVE, -1, 0 <unfinished ...>
16662 <... mmap resumed>)               = 0x100080000000
16660 <... munmap resumed>)             = 0
16658 <... mmap resumed>)               = 0x100100000000
16657 <... mmap resumed>)               = 0x100040000000
16672 <... munmap resumed>)             = 0
16671 <... munmap resumed>)             = 0
16670 <... mmap resumed>)               = 0x100040400000
16669 <... mmap resumed>)               = 0x100000200000
16666 <... mmap resumed>)               = 0x1000c0000000
16665 mmap(NULL, 16384, PROT_READ|PROT_WRITE, MAP_PRIVATE|MAP_ANONYMOUS|MAP_NORESERVE, -1, 0 <unfinished ...>
16664 <... mmap resumed>)               = 0x100000000000
16661 mmap(NULL, 16384, PROT_READ|PROT_WRITE, MAP_PRIVATE|MAP_ANONYMOUS|MAP_NORESERVE, -1, 0 <unfinished ...>
16660 mmap(NULL, 16384, PROT_READ|PROT_WRITE, MAP_PRIVATE|MAP_ANONYMOUS|MAP_NORESERVE, -1, 0 <unfinished ...>
16659 mmap(NULL, 16384, PROT_READ|PROT_WRITE, MAP_PRIVATE|MAP_ANONYMOUS|MAP_NORESERVE, -1, 0 <unfinished ...>
16658 munmap(0x100100000000, 16384 <unfinished ...>
16672 mmap(NULL, 16384, PROT_READ|PROT_WRITE, MAP_PRIVATE|MAP_ANONYMOUS|MAP_NORESERVE, -1, 0 <unfinished ...>
16671 mmap(NULL, 16384, PROT_READ|PROT_WRITE, MAP_PRIVATE|MAP_ANONYMOUS|MAP_NORESERVE, -1, 0 <unfinished ...>
16670 munmap(0x100040400000, 16384 <unfinished ...>
16669 munmap(0x100000200000, 16384 <unfinished ...>
16667 mmap(NULL, 16384, PROT_READ|PROT_WRITE, MAP_PRIVATE|MAP_ANONYMOUS|MAP_NORESERVE, -1, 0 <unfinished ...>
16664 munmap(0x100000000000, 16384 <unfinished ...>
16662 munmap(0x100080000000, 16384 <unfinished ...>
16660 <... mmap resumed>)               = 0x100040600000
16657 munmap(0x100040000000, 16384 <unfinished ...>
16672 <... mmap resumed>)               = 0x100100000000
16671 <... mmap resumed>)               = 0x100000200000
16670 <... munmap resumed>)             = 0
16669 <... munmap resumed>)             = 0
16664 <... munmap resumed>)             = 0
16660 munmap(0x100040600000, 16384 <unfinished ...>
16658 <... munmap resumed>)             = 0
16672 munmap(0x100100000000, 16384 <unfinished ...>
16671 munmap(0x100000200000, 16384 <unfinished ...>
16670 mmap(NULL, 16384, PROT_READ|PROT_WRITE, MAP_PRIVATE|MAP_ANONYMOUS|MAP_NORESERVE, -1, 0 <unfinished ...>
16665 <... mmap resumed>)               = 0x100000000000
16664 mmap(NULL, 16384, PROT_READ|PROT_WRITE, MAP_PRIVATE|MAP_ANONYMOUS|MAP_NORESERVE, -1, 0 <unfinished ...>
16662 <... munmap resumed>)             = 0
16661 <... mmap resumed>)               = 0x100040000000
16669 mmap(NULL, 16384, PROT_READ|PROT_WRITE, MAP_PRIVATE|MAP_ANONYMOUS|MAP_NORESERVE, -1, 0 <unfinished ...>
16660 <... munmap resumed>)             = 0
16659 <... mmap resumed>)               = 0x100040400000
16657 <... munmap resumed>)             = 0
16672 <... munmap resumed>)             = 0
16671 <... munmap resumed>)             = 0
16670 <... mmap resumed>)               = 0x100040600000
16669 <... mmap resumed>)               = 0x100080000000
16667 <... mmap resumed>)               = 0x100100000000
16666 munmap(0x1000c0000000, 16384 <unfinished ...>
16665 munmap(0x100000000000, 16384 <unfinished ...>
16664 <... mmap resumed>)               = 0x100000200000
16661 munmap(0x100040000000, 16384 <unfinished ...>
16660 mmap(NULL, 16384, PROT_READ|PROT_WRITE, MAP_PRIVATE|MAP_ANONYMOUS|MAP_NORESERVE, -1, 0 <unfinished ...>
16658 mmap(NULL, 16384, PROT_READ|PROT_WRITE, MAP_PRIVATE|MAP_ANONYMOUS|MAP_NORESERVE, -1, 0 <unfinished ...>
16672 mmap(NULL, 16384, PROT_READ|PROT_WRITE, MAP_PRIVATE|MAP_ANONYMOUS|MAP_NORESERVE, -1, 0 <unfinished ...>
16670 munmap(0x100040600000, 16384 <unfinished ...>
16669 munmap(0x100080000000, 16384 <unfinished ...>
16667 munmap(0x100100000000, 16384 <unfinished ...>
16666 <... munmap resumed>)             = 0
16664 munmap(0x100000200000, 16384 <unfinished ...>
16662 mmap(NULL, 16384, PROT_READ|PROT_WRITE, MAP_PRIVATE|MAP_ANONYMOUS|MAP_NORESERVE, -1, 0 <unfinished ...>
16660 <... mmap resumed>)               = 0x1000c0000000
16659 munmap(0x100040400000, 16384 <unfinished ...>
16672 <... mmap resumed>)               = 0x1000c0200000
16671 mmap(NULL, 16384, PROT_READ|PROT_WRITE, MAP_PRIVATE|MAP_ANONYMOUS|MAP_NORESERVE, -1, 0 <unfinished ...>
16670 <... munmap resumed>)             = 0
16669 <... munmap resumed>)             = 0
16667 <... munmap resumed>)             = 0
16666 mmap(NULL, 16384, PROT_READ|PROT_WRITE, MAP_PRIVATE|MAP_ANONYMOUS|MAP_NORESERVE, -1, 0 <unfinished ...>
16665 <... munmap resumed>)             = 0
16664 <... munmap resumed>)             = 0
16661 <... munmap resumed>)             = 0
16660 munmap(0x1000c0000000, 16384 <unfinished ...>
16658 <... mmap resumed>)               = 0x100040000000
16657 mmap(NULL, 16384, PROT_READ|PROT_WRITE, MAP_PRIVATE|MAP_ANONYMOUS|MAP_NORESERVE, -1, 0 <unfinished ...>
16672 munmap(0x1000c0200000, 16384 <unfinished ...>
16670 mmap(NULL, 16384, PROT_READ|PROT_WRITE, MAP_PRIVATE|MAP_ANONYMOUS|MAP_NORESERVE, -1, 0 <unfinished ...>
16669 mmap(NULL, 16384, PROT_READ|PROT_WRITE, MAP_PRIVATE|MAP_ANONYMOUS|MAP_NORESERVE, -1, 0 <unfinished ...>
16667 mmap(NULL, 16384, PROT_READ|PROT_WRITE, MAP_PRIVATE|MAP_ANONYMOUS|MAP_NORESERVE, -1, 0 <unfinished ...>
16666 <... mmap resumed>)               = 0x100040400000
16664 mmap(NULL, 16384, PROT_READ|PROT_WRITE, MAP_PRIVATE|MAP_ANONYMOUS|MAP_NORESERVE, -1, 0 <unfinished ...>
16665 mmap(NULL, 16384, PROT_READ|PROT_WRITE, MAP_PRIVATE|MAP_ANONYMOUS|MAP_NORESERVE, -1, 0 <unfinished ...>
16662 <... mmap resumed>)               = 0x100100000000
16661 mmap(NULL, 16384, PROT_READ|PROT_WRITE, MAP_PRIVATE|MAP_ANONYMOUS|MAP_NORESERVE, -1, 0 <unfinished ...>
16660 <... munmap resumed>)             = 0
16659 <... munmap resumed>)             = 0
16658 munmap(0x100040000000, 16384 <unfinished ...>
16672 <... munmap resumed>)             = 0
16671 <... mmap resumed>)               = 0x1000c0200000
16670 <... mmap resumed>)               = 0x100000200000
16669 <... mmap resumed>)               = 0x1000c0000000
16668 munmap(0x100100200000, 16384 <unfinished ...>
16667 <... mmap resumed>)               = 0x100080000000
16666 munmap(0x100040400000, 16384 <unfinished ...>
16665 <... mmap resumed>)               = 0x100140000000
16664 <... mmap resumed>)               = 0x100040600000
16663 mmap(NULL, 16384, PROT_READ|PROT_WRITE, MAP_PRIVATE|MAP_ANONYMOUS|MAP_NORESERVE, -1, 0 <unfinished ...>
16662 munmap(0x100100000000, 16384 <unfinished ...>
16661 <... mmap resumed>)               = 0x100140200000
16660 mmap(NULL, 16384, PROT_READ|PROT_WRITE, MAP_PRIVATE|MAP_ANONYMOUS|MAP_NORESERVE, -1, 0 <unfinished ...>
16657 <... mmap resumed>)               = 0x100000000000
16672 mmap(NULL, 16384, PROT_READ|PROT_WRITE, MAP_PRIVATE|MAP_ANONYMOUS|MAP_NORESERVE, -1, 0 <unfinished ...>
16671 munmap(0x1000c0200000, 16384 <unfinished ...>
16670 munmap(0x100000200000, 16384 <unfinished ...>
16669 munmap(0x1000c0000000, 16384 <unfinished ...>
16666 <... munmap resumed>)             = 0
16665 munmap(0x100140000000, 16384 <unfinished ...>
16664 munmap(0x100040600000, 16384 <unfinished ...>
16662 <... munmap resumed>)             = 0
16660 <... mmap resumed>)               = 0x100100000000
16659 mmap(NULL, 16384, PROT_READ|PROT_WRITE, MAP_PRIVATE|MAP_ANONYMOUS|MAP_NORESERVE, -1, 0 <unfinished ...>
16658 <... munmap resumed>)             = 0
16672 <... mmap resumed>)               = 0x100040000000
16670 <... munmap resumed>)             = 0
16669 <... munmap resumed>)             = 0
16667 munmap(0x100080000000, 16384 <unfinished ...>
16666 mmap(NULL, 16384, PROT_READ|PROT_WRITE, MAP_PRIVATE|MAP_ANONYMOUS|MAP_NORESERVE, -1, 0 <unfinished ...>
16661 munmap(0x100140200000, 16384 <unfinished ...>
16657 munmap(0x100000000000, 16384 <unfinished ...>
16672 munmap(0x100040000000, 16384 <unfinished ...>
16669 mmap(NULL, 16384, PROT_READ|PROT_WRITE, MAP_PRIVATE|MAP_ANONYMOUS|MAP_NORESERVE, -1, 0 <unfinished ...>
16666 <... mmap resumed>)               = 0x1000c0000000
16664 <... munmap resumed>)             = 0
16662 mmap(NULL, 16384, PROT_READ|PROT_WRITE, MAP_PRIVATE|MAP_ANONYMOUS|MAP_NORESERVE, -1, 0 <unfinished ...>
16659 <... mmap resumed>)               = 0x100040600000
16672 <... munmap resumed>)             = 0
16671 <... munmap resumed>)             = 0
16670 mmap(NULL, 16384, PROT_READ|PROT_WRITE, MAP_PRIVATE|MAP_ANONYMOUS|MAP_NORESERVE, -1, 0 <unfinished ...>
16669 <... mmap resumed>)               = 0x100040000000
16667 <... munmap resumed>)             = 0
16666 munmap(0x1000c0000000, 16384 <unfinished ...>
16665 <... munmap resumed>)             = 0
16662 <... mmap resumed>)               = 0x100080000000
16661 <... munmap resumed>)             = 0
16658 mmap(NULL, 16384, PROT_READ|PROT_WRITE, MAP_PRIVATE|MAP_ANONYMOUS|MAP_NORESERVE, -1, 0 <unfinished ...>
16657 <... munmap resumed>)             = 0
16672 mmap(NULL, 16384, PROT_READ|PROT_WRITE, MAP_PRIVATE|MAP_ANONYMOUS|MAP_NORESERVE, -1, 0 <unfinished ...>
16670 <... mmap resumed>)               = 0x100140000000
16669 munmap(0x100040000000, 16384 <unfinished ...>
16668 <... munmap resumed>)             = 0
16667 mmap(NULL, 16384, PROT_READ|PROT_WRITE, MAP_PRIVATE|MAP_ANONYMOUS|MAP_NORESERVE, -1, 0 <unfinished ...>
16671 mmap(NULL, 16384, PROT_READ|PROT_WRITE, MAP_PRIVATE|MAP_ANONYMOUS|MAP_NORESERVE, -1, 0 <unfinished ...>
16666 <... munmap resumed>)             = 0
16665 mmap(NULL, 16384, PROT_READ|PROT_WRITE, MAP_PRIVATE|MAP_ANONYMOUS|MAP_NORESERVE, -1, 0 <unfinished ...>
16661 mmap(NULL, 16384, PROT_READ|PROT_WRITE, MAP_PRIVATE|MAP_ANONYMOUS|MAP_NORESERVE, -1, 0 <unfinished ...>
16660 munmap(0x100100000000, 16384 <unfinished ...>
16659 munmap(0x100040600000, 16384 <unfinished ...>
16657 mmap(NULL, 16384, PROT_READ|PROT_WRITE, MAP_PRIVATE|MAP_ANONYMOUS|MAP_NORESERVE, -1, 0 <unfinished ...>
16672 <... mmap resumed>)               = 0x1000c0000000
16671 <... mmap resumed>)               = 0x100140200000
16670 munmap(0x100140000000, 16384 <unfinished ...>
16669 <... munmap resumed>)             = 0
16668 mmap(NULL, 16384, PROT_READ|PROT_WRITE, MAP_PRIVATE|MAP_ANONYMOUS|MAP_NORESERVE, -1, 0 <unfinished ...>
16667 <... mmap resumed>)               = 0x100000000000
16666 mmap(NULL, 16384, PROT_READ|PROT_WRITE, MAP_PRIVATE|MAP_ANONYMOUS|MAP_NORESERVE, -1, 0 <unfinished ...>
16665 <... mmap resumed>)               = 0x1000c0200000
16664 mmap(NULL, 16384, PROT_READ|PROT_WRITE, MAP_PRIVATE|MAP_ANONYMOUS|MAP_NORESERVE, -1, 0 <unfinished ...>
16662 munmap(0x100080000000, 16384 <unfinished ...>
16661 <... mmap resumed>)               = 0x100100000000
16660 <... munmap resumed>)             = 0
16659 <... munmap resumed>)             = 0
16658 <... mmap resumed>)               = 0x100040000000
16657 <... mmap resumed>)               = 0x100040600000
16672 munmap(0x1000c0000000, 16384 <unfinished ...>
16671 munmap(0x100140200000, 16384 <unfinished ...>
16670 <... munmap resumed>)             = 0
16669 mmap(NULL, 16384, PROT_READ|PROT_WRITE, MAP_PRIVATE|MAP_ANONYMOUS|MAP_NORESERVE, -1, 0 <unfinished ...>
16668 <... mmap resumed>)               = 0x100000200000
16667 munmap(0x100000000000, 16384 <unfinished ...>
16665 munmap(0x1000c0200000, 16384 <unfinished ...>
16663 <... mmap resumed>)               = 0x100100200000
16661 munmap(0x100100000000, 16384 <unfinished ...>
16672 <... munmap resumed>)             = 0
16670 mmap(NULL, 16384, PROT_READ|PROT_WRITE, MAP_PRIVATE|MAP_ANONYMOUS|MAP_NORESERVE, -1, 0 <unfinished ...>
16669 <... mmap resumed>)               = 0x1000c0000000
16667 <... munmap resumed>)             = 0
16666 <... mmap resumed>)               = 0x100140000000
16663 munmap(0x100100200000, 16384 <unfinished ...>
16660 mmap(NULL, 16384, PROT_READ|PROT_WRITE, MAP_PRIVATE|MAP_ANONYMOUS|MAP_NORESERVE, -1, 0 <unfinished ...>
16658 munmap(0x100040000000, 16384 <unfinished ...>
16657 munmap(0x100040600000, 16384 <unfinished ...>
16672 mmap(NULL, 16384, PROT_READ|PROT_WRITE, MAP_PRIVATE|MAP_ANONYMOUS|MAP_NORESERVE, -1, 0 <unfinished ...>
16671 <... munmap resumed>)             = 0
16670 <... mmap resumed>)               = 0x100100200000
16669 munmap(0x1000c0000000, 16384 <unfinished ...>
16668 munmap(0x100000200000, 16384 <unfinished ...>
16667 mmap(NULL, 16384, PROT_READ|PROT_WRITE, MAP_PRIVATE|MAP_ANONYMOUS|MAP_NORESERVE, -1, 0 <unfinished ...>
16666 munmap(0x100140000000, 16384 <unfinished ...>
16665 <... munmap resumed>)             = 0
16664 <... mmap resumed>)               = 0x1000c0200000
16663 <... munmap resumed>)             = 0
16662 <... munmap resumed>)             = 0
16661 <... munmap resumed>)             = 0
16660 <... mmap resumed>)               = 0x100100000000
16657 <... munmap resumed>)             = 0
16672 <... mmap resumed>)               = 0x100040600000
16671 mmap(NULL, 16384, PROT_READ|PROT_WRITE, MAP_PRIVATE|MAP_ANONYMOUS|MAP_NORESERVE, -1, 0 <unfinished ...>
16670 munmap(0x100100200000, 16384 <unfinished ...>
16669 <... munmap resumed>)             = 0
16667 <... mmap resumed>)               = 0x1000c0000000
16666 <... munmap resumed>)             = 0
16665 mmap(NULL, 16384, PROT_READ|PROT_WRITE, MAP_PRIVATE|MAP_ANONYMOUS|MAP_NORESERVE, -1, 0 <unfinished ...>
16664 munmap(0x1000c0200000, 16384 <unfinished ...>
16663 mmap(NULL, 16384, PROT_READ|PROT_WRITE, MAP_PRIVATE|MAP_ANONYMOUS|MAP_NORESERVE, -1, 0 <unfinished ...>
16662 mmap(NULL, 16384, PROT_READ|PROT_WRITE, MAP_PRIVATE|MAP_ANONYMOUS|MAP_NORESERVE, -1, 0 <unfinished ...>
16660 munmap(0x100100000000, 16384 <unfinished ...>
16658 <... munmap resumed>)             = 0
16672 munmap(0x100040600000, 16384 <unfinished ...>
16671 <... mmap resumed>)               = 0x100100200000
16670 <... munmap resumed>)             = 0
16669 mmap(NULL, 16384, PROT_READ|PROT_WRITE, MAP_PRIVATE|MAP_ANONYMOUS|MAP_NORESERVE, -1, 0 <unfinished ...>
16668 <... munmap resumed>)             = 0
16667 munmap(0x1000c0000000, 16384 <unfinished ...>
16666 mmap(NULL, 16384, PROT_READ|PROT_WRITE, MAP_PRIVATE|MAP_ANONYMOUS|MAP_NORESERVE, -1, 0 <unfinished ...>
16665 <... mmap resumed>)               = 0x100000200000
16664 <... munmap resumed>)             = 0
16663 <... mmap resumed>)               = 0x1000c0200000
16661 mmap(NULL, 16384, PROT_READ|PROT_WRITE, MAP_PRIVATE|MAP_ANONYMOUS|MAP_NORESERVE, -1, 0 <unfinished ...>
16660 <... munmap resumed>)             = 0
16657 mmap(NULL, 16384, PROT_READ|PROT_WRITE, MAP_PRIVATE|MAP_ANONYMOUS|MAP_NORESERVE, -1, 0 <unfinished ...>
16672 <... munmap resumed>)             = 0
16671 munmap(0x100100200000, 16384 <unfinished ...>
16670 mmap(NULL, 16384, PROT_READ|PROT_WRITE, MAP_PRIVATE|MAP_ANONYMOUS|MAP_NORESERVE, -1, 0 <unfinished ...>
16668 mmap(NULL, 16384, PROT_READ|PROT_WRITE, MAP_PRIVATE|MAP_ANONYMOUS|MAP_NORESERVE, -1, 0 <unfinished ...>
16667 <... munmap resumed>)             = 0
16666 <... mmap resumed>)               = 0x1000c0000000
16665 munmap(0x100000200000, 16384 <unfinished ...>
16664 mmap(NULL, 16384, PROT_READ|PROT_WRITE, MAP_PRIVATE|MAP_ANONYMOUS|MAP_NORESERVE, -1, 0 <unfinished ...>
16663 munmap(0x1000c0200000, 16384 <unfinished ...>
16661 <... mmap resumed>)               = 0x100040600000
16660 mmap(NULL, 16384, PROT_READ|PROT_WRITE, MAP_PRIVATE|MAP_ANONYMOUS|MAP_NORESERVE, -1, 0 <unfinished ...>
16658 mmap(NULL, 16384, PROT_READ|PROT_WRITE, MAP_PRIVATE|MAP_ANONYMOUS|MAP_NORESERVE, -1, 0 <unfinished ...>
16672 mmap(NULL, 16384, PROT_READ|PROT_WRITE, MAP_PRIVATE|MAP_ANONYMOUS|MAP_NORESERVE, -1, 0 <unfinished ...>
16671 <... munmap resumed>)             = 0
16670 <... mmap resumed>)               = 0x100040000000
16669 <... mmap resumed>)               = 0x100100200000
16668 <... mmap resumed>)               = 0x100140000000
16667 mmap(NULL, 16384, PROT_READ|PROT_WRITE, MAP_PRIVATE|MAP_ANONYMOUS|MAP_NORESERVE, -1, 0 <unfinished ...>
16666 munmap(0x1000c0000000, 16384 <unfinished ...>
16665 <... munmap resumed>)             = 0
16664 <... mmap resumed>)               = 0x100140200000
16662 <... mmap resumed>)               = 0x100000200000
16661 munmap(0x100040600000, 16384 <unfinished ...>
16660 <... mmap resumed>)               = 0x100080000000
16657 <... mmap resumed>)               = 0x100100000000
16672 <... mmap resumed>)               = 0x1000c0200000
16671 mmap(NULL, 16384, PROT_READ|PROT_WRITE, MAP_PRIVATE|MAP_ANONYMOUS|MAP_NORESERVE, -1, 0 <unfinished ...>
16670 munmap(0x100040000000, 16384 <unfinished ...>
16669 munmap(0x100100200000, 16384 <unfinished ...>
16668 munmap(0x100140000000, 16384 <unfinished ...>
16667 <... mmap resumed>)               = 0x100040400000
16665 mmap(NULL, 16384, PROT_READ|PROT_WRITE, MAP_PRIVATE|MAP_ANONYMOUS|MAP_NORESERVE, -1, 0 <unfinished ...>
16663 <... munmap resumed>)             = 0
16661 <... munmap resumed>)             = 0
16660 munmap(0x100080000000, 16384 <unfinished ...>
16658 <... mmap resumed>)               = 0x100000000000
16672 munmap(0x1000c0200000, 16384 <unfinished ...>
16670 <... munmap resumed>)             = 0
16668 <... munmap resumed>)             = 0
16667 munmap(0x100040400000, 16384 <unfinished ...>
16665 <... mmap resumed>)               = 0x100140000000
16661 mmap(NULL, 16384, PROT_READ|PROT_WRITE, MAP_PRIVATE|MAP_ANONYMOUS|MAP_NORESERVE, -1, 0 <unfinished ...>
16660 <... munmap resumed>)             = 0
16657 munmap(0x100100000000, 16384 <unfinished ...>
16672 <... munmap resumed>)             = 0
16670 mmap(NULL, 16384, PROT_READ|PROT_WRITE, MAP_PRIVATE|MAP_ANONYMOUS|MAP_NORESERVE, -1, 0 <unfinished ...>
16669 <... munmap resumed>)             = 0
16668 mmap(NULL, 16384, PROT_READ|PROT_WRITE, MAP_PRIVATE|MAP_ANONYMOUS|MAP_NORESERVE, -1, 0 <unfinished ...>
16667 <... munmap resumed>)             = 0
16666 <... munmap resumed>)             = 0
16664 munmap(0x100140200000, 16384 <unfinished ...>
16663 mmap(NULL, 16384, PROT_READ|PROT_WRITE, MAP_PRIVATE|MAP_ANONYMOUS|MAP_NORESERVE, -1, 0 <unfinished ...>
16662 munmap(0x100000200000, 16384 <unfinished ...>
16661 <... mmap resumed>)               = 0x100040400000
16658 munmap(0x100000000000, 16384 <unfinished ...>
16672 mmap(NULL, 16384, PROT_READ|PROT_WRITE, MAP_PRIVATE|MAP_ANONYMOUS|MAP_NORESERVE, -1, 0 <unfinished ...>
16671 <... mmap resumed>)               = 0x1000c0200000
16670 <... mmap resumed>)               = 0x100100000000
16669 mmap(NULL, 16384, PROT_READ|PROT_WRITE, MAP_PRIVATE|MAP_ANONYMOUS|MAP_NORESERVE, -1, 0 <unfinished ...>
16668 <... mmap resumed>)               = 0x1000c0000000
16667 mmap(NULL, 16384, PROT_READ|PROT_WRITE, MAP_PRIVATE|MAP_ANONYMOUS|MAP_NORESERVE, -1, 0 <unfinished ...>
16666 mmap(NULL, 16384, PROT_READ|PROT_WRITE, MAP_PRIVATE|MAP_ANONYMOUS|MAP_NORESERVE, -1, 0 <unfinished ...>
16665 munmap(0x100140000000, 16384 <unfinished ...>
16664 <... munmap resumed>)             = 0
16663 <... mmap resumed>)               = 0x100140200000
16661 munmap(0x100040400000, 16384 <unfinished ...>
16660 mmap(NULL, 16384, PROT_READ|PROT_WRITE, MAP_PRIVATE|MAP_ANONYMOUS|MAP_NORESERVE, -1, 0 <unfinished ...>
16659 mmap(NULL, 16384, PROT_READ|PROT_WRITE, MAP_PRIVATE|MAP_ANONYMOUS|MAP_NORESERVE, -1, 0 <unfinished ...>
16657 <... munmap resumed>)             = 0
16672 <... mmap resumed>)               = 0x100100200000
16671 munmap(0x1000c0200000, 16384 <unfinished ...>
16670 munmap(0x100100000000, 16384 <unfinished ...>
16668 munmap(0x1000c0000000, 16384 <unfinished ...>
16667 <... mmap resumed>)               = 0x100000200000
16666 <... mmap resumed>)               = 0x100140000000
16665 <... munmap resumed>)             = 0
16664 mmap(NULL, 16384, PROT_READ|PROT_WRITE, MAP_PRIVATE|MAP_ANONYMOUS|MAP_NORESERVE, -1, 0 <unfinished ...>
16662 <... munmap resumed>)             = 0
16661 <... munmap resumed>)             = 0
16658 <... munmap resumed>)             = 0
16672 munmap(0x100100200000, 16384 <unfinished ...>
16671 <... munmap resumed>)             = 0
16670 <... munmap resumed>)             = 0
16669 <... mmap resumed>)               = 0x100000000000
16667 munmap(0x100000200000, 16384 <unfinished ...>
16666 munmap(0x100140000000, 16384 <unfinished ...>
16665 mmap(NULL, 16384, PROT_READ|PROT_WRITE, MAP_PRIVATE|MAP_ANONYMOUS|MAP_NORESERVE, -1, 0 <unfinished ...>
16664 <... mmap resumed>)               = 0x1000c0200000
16662 mmap(NULL, 16384, PROT_READ|PROT_WRITE, MAP_PRIVATE|MAP_ANONYMOUS|MAP_NORESERVE, -1, 0 <unfinished ...>
16659 <... mmap resumed>)               = 0x100040400000
16668 <... munmap resumed>)             = 0
16658 mmap(NULL, 16384, PROT_READ|PROT_WRITE, MAP_PRIVATE|MAP_ANONYMOUS|MAP_NORESERVE, -1, 0 <unfinished ...>
16672 <... munmap resumed>)             = 0
16671 mmap(NULL, 16384, PROT_READ|PROT_WRITE, MAP_PRIVATE|MAP_ANONYMOUS|MAP_NORESERVE, -1, 0 <unfinished ...>
16670 mmap(NULL, 16384, PROT_READ|PROT_WRITE, MAP_PRIVATE|MAP_ANONYMOUS|MAP_NORESERVE, -1, 0 <unfinished ...>
16669 munmap(0x100000000000, 16384 <unfinished ...>
16668 mmap(NULL, 16384, PROT_READ|PROT_WRITE, MAP_PRIVATE|MAP_ANONYMOUS|MAP_NORESERVE, -1, 0 <unfinished ...>
16667 <... munmap resumed>)             = 0
16666 <... munmap resumed>)             = 0
16665 <... mmap resumed>)               = 0x100000200000
16664 munmap(0x1000c0200000, 16384 <unfinished ...>
16663 munmap(0x100140200000, 16384 <unfinished ...>
16662 <... mmap resumed>)               = 0x100140000000
16661 mmap(NULL, 16384, PROT_READ|PROT_WRITE, MAP_PRIVATE|MAP_ANONYMOUS|MAP_NORESERVE, -1, 0 <unfinished ...>
16660 <... mmap resumed>)               = 0x1000c0000000
16659 munmap(0x100040400000, 16384 <unfinished ...>
16672 mmap(NULL, 16384, PROT_READ|PROT_WRITE, MAP_PRIVATE|MAP_ANONYMOUS|MAP_NORESERVE, -1, 0 <unfinished ...>
16671 <... mmap resumed>)               = 0x100080000000
16670 <... mmap resumed>)               = 0x100100000000
16669 <... munmap resumed>)             = 0
16668 <... mmap resumed>)               = 0x100040000000
16666 mmap(NULL, 16384, PROT_READ|PROT_WRITE, MAP_PRIVATE|MAP_ANONYMOUS|MAP_NORESERVE, -1, 0 <unfinished ...>
16665 munmap(0x100000200000, 16384 <unfinished ...>
16664 <... munmap resumed>)             = 0
16662 munmap(0x100140000000, 16384 <unfinished ...>
16661 <... mmap resumed>)               = 0x1000c0200000
16659 <... munmap resumed>)             = 0
16658 <... mmap resumed>)               = 0x100100200000
16672 <... mmap resumed>)               = 0x100040400000
16671 munmap(0x100080000000, 16384 <unfinished ...>
16670 munmap(0x100100000000, 16384 <unfinished ...>
16669 mmap(NULL, 16384, PROT_READ|PROT_WRITE, MAP_PRIVATE|MAP_ANONYMOUS|MAP_NORESERVE, -1, 0 <unfinished ...>
16668 munmap(0x100040000000, 16384 <unfinished ...>
16667 mmap(NULL, 16384, PROT_READ|PROT_WRITE, MAP_PRIVATE|MAP_ANONYMOUS|MAP_NORESERVE, -1, 0 <unfinished ...>
16666 <... mmap resumed>)               = 0x100000200000
16665 <... munmap resumed>)             = 0
16662 <... munmap resumed>)             = 0
16661 munmap(0x1000c0200000, 16384 <unfinished ...>
16660 munmap(0x1000c0000000, 16384 <unfinished ...>
16659 mmap(NULL, 16384, PROT_READ|PROT_WRITE, MAP_PRIVATE|MAP_ANONYMOUS|MAP_NORESERVE, -1, 0 <unfinished ...>
16657 mmap(NULL, 16384, PROT_READ|PROT_WRITE, MAP_PRIVATE|MAP_ANONYMOUS|MAP_NORESERVE, -1, 0 <unfinished ...>
16672 munmap(0x100040400000, 16384 <unfinished ...>
16671 <... munmap resumed>)             = 0
16670 <... munmap resumed>)             = 0
16669 <... mmap resumed>)               = 0x100040000000
16668 <... munmap resumed>)             = 0
16666 munmap(0x100000200000, 16384 <unfinished ...>
16665 mmap(NULL, 16384, PROT_READ|PROT_WRITE, MAP_PRIVATE|MAP_ANONYMOUS|MAP_NORESERVE, -1, 0 <unfinished ...>
16664 mmap(NULL, 16384, PROT_READ|PROT_WRITE, MAP_PRIVATE|MAP_ANONYMOUS|MAP_NORESERVE, -1, 0 <unfinished ...>
16663 <... munmap resumed>)             = 0
16662 mmap(NULL, 16384, PROT_READ|PROT_WRITE, MAP_PRIVATE|MAP_ANONYMOUS|MAP_NORESERVE, -1, 0 <unfinished ...>
16661 <... munmap resumed>)             = 0
16660 <... munmap resumed>)             = 0
16659 <... mmap resumed>)               = 0x1000c0200000
16658 munmap(0x100100200000, 16384 <unfinished ...>
16672 <... munmap resumed>)             = 0
16671 mmap(NULL, 16384, PROT_READ|PROT_WRITE, MAP_PRIVATE|MAP_ANONYMOUS|MAP_NORESERVE, -1, 0 <unfinished ...>
16670 mmap(NULL, 16384, PROT_READ|PROT_WRITE, MAP_PRIVATE|MAP_ANONYMOUS|MAP_NORESERVE, -1, 0 <unfinished ...>
16669 munmap(0x100040000000, 16384 <unfinished ...>
16668 mmap(NULL, 16384, PROT_READ|PROT_WRITE, MAP_PRIVATE|MAP_ANONYMOUS|MAP_NORESERVE, -1, 0 <unfinished ...>
16667 <... mmap resumed>)               = 0x100040400000
16666 <... munmap resumed>)             = 0
16665 <... mmap resumed>)               = 0x1000c0000000
16664 <... mmap resumed>)               = 0x100100000000
16662 <... mmap resumed>)               = 0x100000200000
16661 mmap(NULL, 16384, PROT_READ|PROT_WRITE, MAP_PRIVATE|MAP_ANONYMOUS|MAP_NORESERVE, -1, 0 <unfinished ...>
16660 mmap(NULL, 16384, PROT_READ|PROT_WRITE, MAP_PRIVATE|MAP_ANONYMOUS|MAP_NORESERVE, -1, 0 <unfinished ...>
16659 munmap(0x1000c0200000, 16384 <unfinished ...>
16672 mmap(NULL, 16384, PROT_READ|PROT_WRITE, MAP_PRIVATE|MAP_ANONYMOUS|MAP_NORESERVE, -1, 0 <unfinished ...>
16671 <... mmap resumed>)               = 0x100140000000
16670 <... mmap resumed>)               = 0x100140200000
16669 <... munmap resumed>)             = 0
16668 <... mmap resumed>)               = 0x100000000000
16667 munmap(0x100040400000, 16384 <unfinished ...>
16666 mmap(NULL, 16384, PROT_READ|PROT_WRITE, MAP_PRIVATE|MAP_ANONYMOUS|MAP_NORESERVE, -1, 0 <unfinished ...>
16665 munmap(0x1000c0000000, 16384 <unfinished ...>
16664 munmap(0x100100000000, 16384 <unfinished ...>
16662 munmap(0x100000200000, 16384 <unfinished ...>
16657 <... mmap resumed>)               = 0x100080000000
16672 <... mmap resumed>)               = 0x100040600000
16671 munmap(0x100140000000, 16384 <unfinished ...>
16670 munmap(0x100140200000, 16384 <unfinished ...>
16669 mmap(NULL, 16384, PROT_READ|PROT_WRITE, MAP_PRIVATE|MAP_ANONYMOUS|MAP_NORESERVE, -1, 0 <unfinished ...>
16668 munmap(0x100000000000, 16384 <unfinished ...>
16667 <... munmap resumed>)             = 0
16665 <... munmap resumed>)             = 0
16664 <... munmap resumed>)             = 0
16662 <... munmap resumed>)             = 0
16661 <... mmap resumed>)               = 0x100040000000
16660 <... mmap resumed>)               = 0x1000c0200000
16659 <... munmap resumed>)             = 0
16658 <... munmap resumed>)             = 0
16672 munmap(0x100040600000, 16384 <unfinished ...>
16671 <... munmap resumed>)             = 0
16670 <... munmap resumed>)             = 0
16668 <... munmap resumed>)             = 0
16667 mmap(NULL, 16384, PROT_READ|PROT_WRITE, MAP_PRIVATE|MAP_ANONYMOUS|MAP_NORESERVE, -1, 0 <unfinished ...>
16666 <... mmap resumed>)               = 0x100000000000
16665 mmap(NULL, 16384, PROT_READ|PROT_WRITE, MAP_PRIVATE|MAP_ANONYMOUS|MAP_NORESERVE, -1, 0 <unfinished ...>
16664 mmap(NULL, 16384, PROT_READ|PROT_WRITE, MAP_PRIVATE|MAP_ANONYMOUS|MAP_NORESERVE, -1, 0 <unfinished ...>
16663 mmap(NULL, 16384, PROT_READ|PROT_WRITE, MAP_PRIVATE|MAP_ANONYMOUS|MAP_NORESERVE, -1, 0 <unfinished ...>
16662 mmap(NULL, 16384, PROT_READ|PROT_WRITE, MAP_PRIVATE|MAP_ANONYMOUS|MAP_NORESERVE, -1, 0 <unfinished ...>
16661 munmap(0x100040000000, 16384 <unfinished ...>
16659 mmap(NULL, 16384, PROT_READ|PROT_WRITE, MAP_PRIVATE|MAP_ANONYMOUS|MAP_NORESERVE, -1, 0 <unfinished ...>
16672 <... munmap resumed>)             = 0
16671 mmap(NULL, 16384, PROT_READ|PROT_WRITE, MAP_PRIVATE|MAP_ANONYMOUS|MAP_NORESERVE, -1, 0 <unfinished ...>
16670 mmap(NULL, 16384, PROT_READ|PROT_WRITE, MAP_PRIVATE|MAP_ANONYMOUS|MAP_NORESERVE, -1, 0 <unfinished ...>
16669 <... mmap resumed>)               = 0x100040600000
16668 mmap(NULL, 16384, PROT_READ|PROT_WRITE, MAP_PRIVATE|MAP_ANONYMOUS|MAP_NORESERVE, -1, 0 <unfinished ...>
16667 <... mmap resumed>)               = 0x100140000000
16666 munmap(0x100000000000, 16384 <unfinished ...>
16665 <... mmap resumed>)               = 0x100140200000
16664 <... mmap resumed>)               = 0x1000c0000000
16663 <... mmap resumed>)               = 0x100000200000
16662 <... mmap resumed>)               = 0x100100000000
16660 munmap(0x1000c0200000, 16384 <unfinished ...>
16659 <... mmap resumed>)               = 0x100100200000
16658 mmap(NULL, 16384, PROT_READ|PROT_WRITE, MAP_PRIVATE|MAP_ANONYMOUS|MAP_NORESERVE, -1, 0 <unfinished ...>
16672 mmap(NULL, 16384, PROT_READ|PROT_WRITE, MAP_PRIVATE|MAP_ANONYMOUS|MAP_NORESERVE, -1, 0 <unfinished ...>
16671 <... mmap resumed>)               = 0x100040400000
16670 <... mmap resumed>)               = 0x100040000000
16669 munmap(0x100040600000, 16384 <unfinished ...>
16668 <... mmap resumed>)               = 0x100040200000
16667 munmap(0x100140000000, 16384 <unfinished ...>
16666 <... munmap resumed>)             = 0
16665 munmap(0x100140200000, 16384 <unfinished ...>
16664 munmap(0x1000c0000000, 16384 <unfinished ...>
16663 munmap(0x100000200000, 16384 <unfinished ...>
16662 munmap(0x100100000000, 16384 <unfinished ...>
16661 <... munmap resumed>)             = 0
16659 munmap(0x100100200000, 16384 <unfinished ...>
16657 munmap(0x100080000000, 16384 <unfinished ...>
16672 <... mmap resumed>)               = 0x100180000000
16671 munmap(0x100040400000, 16384 <unfinished ...>
16670 munmap(0x100040000000, 16384 <unfinished ...>
16669 <... munmap resumed>)             = 0
16668 munmap(0x100040200000, 16384 <unfinished ...>
16667 <... munmap resumed>)             = 0
16666 mmap(NULL, 16384, PROT_READ|PROT_WRITE, MAP_PRIVATE|MAP_ANONYMOUS|MAP_NORESERVE, -1, 0 <unfinished ...>
16665 <... munmap resumed>)             = 0
16664 <... munmap resumed>)             = 0
16663 <... munmap resumed>)             = 0
16662 <... munmap resumed>)             = 0
16661 mmap(NULL, 16384, PROT_READ|PROT_WRITE, MAP_PRIVATE|MAP_ANONYMOUS|MAP_NORESERVE, -1, 0 <unfinished ...>
16660 <... munmap resumed>)             = 0
16659 <... munmap resumed>)             = 0
16658 <... mmap resumed>)               = 0x100000000000
16672 munmap(0x100180000000, 16384 <unfinished ...>
16671 <... munmap resumed>)             = 0
16670 <... munmap resumed>)             = 0
16669 mmap(NULL, 16384, PROT_READ|PROT_WRITE, MAP_PRIVATE|MAP_ANONYMOUS|MAP_NORESERVE, -1, 0 <unfinished ...>
16668 <... munmap resumed>)             = 0
16667 mmap(NULL, 16384, PROT_READ|PROT_WRITE, MAP_PRIVATE|MAP_ANONYMOUS|MAP_NORESERVE, -1, 0 <unfinished ...>
16666 <... mmap resumed>)               = 0x100040200000
16665 mmap(NULL, 16384, PROT_READ|PROT_WRITE, MAP_PRIVATE|MAP_ANONYMOUS|MAP_NORESERVE, -1, 0 <unfinished ...>
16664 mmap(NULL, 16384, PROT_READ|PROT_WRITE, MAP_PRIVATE|MAP_ANONYMOUS|MAP_NORESERVE, -1, 0 <unfinished ...>
16663 mmap(NULL, 16384, PROT_READ|PROT_WRITE, MAP_PRIVATE|MAP_ANONYMOUS|MAP_NORESERVE, -1, 0 <unfinished ...>
16661 <... mmap resumed>)               = 0x100040000000
16657 <... munmap resumed>)             = 0
16672 <... munmap resumed>)             = 0
16671 mmap(NULL, 16384, PROT_READ|PROT_WRITE, MAP_PRIVATE|MAP_ANONYMOUS|MAP_NORESERVE, -1, 0 <unfinished ...>
16670 mmap(NULL, 16384, PROT_READ|PROT_WRITE, MAP_PRIVATE|MAP_ANONYMOUS|MAP_NORESERVE, -1, 0 <unfinished ...>
16669 <... mmap resumed>)               = 0x100180000000
16668 mmap(NULL, 16384, PROT_READ|PROT_WRITE, MAP_PRIVATE|MAP_ANONYMOUS|MAP_NORESERVE, -1, 0 <unfinished ...>
16667 <... mmap resumed>)               = 0x100080000000
16666 munmap(0x100040200000, 16384 <unfinished ...>
16665 <... mmap resumed>)               = 0x100040400000
16664 <... mmap resumed>)               = 0x100000200000
16663 <... mmap resumed>)               = 0x100100200000
16662 mmap(NULL, 16384, PROT_READ|PROT_WRITE, MAP_PRIVATE|MAP_ANONYMOUS|MAP_NORESERVE, -1, 0 <unfinished ...>
16661 munmap(0x100040000000, 16384 <unfinished ...>
16660 mmap(NULL, 16384, PROT_READ|PROT_WRITE, MAP_PRIVATE|MAP_ANONYMOUS|MAP_NORESERVE, -1, 0 <unfinished ...>
16659 mmap(NULL, 16384, PROT_READ|PROT_WRITE, MAP_PRIVATE|MAP_ANONYMOUS|MAP_NORESERVE, -1, 0 <unfinished ...>
16658 munmap(0x100000000000, 16384 <unfinished ...>
16672 mmap(NULL, 16384, PROT_READ|PROT_WRITE, MAP_PRIVATE|MAP_ANONYMOUS|MAP_NORESERVE, -1, 0 <unfinished ...>
16671 <... mmap resumed>)               = 0x1000c0000000
16670 <... mmap resumed>)               = 0x100100000000
16669 munmap(0x100180000000, 16384 <unfinished ...>
16668 <... mmap resumed>)               = 0x100140200000
16667 munmap(0x100080000000, 16384 <unfinished ...>
16666 <... munmap resumed>)             = 0
16665 munmap(0x100040400000, 16384 <unfinished ...>
16664 munmap(0x100000200000, 16384 <unfinished ...>
16663 munmap(0x100100200000, 16384 <unfinished ...>
16662 <... mmap resumed>)               = 0x100040200000
16661 <... munmap resumed>)             = 0
16660 <... mmap resumed>)               = 0x100040000000
16659 <... mmap resumed>)               = 0x100040600000
16657 mmap(NULL, 16384, PROT_READ|PROT_WRITE, MAP_PRIVATE|MAP_ANONYMOUS|MAP_NORESERVE, -1, 0 <unfinished ...>
16672 <... mmap resumed>)               = 0x100000000000
16671 munmap(0x1000c0000000, 16384 <unfinished ...>
16670 munmap(0x100100000000, 16384 <unfinished ...>
16669 <... munmap resumed>)             = 0
16668 munmap(0x100140200000, 16384 <unfinished ...>
16667 <... munmap resumed>)             = 0
16666 mmap(NULL, 16384, PROT_READ|PROT_WRITE, MAP_PRIVATE|MAP_ANONYMOUS|MAP_NORESERVE, -1, 0 <unfinished ...>
16665 <... munmap resumed>)             = 0
16664 <... munmap resumed>)             = 0
16663 <... munmap resumed>)             = 0
16662 munmap(0x100040200000, 16384 <unfinished ...>
16661 mmap(NULL, 16384, PROT_READ|PROT_WRITE, MAP_PRIVATE|MAP_ANONYMOUS|MAP_NORESERVE, -1, 0 <unfinished ...>
16660 munmap(0x100040000000, 16384 <unfinished ...>
16659 munmap(0x100040600000, 16384 <unfinished ...>
16658 <... munmap resumed>)             = 0
16672 munmap(0x100000000000, 16384 <unfinished ...>
16671 <... munmap resumed>)             = 0
16670 <... munmap resumed>)             = 0
16669 mmap(NULL, 16384, PROT_READ|PROT_WRITE, MAP_PRIVATE|MAP_ANONYMOUS|MAP_NORESERVE, -1, 0 <unfinished ...>
16668 <... munmap resumed>)             = 0
16667 mmap(NULL, 16384, PROT_READ|PROT_WRITE, MAP_PRIVATE|MAP_ANONYMOUS|MAP_NORESERVE, -1, 0 <unfinished ...>
16666 <... mmap resumed>)               = 0x100140200000
16665 mmap(NULL, 16384, PROT_READ|PROT_WRITE, MAP_PRIVATE|MAP_ANONYMOUS|MAP_NORESERVE, -1, 0 <unfinished ...>
16664 mmap(NULL, 16384, PROT_READ|PROT_WRITE, MAP_PRIVATE|MAP_ANONYMOUS|MAP_NORESERVE, -1, 0 <unfinished ...>
16663 mmap(NULL, 16384, PROT_READ|PROT_WRITE, MAP_PRIVATE|MAP_ANONYMOUS|MAP_NORESERVE, -1, 0 <unfinished ...>
16662 <... munmap resumed>)             = 0
16661 <... mmap resumed>)               = 0x100100000000
16659 <... munmap resumed>)             = 0
16657 <... mmap resumed>)               = 0x100100200000
16660 <... munmap resumed>)             = 0
16672 <... munmap resumed>)             = 0
16671 mmap(NULL, 16384, PROT_READ|PROT_WRITE, MAP_PRIVATE|MAP_ANONYMOUS|MAP_NORESERVE, -1, 0 <unfinished ...>
16670 mmap(NULL, 16384, PROT_READ|PROT_WRITE, MAP_PRIVATE|MAP_ANONYMOUS|MAP_NORESERVE, -1, 0 <unfinished ...>
16669 <... mmap resumed>)               = 0x100000000000
16668 mmap(NULL, 16384, PROT_READ|PROT_WRITE, MAP_PRIVATE|MAP_ANONYMOUS|MAP_NORESERVE, -1, 0 <unfinished ...>
16667 <... mmap resumed>)               = 0x1000c0000000
16666 munmap(0x100140200000, 16384 <unfinished ...>
16665 <... mmap resumed>)               = 0x100040000000
16664 <... mmap resumed>)               = 0x100040200000
16663 <... mmap resumed>)               = 0x100040600000
16662 mmap(NULL, 16384, PROT_READ|PROT_WRITE, MAP_PRIVATE|MAP_ANONYMOUS|MAP_NORESERVE, -1, 0 <unfinished ...>
16661 munmap(0x100100000000, 16384 <unfinished ...>
16659 mmap(NULL, 16384, PROT_READ|PROT_WRITE, MAP_PRIVATE|MAP_ANONYMOUS|MAP_NORESERVE, -1, 0 <unfinished ...>
16658 mmap(NULL, 16384, PROT_READ|PROT_WRITE, MAP_PRIVATE|MAP_ANONYMOUS|MAP_NORESERVE, -1, 0 <unfinished ...>
16672 mmap(NULL, 16384, PROT_READ|PROT_WRITE, MAP_PRIVATE|MAP_ANONYMOUS|MAP_NORESERVE, -1, 0 <unfinished ...>
16671 <... mmap resumed>)               = 0x100000200000
16670 <... mmap resumed>)               = 0x100040400000
16669 munmap(0x100000000000, 16384 <unfinished ...>
16668 <... mmap resumed>)               = 0x100080000000
16667 munmap(0x1000c0000000, 16384 <unfinished ...>
16666 <... munmap resumed>)             = 0
16665 munmap(0x100040000000, 16384 <unfinished ...>
16664 munmap(0x100040200000, 16384 <unfinished ...>
16663 munmap(0x100040600000, 16384 <unfinished ...>
16662 <... mmap resumed>)               = 0x100140200000
16661 <... munmap resumed>)             = 0
16660 mmap(NULL, 16384, PROT_READ|PROT_WRITE, MAP_PRIVATE|MAP_ANONYMOUS|MAP_NORESERVE, -1, 0 <unfinished ...>
16659 <... mmap resumed>)               = 0x100100000000
16658 <... mmap resumed>)               = 0x100180000000
16657 munmap(0x100100200000, 16384 <unfinished ...>
16672 <... mmap resumed>)               = 0x100140000000
16671 munmap(0x100000200000, 16384 <unfinished ...>
16670 munmap(0x100040400000, 16384 <unfinished ...>
16669 <... munmap resumed>)             = 0
16668 munmap(0x100080000000, 16384 <unfinished ...>
16667 <... munmap resumed>)             = 0
16666 mmap(NULL, 16384, PROT_READ|PROT_WRITE, MAP_PRIVATE|MAP_ANONYMOUS|MAP_NORESERVE, -1, 0 <unfinished ...>
16665 <... munmap resumed>)             = 0
16664 <... munmap resumed>)             = 0
16663 <... munmap resumed>)             = 0
16662 munmap(0x100140200000, 16384 <unfinished ...>
16661 mmap(NULL, 16384, PROT_READ|PROT_WRITE, MAP_PRIVATE|MAP_ANONYMOUS|MAP_NORESERVE, -1, 0 <unfinished ...>
16660 <... mmap resumed>)               = 0x100040600000
16659 munmap(0x100100000000, 16384 <unfinished ...>
16672 munmap(0x100140000000, 16384 <unfinished ...>
16671 <... munmap resumed>)             = 0
16670 <... munmap resumed>)             = 0
16668 <... munmap resumed>)             = 0
16667 mmap(NULL, 16384, PROT_READ|PROT_WRITE, MAP_PRIVATE|MAP_ANONYMOUS|MAP_NORESERVE, -1, 0 <unfinished ...>
16662 <... munmap resumed>)             = 0
16658 munmap(0x100180000000, 16384 <unfinished ...>
16657 <... munmap resumed>)             = 0
16672 <... munmap resumed>)             = 0
16671 mmap(NULL, 16384, PROT_READ|PROT_WRITE, MAP_PRIVATE|MAP_ANONYMOUS|MAP_NORESERVE, -1, 0 <unfinished ...>
16670 mmap(NULL, 16384, PROT_READ|PROT_WRITE, MAP_PRIVATE|MAP_ANONYMOUS|MAP_NORESERVE, -1, 0 <unfinished ...>
16669 mmap(NULL, 16384, PROT_READ|PROT_WRITE, MAP_PRIVATE|MAP_ANONYMOUS|MAP_NORESERVE, -1, 0 <unfinished ...>
16668 mmap(NULL, 16384, PROT_READ|PROT_WRITE, MAP_PRIVATE|MAP_ANONYMOUS|MAP_NORESERVE, -1, 0 <unfinished ...>
16667 <... mmap resumed>)               = 0x100140000000
16666 <... mmap resumed>)               = 0x100100000000
16665 mmap(NULL, 16384, PROT_READ|PROT_WRITE, MAP_PRIVATE|MAP_ANONYMOUS|MAP_NORESERVE, -1, 0 <unfinished ...>
16664 mmap(NULL, 16384, PROT_READ|PROT_WRITE, MAP_PRIVATE|MAP_ANONYMOUS|MAP_NORESERVE, -1, 0 <unfinished ...>
16663 mmap(NULL, 16384, PROT_READ|PROT_WRITE, MAP_PRIVATE|MAP_ANONYMOUS|MAP_NORESERVE, -1, 0 <unfinished ...>
16662 mmap(NULL, 16384, PROT_READ|PROT_WRITE, MAP_PRIVATE|MAP_ANONYMOUS|MAP_NORESERVE, -1, 0 <unfinished ...>
16661 <... mmap resumed>)               = 0x100140200000
16660 munmap(0x100040600000, 16384 <unfinished ...>
16659 <... munmap resumed>)             = 0
16658 <... munmap resumed>)             = 0
16657 mmap(NULL, 16384, PROT_READ|PROT_WRITE, MAP_PRIVATE|MAP_ANONYMOUS|MAP_NORESERVE, -1, 0 <unfinished ...>
16672 mmap(NULL, 16384, PROT_READ|PROT_WRITE, MAP_PRIVATE|MAP_ANONYMOUS|MAP_NORESERVE, -1, 0 <unfinished ...>
16671 <... mmap resumed>)               = 0x100180000000
16670 <... mmap resumed>)               = 0x100080000000
16669 <... mmap resumed>)               = 0x100040400000
16668 <... mmap resumed>)               = 0x100000200000
16667 munmap(0x100140000000, 16384 <unfinished ...>
16666 munmap(0x100100000000, 16384 <unfinished ...>
16665 <... mmap resumed>)               = 0x100100200000
16664 <... mmap resumed>)               = 0x100040200000
16663 <... mmap resumed>)               = 0x100040000000
16662 <... mmap resumed>)               = 0x1000c0000000
16661 munmap(0x100140200000, 16384 <unfinished ...>
16660 <... munmap resumed>)             = 0
16659 mmap(NULL, 16384, PROT_READ|PROT_WRITE, MAP_PRIVATE|MAP_ANONYMOUS|MAP_NORESERVE, -1, 0 <unfinished ...>
16672 <... mmap resumed>)               = 0x100000000000
16671 munmap(0x100180000000, 16384 <unfinished ...>
16670 munmap(0x100080000000, 16384 <unfinished ...>
16669 munmap(0x100040400000, 16384 <unfinished ...>
16668 munmap(0x100000200000, 16384 <unfinished ...>
16667 <... munmap resumed>)             = 0
16666 <... munmap resumed>)             = 0
16665 munmap(0x100100200000, 16384 <unfinished ...>
16664 munmap(0x100040200000, 16384 <unfinished ...>
16663 munmap(0x100040000000, 16384 <unfinished ...>
16662 munmap(0x1000c0000000, 16384 <unfinished ...>
16661 <... munmap resumed>)             = 0
16660 mmap(NULL, 16384, PROT_READ|PROT_WRITE, MAP_PRIVATE|MAP_ANONYMOUS|MAP_NORESERVE, -1, 0 <unfinished ...>
16658 mmap(NULL, 16384, PROT_READ|PROT_WRITE, MAP_PRIVATE|MAP_ANONYMOUS|MAP_NORESERVE, -1, 0 <unfinished ...>
16657 <... mmap resumed>)               = 0x100040600000
16672 munmap(0x100000000000, 16384 <unfinished ...>
16671 <... munmap resumed>)             = 0
16670 <... munmap resumed>)             = 0
16669 <... munmap resumed>)             = 0
16668 <... munmap resumed>)             = 0
16667 mmap(NULL, 16384, PROT_READ|PROT_WRITE, MAP_PRIVATE|MAP_ANONYMOUS|MAP_NORESERVE, -1, 0 <unfinished ...>
16666 mmap(NULL, 16384, PROT_READ|PROT_WRITE, MAP_PRIVATE|MAP_ANONYMOUS|MAP_NORESERVE, -1, 0 <unfinished ...>
16665 <... munmap resumed>)             = 0
16664 <... munmap resumed>)             = 0
16663 <... munmap resumed>)             = 0
16662 <... munmap resumed>)             = 0
16661 mmap(NULL, 16384, PROT_READ|PROT_WRITE, MAP_PRIVATE|MAP_ANONYMOUS|MAP_NORESERVE, -1, 0 <unfinished ...>
16660 <... mmap resumed>)               = 0x100100200000
16659 <... mmap resumed>)               = 0x100140200000
16658 <... mmap resumed>)               = 0x1000c0000000
16672 <... munmap resumed>)             = 0
16671 mmap(NULL, 16384, PROT_READ|PROT_WRITE, MAP_PRIVATE|MAP_ANONYMOUS|MAP_NORESERVE, -1, 0 <unfinished ...>
16670 mmap(NULL, 16384, PROT_READ|PROT_WRITE, MAP_PRIVATE|MAP_ANONYMOUS|MAP_NORESERVE, -1, 0 <unfinished ...>
16669 mmap(NULL, 16384, PROT_READ|PROT_WRITE, MAP_PRIVATE|MAP_ANONYMOUS|MAP_NORESERVE, -1, 0 <unfinished ...>
16668 mmap(NULL, 16384, PROT_READ|PROT_WRITE, MAP_PRIVATE|MAP_ANONYMOUS|MAP_NORESERVE, -1, 0 <unfinished ...>
16667 <... mmap resumed>)               = 0x100000000000
16666 <... mmap resumed>)               = 0x100040000000
16665 mmap(NULL, 16384, PROT_READ|PROT_WRITE, MAP_PRIVATE|MAP_ANONYMOUS|MAP_NORESERVE, -1, 0 <unfinished ...>
16664 mmap(NULL, 16384, PROT_READ|PROT_WRITE, MAP_PRIVATE|MAP_ANONYMOUS|MAP_NORESERVE, -1, 0 <unfinished ...>
16663 mmap(NULL, 16384, PROT_READ|PROT_WRITE, MAP_PRIVATE|MAP_ANONYMOUS|MAP_NORESERVE, -1, 0 <unfinished ...>
16662 mmap(NULL, 16384, PROT_READ|PROT_WRITE, MAP_PRIVATE|MAP_ANONYMOUS|MAP_NORESERVE, -1, 0 <unfinished ...>
16661 <... mmap resumed>)               = 0x100040200000
16660 munmap(0x100100200000, 16384 <unfinished ...>
16659 munmap(0x100140200000, 16384 <unfinished ...>
16657 munmap(0x100040600000, 16384 <unfinished ...>
16672 mmap(NULL, 16384, PROT_READ|PROT_WRITE, MAP_PRIVATE|MAP_ANONYMOUS|MAP_NORESERVE, -1, 0 <unfinished ...>
16671 <... mmap resumed>)               = 0x100000200000
16670 <... mmap resumed>)               = 0x100040400000
16669 <... mmap resumed>)               = 0x100080000000
16668 <... mmap resumed>)               = 0x100180000000
16667 munmap(0x100000000000, 16384 <unfinished ...>
16666 munmap(0x100040000000, 16384 <unfinished ...>
16665 <... mmap resumed>)               = 0x100100000000
16664 <... mmap resumed>)               = 0x100140000000
16663 <... mmap resumed>)               = 0x1000c0200000
16662 <... mmap resumed>)               = 0x100180200000
16658 munmap(0x1000c0000000, 16384 <unfinished ...>
16672 <... mmap resumed>)               = 0x100040000000
16671 munmap(0x100000200000, 16384 <unfinished ...>
16670 munmap(0x100040400000, 16384 <unfinished ...>
16669 munmap(0x100080000000, 16384 <unfinished ...>
16668 munmap(0x100180000000, 16384 <unfinished ...>
16667 <... munmap resumed>)             = 0
16666 <... munmap resumed>)             = 0
16665 munmap(0x100100000000, 16384 <unfinished ...>
16664 munmap(0x100140000000, 16384 <unfinished ...>
16663 munmap(0x1000c0200000, 16384 <unfinished ...>
16662 munmap(0x100180200000, 16384 <unfinished ...>
16661 munmap(0x100040200000, 16384 <unfinished ...>
16660 <... munmap resumed>)             = 0
16659 <... munmap resumed>)             = 0
16657 <... munmap resumed>)             = 0
16658 <... munmap resumed>)             = 0
16672 munmap(0x100040000000, 16384 <unfinished ...>
16671 <... munmap resumed>)             = 0
16670 <... munmap resumed>)             = 0
16669 <... munmap resumed>)             = 0
16668 <... munmap resumed>)             = 0
16667 mmap(NULL, 16384, PROT_READ|PROT_WRITE, MAP_PRIVATE|MAP_ANONYMOUS|MAP_NORESERVE, -1, 0 <unfinished ...>
16666 mmap(NULL, 16384, PROT_READ|PROT_WRITE, MAP_PRIVATE|MAP_ANONYMOUS|MAP_NORESERVE, -1, 0 <unfinished ...>
16665 <... munmap resumed>)             = 0
16664 <... munmap resumed>)             = 0
16663 <... munmap resumed>)             = 0
16662 <... munmap resumed>)             = 0
16661 <... munmap resumed>)             = 0
16659 mmap(NULL, 16384, PROT_READ|PROT_WRITE, MAP_PRIVATE|MAP_ANONYMOUS|MAP_NORESERVE, -1, 0 <unfinished ...>
16672 <... munmap resumed>)             = 0
16671 mmap(NULL, 16384, PROT_READ|PROT_WRITE, MAP_PRIVATE|MAP_ANONYMOUS|MAP_NORESERVE, -1, 0 <unfinished ...>
16670 mmap(NULL, 16384, PROT_READ|PROT_WRITE, MAP_PRIVATE|MAP_ANONYMOUS|MAP_NORESERVE, -1, 0 <unfinished ...>
16669 mmap(NULL, 16384, PROT_READ|PROT_WRITE, MAP_PRIVATE|MAP_ANONYMOUS|MAP_NORESERVE, -1, 0 <unfinished ...>
16668 mmap(NULL, 16384, PROT_READ|PROT_WRITE, MAP_PRIVATE|MAP_ANONYMOUS|MAP_NORESERVE, -1, 0 <unfinished ...>
16667 <... mmap resumed>)               = 0x100040200000
16666 <... mmap resumed>)               = 0x100040000000
16665 mmap(NULL, 16384, PROT_READ|PROT_WRITE, MAP_PRIVATE|MAP_ANONYMOUS|MAP_NORESERVE, -1, 0 <unfinished ...>
16664 mmap(NULL, 16384, PROT_READ|PROT_WRITE, MAP_PRIVATE|MAP_ANONYMOUS|MAP_NORESERVE, -1, 0 <unfinished ...>
16663 mmap(NULL, 16384, PROT_READ|PROT_WRITE, MAP_PRIVATE|MAP_ANONYMOUS|MAP_NORESERVE, -1, 0 <unfinished ...>
16662 mmap(NULL, 16384, PROT_READ|PROT_WRITE, MAP_PRIVATE|MAP_ANONYMOUS|MAP_NORESERVE, -1, 0 <unfinished ...>
16661 mmap(NULL, 16384, PROT_READ|PROT_WRITE, MAP_PRIVATE|MAP_ANONYMOUS|MAP_NORESERVE, -1, 0 <unfinished ...>
16660 mmap(NULL, 16384, PROT_READ|PROT_WRITE, MAP_PRIVATE|MAP_ANONYMOUS|MAP_NORESERVE, -1, 0 <unfinished ...>
16658 mmap(NULL, 16384, PROT_READ|PROT_WRITE, MAP_PRIVATE|MAP_ANONYMOUS|MAP_NORESERVE, -1, 0 <unfinished ...>
16657 mmap(NULL, 16384, PROT_READ|PROT_WRITE, MAP_PRIVATE|MAP_ANONYMOUS|MAP_NORESERVE, -1, 0 <unfinished ...>
16672 mmap(NULL, 16384, PROT_READ|PROT_WRITE, MAP_PRIVATE|MAP_ANONYMOUS|MAP_NORESERVE, -1, 0 <unfinished ...>
16671 <... mmap resumed>)               = 0x1000c0200000
16670 <... mmap resumed>)               = 0x100140000000
16669 <... mmap resumed>)               = 0x100100000000
16668 <... mmap resumed>)               = 0x100180000000
16667 munmap(0x100040200000, 16384 <unfinished ...>
16666 munmap(0x100040000000, 16384 <unfinished ...>
16665 <... mmap resumed>)               = 0x100080000000
16664 <... mmap resumed>)               = 0x100000200000
16663 <... mmap resumed>)               = 0x100040400000
16662 <... mmap resumed>)               = 0x100100200000
16661 <... mmap resumed>)               = 0x1000c0000000
16659 <... mmap resumed>)               = 0x100180200000
16672 <... mmap resumed>)               = 0x100140200000
16671 munmap(0x1000c0200000, 16384 <unfinished ...>
16670 munmap(0x100140000000, 16384 <unfinished ...>
16669 munmap(0x100100000000, 16384 <unfinished ...>
16668 munmap(0x100180000000, 16384 <unfinished ...>
16667 <... munmap resumed>)             = 0
16666 <... munmap resumed>)             = 0
16665 munmap(0x100080000000, 16384 <unfinished ...>
16664 munmap(0x100000200000, 16384 <unfinished ...>
16663 munmap(0x100040400000, 16384 <unfinished ...>
16662 munmap(0x100100200000, 16384 <unfinished ...>
16660 <... mmap resumed>)               = 0x1001c0000000
16658 <... mmap resumed>)               = 0x100040600000
16657 <... mmap resumed>)               = 0x100000000000
16672 munmap(0x100140200000, 16384 <unfinished ...>
16671 <... munmap resumed>)             = 0
16670 <... munmap resumed>)             = 0
16669 <... munmap resumed>)             = 0
16668 <... munmap resumed>)             = 0
16667 mmap(NULL, 16384, PROT_READ|PROT_WRITE, MAP_PRIVATE|MAP_ANONYMOUS|MAP_NORESERVE, -1, 0 <unfinished ...>
16666 mmap(NULL, 16384, PROT_READ|PROT_WRITE, MAP_PRIVATE|MAP_ANONYMOUS|MAP_NORESERVE, -1, 0 <unfinished ...>
16665 <... munmap resumed>)             = 0
16664 <... munmap resumed>)             = 0
16663 <... munmap resumed>)             = 0
16662 <... munmap resumed>)             = 0
16661 munmap(0x1000c0000000, 16384 <unfinished ...>
16660 munmap(0x1001c0000000, 16384 <unfinished ...>
16659 munmap(0x100180200000, 16384 <unfinished ...>
16658 munmap(0x100040600000, 16384 <unfinished ...>
16672 <... munmap resumed>)             = 0
16671 mmap(NULL, 16384, PROT_READ|PROT_WRITE, MAP_PRIVATE|MAP_ANONYMOUS|MAP_NORESERVE, -1, 0 <unfinished ...>
16670 mmap(NULL, 16384, PROT_READ|PROT_WRITE, MAP_PRIVATE|MAP_ANONYMOUS|MAP_NORESERVE, -1, 0 <unfinished ...>
16669 mmap(NULL, 16384, PROT_READ|PROT_WRITE, MAP_PRIVATE|MAP_ANONYMOUS|MAP_NORESERVE, -1, 0 <unfinished ...>
16668 mmap(NULL, 16384, PROT_READ|PROT_WRITE, MAP_PRIVATE|MAP_ANONYMOUS|MAP_NORESERVE, -1, 0 <unfinished ...>
16667 <... mmap resumed>)               = 0x100100200000
16666 <... mmap resumed>)               = 0x100140200000
16665 mmap(NULL, 16384, PROT_READ|PROT_WRITE, MAP_PRIVATE|MAP_ANONYMOUS|MAP_NORESERVE, -1, 0 <unfinished ...>
16664 mmap(NULL, 16384, PROT_READ|PROT_WRITE, MAP_PRIVATE|MAP_ANONYMOUS|MAP_NORESERVE, -1, 0 <unfinished ...>
16663 mmap(NULL, 16384, PROT_READ|PROT_WRITE, MAP_PRIVATE|MAP_ANONYMOUS|MAP_NORESERVE, -1, 0 <unfinished ...>
16661 <... munmap resumed>)             = 0
16660 <... munmap resumed>)             = 0
16659 <... munmap resumed>)             = 0
16657 munmap(0x100000000000, 16384 <unfinished ...>
16672 mmap(NULL, 16384, PROT_READ|PROT_WRITE, MAP_PRIVATE|MAP_ANONYMOUS|MAP_NORESERVE, -1, 0 <unfinished ...>
16671 <... mmap resumed>)               = 0x100040600000
16670 <... mmap resumed>)               = 0x100180200000
16669 <... mmap resumed>)               = 0x1001c0000000
16668 <... mmap resumed>)               = 0x1000c0000000
16667 munmap(0x100100200000, 16384 <unfinished ...>
16666 munmap(0x100140200000, 16384 <unfinished ...>
16665 <... mmap resumed>)               = 0x100000200000
16664 <... mmap resumed>)               = 0x100040400000
16663 <... mmap resumed>)               = 0x100080000000
16662 mmap(NULL, 16384, PROT_READ|PROT_WRITE, MAP_PRIVATE|MAP_ANONYMOUS|MAP_NORESERVE, -1, 0 <unfinished ...>
16661 mmap(NULL, 16384, PROT_READ|PROT_WRITE, MAP_PRIVATE|MAP_ANONYMOUS|MAP_NORESERVE, -1, 0 <unfinished ...>
16660 mmap(NULL, 16384, PROT_READ|PROT_WRITE, MAP_PRIVATE|MAP_ANONYMOUS|MAP_NORESERVE, -1, 0 <unfinished ...>
16658 <... munmap resumed>)             = 0
16672 <... mmap resumed>)               = 0x100000000000
16671 munmap(0x100040600000, 16384 <unfinished ...>
16670 munmap(0x100180200000, 16384 <unfinished ...>
16669 munmap(0x1001c0000000, 16384 <unfinished ...>
16668 munmap(0x1000c0000000, 16384 <unfinished ...>
16667 <... munmap resumed>)             = 0
16666 <... munmap resumed>)             = 0
16665 munmap(0x100000200000, 16384 <unfinished ...>
16664 munmap(0x100040400000, 16384 <unfinished ...>
16663 munmap(0x100080000000, 16384 <unfinished ...>
16662 <... mmap resumed>)               = 0x100140200000
16659 mmap(NULL, 16384, PROT_READ|PROT_WRITE, MAP_PRIVATE|MAP_ANONYMOUS|MAP_NORESERVE, -1, 0 <unfinished ...>
16658 mmap(NULL, 16384, PROT_READ|PROT_WRITE, MAP_PRIVATE|MAP_ANONYMOUS|MAP_NORESERVE, -1, 0 <unfinished ...>
16657 <... munmap resumed>)             = 0
16672 munmap(0x100000000000, 16384 <unfinished ...>
16671 <... munmap resumed>)             = 0
16670 <... munmap resumed>)             = 0
16669 <... munmap resumed>)             = 0
16668 <... munmap resumed>)             = 0
16667 mmap(NULL, 16384, PROT_READ|PROT_WRITE, MAP_PRIVATE|MAP_ANONYMOUS|MAP_NORESERVE, -1, 0 <unfinished ...>
16666 mmap(NULL, 16384, PROT_READ|PROT_WRITE, MAP_PRIVATE|MAP_ANONYMOUS|MAP_NORESERVE, -1, 0 <unfinished ...>
16665 <... munmap resumed>)             = 0
16664 <... munmap resumed>)             = 0
16662 munmap(0x100140200000, 16384 <unfinished ...>
16661 <... mmap resumed>)               = 0x100100200000
16660 <... mmap resumed>)               = 0x100040600000
16659 <... mmap resumed>)               = 0x1000c0000000
16658 <... mmap resumed>)               = 0x100040400000
16672 <... munmap resumed>)             = 0
16671 mmap(NULL, 16384, PROT_READ|PROT_WRITE, MAP_PRIVATE|MAP_ANONYMOUS|MAP_NORESERVE, -1, 0 <unfinished ...>
16670 mmap(NULL, 16384, PROT_READ|PROT_WRITE, MAP_PRIVATE|MAP_ANONYMOUS|MAP_NORESERVE, -1, 0 <unfinished ...>
16669 mmap(NULL, 16384, PROT_READ|PROT_WRITE, MAP_PRIVATE|MAP_ANONYMOUS|MAP_NORESERVE, -1, 0 <unfinished ...>
16668 mmap(NULL, 16384, PROT_READ|PROT_WRITE, MAP_PRIVATE|MAP_ANONYMOUS|MAP_NORESERVE, -1, 0 <unfinished ...>
16667 <... mmap resumed>)               = 0x100000000000
16666 <... mmap resumed>)               = 0x100080000000
16665 mmap(NULL, 16384, PROT_READ|PROT_WRITE, MAP_PRIVATE|MAP_ANONYMOUS|MAP_NORESERVE, -1, 0 <unfinished ...>
16664 mmap(NULL, 16384, PROT_READ|PROT_WRITE, MAP_PRIVATE|MAP_ANONYMOUS|MAP_NORESERVE, -1, 0 <unfinished ...>
16663 <... munmap resumed>)             = 0
16662 <... munmap resumed>)             = 0
16661 munmap(0x100100200000, 16384 <unfinished ...>
16660 munmap(0x100040600000, 16384 <unfinished ...>
16657 mmap(NULL, 16384, PROT_READ|PROT_WRITE, MAP_PRIVATE|MAP_ANONYMOUS|MAP_NORESERVE, -1, 0 <unfinished ...>
16659 munmap(0x1000c0000000, 16384 <unfinished ...>
16672 mmap(NULL, 16384, PROT_READ|PROT_WRITE, MAP_PRIVATE|MAP_ANONYMOUS|MAP_NORESERVE, -1, 0 <unfinished ...>
16671 <... mmap resumed>)               = 0x100140200000
16670 <... mmap resumed>)               = 0x100140000000
16669 <... mmap resumed>)               = 0x100180200000
16668 <... mmap resumed>)               = 0x100000200000
16666 munmap(0x100080000000, 16384 <unfinished ...>
16665 <... mmap resumed>)               = 0x100180000000
16664 <... mmap resumed>)               = 0x1001c0000000
16663 mmap(NULL, 16384, PROT_READ|PROT_WRITE, MAP_PRIVATE|MAP_ANONYMOUS|MAP_NORESERVE, -1, 0 <unfinished ...>
16662 mmap(NULL, 16384, PROT_READ|PROT_WRITE, MAP_PRIVATE|MAP_ANONYMOUS|MAP_NORESERVE, -1, 0 <unfinished ...>
16661 <... munmap resumed>)             = 0
16658 munmap(0x100040400000, 16384 <unfinished ...>
16657 <... mmap resumed>)               = 0x100100200000
16672 <... mmap resumed>)               = 0x1000c0000000
16671 munmap(0x100140200000, 16384 <unfinished ...>
16670 munmap(0x100140000000, 16384 <unfinished ...>
16669 munmap(0x100180200000, 16384 <unfinished ...>
16668 munmap(0x100000200000, 16384 <unfinished ...>
16667 munmap(0x100000000000, 16384 <unfinished ...>
16665 munmap(0x100180000000, 16384 <unfinished ...>
16664 munmap(0x1001c0000000, 16384 <unfinished ...>
16663 <... mmap resumed>)               = 0x100040600000
16662 <... mmap resumed>)               = 0x100100000000
16661 mmap(NULL, 16384, PROT_READ|PROT_WRITE, MAP_PRIVATE|MAP_ANONYMOUS|MAP_NORESERVE, -1, 0 <unfinished ...>
16660 <... munmap resumed>)             = 0
16659 <... munmap resumed>)             = 0
16672 munmap(0x1000c0000000, 16384 <unfinished ...>
16671 <... munmap resumed>)             = 0
16670 <... munmap resumed>)             = 0
16669 <... munmap resumed>)             = 0
16668 <... munmap resumed>)             = 0
16667 <... munmap resumed>)             = 0
16666 <... munmap resumed>)             = 0
16665 <... munmap resumed>)             = 0
16664 <... munmap resumed>)             = 0
16663 munmap(0x100040600000, 16384 <unfinished ...>
16662 munmap(0x100100000000, 16384 <unfinished ...>
16661 <... mmap resumed>)               = 0x1001c0000000
16660 mmap(NULL, 16384, PROT_READ|PROT_WRITE, MAP_PRIVATE|MAP_ANONYMOUS|MAP_NORESERVE, -1, 0 <unfinished ...>
16658 <... munmap resumed>)             = 0
16657 munmap(0x100100200000, 16384 <unfinished ...>
16672 <... munmap resumed>)             = 0
16671 mmap(NULL, 16384, PROT_READ|PROT_WRITE, MAP_PRIVATE|MAP_ANONYMOUS|MAP_NORESERVE, -1, 0 <unfinished ...>
16670 mmap(NULL, 16384, PROT_READ|PROT_WRITE, MAP_PRIVATE|MAP_ANONYMOUS|MAP_NORESERVE, -1, 0 <unfinished ...>
16668 mmap(NULL, 16384, PROT_READ|PROT_WRITE, MAP_PRIVATE|MAP_ANONYMOUS|MAP_NORESERVE, -1, 0 <unfinished ...>
16667 mmap(NULL, 16384, PROT_READ|PROT_WRITE, MAP_PRIVATE|MAP_ANONYMOUS|MAP_NORESERVE, -1, 0 <unfinished ...>
16666 mmap(NULL, 16384, PROT_READ|PROT_WRITE, MAP_PRIVATE|MAP_ANONYMOUS|MAP_NORESERVE, -1, 0 <unfinished ...>
16665 mmap(NULL, 16384, PROT_READ|PROT_WRITE, MAP_PRIVATE|MAP_ANONYMOUS|MAP_NORESERVE, -1, 0 <unfinished ...>
16664 mmap(NULL, 16384, PROT_READ|PROT_WRITE, MAP_PRIVATE|MAP_ANONYMOUS|MAP_NORESERVE, -1, 0 <unfinished ...>
16663 <... munmap resumed>)             = 0
16662 <... munmap resumed>)             = 0
16661 munmap(0x1001c0000000, 16384 <unfinished ...>
16659 mmap(NULL, 16384, PROT_READ|PROT_WRITE, MAP_PRIVATE|MAP_ANONYMOUS|MAP_NORESERVE, -1, 0 <unfinished ...>
16672 mmap(NULL, 16384, PROT_READ|PROT_WRITE, MAP_PRIVATE|MAP_ANONYMOUS|MAP_NORESERVE, -1, 0 <unfinished ...>
16671 <... mmap resumed>)               = 0x100100200000
16670 <... mmap resumed>)               = 0x100040600000
16669 mmap(NULL, 16384, PROT_READ|PROT_WRITE, MAP_PRIVATE|MAP_ANONYMOUS|MAP_NORESERVE, -1, 0 <unfinished ...>
16668 <... mmap resumed>)               = 0x100100000000
16667 <... mmap resumed>)               = 0x100000000000
16666 <... mmap resumed>)               = 0x1000c0000000
16665 <... mmap resumed>)               = 0x100000200000
16664 <... mmap resumed>)               = 0x100180200000
16663 mmap(NULL, 16384, PROT_READ|PROT_WRITE, MAP_PRIVATE|MAP_ANONYMOUS|MAP_NORESERVE, -1, 0 <unfinished ...>
16662 mmap(NULL, 16384, PROT_READ|PROT_WRITE, MAP_PRIVATE|MAP_ANONYMOUS|MAP_NORESERVE, -1, 0 <unfinished ...>
16661 <... munmap resumed>)             = 0
16660 <... mmap resumed>)               = 0x100180000000
16658 mmap(NULL, 16384, PROT_READ|PROT_WRITE, MAP_PRIVATE|MAP_ANONYMOUS|MAP_NORESERVE, -1, 0 <unfinished ...>
16657 <... munmap resumed>)             = 0
16672 <... mmap resumed>)               = 0x100140000000
16671 munmap(0x100100200000, 16384 <unfinished ...>
16670 munmap(0x100040600000, 16384 <unfinished ...>
16669 <... mmap resumed>)               = 0x100140200000
16668 munmap(0x100100000000, 16384 <unfinished ...>
16667 munmap(0x100000000000, 16384 <unfinished ...>
16666 munmap(0x1000c0000000, 16384 <unfinished ...>
16665 munmap(0x100000200000, 16384 <unfinished ...>
16664 munmap(0x100180200000, 16384 <unfinished ...>
16663 <... mmap resumed>)               = 0x100040400000
16661 mmap(NULL, 16384, PROT_READ|PROT_WRITE, MAP_PRIVATE|MAP_ANONYMOUS|MAP_NORESERVE, -1, 0 <unfinished ...>
16659 <... mmap resumed>)               = 0x1001c0000000
16658 <... mmap resumed>)               = 0x100080000000
16672 munmap(0x100140000000, 16384 <unfinished ...>
16671 <... munmap resumed>)             = 0
16670 <... munmap resumed>)             = 0
16669 munmap(0x100140200000, 16384 <unfinished ...>
16668 <... munmap resumed>)             = 0
16667 <... munmap resumed>)             = 0
16666 <... munmap resumed>)             = 0
16665 <... munmap resumed>)             = 0
16664 <... munmap resumed>)             = 0
16662 <... mmap resumed>)               = 0x100040600000
16661 <... mmap resumed>)               = 0x100180200000
16660 munmap(0x100180000000, 16384 <unfinished ...>
16657 mmap(NULL, 16384, PROT_READ|PROT_WRITE, MAP_PRIVATE|MAP_ANONYMOUS|MAP_NORESERVE, -1, 0 <unfinished ...>
16672 <... munmap resumed>)             = 0
16671 mmap(NULL, 16384, PROT_READ|PROT_WRITE, MAP_PRIVATE|MAP_ANONYMOUS|MAP_NORESERVE, -1, 0 <unfinished ...>
16670 mmap(NULL, 16384, PROT_READ|PROT_WRITE, MAP_PRIVATE|MAP_ANONYMOUS|MAP_NORESERVE, -1, 0 <unfinished ...>
16669 <... munmap resumed>)             = 0
16668 mmap(NULL, 16384, PROT_READ|PROT_WRITE, MAP_PRIVATE|MAP_ANONYMOUS|MAP_NORESERVE, -1, 0 <unfinished ...>
16667 mmap(NULL, 16384, PROT_READ|PROT_WRITE, MAP_PRIVATE|MAP_ANONYMOUS|MAP_NORESERVE, -1, 0 <unfinished ...>
16666 mmap(NULL, 16384, PROT_READ|PROT_WRITE, MAP_PRIVATE|MAP_ANONYMOUS|MAP_NORESERVE, -1, 0 <unfinished ...>
16665 mmap(NULL, 16384, PROT_READ|PROT_WRITE, MAP_PRIVATE|MAP_ANONYMOUS|MAP_NORESERVE, -1, 0 <unfinished ...>
16664 mmap(NULL, 16384, PROT_READ|PROT_WRITE, MAP_PRIVATE|MAP_ANONYMOUS|MAP_NORESERVE, -1, 0 <unfinished ...>
16663 munmap(0x100040400000, 16384 <unfinished ...>
16662 munmap(0x100040600000, 16384 <unfinished ...>
16661 munmap(0x100180200000, 16384 <unfinished ...>
16659 munmap(0x1001c0000000, 16384 <unfinished ...>
16658 munmap(0x100080000000, 16384 <unfinished ...>
16672 mmap(NULL, 16384, PROT_READ|PROT_WRITE, MAP_PRIVATE|MAP_ANONYMOUS|MAP_NORESERVE, -1, 0 <unfinished ...>
16671 <... mmap resumed>)               = 0x100180000000
16670 <... mmap resumed>)               = 0x100140000000
16669 mmap(NULL, 16384, PROT_READ|PROT_WRITE, MAP_PRIVATE|MAP_ANONYMOUS|MAP_NORESERVE, -1, 0 <unfinished ...>
16668 <... mmap resumed>)               = 0x1000c0000000
16667 <... mmap resumed>)               = 0x100000200000
16666 <... mmap resumed>)               = 0x100100000000
16665 <... mmap resumed>)               = 0x100000000000
16664 <... mmap resumed>)               = 0x100100200000
16663 <... munmap resumed>)             = 0
16662 <... munmap resumed>)             = 0
16660 <... munmap resumed>)             = 0
16657 <... mmap resumed>)               = 0x100140200000
16672 <... mmap resumed>)               = 0x100080000000
16671 munmap(0x100180000000, 16384 <unfinished ...>
16670 munmap(0x100140000000, 16384 <unfinished ...>
16669 <... mmap resumed>)               = 0x1001c0000000
16668 munmap(0x1000c0000000, 16384 <unfinished ...>
16667 munmap(0x100000200000, 16384 <unfinished ...>
16666 munmap(0x100100000000, 16384 <unfinished ...>
16665 munmap(0x100000000000, 16384 <unfinished ...>
16664 munmap(0x100100200000, 16384 <unfinished ...>
16663 mmap(NULL, 16384, PROT_READ|PROT_WRITE, MAP_PRIVATE|MAP_ANONYMOUS|MAP_NORESERVE, -1, 0 <unfinished ...>
16661 <... munmap resumed>)             = 0
16659 <... munmap resumed>)             = 0
16658 <... munmap resumed>)             = 0
16672 munmap(0x100080000000, 16384 <unfinished ...>
16671 <... munmap resumed>)             = 0
16670 <... munmap resumed>)             = 0
16669 munmap(0x1001c0000000, 16384 <unfinished ...>
16668 <... munmap resumed>)             = 0
16667 <... munmap resumed>)             = 0
16666 <... munmap resumed>)             = 0
16665 <... munmap resumed>)             = 0
16664 <... munmap resumed>)             = 0
16663 <... mmap resumed>)               = 0x100000000000
16662 mmap(NULL, 16384, PROT_READ|PROT_WRITE, MAP_PRIVATE|MAP_ANONYMOUS|MAP_NORESERVE, -1, 0 <unfinished ...>
16661 mmap(NULL, 16384, PROT_READ|PROT_WRITE, MAP_PRIVATE|MAP_ANONYMOUS|MAP_NORESERVE, -1, 0 <unfinished ...>
16660 mmap(NULL, 16384, PROT_READ|PROT_WRITE, MAP_PRIVATE|MAP_ANONYMOUS|MAP_NORESERVE, -1, 0 <unfinished ...>
16657 munmap(0x100140200000, 16384 <unfinished ...>
16672 <... munmap resumed>)             = 0
16671 mmap(NULL, 16384, PROT_READ|PROT_WRITE, MAP_PRIVATE|MAP_ANONYMOUS|MAP_NORESERVE, -1, 0 <unfinished ...>
16670 mmap(NULL, 16384, PROT_READ|PROT_WRITE, MAP_PRIVATE|MAP_ANONYMOUS|MAP_NORESERVE, -1, 0 <unfinished ...>
16669 <... munmap resumed>)             = 0
16668 mmap(NULL, 16384, PROT_READ|PROT_WRITE, MAP_PRIVATE|MAP_ANONYMOUS|MAP_NORESERVE, -1, 0 <unfinished ...>
16667 mmap(NULL, 16384, PROT_READ|PROT_WRITE, MAP_PRIVATE|MAP_ANONYMOUS|MAP_NORESERVE, -1, 0 <unfinished ...>
16666 mmap(NULL, 16384, PROT_READ|PROT_WRITE, MAP_PRIVATE|MAP_ANONYMOUS|MAP_NORESERVE, -1, 0 <unfinished ...>
16665 mmap(NULL, 16384, PROT_READ|PROT_WRITE, MAP_PRIVATE|MAP_ANONYMOUS|MAP_NORESERVE, -1, 0 <unfinished ...>
16664 mmap(NULL, 16384, PROT_READ|PROT_WRITE, MAP_PRIVATE|MAP_ANONYMOUS|MAP_NORESERVE, -1, 0 <unfinished ...>
16663 munmap(0x100000000000, 16384 <unfinished ...>
16661 <... mmap resumed>)               = 0x1001c0000000
16659 mmap(NULL, 16384, PROT_READ|PROT_WRITE, MAP_PRIVATE|MAP_ANONYMOUS|MAP_NORESERVE, -1, 0 <unfinished ...>
16658 mmap(NULL, 16384, PROT_READ|PROT_WRITE, MAP_PRIVATE|MAP_ANONYMOUS|MAP_NORESERVE, -1, 0 <unfinished ...>
16672 mmap(NULL, 16384, PROT_READ|PROT_WRITE, MAP_PRIVATE|MAP_ANONYMOUS|MAP_NORESERVE, -1, 0 <unfinished ...>
16671 <... mmap resumed>)               = 0x100100000000
16670 <... mmap resumed>)               = 0x100140200000
16669 mmap(NULL, 16384, PROT_READ|PROT_WRITE, MAP_PRIVATE|MAP_ANONYMOUS|MAP_NORESERVE, -1, 0 <unfinished ...>
16667 <... mmap resumed>)               = 0x100000200000
16665 <... mmap resumed>)               = 0x1000c0000000
16662 <... mmap resumed>)               = 0x100080000000
16660 <... mmap resumed>)               = 0x100100200000
16657 <... munmap resumed>)             = 0
16668 <... mmap resumed>)               = 0x100140000000
16672 <... mmap resumed>)               = 0x100040600000
16669 <... mmap resumed>)               = 0x100180200000
16668 munmap(0x100140000000, 16384 <unfinished ...>
16664 <... mmap resumed>)               = 0x100180000000
16657 mmap(NULL, 16384, PROT_READ|PROT_WRITE, MAP_PRIVATE|MAP_ANONYMOUS|MAP_NORESERVE, -1, 0 <unfinished ...>
16672 munmap(0x100040600000, 16384 <unfinished ...>
16671 munmap(0x100100000000, 16384 <unfinished ...>
16670 munmap(0x100140200000, 16384 <unfinished ...>
16669 munmap(0x100180200000, 16384 <unfinished ...>
16666 <... mmap resumed>)               = 0x100040400000
16665 munmap(0x1000c0000000, 16384 <unfinished ...>
16664 munmap(0x100180000000, 16384 <unfinished ...>
16663 <... munmap resumed>)             = 0
16662 munmap(0x100080000000, 16384 <unfinished ...>
16661 munmap(0x1001c0000000, 16384 <unfinished ...>
16660 munmap(0x100100200000, 16384 <unfinished ...>
16658 <... mmap resumed>)               = 0x100000000000
16657 <... mmap resumed>)               = 0x1000c0200000
16672 <... munmap resumed>)             = 0
16671 <... munmap resumed>)             = 0
16670 <... munmap resumed>)             = 0
16669 <... munmap resumed>)             = 0
16668 <... munmap resumed>)             = 0
16667 munmap(0x100000200000, 16384 <unfinished ...>
16666 munmap(0x100040400000, 16384 <unfinished ...>
16664 <... munmap resumed>)             = 0
16663 mmap(NULL, 16384, PROT_READ|PROT_WRITE, MAP_PRIVATE|MAP_ANONYMOUS|MAP_NORESERVE, -1, 0 <unfinished ...>
16665 <... munmap resumed>)             = 0
16662 <... munmap resumed>)             = 0
16661 <... munmap resumed>)             = 0
16659 <... mmap resumed>)               = 0x100040000000
16658 munmap(0x100000000000, 16384 <unfinished ...>
16672 mmap(NULL, 16384, PROT_READ|PROT_WRITE, MAP_PRIVATE|MAP_ANONYMOUS|MAP_NORESERVE, -1, 0 <unfinished ...>
16671 mmap(NULL, 16384, PROT_READ|PROT_WRITE, MAP_PRIVATE|MAP_ANONYMOUS|MAP_NORESERVE, -1, 0 <unfinished ...>
16670 mmap(NULL, 16384, PROT_READ|PROT_WRITE, MAP_PRIVATE|MAP_ANONYMOUS|MAP_NORESERVE, -1, 0 <unfinished ...>
16669 mmap(NULL, 16384, PROT_READ|PROT_WRITE, MAP_PRIVATE|MAP_ANONYMOUS|MAP_NORESERVE, -1, 0 <unfinished ...>
16667 <... munmap resumed>)             = 0
16666 <... munmap resumed>)             = 0
16665 mmap(NULL, 16384, PROT_READ|PROT_WRITE, MAP_PRIVATE|MAP_ANONYMOUS|MAP_NORESERVE, -1, 0 <unfinished ...>
16664 mmap(NULL, 16384, PROT_READ|PROT_WRITE, MAP_PRIVATE|MAP_ANONYMOUS|MAP_NORESERVE, -1, 0 <unfinished ...>
16663 <... mmap resumed>)               = 0x100000200000
16662 mmap(NULL, 16384, PROT_READ|PROT_WRITE, MAP_PRIVATE|MAP_ANONYMOUS|MAP_NORESERVE, -1, 0 <unfinished ...>
16660 <... munmap resumed>)             = 0
16657 munmap(0x1000c0200000, 16384 <unfinished ...>
16668 mmap(NULL, 16384, PROT_READ|PROT_WRITE, MAP_PRIVATE|MAP_ANONYMOUS|MAP_NORESERVE, -1, 0 <unfinished ...>
16659 munmap(0x100040000000, 16384 <unfinished ...>
16667 mmap(NULL, 16384, PROT_READ|PROT_WRITE, MAP_PRIVATE|MAP_ANONYMOUS|MAP_NORESERVE, -1, 0 <unfinished ...>
16661 mmap(NULL, 16384, PROT_READ|PROT_WRITE, MAP_PRIVATE|MAP_ANONYMOUS|MAP_NORESERVE, -1, 0 <unfinished ...>
16672 <... mmap resumed>)               = 0x100000000000
16669 <... mmap resumed>)               = 0x100040400000
16668 <... mmap resumed>)               = 0x100100200000
16665 <... mmap resumed>)               = 0x1000c0000000
16664 <... mmap resumed>)               = 0x1000c0200000
16663 munmap(0x100000200000, 16384 <unfinished ...>
16661 <... mmap resumed>)               = 0x1001c0000000
16658 <... munmap resumed>)             = 0
16657 <... munmap resumed>)             = 0
16672 munmap(0x100000000000, 16384 <unfinished ...>
16670 <... mmap resumed>)               = 0x100080000000
16668 munmap(0x100100200000, 16384 <unfinished ...>
16667 <... mmap resumed>)               = 0x100040000000
16659 <... munmap resumed>)             = 0
16664 munmap(0x1000c0200000, 16384 <unfinished ...>
16670 munmap(0x100080000000, 16384 <unfinished ...>
16663 <... munmap resumed>)             = 0
16662 <... mmap resumed>)               = 0x100180000000
16661 munmap(0x1001c0000000, 16384 <unfinished ...>
16672 <... munmap resumed>)             = 0
16668 <... munmap resumed>)             = 0
16667 munmap(0x100040000000, 16384 <unfinished ...>
16665 munmap(0x1000c0000000, 16384 <unfinished ...>
16659 mmap(NULL, 16384, PROT_READ|PROT_WRITE, MAP_PRIVATE|MAP_ANONYMOUS|MAP_NORESERVE, -1, 0 <unfinished ...>
16658 mmap(NULL, 16384, PROT_READ|PROT_WRITE, MAP_PRIVATE|MAP_ANONYMOUS|MAP_NORESERVE, -1, 0 <unfinished ...>
16657 mmap(NULL, 16384, PROT_READ|PROT_WRITE, MAP_PRIVATE|MAP_ANONYMOUS|MAP_NORESERVE, -1, 0 <unfinished ...>
16670 <... munmap resumed>)             = 0
16668 mmap(NULL, 16384, PROT_READ|PROT_WRITE, MAP_PRIVATE|MAP_ANONYMOUS|MAP_NORESERVE, -1, 0 <unfinished ...>
16664 <... munmap resumed>)             = 0
16662 munmap(0x100180000000, 16384 <unfinished ...>
16672 mmap(NULL, 16384, PROT_READ|PROT_WRITE, MAP_PRIVATE|MAP_ANONYMOUS|MAP_NORESERVE, -1, 0 <unfinished ...>
16668 <... mmap resumed>)               = 0x1000c0200000
16662 <... munmap resumed>)             = 0
16670 mmap(NULL, 16384, PROT_READ|PROT_WRITE, MAP_PRIVATE|MAP_ANONYMOUS|MAP_NORESERVE, -1, 0 <unfinished ...>
16668 munmap(0x1000c0200000, 16384 <unfinished ...>
16667 <... munmap resumed>)             = 0
16662 mmap(NULL, 16384, PROT_READ|PROT_WRITE, MAP_PRIVATE|MAP_ANONYMOUS|MAP_NORESERVE, -1, 0 <unfinished ...>
16661 <... munmap resumed>)             = 0
16658 <... mmap resumed>)               = 0x1001c0000000
16672 <... mmap resumed>)               = 0x100180000000
16668 <... munmap resumed>)             = 0
16665 <... munmap resumed>)             = 0
16664 mmap(NULL, 16384, PROT_READ|PROT_WRITE, MAP_PRIVATE|MAP_ANONYMOUS|MAP_NORESERVE, -1, 0 <unfinished ...>
16663 mmap(NULL, 16384, PROT_READ|PROT_WRITE, MAP_PRIVATE|MAP_ANONYMOUS|MAP_NORESERVE, -1, 0 <unfinished ...>
16659 <... mmap resumed>)               = 0x100040000000
16657 <... mmap resumed>)               = 0x1000c0000000
16670 <... mmap resumed>)               = 0x1000c0200000
16663 <... mmap resumed>)               = 0x100080000000
16661 mmap(NULL, 16384, PROT_READ|PROT_WRITE, MAP_PRIVATE|MAP_ANONYMOUS|MAP_NORESERVE, -1, 0 <unfinished ...>
16670 munmap(0x1000c0200000, 16384 <unfinished ...>
16663 munmap(0x100080000000, 16384 <unfinished ...>
16661 <... mmap resumed>)               = 0x100100200000
16670 <... munmap resumed>)             = 0
16663 <... munmap resumed>)             = 0
16670 mmap(NULL, 16384, PROT_READ|PROT_WRITE, MAP_PRIVATE|MAP_ANONYMOUS|MAP_NORESERVE, -1, 0 <unfinished ...>
16665 mmap(NULL, 16384, PROT_READ|PROT_WRITE, MAP_PRIVATE|MAP_ANONYMOUS|MAP_NORESERVE, -1, 0 <unfinished ...>
16661 munmap(0x100100200000, 16384 <unfinished ...>
16658 munmap(0x1001c0000000, 16384 <unfinished ...>
16672 munmap(0x100180000000, 16384 <unfinished ...>
16670 <... mmap resumed>)               = 0x100000000000
16668 mmap(NULL, 16384, PROT_READ|PROT_WRITE, MAP_PRIVATE|MAP_ANONYMOUS|MAP_NORESERVE, -1, 0 <unfinished ...>
16667 mmap(NULL, 16384, PROT_READ|PROT_WRITE, MAP_PRIVATE|MAP_ANONYMOUS|MAP_NORESERVE, -1, 0 <unfinished ...>
16664 <... mmap resumed>)               = 0x100080000000
16663 mmap(NULL, 16384, PROT_READ|PROT_WRITE, MAP_PRIVATE|MAP_ANONYMOUS|MAP_NORESERVE, -1, 0 <unfinished ...>
16662 <... mmap resumed>)               = 0x1000c0200000
16659 munmap(0x100040000000, 16384 <unfinished ...>
16657 munmap(0x1000c0000000, 16384 <unfinished ...>
16672 <... munmap resumed>)             = 0
16671 <... mmap resumed>)               = 0x1001c0000000
16670 munmap(0x100000000000, 16384 <unfinished ...>
16669 munmap(0x100040400000, 16384 <unfinished ...>
16668 <... mmap resumed>)               = 0x100180000000
16667 <... mmap resumed>)               = 0x100000200000
16666 mmap(NULL, 16384, PROT_READ|PROT_WRITE, MAP_PRIVATE|MAP_ANONYMOUS|MAP_NORESERVE, -1, 0 <unfinished ...>
16665 <... mmap resumed>)               = 0x100100200000
16664 munmap(0x100080000000, 16384 <unfinished ...>
16663 <... mmap resumed>)               = 0x100180200000
16662 munmap(0x1000c0200000, 16384 <unfinished ...>
16661 <... munmap resumed>)             = 0
16660 mmap(NULL, 16384, PROT_READ|PROT_WRITE, MAP_PRIVATE|MAP_ANONYMOUS|MAP_NORESERVE, -1, 0 <unfinished ...>
16659 <... munmap resumed>)             = 0
16658 <... munmap resumed>)             = 0
16672 mmap(NULL, 16384, PROT_READ|PROT_WRITE, MAP_PRIVATE|MAP_ANONYMOUS|MAP_NORESERVE, -1, 0 <unfinished ...>
16670 <... munmap resumed>)             = 0
16668 munmap(0x100180000000, 16384 <unfinished ...>
16667 munmap(0x100000200000, 16384 <unfinished ...>
16657 <... munmap resumed>)             = 0
16663 munmap(0x100180200000, 16384 <unfinished ...>
16662 <... munmap resumed>)             = 0
16672 <... mmap resumed>)               = 0x1000c0200000
16670 mmap(NULL, 16384, PROT_READ|PROT_WRITE, MAP_PRIVATE|MAP_ANONYMOUS|MAP_NORESERVE, -1, 0 <unfinished ...>
16661 mmap(NULL, 16384, PROT_READ|PROT_WRITE, MAP_PRIVATE|MAP_ANONYMOUS|MAP_NORESERVE, -1, 0 <unfinished ...>
16668 <... munmap resumed>)             = 0
16666 <... mmap resumed>)               = 0x100180000000
16663 <... munmap resumed>)             = 0
16657 mmap(NULL, 16384, PROT_READ|PROT_WRITE, MAP_PRIVATE|MAP_ANONYMOUS|MAP_NORESERVE, -1, 0 <unfinished ...>
16665 munmap(0x100100200000, 16384 <unfinished ...>
16670 <... mmap resumed>)               = 0x100180200000
16664 <... munmap resumed>)             = 0
16672 munmap(0x1000c0200000, 16384 <unfinished ...>
16662 mmap(NULL, 16384, PROT_READ|PROT_WRITE, MAP_PRIVATE|MAP_ANONYMOUS|MAP_NORESERVE, -1, 0 <unfinished ...>
16661 <... mmap resumed>)               = 0x100000000000
16660 <... mmap resumed>)               = 0x100080000000
16659 mmap(NULL, 16384, PROT_READ|PROT_WRITE, MAP_PRIVATE|MAP_ANONYMOUS|MAP_NORESERVE, -1, 0 <unfinished ...>
16670 munmap(0x100180200000, 16384 <unfinished ...>
16667 <... munmap resumed>)             = 0
16662 <... mmap resumed>)               = 0x100000200000
16658 mmap(NULL, 16384, PROT_READ|PROT_WRITE, MAP_PRIVATE|MAP_ANONYMOUS|MAP_NORESERVE, -1, 0 <unfinished ...>
16672 <... munmap resumed>)             = 0
16670 <... munmap resumed>)             = 0
16668 mmap(NULL, 16384, PROT_READ|PROT_WRITE, MAP_PRIVATE|MAP_ANONYMOUS|MAP_NORESERVE, -1, 0 <unfinished ...>
16667 mmap(NULL, 16384, PROT_READ|PROT_WRITE, MAP_PRIVATE|MAP_ANONYMOUS|MAP_NORESERVE, -1, 0 <unfinished ...>
16660 munmap(0x100080000000, 16384 <unfinished ...>
16659 <... mmap resumed>)               = 0x1000c0200000
16666 munmap(0x100180000000, 16384 <unfinished ...>
16663 mmap(NULL, 16384, PROT_READ|PROT_WRITE, MAP_PRIVATE|MAP_ANONYMOUS|MAP_NORESERVE, -1, 0 <unfinished ...>
16664 mmap(NULL, 16384, PROT_READ|PROT_WRITE, MAP_PRIVATE|MAP_ANONYMOUS|MAP_NORESERVE, -1, 0 <unfinished ...>
16661 munmap(0x100000000000, 16384 <unfinished ...>
16658 <... mmap resumed>)               = 0x100180200000
16657 <... mmap resumed>)               = 0x1000c0000000
16672 mmap(NULL, 16384, PROT_READ|PROT_WRITE, MAP_PRIVATE|MAP_ANONYMOUS|MAP_NORESERVE, -1, 0 <unfinished ...>
16670 mmap(NULL, 16384, PROT_READ|PROT_WRITE, MAP_PRIVATE|MAP_ANONYMOUS|MAP_NORESERVE, -1, 0 <unfinished ...>
16668 <... mmap resumed>)               = 0x100080000000
16667 <... mmap resumed>)               = 0x100100200000
16666 <... munmap resumed>)             = 0
16665 <... munmap resumed>)             = 0
16664 <... mmap resumed>)               = 0x100180000000
16662 munmap(0x100000200000, 16384 <unfinished ...>
16660 <... munmap resumed>)             = 0
16659 munmap(0x1000c0200000, 16384 <unfinished ...>
16672 <... mmap resumed>)               = 0x100000000000
16670 <... mmap resumed>)               = 0x100140200000
16669 <... munmap resumed>)             = 0
16668 munmap(0x100080000000, 16384 <unfinished ...>
16667 munmap(0x100100200000, 16384 <unfinished ...>
16666 mmap(NULL, 16384, PROT_READ|PROT_WRITE, MAP_PRIVATE|MAP_ANONYMOUS|MAP_NORESERVE, -1, 0 <unfinished ...>
16665 mmap(NULL, 16384, PROT_READ|PROT_WRITE, MAP_PRIVATE|MAP_ANONYMOUS|MAP_NORESERVE, -1, 0 <unfinished ...>
16664 munmap(0x100180000000, 16384 <unfinished ...>
16663 <... mmap resumed>)               = 0x100040000000
16662 <... munmap resumed>)             = 0
16661 <... munmap resumed>)             = 0
16658 munmap(0x100180200000, 16384 <unfinished ...>
16657 munmap(0x1000c0000000, 16384 <unfinished ...>
16672 munmap(0x100000000000, 16384 <unfinished ...>
16671 munmap(0x1001c0000000, 16384 <unfinished ...>
16670 munmap(0x100140200000, 16384 <unfinished ...>
16669 mmap(NULL, 16384, PROT_READ|PROT_WRITE, MAP_PRIVATE|MAP_ANONYMOUS|MAP_NORESERVE, -1, 0 <unfinished ...>
16668 <... munmap resumed>)             = 0
16667 <... munmap resumed>)             = 0
16666 <... mmap resumed>)               = 0x100100200000
16665 <... mmap resumed>)               = 0x100080000000
16664 <... munmap resumed>)             = 0
16663 munmap(0x100040000000, 16384 <unfinished ...>
16662 mmap(NULL, 16384, PROT_READ|PROT_WRITE, MAP_PRIVATE|MAP_ANONYMOUS|MAP_NORESERVE, -1, 0 <unfinished ...>
16661 mmap(NULL, 16384, PROT_READ|PROT_WRITE, MAP_PRIVATE|MAP_ANONYMOUS|MAP_NORESERVE, -1, 0 <unfinished ...>
16660 mmap(NULL, 16384, PROT_READ|PROT_WRITE, MAP_PRIVATE|MAP_ANONYMOUS|MAP_NORESERVE, -1, 0 <unfinished ...>
16659 <... munmap resumed>)             = 0
16672 <... munmap resumed>)             = 0
16671 <... munmap resumed>)             = 0
16670 <... munmap resumed>)             = 0
16669 <... mmap resumed>)               = 0x1001c0000000
16668 mmap(NULL, 16384, PROT_READ|PROT_WRITE, MAP_PRIVATE|MAP_ANONYMOUS|MAP_NORESERVE, -1, 0 <unfinished ...>
16667 mmap(NULL, 16384, PROT_READ|PROT_WRITE, MAP_PRIVATE|MAP_ANONYMOUS|MAP_NORESERVE, -1, 0 <unfinished ...>
16666 munmap(0x100100200000, 16384 <unfinished ...>
16665 munmap(0x100080000000, 16384 <unfinished ...>
16664 mmap(NULL, 16384, PROT_READ|PROT_WRITE, MAP_PRIVATE|MAP_ANONYMOUS|MAP_NORESERVE, -1, 0 <unfinished ...>
16663 <... munmap resumed>)             = 0
16662 <... mmap resumed>)               = 0x100040000000
16661 <... mmap resumed>)               = 0x100000000000
16660 <... mmap resumed>)               = 0x100140200000
16658 <... munmap resumed>)             = 0
16657 <... munmap resumed>)             = 0
16672 mmap(NULL, 16384, PROT_READ|PROT_WRITE, MAP_PRIVATE|MAP_ANONYMOUS|MAP_NORESERVE, -1, 0 <unfinished ...>
16671 mmap(NULL, 16384, PROT_READ|PROT_WRITE, MAP_PRIVATE|MAP_ANONYMOUS|MAP_NORESERVE, -1, 0 <unfinished ...>
16670 mmap(NULL, 16384, PROT_READ|PROT_WRITE, MAP_PRIVATE|MAP_ANONYMOUS|MAP_NORESERVE, -1, 0 <unfinished ...>
16669 munmap(0x1001c0000000, 16384 <unfinished ...>
16668 <... mmap resumed>)               = 0x1000c0000000
16667 <... mmap resumed>)               = 0x100080000000
16666 <... munmap resumed>)             = 0
16665 <... munmap resumed>)             = 0
16664 <... mmap resumed>)               = 0x100100200000
16663 mmap(NULL, 16384, PROT_READ|PROT_WRITE, MAP_PRIVATE|MAP_ANONYMOUS|MAP_NORESERVE, -1, 0 <unfinished ...>
16662 munmap(0x100040000000, 16384 <unfinished ...>
16661 munmap(0x100000000000, 16384 <unfinished ...>
16659 mmap(NULL, 16384, PROT_READ|PROT_WRITE, MAP_PRIVATE|MAP_ANONYMOUS|MAP_NORESERVE, -1, 0 <unfinished ...>
16672 <... mmap resumed>)               = 0x100180200000
16670 <... mmap resumed>)               = 0x100180000000
16669 <... munmap resumed>)             = 0
16668 munmap(0x1000c0000000, 16384 <unfinished ...>
16667 munmap(0x100080000000, 16384 <unfinished ...>
16661 <... munmap resumed>)             = 0
16660 munmap(0x100140200000, 16384 <unfinished ...>
16658 mmap(NULL, 16384, PROT_READ|PROT_WRITE, MAP_PRIVATE|MAP_ANONYMOUS|MAP_NORESERVE, -1, 0 <unfinished ...>
16657 mmap(NULL, 16384, PROT_READ|PROT_WRITE, MAP_PRIVATE|MAP_ANONYMOUS|MAP_NORESERVE, -1, 0 <unfinished ...>
16672 munmap(0x100180200000, 16384 <unfinished ...>
16671 <... mmap resumed>)               = 0x100000000000
16670 munmap(0x100180000000, 16384 <unfinished ...>
16669 mmap(NULL, 16384, PROT_READ|PROT_WRITE, MAP_PRIVATE|MAP_ANONYMOUS|MAP_NORESERVE, -1, 0 <unfinished ...>
16668 <... munmap resumed>)             = 0
16667 <... munmap resumed>)             = 0
16666 mmap(NULL, 16384, PROT_READ|PROT_WRITE, MAP_PRIVATE|MAP_ANONYMOUS|MAP_NORESERVE, -1, 0 <unfinished ...>
16665 mmap(NULL, 16384, PROT_READ|PROT_WRITE, MAP_PRIVATE|MAP_ANONYMOUS|MAP_NORESERVE, -1, 0 <unfinished ...>
16664 munmap(0x100100200000, 16384 <unfinished ...>
16663 <... mmap resumed>)               = 0x1001c0000000
16662 <... munmap resumed>)             = 0
16661 mmap(NULL, 16384, PROT_READ|PROT_WRITE, MAP_PRIVATE|MAP_ANONYMOUS|MAP_NORESERVE, -1, 0 <unfinished ...>
16659 <... mmap resumed>)               = 0x100040000000
16672 <... munmap resumed>)             = 0
16671 munmap(0x100000000000, 16384 <unfinished ...>
16670 <... munmap resumed>)             = 0
16669 <... mmap resumed>)               = 0x100180200000
16668 mmap(NULL, 16384, PROT_READ|PROT_WRITE, MAP_PRIVATE|MAP_ANONYMOUS|MAP_NORESERVE, -1, 0 <unfinished ...>
16667 mmap(NULL, 16384, PROT_READ|PROT_WRITE, MAP_PRIVATE|MAP_ANONYMOUS|MAP_NORESERVE, -1, 0 <unfinished ...>
16666 <... mmap resumed>)               = 0x100180000000
16665 <... mmap resumed>)               = 0x100140200000
16664 <... munmap resumed>)             = 0
16663 munmap(0x1001c0000000, 16384 <unfinished ...>
16662 mmap(NULL, 16384, PROT_READ|PROT_WRITE, MAP_PRIVATE|MAP_ANONYMOUS|MAP_NORESERVE, -1, 0 <unfinished ...>
16661 <... mmap resumed>)               = 0x100100200000
16660 <... munmap resumed>)             = 0
16658 <... mmap resumed>)               = 0x1000c0000000
16657 <... mmap resumed>)               = 0x100080000000
16672 mmap(NULL, 16384, PROT_READ|PROT_WRITE, MAP_PRIVATE|MAP_ANONYMOUS|MAP_NORESERVE, -1, 0 <unfinished ...>
16671 <... munmap resumed>)             = 0
16670 mmap(NULL, 16384, PROT_READ|PROT_WRITE, MAP_PRIVATE|MAP_ANONYMOUS|MAP_NORESERVE, -1, 0 <unfinished ...>
16669 munmap(0x100180200000, 16384 <unfinished ...>
16668 <... mmap resumed>)               = 0x100000000000
16667 <... mmap resumed>)               = 0x1000c0200000
16666 munmap(0x100180000000, 16384 <unfinished ...>
16665 munmap(0x100140200000, 16384 <unfinished ...>
16664 mmap(NULL, 16384, PROT_READ|PROT_WRITE, MAP_PRIVATE|MAP_ANONYMOUS|MAP_NORESERVE, -1, 0 <unfinished ...>
16663 <... munmap resumed>)             = 0
16662 <... mmap resumed>)               = 0x1001c0000000
16661 munmap(0x100100200000, 16384 <unfinished ...>
16659 munmap(0x100040000000, 16384 <unfinished ...>
16672 <... mmap resumed>)               = 0x100000200000
16671 mmap(NULL, 16384, PROT_READ|PROT_WRITE, MAP_PRIVATE|MAP_ANONYMOUS|MAP_NORESERVE, -1, 0 <unfinished ...>
16670 <... mmap resumed>)               = 0x100040400000
16669 <... munmap resumed>)             = 0
16668 munmap(0x100000000000, 16384 <unfinished ...>
16667 munmap(0x1000c0200000, 16384 <unfinished ...>
16666 <... munmap resumed>)             = 0
16665 <... munmap resumed>)             = 0
16664 <... mmap resumed>)               = 0x100180000000
16663 mmap(NULL, 16384, PROT_READ|PROT_WRITE, MAP_PRIVATE|MAP_ANONYMOUS|MAP_NORESERVE, -1, 0 <unfinished ...>
16661 <... munmap resumed>)             = 0
16660 mmap(NULL, 16384, PROT_READ|PROT_WRITE, MAP_PRIVATE|MAP_ANONYMOUS|MAP_NORESERVE, -1, 0 <unfinished ...>
16658 munmap(0x1000c0000000, 16384 <unfinished ...>
16657 munmap(0x100080000000, 16384 <unfinished ...>
16672 munmap(0x100000200000, 16384 <unfinished ...>
16662 munmap(0x1001c0000000, 16384 <unfinished ...>
16659 <... munmap resumed>)             = 0
16667 <... munmap resumed>)             = 0
16660 <... mmap resumed>)               = 0x1000c0200000
16667 mmap(NULL, 16384, PROT_READ|PROT_WRITE, MAP_PRIVATE|MAP_ANONYMOUS|MAP_NORESERVE, -1, 0 <unfinished ...>
16660 munmap(0x1000c0200000, 16384 <unfinished ...>
16669 mmap(NULL, 16384, PROT_READ|PROT_WRITE, MAP_PRIVATE|MAP_ANONYMOUS|MAP_NORESERVE, -1, 0 <unfinished ...>
16668 <... munmap resumed>)             = 0
16666 mmap(NULL, 16384, PROT_READ|PROT_WRITE, MAP_PRIVATE|MAP_ANONYMOUS|MAP_NORESERVE, -1, 0 <unfinished ...>
16671 <... mmap resumed>)               = 0x1000c0000000
16670 munmap(0x100040400000, 16384 <unfinished ...>
16663 <... mmap resumed>)               = 0x100000000000
16661 mmap(NULL, 16384, PROT_READ|PROT_WRITE, MAP_PRIVATE|MAP_ANONYMOUS|MAP_NORESERVE, -1, 0 <unfinished ...>
16659 mmap(NULL, 16384, PROT_READ|PROT_WRITE, MAP_PRIVATE|MAP_ANONYMOUS|MAP_NORESERVE, -1, 0 <unfinished ...>
16658 <... munmap resumed>)             = 0
16657 <... munmap resumed>)             = 0
16662 <... munmap resumed>)             = 0
16665 mmap(NULL, 16384, PROT_READ|PROT_WRITE, MAP_PRIVATE|MAP_ANONYMOUS|MAP_NORESERVE, -1, 0 <unfinished ...>
16672 <... munmap resumed>)             = 0
16670 <... munmap resumed>)             = 0
16669 <... mmap resumed>)               = 0x1001c0000000
16668 mmap(NULL, 16384, PROT_READ|PROT_WRITE, MAP_PRIVATE|MAP_ANONYMOUS|MAP_NORESERVE, -1, 0 <unfinished ...>
16667 <... mmap resumed>)               = 0x100000200000
16666 <... mmap resumed>)               = 0x100040400000
16664 munmap(0x100180000000, 16384 <unfinished ...>
16663 munmap(0x100000000000, 16384 <unfinished ...>
16660 <... munmap resumed>)             = 0
16659 <... mmap resumed>)               = 0x1000c0200000
16657 mmap(NULL, 16384, PROT_READ|PROT_WRITE, MAP_PRIVATE|MAP_ANONYMOUS|MAP_NORESERVE, -1, 0 <unfinished ...>
16667 munmap(0x100000200000, 16384 <unfinished ...>
16662 mmap(NULL, 16384, PROT_READ|PROT_WRITE, MAP_PRIVATE|MAP_ANONYMOUS|MAP_NORESERVE, -1, 0 <unfinished ...>
16658 mmap(NULL, 16384, PROT_READ|PROT_WRITE, MAP_PRIVATE|MAP_ANONYMOUS|MAP_NORESERVE, -1, 0 <unfinished ...>
16671 munmap(0x1000c0000000, 16384 <unfinished ...>
16668 <... mmap resumed>)               = 0x100040000000
16657 <... mmap resumed>)               = 0x100080000000
16672 mmap(NULL, 16384, PROT_READ|PROT_WRITE, MAP_PRIVATE|MAP_ANONYMOUS|MAP_NORESERVE, -1, 0 <unfinished ...>
16671 <... munmap resumed>)             = 0
16670 mmap(NULL, 16384, PROT_READ|PROT_WRITE, MAP_PRIVATE|MAP_ANONYMOUS|MAP_NORESERVE, -1, 0 <unfinished ...>
16669 munmap(0x1001c0000000, 16384 <unfinished ...>
16667 <... munmap resumed>)             = 0
16666 munmap(0x100040400000, 16384 <unfinished ...>
16668 munmap(0x100040000000, 16384 <unfinished ...>
16665 <... mmap resumed>)               = 0x100140200000
16664 <... munmap resumed>)             = 0
16663 <... munmap resumed>)             = 0
16662 <... mmap resumed>)               = 0x100000200000
16661 <... mmap resumed>)               = 0x100000000000
16660 mmap(NULL, 16384, PROT_READ|PROT_WRITE, MAP_PRIVATE|MAP_ANONYMOUS|MAP_NORESERVE, -1, 0 <unfinished ...>
16659 munmap(0x1000c0200000, 16384 <unfinished ...>
16658 <... mmap resumed>)               = 0x100100200000
16672 <... mmap resumed>)               = 0x100180000000
16671 mmap(NULL, 16384, PROT_READ|PROT_WRITE, MAP_PRIVATE|MAP_ANONYMOUS|MAP_NORESERVE, -1, 0 <unfinished ...>
16670 <... mmap resumed>)               = 0x1000c0000000
16669 <... munmap resumed>)             = 0
16668 <... munmap resumed>)             = 0
16667 mmap(NULL, 16384, PROT_READ|PROT_WRITE, MAP_PRIVATE|MAP_ANONYMOUS|MAP_NORESERVE, -1, 0 <unfinished ...>
16666 <... munmap resumed>)             = 0
16665 munmap(0x100140200000, 16384 <unfinished ...>
16664 mmap(NULL, 16384, PROT_READ|PROT_WRITE, MAP_PRIVATE|MAP_ANONYMOUS|MAP_NORESERVE, -1, 0 <unfinished ...>
16663 mmap(NULL, 16384, PROT_READ|PROT_WRITE, MAP_PRIVATE|MAP_ANONYMOUS|MAP_NORESERVE, -1, 0 <unfinished ...>
16662 munmap(0x100000200000, 16384 <unfinished ...>
16661 munmap(0x100000000000, 16384 <unfinished ...>
16660 <... mmap resumed>)               = 0x100040000000
16657 munmap(0x100080000000, 16384 <unfinished ...>
16672 munmap(0x100180000000, 16384 <unfinished ...>
16671 <... mmap resumed>)               = 0x100040400000
16670 munmap(0x1000c0000000, 16384 <unfinished ...>
16669 mmap(NULL, 16384, PROT_READ|PROT_WRITE, MAP_PRIVATE|MAP_ANONYMOUS|MAP_NORESERVE, -1, 0 <unfinished ...>
16668 mmap(NULL, 16384, PROT_READ|PROT_WRITE, MAP_PRIVATE|MAP_ANONYMOUS|MAP_NORESERVE, -1, 0 <unfinished ...>
16667 <... mmap resumed>)               = 0x1000c0200000
16666 mmap(NULL, 16384, PROT_READ|PROT_WRITE, MAP_PRIVATE|MAP_ANONYMOUS|MAP_NORESERVE, -1, 0 <unfinished ...>
16665 <... munmap resumed>)             = 0
16664 <... mmap resumed>)               = 0x100140200000
16662 <... munmap resumed>)             = 0
16661 <... munmap resumed>)             = 0
16659 <... munmap resumed>)             = 0
16658 munmap(0x100100200000, 16384 <unfinished ...>
16657 <... munmap resumed>)             = 0
16672 <... munmap resumed>)             = 0
16671 munmap(0x100040400000, 16384 <unfinished ...>
16670 <... munmap resumed>)             = 0
16669 <... mmap resumed>)               = 0x100000200000
16668 <... mmap resumed>)               = 0x100180000000
16667 munmap(0x1000c0200000, 16384 <unfinished ...>
16666 <... mmap resumed>)               = 0x1000c0000000
16665 mmap(NULL, 16384, PROT_READ|PROT_WRITE, MAP_PRIVATE|MAP_ANONYMOUS|MAP_NORESERVE, -1, 0 <unfinished ...>
16664 munmap(0x100140200000, 16384 <unfinished ...>
16663 <... mmap resumed>)               = 0x100080000000
16662 mmap(NULL, 16384, PROT_READ|PROT_WRITE, MAP_PRIVATE|MAP_ANONYMOUS|MAP_NORESERVE, -1, 0 <unfinished ...>
16661 mmap(NULL, 16384, PROT_READ|PROT_WRITE, MAP_PRIVATE|MAP_ANONYMOUS|MAP_NORESERVE, -1, 0 <unfinished ...>
16660 munmap(0x100040000000, 16384 <unfinished ...>
16659 mmap(NULL, 16384, PROT_READ|PROT_WRITE, MAP_PRIVATE|MAP_ANONYMOUS|MAP_NORESERVE, -1, 0 <unfinished ...>
16658 <... munmap resumed>)             = 0
16672 mmap(NULL, 16384, PROT_READ|PROT_WRITE, MAP_PRIVATE|MAP_ANONYMOUS|MAP_NORESERVE, -1, 0 <unfinished ...>
16671 <... munmap resumed>)             = 0
16670 mmap(NULL, 16384, PROT_READ|PROT_WRITE, MAP_PRIVATE|MAP_ANONYMOUS|MAP_NORESERVE, -1, 0 <unfinished ...>
16669 munmap(0x100000200000, 16384 <unfinished ...>
16668 munmap(0x100180000000, 16384 <unfinished ...>
16667 <... munmap resumed>)             = 0
16666 munmap(0x1000c0000000, 16384 <unfinished ...>
16665 <... mmap resumed>)               = 0x1000c0200000
16664 <... munmap resumed>)             = 0
16657 mmap(NULL, 16384, PROT_READ|PROT_WRITE, MAP_PRIVATE|MAP_ANONYMOUS|MAP_NORESERVE, -1, 0 <unfinished ...>
16672 <... mmap resumed>)               = 0x100100200000
16671 mmap(NULL, 16384, PROT_READ|PROT_WRITE, MAP_PRIVATE|MAP_ANONYMOUS|MAP_NORESERVE, -1, 0 <unfinished ...>
16670 <... mmap resumed>)               = 0x100040000000
16669 <... munmap resumed>)             = 0
16668 <... munmap resumed>)             = 0
16667 mmap(NULL, 16384, PROT_READ|PROT_WRITE, MAP_PRIVATE|MAP_ANONYMOUS|MAP_NORESERVE, -1, 0 <unfinished ...>
16666 <... munmap resumed>)             = 0
16665 munmap(0x1000c0200000, 16384 <unfinished ...>
16663 munmap(0x100080000000, 16384 <unfinished ...>
16662 <... mmap resumed>)               = 0x100140200000
16661 <... mmap resumed>)               = 0x100000000000
16660 <... munmap resumed>)             = 0
16659 <... mmap resumed>)               = 0x100040400000
16658 mmap(NULL, 16384, PROT_READ|PROT_WRITE, MAP_PRIVATE|MAP_ANONYMOUS|MAP_NORESERVE, -1, 0 <unfinished ...>
16657 <... mmap resumed>)               = 0x100180000000
16672 munmap(0x100100200000, 16384 <unfinished ...>
16671 <... mmap resumed>)               = 0x1000c0000000
16670 munmap(0x100040000000, 16384 <unfinished ...>
16669 mmap(NULL, 16384, PROT_READ|PROT_WRITE, MAP_PRIVATE|MAP_ANONYMOUS|MAP_NORESERVE, -1, 0 <unfinished ...>
16668 mmap(NULL, 16384, PROT_READ|PROT_WRITE, MAP_PRIVATE|MAP_ANONYMOUS|MAP_NORESERVE, -1, 0 <unfinished ...>
16667 <... mmap resumed>)               = 0x100000200000
16666 mmap(NULL, 16384, PROT_READ|PROT_WRITE, MAP_PRIVATE|MAP_ANONYMOUS|MAP_NORESERVE, -1, 0 <unfinished ...>
16665 <... munmap resumed>)             = 0
16664 mmap(NULL, 16384, PROT_READ|PROT_WRITE, MAP_PRIVATE|MAP_ANONYMOUS|MAP_NORESERVE, -1, 0 <unfinished ...>
16663 <... munmap resumed>)             = 0
16662 munmap(0x100140200000, 16384 <unfinished ...>
16661 munmap(0x100000000000, 16384 <unfinished ...>
16660 mmap(NULL, 16384, PROT_READ|PROT_WRITE, MAP_PRIVATE|MAP_ANONYMOUS|MAP_NORESERVE, -1, 0 <unfinished ...>
16659 munmap(0x100040400000, 16384 <unfinished ...>
16658 <... mmap resumed>)               = 0x1000c0200000
16672 <... munmap resumed>)             = 0
16671 munmap(0x1000c0000000, 16384 <unfinished ...>
16670 <... munmap resumed>)             = 0
16669 <... mmap resumed>)               = 0x100080000000
16668 <... mmap resumed>)               = 0x100040000000
16667 munmap(0x100000200000, 16384 <unfinished ...>
16666 <... mmap resumed>)               = 0x100100200000
16665 mmap(NULL, 16384, PROT_READ|PROT_WRITE, MAP_PRIVATE|MAP_ANONYMOUS|MAP_NORESERVE, -1, 0 <unfinished ...>
16664 <... mmap resumed>)               = 0x1001c0000000
16663 mmap(NULL, 16384, PROT_READ|PROT_WRITE, MAP_PRIVATE|MAP_ANONYMOUS|MAP_NORESERVE, -1, 0 <unfinished ...>
16662 <... munmap resumed>)             = 0
16657 munmap(0x100180000000, 16384 <unfinished ...>
16672 mmap(NULL, 16384, PROT_READ|PROT_WRITE, MAP_PRIVATE|MAP_ANONYMOUS|MAP_NORESERVE, -1, 0 <unfinished ...>
16671 <... munmap resumed>)             = 0
16670 mmap(NULL, 16384, PROT_READ|PROT_WRITE, MAP_PRIVATE|MAP_ANONYMOUS|MAP_NORESERVE, -1, 0 <unfinished ...>
16669 munmap(0x100080000000, 16384 <unfinished ...>
16668 munmap(0x100040000000, 16384 <unfinished ...>
16667 <... munmap resumed>)             = 0
16666 munmap(0x100100200000, 16384 <unfinished ...>
16665 <... mmap resumed>)               = 0x100000200000
16664 munmap(0x1001c0000000, 16384 <unfinished ...>
16663 <... mmap resumed>)               = 0x1000c0000000
16662 mmap(NULL, 16384, PROT_READ|PROT_WRITE, MAP_PRIVATE|MAP_ANONYMOUS|MAP_NORESERVE, -1, 0 <unfinished ...>
16661 <... munmap resumed>)             = 0
16660 <... mmap resumed>)               = 0x100140200000
16659 <... munmap resumed>)             = 0
16658 munmap(0x1000c0200000, 16384 <unfinished ...>
16672 <... mmap resumed>)               = 0x100180000000
16671 mmap(NULL, 16384, PROT_READ|PROT_WRITE, MAP_PRIVATE|MAP_ANONYMOUS|MAP_NORESERVE, -1, 0 <unfinished ...>
16670 <... mmap resumed>)               = 0x100040400000
16669 <... munmap resumed>)             = 0
16668 <... munmap resumed>)             = 0
16667 mmap(NULL, 16384, PROT_READ|PROT_WRITE, MAP_PRIVATE|MAP_ANONYMOUS|MAP_NORESERVE, -1, 0 <unfinished ...>
16666 <... munmap resumed>)             = 0
16665 munmap(0x100000200000, 16384 <unfinished ...>
16664 <... munmap resumed>)             = 0
16663 munmap(0x1000c0000000, 16384 <unfinished ...>
16662 <... mmap resumed>)               = 0x1001c0000000
16657 <... munmap resumed>)             = 0
16672 munmap(0x100180000000, 16384 <unfinished ...>
16671 <... mmap resumed>)               = 0x1000c0200000
16670 munmap(0x100040400000, 16384 <unfinished ...>
16669 mmap(NULL, 16384, PROT_READ|PROT_WRITE, MAP_PRIVATE|MAP_ANONYMOUS|MAP_NORESERVE, -1, 0 <unfinished ...>
16668 mmap(NULL, 16384, PROT_READ|PROT_WRITE, MAP_PRIVATE|MAP_ANONYMOUS|MAP_NORESERVE, -1, 0 <unfinished ...>
16667 <... mmap resumed>)               = 0x100100200000
16666 mmap(NULL, 16384, PROT_READ|PROT_WRITE, MAP_PRIVATE|MAP_ANONYMOUS|MAP_NORESERVE, -1, 0 <unfinished ...>
16665 <... munmap resumed>)             = 0
16661 mmap(NULL, 16384, PROT_READ|PROT_WRITE, MAP_PRIVATE|MAP_ANONYMOUS|MAP_NORESERVE, -1, 0 <unfinished ...>
16660 munmap(0x100140200000, 16384 <unfinished ...>
16659 mmap(NULL, 16384, PROT_READ|PROT_WRITE, MAP_PRIVATE|MAP_ANONYMOUS|MAP_NORESERVE, -1, 0 <unfinished ...>
16658 <... munmap resumed>)             = 0
16672 <... munmap resumed>)             = 0
16671 munmap(0x1000c0200000, 16384 <unfinished ...>
16670 <... munmap resumed>)             = 0
16669 <... mmap resumed>)               = 0x100180000000
16668 <... mmap resumed>)               = 0x100040400000
16667 munmap(0x100100200000, 16384 <unfinished ...>
16666 <... mmap resumed>)               = 0x1000c0000000
16665 mmap(NULL, 16384, PROT_READ|PROT_WRITE, MAP_PRIVATE|MAP_ANONYMOUS|MAP_NORESERVE, -1, 0 <unfinished ...>
16664 mmap(NULL, 16384, PROT_READ|PROT_WRITE, MAP_PRIVATE|MAP_ANONYMOUS|MAP_NORESERVE, -1, 0 <unfinished ...>
16663 <... munmap resumed>)             = 0
16662 munmap(0x1001c0000000, 16384 <unfinished ...>
16661 <... mmap resumed>)               = 0x100000200000
16660 <... munmap resumed>)             = 0
16659 <... mmap resumed>)               = 0x100140200000
16657 mmap(NULL, 16384, PROT_READ|PROT_WRITE, MAP_PRIVATE|MAP_ANONYMOUS|MAP_NORESERVE, -1, 0 <unfinished ...>
16672 mmap(NULL, 16384, PROT_READ|PROT_WRITE, MAP_PRIVATE|MAP_ANONYMOUS|MAP_NORESERVE, -1, 0 <unfinished ...>
16671 <... munmap resumed>)             = 0
16670 mmap(NULL, 16384, PROT_READ|PROT_WRITE, MAP_PRIVATE|MAP_ANONYMOUS|MAP_NORESERVE, -1, 0 <unfinished ...>
16669 munmap(0x100180000000, 16384 <unfinished ...>
16668 munmap(0x100040400000, 16384 <unfinished ...>
16667 <... munmap resumed>)             = 0
16666 munmap(0x1000c0000000, 16384 <unfinished ...>
16665 <... mmap resumed>)               = 0x1000c0200000
16664 <... mmap resumed>)               = 0x1001c0000000
16663 mmap(NULL, 16384, PROT_READ|PROT_WRITE, MAP_PRIVATE|MAP_ANONYMOUS|MAP_NORESERVE, -1, 0 <unfinished ...>
16662 <... munmap resumed>)             = 0
16661 munmap(0x100000200000, 16384 <unfinished ...>
16660 mmap(NULL, 16384, PROT_READ|PROT_WRITE, MAP_PRIVATE|MAP_ANONYMOUS|MAP_NORESERVE, -1, 0 <unfinished ...>
16659 munmap(0x100140200000, 16384 <unfinished ...>
16658 mmap(NULL, 16384, PROT_READ|PROT_WRITE, MAP_PRIVATE|MAP_ANONYMOUS|MAP_NORESERVE, -1, 0 <unfinished ...>
16672 <... mmap resumed>)               = 0x100080000000
16671 mmap(NULL, 16384, PROT_READ|PROT_WRITE, MAP_PRIVATE|MAP_ANONYMOUS|MAP_NORESERVE, -1, 0 <unfinished ...>
16670 <... mmap resumed>)               = 0x100040000000
16669 <... munmap resumed>)             = 0
16668 <... munmap resumed>)             = 0
16667 mmap(NULL, 16384, PROT_READ|PROT_WRITE, MAP_PRIVATE|MAP_ANONYMOUS|MAP_NORESERVE, -1, 0 <unfinished ...>
16666 <... munmap resumed>)             = 0
16665 munmap(0x1000c0200000, 16384 <unfinished ...>
16664 munmap(0x1001c0000000, 16384 <unfinished ...>
16663 <... mmap resumed>)               = 0x1000c0000000
16662 mmap(NULL, 16384, PROT_READ|PROT_WRITE, MAP_PRIVATE|MAP_ANONYMOUS|MAP_NORESERVE, -1, 0 <unfinished ...>
16657 <... mmap resumed>)               = 0x100100200000
16672 munmap(0x100080000000, 16384 <unfinished ...>
16670 munmap(0x100040000000, 16384 <unfinished ...>
16669 mmap(NULL, 16384, PROT_READ|PROT_WRITE, MAP_PRIVATE|MAP_ANONYMOUS|MAP_NORESERVE, -1, 0 <unfinished ...>
16666 mmap(NULL, 16384, PROT_READ|PROT_WRITE, MAP_PRIVATE|MAP_ANONYMOUS|MAP_NORESERVE, -1, 0 <unfinished ...>
16661 <... munmap resumed>)             = 0
16660 <... mmap resumed>)               = 0x100000200000
16659 <... munmap resumed>)             = 0
16658 <... mmap resumed>)               = 0x100140200000
16672 <... munmap resumed>)             = 0
16671 <... mmap resumed>)               = 0x100080000000
16670 <... munmap resumed>)             = 0
16669 <... mmap resumed>)               = 0x100000000000
16668 mmap(NULL, 16384, PROT_READ|PROT_WRITE, MAP_PRIVATE|MAP_ANONYMOUS|MAP_NORESERVE, -1, 0 <unfinished ...>
16667 <... mmap resumed>)               = 0x100040400000
16665 <... munmap resumed>)             = 0
16664 <... munmap resumed>)             = 0
16663 munmap(0x1000c0000000, 16384 <unfinished ...>
16662 <... mmap resumed>)               = 0x100180000000
16666 <... mmap resumed>)               = 0x1001c0000000
16660 munmap(0x100000200000, 16384 <unfinished ...>
16657 munmap(0x100100200000, 16384 <unfinished ...>
16672 mmap(NULL, 16384, PROT_READ|PROT_WRITE, MAP_PRIVATE|MAP_ANONYMOUS|MAP_NORESERVE, -1, 0 <unfinished ...>
16671 munmap(0x100080000000, 16384 <unfinished ...>
16670 mmap(NULL, 16384, PROT_READ|PROT_WRITE, MAP_PRIVATE|MAP_ANONYMOUS|MAP_NORESERVE, -1, 0 <unfinished ...>
16669 munmap(0x100000000000, 16384 <unfinished ...>
16668 <... mmap resumed>)               = 0x100040000000
16667 munmap(0x100040400000, 16384 <unfinished ...>
16666 munmap(0x1001c0000000, 16384 <unfinished ...>
16665 mmap(NULL, 16384, PROT_READ|PROT_WRITE, MAP_PRIVATE|MAP_ANONYMOUS|MAP_NORESERVE, -1, 0 <unfinished ...>
16664 mmap(NULL, 16384, PROT_READ|PROT_WRITE, MAP_PRIVATE|MAP_ANONYMOUS|MAP_NORESERVE, -1, 0 <unfinished ...>
16663 <... munmap resumed>)             = 0
16662 munmap(0x100180000000, 16384 <unfinished ...>
16661 mmap(NULL, 16384, PROT_READ|PROT_WRITE, MAP_PRIVATE|MAP_ANONYMOUS|MAP_NORESERVE, -1, 0 <unfinished ...>
16660 <... munmap resumed>)             = 0
16659 mmap(NULL, 16384, PROT_READ|PROT_WRITE, MAP_PRIVATE|MAP_ANONYMOUS|MAP_NORESERVE, -1, 0 <unfinished ...>
16658 munmap(0x100140200000, 16384 <unfinished ...>
16672 <... mmap resumed>)               = 0x100000200000
16671 <... munmap resumed>)             = 0
16670 <... mmap resumed>)               = 0x100080000000
16669 <... munmap resumed>)             = 0
16668 munmap(0x100040000000, 16384 <unfinished ...>
16667 <... munmap resumed>)             = 0
16666 <... munmap resumed>)             = 0
16664 <... mmap resumed>)               = 0x1001c0000000
16663 mmap(NULL, 16384, PROT_READ|PROT_WRITE, MAP_PRIVATE|MAP_ANONYMOUS|MAP_NORESERVE, -1, 0 <unfinished ...>
16662 <... munmap resumed>)             = 0
16661 <... mmap resumed>)               = 0x100180000000
16660 mmap(NULL, 16384, PROT_READ|PROT_WRITE, MAP_PRIVATE|MAP_ANONYMOUS|MAP_NORESERVE, -1, 0 <unfinished ...>
16657 <... munmap resumed>)             = 0
16672 munmap(0x100000200000, 16384 <unfinished ...>
16671 mmap(NULL, 16384, PROT_READ|PROT_WRITE, MAP_PRIVATE|MAP_ANONYMOUS|MAP_NORESERVE, -1, 0 <unfinished ...>
16670 munmap(0x100080000000, 16384 <unfinished ...>
16669 mmap(NULL, 16384, PROT_READ|PROT_WRITE, MAP_PRIVATE|MAP_ANONYMOUS|MAP_NORESERVE, -1, 0 <unfinished ...>
16668 <... munmap resumed>)             = 0
16667 mmap(NULL, 16384, PROT_READ|PROT_WRITE, MAP_PRIVATE|MAP_ANONYMOUS|MAP_NORESERVE, -1, 0 <unfinished ...>
16666 mmap(NULL, 16384, PROT_READ|PROT_WRITE, MAP_PRIVATE|MAP_ANONYMOUS|MAP_NORESERVE, -1, 0 <unfinished ...>
16665 <... mmap resumed>)               = 0x100140200000
16664 munmap(0x1001c0000000, 16384 <unfinished ...>
16663 <... mmap resumed>)               = 0x100040000000
16662 mmap(NULL, 16384, PROT_READ|PROT_WRITE, MAP_PRIVATE|MAP_ANONYMOUS|MAP_NORESERVE, -1, 0 <unfinished ...>
16661 munmap(0x100180000000, 16384 <unfinished ...>
16659 <... mmap resumed>)               = 0x100040400000
16658 <... munmap resumed>)             = 0
16672 <... munmap resumed>)             = 0
16671 <... mmap resumed>)               = 0x100000200000
16670 <... munmap resumed>)             = 0
16669 <... mmap resumed>)               = 0x100100200000
16668 mmap(NULL, 16384, PROT_READ|PROT_WRITE, MAP_PRIVATE|MAP_ANONYMOUS|MAP_NORESERVE, -1, 0 <unfinished ...>
16667 <... mmap resumed>)               = 0x100080000000
16666 <... mmap resumed>)               = 0x1000c0000000
16665 munmap(0x100140200000, 16384 <unfinished ...>
16664 <... munmap resumed>)             = 0
16663 munmap(0x100040000000, 16384 <unfinished ...>
16662 <... mmap resumed>)               = 0x100180000000
16661 <... munmap resumed>)             = 0
16660 <... mmap resumed>)               = 0x100000000000
16659 munmap(0x100040400000, 16384 <unfinished ...>
16657 mmap(NULL, 16384, PROT_READ|PROT_WRITE, MAP_PRIVATE|MAP_ANONYMOUS|MAP_NORESERVE, -1, 0 <unfinished ...>
16672 mmap(NULL, 16384, PROT_READ|PROT_WRITE, MAP_PRIVATE|MAP_ANONYMOUS|MAP_NORESERVE, -1, 0 <unfinished ...>
16671 munmap(0x100000200000, 16384 <unfinished ...>
16670 mmap(NULL, 16384, PROT_READ|PROT_WRITE, MAP_PRIVATE|MAP_ANONYMOUS|MAP_NORESERVE, -1, 0 <unfinished ...>
16669 munmap(0x100100200000, 16384 <unfinished ...>
16668 <... mmap resumed>)               = 0x1001c0000000
16667 munmap(0x100080000000, 16384 <unfinished ...>
16666 munmap(0x1000c0000000, 16384 <unfinished ...>
16665 <... munmap resumed>)             = 0
16664 mmap(NULL, 16384, PROT_READ|PROT_WRITE, MAP_PRIVATE|MAP_ANONYMOUS|MAP_NORESERVE, -1, 0 <unfinished ...>
16663 <... munmap resumed>)             = 0
16662 munmap(0x100180000000, 16384 <unfinished ...>
16661 mmap(NULL, 16384, PROT_READ|PROT_WRITE, MAP_PRIVATE|MAP_ANONYMOUS|MAP_NORESERVE, -1, 0 <unfinished ...>
16658 mmap(NULL, 16384, PROT_READ|PROT_WRITE, MAP_PRIVATE|MAP_ANONYMOUS|MAP_NORESERVE, -1, 0 <unfinished ...>
16672 <... mmap resumed>)               = 0x100140200000
16668 munmap(0x1001c0000000, 16384 <unfinished ...>
16666 <... munmap resumed>)             = 0
16661 <... mmap resumed>)               = 0x1000c0000000
16660 munmap(0x100000000000, 16384 <unfinished ...>
16672 munmap(0x100140200000, 16384 <unfinished ...>
16671 <... munmap resumed>)             = 0
16670 <... mmap resumed>)               = 0x100040000000
16668 <... munmap resumed>)             = 0
16667 <... munmap resumed>)             = 0
16666 mmap(NULL, 16384, PROT_READ|PROT_WRITE, MAP_PRIVATE|MAP_ANONYMOUS|MAP_NORESERVE, -1, 0 <unfinished ...>
16664 <... mmap resumed>)               = 0x1000c0200000
16663 mmap(NULL, 16384, PROT_READ|PROT_WRITE, MAP_PRIVATE|MAP_ANONYMOUS|MAP_NORESERVE, -1, 0 <unfinished ...>
16662 <... munmap resumed>)             = 0
16659 <... munmap resumed>)             = 0
16658 <... mmap resumed>)               = 0x100080000000
16657 <... mmap resumed>)               = 0x100000200000
16672 <... munmap resumed>)             = 0
16671 mmap(NULL, 16384, PROT_READ|PROT_WRITE, MAP_PRIVATE|MAP_ANONYMOUS|MAP_NORESERVE, -1, 0 <unfinished ...>
16670 munmap(0x100040000000, 16384 <unfinished ...>
16669 <... munmap resumed>)             = 0
16668 mmap(NULL, 16384, PROT_READ|PROT_WRITE, MAP_PRIVATE|MAP_ANONYMOUS|MAP_NORESERVE, -1, 0 <unfinished ...>
16667 mmap(NULL, 16384, PROT_READ|PROT_WRITE, MAP_PRIVATE|MAP_ANONYMOUS|MAP_NORESERVE, -1, 0 <unfinished ...>
16666 <... mmap resumed>)               = 0x100100200000
16665 mmap(NULL, 16384, PROT_READ|PROT_WRITE, MAP_PRIVATE|MAP_ANONYMOUS|MAP_NORESERVE, -1, 0 <unfinished ...>
16664 munmap(0x1000c0200000, 16384 <unfinished ...>
16663 <... mmap resumed>)               = 0x100140200000
16662 mmap(NULL, 16384, PROT_READ|PROT_WRITE, MAP_PRIVATE|MAP_ANONYMOUS|MAP_NORESERVE, -1, 0 <unfinished ...>
16661 munmap(0x1000c0000000, 16384 <unfinished ...>
16660 <... munmap resumed>)             = 0
16658 munmap(0x100080000000, 16384 <unfinished ...>
16672 mmap(NULL, 16384, PROT_READ|PROT_WRITE, MAP_PRIVATE|MAP_ANONYMOUS|MAP_NORESERVE, -1, 0 <unfinished ...>
16671 <... mmap resumed>)               = 0x100000000000
16670 <... munmap resumed>)             = 0
16669 mmap(NULL, 16384, PROT_READ|PROT_WRITE, MAP_PRIVATE|MAP_ANONYMOUS|MAP_NORESERVE, -1, 0 <unfinished ...>
16668 <... mmap resumed>)               = 0x100040000000
16667 <... mmap resumed>)               = 0x1001c0000000
16666 munmap(0x100100200000, 16384 <unfinished ...>
16665 <... mmap resumed>)               = 0x1000c0200000
16664 <... munmap resumed>)             = 0
16663 munmap(0x100140200000, 16384 <unfinished ...>
16662 <... mmap resumed>)               = 0x100180000000
16660 mmap(NULL, 16384, PROT_READ|PROT_WRITE, MAP_PRIVATE|MAP_ANONYMOUS|MAP_NORESERVE, -1, 0 <unfinished ...>
16659 mmap(NULL, 16384, PROT_READ|PROT_WRITE, MAP_PRIVATE|MAP_ANONYMOUS|MAP_NORESERVE, -1, 0 <unfinished ...>
16657 munmap(0x100000200000, 16384 <unfinished ...>
16672 <... mmap resumed>)               = 0x100080000000
16671 munmap(0x100000000000, 16384 <unfinished ...>
16670 mmap(NULL, 16384, PROT_READ|PROT_WRITE, MAP_PRIVATE|MAP_ANONYMOUS|MAP_NORESERVE, -1, 0 <unfinished ...>
16669 <... mmap resumed>)               = 0x1000c0000000
16668 munmap(0x100040000000, 16384 <unfinished ...>
16667 munmap(0x1001c0000000, 16384 <unfinished ...>
16666 <... munmap resumed>)             = 0
16665 munmap(0x1000c0200000, 16384 <unfinished ...>
16664 mmap(NULL, 16384, PROT_READ|PROT_WRITE, MAP_PRIVATE|MAP_ANONYMOUS|MAP_NORESERVE, -1, 0 <unfinished ...>
16663 <... munmap resumed>)             = 0
16662 munmap(0x100180000000, 16384 <unfinished ...>
16661 <... munmap resumed>)             = 0
16660 <... mmap resumed>)               = 0x100100200000
16658 <... munmap resumed>)             = 0
16672 munmap(0x100080000000, 16384 <unfinished ...>
16671 <... munmap resumed>)             = 0
16670 <... mmap resumed>)               = 0x100000200000
16669 munmap(0x1000c0000000, 16384 <unfinished ...>
16668 <... munmap resumed>)             = 0
16667 <... munmap resumed>)             = 0
16666 mmap(NULL, 16384, PROT_READ|PROT_WRITE, MAP_PRIVATE|MAP_ANONYMOUS|MAP_NORESERVE, -1, 0 <unfinished ...>
16665 <... munmap resumed>)             = 0
16664 <... mmap resumed>)               = 0x100180000000
16663 mmap(NULL, 16384, PROT_READ|PROT_WRITE, MAP_PRIVATE|MAP_ANONYMOUS|MAP_NORESERVE, -1, 0 <unfinished ...>
16662 <... munmap resumed>)             = 0
16661 mmap(NULL, 16384, PROT_READ|PROT_WRITE, MAP_PRIVATE|MAP_ANONYMOUS|MAP_NORESERVE, -1, 0 <unfinished ...>
16660 munmap(0x100100200000, 16384 <unfinished ...>
16659 <... mmap resumed>)               = 0x100140200000
16657 <... munmap resumed>)             = 0
16672 <... munmap resumed>)             = 0
16670 munmap(0x100000200000, 16384 <unfinished ...>
16668 mmap(NULL, 16384, PROT_READ|PROT_WRITE, MAP_PRIVATE|MAP_ANONYMOUS|MAP_NORESERVE, -1, 0 <unfinished ...>
16667 mmap(NULL, 16384, PROT_READ|PROT_WRITE, MAP_PRIVATE|MAP_ANONYMOUS|MAP_NORESERVE, -1, 0 <unfinished ...>
16669 <... munmap resumed>)             = 0
16666 <... mmap resumed>)               = 0x100080000000
16665 mmap(NULL, 16384, PROT_READ|PROT_WRITE, MAP_PRIVATE|MAP_ANONYMOUS|MAP_NORESERVE, -1, 0 <unfinished ...>
16664 munmap(0x100180000000, 16384 <unfinished ...>
16663 <... mmap resumed>)               = 0x1001c0000000
16662 mmap(NULL, 16384, PROT_READ|PROT_WRITE, MAP_PRIVATE|MAP_ANONYMOUS|MAP_NORESERVE, -1, 0 <unfinished ...>
16661 <... mmap resumed>)               = 0x1000c0200000
16660 <... munmap resumed>)             = 0
16659 munmap(0x100140200000, 16384 <unfinished ...>
16658 mmap(NULL, 16384, PROT_READ|PROT_WRITE, MAP_PRIVATE|MAP_ANONYMOUS|MAP_NORESERVE, -1, 0 <unfinished ...>
16672 mmap(NULL, 16384, PROT_READ|PROT_WRITE, MAP_PRIVATE|MAP_ANONYMOUS|MAP_NORESERVE, -1, 0 <unfinished ...>
16671 mmap(NULL, 16384, PROT_READ|PROT_WRITE, MAP_PRIVATE|MAP_ANONYMOUS|MAP_NORESERVE, -1, 0 <unfinished ...>
16670 <... munmap resumed>)             = 0
16669 mmap(NULL, 16384, PROT_READ|PROT_WRITE, MAP_PRIVATE|MAP_ANONYMOUS|MAP_NORESERVE, -1, 0 <unfinished ...>
16668 <... mmap resumed>)               = 0x100000200000
16667 <... mmap resumed>)               = 0x1000c0000000
16666 munmap(0x100080000000, 16384 <unfinished ...>
16665 <... mmap resumed>)               = 0x100100200000
16664 <... munmap resumed>)             = 0
16663 munmap(0x1001c0000000, 16384 <unfinished ...>
16662 <... mmap resumed>)               = 0x100180000000
16661 munmap(0x1000c0200000, 16384 <unfinished ...>
16660 mmap(NULL, 16384, PROT_READ|PROT_WRITE, MAP_PRIVATE|MAP_ANONYMOUS|MAP_NORESERVE, -1, 0 <unfinished ...>
16659 <... munmap resumed>)             = 0
16657 mmap(NULL, 16384, PROT_READ|PROT_WRITE, MAP_PRIVATE|MAP_ANONYMOUS|MAP_NORESERVE, -1, 0 <unfinished ...>
16672 <... mmap resumed>)               = 0x100040000000
16671 <... mmap resumed>)               = 0x100000000000
16670 mmap(NULL, 16384, PROT_READ|PROT_WRITE, MAP_PRIVATE|MAP_ANONYMOUS|MAP_NORESERVE, -1, 0 <unfinished ...>
16669 <... mmap resumed>)               = 0x100040400000
16668 munmap(0x100000200000, 16384 <unfinished ...>
16667 munmap(0x1000c0000000, 16384 <unfinished ...>
16666 <... munmap resumed>)             = 0
16665 munmap(0x100100200000, 16384 <unfinished ...>
16664 mmap(NULL, 16384, PROT_READ|PROT_WRITE, MAP_PRIVATE|MAP_ANONYMOUS|MAP_NORESERVE, -1, 0 <unfinished ...>
16663 <... munmap resumed>)             = 0
16662 munmap(0x100180000000, 16384 <unfinished ...>
16661 <... munmap resumed>)             = 0
16660 <... mmap resumed>)               = 0x1000c0200000
16659 mmap(NULL, 16384, PROT_READ|PROT_WRITE, MAP_PRIVATE|MAP_ANONYMOUS|MAP_NORESERVE, -1, 0 <unfinished ...>
16658 <... mmap resumed>)               = 0x100140200000
16657 <... mmap resumed>)               = 0x1001c0000000
16672 munmap(0x100040000000, 16384 <unfinished ...>
16671 munmap(0x100000000000, 16384 <unfinished ...>
16670 <... mmap resumed>)               = 0x100100200000
16669 munmap(0x100040400000, 16384 <unfinished ...>
16668 <... munmap resumed>)             = 0
16667 <... munmap resumed>)             = 0
16666 mmap(NULL, 16384, PROT_READ|PROT_WRITE, MAP_PRIVATE|MAP_ANONYMOUS|MAP_NORESERVE, -1, 0 <unfinished ...>
16665 <... munmap resumed>)             = 0
16664 <... mmap resumed>)               = 0x100000200000
16663 mmap(NULL, 16384, PROT_READ|PROT_WRITE, MAP_PRIVATE|MAP_ANONYMOUS|MAP_NORESERVE, -1, 0 <unfinished ...>
16662 <... munmap resumed>)             = 0
16661 mmap(NULL, 16384, PROT_READ|PROT_WRITE, MAP_PRIVATE|MAP_ANONYMOUS|MAP_NORESERVE, -1, 0 <unfinished ...>
16660 munmap(0x1000c0200000, 16384 <unfinished ...>
16658 munmap(0x100140200000, 16384 <unfinished ...>
16672 <... munmap resumed>)             = 0
16671 <... munmap resumed>)             = 0
16670 munmap(0x100100200000, 16384 <unfinished ...>
16669 <... munmap resumed>)             = 0
16668 mmap(NULL, 16384, PROT_READ|PROT_WRITE, MAP_PRIVATE|MAP_ANONYMOUS|MAP_NORESERVE, -1, 0 <unfinished ...>
16667 mmap(NULL, 16384, PROT_READ|PROT_WRITE, MAP_PRIVATE|MAP_ANONYMOUS|MAP_NORESERVE, -1, 0 <unfinished ...>
16666 <... mmap resumed>)               = 0x100000000000
16665 mmap(NULL, 16384, PROT_READ|PROT_WRITE, MAP_PRIVATE|MAP_ANONYMOUS|MAP_NORESERVE, -1, 0 <unfinished ...>
16664 munmap(0x100000200000, 16384 <unfinished ...>
16660 <... munmap resumed>)             = 0
16659 <... mmap resumed>)               = 0x100040000000
16657 munmap(0x1001c0000000, 16384 <unfinished ...>
16661 <... mmap resumed>)               = 0x1000c0200000
16672 mmap(NULL, 16384, PROT_READ|PROT_WRITE, MAP_PRIVATE|MAP_ANONYMOUS|MAP_NORESERVE, -1, 0 <unfinished ...>
16671 mmap(NULL, 16384, PROT_READ|PROT_WRITE, MAP_PRIVATE|MAP_ANONYMOUS|MAP_NORESERVE, -1, 0 <unfinished ...>
16670 <... munmap resumed>)             = 0
16668 <... mmap resumed>)               = 0x100100200000
16666 munmap(0x100000000000, 16384 <unfinished ...>
16665 <... mmap resumed>)               = 0x100140200000
16664 <... munmap resumed>)             = 0
16663 <... mmap resumed>)               = 0x100040400000
16662 mmap(NULL, 16384, PROT_READ|PROT_WRITE, MAP_PRIVATE|MAP_ANONYMOUS|MAP_NORESERVE, -1, 0 <unfinished ...>
16658 <... munmap resumed>)             = 0
16672 <... mmap resumed>)               = 0x100000200000
16671 <... mmap resumed>)               = 0x1001c0000000
16670 mmap(NULL, 16384, PROT_READ|PROT_WRITE, MAP_PRIVATE|MAP_ANONYMOUS|MAP_NORESERVE, -1, 0 <unfinished ...>
16669 mmap(NULL, 16384, PROT_READ|PROT_WRITE, MAP_PRIVATE|MAP_ANONYMOUS|MAP_NORESERVE, -1, 0 <unfinished ...>
16668 munmap(0x100100200000, 16384 <unfinished ...>
16666 <... munmap resumed>)             = 0
16665 munmap(0x100140200000, 16384 <unfinished ...>
16664 mmap(NULL, 16384, PROT_READ|PROT_WRITE, MAP_PRIVATE|MAP_ANONYMOUS|MAP_NORESERVE, -1, 0 <unfinished ...>
16663 munmap(0x100040400000, 16384 <unfinished ...>
16661 munmap(0x1000c0200000, 16384 <unfinished ...>
16660 mmap(NULL, 16384, PROT_READ|PROT_WRITE, MAP_PRIVATE|MAP_ANONYMOUS|MAP_NORESERVE, -1, 0 <unfinished ...>
16659 munmap(0x100040000000, 16384 <unfinished ...>
16657 <... munmap resumed>)             = 0
16672 munmap(0x100000200000, 16384 <unfinished ...>
16671 munmap(0x1001c0000000, 16384 <unfinished ...>
16670 <... mmap resumed>)               = 0x100180000000
16669 <... mmap resumed>)               = 0x100080000000
16668 <... munmap resumed>)             = 0
16667 <... mmap resumed>)               = 0x1000c0000000
16666 mmap(NULL, 16384, PROT_READ|PROT_WRITE, MAP_PRIVATE|MAP_ANONYMOUS|MAP_NORESERVE, -1, 0 <unfinished ...>
16665 <... munmap resumed>)             = 0
16664 <... mmap resumed>)               = 0x100040400000
16663 <... munmap resumed>)             = 0
16662 <... mmap resumed>)               = 0x100000000000
16661 <... munmap resumed>)             = 0
16660 <... mmap resumed>)               = 0x1000c0200000
16659 <... munmap resumed>)             = 0
16658 mmap(NULL, 16384, PROT_READ|PROT_WRITE, MAP_PRIVATE|MAP_ANONYMOUS|MAP_NORESERVE, -1, 0 <unfinished ...>
16672 <... munmap resumed>)             = 0
16671 <... munmap resumed>)             = 0
16670 munmap(0x100180000000, 16384 <unfinished ...>
16669 munmap(0x100080000000, 16384 <unfinished ...>
16668 mmap(NULL, 16384, PROT_READ|PROT_WRITE, MAP_PRIVATE|MAP_ANONYMOUS|MAP_NORESERVE, -1, 0 <unfinished ...>
16667 munmap(0x1000c0000000, 16384 <unfinished ...>
16666 <... mmap resumed>)               = 0x1001c0000000
16665 mmap(NULL, 16384, PROT_READ|PROT_WRITE, MAP_PRIVATE|MAP_ANONYMOUS|MAP_NORESERVE, -1, 0 <unfinished ...>
16664 munmap(0x100040400000, 16384 <unfinished ...>
16663 mmap(NULL, 16384, PROT_READ|PROT_WRITE, MAP_PRIVATE|MAP_ANONYMOUS|MAP_NORESERVE, -1, 0 <unfinished ...>
16662 munmap(0x100000000000, 16384 <unfinished ...>
16661 mmap(NULL, 16384, PROT_READ|PROT_WRITE, MAP_PRIVATE|MAP_ANONYMOUS|MAP_NORESERVE, -1, 0 <unfinished ...>
16660 munmap(0x1000c0200000, 16384 <unfinished ...>
16657 mmap(NULL, 16384, PROT_READ|PROT_WRITE, MAP_PRIVATE|MAP_ANONYMOUS|MAP_NORESERVE, -1, 0 <unfinished ...>
16672 mmap(NULL, 16384, PROT_READ|PROT_WRITE, MAP_PRIVATE|MAP_ANONYMOUS|MAP_NORESERVE, -1, 0 <unfinished ...>
16671 mmap(NULL, 16384, PROT_READ|PROT_WRITE, MAP_PRIVATE|MAP_ANONYMOUS|MAP_NORESERVE, -1, 0 <unfinished ...>
16670 <... munmap resumed>)             = 0
16669 <... munmap resumed>)             = 0
16668 <... mmap resumed>)               = 0x100180000000
16667 <... munmap resumed>)             = 0
16666 munmap(0x1001c0000000, 16384 <unfinished ...>
16665 <... mmap resumed>)               = 0x100080000000
16659 mmap(NULL, 16384, PROT_READ|PROT_WRITE, MAP_PRIVATE|MAP_ANONYMOUS|MAP_NORESERVE, -1, 0 <unfinished ...>
16658 <... mmap resumed>)               = 0x100000200000
16672 <... mmap resumed>)               = 0x100000000000
16670 mmap(NULL, 16384, PROT_READ|PROT_WRITE, MAP_PRIVATE|MAP_ANONYMOUS|MAP_NORESERVE, -1, 0 <unfinished ...>
16669 mmap(NULL, 16384, PROT_READ|PROT_WRITE, MAP_PRIVATE|MAP_ANONYMOUS|MAP_NORESERVE, -1, 0 <unfinished ...>
16668 munmap(0x100180000000, 16384 <unfinished ...>
16667 mmap(NULL, 16384, PROT_READ|PROT_WRITE, MAP_PRIVATE|MAP_ANONYMOUS|MAP_NORESERVE, -1, 0 <unfinished ...>
16666 <... munmap resumed>)             = 0
16665 munmap(0x100080000000, 16384 <unfinished ...>
16664 <... munmap resumed>)             = 0
16663 <... mmap resumed>)               = 0x1000c0000000
16662 <... munmap resumed>)             = 0
16661 <... mmap resumed>)               = 0x100040000000
16659 <... mmap resumed>)               = 0x1001c0000000
16658 munmap(0x100000200000, 16384 <unfinished ...>
16657 <... mmap resumed>)               = 0x100040400000
16670 <... mmap resumed>)               = 0x100100200000
16669 <... mmap resumed>)               = 0x100140200000
16668 <... munmap resumed>)             = 0
16667 <... mmap resumed>)               = 0x100080000000
16666 mmap(NULL, 16384, PROT_READ|PROT_WRITE, MAP_PRIVATE|MAP_ANONYMOUS|MAP_NORESERVE, -1, 0 <unfinished ...>
16665 <... munmap resumed>)             = 0
16664 mmap(NULL, 16384, PROT_READ|PROT_WRITE, MAP_PRIVATE|MAP_ANONYMOUS|MAP_NORESERVE, -1, 0 <unfinished ...>
16663 munmap(0x1000c0000000, 16384 <unfinished ...>
16662 mmap(NULL, 16384, PROT_READ|PROT_WRITE, MAP_PRIVATE|MAP_ANONYMOUS|MAP_NORESERVE, -1, 0 <unfinished ...>
16661 munmap(0x100040000000, 16384 <unfinished ...>
16672 munmap(0x100000000000, 16384 <unfinished ...>
16671 <... mmap resumed>)               = 0x1000c0200000
16670 munmap(0x100100200000, 16384 <unfinished ...>
16669 munmap(0x100140200000, 16384 <unfinished ...>
16668 mmap(NULL, 16384, PROT_READ|PROT_WRITE, MAP_PRIVATE|MAP_ANONYMOUS|MAP_NORESERVE, -1, 0 <unfinished ...>
16667 munmap(0x100080000000, 16384 <unfinished ...>
16666 <... mmap resumed>)               = 0x100000200000
16665 mmap(NULL, 16384, PROT_READ|PROT_WRITE, MAP_PRIVATE|MAP_ANONYMOUS|MAP_NORESERVE, -1, 0 <unfinished ...>
16664 <... mmap resumed>)               = 0x100180000000
16662 <... mmap resumed>)               = 0x100180200000
16660 <... munmap resumed>)             = 0
16659 munmap(0x1001c0000000, 16384 <unfinished ...>
16658 <... munmap resumed>)             = 0
16661 <... munmap resumed>)             = 0
16657 munmap(0x100040400000, 16384 <unfinished ...>
16672 <... munmap resumed>)             = 0
16671 munmap(0x1000c0200000, 16384 <unfinished ...>
16670 <... munmap resumed>)             = 0
16669 <... munmap resumed>)             = 0
16668 <... mmap resumed>)               = 0x100140200000
16667 <... munmap resumed>)             = 0
16666 munmap(0x100000200000, 16384 <unfinished ...>
16665 <... mmap resumed>)               = 0x100080000000
16664 munmap(0x100180000000, 16384 <unfinished ...>
16663 <... munmap resumed>)             = 0
16662 munmap(0x100180200000, 16384 <unfinished ...>
16661 mmap(NULL, 16384, PROT_READ|PROT_WRITE, MAP_PRIVATE|MAP_ANONYMOUS|MAP_NORESERVE, -1, 0 <unfinished ...>
16660 mmap(NULL, 16384, PROT_READ|PROT_WRITE, MAP_PRIVATE|MAP_ANONYMOUS|MAP_NORESERVE, -1, 0 <unfinished ...>
16659 <... munmap resumed>)             = 0
16672 mmap(NULL, 16384, PROT_READ|PROT_WRITE, MAP_PRIVATE|MAP_ANONYMOUS|MAP_NORESERVE, -1, 0 <unfinished ...>
16671 <... munmap resumed>)             = 0
16670 mmap(NULL, 16384, PROT_READ|PROT_WRITE, MAP_PRIVATE|MAP_ANONYMOUS|MAP_NORESERVE, -1, 0 <unfinished ...>
16669 mmap(NULL, 16384, PROT_READ|PROT_WRITE, MAP_PRIVATE|MAP_ANONYMOUS|MAP_NORESERVE, -1, 0 <unfinished ...>
16668 munmap(0x100140200000, 16384 <unfinished ...>
16667 mmap(NULL, 16384, PROT_READ|PROT_WRITE, MAP_PRIVATE|MAP_ANONYMOUS|MAP_NORESERVE, -1, 0 <unfinished ...>
16666 <... munmap resumed>)             = 0
16665 munmap(0x100080000000, 16384 <unfinished ...>
16664 <... munmap resumed>)             = 0
16663 mmap(NULL, 16384, PROT_READ|PROT_WRITE, MAP_PRIVATE|MAP_ANONYMOUS|MAP_NORESERVE, -1, 0 <unfinished ...>
16658 mmap(NULL, 16384, PROT_READ|PROT_WRITE, MAP_PRIVATE|MAP_ANONYMOUS|MAP_NORESERVE, -1, 0 <unfinished ...>
16657 <... munmap resumed>)             = 0
16671 mmap(NULL, 16384, PROT_READ|PROT_WRITE, MAP_PRIVATE|MAP_ANONYMOUS|MAP_NORESERVE, -1, 0 <unfinished ...>
16670 <... mmap resumed>)               = 0x100180000000
16669 <... mmap resumed>)               = 0x100180200000
16668 <... munmap resumed>)             = 0
16667 <... mmap resumed>)               = 0x1000c0200000
16666 mmap(NULL, 16384, PROT_READ|PROT_WRITE, MAP_PRIVATE|MAP_ANONYMOUS|MAP_NORESERVE, -1, 0 <unfinished ...>
16665 <... munmap resumed>)             = 0
16663 <... mmap resumed>)               = 0x100140200000
16662 <... munmap resumed>)             = 0
16661 <... mmap resumed>)               = 0x100000200000
16659 mmap(NULL, 16384, PROT_READ|PROT_WRITE, MAP_PRIVATE|MAP_ANONYMOUS|MAP_NORESERVE, -1, 0 <unfinished ...>
16658 <... mmap resumed>)               = 0x100080000000
16657 mmap(NULL, 16384, PROT_READ|PROT_WRITE, MAP_PRIVATE|MAP_ANONYMOUS|MAP_NORESERVE, -1, 0 <unfinished ...>
16671 <... mmap resumed>)               = 0x100040400000
16670 munmap(0x100180000000, 16384 <unfinished ...>
16669 munmap(0x100180200000, 16384 <unfinished ...>
16672 <... mmap resumed>)               = 0x1000c0000000
16668 mmap(NULL, 16384, PROT_READ|PROT_WRITE, MAP_PRIVATE|MAP_ANONYMOUS|MAP_NORESERVE, -1, 0 <unfinished ...>
16667 munmap(0x1000c0200000, 16384 <unfinished ...>
16666 <... mmap resumed>)               = 0x1001c0000000
16665 mmap(NULL, 16384, PROT_READ|PROT_WRITE, MAP_PRIVATE|MAP_ANONYMOUS|MAP_NORESERVE, -1, 0 <unfinished ...>
16664 mmap(NULL, 16384, PROT_READ|PROT_WRITE, MAP_PRIVATE|MAP_ANONYMOUS|MAP_NORESERVE, -1, 0 <unfinished ...>
16663 munmap(0x100140200000, 16384 <unfinished ...>
16662 mmap(NULL, 16384, PROT_READ|PROT_WRITE, MAP_PRIVATE|MAP_ANONYMOUS|MAP_NORESERVE, -1, 0 <unfinished ...>
16661 munmap(0x100000200000, 16384 <unfinished ...>
16660 <... mmap resumed>)               = 0x100000000000
16659 <... mmap resumed>)               = 0x100100200000
16658 munmap(0x100080000000, 16384 <unfinished ...>
16657 <... mmap resumed>)               = 0x100040000000
16672 munmap(0x1000c0000000, 16384 <unfinished ...>
16671 munmap(0x100040400000, 16384 <unfinished ...>
16670 <... munmap resumed>)             = 0
16669 <... munmap resumed>)             = 0
16668 <... mmap resumed>)               = 0x100180200000
16667 <... munmap resumed>)             = 0
16666 munmap(0x1001c0000000, 16384 <unfinished ...>
16665 <... mmap resumed>)               = 0x1000c0200000
16664 <... mmap resumed>)               = 0x100180000000
16663 <... munmap resumed>)             = 0
16662 <... mmap resumed>)               = 0x100100000000
16661 <... munmap resumed>)             = 0
16659 munmap(0x100100200000, 16384 <unfinished ...>
16658 <... munmap resumed>)             = 0
16672 <... munmap resumed>)             = 0
16671 <... munmap resumed>)             = 0
16670 mmap(NULL, 16384, PROT_READ|PROT_WRITE, MAP_PRIVATE|MAP_ANONYMOUS|MAP_NORESERVE, -1, 0 <unfinished ...>
16669 mmap(NULL, 16384, PROT_READ|PROT_WRITE, MAP_PRIVATE|MAP_ANONYMOUS|MAP_NORESERVE, -1, 0 <unfinished ...>
16668 munmap(0x100180200000, 16384 <unfinished ...>
16667 mmap(NULL, 16384, PROT_READ|PROT_WRITE, MAP_PRIVATE|MAP_ANONYMOUS|MAP_NORESERVE, -1, 0 <unfinished ...>
16666 <... munmap resumed>)             = 0
16665 munmap(0x1000c0200000, 16384 <unfinished ...>
16664 munmap(0x100180000000, 16384 <unfinished ...>
16663 mmap(NULL, 16384, PROT_READ|PROT_WRITE, MAP_PRIVATE|MAP_ANONYMOUS|MAP_NORESERVE, -1, 0 <unfinished ...>
16662 munmap(0x100100000000, 16384 <unfinished ...>
16661 mmap(NULL, 16384, PROT_READ|PROT_WRITE, MAP_PRIVATE|MAP_ANONYMOUS|MAP_NORESERVE, -1, 0 <unfinished ...>
16660 munmap(0x100000000000, 16384 <unfinished ...>
16659 <... munmap resumed>)             = 0
16657 munmap(0x100040000000, 16384 <unfinished ...>
16672 mmap(NULL, 16384, PROT_READ|PROT_WRITE, MAP_PRIVATE|MAP_ANONYMOUS|MAP_NORESERVE, -1, 0 <unfinished ...>
16671 mmap(NULL, 16384, PROT_READ|PROT_WRITE, MAP_PRIVATE|MAP_ANONYMOUS|MAP_NORESERVE, -1, 0 <unfinished ...>
16670 <... mmap resumed>)               = 0x100100200000
16669 <... mmap resumed>)               = 0x1001c0000000
16668 <... munmap resumed>)             = 0
16667 <... mmap resumed>)               = 0x100180200000
16665 <... munmap resumed>)             = 0
16664 <... munmap resumed>)             = 0
16663 <... mmap resumed>)               = 0x100100000000
16662 <... munmap resumed>)             = 0
16660 <... munmap resumed>)             = 0
16658 mmap(NULL, 16384, PROT_READ|PROT_WRITE, MAP_PRIVATE|MAP_ANONYMOUS|MAP_NORESERVE, -1, 0 <unfinished ...>
16657 <... munmap resumed>)             = 0
16672 <... mmap resumed>)               = 0x100040000000
16671 <... mmap resumed>)               = 0x100000000000
16670 munmap(0x100100200000, 16384 <unfinished ...>
16669 munmap(0x1001c0000000, 16384 <unfinished ...>
16668 mmap(NULL, 16384, PROT_READ|PROT_WRITE, MAP_PRIVATE|MAP_ANONYMOUS|MAP_NORESERVE, -1, 0 <unfinished ...>
16667 munmap(0x100180200000, 16384 <unfinished ...>
16666 mmap(NULL, 16384, PROT_READ|PROT_WRITE, MAP_PRIVATE|MAP_ANONYMOUS|MAP_NORESERVE, -1, 0 <unfinished ...>
16665 mmap(NULL, 16384, PROT_READ|PROT_WRITE, MAP_PRIVATE|MAP_ANONYMOUS|MAP_NORESERVE, -1, 0 <unfinished ...>
16664 mmap(NULL, 16384, PROT_READ|PROT_WRITE, MAP_PRIVATE|MAP_ANONYMOUS|MAP_NORESERVE, -1, 0 <unfinished ...>
16663 munmap(0x100100000000, 16384 <unfinished ...>
16662 mmap(NULL, 16384, PROT_READ|PROT_WRITE, MAP_PRIVATE|MAP_ANONYMOUS|MAP_NORESERVE, -1, 0 <unfinished ...>
16661 <... mmap resumed>)               = 0x100180000000
16660 mmap(NULL, 16384, PROT_READ|PROT_WRITE, MAP_PRIVATE|MAP_ANONYMOUS|MAP_NORESERVE, -1, 0 <unfinished ...>
16659 mmap(NULL, 16384, PROT_READ|PROT_WRITE, MAP_PRIVATE|MAP_ANONYMOUS|MAP_NORESERVE, -1, 0 <unfinished ...>
16658 <... mmap resumed>)               = 0x1000c0200000
16672 munmap(0x100040000000, 16384 <unfinished ...>
16671 munmap(0x100000000000, 16384 <unfinished ...>
16670 <... munmap resumed>)             = 0
16669 <... munmap resumed>)             = 0
16668 <... mmap resumed>)               = 0x1001c0000000
16667 <... munmap resumed>)             = 0
16666 <... mmap resumed>)               = 0x1000c0000000
16665 <... mmap resumed>)               = 0x100100200000
16664 <... mmap resumed>)               = 0x100180200000
16663 <... munmap resumed>)             = 0
16662 <... mmap resumed>)               = 0x100040400000
16661 munmap(0x100180000000, 16384 <unfinished ...>
16660 <... mmap resumed>)               = 0x100100000000
16657 mmap(NULL, 16384, PROT_READ|PROT_WRITE, MAP_PRIVATE|MAP_ANONYMOUS|MAP_NORESERVE, -1, 0 <unfinished ...>
16672 <... munmap resumed>)             = 0
16671 <... munmap resumed>)             = 0
16670 mmap(NULL, 16384, PROT_READ|PROT_WRITE, MAP_PRIVATE|MAP_ANONYMOUS|MAP_NORESERVE, -1, 0 <unfinished ...>
16669 mmap(NULL, 16384, PROT_READ|PROT_WRITE, MAP_PRIVATE|MAP_ANONYMOUS|MAP_NORESERVE, -1, 0 <unfinished ...>
16668 munmap(0x1001c0000000, 16384 <unfinished ...>
16667 mmap(NULL, 16384, PROT_READ|PROT_WRITE, MAP_PRIVATE|MAP_ANONYMOUS|MAP_NORESERVE, -1, 0 <unfinished ...>
16666 munmap(0x1000c0000000, 16384 <unfinished ...>
16665 munmap(0x100100200000, 16384 <unfinished ...>
16664 munmap(0x100180200000, 16384 <unfinished ...>
16663 mmap(NULL, 16384, PROT_READ|PROT_WRITE, MAP_PRIVATE|MAP_ANONYMOUS|MAP_NORESERVE, -1, 0 <unfinished ...>
16659 <... mmap resumed>)               = 0x100000000000
16658 munmap(0x1000c0200000, 16384 <unfinished ...>
16657 <... mmap resumed>)               = 0x100040000000
16672 mmap(NULL, 16384, PROT_READ|PROT_WRITE, MAP_PRIVATE|MAP_ANONYMOUS|MAP_NORESERVE, -1, 0 <unfinished ...>
16671 mmap(NULL, 16384, PROT_READ|PROT_WRITE, MAP_PRIVATE|MAP_ANONYMOUS|MAP_NORESERVE, -1, 0 <unfinished ...>
16670 <... mmap resumed>)               = 0x100180000000
16669 <... mmap resumed>)               = 0x100080000000
16668 <... munmap resumed>)             = 0
16667 <... mmap resumed>)               = 0x100000200000
16666 <... munmap resumed>)             = 0
16665 <... munmap resumed>)             = 0
16664 <... munmap resumed>)             = 0
16663 <... mmap resumed>)               = 0x100100200000
16662 munmap(0x100040400000, 16384 <unfinished ...>
16661 <... munmap resumed>)             = 0
16660 munmap(0x100100000000, 16384 <unfinished ...>
16659 munmap(0x100000000000, 16384 <unfinished ...>
16672 <... mmap resumed>)               = 0x1000c0200000
16671 <... mmap resumed>)               = 0x100180200000
16670 munmap(0x100180000000, 16384 <unfinished ...>
16669 munmap(0x100080000000, 16384 <unfinished ...>
16668 mmap(NULL, 16384, PROT_READ|PROT_WRITE, MAP_PRIVATE|MAP_ANONYMOUS|MAP_NORESERVE, -1, 0 <unfinished ...>
16667 munmap(0x100000200000, 16384 <unfinished ...>
16666 mmap(NULL, 16384, PROT_READ|PROT_WRITE, MAP_PRIVATE|MAP_ANONYMOUS|MAP_NORESERVE, -1, 0 <unfinished ...>
16665 mmap(NULL, 16384, PROT_READ|PROT_WRITE, MAP_PRIVATE|MAP_ANONYMOUS|MAP_NORESERVE, -1, 0 <unfinished ...>
16664 mmap(NULL, 16384, PROT_READ|PROT_WRITE, MAP_PRIVATE|MAP_ANONYMOUS|MAP_NORESERVE, -1, 0 <unfinished ...>
16663 munmap(0x100100200000, 16384 <unfinished ...>
16662 <... munmap resumed>)             = 0
16661 mmap(NULL, 16384, PROT_READ|PROT_WRITE, MAP_PRIVATE|MAP_ANONYMOUS|MAP_NORESERVE, -1, 0 <unfinished ...>
16660 <... munmap resumed>)             = 0
16658 <... munmap resumed>)             = 0
16657 munmap(0x100040000000, 16384 <unfinished ...>
16672 munmap(0x1000c0200000, 16384 <unfinished ...>
16671 munmap(0x100180200000, 16384 <unfinished ...>
16670 <... munmap resumed>)             = 0
16669 <... munmap resumed>)             = 0
16668 <... mmap resumed>)               = 0x100180000000
16667 <... munmap resumed>)             = 0
16666 <... mmap resumed>)               = 0x100080000000
16665 <... mmap resumed>)               = 0x100000200000
16664 <... mmap resumed>)               = 0x100000000000
16663 <... munmap resumed>)             = 0
16662 mmap(NULL, 16384, PROT_READ|PROT_WRITE, MAP_PRIVATE|MAP_ANONYMOUS|MAP_NORESERVE, -1, 0 <unfinished ...>
16661 <... mmap resumed>)               = 0x100100200000
16660 mmap(NULL, 16384, PROT_READ|PROT_WRITE, MAP_PRIVATE|MAP_ANONYMOUS|MAP_NORESERVE, -1, 0 <unfinished ...>
16659 <... munmap resumed>)             = 0
16658 mmap(NULL, 16384, PROT_READ|PROT_WRITE, MAP_PRIVATE|MAP_ANONYMOUS|MAP_NORESERVE, -1, 0 <unfinished ...>
16672 <... munmap resumed>)             = 0
16671 <... munmap resumed>)             = 0
16670 mmap(NULL, 16384, PROT_READ|PROT_WRITE, MAP_PRIVATE|MAP_ANONYMOUS|MAP_NORESERVE, -1, 0 <unfinished ...>
16669 mmap(NULL, 16384, PROT_READ|PROT_WRITE, MAP_PRIVATE|MAP_ANONYMOUS|MAP_NORESERVE, -1, 0 <unfinished ...>
16668 munmap(0x100180000000, 16384 <unfinished ...>
16667 mmap(NULL, 16384, PROT_READ|PROT_WRITE, MAP_PRIVATE|MAP_ANONYMOUS|MAP_NORESERVE, -1, 0 <unfinished ...>
16666 munmap(0x100080000000, 16384 <unfinished ...>
16665 munmap(0x100000200000, 16384 <unfinished ...>
16664 munmap(0x100000000000, 16384 <unfinished ...>
16663 mmap(NULL, 16384, PROT_READ|PROT_WRITE, MAP_PRIVATE|MAP_ANONYMOUS|MAP_NORESERVE, -1, 0 <unfinished ...>
16662 <... mmap resumed>)               = 0x100180200000
16661 munmap(0x100100200000, 16384 <unfinished ...>
16660 <... mmap resumed>)               = 0x1000c0200000
16658 <... mmap resumed>)               = 0x100040000000
16657 <... munmap resumed>)             = 0
16672 mmap(NULL, 16384, PROT_READ|PROT_WRITE, MAP_PRIVATE|MAP_ANONYMOUS|MAP_NORESERVE, -1, 0 <unfinished ...>
16671 mmap(NULL, 16384, PROT_READ|PROT_WRITE, MAP_PRIVATE|MAP_ANONYMOUS|MAP_NORESERVE, -1, 0 <unfinished ...>
16670 <... mmap resumed>)               = 0x100100000000
16669 <... mmap resumed>)               = 0x100040400000
16668 <... munmap resumed>)             = 0
16667 <... mmap resumed>)               = 0x100180000000
16666 <... munmap resumed>)             = 0
16665 <... munmap resumed>)             = 0
16664 <... munmap resumed>)             = 0
16663 <... mmap resumed>)               = 0x100000000000
16662 munmap(0x100180200000, 16384 <unfinished ...>
16661 <... munmap resumed>)             = 0
16660 munmap(0x1000c0200000, 16384 <unfinished ...>
16659 mmap(NULL, 16384, PROT_READ|PROT_WRITE, MAP_PRIVATE|MAP_ANONYMOUS|MAP_NORESERVE, -1, 0 <unfinished ...>
16658 munmap(0x100040000000, 16384 <unfinished ...>
16672 <... mmap resumed>)               = 0x100100200000
16671 <... mmap resumed>)               = 0x100080000000
16670 munmap(0x100100000000, 16384 <unfinished ...>
16669 munmap(0x100040400000, 16384 <unfinished ...>
16668 mmap(NULL, 16384, PROT_READ|PROT_WRITE, MAP_PRIVATE|MAP_ANONYMOUS|MAP_NORESERVE, -1, 0 <unfinished ...>
16667 munmap(0x100180000000, 16384 <unfinished ...>
16666 mmap(NULL, 16384, PROT_READ|PROT_WRITE, MAP_PRIVATE|MAP_ANONYMOUS|MAP_NORESERVE, -1, 0 <unfinished ...>
16665 mmap(NULL, 16384, PROT_READ|PROT_WRITE, MAP_PRIVATE|MAP_ANONYMOUS|MAP_NORESERVE, -1, 0 <unfinished ...>
16664 mmap(NULL, 16384, PROT_READ|PROT_WRITE, MAP_PRIVATE|MAP_ANONYMOUS|MAP_NORESERVE, -1, 0 <unfinished ...>
16663 munmap(0x100000000000, 16384 <unfinished ...>
16662 <... munmap resumed>)             = 0
16661 mmap(NULL, 16384, PROT_READ|PROT_WRITE, MAP_PRIVATE|MAP_ANONYMOUS|MAP_NORESERVE, -1, 0 <unfinished ...>
16660 <... munmap resumed>)             = 0
16659 <... mmap resumed>)               = 0x1000c0200000
16657 mmap(NULL, 16384, PROT_READ|PROT_WRITE, MAP_PRIVATE|MAP_ANONYMOUS|MAP_NORESERVE, -1, 0 <unfinished ...>
16672 munmap(0x100100200000, 16384 <unfinished ...>
16671 munmap(0x100080000000, 16384 <unfinished ...>
16670 <... munmap resumed>)             = 0
16669 <... munmap resumed>)             = 0
16668 <... mmap resumed>)               = 0x100040400000
16667 <... munmap resumed>)             = 0
16666 <... mmap resumed>)               = 0x100180000000
16665 <... mmap resumed>)               = 0x100100000000
16664 <... mmap resumed>)               = 0x100040000000
16663 <... munmap resumed>)             = 0
16662 mmap(NULL, 16384, PROT_READ|PROT_WRITE, MAP_PRIVATE|MAP_ANONYMOUS|MAP_NORESERVE, -1, 0 <unfinished ...>
16661 <... mmap resumed>)               = 0x100000000000
16660 mmap(NULL, 16384, PROT_READ|PROT_WRITE, MAP_PRIVATE|MAP_ANONYMOUS|MAP_NORESERVE, -1, 0 <unfinished ...>
16659 munmap(0x1000c0200000, 16384 <unfinished ...>
16658 <... munmap resumed>)             = 0
16672 <... munmap resumed>)             = 0
16671 <... munmap resumed>)             = 0
16670 mmap(NULL, 16384, PROT_READ|PROT_WRITE, MAP_PRIVATE|MAP_ANONYMOUS|MAP_NORESERVE, -1, 0 <unfinished ...>
16669 mmap(NULL, 16384, PROT_READ|PROT_WRITE, MAP_PRIVATE|MAP_ANONYMOUS|MAP_NORESERVE, -1, 0 <unfinished ...>
16668 munmap(0x100040400000, 16384 <unfinished ...>
16667 mmap(NULL, 16384, PROT_READ|PROT_WRITE, MAP_PRIVATE|MAP_ANONYMOUS|MAP_NORESERVE, -1, 0 <unfinished ...>
16666 munmap(0x100180000000, 16384 <unfinished ...>
16665 munmap(0x100100000000, 16384 <unfinished ...>
16664 munmap(0x100040000000, 16384 <unfinished ...>
16663 mmap(NULL, 16384, PROT_READ|PROT_WRITE, MAP_PRIVATE|MAP_ANONYMOUS|MAP_NORESERVE, -1, 0 <unfinished ...>
16662 <... mmap resumed>)               = 0x100100200000
16661 munmap(0x100000000000, 16384 <unfinished ...>
16660 <... mmap resumed>)               = 0x100080000000
16659 <... munmap resumed>)             = 0
16657 <... mmap resumed>)               = 0x100180200000
16672 mmap(NULL, 16384, PROT_READ|PROT_WRITE, MAP_PRIVATE|MAP_ANONYMOUS|MAP_NORESERVE, -1, 0 <unfinished ...>
16671 mmap(NULL, 16384, PROT_READ|PROT_WRITE, MAP_PRIVATE|MAP_ANONYMOUS|MAP_NORESERVE, -1, 0 <unfinished ...>
16670 <... mmap resumed>)               = 0x1000c0200000
16669 <... mmap resumed>)               = 0x100000200000
16668 <... munmap resumed>)             = 0
16666 <... munmap resumed>)             = 0
16665 <... munmap resumed>)             = 0
16664 <... munmap resumed>)             = 0
16663 <... mmap resumed>)               = 0x100040000000
16662 munmap(0x100100200000, 16384 <unfinished ...>
16660 munmap(0x100080000000, 16384 <unfinished ...>
16659 mmap(NULL, 16384, PROT_READ|PROT_WRITE, MAP_PRIVATE|MAP_ANONYMOUS|MAP_NORESERVE, -1, 0 <unfinished ...>
16658 mmap(NULL, 16384, PROT_READ|PROT_WRITE, MAP_PRIVATE|MAP_ANONYMOUS|MAP_NORESERVE, -1, 0 <unfinished ...>
16672 <... mmap resumed>)               = 0x100100000000
16671 <... mmap resumed>)               = 0x100040400000
16670 munmap(0x1000c0200000, 16384 <unfinished ...>
16669 munmap(0x100000200000, 16384 <unfinished ...>
16668 mmap(NULL, 16384, PROT_READ|PROT_WRITE, MAP_PRIVATE|MAP_ANONYMOUS|MAP_NORESERVE, -1, 0 <unfinished ...>
16667 <... mmap resumed>)               = 0x100180000000
16666 mmap(NULL, 16384, PROT_READ|PROT_WRITE, MAP_PRIVATE|MAP_ANONYMOUS|MAP_NORESERVE, -1, 0 <unfinished ...>
16665 mmap(NULL, 16384, PROT_READ|PROT_WRITE, MAP_PRIVATE|MAP_ANONYMOUS|MAP_NORESERVE, -1, 0 <unfinished ...>
16664 mmap(NULL, 16384, PROT_READ|PROT_WRITE, MAP_PRIVATE|MAP_ANONYMOUS|MAP_NORESERVE, -1, 0 <unfinished ...>
16663 munmap(0x100040000000, 16384 <unfinished ...>
16662 <... munmap resumed>)             = 0
16661 <... munmap resumed>)             = 0
16660 <... munmap resumed>)             = 0
16657 munmap(0x100180200000, 16384 <unfinished ...>
16658 <... mmap resumed>)               = 0x100080000000
16672 munmap(0x100100000000, 16384 <unfinished ...>
16671 munmap(0x100040400000, 16384 <unfinished ...>
16670 <... munmap resumed>)             = 0
16669 <... munmap resumed>)             = 0
16668 <... mmap resumed>)               = 0x1000c0200000
16667 munmap(0x100180000000, 16384 <unfinished ...>
16666 <... mmap resumed>)               = 0x1000c0000000
16665 <... mmap resumed>)               = 0x100000200000
16664 <... mmap resumed>)               = 0x100000000000
16662 mmap(NULL, 16384, PROT_READ|PROT_WRITE, MAP_PRIVATE|MAP_ANONYMOUS|MAP_NORESERVE, -1, 0 <unfinished ...>
16661 mmap(NULL, 16384, PROT_READ|PROT_WRITE, MAP_PRIVATE|MAP_ANONYMOUS|MAP_NORESERVE, -1, 0 <unfinished ...>
16660 mmap(NULL, 16384, PROT_READ|PROT_WRITE, MAP_PRIVATE|MAP_ANONYMOUS|MAP_NORESERVE, -1, 0 <unfinished ...>
16659 <... mmap resumed>)               = 0x100100200000
16671 <... munmap resumed>)             = 0
16670 mmap(NULL, 16384, PROT_READ|PROT_WRITE, MAP_PRIVATE|MAP_ANONYMOUS|MAP_NORESERVE, -1, 0 <unfinished ...>
16669 mmap(NULL, 16384, PROT_READ|PROT_WRITE, MAP_PRIVATE|MAP_ANONYMOUS|MAP_NORESERVE, -1, 0 <unfinished ...>
16668 munmap(0x1000c0200000, 16384 <unfinished ...>
16667 <... munmap resumed>)             = 0
16666 munmap(0x1000c0000000, 16384 <unfinished ...>
16664 munmap(0x100000000000, 16384 <unfinished ...>
16663 <... munmap resumed>)             = 0
16662 <... mmap resumed>)               = 0x100180000000
16661 <... mmap resumed>)               = 0x100040400000
16659 munmap(0x100100200000, 16384 <unfinished ...>
16658 munmap(0x100080000000, 16384 <unfinished ...>
16657 <... munmap resumed>)             = 0
16672 <... munmap resumed>)             = 0
16671 mmap(NULL, 16384, PROT_READ|PROT_WRITE, MAP_PRIVATE|MAP_ANONYMOUS|MAP_NORESERVE, -1, 0 <unfinished ...>
16670 <... mmap resumed>)               = 0x100100000000
16669 <... mmap resumed>)               = 0x100180200000
16668 <... munmap resumed>)             = 0
16667 mmap(NULL, 16384, PROT_READ|PROT_WRITE, MAP_PRIVATE|MAP_ANONYMOUS|MAP_NORESERVE, -1, 0 <unfinished ...>
16666 <... munmap resumed>)             = 0
16665 munmap(0x100000200000, 16384 <unfinished ...>
16664 <... munmap resumed>)             = 0
16663 mmap(NULL, 16384, PROT_READ|PROT_WRITE, MAP_PRIVATE|MAP_ANONYMOUS|MAP_NORESERVE, -1, 0 <unfinished ...>
16662 munmap(0x100180000000, 16384 <unfinished ...>
16661 munmap(0x100040400000, 16384 <unfinished ...>
16660 <... mmap resumed>)               = 0x100040000000
16659 <... munmap resumed>)             = 0
16658 <... munmap resumed>)             = 0
16657 mmap(NULL, 16384, PROT_READ|PROT_WRITE, MAP_PRIVATE|MAP_ANONYMOUS|MAP_NORESERVE, -1, 0 <unfinished ...>
16672 mmap(NULL, 16384, PROT_READ|PROT_WRITE, MAP_PRIVATE|MAP_ANONYMOUS|MAP_NORESERVE, -1, 0 <unfinished ...>
16671 <... mmap resumed>)               = 0x100100200000
16670 munmap(0x100100000000, 16384 <unfinished ...>
16669 munmap(0x100180200000, 16384 <unfinished ...>
16668 mmap(NULL, 16384, PROT_READ|PROT_WRITE, MAP_PRIVATE|MAP_ANONYMOUS|MAP_NORESERVE, -1, 0 <unfinished ...>
16667 <... mmap resumed>)               = 0x100080000000
16666 mmap(NULL, 16384, PROT_READ|PROT_WRITE, MAP_PRIVATE|MAP_ANONYMOUS|MAP_NORESERVE, -1, 0 <unfinished ...>
16665 <... munmap resumed>)             = 0
16664 mmap(NULL, 16384, PROT_READ|PROT_WRITE, MAP_PRIVATE|MAP_ANONYMOUS|MAP_NORESERVE, -1, 0 <unfinished ...>
16663 <... mmap resumed>)               = 0x100040400000
16662 <... munmap resumed>)             = 0
16661 <... munmap resumed>)             = 0
16660 munmap(0x100040000000, 16384 <unfinished ...>
16659 mmap(NULL, 16384, PROT_READ|PROT_WRITE, MAP_PRIVATE|MAP_ANONYMOUS|MAP_NORESERVE, -1, 0 <unfinished ...>
16658 mmap(NULL, 16384, PROT_READ|PROT_WRITE, MAP_PRIVATE|MAP_ANONYMOUS|MAP_NORESERVE, -1, 0 <unfinished ...>
16672 <... mmap resumed>)               = 0x100180000000
16671 munmap(0x100100200000, 16384 <unfinished ...>
16670 <... munmap resumed>)             = 0
16669 <... munmap resumed>)             = 0
16668 <... mmap resumed>)               = 0x100180200000
16667 munmap(0x100080000000, 16384 <unfinished ...>
16665 mmap(NULL, 16384, PROT_READ|PROT_WRITE, MAP_PRIVATE|MAP_ANONYMOUS|MAP_NORESERVE, -1, 0 <unfinished ...>
16663 munmap(0x100040400000, 16384 <unfinished ...>
16662 mmap(NULL, 16384, PROT_READ|PROT_WRITE, MAP_PRIVATE|MAP_ANONYMOUS|MAP_NORESERVE, -1, 0 <unfinished ...>
16657 <... mmap resumed>)               = 0x100000200000
16671 <... munmap resumed>)             = 0
16670 mmap(NULL, 16384, PROT_READ|PROT_WRITE, MAP_PRIVATE|MAP_ANONYMOUS|MAP_NORESERVE, -1, 0 <unfinished ...>
16669 mmap(NULL, 16384, PROT_READ|PROT_WRITE, MAP_PRIVATE|MAP_ANONYMOUS|MAP_NORESERVE, -1, 0 <unfinished ...>
16666 <... mmap resumed>)               = 0x100100200000
16665 <... mmap resumed>)               = 0x1000c0000000
16664 <... mmap resumed>)               = 0x100000000000
16658 <... mmap resumed>)               = 0x100100000000
16671 mmap(NULL, 16384, PROT_READ|PROT_WRITE, MAP_PRIVATE|MAP_ANONYMOUS|MAP_NORESERVE, -1, 0 <unfinished ...>
16672 munmap(0x100180000000, 16384 <unfinished ...>
16670 <... mmap resumed>)               = 0x100040000000
16669 <... mmap resumed>)               = 0x1000c0200000
16667 <... munmap resumed>)             = 0
16666 munmap(0x100100200000, 16384 <unfinished ...>
16664 munmap(0x100000000000, 16384 <unfinished ...>
16663 <... munmap resumed>)             = 0
16662 <... mmap resumed>)               = 0x100040400000
16660 <... munmap resumed>)             = 0
16657 munmap(0x100000200000, 16384 <unfinished ...>
16672 <... munmap resumed>)             = 0
16671 <... mmap resumed>)               = 0x100080000000
16670 munmap(0x100040000000, 16384 <unfinished ...>
16669 munmap(0x1000c0200000, 16384 <unfinished ...>
16668 munmap(0x100180200000, 16384 <unfinished ...>
16667 mmap(NULL, 16384, PROT_READ|PROT_WRITE, MAP_PRIVATE|MAP_ANONYMOUS|MAP_NORESERVE, -1, 0 <unfinished ...>
16666 <... munmap resumed>)             = 0
16665 munmap(0x1000c0000000, 16384 <unfinished ...>
16664 <... munmap resumed>)             = 0
16661 mmap(NULL, 16384, PROT_READ|PROT_WRITE, MAP_PRIVATE|MAP_ANONYMOUS|MAP_NORESERVE, -1, 0 <unfinished ...>
16660 mmap(NULL, 16384, PROT_READ|PROT_WRITE, MAP_PRIVATE|MAP_ANONYMOUS|MAP_NORESERVE, -1, 0 <unfinished ...>
16659 <... mmap resumed>)               = 0x100180000000
16658 munmap(0x100100000000, 16384 <unfinished ...>
16672 mmap(NULL, 16384, PROT_READ|PROT_WRITE, MAP_PRIVATE|MAP_ANONYMOUS|MAP_NORESERVE, -1, 0 <unfinished ...>
16671 munmap(0x100080000000, 16384 <unfinished ...>
16670 <... munmap resumed>)             = 0
16669 <... munmap resumed>)             = 0
16668 <... munmap resumed>)             = 0
16667 <... mmap resumed>)               = 0x1000c0200000
16666 mmap(NULL, 16384, PROT_READ|PROT_WRITE, MAP_PRIVATE|MAP_ANONYMOUS|MAP_NORESERVE, -1, 0 <unfinished ...>
16665 <... munmap resumed>)             = 0
16664 mmap(NULL, 16384, PROT_READ|PROT_WRITE, MAP_PRIVATE|MAP_ANONYMOUS|MAP_NORESERVE, -1, 0 <unfinished ...>
16663 mmap(NULL, 16384, PROT_READ|PROT_WRITE, MAP_PRIVATE|MAP_ANONYMOUS|MAP_NORESERVE, -1, 0 <unfinished ...>
16662 munmap(0x100040400000, 16384 <unfinished ...>
16661 <... mmap resumed>)               = 0x1000c0000000
16657 <... munmap resumed>)             = 0
16672 <... mmap resumed>)               = 0x100040000000
16671 <... munmap resumed>)             = 0
16670 mmap(NULL, 16384, PROT_READ|PROT_WRITE, MAP_PRIVATE|MAP_ANONYMOUS|MAP_NORESERVE, -1, 0 <unfinished ...>
16669 mmap(NULL, 16384, PROT_READ|PROT_WRITE, MAP_PRIVATE|MAP_ANONYMOUS|MAP_NORESERVE, -1, 0 <unfinished ...>
16668 mmap(NULL, 16384, PROT_READ|PROT_WRITE, MAP_PRIVATE|MAP_ANONYMOUS|MAP_NORESERVE, -1, 0 <unfinished ...>
16667 munmap(0x1000c0200000, 16384 <unfinished ...>
16666 <... mmap resumed>)               = 0x100080000000
16665 mmap(NULL, 16384, PROT_READ|PROT_WRITE, MAP_PRIVATE|MAP_ANONYMOUS|MAP_NORESERVE, -1, 0 <unfinished ...>
16664 <... mmap resumed>)               = 0x100100000000
16663 <... mmap resumed>)               = 0x100000200000
16662 <... munmap resumed>)             = 0
16661 munmap(0x1000c0000000, 16384 <unfinished ...>
16660 <... mmap resumed>)               = 0x100180200000
16659 munmap(0x100180000000, 16384 <unfinished ...>
16658 <... munmap resumed>)             = 0
16672 munmap(0x100040000000, 16384 <unfinished ...>
16671 mmap(NULL, 16384, PROT_READ|PROT_WRITE, MAP_PRIVATE|MAP_ANONYMOUS|MAP_NORESERVE, -1, 0 <unfinished ...>
16670 <... mmap resumed>)               = 0x100040400000
16669 <... mmap resumed>)               = 0x100000000000
16668 <... mmap resumed>)               = 0x100100200000
16667 <... munmap resumed>)             = 0
16666 munmap(0x100080000000, 16384 <unfinished ...>
16665 <... mmap resumed>)               = 0x1000c0200000
16664 munmap(0x100100000000, 16384 <unfinished ...>
16663 munmap(0x100000200000, 16384 <unfinished ...>
16662 mmap(NULL, 16384, PROT_READ|PROT_WRITE, MAP_PRIVATE|MAP_ANONYMOUS|MAP_NORESERVE, -1, 0 <unfinished ...>
16661 <... munmap resumed>)             = 0
16660 munmap(0x100180200000, 16384 <unfinished ...>
16657 mmap(NULL, 16384, PROT_READ|PROT_WRITE, MAP_PRIVATE|MAP_ANONYMOUS|MAP_NORESERVE, -1, 0 <unfinished ...>
16672 <... munmap resumed>)             = 0
16671 <... mmap resumed>)               = 0x100040000000
16670 munmap(0x100040400000, 16384 <unfinished ...>
16669 munmap(0x100000000000, 16384 <unfinished ...>
16668 munmap(0x100100200000, 16384 <unfinished ...>
16667 mmap(NULL, 16384, PROT_READ|PROT_WRITE, MAP_PRIVATE|MAP_ANONYMOUS|MAP_NORESERVE, -1, 0 <unfinished ...>
16666 <... munmap resumed>)             = 0
16665 munmap(0x1000c0200000, 16384 <unfinished ...>
16664 <... munmap resumed>)             = 0
16663 <... munmap resumed>)             = 0
16662 <... mmap resumed>)               = 0x100000200000
16659 <... munmap resumed>)             = 0
16658 mmap(NULL, 16384, PROT_READ|PROT_WRITE, MAP_PRIVATE|MAP_ANONYMOUS|MAP_NORESERVE, -1, 0 <unfinished ...>
16672 mmap(NULL, 16384, PROT_READ|PROT_WRITE, MAP_PRIVATE|MAP_ANONYMOUS|MAP_NORESERVE, -1, 0 <unfinished ...>
16671 munmap(0x100040000000, 16384 <unfinished ...>
16670 <... munmap resumed>)             = 0
16669 <... munmap resumed>)             = 0
16668 <... munmap resumed>)             = 0
16667 <... mmap resumed>)               = 0x100100200000
16666 mmap(NULL, 16384, PROT_READ|PROT_WRITE, MAP_PRIVATE|MAP_ANONYMOUS|MAP_NORESERVE, -1, 0 <unfinished ...>
16665 <... munmap resumed>)             = 0
16664 mmap(NULL, 16384, PROT_READ|PROT_WRITE, MAP_PRIVATE|MAP_ANONYMOUS|MAP_NORESERVE, -1, 0 <unfinished ...>
16663 mmap(NULL, 16384, PROT_READ|PROT_WRITE, MAP_PRIVATE|MAP_ANONYMOUS|MAP_NORESERVE, -1, 0 <unfinished ...>
16662 munmap(0x100000200000, 16384 <unfinished ...>
16661 mmap(NULL, 16384, PROT_READ|PROT_WRITE, MAP_PRIVATE|MAP_ANONYMOUS|MAP_NORESERVE, -1, 0 <unfinished ...>
16660 <... munmap resumed>)             = 0
16659 mmap(NULL, 16384, PROT_READ|PROT_WRITE, MAP_PRIVATE|MAP_ANONYMOUS|MAP_NORESERVE, -1, 0 <unfinished ...>
16657 <... mmap resumed>)               = 0x100180200000
16672 <... mmap resumed>)               = 0x100040000000
16671 <... munmap resumed>)             = 0
16670 mmap(NULL, 16384, PROT_READ|PROT_WRITE, MAP_PRIVATE|MAP_ANONYMOUS|MAP_NORESERVE, -1, 0 <unfinished ...>
16669 mmap(NULL, 16384, PROT_READ|PROT_WRITE, MAP_PRIVATE|MAP_ANONYMOUS|MAP_NORESERVE, -1, 0 <unfinished ...>
16668 mmap(NULL, 16384, PROT_READ|PROT_WRITE, MAP_PRIVATE|MAP_ANONYMOUS|MAP_NORESERVE, -1, 0 <unfinished ...>
16667 munmap(0x100100200000, 16384 <unfinished ...>
16666 <... mmap resumed>)               = 0x100000000000
16665 mmap(NULL, 16384, PROT_READ|PROT_WRITE, MAP_PRIVATE|MAP_ANONYMOUS|MAP_NORESERVE, -1, 0 <unfinished ...>
16664 <... mmap resumed>)               = 0x100040400000
16663 <... mmap resumed>)               = 0x100080000000
16662 <... munmap resumed>)             = 0
16661 <... mmap resumed>)               = 0x100000200000
16660 mmap(NULL, 16384, PROT_READ|PROT_WRITE, MAP_PRIVATE|MAP_ANONYMOUS|MAP_NORESERVE, -1, 0 <unfinished ...>
16659 <... mmap resumed>)               = 0x100100000000
16658 <... mmap resumed>)               = 0x1000c0200000
16672 munmap(0x100040000000, 16384 <unfinished ...>
16671 mmap(NULL, 16384, PROT_READ|PROT_WRITE, MAP_PRIVATE|MAP_ANONYMOUS|MAP_NORESERVE, -1, 0 <unfinished ...>
16670 <... mmap resumed>)               = 0x100180000000
16669 <... mmap resumed>)               = 0x1001c0000000
16668 <... mmap resumed>)               = 0x1000c0000000
16667 <... munmap resumed>)             = 0
16666 munmap(0x100000000000, 16384 <unfinished ...>
16665 <... mmap resumed>)               = 0x100100200000
16664 munmap(0x100040400000, 16384 <unfinished ...>
16663 munmap(0x100080000000, 16384 <unfinished ...>
16662 mmap(NULL, 16384, PROT_READ|PROT_WRITE, MAP_PRIVATE|MAP_ANONYMOUS|MAP_NORESERVE, -1, 0 <unfinished ...>
16661 munmap(0x100000200000, 16384 <unfinished ...>
16657 munmap(0x100180200000, 16384 <unfinished ...>
16672 <... munmap resumed>)             = 0
16671 <... mmap resumed>)               = 0x100040000000
16670 munmap(0x100180000000, 16384 <unfinished ...>
16669 munmap(0x1001c0000000, 16384 <unfinished ...>
16668 munmap(0x1000c0000000, 16384 <unfinished ...>
16667 mmap(NULL, 16384, PROT_READ|PROT_WRITE, MAP_PRIVATE|MAP_ANONYMOUS|MAP_NORESERVE, -1, 0 <unfinished ...>
16666 <... munmap resumed>)             = 0
16665 munmap(0x100100200000, 16384 <unfinished ...>
16664 <... munmap resumed>)             = 0
16660 <... mmap resumed>)               = 0x100140200000
16659 munmap(0x100100000000, 16384 <unfinished ...>
16658 munmap(0x1000c0200000, 16384 <unfinished ...>
16672 mmap(NULL, 16384, PROT_READ|PROT_WRITE, MAP_PRIVATE|MAP_ANONYMOUS|MAP_NORESERVE, -1, 0 <unfinished ...>
16671 munmap(0x100040000000, 16384 <unfinished ...>
16670 <... munmap resumed>)             = 0
16669 <... munmap resumed>)             = 0
16668 <... munmap resumed>)             = 0
16667 <... mmap resumed>)               = 0x100080000000
16666 mmap(NULL, 16384, PROT_READ|PROT_WRITE, MAP_PRIVATE|MAP_ANONYMOUS|MAP_NORESERVE, -1, 0 <unfinished ...>
16665 <... munmap resumed>)             = 0
16664 mmap(NULL, 16384, PROT_READ|PROT_WRITE, MAP_PRIVATE|MAP_ANONYMOUS|MAP_NORESERVE, -1, 0 <unfinished ...>
16663 <... munmap resumed>)             = 0
16662 <... mmap resumed>)               = 0x100180200000
16661 <... munmap resumed>)             = 0
16657 <... munmap resumed>)             = 0
16672 <... mmap resumed>)               = 0x1000c0200000
16671 <... munmap resumed>)             = 0
16670 mmap(NULL, 16384, PROT_READ|PROT_WRITE, MAP_PRIVATE|MAP_ANONYMOUS|MAP_NORESERVE, -1, 0 <unfinished ...>
16669 mmap(NULL, 16384, PROT_READ|PROT_WRITE, MAP_PRIVATE|MAP_ANONYMOUS|MAP_NORESERVE, -1, 0 <unfinished ...>
16668 mmap(NULL, 16384, PROT_READ|PROT_WRITE, MAP_PRIVATE|MAP_ANONYMOUS|MAP_NORESERVE, -1, 0 <unfinished ...>
16667 munmap(0x100080000000, 16384 <unfinished ...>
16666 <... mmap resumed>)               = 0x100040000000
16665 mmap(NULL, 16384, PROT_READ|PROT_WRITE, MAP_PRIVATE|MAP_ANONYMOUS|MAP_NORESERVE, -1, 0 <unfinished ...>
16664 <... mmap resumed>)               = 0x100100000000
16661 mmap(NULL, 16384, PROT_READ|PROT_WRITE, MAP_PRIVATE|MAP_ANONYMOUS|MAP_NORESERVE, -1, 0 <unfinished ...>
16660 munmap(0x100140200000, 16384 <unfinished ...>
16659 <... munmap resumed>)             = 0
16658 <... munmap resumed>)             = 0
16672 munmap(0x1000c0200000, 16384 <unfinished ...>
16671 mmap(NULL, 16384, PROT_READ|PROT_WRITE, MAP_PRIVATE|MAP_ANONYMOUS|MAP_NORESERVE, -1, 0 <unfinished ...>
16670 <... mmap resumed>)               = 0x100100200000
16669 <... mmap resumed>)               = 0x1000c0000000
16668 <... mmap resumed>)               = 0x100080000000
16667 <... munmap resumed>)             = 0
16666 munmap(0x100040000000, 16384 <unfinished ...>
16665 <... mmap resumed>)               = 0x100180000000
16664 munmap(0x100100000000, 16384 <unfinished ...>
16663 mmap(NULL, 16384, PROT_READ|PROT_WRITE, MAP_PRIVATE|MAP_ANONYMOUS|MAP_NORESERVE, -1, 0 <unfinished ...>
16662 munmap(0x100180200000, 16384 <unfinished ...>
16660 <... munmap resumed>)             = 0
16659 mmap(NULL, 16384, PROT_READ|PROT_WRITE, MAP_PRIVATE|MAP_ANONYMOUS|MAP_NORESERVE, -1, 0 <unfinished ...>
16657 mmap(NULL, 16384, PROT_READ|PROT_WRITE, MAP_PRIVATE|MAP_ANONYMOUS|MAP_NORESERVE, -1, 0 <unfinished ...>
16672 <... munmap resumed>)             = 0
16671 <... mmap resumed>)               = 0x1000c0200000
16670 munmap(0x100100200000, 16384 <unfinished ...>
16669 munmap(0x1000c0000000, 16384 <unfinished ...>
16668 munmap(0x100080000000, 16384 <unfinished ...>
16667 mmap(NULL, 16384, PROT_READ|PROT_WRITE, MAP_PRIVATE|MAP_ANONYMOUS|MAP_NORESERVE, -1, 0 <unfinished ...>
16666 <... munmap resumed>)             = 0
16665 munmap(0x100180000000, 16384 <unfinished ...>
16664 <... munmap resumed>)             = 0
16663 <... mmap resumed>)               = 0x100040000000
16662 <... munmap resumed>)             = 0
16661 <... mmap resumed>)               = 0x100140200000
16660 mmap(NULL, 16384, PROT_READ|PROT_WRITE, MAP_PRIVATE|MAP_ANONYMOUS|MAP_NORESERVE, -1, 0 <unfinished ...>
16659 <... mmap resumed>)               = 0x100180200000
16658 mmap(NULL, 16384, PROT_READ|PROT_WRITE, MAP_PRIVATE|MAP_ANONYMOUS|MAP_NORESERVE, -1, 0 <unfinished ...>
16657 <... mmap resumed>)               = 0x100100000000
16672 mmap(NULL, 16384, PROT_READ|PROT_WRITE, MAP_PRIVATE|MAP_ANONYMOUS|MAP_NORESERVE, -1, 0 <unfinished ...>
16671 munmap(0x1000c0200000, 16384 <unfinished ...>
16670 <... munmap resumed>)             = 0
16669 <... munmap resumed>)             = 0
16668 <... munmap resumed>)             = 0
16667 <... mmap resumed>)               = 0x100080000000
16666 mmap(NULL, 16384, PROT_READ|PROT_WRITE, MAP_PRIVATE|MAP_ANONYMOUS|MAP_NORESERVE, -1, 0 <unfinished ...>
16665 <... munmap resumed>)             = 0
16664 mmap(NULL, 16384, PROT_READ|PROT_WRITE, MAP_PRIVATE|MAP_ANONYMOUS|MAP_NORESERVE, -1, 0 <unfinished ...>
16663 munmap(0x100040000000, 16384 <unfinished ...>
16662 mmap(NULL, 16384, PROT_READ|PROT_WRITE, MAP_PRIVATE|MAP_ANONYMOUS|MAP_NORESERVE, -1, 0 <unfinished ...>
16661 munmap(0x100140200000, 16384 <unfinished ...>
16660 <... mmap resumed>)               = 0x100180000000
16659 munmap(0x100180200000, 16384 <unfinished ...>
16672 <... mmap resumed>)               = 0x100100200000
16671 <... munmap resumed>)             = 0
16670 mmap(NULL, 16384, PROT_READ|PROT_WRITE, MAP_PRIVATE|MAP_ANONYMOUS|MAP_NORESERVE, -1, 0 <unfinished ...>
16669 mmap(NULL, 16384, PROT_READ|PROT_WRITE, MAP_PRIVATE|MAP_ANONYMOUS|MAP_NORESERVE, -1, 0 <unfinished ...>
16668 mmap(NULL, 16384, PROT_READ|PROT_WRITE, MAP_PRIVATE|MAP_ANONYMOUS|MAP_NORESERVE, -1, 0 <unfinished ...>
16667 munmap(0x100080000000, 16384 <unfinished ...>
16666 <... mmap resumed>)               = 0x1000c0200000
16665 mmap(NULL, 16384, PROT_READ|PROT_WRITE, MAP_PRIVATE|MAP_ANONYMOUS|MAP_NORESERVE, -1, 0 <unfinished ...>
16664 <... mmap resumed>)               = 0x1001c0000000
16663 <... munmap resumed>)             = 0
16662 <... mmap resumed>)               = 0x100040000000
16661 <... munmap resumed>)             = 0
16660 munmap(0x100180000000, 16384 <unfinished ...>
16658 <... mmap resumed>)               = 0x1000c0000000
16657 munmap(0x100100000000, 16384 <unfinished ...>
16672 munmap(0x100100200000, 16384 <unfinished ...>
16671 mmap(NULL, 16384, PROT_READ|PROT_WRITE, MAP_PRIVATE|MAP_ANONYMOUS|MAP_NORESERVE, -1, 0 <unfinished ...>
16670 <... mmap resumed>)               = 0x100180200000
16669 <... mmap resumed>)               = 0x100140200000
16668 <... mmap resumed>)               = 0x100000200000
16667 <... munmap resumed>)             = 0
16666 munmap(0x1000c0200000, 16384 <unfinished ...>
16665 <... mmap resumed>)               = 0x100080000000
16664 munmap(0x1001c0000000, 16384 <unfinished ...>
16663 mmap(NULL, 16384, PROT_READ|PROT_WRITE, MAP_PRIVATE|MAP_ANONYMOUS|MAP_NORESERVE, -1, 0 <unfinished ...>
16662 munmap(0x100040000000, 16384 <unfinished ...>
16659 <... munmap resumed>)             = 0
16672 <... munmap resumed>)             = 0
16671 <... mmap resumed>)               = 0x100180000000
16670 munmap(0x100180200000, 16384 <unfinished ...>
16669 munmap(0x100140200000, 16384 <unfinished ...>
16668 munmap(0x100000200000, 16384 <unfinished ...>
16667 mmap(NULL, 16384, PROT_READ|PROT_WRITE, MAP_PRIVATE|MAP_ANONYMOUS|MAP_NORESERVE, -1, 0 <unfinished ...>
16666 <... munmap resumed>)             = 0
16665 munmap(0x100080000000, 16384 <unfinished ...>
16664 <... munmap resumed>)             = 0
16663 <... mmap resumed>)               = 0x100040000000
16662 <... munmap resumed>)             = 0
16661 mmap(NULL, 16384, PROT_READ|PROT_WRITE, MAP_PRIVATE|MAP_ANONYMOUS|MAP_NORESERVE, -1, 0 <unfinished ...>
16660 <... munmap resumed>)             = 0
16658 munmap(0x1000c0000000, 16384 <unfinished ...>
16657 <... munmap resumed>)             = 0
16672 mmap(NULL, 16384, PROT_READ|PROT_WRITE, MAP_PRIVATE|MAP_ANONYMOUS|MAP_NORESERVE, -1, 0 <unfinished ...>
16671 munmap(0x100180000000, 16384 <unfinished ...>
16670 <... munmap resumed>)             = 0
16669 <... munmap resumed>)             = 0
16668 <... munmap resumed>)             = 0
16667 <... mmap resumed>)               = 0x100080000000
16666 mmap(NULL, 16384, PROT_READ|PROT_WRITE, MAP_PRIVATE|MAP_ANONYMOUS|MAP_NORESERVE, -1, 0 <unfinished ...>
16665 <... munmap resumed>)             = 0
16664 mmap(NULL, 16384, PROT_READ|PROT_WRITE, MAP_PRIVATE|MAP_ANONYMOUS|MAP_NORESERVE, -1, 0 <unfinished ...>
16663 munmap(0x100040000000, 16384 <unfinished ...>
16662 mmap(NULL, 16384, PROT_READ|PROT_WRITE, MAP_PRIVATE|MAP_ANONYMOUS|MAP_NORESERVE, -1, 0 <unfinished ...>
16661 <... mmap resumed>)               = 0x100000200000
16660 mmap(NULL, 16384, PROT_READ|PROT_WRITE, MAP_PRIVATE|MAP_ANONYMOUS|MAP_NORESERVE, -1, 0 <unfinished ...>
16659 mmap(NULL, 16384, PROT_READ|PROT_WRITE, MAP_PRIVATE|MAP_ANONYMOUS|MAP_NORESERVE, -1, 0 <unfinished ...>
16672 <... mmap resumed>)               = 0x1000c0000000
16671 <... munmap resumed>)             = 0
16670 mmap(NULL, 16384, PROT_READ|PROT_WRITE, MAP_PRIVATE|MAP_ANONYMOUS|MAP_NORESERVE, -1, 0 <unfinished ...>
16669 mmap(NULL, 16384, PROT_READ|PROT_WRITE, MAP_PRIVATE|MAP_ANONYMOUS|MAP_NORESERVE, -1, 0 <unfinished ...>
16668 mmap(NULL, 16384, PROT_READ|PROT_WRITE, MAP_PRIVATE|MAP_ANONYMOUS|MAP_NORESERVE, -1, 0 <unfinished ...>
16667 munmap(0x100080000000, 16384 <unfinished ...>
16665 mmap(NULL, 16384, PROT_READ|PROT_WRITE, MAP_PRIVATE|MAP_ANONYMOUS|MAP_NORESERVE, -1, 0 <unfinished ...>
16664 <... mmap resumed>)               = 0x100040000000
16663 <... munmap resumed>)             = 0
16658 <... munmap resumed>)             = 0
16659 <... mmap resumed>)               = 0x100180000000
16657 mmap(NULL, 16384, PROT_READ|PROT_WRITE, MAP_PRIVATE|MAP_ANONYMOUS|MAP_NORESERVE, -1, 0 <unfinished ...>
16672 munmap(0x1000c0000000, 16384 <unfinished ...>
16671 mmap(NULL, 16384, PROT_READ|PROT_WRITE, MAP_PRIVATE|MAP_ANONYMOUS|MAP_NORESERVE, -1, 0 <unfinished ...>
16670 <... mmap resumed>)               = 0x100100200000
16669 <... mmap resumed>)               = 0x100180200000
16668 <... mmap resumed>)               = 0x1001c0000000
16667 <... munmap resumed>)             = 0
16666 <... mmap resumed>)               = 0x100140200000
16665 <... mmap resumed>)               = 0x100080000000
16664 munmap(0x100040000000, 16384 <unfinished ...>
16663 mmap(NULL, 16384, PROT_READ|PROT_WRITE, MAP_PRIVATE|MAP_ANONYMOUS|MAP_NORESERVE, -1, 0 <unfinished ...>
16662 <... mmap resumed>)               = 0x1000c0200000
16661 munmap(0x100000200000, 16384 <unfinished ...>
16660 <... mmap resumed>)               = 0x100100000000
16658 mmap(NULL, 16384, PROT_READ|PROT_WRITE, MAP_PRIVATE|MAP_ANONYMOUS|MAP_NORESERVE, -1, 0 <unfinished ...>
16672 <... munmap resumed>)             = 0
16671 <... mmap resumed>)               = 0x100040400000
16670 munmap(0x100100200000, 16384 <unfinished ...>
16669 munmap(0x100180200000, 16384 <unfinished ...>
16668 munmap(0x1001c0000000, 16384 <unfinished ...>
16667 mmap(NULL, 16384, PROT_READ|PROT_WRITE, MAP_PRIVATE|MAP_ANONYMOUS|MAP_NORESERVE, -1, 0 <unfinished ...>
16666 munmap(0x100140200000, 16384 <unfinished ...>
16665 munmap(0x100080000000, 16384 <unfinished ...>
16664 <... munmap resumed>)             = 0
16663 <... mmap resumed>)               = 0x100040000000
16662 munmap(0x1000c0200000, 16384 <unfinished ...>
16659 munmap(0x100180000000, 16384 <unfinished ...>
16657 <... mmap resumed>)               = 0x100000000000
16672 mmap(NULL, 16384, PROT_READ|PROT_WRITE, MAP_PRIVATE|MAP_ANONYMOUS|MAP_NORESERVE, -1, 0 <unfinished ...>
16671 munmap(0x100040400000, 16384 <unfinished ...>
16670 <... munmap resumed>)             = 0
16669 <... munmap resumed>)             = 0
16668 <... munmap resumed>)             = 0
16667 <... mmap resumed>)               = 0x100180200000
16666 <... munmap resumed>)             = 0
16665 <... munmap resumed>)             = 0
16664 mmap(NULL, 16384, PROT_READ|PROT_WRITE, MAP_PRIVATE|MAP_ANONYMOUS|MAP_NORESERVE, -1, 0 <unfinished ...>
16662 <... munmap resumed>)             = 0
16661 <... munmap resumed>)             = 0
16660 munmap(0x100100000000, 16384 <unfinished ...>
16659 <... munmap resumed>)             = 0
16658 <... mmap resumed>)               = 0x1000c0000000
16672 <... mmap resumed>)               = 0x100040400000
16671 <... munmap resumed>)             = 0
16670 mmap(NULL, 16384, PROT_READ|PROT_WRITE, MAP_PRIVATE|MAP_ANONYMOUS|MAP_NORESERVE, -1, 0 <unfinished ...>
16669 mmap(NULL, 16384, PROT_READ|PROT_WRITE, MAP_PRIVATE|MAP_ANONYMOUS|MAP_NORESERVE, -1, 0 <unfinished ...>
16668 mmap(NULL, 16384, PROT_READ|PROT_WRITE, MAP_PRIVATE|MAP_ANONYMOUS|MAP_NORESERVE, -1, 0 <unfinished ...>
16667 munmap(0x100180200000, 16384 <unfinished ...>
16666 mmap(NULL, 16384, PROT_READ|PROT_WRITE, MAP_PRIVATE|MAP_ANONYMOUS|MAP_NORESERVE, -1, 0 <unfinished ...>
16665 mmap(NULL, 16384, PROT_READ|PROT_WRITE, MAP_PRIVATE|MAP_ANONYMOUS|MAP_NORESERVE, -1, 0 <unfinished ...>
16664 <... mmap resumed>)               = 0x100180000000
16663 munmap(0x100040000000, 16384 <unfinished ...>
16662 mmap(NULL, 16384, PROT_READ|PROT_WRITE, MAP_PRIVATE|MAP_ANONYMOUS|MAP_NORESERVE, -1, 0 <unfinished ...>
16661 mmap(NULL, 16384, PROT_READ|PROT_WRITE, MAP_PRIVATE|MAP_ANONYMOUS|MAP_NORESERVE, -1, 0 <unfinished ...>
16657 munmap(0x100000000000, 16384 <unfinished ...>
16672 munmap(0x100040400000, 16384 <unfinished ...>
16671 mmap(NULL, 16384, PROT_READ|PROT_WRITE, MAP_PRIVATE|MAP_ANONYMOUS|MAP_NORESERVE, -1, 0 <unfinished ...>
16670 <... mmap resumed>)               = 0x1000c0200000
16669 <... mmap resumed>)               = 0x100080000000
16668 <... mmap resumed>)               = 0x100100000000
16667 <... munmap resumed>)             = 0
16666 <... mmap resumed>)               = 0x100180200000
16665 <... mmap resumed>)               = 0x100140200000
16664 munmap(0x100180000000, 16384 <unfinished ...>
16663 <... munmap resumed>)             = 0
16662 <... mmap resumed>)               = 0x1001c0000000
16661 <... mmap resumed>)               = 0x100040000000
16660 <... munmap resumed>)             = 0
16659 mmap(NULL, 16384, PROT_READ|PROT_WRITE, MAP_PRIVATE|MAP_ANONYMOUS|MAP_NORESERVE, -1, 0 <unfinished ...>
16658 munmap(0x1000c0000000, 16384 <unfinished ...>
16657 <... munmap resumed>)             = 0
16672 <... munmap resumed>)             = 0
16671 <... mmap resumed>)               = 0x100040400000
16670 munmap(0x1000c0200000, 16384 <unfinished ...>
16669 munmap(0x100080000000, 16384 <unfinished ...>
16668 munmap(0x100100000000, 16384 <unfinished ...>
16667 mmap(NULL, 16384, PROT_READ|PROT_WRITE, MAP_PRIVATE|MAP_ANONYMOUS|MAP_NORESERVE, -1, 0 <unfinished ...>
16666 munmap(0x100180200000, 16384 <unfinished ...>
16665 munmap(0x100140200000, 16384 <unfinished ...>
16664 <... munmap resumed>)             = 0
16663 mmap(NULL, 16384, PROT_READ|PROT_WRITE, MAP_PRIVATE|MAP_ANONYMOUS|MAP_NORESERVE, -1, 0 <unfinished ...>
16662 munmap(0x1001c0000000, 16384 <unfinished ...>
16661 munmap(0x100040000000, 16384 <unfinished ...>
16660 mmap(NULL, 16384, PROT_READ|PROT_WRITE, MAP_PRIVATE|MAP_ANONYMOUS|MAP_NORESERVE, -1, 0 <unfinished ...>
16659 <... mmap resumed>)               = 0x100180000000
16658 <... munmap resumed>)             = 0
16672 mmap(NULL, 16384, PROT_READ|PROT_WRITE, MAP_PRIVATE|MAP_ANONYMOUS|MAP_NORESERVE, -1, 0 <unfinished ...>
16671 munmap(0x100040400000, 16384 <unfinished ...>
16670 <... munmap resumed>)             = 0
16669 <... munmap resumed>)             = 0
16668 <... munmap resumed>)             = 0
16667 <... mmap resumed>)               = 0x100100000000
16666 <... munmap resumed>)             = 0
16665 <... munmap resumed>)             = 0
16664 mmap(NULL, 16384, PROT_READ|PROT_WRITE, MAP_PRIVATE|MAP_ANONYMOUS|MAP_NORESERVE, -1, 0 <unfinished ...>
16663 <... mmap resumed>)               = 0x100140200000
16662 <... munmap resumed>)             = 0
16661 <... munmap resumed>)             = 0
16660 <... mmap resumed>)               = 0x100040000000
16657 mmap(NULL, 16384, PROT_READ|PROT_WRITE, MAP_PRIVATE|MAP_ANONYMOUS|MAP_NORESERVE, -1, 0 <unfinished ...>
16672 <... mmap resumed>)               = 0x100040400000
16671 <... munmap resumed>)             = 0
16670 mmap(NULL, 16384, PROT_READ|PROT_WRITE, MAP_PRIVATE|MAP_ANONYMOUS|MAP_NORESERVE, -1, 0 <unfinished ...>
16668 mmap(NULL, 16384, PROT_READ|PROT_WRITE, MAP_PRIVATE|MAP_ANONYMOUS|MAP_NORESERVE, -1, 0 <unfinished ...>
16666 mmap(NULL, 16384, PROT_READ|PROT_WRITE, MAP_PRIVATE|MAP_ANONYMOUS|MAP_NORESERVE, -1, 0 <unfinished ...>
16659 munmap(0x100180000000, 16384 <unfinished ...>
16658 mmap(NULL, 16384, PROT_READ|PROT_WRITE, MAP_PRIVATE|MAP_ANONYMOUS|MAP_NORESERVE, -1, 0 <unfinished ...>
16671 mmap(NULL, 16384, PROT_READ|PROT_WRITE, MAP_PRIVATE|MAP_ANONYMOUS|MAP_NORESERVE, -1, 0 <unfinished ...>
16667 munmap(0x100100000000, 16384 <unfinished ...>
16665 mmap(NULL, 16384, PROT_READ|PROT_WRITE, MAP_PRIVATE|MAP_ANONYMOUS|MAP_NORESERVE, -1, 0 <unfinished ...>
16664 <... mmap resumed>)               = 0x100180200000
16663 munmap(0x100140200000, 16384 <unfinished ...>
16658 <... mmap resumed>)               = 0x1001c0000000
16672 munmap(0x100040400000, 16384 <unfinished ...>
16671 <... mmap resumed>)               = 0x100180000000
16670 <... mmap resumed>)               = 0x100100000000
16668 <... mmap resumed>)               = 0x100000000000
16667 <... munmap resumed>)             = 0
16666 <... mmap resumed>)               = 0x1000c0200000
16665 <... mmap resumed>)               = 0x1000c0000000
16664 munmap(0x100180200000, 16384 <unfinished ...>
16662 mmap(NULL, 16384, PROT_READ|PROT_WRITE, MAP_PRIVATE|MAP_ANONYMOUS|MAP_NORESERVE, -1, 0 <unfinished ...>
16661 mmap(NULL, 16384, PROT_READ|PROT_WRITE, MAP_PRIVATE|MAP_ANONYMOUS|MAP_NORESERVE, -1, 0 <unfinished ...>
16659 <... munmap resumed>)             = 0
16657 <... mmap resumed>)               = 0x100080000000
16672 <... munmap resumed>)             = 0
16671 munmap(0x100180000000, 16384 <unfinished ...>
16670 munmap(0x100100000000, 16384 <unfinished ...>
16669 mmap(NULL, 16384, PROT_READ|PROT_WRITE, MAP_PRIVATE|MAP_ANONYMOUS|MAP_NORESERVE, -1, 0 <unfinished ...>
16668 munmap(0x100000000000, 16384 <unfinished ...>
16667 mmap(NULL, 16384, PROT_READ|PROT_WRITE, MAP_PRIVATE|MAP_ANONYMOUS|MAP_NORESERVE, -1, 0 <unfinished ...>
16666 munmap(0x1000c0200000, 16384 <unfinished ...>
16665 munmap(0x1000c0000000, 16384 <unfinished ...>
16664 <... munmap resumed>)             = 0
16663 <... munmap resumed>)             = 0
16662 <... mmap resumed>)               = 0x100180200000
16661 <... mmap resumed>)               = 0x100040400000
16660 munmap(0x100040000000, 16384 <unfinished ...>
16659 mmap(NULL, 16384, PROT_READ|PROT_WRITE, MAP_PRIVATE|MAP_ANONYMOUS|MAP_NORESERVE, -1, 0 <unfinished ...>
16658 munmap(0x1001c0000000, 16384 <unfinished ...>
16657 munmap(0x100080000000, 16384 <unfinished ...>
16672 mmap(NULL, 16384, PROT_READ|PROT_WRITE, MAP_PRIVATE|MAP_ANONYMOUS|MAP_NORESERVE, -1, 0 <unfinished ...>
16671 <... munmap resumed>)             = 0
16670 <... munmap resumed>)             = 0
16669 <... mmap resumed>)               = 0x100180000000
16668 <... munmap resumed>)             = 0
16667 <... mmap resumed>)               = 0x100000000000
16666 <... munmap resumed>)             = 0
16665 <... munmap resumed>)             = 0
16664 mmap(NULL, 16384, PROT_READ|PROT_WRITE, MAP_PRIVATE|MAP_ANONYMOUS|MAP_NORESERVE, -1, 0 <unfinished ...>
16663 mmap(NULL, 16384, PROT_READ|PROT_WRITE, MAP_PRIVATE|MAP_ANONYMOUS|MAP_NORESERVE, -1, 0 <unfinished ...>
16662 munmap(0x100180200000, 16384 <unfinished ...>
16661 munmap(0x100040400000, 16384 <unfinished ...>
16660 <... munmap resumed>)             = 0
16659 <... mmap resumed>)               = 0x100040000000
16658 <... munmap resumed>)             = 0
16672 <... mmap resumed>)               = 0x100080000000
16671 mmap(NULL, 16384, PROT_READ|PROT_WRITE, MAP_PRIVATE|MAP_ANONYMOUS|MAP_NORESERVE, -1, 0 <unfinished ...>
16670 mmap(NULL, 16384, PROT_READ|PROT_WRITE, MAP_PRIVATE|MAP_ANONYMOUS|MAP_NORESERVE, -1, 0 <unfinished ...>
16669 munmap(0x100180000000, 16384 <unfinished ...>
16668 mmap(NULL, 16384, PROT_READ|PROT_WRITE, MAP_PRIVATE|MAP_ANONYMOUS|MAP_NORESERVE, -1, 0 <unfinished ...>
16667 munmap(0x100000000000, 16384 <unfinished ...>
16666 mmap(NULL, 16384, PROT_READ|PROT_WRITE, MAP_PRIVATE|MAP_ANONYMOUS|MAP_NORESERVE, -1, 0 <unfinished ...>
16665 mmap(NULL, 16384, PROT_READ|PROT_WRITE, MAP_PRIVATE|MAP_ANONYMOUS|MAP_NORESERVE, -1, 0 <unfinished ...>
16664 <... mmap resumed>)               = 0x1001c0000000
16663 <... mmap resumed>)               = 0x1000c0000000
16662 <... munmap resumed>)             = 0
16661 <... munmap resumed>)             = 0
16660 mmap(NULL, 16384, PROT_READ|PROT_WRITE, MAP_PRIVATE|MAP_ANONYMOUS|MAP_NORESERVE, -1, 0 <unfinished ...>
16657 <... munmap resumed>)             = 0
16672 munmap(0x100080000000, 16384 <unfinished ...>
16671 <... mmap resumed>)               = 0x100040400000
16670 <... mmap resumed>)               = 0x100180200000
16669 <... munmap resumed>)             = 0
16668 <... mmap resumed>)               = 0x100180000000
16667 <... munmap resumed>)             = 0
16666 <... mmap resumed>)               = 0x1000c0200000
16665 <... mmap resumed>)               = 0x100000000000
16664 munmap(0x1001c0000000, 16384 <unfinished ...>
16663 munmap(0x1000c0000000, 16384 <unfinished ...>
16662 mmap(NULL, 16384, PROT_READ|PROT_WRITE, MAP_PRIVATE|MAP_ANONYMOUS|MAP_NORESERVE, -1, 0 <unfinished ...>
16661 mmap(NULL, 16384, PROT_READ|PROT_WRITE, MAP_PRIVATE|MAP_ANONYMOUS|MAP_NORESERVE, -1, 0 <unfinished ...>
16659 munmap(0x100040000000, 16384 <unfinished ...>
16658 mmap(NULL, 16384, PROT_READ|PROT_WRITE, MAP_PRIVATE|MAP_ANONYMOUS|MAP_NORESERVE, -1, 0 <unfinished ...>
16672 <... munmap resumed>)             = 0
16671 munmap(0x100040400000, 16384 <unfinished ...>
16670 munmap(0x100180200000, 16384 <unfinished ...>
16669 mmap(NULL, 16384, PROT_READ|PROT_WRITE, MAP_PRIVATE|MAP_ANONYMOUS|MAP_NORESERVE, -1, 0 <unfinished ...>
16668 munmap(0x100180000000, 16384 <unfinished ...>
16667 mmap(NULL, 16384, PROT_READ|PROT_WRITE, MAP_PRIVATE|MAP_ANONYMOUS|MAP_NORESERVE, -1, 0 <unfinished ...>
16666 munmap(0x1000c0200000, 16384 <unfinished ...>
16665 munmap(0x100000000000, 16384 <unfinished ...>
16664 <... munmap resumed>)             = 0
16663 <... munmap resumed>)             = 0
16662 <... mmap resumed>)               = 0x1000c0000000
16661 <... mmap resumed>)               = 0x1001c0000000
16660 <... mmap resumed>)               = 0x100100000000
16657 mmap(NULL, 16384, PROT_READ|PROT_WRITE, MAP_PRIVATE|MAP_ANONYMOUS|MAP_NORESERVE, -1, 0 <unfinished ...>
16672 mmap(NULL, 16384, PROT_READ|PROT_WRITE, MAP_PRIVATE|MAP_ANONYMOUS|MAP_NORESERVE, -1, 0 <unfinished ...>
16671 <... munmap resumed>)             = 0
16670 <... munmap resumed>)             = 0
16668 <... munmap resumed>)             = 0
16667 <... mmap resumed>)               = 0x100180200000
16666 <... munmap resumed>)             = 0
16664 mmap(NULL, 16384, PROT_READ|PROT_WRITE, MAP_PRIVATE|MAP_ANONYMOUS|MAP_NORESERVE, -1, 0 <unfinished ...>
16663 mmap(NULL, 16384, PROT_READ|PROT_WRITE, MAP_PRIVATE|MAP_ANONYMOUS|MAP_NORESERVE, -1, 0 <unfinished ...>
16662 munmap(0x1000c0000000, 16384 <unfinished ...>
16660 munmap(0x100100000000, 16384 <unfinished ...>
16659 <... munmap resumed>)             = 0
16658 <... mmap resumed>)               = 0x100040000000
16672 <... mmap resumed>)               = 0x100000000000
16671 mmap(NULL, 16384, PROT_READ|PROT_WRITE, MAP_PRIVATE|MAP_ANONYMOUS|MAP_NORESERVE, -1, 0 <unfinished ...>
16670 mmap(NULL, 16384, PROT_READ|PROT_WRITE, MAP_PRIVATE|MAP_ANONYMOUS|MAP_NORESERVE, -1, 0 <unfinished ...>
16669 <... mmap resumed>)               = 0x1000c0200000
16668 mmap(NULL, 16384, PROT_READ|PROT_WRITE, MAP_PRIVATE|MAP_ANONYMOUS|MAP_NORESERVE, -1, 0 <unfinished ...>
16667 munmap(0x100180200000, 16384 <unfinished ...>
16666 mmap(NULL, 16384, PROT_READ|PROT_WRITE, MAP_PRIVATE|MAP_ANONYMOUS|MAP_NORESERVE, -1, 0 <unfinished ...>
16665 <... munmap resumed>)             = 0
16664 <... mmap resumed>)               = 0x100040400000
16663 <... mmap resumed>)               = 0x100080000000
16662 <... munmap resumed>)             = 0
16661 munmap(0x1001c0000000, 16384 <unfinished ...>
16657 <... mmap resumed>)               = 0x100180000000
16672 munmap(0x100000000000, 16384 <unfinished ...>
16671 <... mmap resumed>)               = 0x100140200000
16670 <... mmap resumed>)               = 0x1000c0000000
16669 munmap(0x1000c0200000, 16384 <unfinished ...>
16668 <... mmap resumed>)               = 0x100100000000
16667 <... munmap resumed>)             = 0
16666 <... mmap resumed>)               = 0x100180200000
16665 mmap(NULL, 16384, PROT_READ|PROT_WRITE, MAP_PRIVATE|MAP_ANONYMOUS|MAP_NORESERVE, -1, 0 <unfinished ...>
16664 munmap(0x100040400000, 16384 <unfinished ...>
16660 <... munmap resumed>)             = 0
16659 mmap(NULL, 16384, PROT_READ|PROT_WRITE, MAP_PRIVATE|MAP_ANONYMOUS|MAP_NORESERVE, -1, 0 <unfinished ...>
16658 munmap(0x100040000000, 16384 <unfinished ...>
16672 <... munmap resumed>)             = 0
16671 munmap(0x100140200000, 16384 <unfinished ...>
16670 munmap(0x1000c0000000, 16384 <unfinished ...>
16668 munmap(0x100100000000, 16384 <unfinished ...>
16666 munmap(0x100180200000, 16384 <unfinished ...>
16665 <... mmap resumed>)               = 0x100000000000
16663 munmap(0x100080000000, 16384 <unfinished ...>
16662 mmap(NULL, 16384, PROT_READ|PROT_WRITE, MAP_PRIVATE|MAP_ANONYMOUS|MAP_NORESERVE, -1, 0 <unfinished ...>
16661 <... munmap resumed>)             = 0
16659 <... mmap resumed>)               = 0x1001c0000000
16657 munmap(0x100180000000, 16384 <unfinished ...>
16672 mmap(NULL, 16384, PROT_READ|PROT_WRITE, MAP_PRIVATE|MAP_ANONYMOUS|MAP_NORESERVE, -1, 0 <unfinished ...>
16671 <... munmap resumed>)             = 0
16669 <... munmap resumed>)             = 0
16668 <... munmap resumed>)             = 0
16667 mmap(NULL, 16384, PROT_READ|PROT_WRITE, MAP_PRIVATE|MAP_ANONYMOUS|MAP_NORESERVE, -1, 0 <unfinished ...>
16665 munmap(0x100000000000, 16384 <unfinished ...>
16664 <... munmap resumed>)             = 0
16662 <... mmap resumed>)               = 0x100100000000
16658 <... munmap resumed>)             = 0
16672 <... mmap resumed>)               = 0x100180000000
16671 mmap(NULL, 16384, PROT_READ|PROT_WRITE, MAP_PRIVATE|MAP_ANONYMOUS|MAP_NORESERVE, -1, 0 <unfinished ...>
16670 <... munmap resumed>)             = 0
16669 mmap(NULL, 16384, PROT_READ|PROT_WRITE, MAP_PRIVATE|MAP_ANONYMOUS|MAP_NORESERVE, -1, 0 <unfinished ...>
16668 mmap(NULL, 16384, PROT_READ|PROT_WRITE, MAP_PRIVATE|MAP_ANONYMOUS|MAP_NORESERVE, -1, 0 <unfinished ...>
16667 <... mmap resumed>)               = 0x100180200000
16666 <... munmap resumed>)             = 0
16665 <... munmap resumed>)             = 0
16663 <... munmap resumed>)             = 0
16664 mmap(NULL, 16384, PROT_READ|PROT_WRITE, MAP_PRIVATE|MAP_ANONYMOUS|MAP_NORESERVE, -1, 0 <unfinished ...>
16662 munmap(0x100100000000, 16384 <unfinished ...>
16661 mmap(NULL, 16384, PROT_READ|PROT_WRITE, MAP_PRIVATE|MAP_ANONYMOUS|MAP_NORESERVE, -1, 0 <unfinished ...>
16660 mmap(NULL, 16384, PROT_READ|PROT_WRITE, MAP_PRIVATE|MAP_ANONYMOUS|MAP_NORESERVE, -1, 0 <unfinished ...>
16659 munmap(0x1001c0000000, 16384 <unfinished ...>
16657 <... munmap resumed>)             = 0
16672 munmap(0x100180000000, 16384 <unfinished ...>
16671 <... mmap resumed>)               = 0x100000000000
16670 mmap(NULL, 16384, PROT_READ|PROT_WRITE, MAP_PRIVATE|MAP_ANONYMOUS|MAP_NORESERVE, -1, 0 <unfinished ...>
16669 <... mmap resumed>)               = 0x100080000000
16668 <... mmap resumed>)               = 0x1000c0000000
16667 munmap(0x100180200000, 16384 <unfinished ...>
16666 mmap(NULL, 16384, PROT_READ|PROT_WRITE, MAP_PRIVATE|MAP_ANONYMOUS|MAP_NORESERVE, -1, 0 <unfinished ...>
16665 mmap(NULL, 16384, PROT_READ|PROT_WRITE, MAP_PRIVATE|MAP_ANONYMOUS|MAP_NORESERVE, -1, 0 <unfinished ...>
16663 mmap(NULL, 16384, PROT_READ|PROT_WRITE, MAP_PRIVATE|MAP_ANONYMOUS|MAP_NORESERVE, -1, 0 <unfinished ...>
16662 <... munmap resumed>)             = 0
16661 <... mmap resumed>)               = 0x100100000000
16664 <... mmap resumed>)               = 0x100040000000
16658 mmap(NULL, 16384, PROT_READ|PROT_WRITE, MAP_PRIVATE|MAP_ANONYMOUS|MAP_NORESERVE, -1, 0 <unfinished ...>
16672 <... munmap resumed>)             = 0
16671 munmap(0x100000000000, 16384 <unfinished ...>
16670 <... mmap resumed>)               = 0x100180000000
16669 munmap(0x100080000000, 16384 <unfinished ...>
16668 munmap(0x1000c0000000, 16384 <unfinished ...>
16667 <... munmap resumed>)             = 0
16666 <... mmap resumed>)               = 0x100040400000
16663 <... mmap resumed>)               = 0x100140200000
16662 mmap(NULL, 16384, PROT_READ|PROT_WRITE, MAP_PRIVATE|MAP_ANONYMOUS|MAP_NORESERVE, -1, 0 <unfinished ...>
16660 <... mmap resumed>)               = 0x1001c0000000
16659 <... munmap resumed>)             = 0
16657 mmap(NULL, 16384, PROT_READ|PROT_WRITE, MAP_PRIVATE|MAP_ANONYMOUS|MAP_NORESERVE, -1, 0 <unfinished ...>
16672 mmap(NULL, 16384, PROT_READ|PROT_WRITE, MAP_PRIVATE|MAP_ANONYMOUS|MAP_NORESERVE, -1, 0 <unfinished ...>
16671 <... munmap resumed>)             = 0
16670 munmap(0x100180000000, 16384 <unfinished ...>
16669 <... munmap resumed>)             = 0
16668 <... munmap resumed>)             = 0
16667 mmap(NULL, 16384, PROT_READ|PROT_WRITE, MAP_PRIVATE|MAP_ANONYMOUS|MAP_NORESERVE, -1, 0 <unfinished ...>
16666 munmap(0x100040400000, 16384 <unfinished ...>
16665 <... mmap resumed>)               = 0x100180200000
16664 munmap(0x100040000000, 16384 <unfinished ...>
16663 munmap(0x100140200000, 16384 <unfinished ...>
16661 munmap(0x100100000000, 16384 <unfinished ...>
16658 <... mmap resumed>)               = 0x100000000000
16672 <... mmap resumed>)               = 0x100080000000
16671 mmap(NULL, 16384, PROT_READ|PROT_WRITE, MAP_PRIVATE|MAP_ANONYMOUS|MAP_NORESERVE, -1, 0 <unfinished ...>
16670 <... munmap resumed>)             = 0
16669 mmap(NULL, 16384, PROT_READ|PROT_WRITE, MAP_PRIVATE|MAP_ANONYMOUS|MAP_NORESERVE, -1, 0 <unfinished ...>
16668 mmap(NULL, 16384, PROT_READ|PROT_WRITE, MAP_PRIVATE|MAP_ANONYMOUS|MAP_NORESERVE, -1, 0 <unfinished ...>
16667 <... mmap resumed>)               = 0x100040400000
16666 <... munmap resumed>)             = 0
16665 munmap(0x100180200000, 16384 <unfinished ...>
16664 <... munmap resumed>)             = 0
16663 <... munmap resumed>)             = 0
16662 <... mmap resumed>)               = 0x1000c0000000
16660 munmap(0x1001c0000000, 16384 <unfinished ...>
16659 mmap(NULL, 16384, PROT_READ|PROT_WRITE, MAP_PRIVATE|MAP_ANONYMOUS|MAP_NORESERVE, -1, 0 <unfinished ...>
16657 <... mmap resumed>)               = 0x1000c0200000
16672 munmap(0x100080000000, 16384 <unfinished ...>
16671 <... mmap resumed>)               = 0x100040000000
16670 mmap(NULL, 16384, PROT_READ|PROT_WRITE, MAP_PRIVATE|MAP_ANONYMOUS|MAP_NORESERVE, -1, 0 <unfinished ...>
16669 <... mmap resumed>)               = 0x100100000000
16668 <... mmap resumed>)               = 0x100140200000
16667 munmap(0x100040400000, 16384 <unfinished ...>
16666 mmap(NULL, 16384, PROT_READ|PROT_WRITE, MAP_PRIVATE|MAP_ANONYMOUS|MAP_NORESERVE, -1, 0 <unfinished ...>
16665 <... munmap resumed>)             = 0
16664 mmap(NULL, 16384, PROT_READ|PROT_WRITE, MAP_PRIVATE|MAP_ANONYMOUS|MAP_NORESERVE, -1, 0 <unfinished ...>
16663 mmap(NULL, 16384, PROT_READ|PROT_WRITE, MAP_PRIVATE|MAP_ANONYMOUS|MAP_NORESERVE, -1, 0 <unfinished ...>
16662 munmap(0x1000c0000000, 16384 <unfinished ...>
16661 <... munmap resumed>)             = 0
16658 munmap(0x100000000000, 16384 <unfinished ...>
16672 <... munmap resumed>)             = 0
16671 munmap(0x100040000000, 16384 <unfinished ...>
16670 <... mmap resumed>)               = 0x1001c0000000
16669 munmap(0x100100000000, 16384 <unfinished ...>
16668 munmap(0x100140200000, 16384 <unfinished ...>
16667 <... munmap resumed>)             = 0
16666 <... mmap resumed>)               = 0x100180000000
16665 mmap(NULL, 16384, PROT_READ|PROT_WRITE, MAP_PRIVATE|MAP_ANONYMOUS|MAP_NORESERVE, -1, 0 <unfinished ...>
16664 <... mmap resumed>)               = 0x100080000000
16663 <... mmap resumed>)               = 0x100040400000
16662 <... munmap resumed>)             = 0
16661 mmap(NULL, 16384, PROT_READ|PROT_WRITE, MAP_PRIVATE|MAP_ANONYMOUS|MAP_NORESERVE, -1, 0 <unfinished ...>
16660 <... munmap resumed>)             = 0
16659 <... mmap resumed>)               = 0x100180200000
16657 munmap(0x1000c0200000, 16384 <unfinished ...>
16672 mmap(NULL, 16384, PROT_READ|PROT_WRITE, MAP_PRIVATE|MAP_ANONYMOUS|MAP_NORESERVE, -1, 0 <unfinished ...>
16671 <... munmap resumed>)             = 0
16670 munmap(0x1001c0000000, 16384 <unfinished ...>
16669 <... munmap resumed>)             = 0
16668 <... munmap resumed>)             = 0
16667 mmap(NULL, 16384, PROT_READ|PROT_WRITE, MAP_PRIVATE|MAP_ANONYMOUS|MAP_NORESERVE, -1, 0 <unfinished ...>
16666 munmap(0x100180000000, 16384 <unfinished ...>
16665 <... mmap resumed>)               = 0x100140200000
16664 munmap(0x100080000000, 16384 <unfinished ...>
16663 munmap(0x100040400000, 16384 <unfinished ...>
16662 mmap(NULL, 16384, PROT_READ|PROT_WRITE, MAP_PRIVATE|MAP_ANONYMOUS|MAP_NORESERVE, -1, 0 <unfinished ...>
16661 <... mmap resumed>)               = 0x100100000000
16660 mmap(NULL, 16384, PROT_READ|PROT_WRITE, MAP_PRIVATE|MAP_ANONYMOUS|MAP_NORESERVE, -1, 0 <unfinished ...>
16658 <... munmap resumed>)             = 0
16672 <... mmap resumed>)               = 0x1000c0200000
16671 mmap(NULL, 16384, PROT_READ|PROT_WRITE, MAP_PRIVATE|MAP_ANONYMOUS|MAP_NORESERVE, -1, 0 <unfinished ...>
16670 <... munmap resumed>)             = 0
16669 mmap(NULL, 16384, PROT_READ|PROT_WRITE, MAP_PRIVATE|MAP_ANONYMOUS|MAP_NORESERVE, -1, 0 <unfinished ...>
16668 mmap(NULL, 16384, PROT_READ|PROT_WRITE, MAP_PRIVATE|MAP_ANONYMOUS|MAP_NORESERVE, -1, 0 <unfinished ...>
16667 <... mmap resumed>)               = 0x1001c0000000
16663 <... munmap resumed>)             = 0
16659 munmap(0x100180200000, 16384 <unfinished ...>
16666 <... munmap resumed>)             = 0
16660 <... mmap resumed>)               = 0x100180000000
16657 <... munmap resumed>)             = 0
16672 munmap(0x1000c0200000, 16384 <unfinished ...>
16671 <... mmap resumed>)               = 0x100080000000
16670 mmap(NULL, 16384, PROT_READ|PROT_WRITE, MAP_PRIVATE|MAP_ANONYMOUS|MAP_NORESERVE, -1, 0 <unfinished ...>
16668 <... mmap resumed>)               = 0x100040000000
16667 munmap(0x1001c0000000, 16384 <unfinished ...>
16666 mmap(NULL, 16384, PROT_READ|PROT_WRITE, MAP_PRIVATE|MAP_ANONYMOUS|MAP_NORESERVE, -1, 0 <unfinished ...>
16665 munmap(0x100140200000, 16384 <unfinished ...>
16664 <... munmap resumed>)             = 0
16663 mmap(NULL, 16384, PROT_READ|PROT_WRITE, MAP_PRIVATE|MAP_ANONYMOUS|MAP_NORESERVE, -1, 0 <unfinished ...>
16662 <... mmap resumed>)               = 0x100040400000
16661 munmap(0x100100000000, 16384 <unfinished ...>
16658 mmap(NULL, 16384, PROT_READ|PROT_WRITE, MAP_PRIVATE|MAP_ANONYMOUS|MAP_NORESERVE, -1, 0 <unfinished ...>
16657 mmap(NULL, 16384, PROT_READ|PROT_WRITE, MAP_PRIVATE|MAP_ANONYMOUS|MAP_NORESERVE, -1, 0 <unfinished ...>
16672 <... munmap resumed>)             = 0
16671 munmap(0x100080000000, 16384 <unfinished ...>
16670 <... mmap resumed>)               = 0x100180200000
16669 <... mmap resumed>)               = 0x100000000000
16668 munmap(0x100040000000, 16384 <unfinished ...>
16667 <... munmap resumed>)             = 0
16666 <... mmap resumed>)               = 0x1001c0000000
16665 <... munmap resumed>)             = 0
16664 mmap(NULL, 16384, PROT_READ|PROT_WRITE, MAP_PRIVATE|MAP_ANONYMOUS|MAP_NORESERVE, -1, 0 <unfinished ...>
16663 <... mmap resumed>)               = 0x100140200000
16661 <... munmap resumed>)             = 0
16660 munmap(0x100180000000, 16384 <unfinished ...>
16659 <... munmap resumed>)             = 0
16672 mmap(NULL, 16384, PROT_READ|PROT_WRITE, MAP_PRIVATE|MAP_ANONYMOUS|MAP_NORESERVE, -1, 0 <unfinished ...>
16671 <... munmap resumed>)             = 0
16670 munmap(0x100180200000, 16384 <unfinished ...>
16669 munmap(0x100000000000, 16384 <unfinished ...>
16668 <... munmap resumed>)             = 0
16667 mmap(NULL, 16384, PROT_READ|PROT_WRITE, MAP_PRIVATE|MAP_ANONYMOUS|MAP_NORESERVE, -1, 0 <unfinished ...>
16666 munmap(0x1001c0000000, 16384 <unfinished ...>
16665 mmap(NULL, 16384, PROT_READ|PROT_WRITE, MAP_PRIVATE|MAP_ANONYMOUS|MAP_NORESERVE, -1, 0 <unfinished ...>
16664 <... mmap resumed>)               = 0x100040000000
16663 munmap(0x100140200000, 16384 <unfinished ...>
16662 munmap(0x100040400000, 16384 <unfinished ...>
16661 mmap(NULL, 16384, PROT_READ|PROT_WRITE, MAP_PRIVATE|MAP_ANONYMOUS|MAP_NORESERVE, -1, 0 <unfinished ...>
16659 mmap(NULL, 16384, PROT_READ|PROT_WRITE, MAP_PRIVATE|MAP_ANONYMOUS|MAP_NORESERVE, -1, 0 <unfinished ...>
16658 <... mmap resumed>)               = 0x100100000000
16657 <... mmap resumed>)               = 0x1000c0200000
16672 <... mmap resumed>)               = 0x100180000000
16671 mmap(NULL, 16384, PROT_READ|PROT_WRITE, MAP_PRIVATE|MAP_ANONYMOUS|MAP_NORESERVE, -1, 0 <unfinished ...>
16670 <... munmap resumed>)             = 0
16669 <... munmap resumed>)             = 0
16668 mmap(NULL, 16384, PROT_READ|PROT_WRITE, MAP_PRIVATE|MAP_ANONYMOUS|MAP_NORESERVE, -1, 0 <unfinished ...>
16667 <... mmap resumed>)               = 0x1001c0000000
16666 <... munmap resumed>)             = 0
16665 <... mmap resumed>)               = 0x100000000000
16664 munmap(0x100040000000, 16384 <unfinished ...>
16663 <... munmap resumed>)             = 0
16662 <... munmap resumed>)             = 0
16661 <... mmap resumed>)               = 0x100040400000
16660 <... munmap resumed>)             = 0
16659 <... mmap resumed>)               = 0x100140200000
16658 munmap(0x100100000000, 16384 <unfinished ...>
16672 munmap(0x100180000000, 16384 <unfinished ...>
16671 <... mmap resumed>)               = 0x100180200000
16670 mmap(NULL, 16384, PROT_READ|PROT_WRITE, MAP_PRIVATE|MAP_ANONYMOUS|MAP_NORESERVE, -1, 0 <unfinished ...>
16669 mmap(NULL, 16384, PROT_READ|PROT_WRITE, MAP_PRIVATE|MAP_ANONYMOUS|MAP_NORESERVE, -1, 0 <unfinished ...>
16668 <... mmap resumed>)               = 0x100080000000
16667 munmap(0x1001c0000000, 16384 <unfinished ...>
16666 mmap(NULL, 16384, PROT_READ|PROT_WRITE, MAP_PRIVATE|MAP_ANONYMOUS|MAP_NORESERVE, -1, 0 <unfinished ...>
16665 munmap(0x100000000000, 16384 <unfinished ...>
16664 <... munmap resumed>)             = 0
16663 mmap(NULL, 16384, PROT_READ|PROT_WRITE, MAP_PRIVATE|MAP_ANONYMOUS|MAP_NORESERVE, -1, 0 <unfinished ...>
16662 mmap(NULL, 16384, PROT_READ|PROT_WRITE, MAP_PRIVATE|MAP_ANONYMOUS|MAP_NORESERVE, -1, 0 <unfinished ...>
16661 munmap(0x100040400000, 16384 <unfinished ...>
16657 munmap(0x1000c0200000, 16384 <unfinished ...>
16672 <... munmap resumed>)             = 0
16671 munmap(0x100180200000, 16384 <unfinished ...>
16670 <... mmap resumed>)               = 0x100100000000
16669 <... mmap resumed>)               = 0x100180000000
16668 munmap(0x100080000000, 16384 <unfinished ...>
16667 <... munmap resumed>)             = 0
16666 <... mmap resumed>)               = 0x1001c0000000
16665 <... munmap resumed>)             = 0
16664 mmap(NULL, 16384, PROT_READ|PROT_WRITE, MAP_PRIVATE|MAP_ANONYMOUS|MAP_NORESERVE, -1, 0 <unfinished ...>
16663 <... mmap resumed>)               = 0x100000000000
16660 mmap(NULL, 16384, PROT_READ|PROT_WRITE, MAP_PRIVATE|MAP_ANONYMOUS|MAP_NORESERVE, -1, 0 <unfinished ...>
16659 munmap(0x100140200000, 16384 <unfinished ...>
16658 <... munmap resumed>)             = 0
16672 mmap(NULL, 16384, PROT_READ|PROT_WRITE, MAP_PRIVATE|MAP_ANONYMOUS|MAP_NORESERVE, -1, 0 <unfinished ...>
16671 <... munmap resumed>)             = 0
16670 munmap(0x100100000000, 16384 <unfinished ...>
16669 munmap(0x100180000000, 16384 <unfinished ...>
16668 <... munmap resumed>)             = 0
16667 mmap(NULL, 16384, PROT_READ|PROT_WRITE, MAP_PRIVATE|MAP_ANONYMOUS|MAP_NORESERVE, -1, 0 <unfinished ...>
16666 munmap(0x1001c0000000, 16384 <unfinished ...>
16665 mmap(NULL, 16384, PROT_READ|PROT_WRITE, MAP_PRIVATE|MAP_ANONYMOUS|MAP_NORESERVE, -1, 0 <unfinished ...>
16664 <... mmap resumed>)               = 0x100080000000
16663 munmap(0x100000000000, 16384 <unfinished ...>
16662 <... mmap resumed>)               = 0x100180200000
16661 <... munmap resumed>)             = 0
16657 <... munmap resumed>)             = 0
16672 <... mmap resumed>)               = 0x100140200000
16671 mmap(NULL, 16384, PROT_READ|PROT_WRITE, MAP_PRIVATE|MAP_ANONYMOUS|MAP_NORESERVE, -1, 0 <unfinished ...>
16670 <... munmap resumed>)             = 0
16668 mmap(NULL, 16384, PROT_READ|PROT_WRITE, MAP_PRIVATE|MAP_ANONYMOUS|MAP_NORESERVE, -1, 0 <unfinished ...>
16667 <... mmap resumed>)               = 0x1000c0200000
16669 <... munmap resumed>)             = 0
16666 <... munmap resumed>)             = 0
16665 <... mmap resumed>)               = 0x100100000000
16664 munmap(0x100080000000, 16384 <unfinished ...>
16660 <... mmap resumed>)               = 0x100040400000
16662 munmap(0x100180200000, 16384 <unfinished ...>
16659 <... munmap resumed>)             = 0
16663 <... munmap resumed>)             = 0
16658 mmap(NULL, 16384, PROT_READ|PROT_WRITE, MAP_PRIVATE|MAP_ANONYMOUS|MAP_NORESERVE, -1, 0 <unfinished ...>
16672 munmap(0x100140200000, 16384 <unfinished ...>
16671 <... mmap resumed>)               = 0x100000000000
16670 mmap(NULL, 16384, PROT_READ|PROT_WRITE, MAP_PRIVATE|MAP_ANONYMOUS|MAP_NORESERVE, -1, 0 <unfinished ...>
16669 mmap(NULL, 16384, PROT_READ|PROT_WRITE, MAP_PRIVATE|MAP_ANONYMOUS|MAP_NORESERVE, -1, 0 <unfinished ...>
16668 <... mmap resumed>)               = 0x1001c0000000
16667 munmap(0x1000c0200000, 16384 <unfinished ...>
16666 mmap(NULL, 16384, PROT_READ|PROT_WRITE, MAP_PRIVATE|MAP_ANONYMOUS|MAP_NORESERVE, -1, 0 <unfinished ...>
16665 munmap(0x100100000000, 16384 <unfinished ...>
16664 <... munmap resumed>)             = 0
16662 <... munmap resumed>)             = 0
16661 mmap(NULL, 16384, PROT_READ|PROT_WRITE, MAP_PRIVATE|MAP_ANONYMOUS|MAP_NORESERVE, -1, 0 <unfinished ...>
16660 munmap(0x100040400000, 16384 <unfinished ...>
16659 mmap(NULL, 16384, PROT_READ|PROT_WRITE, MAP_PRIVATE|MAP_ANONYMOUS|MAP_NORESERVE, -1, 0 <unfinished ...>
16658 <... mmap resumed>)               = 0x100180200000
16657 mmap(NULL, 16384, PROT_READ|PROT_WRITE, MAP_PRIVATE|MAP_ANONYMOUS|MAP_NORESERVE, -1, 0 <unfinished ...>
16672 <... munmap resumed>)             = 0
16671 munmap(0x100000000000, 16384 <unfinished ...>
16670 <... mmap resumed>)               = 0x100140200000
16669 <... mmap resumed>)               = 0x100080000000
16668 munmap(0x1001c0000000, 16384 <unfinished ...>
16667 <... munmap resumed>)             = 0
16665 <... munmap resumed>)             = 0
16663 mmap(NULL, 16384, PROT_READ|PROT_WRITE, MAP_PRIVATE|MAP_ANONYMOUS|MAP_NORESERVE, -1, 0 <unfinished ...>
16671 <... munmap resumed>)             = 0
16670 munmap(0x100140200000, 16384 <unfinished ...>
16669 munmap(0x100080000000, 16384 <unfinished ...>
16667 mmap(NULL, 16384, PROT_READ|PROT_WRITE, MAP_PRIVATE|MAP_ANONYMOUS|MAP_NORESERVE, -1, 0 <unfinished ...>
16662 mmap(NULL, 16384, PROT_READ|PROT_WRITE, MAP_PRIVATE|MAP_ANONYMOUS|MAP_NORESERVE, -1, 0 <unfinished ...>
16661 <... mmap resumed>)               = 0x100000000000
16660 <... munmap resumed>)             = 0
16659 <... mmap resumed>)               = 0x100040400000
16672 mmap(NULL, 16384, PROT_READ|PROT_WRITE, MAP_PRIVATE|MAP_ANONYMOUS|MAP_NORESERVE, -1, 0 <unfinished ...>
16671 mmap(NULL, 16384, PROT_READ|PROT_WRITE, MAP_PRIVATE|MAP_ANONYMOUS|MAP_NORESERVE, -1, 0 <unfinished ...>
16670 <... munmap resumed>)             = 0
16669 <... munmap resumed>)             = 0
16668 <... munmap resumed>)             = 0
16667 <... mmap resumed>)               = 0x100080000000
16665 mmap(NULL, 16384, PROT_READ|PROT_WRITE, MAP_PRIVATE|MAP_ANONYMOUS|MAP_NORESERVE, -1, 0 <unfinished ...>
16664 mmap(NULL, 16384, PROT_READ|PROT_WRITE, MAP_PRIVATE|MAP_ANONYMOUS|MAP_NORESERVE, -1, 0 <unfinished ...>
16663 <... mmap resumed>)               = 0x100100000000
16662 <... mmap resumed>)               = 0x100140200000
16660 mmap(NULL, 16384, PROT_READ|PROT_WRITE, MAP_PRIVATE|MAP_ANONYMOUS|MAP_NORESERVE, -1, 0 <unfinished ...>
16657 <... mmap resumed>)               = 0x1000c0200000
16672 <... mmap resumed>)               = 0x1001c0000000
16671 <... mmap resumed>)               = 0x100180000000
16670 mmap(NULL, 16384, PROT_READ|PROT_WRITE, MAP_PRIVATE|MAP_ANONYMOUS|MAP_NORESERVE, -1, 0 <unfinished ...>
16669 mmap(NULL, 16384, PROT_READ|PROT_WRITE, MAP_PRIVATE|MAP_ANONYMOUS|MAP_NORESERVE, -1, 0 <unfinished ...>
16668 mmap(NULL, 16384, PROT_READ|PROT_WRITE, MAP_PRIVATE|MAP_ANONYMOUS|MAP_NORESERVE, -1, 0 <unfinished ...>
16667 munmap(0x100080000000, 16384 <unfinished ...>
16665 <... mmap resumed>)               = 0x100040000000
16664 <... mmap resumed>)               = 0x1000c0000000
16663 munmap(0x100100000000, 16384 <unfinished ...>
16661 munmap(0x100000000000, 16384 <unfinished ...>
16659 munmap(0x100040400000, 16384 <unfinished ...>
16672 munmap(0x1001c0000000, 16384 <unfinished ...>
16671 munmap(0x100180000000, 16384 <unfinished ...>
16670 <... mmap resumed>)               = 0x100040600000
16669 <... mmap resumed>)               = 0x100140000000
16668 <... mmap resumed>)               = 0x100040200000
16667 <... munmap resumed>)             = 0
16666 <... mmap resumed>)               = 0x100100200000
16665 munmap(0x100040000000, 16384 <unfinished ...>
16664 munmap(0x1000c0000000, 16384 <unfinished ...>
16663 <... munmap resumed>)             = 0
16662 munmap(0x100140200000, 16384 <unfinished ...>
16661 <... munmap resumed>)             = 0
16660 <... mmap resumed>)               = 0x100000200000
16658 munmap(0x100180200000, 16384 <unfinished ...>
16657 munmap(0x1000c0200000, 16384 <unfinished ...>
16672 <... munmap resumed>)             = 0
16671 <... munmap resumed>)             = 0
16670 munmap(0x100040600000, 16384 <unfinished ...>
16669 munmap(0x100140000000, 16384 <unfinished ...>
16668 munmap(0x100040200000, 16384 <unfinished ...>
16667 mmap(NULL, 16384, PROT_READ|PROT_WRITE, MAP_PRIVATE|MAP_ANONYMOUS|MAP_NORESERVE, -1, 0 <unfinished ...>
16666 munmap(0x100100200000, 16384 <unfinished ...>
16665 <... munmap resumed>)             = 0
16664 <... munmap resumed>)             = 0
16663 mmap(NULL, 16384, PROT_READ|PROT_WRITE, MAP_PRIVATE|MAP_ANONYMOUS|MAP_NORESERVE, -1, 0 <unfinished ...>
16660 munmap(0x100000200000, 16384 <unfinished ...>
16659 <... munmap resumed>)             = 0
16658 <... munmap resumed>)             = 0
16672 mmap(NULL, 16384, PROT_READ|PROT_WRITE, MAP_PRIVATE|MAP_ANONYMOUS|MAP_NORESERVE, -1, 0 <unfinished ...>
16671 mmap(NULL, 16384, PROT_READ|PROT_WRITE, MAP_PRIVATE|MAP_ANONYMOUS|MAP_NORESERVE, -1, 0 <unfinished ...>
16670 <... munmap resumed>)             = 0
16669 <... munmap resumed>)             = 0
16668 <... munmap resumed>)             = 0
16667 <... mmap resumed>)               = 0x100040200000
16666 <... munmap resumed>)             = 0
16665 mmap(NULL, 16384, PROT_READ|PROT_WRITE, MAP_PRIVATE|MAP_ANONYMOUS|MAP_NORESERVE, -1, 0 <unfinished ...>
16664 mmap(NULL, 16384, PROT_READ|PROT_WRITE, MAP_PRIVATE|MAP_ANONYMOUS|MAP_NORESERVE, -1, 0 <unfinished ...>
16663 <... mmap resumed>)               = 0x100100200000
16662 <... munmap resumed>)             = 0
16661 mmap(NULL, 16384, PROT_READ|PROT_WRITE, MAP_PRIVATE|MAP_ANONYMOUS|MAP_NORESERVE, -1, 0 <unfinished ...>
16660 <... munmap resumed>)             = 0
16659 mmap(NULL, 16384, PROT_READ|PROT_WRITE, MAP_PRIVATE|MAP_ANONYMOUS|MAP_NORESERVE, -1, 0 <unfinished ...>
16657 <... munmap resumed>)             = 0
16672 <... mmap resumed>)               = 0x100000200000
16671 <... mmap resumed>)               = 0x100040600000
16670 mmap(NULL, 16384, PROT_READ|PROT_WRITE, MAP_PRIVATE|MAP_ANONYMOUS|MAP_NORESERVE, -1, 0 <unfinished ...>
16669 mmap(NULL, 16384, PROT_READ|PROT_WRITE, MAP_PRIVATE|MAP_ANONYMOUS|MAP_NORESERVE, -1, 0 <unfinished ...>
16668 mmap(NULL, 16384, PROT_READ|PROT_WRITE, MAP_PRIVATE|MAP_ANONYMOUS|MAP_NORESERVE, -1, 0 <unfinished ...>
16667 munmap(0x100040200000, 16384 <unfinished ...>
16666 mmap(NULL, 16384, PROT_READ|PROT_WRITE, MAP_PRIVATE|MAP_ANONYMOUS|MAP_NORESERVE, -1, 0 <unfinished ...>
16665 <... mmap resumed>)               = 0x100140000000
16664 <... mmap resumed>)               = 0x100140200000
16663 munmap(0x100100200000, 16384 <unfinished ...>
16661 <... mmap resumed>)               = 0x1000c0200000
16660 mmap(NULL, 16384, PROT_READ|PROT_WRITE, MAP_PRIVATE|MAP_ANONYMOUS|MAP_NORESERVE, -1, 0 <unfinished ...>
16658 mmap(NULL, 16384, PROT_READ|PROT_WRITE, MAP_PRIVATE|MAP_ANONYMOUS|MAP_NORESERVE, -1, 0 <unfinished ...>
16672 munmap(0x100000200000, 16384 <unfinished ...>
16671 munmap(0x100040600000, 16384 <unfinished ...>
16670 <... mmap resumed>)               = 0x1000c0000000
16669 <... mmap resumed>)               = 0x1001c0000000
16668 <... mmap resumed>)               = 0x100180000000
16667 <... munmap resumed>)             = 0
16666 <... mmap resumed>)               = 0x100040000000
16665 munmap(0x100140000000, 16384 <unfinished ...>
16664 munmap(0x100140200000, 16384 <unfinished ...>
16663 <... munmap resumed>)             = 0
16662 mmap(NULL, 16384, PROT_READ|PROT_WRITE, MAP_PRIVATE|MAP_ANONYMOUS|MAP_NORESERVE, -1, 0 <unfinished ...>
16661 munmap(0x1000c0200000, 16384 <unfinished ...>
16660 <... mmap resumed>)               = 0x100040200000
16659 <... mmap resumed>)               = 0x100180200000
16657 mmap(NULL, 16384, PROT_READ|PROT_WRITE, MAP_PRIVATE|MAP_ANONYMOUS|MAP_NORESERVE, -1, 0 <unfinished ...>
16672 <... munmap resumed>)             = 0
16671 <... munmap resumed>)             = 0
16670 munmap(0x1000c0000000, 16384 <unfinished ...>
16669 munmap(0x1001c0000000, 16384 <unfinished ...>
16668 munmap(0x100180000000, 16384 <unfinished ...>
16667 mmap(NULL, 16384, PROT_READ|PROT_WRITE, MAP_PRIVATE|MAP_ANONYMOUS|MAP_NORESERVE, -1, 0 <unfinished ...>
16666 munmap(0x100040000000, 16384 <unfinished ...>
16665 <... munmap resumed>)             = 0
16664 <... munmap resumed>)             = 0
16663 mmap(NULL, 16384, PROT_READ|PROT_WRITE, MAP_PRIVATE|MAP_ANONYMOUS|MAP_NORESERVE, -1, 0 <unfinished ...>
16662 <... mmap resumed>)               = 0x100140200000
16661 <... munmap resumed>)             = 0
16660 munmap(0x100040200000, 16384 <unfinished ...>
16658 <... mmap resumed>)               = 0x100100200000
16672 mmap(NULL, 16384, PROT_READ|PROT_WRITE, MAP_PRIVATE|MAP_ANONYMOUS|MAP_NORESERVE, -1, 0 <unfinished ...>
16671 mmap(NULL, 16384, PROT_READ|PROT_WRITE, MAP_PRIVATE|MAP_ANONYMOUS|MAP_NORESERVE, -1, 0 <unfinished ...>
16670 <... munmap resumed>)             = 0
16669 <... munmap resumed>)             = 0
16668 <... munmap resumed>)             = 0
16667 <... mmap resumed>)               = 0x1000c0000000
16666 <... munmap resumed>)             = 0
16665 mmap(NULL, 16384, PROT_READ|PROT_WRITE, MAP_PRIVATE|MAP_ANONYMOUS|MAP_NORESERVE, -1, 0 <unfinished ...>
16664 mmap(NULL, 16384, PROT_READ|PROT_WRITE, MAP_PRIVATE|MAP_ANONYMOUS|MAP_NORESERVE, -1, 0 <unfinished ...>
16663 <... mmap resumed>)               = 0x100040000000
16662 munmap(0x100140200000, 16384 <unfinished ...>
16661 mmap(NULL, 16384, PROT_READ|PROT_WRITE, MAP_PRIVATE|MAP_ANONYMOUS|MAP_NORESERVE, -1, 0 <unfinished ...>
16660 <... munmap resumed>)             = 0
16659 munmap(0x100180200000, 16384 <unfinished ...>
16657 <... mmap resumed>)               = 0x1000c0200000
16672 <... mmap resumed>)               = 0x100040200000
16671 <... mmap resumed>)               = 0x100180000000
16670 mmap(NULL, 16384, PROT_READ|PROT_WRITE, MAP_PRIVATE|MAP_ANONYMOUS|MAP_NORESERVE, -1, 0 <unfinished ...>
16669 mmap(NULL, 16384, PROT_READ|PROT_WRITE, MAP_PRIVATE|MAP_ANONYMOUS|MAP_NORESERVE, -1, 0 <unfinished ...>
16668 mmap(NULL, 16384, PROT_READ|PROT_WRITE, MAP_PRIVATE|MAP_ANONYMOUS|MAP_NORESERVE, -1, 0 <unfinished ...>
16667 munmap(0x1000c0000000, 16384 <unfinished ...>
16666 mmap(NULL, 16384, PROT_READ|PROT_WRITE, MAP_PRIVATE|MAP_ANONYMOUS|MAP_NORESERVE, -1, 0 <unfinished ...>
16665 <... mmap resumed>)               = 0x1001c0000000
16664 <... mmap resumed>)               = 0x100140000000
16663 munmap(0x100040000000, 16384 <unfinished ...>
16662 <... munmap resumed>)             = 0
16661 <... mmap resumed>)               = 0x100140200000
16658 munmap(0x100100200000, 16384 <unfinished ...>
16672 munmap(0x100040200000, 16384 <unfinished ...>
16671 munmap(0x100180000000, 16384 <unfinished ...>
16670 <... mmap resumed>)               = 0x100040600000
16669 <... mmap resumed>)               = 0x100180200000
16668 <... mmap resumed>)               = 0x1000c0000000
16667 <... munmap resumed>)             = 0
16666 <... mmap resumed>)               = 0x100040000000
16665 munmap(0x1001c0000000, 16384 <unfinished ...>
16664 munmap(0x100140000000, 16384 <unfinished ...>
16663 <... munmap resumed>)             = 0
16662 mmap(NULL, 16384, PROT_READ|PROT_WRITE, MAP_PRIVATE|MAP_ANONYMOUS|MAP_NORESERVE, -1, 0 <unfinished ...>
16661 munmap(0x100140200000, 16384 <unfinished ...>
16660 mmap(NULL, 16384, PROT_READ|PROT_WRITE, MAP_PRIVATE|MAP_ANONYMOUS|MAP_NORESERVE, -1, 0 <unfinished ...>
16659 <... munmap resumed>)             = 0
16657 munmap(0x1000c0200000, 16384 <unfinished ...>
16672 <... munmap resumed>)             = 0
16671 <... munmap resumed>)             = 0
16670 munmap(0x100040600000, 16384 <unfinished ...>
16669 munmap(0x100180200000, 16384 <unfinished ...>
16668 munmap(0x1000c0000000, 16384 <unfinished ...>
16667 mmap(NULL, 16384, PROT_READ|PROT_WRITE, MAP_PRIVATE|MAP_ANONYMOUS|MAP_NORESERVE, -1, 0 <unfinished ...>
16666 munmap(0x100040000000, 16384 <unfinished ...>
16665 <... munmap resumed>)             = 0
16664 <... munmap resumed>)             = 0
16663 mmap(NULL, 16384, PROT_READ|PROT_WRITE, MAP_PRIVATE|MAP_ANONYMOUS|MAP_NORESERVE, -1, 0 <unfinished ...>
16662 <... mmap resumed>)               = 0x100140000000
16661 <... munmap resumed>)             = 0
16659 mmap(NULL, 16384, PROT_READ|PROT_WRITE, MAP_PRIVATE|MAP_ANONYMOUS|MAP_NORESERVE, -1, 0 <unfinished ...>
16658 <... munmap resumed>)             = 0
16672 mmap(NULL, 16384, PROT_READ|PROT_WRITE, MAP_PRIVATE|MAP_ANONYMOUS|MAP_NORESERVE, -1, 0 <unfinished ...>
16671 mmap(NULL, 16384, PROT_READ|PROT_WRITE, MAP_PRIVATE|MAP_ANONYMOUS|MAP_NORESERVE, -1, 0 <unfinished ...>
16670 <... munmap resumed>)             = 0
16669 <... munmap resumed>)             = 0
16668 <... munmap resumed>)             = 0
16667 <... mmap resumed>)               = 0x100040600000
16666 <... munmap resumed>)             = 0
16665 mmap(NULL, 16384, PROT_READ|PROT_WRITE, MAP_PRIVATE|MAP_ANONYMOUS|MAP_NORESERVE, -1, 0 <unfinished ...>
16664 mmap(NULL, 16384, PROT_READ|PROT_WRITE, MAP_PRIVATE|MAP_ANONYMOUS|MAP_NORESERVE, -1, 0 <unfinished ...>
16663 <... mmap resumed>)               = 0x100180200000
16662 munmap(0x100140000000, 16384 <unfinished ...>
16660 <... mmap resumed>)               = 0x100140200000
16657 <... munmap resumed>)             = 0
16672 <... mmap resumed>)               = 0x100040000000
16671 <... mmap resumed>)               = 0x1000c0200000
16670 mmap(NULL, 16384, PROT_READ|PROT_WRITE, MAP_PRIVATE|MAP_ANONYMOUS|MAP_NORESERVE, -1, 0 <unfinished ...>
16669 mmap(NULL, 16384, PROT_READ|PROT_WRITE, MAP_PRIVATE|MAP_ANONYMOUS|MAP_NORESERVE, -1, 0 <unfinished ...>
16668 mmap(NULL, 16384, PROT_READ|PROT_WRITE, MAP_PRIVATE|MAP_ANONYMOUS|MAP_NORESERVE, -1, 0 <unfinished ...>
16667 munmap(0x100040600000, 16384 <unfinished ...>
16665 <... mmap resumed>)               = 0x100100200000
16664 <... mmap resumed>)               = 0x1001c0000000
16663 munmap(0x100180200000, 16384 <unfinished ...>
16661 mmap(NULL, 16384, PROT_READ|PROT_WRITE, MAP_PRIVATE|MAP_ANONYMOUS|MAP_NORESERVE, -1, 0 <unfinished ...>
16659 <... mmap resumed>)               = 0x1000c0000000
16658 mmap(NULL, 16384, PROT_READ|PROT_WRITE, MAP_PRIVATE|MAP_ANONYMOUS|MAP_NORESERVE, -1, 0 <unfinished ...>
16672 munmap(0x100040000000, 16384 <unfinished ...>
16671 munmap(0x1000c0200000, 16384 <unfinished ...>
16670 <... mmap resumed>)               = 0x100140000000
16669 <... mmap resumed>)               = 0x100180000000
16668 <... mmap resumed>)               = 0x100040600000
16667 <... munmap resumed>)             = 0
16666 mmap(NULL, 16384, PROT_READ|PROT_WRITE, MAP_PRIVATE|MAP_ANONYMOUS|MAP_NORESERVE, -1, 0 <unfinished ...>
16665 munmap(0x100100200000, 16384 <unfinished ...>
16664 munmap(0x1001c0000000, 16384 <unfinished ...>
16663 <... munmap resumed>)             = 0
16662 <... munmap resumed>)             = 0
16661 <... mmap resumed>)               = 0x100040200000
16660 munmap(0x100140200000, 16384 <unfinished ...>
16657 mmap(NULL, 16384, PROT_READ|PROT_WRITE, MAP_PRIVATE|MAP_ANONYMOUS|MAP_NORESERVE, -1, 0 <unfinished ...>
16672 <... munmap resumed>)             = 0
16671 <... munmap resumed>)             = 0
16670 munmap(0x100140000000, 16384 <unfinished ...>
16669 munmap(0x100180000000, 16384 <unfinished ...>
16668 munmap(0x100040600000, 16384 <unfinished ...>
16667 mmap(NULL, 16384, PROT_READ|PROT_WRITE, MAP_PRIVATE|MAP_ANONYMOUS|MAP_NORESERVE, -1, 0 <unfinished ...>
16666 <... mmap resumed>)               = 0x100100200000
16665 <... munmap resumed>)             = 0
16664 <... munmap resumed>)             = 0
16663 mmap(NULL, 16384, PROT_READ|PROT_WRITE, MAP_PRIVATE|MAP_ANONYMOUS|MAP_NORESERVE, -1, 0 <unfinished ...>
16662 mmap(NULL, 16384, PROT_READ|PROT_WRITE, MAP_PRIVATE|MAP_ANONYMOUS|MAP_NORESERVE, -1, 0 <unfinished ...>
16661 munmap(0x100040200000, 16384 <unfinished ...>
16659 munmap(0x1000c0000000, 16384 <unfinished ...>
16658 <... mmap resumed>)               = 0x100180200000
16672 mmap(NULL, 16384, PROT_READ|PROT_WRITE, MAP_PRIVATE|MAP_ANONYMOUS|MAP_NORESERVE, -1, 0 <unfinished ...>
16671 mmap(NULL, 16384, PROT_READ|PROT_WRITE, MAP_PRIVATE|MAP_ANONYMOUS|MAP_NORESERVE, -1, 0 <unfinished ...>
16670 <... munmap resumed>)             = 0
16662 <... mmap resumed>)               = 0x100140000000
16660 <... munmap resumed>)             = 0
16657 <... mmap resumed>)               = 0x1001c0000000
16672 <... mmap resumed>)               = 0x100040200000
16671 <... mmap resumed>)               = 0x100140200000
16666 munmap(0x100100200000, 16384 <unfinished ...>
16663 <... mmap resumed>)               = 0x1000c0000000
16661 <... munmap resumed>)             = 0
16670 mmap(NULL, 16384, PROT_READ|PROT_WRITE, MAP_PRIVATE|MAP_ANONYMOUS|MAP_NORESERVE, -1, 0 <unfinished ...>
16659 <... munmap resumed>)             = 0
16672 munmap(0x100040200000, 16384 <unfinished ...>
16671 munmap(0x100140200000, 16384 <unfinished ...>
16670 <... mmap resumed>)               = 0x100180000000
16669 <... munmap resumed>)             = 0
16668 <... munmap resumed>)             = 0
16667 <... mmap resumed>)               = 0x100100200000
16666 <... munmap resumed>)             = 0
16665 mmap(NULL, 16384, PROT_READ|PROT_WRITE, MAP_PRIVATE|MAP_ANONYMOUS|MAP_NORESERVE, -1, 0 <unfinished ...>
16664 mmap(NULL, 16384, PROT_READ|PROT_WRITE, MAP_PRIVATE|MAP_ANONYMOUS|MAP_NORESERVE, -1, 0 <unfinished ...>
16663 munmap(0x1000c0000000, 16384 <unfinished ...>
16662 munmap(0x100140000000, 16384 <unfinished ...>
16661 mmap(NULL, 16384, PROT_READ|PROT_WRITE, MAP_PRIVATE|MAP_ANONYMOUS|MAP_NORESERVE, -1, 0 <unfinished ...>
16660 mmap(NULL, 16384, PROT_READ|PROT_WRITE, MAP_PRIVATE|MAP_ANONYMOUS|MAP_NORESERVE, -1, 0 <unfinished ...>
16658 munmap(0x100180200000, 16384 <unfinished ...>
16657 munmap(0x1001c0000000, 16384 <unfinished ...>
16672 <... munmap resumed>)             = 0
16671 <... munmap resumed>)             = 0
16670 munmap(0x100180000000, 16384 <unfinished ...>
16669 mmap(NULL, 16384, PROT_READ|PROT_WRITE, MAP_PRIVATE|MAP_ANONYMOUS|MAP_NORESERVE, -1, 0 <unfinished ...>
16668 mmap(NULL, 16384, PROT_READ|PROT_WRITE, MAP_PRIVATE|MAP_ANONYMOUS|MAP_NORESERVE, -1, 0 <unfinished ...>
16667 munmap(0x100100200000, 16384 <unfinished ...>
16666 mmap(NULL, 16384, PROT_READ|PROT_WRITE, MAP_PRIVATE|MAP_ANONYMOUS|MAP_NORESERVE, -1, 0 <unfinished ...>
16665 <... mmap resumed>)               = 0x1000c0000000
16664 <... mmap resumed>)               = 0x100140200000
16663 <... munmap resumed>)             = 0
16662 <... munmap resumed>)             = 0
16661 <... mmap resumed>)               = 0x100140000000
16659 mmap(NULL, 16384, PROT_READ|PROT_WRITE, MAP_PRIVATE|MAP_ANONYMOUS|MAP_NORESERVE, -1, 0 <unfinished ...>
16672 mmap(NULL, 16384, PROT_READ|PROT_WRITE, MAP_PRIVATE|MAP_ANONYMOUS|MAP_NORESERVE, -1, 0 <unfinished ...>
16671 mmap(NULL, 16384, PROT_READ|PROT_WRITE, MAP_PRIVATE|MAP_ANONYMOUS|MAP_NORESERVE, -1, 0 <unfinished ...>
16670 <... munmap resumed>)             = 0
16669 <... mmap resumed>)               = 0x100180000000
16668 <... mmap resumed>)               = 0x100180200000
16667 <... munmap resumed>)             = 0
16666 <... mmap resumed>)               = 0x100100200000
16665 munmap(0x1000c0000000, 16384 <unfinished ...>
16664 munmap(0x100140200000, 16384 <unfinished ...>
16663 mmap(NULL, 16384, PROT_READ|PROT_WRITE, MAP_PRIVATE|MAP_ANONYMOUS|MAP_NORESERVE, -1, 0 <unfinished ...>
16662 mmap(NULL, 16384, PROT_READ|PROT_WRITE, MAP_PRIVATE|MAP_ANONYMOUS|MAP_NORESERVE, -1, 0 <unfinished ...>
16661 munmap(0x100140000000, 16384 <unfinished ...>
16660 <... mmap resumed>)               = 0x1001c0000000
16658 <... munmap resumed>)             = 0
16657 <... munmap resumed>)             = 0
16672 <... mmap resumed>)               = 0x100040200000
16671 <... mmap resumed>)               = 0x1000c0200000
16670 mmap(NULL, 16384, PROT_READ|PROT_WRITE, MAP_PRIVATE|MAP_ANONYMOUS|MAP_NORESERVE, -1, 0 <unfinished ...>
16669 munmap(0x100180000000, 16384 <unfinished ...>
16668 munmap(0x100180200000, 16384 <unfinished ...>
16667 mmap(NULL, 16384, PROT_READ|PROT_WRITE, MAP_PRIVATE|MAP_ANONYMOUS|MAP_NORESERVE, -1, 0 <unfinished ...>
16666 munmap(0x100100200000, 16384 <unfinished ...>
16665 <... munmap resumed>)             = 0
16664 <... munmap resumed>)             = 0
16663 <... mmap resumed>)               = 0x100140200000
16662 <... mmap resumed>)               = 0x1000c0000000
16661 <... munmap resumed>)             = 0
16660 munmap(0x1001c0000000, 16384 <unfinished ...>
16659 <... mmap resumed>)               = 0x100040600000
16658 mmap(NULL, 16384, PROT_READ|PROT_WRITE, MAP_PRIVATE|MAP_ANONYMOUS|MAP_NORESERVE, -1, 0 <unfinished ...>
16672 munmap(0x100040200000, 16384 <unfinished ...>
16671 munmap(0x1000c0200000, 16384 <unfinished ...>
16670 <... mmap resumed>)               = 0x100140000000
16669 <... munmap resumed>)             = 0
16668 <... munmap resumed>)             = 0
16667 <... mmap resumed>)               = 0x100180200000
16666 <... munmap resumed>)             = 0
16665 mmap(NULL, 16384, PROT_READ|PROT_WRITE, MAP_PRIVATE|MAP_ANONYMOUS|MAP_NORESERVE, -1, 0 <unfinished ...>
16664 mmap(NULL, 16384, PROT_READ|PROT_WRITE, MAP_PRIVATE|MAP_ANONYMOUS|MAP_NORESERVE, -1, 0 <unfinished ...>
16663 munmap(0x100140200000, 16384 <unfinished ...>
16662 munmap(0x1000c0000000, 16384 <unfinished ...>
16661 mmap(NULL, 16384, PROT_READ|PROT_WRITE, MAP_PRIVATE|MAP_ANONYMOUS|MAP_NORESERVE, -1, 0 <unfinished ...>
16660 <... munmap resumed>)             = 0
16659 munmap(0x100040600000, 16384 <unfinished ...>
16658 <... mmap resumed>)               = 0x1001c0000000
16657 mmap(NULL, 16384, PROT_READ|PROT_WRITE, MAP_PRIVATE|MAP_ANONYMOUS|MAP_NORESERVE, -1, 0 <unfinished ...>
16672 <... munmap resumed>)             = 0
16671 <... munmap resumed>)             = 0
16670 munmap(0x100140000000, 16384 <unfinished ...>
16669 mmap(NULL, 16384, PROT_READ|PROT_WRITE, MAP_PRIVATE|MAP_ANONYMOUS|MAP_NORESERVE, -1, 0 <unfinished ...>
16668 mmap(NULL, 16384, PROT_READ|PROT_WRITE, MAP_PRIVATE|MAP_ANONYMOUS|MAP_NORESERVE, -1, 0 <unfinished ...>
16667 munmap(0x100180200000, 16384 <unfinished ...>
16666 mmap(NULL, 16384, PROT_READ|PROT_WRITE, MAP_PRIVATE|MAP_ANONYMOUS|MAP_NORESERVE, -1, 0 <unfinished ...>
16665 <... mmap resumed>)               = 0x1000c0200000
16664 <... mmap resumed>)               = 0x100040200000
16672 mmap(NULL, 16384, PROT_READ|PROT_WRITE, MAP_PRIVATE|MAP_ANONYMOUS|MAP_NORESERVE, -1, 0 <unfinished ...>
16671 mmap(NULL, 16384, PROT_READ|PROT_WRITE, MAP_PRIVATE|MAP_ANONYMOUS|MAP_NORESERVE, -1, 0 <unfinished ...>
16670 <... munmap resumed>)             = 0
16669 <... mmap resumed>)               = 0x1000c0000000
16668 <... mmap resumed>)               = 0x100140200000
16667 <... munmap resumed>)             = 0
16666 <... mmap resumed>)               = 0x100100200000
16665 munmap(0x1000c0200000, 16384 <unfinished ...>
16664 munmap(0x100040200000, 16384 <unfinished ...>
16663 <... munmap resumed>)             = 0
16662 <... munmap resumed>)             = 0
16661 <... mmap resumed>)               = 0x100140000000
16660 mmap(NULL, 16384, PROT_READ|PROT_WRITE, MAP_PRIVATE|MAP_ANONYMOUS|MAP_NORESERVE, -1, 0 <unfinished ...>
16659 <... munmap resumed>)             = 0
16658 munmap(0x1001c0000000, 16384 <unfinished ...>
16657 <... mmap resumed>)               = 0x100040600000
16672 <... mmap resumed>)               = 0x100180000000
16671 <... mmap resumed>)               = 0x100180200000
16670 mmap(NULL, 16384, PROT_READ|PROT_WRITE, MAP_PRIVATE|MAP_ANONYMOUS|MAP_NORESERVE, -1, 0 <unfinished ...>
16669 munmap(0x1000c0000000, 16384 <unfinished ...>
16668 munmap(0x100140200000, 16384 <unfinished ...>
16667 mmap(NULL, 16384, PROT_READ|PROT_WRITE, MAP_PRIVATE|MAP_ANONYMOUS|MAP_NORESERVE, -1, 0 <unfinished ...>
16666 munmap(0x100100200000, 16384 <unfinished ...>
16665 <... munmap resumed>)             = 0
16664 <... munmap resumed>)             = 0
16663 mmap(NULL, 16384, PROT_READ|PROT_WRITE, MAP_PRIVATE|MAP_ANONYMOUS|MAP_NORESERVE, -1, 0 <unfinished ...>
16662 mmap(NULL, 16384, PROT_READ|PROT_WRITE, MAP_PRIVATE|MAP_ANONYMOUS|MAP_NORESERVE, -1, 0 <unfinished ...>
16661 munmap(0x100140000000, 16384 <unfinished ...>
16660 <... mmap resumed>)               = 0x1000c0200000
16659 mmap(NULL, 16384, PROT_READ|PROT_WRITE, MAP_PRIVATE|MAP_ANONYMOUS|MAP_NORESERVE, -1, 0 <unfinished ...>
16658 <... munmap resumed>)             = 0
16672 munmap(0x100180000000, 16384 <unfinished ...>
16671 munmap(0x100180200000, 16384 <unfinished ...>
16670 <... mmap resumed>)               = 0x1001c0000000
16669 <... munmap resumed>)             = 0
16668 <... munmap resumed>)             = 0
16667 <... mmap resumed>)               = 0x100140200000
16666 <... munmap resumed>)             = 0
16665 mmap(NULL, 16384, PROT_READ|PROT_WRITE, MAP_PRIVATE|MAP_ANONYMOUS|MAP_NORESERVE, -1, 0 <unfinished ...>
16664 mmap(NULL, 16384, PROT_READ|PROT_WRITE, MAP_PRIVATE|MAP_ANONYMOUS|MAP_NORESERVE, -1, 0 <unfinished ...>
16663 <... mmap resumed>)               = 0x100100200000
16662 <... mmap resumed>)               = 0x1000c0000000
16661 <... munmap resumed>)             = 0
16660 munmap(0x1000c0200000, 16384 <unfinished ...>
16659 <... mmap resumed>)               = 0x100140000000
16657 munmap(0x100040600000, 16384 <unfinished ...>
16672 <... munmap resumed>)             = 0
16671 <... munmap resumed>)             = 0
16670 munmap(0x1001c0000000, 16384 <unfinished ...>
16669 mmap(NULL, 16384, PROT_READ|PROT_WRITE, MAP_PRIVATE|MAP_ANONYMOUS|MAP_NORESERVE, -1, 0 <unfinished ...>
16668 mmap(NULL, 16384, PROT_READ|PROT_WRITE, MAP_PRIVATE|MAP_ANONYMOUS|MAP_NORESERVE, -1, 0 <unfinished ...>
16667 munmap(0x100140200000, 16384 <unfinished ...>
16666 mmap(NULL, 16384, PROT_READ|PROT_WRITE, MAP_PRIVATE|MAP_ANONYMOUS|MAP_NORESERVE, -1, 0 <unfinished ...>
16665 <... mmap resumed>)               = 0x100180200000
16664 <... mmap resumed>)               = 0x100180000000
16661 mmap(NULL, 16384, PROT_READ|PROT_WRITE, MAP_PRIVATE|MAP_ANONYMOUS|MAP_NORESERVE, -1, 0 <unfinished ...>
16660 <... munmap resumed>)             = 0
16658 mmap(NULL, 16384, PROT_READ|PROT_WRITE, MAP_PRIVATE|MAP_ANONYMOUS|MAP_NORESERVE, -1, 0 <unfinished ...>
16672 mmap(NULL, 16384, PROT_READ|PROT_WRITE, MAP_PRIVATE|MAP_ANONYMOUS|MAP_NORESERVE, -1, 0 <unfinished ...>
16671 mmap(NULL, 16384, PROT_READ|PROT_WRITE, MAP_PRIVATE|MAP_ANONYMOUS|MAP_NORESERVE, -1, 0 <unfinished ...>
16670 <... munmap resumed>)             = 0
16669 <... mmap resumed>)               = 0x1001c0000000
16668 <... mmap resumed>)               = 0x100040600000
16667 <... munmap resumed>)             = 0
16666 <... mmap resumed>)               = 0x1000c0200000
16665 munmap(0x100180200000, 16384 <unfinished ...>
16664 munmap(0x100180000000, 16384 <unfinished ...>
16663 munmap(0x100100200000, 16384 <unfinished ...>
16662 munmap(0x1000c0000000, 16384 <unfinished ...>
16660 mmap(NULL, 16384, PROT_READ|PROT_WRITE, MAP_PRIVATE|MAP_ANONYMOUS|MAP_NORESERVE, -1, 0 <unfinished ...>
16659 munmap(0x100140000000, 16384 <unfinished ...>
16657 <... munmap resumed>)             = 0
16672 <... mmap resumed>)               = 0x100040200000
16671 <... mmap resumed>)               = 0x100040000000
16670 mmap(NULL, 16384, PROT_READ|PROT_WRITE, MAP_PRIVATE|MAP_ANONYMOUS|MAP_NORESERVE, -1, 0 <unfinished ...>
16669 munmap(0x1001c0000000, 16384 <unfinished ...>
16668 munmap(0x100040600000, 16384 <unfinished ...>
16667 mmap(NULL, 16384, PROT_READ|PROT_WRITE, MAP_PRIVATE|MAP_ANONYMOUS|MAP_NORESERVE, -1, 0 <unfinished ...>
16666 munmap(0x1000c0200000, 16384 <unfinished ...>
16665 <... munmap resumed>)             = 0
16664 <... munmap resumed>)             = 0
16663 <... munmap resumed>)             = 0
16662 <... munmap resumed>)             = 0
16661 <... mmap resumed>)               = 0x100000200000
16658 <... mmap resumed>)               = 0x100140200000
16672 munmap(0x100040200000, 16384 <unfinished ...>
16671 munmap(0x100040000000, 16384 <unfinished ...>
16670 <... mmap resumed>)               = 0x100140000000
16669 <... munmap resumed>)             = 0
16668 <... munmap resumed>)             = 0
16667 <... mmap resumed>)               = 0x1000c0200000
16666 <... munmap resumed>)             = 0
16665 mmap(NULL, 16384, PROT_READ|PROT_WRITE, MAP_PRIVATE|MAP_ANONYMOUS|MAP_NORESERVE, -1, 0 <unfinished ...>
16664 mmap(NULL, 16384, PROT_READ|PROT_WRITE, MAP_PRIVATE|MAP_ANONYMOUS|MAP_NORESERVE, -1, 0 <unfinished ...>
16663 futex(0x7ffcc6388134, FUTEX_WAIT_PRIVATE, 0, NULL <unfinished ...>
16662 mmap(NULL, 16384, PROT_READ|PROT_WRITE, MAP_PRIVATE|MAP_ANONYMOUS|MAP_NORESERVE, -1, 0 <unfinished ...>
16661 munmap(0x100000200000, 16384 <unfinished ...>
16660 <... mmap resumed>)               = 0x1001c0000000
16659 <... munmap resumed>)             = 0
16658 munmap(0x100140200000, 16384 <unfinished ...>
16657 mmap(NULL, 16384, PROT_READ|PROT_WRITE, MAP_PRIVATE|MAP_ANONYMOUS|MAP_NORESERVE, -1, 0 <unfinished ...>
16672 <... munmap resumed>)             = 0
16671 <... munmap resumed>)             = 0
16670 munmap(0x100140000000, 16384 <unfinished ...>
16669 mmap(NULL, 16384, PROT_READ|PROT_WRITE, MAP_PRIVATE|MAP_ANONYMOUS|MAP_NORESERVE, -1, 0 <unfinished ...>
16668 mmap(NULL, 16384, PROT_READ|PROT_WRITE, MAP_PRIVATE|MAP_ANONYMOUS|MAP_NORESERVE, -1, 0 <unfinished ...>
16667 munmap(0x1000c0200000, 16384 <unfinished ...>
16666 mmap(NULL, 16384, PROT_READ|PROT_WRITE, MAP_PRIVATE|MAP_ANONYMOUS|MAP_NORESERVE, -1, 0 <unfinished ...>
16665 <... mmap resumed>)               = 0x100040000000
16664 <... mmap resumed>)               = 0x100040200000
16662 <... mmap resumed>)               = 0x100040600000
16661 <... munmap resumed>)             = 0
16660 munmap(0x1001c0000000, 16384 <unfinished ...>
16659 futex(0x7ffcc6388134, FUTEX_WAIT_PRIVATE, 0, NULL <unfinished ...>
16658 <... munmap resumed>)             = 0
16657 <... mmap resumed>)               = 0x100000200000
16672 futex(0x7ffcc6388134, FUTEX_WAIT_PRIVATE, 0, NULL <unfinished ...>
16671 futex(0x7ffcc6388134, FUTEX_WAIT_PRIVATE, 0, NULL <unfinished ...>
16670 <... munmap resumed>)             = 0
16669 <... mmap resumed>)               = 0x100100200000
16668 <... mmap resumed>)               = 0x100140000000
16667 <... munmap resumed>)             = 0
16666 <... mmap resumed>)               = 0x100140200000
16665 munmap(0x100040000000, 16384 <unfinished ...>
16664 munmap(0x100040200000, 16384 <unfinished ...>
16662 munmap(0x100040600000, 16384 <unfinished ...>
16661 futex(0x7ffcc6388134, FUTEX_WAIT_PRIVATE, 0, NULL <unfinished ...>
16657 munmap(0x100000200000, 16384 <unfinished ...>
16670 futex(0x7ffcc6388134, FUTEX_WAIT_PRIVATE, 0, NULL <unfinished ...>
16669 munmap(0x100100200000, 16384 <unfinished ...>
16668 munmap(0x100140000000, 16384 <unfinished ...>
16667 futex(0x7ffcc6388134, FUTEX_WAIT_PRIVATE, 0, NULL <unfinished ...>
16666 munmap(0x100140200000, 16384 <unfinished ...>
16665 <... munmap resumed>)             = 0
16664 <... munmap resumed>)             = 0
16660 <... munmap resumed>)             = 0
16658 futex(0x7ffcc6388134, FUTEX_WAIT_PRIVATE, 0, NULL <unfinished ...>
16669 <... munmap resumed>)             = 0
16668 <... munmap resumed>)             = 0
16666 <... munmap resumed>)             = 0
16665 futex(0x7ffcc6388134, FUTEX_WAIT_PRIVATE, 0, NULL <unfinished ...>
16664 futex(0x7ffcc6388134, FUTEX_WAIT_PRIVATE, 0, NULL <unfinished ...>
16662 <... munmap resumed>)             = 0
16657 <... munmap resumed>)             = 0
16669 futex(0x7ffcc6388134, FUTEX_WAIT_PRIVATE, 0, NULL <unfinished ...>
16668 futex(0x7ffcc6388134, FUTEX_WAIT_PRIVATE, 0, NULL <unfinished ...>
16666 futex(0x7ffcc6388134, FUTEX_WAIT_PRIVATE, 0, NULL <unfinished ...>
16660 futex(0x7ffcc6388134, FUTEX_WAIT_PRIVATE, 0, NULL <unfinished ...>
16666 <... futex resumed>)              = -1 EAGAIN (Resource temporarily unavailable)
16664 <... futex resumed>)              = -1 EAGAIN (Resource temporarily unavailable)
16662 futex(0x7ffcc6388134, FUTEX_WAKE_PRIVATE, 2147483647 <unfinished ...>
16657 futex(0x7ffcc6388134, FUTEX_WAIT_PRIVATE, 0, NULL <unfinished ...>
16668 <... futex resumed>)              = -1 EAGAIN (Resource temporarily unavailable)
16660 <... futex resumed>)              = -1 EAGAIN (Resource temporarily unavailable)
16666 rt_sigprocmask(SIG_BLOCK, ~[RT_1],  <unfinished ...>
16657 <... futex resumed>)              = -1 EAGAIN (Resource temporarily unavailable)
16664 rt_sigprocmask(SIG_BLOCK, ~[RT_1],  <unfinished ...>
16656 <... futex resumed>)              = 0
16672 <... futex resumed>)              = 0
16671 <... futex resumed>)              = 0
16670 <... futex resumed>)              = 0
16669 <... futex resumed>)              = -1 EAGAIN (Resource temporarily unavailable)
16668 rt_sigprocmask(SIG_BLOCK, ~[RT_1],  <unfinished ...>
16667 <... futex resumed>)              = 0
16666 <... rt_sigprocmask resumed>NULL, 8) = 0
16665 <... futex resumed>)              = 0
16664 <... rt_sigprocmask resumed>NULL, 8) = 0
16663 <... futex resumed>)              = 0
16662 <... futex resumed>)              = 9
16661 <... futex resumed>)              = 0
16660 rt_sigprocmask(SIG_BLOCK, ~[RT_1],  <unfinished ...>
16659 <... futex resumed>)              = 0
16657 rt_sigprocmask(SIG_BLOCK, ~[RT_1],  <unfinished ...>
16656 futex(0x7f4a09d30990, FUTEX_WAIT_BITSET|FUTEX_CLOCK_REALTIME, 16657, NULL, FUTEX_BITSET_MATCH_ANY <unfinished ...>
16672 rt_sigprocmask(SIG_BLOCK, ~[RT_1],  <unfinished ...>
16671 rt_sigprocmask(SIG_BLOCK, ~[RT_1],  <unfinished ...>
16670 rt_sigprocmask(SIG_BLOCK, ~[RT_1],  <unfinished ...>
16669 rt_sigprocmask(SIG_BLOCK, ~[RT_1],  <unfinished ...>
16668 <... rt_sigprocmask resumed>NULL, 8) = 0
16667 rt_sigprocmask(SIG_BLOCK, ~[RT_1],  <unfinished ...>
16666 madvise(0x7f4a04d27000, 8368128, MADV_DONTNEED <unfinished ...>
16665 rt_sigprocmask(SIG_BLOCK, ~[RT_1],  <unfinished ...>
16664 madvise(0x7f4a05d29000, 8368128, MADV_DONTNEED <unfinished ...>
16663 rt_sigprocmask(SIG_BLOCK, ~[RT_1],  <unfinished ...>
16662 rt_sigprocmask(SIG_BLOCK, ~[RT_1],  <unfinished ...>
16661 rt_sigprocmask(SIG_BLOCK, ~[RT_1],  <unfinished ...>
16660 <... rt_sigprocmask resumed>NULL, 8) = 0
16658 <... futex resumed>)              = -1 EAGAIN (Resource temporarily unavailable)
16672 <... rt_sigprocmask resumed>NULL, 8) = 0
16671 <... rt_sigprocmask resumed>NULL, 8) = 0
16670 <... rt_sigprocmask resumed>NULL, 8) = 0
16669 <... rt_sigprocmask resumed>NULL, 8) = 0
16668 madvise(0x7f4a03d25000, 8368128, MADV_DONTNEED <unfinished ...>
16667 <... rt_sigprocmask resumed>NULL, 8) = 0
16666 <... madvise resumed>)            = 0
16665 <... rt_sigprocmask resumed>NULL, 8) = 0
16664 <... madvise resumed>)            = 0
16663 <... rt_sigprocmask resumed>NULL, 8) = 0
16659 rt_sigprocmask(SIG_BLOCK, ~[RT_1],  <unfinished ...>
16657 <... rt_sigprocmask resumed>NULL, 8) = 0
16672 madvise(0x7f4a01d21000, 8368128, MADV_DONTNEED <unfinished ...>
16671 madvise(0x7f4a02522000, 8368128, MADV_DONTNEED <unfinished ...>
16670 madvise(0x7f4a02d23000, 8368128, MADV_DONTNEED <unfinished ...>
16669 madvise(0x7f4a03524000, 8368128, MADV_DONTNEED <unfinished ...>
16668 <... madvise resumed>)            = 0
16667 madvise(0x7f4a04526000, 8368128, MADV_DONTNEED <unfinished ...>
16666 exit(0 <unfinished ...>
16665 madvise(0x7f4a05528000, 8368128, MADV_DONTNEED <unfinished ...>
16664 exit(0 <unfinished ...>
16663 madvise(0x7f4a0652a000, 8368128, MADV_DONTNEED <unfinished ...>
16662 <... rt_sigprocmask resumed>NULL, 8) = 0
16661 <... rt_sigprocmask resumed>NULL, 8) = 0
16660 madvise(0x7f4a07d2d000, 8368128, MADV_DONTNEED <unfinished ...>
16659 <... rt_sigprocmask resumed>NULL, 8) = 0
16658 rt_sigprocmask(SIG_BLOCK, ~[RT_1],  <unfinished ...>
16672 <... madvise resumed>)            = 0
16671 <... madvise resumed>)            = 0
16668 exit(0 <unfinished ...>
16667 <... madvise resumed>)            = 0
16666 <... exit resumed>)               = ?
16662 madvise(0x7f4a06d2b000, 8368128, MADV_DONTNEED <unfinished ...>
16661 madvise(0x7f4a0752c000, 8368128, MADV_DONTNEED <unfinished ...>
16657 madvise(0x7f4a09530000, 8368128, MADV_DONTNEED <unfinished ...>
16672 exit(0 <unfinished ...>
16671 exit(0 <unfinished ...>
16664 <... exit resumed>)               = ?
16663 <... madvise resumed>)            = 0
16660 <... madvise resumed>)            = 0
16659 madvise(0x7f4a0852e000, 8368128, MADV_DONTNEED <unfinished ...>
16658 <... rt_sigprocmask resumed>NULL, 8) = 0
16672 <... exit resumed>)               = ?
16668 <... exit resumed>)               = ?
16667 exit(0 <unfinished ...>
16665 <... madvise resumed>)            = 0
16671 <... exit resumed>)               = ?
16670 <... madvise resumed>)            = 0
16669 <... madvise resumed>)            = 0
16667 <... exit resumed>)               = ?
16663 exit(0 <unfinished ...>
16662 <... madvise resumed>)            = 0
16657 <... madvise resumed>)            = 0
16669 exit(0 <unfinished ...>
16665 exit(0 <unfinished ...>
16663 <... exit resumed>)               = ?
16662 exit(0 <unfinished ...>
16657 exit(0 <unfinished ...>
16669 <... exit resumed>)               = ?
16665 <... exit resumed>)               = ?
16662 <... exit resumed>)               = ?
16657 <... exit resumed>)               = ?
16661 <... madvise resumed>)            = 0
16659 <... madvise resumed>)            = 0
16658 madvise(0x7f4a08d2f000, 8368128, MADV_DONTNEED <unfinished ...>
16656 <... futex resumed>)              = 0
16670 exit(0 <unfinished ...>
16661 exit(0 <unfinished ...>
16660 exit(0 <unfinished ...>
16659 exit(0 <unfinished ...>
16661 <... exit resumed>)               = ?
16658 <... madvise resumed>)            = 0
16660 <... exit resumed>)               = ?
16659 <... exit resumed>)               = ?
16656 futex(0x7f4a0952f990, FUTEX_WAIT_BITSET|FUTEX_CLOCK_REALTIME, 16658, NULL, FUTEX_BITSET_MATCH_ANY <unfinished ...>
16658 exit(0 <unfinished ...>
16670 <... exit resumed>)               = ?
16658 <... exit resumed>)               = ?
16656 <... futex resumed>)              = 0
16656 munmap(0x7f4a09530000, 8392704)   = 0
16656 munmap(0x7f4a08d2f000, 8392704)   = 0
16656 munmap(0x7f4a0852e000, 8392704)   = 0
16656 munmap(0x7f4a07d2d000, 8392704)   = 0
16656 munmap(0x7f4a0752c000, 8392704)   = 0
16656 munmap(0x7f4a06d2b000, 8392704)   = 0
16656 munmap(0x7f4a0652a000, 8392704)   = 0
16656 munmap(0x7f4a05d29000, 8392704)   = 0
16656 munmap(0x7f4a05528000, 8392704)   = 0
16656 munmap(0x7f4a04d27000, 8392704)   = 0
16656 munmap(0x7f4a04526000, 8392704)   = 0
16656 munmap(0x7f4a03d25000, 8392704)   = 0
16656 openat(AT_FDCWD, "/proc/self/statm", O_RDONLY) = 3
16656 fstat(3, {st_mode=S_IFREG|0444, st_size=0, ...}) = 0
16656 read(3, "17055 478 441 2 0 16474 0\n", 1024) = 26
16656 write(2, "mmbench: peak RSS ~1 MB\n", 24) = 24
16656 close(3)                          = 0
16656 uname({sysname="Linux", nodename="syzkaller", ...}) = 0
16656 uname({sysname="Linux", nodename="syzkaller", ...}) = 0
16656 fstat(1, {st_mode=S_IFCHR|0666, st_rdev=makedev(0x1, 0x3), ...}) = 0
16656 ioctl(1, TCGETS, 0x7ffcc63876e0)  = -1 ENOTTY (Inappropriate ioctl for device)
16656 write(1, "{\"bench\":\"mmap\",\"contention\":\"low\",\"threads\":16,\"ops\":3353,\"elapsed_s\":1.007,\"ops_per_us\":0.0002"..., 188) = 188
16656 rt_sigprocmask(SIG_BLOCK, ~[], [], 8) = 0
16656 clone(child_stack=NULL, flags=CLONE_CHILD_CLEARTID|CLONE_CHILD_SETTID|SIGCHLD <unfinished ...>
16683 set_robust_list(0x7f4a09d31a20, 24 <unfinished ...>
16656 <... clone resumed>, child_tidptr=0x7f4a09d31a10) = 16683
16683 <... set_robust_list resumed>)    = 0
16656 rt_sigprocmask(SIG_SETMASK, [],  <unfinished ...>
16683 rt_sigprocmask(SIG_SETMASK, [],  <unfinished ...>
16656 <... rt_sigprocmask resumed>NULL, 8) = 0
16683 <... rt_sigprocmask resumed>NULL, 8) = 0
16656 wait4(16683,  <unfinished ...>
16683 exit_group(42)                    = ?
16656 <... wait4 resumed>[{WIFEXITED(s) && WEXITSTATUS(s) == 42}], 0, NULL) = 16683
16656 --- SIGCHLD {si_signo=SIGCHLD, si_code=CLD_EXITED, si_pid=16683, si_uid=0, si_status=42, si_utime=0, si_stime=0} ---
16656 write(2, "corten_mode_hook: fork-probe OK (threads+arenas alive, child exited 42)\n", 72) = 72
16656 exit_group(0)                     = ?
