2343  execve("/mnt/hostshare/cortenmm/bench/apps/metis_eq", ["/mnt/hostshare/cortenmm/bench/apps/metis_eq", "8", "/root/data/text1600.txt"], 0x7ffffce4cf90 /* 31 vars */) = 0
2343  brk(NULL)                         = 0x560f193a0000
2343  mmap(NULL, 8192, PROT_READ|PROT_WRITE, MAP_PRIVATE|MAP_ANONYMOUS, -1, 0) = 0x7f65d9d16000
2343  access("/etc/ld.so.preload", R_OK) = -1 ENOENT (No such file or directory)
2343  openat(AT_FDCWD, "/etc/ld.so.cache", O_RDONLY|O_CLOEXEC) = 3
2343  fstat(3, {st_mode=S_IFREG|0644, st_size=27983, ...}) = 0
2343  mmap(NULL, 27983, PROT_READ, MAP_PRIVATE, 3, 0) = 0x7f65d9d0f000
2343  close(3)                          = 0
2343  openat(AT_FDCWD, "/lib/x86_64-linux-gnu/libc.so.6", O_RDONLY|O_CLOEXEC) = 3
2343  read(3, "\177ELF\2\1\1\3\0\0\0\0\0\0\0\0\3\0>\0\1\0\0\0p\236\2\0\0\0\0\0@\0\0\0\0\0\0\0\220b\36\0\0\0\0\0\0\0\0\0@\08\0\17\0@\0=\0<\0\6\0\0\0\4\0\0\0@\0\0\0\0\0\0\0@\0\0\0\0\0\0\0@\0\0\0\0\0\0\0"..., 832) = 832
2343  pread64(3, "\6\0\0\0\4\0\0\0@\0\0\0\0\0\0\0@\0\0\0\0\0\0\0@\0\0\0\0\0\0\0H\3\0\0\0\0\0\0H\3\0\0\0\0\0\0\10\0\0\0\0\0\0\0\3\0\0\0\4\0\0\0\240\1\36\0\0\0\0\0\240\1\36\0\0\0\0\0\240\1\36\0\0\0\0\0\34\0\0\0\0\0\0\0"..., 840, 64) = 840
2343  fstat(3, {st_mode=S_IFREG|0755, st_size=1995216, ...}) = 0
2343  pread64(3, "\6\0\0\0\4\0\0\0@\0\0\0\0\0\0\0@\0\0\0\0\0\0\0@\0\0\0\0\0\0\0H\3\0\0\0\0\0\0H\3\0\0\0\0\0\0\10\0\0\0\0\0\0\0\3\0\0\0\4\0\0\0\240\1\36\0\0\0\0\0\240\1\36\0\0\0\0\0\240\1\36\0\0\0\0\0\34\0\0\0\0\0\0\0"..., 840, 64) = 840
2343  mmap(NULL, 2047568, PROT_READ, MAP_PRIVATE|MAP_DENYWRITE, 3, 0) = 0x7f65d9b1b000
2343  mmap(0x7f65d9b43000, 1454080, PROT_READ|PROT_EXEC, MAP_PRIVATE|MAP_FIXED|MAP_DENYWRITE, 3, 0x28000) = 0x7f65d9b43000
2343  mmap(0x7f65d9ca6000, 352256, PROT_READ, MAP_PRIVATE|MAP_FIXED|MAP_DENYWRITE, 3, 0x18b000) = 0x7f65d9ca6000
2343  mmap(0x7f65d9cfc000, 24576, PROT_READ|PROT_WRITE, MAP_PRIVATE|MAP_FIXED|MAP_DENYWRITE, 3, 0x1e0000) = 0x7f65d9cfc000
2343  mmap(0x7f65d9d02000, 52816, PROT_READ|PROT_WRITE, MAP_PRIVATE|MAP_FIXED|MAP_ANONYMOUS, -1, 0) = 0x7f65d9d02000
2343  close(3)                          = 0
2343  mmap(NULL, 12288, PROT_READ|PROT_WRITE, MAP_PRIVATE|MAP_ANONYMOUS, -1, 0) = 0x7f65d9b18000
2343  arch_prctl(ARCH_SET_FS, 0x7f65d9b18740) = 0
2343  set_tid_address(0x7f65d9b18a10)   = 2343
2343  set_robust_list(0x7f65d9b18a20, 24) = 0
2343  rseq(0x7f65d9b18680, 0x20, 0, 0x53053053) = 0
2343  mprotect(0x7f65d9cfc000, 16384, PROT_READ) = 0
2343  mprotect(0x560f18d35000, 4096, PROT_READ) = 0
2343  mprotect(0x7f65d9d68000, 8192, PROT_READ) = 0
2343  prlimit64(0, RLIMIT_STACK, NULL, {rlim_cur=8192*1024, rlim_max=RLIM64_INFINITY}) = 0
2343  munmap(0x7f65d9d0f000, 27983)     = 0
2343  openat(AT_FDCWD, "/root/data/text1600.txt", O_RDONLY) = 3
2343  fstat(3, {st_mode=S_IFREG|0644, st_size=1677721600, ...}) = 0
2343  mmap(NULL, 1677721600, PROT_READ, MAP_PRIVATE, 3, 0) = 0x7f6575b18000
2343  close(3)                          = 0
2343  madvise(0x7f6575b18000, 1677721600, MADV_SEQUENTIAL) = 0
2343  getrandom("\x55\x17\xf4\x5c\x6f\x31\xae\x7a", 8, GRND_NONBLOCK) = 8
2343  brk(NULL)                         = 0x560f193a0000
2343  brk(0x560f193c1000)               = 0x560f193c1000
2343  mmap(NULL, 135168, PROT_READ|PROT_WRITE, MAP_PRIVATE|MAP_ANONYMOUS, -1, 0) = 0x7f6575af7000
2343  mmap(NULL, 135168, PROT_READ|PROT_WRITE, MAP_PRIVATE|MAP_ANONYMOUS, -1, 0) = 0x7f6575ad6000
2343  mmap(NULL, 135168, PROT_READ|PROT_WRITE, MAP_PRIVATE|MAP_ANONYMOUS, -1, 0) = 0x7f6575ab5000
2343  mmap(NULL, 135168, PROT_READ|PROT_WRITE, MAP_PRIVATE|MAP_ANONYMOUS, -1, 0) = 0x7f6575a94000
2343  mmap(NULL, 135168, PROT_READ|PROT_WRITE, MAP_PRIVATE|MAP_ANONYMOUS, -1, 0) = 0x7f6575a73000
2343  mmap(NULL, 135168, PROT_READ|PROT_WRITE, MAP_PRIVATE|MAP_ANONYMOUS, -1, 0) = 0x7f6575a52000
2343  mmap(NULL, 135168, PROT_READ|PROT_WRITE, MAP_PRIVATE|MAP_ANONYMOUS, -1, 0) = 0x7f6575a31000
2343  rt_sigaction(SIGRT_1, {sa_handler=0x7f65d9bab4b0, sa_mask=[], sa_flags=SA_RESTORER|SA_ONSTACK|SA_RESTART|SA_SIGINFO, sa_restorer=0x7f65d9b5adf0}, NULL, 8) = 0
2343  rt_sigprocmask(SIG_UNBLOCK, [RTMIN RT_1], NULL, 8) = 0
2343  mmap(NULL, 8392704, PROT_NONE, MAP_PRIVATE|MAP_ANONYMOUS|MAP_STACK, -1, 0) = 0x7f6575230000
2343  mprotect(0x7f6575231000, 8388608, PROT_READ|PROT_WRITE) = 0
2343  rt_sigprocmask(SIG_BLOCK, ~[], [], 8) = 0
2343  clone3({flags=CLONE_VM|CLONE_FS|CLONE_FILES|CLONE_SIGHAND|CLONE_THREAD|CLONE_SYSVSEM|CLONE_SETTLS|CLONE_PARENT_SETTID|CLONE_CHILD_CLEARTID, child_tid=0x7f6575a30990, parent_tid=0x7f6575a30990, exit_signal=0, stack=0x7f6575230000, stack_size=0x7fff80, tls=0x7f6575a306c0} => {parent_tid=[2344]}, 88) = 2344
2344  rseq(0x7f6575a30600, 0x20, 0, 0x53053053 <unfinished ...>
2343  rt_sigprocmask(SIG_SETMASK, [],  <unfinished ...>
2344  <... rseq resumed>)               = 0
2343  <... rt_sigprocmask resumed>NULL, 8) = 0
2344  set_robust_list(0x7f6575a309a0, 24 <unfinished ...>
2343  mmap(NULL, 8392704, PROT_NONE, MAP_PRIVATE|MAP_ANONYMOUS|MAP_STACK, -1, 0 <unfinished ...>
2344  <... set_robust_list resumed>)    = 0
2343  <... mmap resumed>)               = 0x7f6574a2f000
2344  rt_sigprocmask(SIG_SETMASK, [],  <unfinished ...>
2343  mprotect(0x7f6574a30000, 8388608, PROT_READ|PROT_WRITE <unfinished ...>
2344  <... rt_sigprocmask resumed>NULL, 8) = 0
2343  <... mprotect resumed>)           = 0
2343  rt_sigprocmask(SIG_BLOCK, ~[],  <unfinished ...>
2344  mmap(NULL, 134217728, PROT_NONE, MAP_PRIVATE|MAP_ANONYMOUS, -1, 0 <unfinished ...>
2343  <... rt_sigprocmask resumed>[], 8) = 0
2344  <... mmap resumed>)               = 0x7f656ca2f000
2343  clone3({flags=CLONE_VM|CLONE_FS|CLONE_FILES|CLONE_SIGHAND|CLONE_THREAD|CLONE_SYSVSEM|CLONE_SETTLS|CLONE_PARENT_SETTID|CLONE_CHILD_CLEARTID, child_tid=0x7f657522f990, parent_tid=0x7f657522f990, exit_signal=0, stack=0x7f6574a2f000, stack_size=0x7fff80, tls=0x7f657522f6c0} <unfinished ...>
2344  munmap(0x7f656ca2f000, 56430592)  = 0
2343  <... clone3 resumed> => {parent_tid=[2345]}, 88) = 2345
2344  munmap(0x7f6574000000, 10678272 <unfinished ...>
2343  rt_sigprocmask(SIG_SETMASK, [],  <unfinished ...>
2345  rseq(0x7f657522f600, 0x20, 0, 0x53053053 <unfinished ...>
2343  <... rt_sigprocmask resumed>NULL, 8) = 0
2344  <... munmap resumed>)             = 0
2343  mmap(NULL, 8392704, PROT_NONE, MAP_PRIVATE|MAP_ANONYMOUS|MAP_STACK, -1, 0 <unfinished ...>
2345  <... rseq resumed>)               = 0
2344  mprotect(0x7f6570000000, 135168, PROT_READ|PROT_WRITE <unfinished ...>
2343  <... mmap resumed>)               = 0x7f657422e000
2345  set_robust_list(0x7f657522f9a0, 24 <unfinished ...>
2343  mprotect(0x7f657422f000, 8388608, PROT_READ|PROT_WRITE <unfinished ...>
2345  <... set_robust_list resumed>)    = 0
2344  <... mprotect resumed>)           = 0
2343  <... mprotect resumed>)           = 0
2345  rt_sigprocmask(SIG_SETMASK, [],  <unfinished ...>
2343  rt_sigprocmask(SIG_BLOCK, ~[],  <unfinished ...>
2345  <... rt_sigprocmask resumed>NULL, 8) = 0
2343  <... rt_sigprocmask resumed>[], 8) = 0
2345  mmap(NULL, 134217728, PROT_NONE, MAP_PRIVATE|MAP_ANONYMOUS, -1, 0 <unfinished ...>
2344  mprotect(0x7f6570021000, 4096, PROT_READ|PROT_WRITE <unfinished ...>
2343  clone3({flags=CLONE_VM|CLONE_FS|CLONE_FILES|CLONE_SIGHAND|CLONE_THREAD|CLONE_SYSVSEM|CLONE_SETTLS|CLONE_PARENT_SETTID|CLONE_CHILD_CLEARTID, child_tid=0x7f6574a2e990, parent_tid=0x7f6574a2e990, exit_signal=0, stack=0x7f657422e000, stack_size=0x7fff80, tls=0x7f6574a2e6c0} <unfinished ...>
2345  <... mmap resumed>)               = 0x7f6568000000
2345  munmap(0x7f656c000000, 67108864 <unfinished ...>
2344  <... mprotect resumed>)           = 0
2343  <... clone3 resumed> => {parent_tid=[2346]}, 88) = 2346
2346  rseq(0x7f6574a2e600, 0x20, 0, 0x53053053 <unfinished ...>
2345  <... munmap resumed>)             = 0
2344  mprotect(0x7f6570022000, 4096, PROT_READ|PROT_WRITE <unfinished ...>
2343  rt_sigprocmask(SIG_SETMASK, [], NULL, 8) = 0
2346  <... rseq resumed>)               = 0
2345  mprotect(0x7f6568000000, 135168, PROT_READ|PROT_WRITE <unfinished ...>
2344  <... mprotect resumed>)           = 0
2343  mmap(NULL, 8392704, PROT_NONE, MAP_PRIVATE|MAP_ANONYMOUS|MAP_STACK, -1, 0) = 0x7f656f7ff000
2345  <... mprotect resumed>)           = 0
2343  mprotect(0x7f656f800000, 8388608, PROT_READ|PROT_WRITE <unfinished ...>
2346  set_robust_list(0x7f6574a2e9a0, 24 <unfinished ...>
2344  mprotect(0x7f6570023000, 4096, PROT_READ|PROT_WRITE <unfinished ...>
2343  <... mprotect resumed>)           = 0
2346  <... set_robust_list resumed>)    = 0
2344  <... mprotect resumed>)           = 0
2343  rt_sigprocmask(SIG_BLOCK, ~[],  <unfinished ...>
2346  rt_sigprocmask(SIG_SETMASK, [],  <unfinished ...>
2343  <... rt_sigprocmask resumed>[], 8) = 0
2346  <... rt_sigprocmask resumed>NULL, 8) = 0
2343  clone3({flags=CLONE_VM|CLONE_FS|CLONE_FILES|CLONE_SIGHAND|CLONE_THREAD|CLONE_SYSVSEM|CLONE_SETTLS|CLONE_PARENT_SETTID|CLONE_CHILD_CLEARTID, child_tid=0x7f656ffff990, parent_tid=0x7f656ffff990, exit_signal=0, stack=0x7f656f7ff000, stack_size=0x7fff80, tls=0x7f656ffff6c0} <unfinished ...>
2344  mprotect(0x7f6570024000, 4096, PROT_READ|PROT_WRITE <unfinished ...>
2346  mmap(0x7f656c000000, 67108864, PROT_NONE, MAP_PRIVATE|MAP_ANONYMOUS, -1, 0) = 0x7f6564000000
2344  <... mprotect resumed>)           = 0
2346  mprotect(0x7f6564000000, 135168, PROT_READ|PROT_WRITE <unfinished ...>
2343  <... clone3 resumed> => {parent_tid=[2347]}, 88) = 2347
2346  <... mprotect resumed>)           = 0
2343  rt_sigprocmask(SIG_SETMASK, [],  <unfinished ...>
2347  rseq(0x7f656ffff600, 0x20, 0, 0x53053053 <unfinished ...>
2345  mprotect(0x7f6568021000, 4096, PROT_READ|PROT_WRITE <unfinished ...>
2343  <... rt_sigprocmask resumed>NULL, 8) = 0
2347  <... rseq resumed>)               = 0
2344  mprotect(0x7f6570025000, 4096, PROT_READ|PROT_WRITE <unfinished ...>
2343  mmap(NULL, 8392704, PROT_NONE, MAP_PRIVATE|MAP_ANONYMOUS|MAP_STACK, -1, 0) = 0x7f656effe000
2345  <... mprotect resumed>)           = 0
2347  set_robust_list(0x7f656ffff9a0, 24 <unfinished ...>
2344  <... mprotect resumed>)           = 0
2343  mprotect(0x7f656efff000, 8388608, PROT_READ|PROT_WRITE) = 0
2347  <... set_robust_list resumed>)    = 0
2343  rt_sigprocmask(SIG_BLOCK, ~[],  <unfinished ...>
2347  rt_sigprocmask(SIG_SETMASK, [],  <unfinished ...>
2345  mprotect(0x7f6568022000, 4096, PROT_READ|PROT_WRITE <unfinished ...>
2344  mprotect(0x7f6570026000, 4096, PROT_READ|PROT_WRITE <unfinished ...>
2343  <... rt_sigprocmask resumed>[], 8) = 0
2347  <... rt_sigprocmask resumed>NULL, 8) = 0
2346  mprotect(0x7f6564021000, 4096, PROT_READ|PROT_WRITE <unfinished ...>
2345  <... mprotect resumed>)           = 0
2343  clone3({flags=CLONE_VM|CLONE_FS|CLONE_FILES|CLONE_SIGHAND|CLONE_THREAD|CLONE_SYSVSEM|CLONE_SETTLS|CLONE_PARENT_SETTID|CLONE_CHILD_CLEARTID, child_tid=0x7f656f7fe990, parent_tid=0x7f656f7fe990, exit_signal=0, stack=0x7f656effe000, stack_size=0x7fff80, tls=0x7f656f7fe6c0} <unfinished ...>
2344  <... mprotect resumed>)           = 0
2347  mmap(NULL, 134217728, PROT_NONE, MAP_PRIVATE|MAP_ANONYMOUS, -1, 0 <unfinished ...>
2346  <... mprotect resumed>)           = 0
2345  mprotect(0x7f6568023000, 4096, PROT_READ|PROT_WRITE <unfinished ...>
2344  mprotect(0x7f6570027000, 4096, PROT_READ|PROT_WRITE <unfinished ...>
2347  <... mmap resumed>)               = 0x7f655c000000
2344  <... mprotect resumed>)           = 0
2346  mprotect(0x7f6564022000, 4096, PROT_READ|PROT_WRITE <unfinished ...>
2347  munmap(0x7f6560000000, 67108864 <unfinished ...>
2346  <... mprotect resumed>)           = 0
2345  <... mprotect resumed>)           = 0
2343  <... clone3 resumed> => {parent_tid=[2348]}, 88) = 2348
2347  <... munmap resumed>)             = 0
2344  mprotect(0x7f6570028000, 4096, PROT_READ|PROT_WRITE <unfinished ...>
2343  rt_sigprocmask(SIG_SETMASK, [],  <unfinished ...>
2346  mprotect(0x7f6564023000, 4096, PROT_READ|PROT_WRITE <unfinished ...>
2347  mprotect(0x7f655c000000, 135168, PROT_READ|PROT_WRITE <unfinished ...>
2344  <... mprotect resumed>)           = 0
2347  <... mprotect resumed>)           = 0
2346  <... mprotect resumed>)           = 0
2343  <... rt_sigprocmask resumed>NULL, 8) = 0
2348  rseq(0x7f656f7fe600, 0x20, 0, 0x53053053 <unfinished ...>
2345  mprotect(0x7f6568024000, 4096, PROT_READ|PROT_WRITE <unfinished ...>
2344  mprotect(0x7f6570029000, 4096, PROT_READ|PROT_WRITE <unfinished ...>
2346  mprotect(0x7f6564024000, 4096, PROT_READ|PROT_WRITE <unfinished ...>
2343  mmap(NULL, 8392704, PROT_NONE, MAP_PRIVATE|MAP_ANONYMOUS|MAP_STACK, -1, 0 <unfinished ...>
2348  <... rseq resumed>)               = 0
2346  <... mprotect resumed>)           = 0
2345  <... mprotect resumed>)           = 0
2344  <... mprotect resumed>)           = 0
2343  <... mmap resumed>)               = 0x7f656e7fd000
2347  mprotect(0x7f655c021000, 4096, PROT_READ|PROT_WRITE <unfinished ...>
2348  set_robust_list(0x7f656f7fe9a0, 24 <unfinished ...>
2345  mprotect(0x7f6568025000, 4096, PROT_READ|PROT_WRITE <unfinished ...>
2343  mprotect(0x7f656e7fe000, 8388608, PROT_READ|PROT_WRITE <unfinished ...>
2347  <... mprotect resumed>)           = 0
2346  mprotect(0x7f6564025000, 4096, PROT_READ|PROT_WRITE <unfinished ...>
2348  <... set_robust_list resumed>)    = 0
2344  mprotect(0x7f657002a000, 4096, PROT_READ|PROT_WRITE <unfinished ...>
2345  <... mprotect resumed>)           = 0
2345  mprotect(0x7f6568026000, 4096, PROT_READ|PROT_WRITE <unfinished ...>
2347  mprotect(0x7f655c022000, 4096, PROT_READ|PROT_WRITE <unfinished ...>
2343  <... mprotect resumed>)           = 0
2348  rt_sigprocmask(SIG_SETMASK, [],  <unfinished ...>
2346  <... mprotect resumed>)           = 0
2344  <... mprotect resumed>)           = 0
2348  <... rt_sigprocmask resumed>NULL, 8) = 0
2345  <... mprotect resumed>)           = 0
2347  <... mprotect resumed>)           = 0
2343  rt_sigprocmask(SIG_BLOCK, ~[],  <unfinished ...>
2348  mmap(0x7f6560000000, 67108864, PROT_NONE, MAP_PRIVATE|MAP_ANONYMOUS, -1, 0 <unfinished ...>
2346  mprotect(0x7f6564026000, 4096, PROT_READ|PROT_WRITE <unfinished ...>
2344  mprotect(0x7f657002b000, 4096, PROT_READ|PROT_WRITE <unfinished ...>
2343  <... rt_sigprocmask resumed>[], 8) = 0
2346  <... mprotect resumed>)           = 0
2345  mprotect(0x7f6568027000, 4096, PROT_READ|PROT_WRITE <unfinished ...>
2348  <... mmap resumed>)               = 0x7f6560000000
2347  mprotect(0x7f655c023000, 4096, PROT_READ|PROT_WRITE <unfinished ...>
2343  clone3({flags=CLONE_VM|CLONE_FS|CLONE_FILES|CLONE_SIGHAND|CLONE_THREAD|CLONE_SYSVSEM|CLONE_SETTLS|CLONE_PARENT_SETTID|CLONE_CHILD_CLEARTID, child_tid=0x7f656effd990, parent_tid=0x7f656effd990, exit_signal=0, stack=0x7f656e7fd000, stack_size=0x7fff80, tls=0x7f656effd6c0} <unfinished ...>
2344  <... mprotect resumed>)           = 0
2348  mprotect(0x7f6560000000, 135168, PROT_READ|PROT_WRITE <unfinished ...>
2347  <... mprotect resumed>)           = 0
2346  mprotect(0x7f6564027000, 4096, PROT_READ|PROT_WRITE <unfinished ...>
2345  <... mprotect resumed>)           = 0
2348  <... mprotect resumed>)           = 0
2346  <... mprotect resumed>)           = 0
2343  <... clone3 resumed> => {parent_tid=[2349]}, 88) = 2349
2347  mprotect(0x7f655c024000, 4096, PROT_READ|PROT_WRITE <unfinished ...>
2344  mprotect(0x7f657002c000, 4096, PROT_READ|PROT_WRITE <unfinished ...>
2343  rt_sigprocmask(SIG_SETMASK, [],  <unfinished ...>
2349  rseq(0x7f656effd600, 0x20, 0, 0x53053053 <unfinished ...>
2345  mprotect(0x7f6568028000, 4096, PROT_READ|PROT_WRITE <unfinished ...>
2343  <... rt_sigprocmask resumed>NULL, 8) = 0
2349  <... rseq resumed>)               = 0
2347  <... mprotect resumed>)           = 0
2346  mprotect(0x7f6564028000, 4096, PROT_READ|PROT_WRITE <unfinished ...>
2344  <... mprotect resumed>)           = 0
2343  mmap(NULL, 8392704, PROT_NONE, MAP_PRIVATE|MAP_ANONYMOUS|MAP_STACK, -1, 0 <unfinished ...>
2349  set_robust_list(0x7f656effd9a0, 24 <unfinished ...>
2347  mprotect(0x7f655c025000, 4096, PROT_READ|PROT_WRITE <unfinished ...>
2345  <... mprotect resumed>)           = 0
2343  <... mmap resumed>)               = 0x7f656dffc000
2349  <... set_robust_list resumed>)    = 0
2347  <... mprotect resumed>)           = 0
2346  <... mprotect resumed>)           = 0
2344  mprotect(0x7f657002d000, 4096, PROT_READ|PROT_WRITE <unfinished ...>
2343  mprotect(0x7f656dffd000, 8388608, PROT_READ|PROT_WRITE <unfinished ...>
2349  rt_sigprocmask(SIG_SETMASK, [],  <unfinished ...>
2348  mprotect(0x7f6560021000, 4096, PROT_READ|PROT_WRITE <unfinished ...>
2347  mprotect(0x7f655c026000, 4096, PROT_READ|PROT_WRITE <unfinished ...>
2345  mprotect(0x7f6568029000, 4096, PROT_READ|PROT_WRITE <unfinished ...>
2343  <... mprotect resumed>)           = 0
2349  <... rt_sigprocmask resumed>NULL, 8) = 0
2346  mprotect(0x7f6564029000, 4096, PROT_READ|PROT_WRITE <unfinished ...>
2344  <... mprotect resumed>)           = 0
2349  mmap(NULL, 134217728, PROT_NONE, MAP_PRIVATE|MAP_ANONYMOUS, -1, 0 <unfinished ...>
2348  <... mprotect resumed>)           = 0
2347  <... mprotect resumed>)           = 0
2345  <... mprotect resumed>)           = 0
2343  rt_sigprocmask(SIG_BLOCK, ~[],  <unfinished ...>
2349  <... mmap resumed>)               = 0x7f6554000000
2348  mprotect(0x7f6560022000, 4096, PROT_READ|PROT_WRITE <unfinished ...>
2347  mprotect(0x7f655c027000, 4096, PROT_READ|PROT_WRITE <unfinished ...>
2346  <... mprotect resumed>)           = 0
2345  mprotect(0x7f656802a000, 4096, PROT_READ|PROT_WRITE <unfinished ...>
2344  mprotect(0x7f657002e000, 4096, PROT_READ|PROT_WRITE <unfinished ...>
2343  <... rt_sigprocmask resumed>[], 8) = 0
2343  clone3({flags=CLONE_VM|CLONE_FS|CLONE_FILES|CLONE_SIGHAND|CLONE_THREAD|CLONE_SYSVSEM|CLONE_SETTLS|CLONE_PARENT_SETTID|CLONE_CHILD_CLEARTID, child_tid=0x7f656e7fc990, parent_tid=0x7f656e7fc990, exit_signal=0, stack=0x7f656dffc000, stack_size=0x7fff80, tls=0x7f656e7fc6c0} <unfinished ...>
2349  munmap(0x7f6558000000, 67108864 <unfinished ...>
2347  <... mprotect resumed>)           = 0
2346  mprotect(0x7f656402a000, 4096, PROT_READ|PROT_WRITE <unfinished ...>
2345  <... mprotect resumed>)           = 0
2344  <... mprotect resumed>)           = 0
2348  <... mprotect resumed>)           = 0
2343  <... clone3 resumed> => {parent_tid=[2350]}, 88) = 2350
2350  rseq(0x7f656e7fc600, 0x20, 0, 0x53053053 <unfinished ...>
2347  mprotect(0x7f655c028000, 4096, PROT_READ|PROT_WRITE <unfinished ...>
2346  <... mprotect resumed>)           = 0
2345  mprotect(0x7f656802b000, 4096, PROT_READ|PROT_WRITE <unfinished ...>
2344  mprotect(0x7f657002f000, 4096, PROT_READ|PROT_WRITE <unfinished ...>
2349  <... munmap resumed>)             = 0
2343  rt_sigprocmask(SIG_SETMASK, [],  <unfinished ...>
2349  mprotect(0x7f6554000000, 135168, PROT_READ|PROT_WRITE <unfinished ...>
2350  <... rseq resumed>)               = 0
2348  mprotect(0x7f6560023000, 4096, PROT_READ|PROT_WRITE <unfinished ...>
2347  <... mprotect resumed>)           = 0
2345  <... mprotect resumed>)           = 0
2343  <... rt_sigprocmask resumed>NULL, 8) = 0
2350  set_robust_list(0x7f656e7fc9a0, 24 <unfinished ...>
2349  <... mprotect resumed>)           = 0
2348  <... mprotect resumed>)           = 0
2346  mprotect(0x7f656402b000, 4096, PROT_READ|PROT_WRITE <unfinished ...>
2344  <... mprotect resumed>)           = 0
2343  mmap(NULL, 8392704, PROT_NONE, MAP_PRIVATE|MAP_ANONYMOUS|MAP_STACK, -1, 0 <unfinished ...>
2350  <... set_robust_list resumed>)    = 0
2348  mprotect(0x7f6560024000, 4096, PROT_READ|PROT_WRITE <unfinished ...>
2347  mprotect(0x7f655c029000, 4096, PROT_READ|PROT_WRITE <unfinished ...>
2346  <... mprotect resumed>)           = 0
2345  mprotect(0x7f656802c000, 4096, PROT_READ|PROT_WRITE <unfinished ...>
2344  mprotect(0x7f6570030000, 4096, PROT_READ|PROT_WRITE <unfinished ...>
2349  mprotect(0x7f6554021000, 4096, PROT_READ|PROT_WRITE <unfinished ...>
2348  <... mprotect resumed>)           = 0
2343  <... mmap resumed>)               = 0x7f656d7fb000
2347  <... mprotect resumed>)           = 0
2350  rt_sigprocmask(SIG_SETMASK, [],  <unfinished ...>
2344  <... mprotect resumed>)           = 0
2350  <... rt_sigprocmask resumed>NULL, 8) = 0
2346  mprotect(0x7f656402c000, 4096, PROT_READ|PROT_WRITE <unfinished ...>
2345  <... mprotect resumed>)           = 0
2344  mprotect(0x7f6570031000, 4096, PROT_READ|PROT_WRITE <unfinished ...>
2343  mprotect(0x7f656d7fc000, 8388608, PROT_READ|PROT_WRITE <unfinished ...>
2349  <... mprotect resumed>)           = 0
2347  mprotect(0x7f655c02a000, 4096, PROT_READ|PROT_WRITE <unfinished ...>
2343  <... mprotect resumed>)           = 0
2348  mprotect(0x7f6560025000, 4096, PROT_READ|PROT_WRITE <unfinished ...>
2350  mmap(0x7f6558000000, 67108864, PROT_NONE, MAP_PRIVATE|MAP_ANONYMOUS, -1, 0 <unfinished ...>
2349  mprotect(0x7f6554022000, 4096, PROT_READ|PROT_WRITE <unfinished ...>
2346  <... mprotect resumed>)           = 0
2345  mprotect(0x7f656802d000, 4096, PROT_READ|PROT_WRITE <unfinished ...>
2344  <... mprotect resumed>)           = 0
2347  <... mprotect resumed>)           = 0
2343  rt_sigprocmask(SIG_BLOCK, ~[],  <unfinished ...>
2350  <... mmap resumed>)               = 0x7f6558000000
2347  mprotect(0x7f655c02b000, 4096, PROT_READ|PROT_WRITE <unfinished ...>
2344  mprotect(0x7f6570032000, 4096, PROT_READ|PROT_WRITE <unfinished ...>
2343  <... rt_sigprocmask resumed>[], 8) = 0
2350  mprotect(0x7f6558000000, 135168, PROT_READ|PROT_WRITE <unfinished ...>
2348  <... mprotect resumed>)           = 0
2349  <... mprotect resumed>)           = 0
2346  mprotect(0x7f656402d000, 4096, PROT_READ|PROT_WRITE <unfinished ...>
2344  <... mprotect resumed>)           = 0
2343  clone3({flags=CLONE_VM|CLONE_FS|CLONE_FILES|CLONE_SIGHAND|CLONE_THREAD|CLONE_SYSVSEM|CLONE_SETTLS|CLONE_PARENT_SETTID|CLONE_CHILD_CLEARTID, child_tid=0x7f656dffb990, parent_tid=0x7f656dffb990, exit_signal=0, stack=0x7f656d7fb000, stack_size=0x7fff80, tls=0x7f656dffb6c0} <unfinished ...>
2350  <... mprotect resumed>)           = 0
2348  mprotect(0x7f6560026000, 4096, PROT_READ|PROT_WRITE <unfinished ...>
2347  <... mprotect resumed>)           = 0
2345  <... mprotect resumed>)           = 0
2349  mprotect(0x7f6554023000, 4096, PROT_READ|PROT_WRITE <unfinished ...>
2346  <... mprotect resumed>)           = 0
2344  mprotect(0x7f6570033000, 4096, PROT_READ|PROT_WRITE <unfinished ...>
2349  <... mprotect resumed>)           = 0
2348  <... mprotect resumed>)           = 0
2347  mprotect(0x7f655c02c000, 4096, PROT_READ|PROT_WRITE <unfinished ...>
2345  mprotect(0x7f656802e000, 4096, PROT_READ|PROT_WRITE <unfinished ...>
2343  <... clone3 resumed> => {parent_tid=[2351]}, 88) = 2351
2351  rseq(0x7f656dffb600, 0x20, 0, 0x53053053 <unfinished ...>
2346  mprotect(0x7f656402e000, 4096, PROT_READ|PROT_WRITE <unfinished ...>
2344  <... mprotect resumed>)           = 0
2343  rt_sigprocmask(SIG_SETMASK, [],  <unfinished ...>
2351  <... rseq resumed>)               = 0
2349  mprotect(0x7f6554024000, 4096, PROT_READ|PROT_WRITE <unfinished ...>
2348  mprotect(0x7f6560027000, 4096, PROT_READ|PROT_WRITE <unfinished ...>
2347  <... mprotect resumed>)           = 0
2346  <... mprotect resumed>)           = 0
2345  <... mprotect resumed>)           = 0
2343  <... rt_sigprocmask resumed>NULL, 8) = 0
2351  set_robust_list(0x7f656dffb9a0, 24 <unfinished ...>
2350  mprotect(0x7f6558021000, 4096, PROT_READ|PROT_WRITE <unfinished ...>
2349  <... mprotect resumed>)           = 0
2348  <... mprotect resumed>)           = 0
2347  mprotect(0x7f655c02d000, 4096, PROT_READ|PROT_WRITE <unfinished ...>
2344  mprotect(0x7f6570034000, 4096, PROT_READ|PROT_WRITE <unfinished ...>
2343  futex(0x7f6575a30990, FUTEX_WAIT_BITSET|FUTEX_CLOCK_REALTIME, 2344, NULL, FUTEX_BITSET_MATCH_ANY <unfinished ...>
2351  <... set_robust_list resumed>)    = 0
2350  <... mprotect resumed>)           = 0
2346  mprotect(0x7f656402f000, 4096, PROT_READ|PROT_WRITE <unfinished ...>
2345  mprotect(0x7f656802f000, 4096, PROT_READ|PROT_WRITE <unfinished ...>
2349  mprotect(0x7f6554025000, 4096, PROT_READ|PROT_WRITE <unfinished ...>
2344  <... mprotect resumed>)           = 0
2351  rt_sigprocmask(SIG_SETMASK, [],  <unfinished ...>
2350  mprotect(0x7f6558022000, 4096, PROT_READ|PROT_WRITE <unfinished ...>
2349  <... mprotect resumed>)           = 0
2348  mprotect(0x7f6560028000, 4096, PROT_READ|PROT_WRITE <unfinished ...>
2347  <... mprotect resumed>)           = 0
2346  <... mprotect resumed>)           = 0
2351  <... rt_sigprocmask resumed>NULL, 8) = 0
2350  <... mprotect resumed>)           = 0
2345  <... mprotect resumed>)           = 0
2344  mprotect(0x7f6570035000, 4096, PROT_READ|PROT_WRITE <unfinished ...>
2351  mmap(NULL, 134217728, PROT_NONE, MAP_PRIVATE|MAP_ANONYMOUS, -1, 0 <unfinished ...>
2349  mprotect(0x7f6554026000, 4096, PROT_READ|PROT_WRITE <unfinished ...>
2346  mprotect(0x7f6564030000, 4096, PROT_READ|PROT_WRITE <unfinished ...>
2345  mprotect(0x7f6568030000, 4096, PROT_READ|PROT_WRITE <unfinished ...>
2344  <... mprotect resumed>)           = 0
2350  mprotect(0x7f6558023000, 4096, PROT_READ|PROT_WRITE <unfinished ...>
2347  mprotect(0x7f655c02e000, 4096, PROT_READ|PROT_WRITE <unfinished ...>
2351  <... mmap resumed>)               = 0x7f654c000000
2348  <... mprotect resumed>)           = 0
2350  <... mprotect resumed>)           = 0
2349  <... mprotect resumed>)           = 0
2346  <... mprotect resumed>)           = 0
2345  <... mprotect resumed>)           = 0
2344  mprotect(0x7f6570036000, 4096, PROT_READ|PROT_WRITE <unfinished ...>
2351  munmap(0x7f6550000000, 67108864 <unfinished ...>
2350  mprotect(0x7f6558024000, 4096, PROT_READ|PROT_WRITE <unfinished ...>
2351  <... munmap resumed>)             = 0
2350  <... mprotect resumed>)           = 0
2349  mprotect(0x7f6554027000, 4096, PROT_READ|PROT_WRITE <unfinished ...>
2348  mprotect(0x7f6560029000, 4096, PROT_READ|PROT_WRITE <unfinished ...>
2347  <... mprotect resumed>)           = 0
2346  mprotect(0x7f6564031000, 4096, PROT_READ|PROT_WRITE <unfinished ...>
2345  mprotect(0x7f6568031000, 4096, PROT_READ|PROT_WRITE <unfinished ...>
2344  <... mprotect resumed>)           = 0
2351  mprotect(0x7f654c000000, 135168, PROT_READ|PROT_WRITE <unfinished ...>
2350  mprotect(0x7f6558025000, 4096, PROT_READ|PROT_WRITE <unfinished ...>
2349  <... mprotect resumed>)           = 0
2346  <... mprotect resumed>)           = 0
2348  <... mprotect resumed>)           = 0
2345  <... mprotect resumed>)           = 0
2347  mprotect(0x7f655c02f000, 4096, PROT_READ|PROT_WRITE <unfinished ...>
2344  mprotect(0x7f6570037000, 4096, PROT_READ|PROT_WRITE <unfinished ...>
2347  <... mprotect resumed>)           = 0
2345  mprotect(0x7f6568032000, 4096, PROT_READ|PROT_WRITE <unfinished ...>
2344  <... mprotect resumed>)           = 0
2351  <... mprotect resumed>)           = 0
2347  mprotect(0x7f655c030000, 4096, PROT_READ|PROT_WRITE <unfinished ...>
2349  mprotect(0x7f6554028000, 4096, PROT_READ|PROT_WRITE <unfinished ...>
2350  <... mprotect resumed>)           = 0
2349  <... mprotect resumed>)           = 0
2348  mprotect(0x7f656002a000, 4096, PROT_READ|PROT_WRITE <unfinished ...>
2346  mprotect(0x7f6564032000, 4096, PROT_READ|PROT_WRITE <unfinished ...>
2345  <... mprotect resumed>)           = 0
2344  mprotect(0x7f6570038000, 4096, PROT_READ|PROT_WRITE <unfinished ...>
2350  mprotect(0x7f6558026000, 4096, PROT_READ|PROT_WRITE <unfinished ...>
2347  <... mprotect resumed>)           = 0
2350  <... mprotect resumed>)           = 0
2348  <... mprotect resumed>)           = 0
2344  <... mprotect resumed>)           = 0
2350  mprotect(0x7f6558027000, 4096, PROT_READ|PROT_WRITE <unfinished ...>
2349  mprotect(0x7f6554029000, 4096, PROT_READ|PROT_WRITE <unfinished ...>
2348  mprotect(0x7f656002b000, 4096, PROT_READ|PROT_WRITE <unfinished ...>
2347  mprotect(0x7f655c031000, 4096, PROT_READ|PROT_WRITE <unfinished ...>
2346  <... mprotect resumed>)           = 0
2345  mprotect(0x7f6568033000, 4096, PROT_READ|PROT_WRITE <unfinished ...>
2344  mprotect(0x7f6570039000, 4096, PROT_READ|PROT_WRITE <unfinished ...>
2349  <... mprotect resumed>)           = 0
2349  mprotect(0x7f655402a000, 4096, PROT_READ|PROT_WRITE <unfinished ...>
2347  <... mprotect resumed>)           = 0
2346  mprotect(0x7f6564033000, 4096, PROT_READ|PROT_WRITE <unfinished ...>
2349  <... mprotect resumed>)           = 0
2350  <... mprotect resumed>)           = 0
2344  <... mprotect resumed>)           = 0
2348  <... mprotect resumed>)           = 0
2345  <... mprotect resumed>)           = 0
2346  <... mprotect resumed>)           = 0
2350  mprotect(0x7f6558028000, 4096, PROT_READ|PROT_WRITE <unfinished ...>
2349  mprotect(0x7f655402b000, 4096, PROT_READ|PROT_WRITE <unfinished ...>
2348  mprotect(0x7f656002c000, 4096, PROT_READ|PROT_WRITE <unfinished ...>
2347  mprotect(0x7f655c032000, 4096, PROT_READ|PROT_WRITE <unfinished ...>
2346  mprotect(0x7f6564034000, 4096, PROT_READ|PROT_WRITE <unfinished ...>
2345  mprotect(0x7f6568034000, 4096, PROT_READ|PROT_WRITE <unfinished ...>
2344  mprotect(0x7f657003a000, 4096, PROT_READ|PROT_WRITE <unfinished ...>
2350  <... mprotect resumed>)           = 0
2349  <... mprotect resumed>)           = 0
2348  <... mprotect resumed>)           = 0
2347  <... mprotect resumed>)           = 0
2351  mprotect(0x7f654c021000, 4096, PROT_READ|PROT_WRITE <unfinished ...>
2346  <... mprotect resumed>)           = 0
2345  <... mprotect resumed>)           = 0
2350  mprotect(0x7f6558029000, 4096, PROT_READ|PROT_WRITE <unfinished ...>
2351  <... mprotect resumed>)           = 0
2349  mprotect(0x7f655402c000, 4096, PROT_READ|PROT_WRITE <unfinished ...>
2348  mprotect(0x7f656002d000, 4096, PROT_READ|PROT_WRITE <unfinished ...>
2347  mprotect(0x7f655c033000, 4096, PROT_READ|PROT_WRITE <unfinished ...>
2345  mprotect(0x7f6568035000, 4096, PROT_READ|PROT_WRITE <unfinished ...>
2344  <... mprotect resumed>)           = 0
2348  <... mprotect resumed>)           = 0
2345  <... mprotect resumed>)           = 0
2350  <... mprotect resumed>)           = 0
2346  mprotect(0x7f6564035000, 4096, PROT_READ|PROT_WRITE <unfinished ...>
2348  mprotect(0x7f656002e000, 4096, PROT_READ|PROT_WRITE <unfinished ...>
2349  <... mprotect resumed>)           = 0
2345  mprotect(0x7f6568036000, 4096, PROT_READ|PROT_WRITE <unfinished ...>
2351  mprotect(0x7f654c022000, 4096, PROT_READ|PROT_WRITE <unfinished ...>
2350  mprotect(0x7f655802a000, 4096, PROT_READ|PROT_WRITE <unfinished ...>
2349  mprotect(0x7f655402d000, 4096, PROT_READ|PROT_WRITE <unfinished ...>
2348  <... mprotect resumed>)           = 0
2347  <... mprotect resumed>)           = 0
2346  <... mprotect resumed>)           = 0
2345  <... mprotect resumed>)           = 0
2351  <... mprotect resumed>)           = 0
2350  <... mprotect resumed>)           = 0
2349  <... mprotect resumed>)           = 0
2344  mprotect(0x7f657003b000, 4096, PROT_READ|PROT_WRITE <unfinished ...>
2348  mprotect(0x7f656002f000, 4096, PROT_READ|PROT_WRITE <unfinished ...>
2347  mprotect(0x7f655c034000, 4096, PROT_READ|PROT_WRITE <unfinished ...>
2346  mprotect(0x7f6564036000, 4096, PROT_READ|PROT_WRITE <unfinished ...>
2345  mprotect(0x7f6568037000, 4096, PROT_READ|PROT_WRITE <unfinished ...>
2350  mprotect(0x7f655802b000, 4096, PROT_READ|PROT_WRITE) = 0
2349  mprotect(0x7f655402e000, 4096, PROT_READ|PROT_WRITE <unfinished ...>
2351  mprotect(0x7f654c023000, 4096, PROT_READ|PROT_WRITE) = 0
2350  mprotect(0x7f655802c000, 4096, PROT_READ|PROT_WRITE <unfinished ...>
2349  <... mprotect resumed>)           = 0
2348  <... mprotect resumed>)           = 0
2347  <... mprotect resumed>)           = 0
2346  <... mprotect resumed>)           = 0
2345  <... mprotect resumed>)           = 0
2344  <... mprotect resumed>)           = 0
2351  mprotect(0x7f654c024000, 4096, PROT_READ|PROT_WRITE <unfinished ...>
2350  <... mprotect resumed>)           = 0
2349  mprotect(0x7f655402f000, 4096, PROT_READ|PROT_WRITE <unfinished ...>
2348  mprotect(0x7f6560030000, 4096, PROT_READ|PROT_WRITE <unfinished ...>
2347  mprotect(0x7f655c035000, 4096, PROT_READ|PROT_WRITE <unfinished ...>
2346  mprotect(0x7f6564037000, 4096, PROT_READ|PROT_WRITE <unfinished ...>
2345  mprotect(0x7f6568038000, 4096, PROT_READ|PROT_WRITE <unfinished ...>
2351  <... mprotect resumed>)           = 0
2350  mprotect(0x7f655802d000, 4096, PROT_READ|PROT_WRITE <unfinished ...>
2349  <... mprotect resumed>)           = 0
2348  <... mprotect resumed>)           = 0
2347  <... mprotect resumed>)           = 0
2346  <... mprotect resumed>)           = 0
2344  mprotect(0x7f657003c000, 4096, PROT_READ|PROT_WRITE <unfinished ...>
2351  mprotect(0x7f654c025000, 4096, PROT_READ|PROT_WRITE <unfinished ...>
2350  <... mprotect resumed>)           = 0
2349  mprotect(0x7f6554030000, 4096, PROT_READ|PROT_WRITE <unfinished ...>
2348  mprotect(0x7f6560031000, 4096, PROT_READ|PROT_WRITE <unfinished ...>
2345  <... mprotect resumed>)           = 0
2347  mprotect(0x7f655c036000, 4096, PROT_READ|PROT_WRITE <unfinished ...>
2344  <... mprotect resumed>)           = 0
2351  <... mprotect resumed>)           = 0
2349  <... mprotect resumed>)           = 0
2346  mprotect(0x7f6564038000, 4096, PROT_READ|PROT_WRITE <unfinished ...>
2351  mprotect(0x7f654c026000, 4096, PROT_READ|PROT_WRITE <unfinished ...>
2350  mprotect(0x7f655802e000, 4096, PROT_READ|PROT_WRITE <unfinished ...>
2348  <... mprotect resumed>)           = 0
2344  mprotect(0x7f657003d000, 4096, PROT_READ|PROT_WRITE <unfinished ...>
2349  mprotect(0x7f6554031000, 4096, PROT_READ|PROT_WRITE <unfinished ...>
2347  <... mprotect resumed>)           = 0
2345  mprotect(0x7f6568039000, 4096, PROT_READ|PROT_WRITE <unfinished ...>
2349  <... mprotect resumed>)           = 0
2349  mprotect(0x7f6554032000, 4096, PROT_READ|PROT_WRITE <unfinished ...>
2347  mprotect(0x7f655c037000, 4096, PROT_READ|PROT_WRITE <unfinished ...>
2346  <... mprotect resumed>)           = 0
2351  <... mprotect resumed>)           = 0
2350  <... mprotect resumed>)           = 0
2349  <... mprotect resumed>)           = 0
2347  <... mprotect resumed>)           = 0
2345  <... mprotect resumed>)           = 0
2344  <... mprotect resumed>)           = 0
2348  mprotect(0x7f6560032000, 4096, PROT_READ|PROT_WRITE <unfinished ...>
2351  mprotect(0x7f654c027000, 4096, PROT_READ|PROT_WRITE <unfinished ...>
2350  mprotect(0x7f655802f000, 4096, PROT_READ|PROT_WRITE <unfinished ...>
2346  mprotect(0x7f6564039000, 4096, PROT_READ|PROT_WRITE <unfinished ...>
2351  <... mprotect resumed>)           = 0
2350  <... mprotect resumed>)           = 0
2349  mprotect(0x7f6554033000, 4096, PROT_READ|PROT_WRITE <unfinished ...>
2348  <... mprotect resumed>)           = 0
2347  mprotect(0x7f655c038000, 4096, PROT_READ|PROT_WRITE <unfinished ...>
2346  <... mprotect resumed>)           = 0
2345  mprotect(0x7f656803a000, 4096, PROT_READ|PROT_WRITE <unfinished ...>
2344  mprotect(0x7f657003e000, 4096, PROT_READ|PROT_WRITE <unfinished ...>
2351  mprotect(0x7f654c028000, 4096, PROT_READ|PROT_WRITE <unfinished ...>
2350  mprotect(0x7f6558030000, 4096, PROT_READ|PROT_WRITE <unfinished ...>
2349  <... mprotect resumed>)           = 0
2348  mprotect(0x7f6560033000, 4096, PROT_READ|PROT_WRITE <unfinished ...>
2347  <... mprotect resumed>)           = 0
2346  mprotect(0x7f656403a000, 4096, PROT_READ|PROT_WRITE <unfinished ...>
2345  <... mprotect resumed>)           = 0
2344  <... mprotect resumed>)           = 0
2351  <... mprotect resumed>)           = 0
2350  <... mprotect resumed>)           = 0
2349  mprotect(0x7f6554034000, 4096, PROT_READ|PROT_WRITE <unfinished ...>
2348  <... mprotect resumed>)           = 0
2346  <... mprotect resumed>)           = 0
2345  mprotect(0x7f656803b000, 4096, PROT_READ|PROT_WRITE <unfinished ...>
2344  mprotect(0x7f657003f000, 4096, PROT_READ|PROT_WRITE <unfinished ...>
2347  mprotect(0x7f655c039000, 4096, PROT_READ|PROT_WRITE <unfinished ...>
2351  mprotect(0x7f654c029000, 4096, PROT_READ|PROT_WRITE <unfinished ...>
2349  <... mprotect resumed>)           = 0
2351  <... mprotect resumed>)           = 0
2350  mprotect(0x7f6558031000, 4096, PROT_READ|PROT_WRITE <unfinished ...>
2349  mprotect(0x7f6554035000, 4096, PROT_READ|PROT_WRITE <unfinished ...>
2348  mprotect(0x7f6560034000, 4096, PROT_READ|PROT_WRITE <unfinished ...>
2347  <... mprotect resumed>)           = 0
2346  mprotect(0x7f656403b000, 4096, PROT_READ|PROT_WRITE <unfinished ...>
2345  <... mprotect resumed>)           = 0
2344  <... mprotect resumed>)           = 0
2351  mprotect(0x7f654c02a000, 4096, PROT_READ|PROT_WRITE <unfinished ...>
2350  <... mprotect resumed>)           = 0
2349  <... mprotect resumed>)           = 0
2348  <... mprotect resumed>)           = 0
2347  mprotect(0x7f655c03a000, 4096, PROT_READ|PROT_WRITE <unfinished ...>
2346  <... mprotect resumed>)           = 0
2345  mprotect(0x7f656803c000, 4096, PROT_READ|PROT_WRITE <unfinished ...>
2351  <... mprotect resumed>)           = 0
2344  mprotect(0x7f6570040000, 4096, PROT_READ|PROT_WRITE <unfinished ...>
2350  mprotect(0x7f6558032000, 4096, PROT_READ|PROT_WRITE <unfinished ...>
2348  mprotect(0x7f6560035000, 4096, PROT_READ|PROT_WRITE <unfinished ...>
2347  <... mprotect resumed>)           = 0
2346  mprotect(0x7f656403c000, 4096, PROT_READ|PROT_WRITE <unfinished ...>
2345  <... mprotect resumed>)           = 0
2344  <... mprotect resumed>)           = 0
2351  mprotect(0x7f654c02b000, 4096, PROT_READ|PROT_WRITE <unfinished ...>
2350  <... mprotect resumed>)           = 0
2349  mprotect(0x7f6554036000, 4096, PROT_READ|PROT_WRITE <unfinished ...>
2348  <... mprotect resumed>)           = 0
2349  <... mprotect resumed>)           = 0
2347  mprotect(0x7f655c03b000, 4096, PROT_READ|PROT_WRITE <unfinished ...>
2346  <... mprotect resumed>)           = 0
2345  mprotect(0x7f656803d000, 4096, PROT_READ|PROT_WRITE <unfinished ...>
2351  <... mprotect resumed>)           = 0
2349  mprotect(0x7f6554037000, 4096, PROT_READ|PROT_WRITE <unfinished ...>
2348  mprotect(0x7f6560036000, 4096, PROT_READ|PROT_WRITE <unfinished ...>
2344  mprotect(0x7f6570041000, 4096, PROT_READ|PROT_WRITE <unfinished ...>
2350  mprotect(0x7f6558033000, 4096, PROT_READ|PROT_WRITE <unfinished ...>
2347  <... mprotect resumed>)           = 0
2344  <... mprotect resumed>)           = 0
2347  mprotect(0x7f655c03c000, 4096, PROT_READ|PROT_WRITE <unfinished ...>
2346  mprotect(0x7f656403d000, 4096, PROT_READ|PROT_WRITE <unfinished ...>
2345  <... mprotect resumed>)           = 0
2351  mprotect(0x7f654c02c000, 4096, PROT_READ|PROT_WRITE <unfinished ...>
2349  <... mprotect resumed>)           = 0
2348  <... mprotect resumed>)           = 0
2344  mprotect(0x7f6570042000, 4096, PROT_READ|PROT_WRITE <unfinished ...>
2350  <... mprotect resumed>)           = 0
2345  mprotect(0x7f656803e000, 4096, PROT_READ|PROT_WRITE <unfinished ...>
2344  <... mprotect resumed>)           = 0
2345  <... mprotect resumed>)           = 0
2350  mprotect(0x7f6558034000, 4096, PROT_READ|PROT_WRITE <unfinished ...>
2351  <... mprotect resumed>)           = 0
2350  <... mprotect resumed>)           = 0
2349  mprotect(0x7f6554038000, 4096, PROT_READ|PROT_WRITE <unfinished ...>
2348  mprotect(0x7f6560037000, 4096, PROT_READ|PROT_WRITE <unfinished ...>
2347  <... mprotect resumed>)           = 0
2346  <... mprotect resumed>)           = 0
2345  mprotect(0x7f656803f000, 4096, PROT_READ|PROT_WRITE <unfinished ...>
2344  mprotect(0x7f6570043000, 4096, PROT_READ|PROT_WRITE <unfinished ...>
2349  <... mprotect resumed>)           = 0
2351  mprotect(0x7f654c02d000, 4096, PROT_READ|PROT_WRITE <unfinished ...>
2350  mprotect(0x7f6558035000, 4096, PROT_READ|PROT_WRITE <unfinished ...>
2348  <... mprotect resumed>)           = 0
2347  mprotect(0x7f655c03d000, 4096, PROT_READ|PROT_WRITE <unfinished ...>
2346  mprotect(0x7f656403e000, 4096, PROT_READ|PROT_WRITE <unfinished ...>
2345  <... mprotect resumed>)           = 0
2344  <... mprotect resumed>)           = 0
2349  mprotect(0x7f6554039000, 4096, PROT_READ|PROT_WRITE <unfinished ...>
2351  <... mprotect resumed>)           = 0
2350  <... mprotect resumed>)           = 0
2349  <... mprotect resumed>)           = 0
2348  mprotect(0x7f6560038000, 4096, PROT_READ|PROT_WRITE <unfinished ...>
2347  <... mprotect resumed>)           = 0
2346  <... mprotect resumed>)           = 0
2345  mprotect(0x7f6568040000, 4096, PROT_READ|PROT_WRITE <unfinished ...>
2344  mprotect(0x7f6570044000, 4096, PROT_READ|PROT_WRITE <unfinished ...>
2347  mprotect(0x7f655c03e000, 4096, PROT_READ|PROT_WRITE <unfinished ...>
2351  mprotect(0x7f654c02e000, 4096, PROT_READ|PROT_WRITE <unfinished ...>
2350  mprotect(0x7f6558036000, 4096, PROT_READ|PROT_WRITE <unfinished ...>
2349  mprotect(0x7f655403a000, 4096, PROT_READ|PROT_WRITE <unfinished ...>
2348  <... mprotect resumed>)           = 0
2347  <... mprotect resumed>)           = 0
2346  mprotect(0x7f656403f000, 4096, PROT_READ|PROT_WRITE <unfinished ...>
2345  <... mprotect resumed>)           = 0
2344  <... mprotect resumed>)           = 0
2347  mprotect(0x7f655c03f000, 4096, PROT_READ|PROT_WRITE <unfinished ...>
2351  <... mprotect resumed>)           = 0
2350  <... mprotect resumed>)           = 0
2349  <... mprotect resumed>)           = 0
2346  <... mprotect resumed>)           = 0
2348  mprotect(0x7f6560039000, 4096, PROT_READ|PROT_WRITE <unfinished ...>
2344  mprotect(0x7f6570045000, 4096, PROT_READ|PROT_WRITE <unfinished ...>
2351  mprotect(0x7f654c02f000, 4096, PROT_READ|PROT_WRITE <unfinished ...>
2350  mprotect(0x7f6558037000, 4096, PROT_READ|PROT_WRITE <unfinished ...>
2349  mprotect(0x7f655403b000, 4096, PROT_READ|PROT_WRITE <unfinished ...>
2348  <... mprotect resumed>)           = 0
2347  <... mprotect resumed>)           = 0
2346  mprotect(0x7f6564040000, 4096, PROT_READ|PROT_WRITE <unfinished ...>
2345  mprotect(0x7f6568041000, 4096, PROT_READ|PROT_WRITE <unfinished ...>
2344  <... mprotect resumed>)           = 0
2351  <... mprotect resumed>)           = 0
2350  <... mprotect resumed>)           = 0
2349  <... mprotect resumed>)           = 0
2348  mprotect(0x7f656003a000, 4096, PROT_READ|PROT_WRITE <unfinished ...>
2347  mprotect(0x7f655c040000, 4096, PROT_READ|PROT_WRITE <unfinished ...>
2346  <... mprotect resumed>)           = 0
2345  <... mprotect resumed>)           = 0
2344  mprotect(0x7f6570046000, 4096, PROT_READ|PROT_WRITE <unfinished ...>
2351  mprotect(0x7f654c030000, 4096, PROT_READ|PROT_WRITE <unfinished ...>
2350  mprotect(0x7f6558038000, 4096, PROT_READ|PROT_WRITE <unfinished ...>
2349  mprotect(0x7f655403c000, 4096, PROT_READ|PROT_WRITE <unfinished ...>
2348  <... mprotect resumed>)           = 0
2347  <... mprotect resumed>)           = 0
2346  mprotect(0x7f6564041000, 4096, PROT_READ|PROT_WRITE <unfinished ...>
2345  mprotect(0x7f6568042000, 4096, PROT_READ|PROT_WRITE <unfinished ...>
2344  <... mprotect resumed>)           = 0
2351  <... mprotect resumed>)           = 0
2350  <... mprotect resumed>)           = 0
2349  <... mprotect resumed>)           = 0
2348  mprotect(0x7f656003b000, 4096, PROT_READ|PROT_WRITE <unfinished ...>
2347  mprotect(0x7f655c041000, 4096, PROT_READ|PROT_WRITE <unfinished ...>
2345  <... mprotect resumed>)           = 0
2344  mprotect(0x7f6570047000, 4096, PROT_READ|PROT_WRITE <unfinished ...>
2351  mprotect(0x7f654c031000, 4096, PROT_READ|PROT_WRITE <unfinished ...>
2346  <... mprotect resumed>)           = 0
2349  mprotect(0x7f655403d000, 4096, PROT_READ|PROT_WRITE <unfinished ...>
2348  <... mprotect resumed>)           = 0
2345  mprotect(0x7f6568043000, 4096, PROT_READ|PROT_WRITE <unfinished ...>
2350  mprotect(0x7f6558039000, 4096, PROT_READ|PROT_WRITE <unfinished ...>
2348  mprotect(0x7f656003c000, 4096, PROT_READ|PROT_WRITE <unfinished ...>
2345  <... mprotect resumed>)           = 0
2344  <... mprotect resumed>)           = 0
2350  <... mprotect resumed>)           = 0
2348  <... mprotect resumed>)           = 0
2347  <... mprotect resumed>)           = 0
2351  <... mprotect resumed>)           = 0
2350  mprotect(0x7f655803a000, 4096, PROT_READ|PROT_WRITE <unfinished ...>
2347  mprotect(0x7f655c042000, 4096, PROT_READ|PROT_WRITE <unfinished ...>
2351  mprotect(0x7f654c032000, 4096, PROT_READ|PROT_WRITE <unfinished ...>
2350  <... mprotect resumed>)           = 0
2349  <... mprotect resumed>)           = 0
2347  <... mprotect resumed>)           = 0
2346  mprotect(0x7f6564042000, 4096, PROT_READ|PROT_WRITE <unfinished ...>
2345  mprotect(0x7f6568044000, 4096, PROT_READ|PROT_WRITE <unfinished ...>
2344  mprotect(0x7f6570048000, 4096, PROT_READ|PROT_WRITE <unfinished ...>
2350  mprotect(0x7f655803b000, 4096, PROT_READ|PROT_WRITE <unfinished ...>
2349  mprotect(0x7f655403e000, 4096, PROT_READ|PROT_WRITE <unfinished ...>
2348  mprotect(0x7f656003d000, 4096, PROT_READ|PROT_WRITE <unfinished ...>
2345  <... mprotect resumed>)           = 0
2351  <... mprotect resumed>)           = 0
2347  mprotect(0x7f655c043000, 4096, PROT_READ|PROT_WRITE <unfinished ...>
2346  <... mprotect resumed>)           = 0
2344  <... mprotect resumed>)           = 0
2350  <... mprotect resumed>)           = 0
2349  <... mprotect resumed>)           = 0
2348  <... mprotect resumed>)           = 0
2347  <... mprotect resumed>)           = 0
2346  mprotect(0x7f6564043000, 4096, PROT_READ|PROT_WRITE <unfinished ...>
2345  mprotect(0x7f6568045000, 4096, PROT_READ|PROT_WRITE <unfinished ...>
2351  mprotect(0x7f654c033000, 4096, PROT_READ|PROT_WRITE <unfinished ...>
2350  mprotect(0x7f655803c000, 4096, PROT_READ|PROT_WRITE <unfinished ...>
2349  mprotect(0x7f655403f000, 4096, PROT_READ|PROT_WRITE <unfinished ...>
2344  mprotect(0x7f6570049000, 4096, PROT_READ|PROT_WRITE <unfinished ...>
2351  <... mprotect resumed>)           = 0
2350  <... mprotect resumed>)           = 0
2349  <... mprotect resumed>)           = 0
2348  mprotect(0x7f656003e000, 4096, PROT_READ|PROT_WRITE <unfinished ...>
2347  mprotect(0x7f655c044000, 4096, PROT_READ|PROT_WRITE <unfinished ...>
2346  <... mprotect resumed>)           = 0
2345  <... mprotect resumed>)           = 0
2351  mprotect(0x7f654c034000, 4096, PROT_READ|PROT_WRITE <unfinished ...>
2350  mprotect(0x7f655803d000, 4096, PROT_READ|PROT_WRITE <unfinished ...>
2349  mprotect(0x7f6554040000, 4096, PROT_READ|PROT_WRITE <unfinished ...>
2348  <... mprotect resumed>)           = 0
2347  <... mprotect resumed>)           = 0
2345  mprotect(0x7f6568046000, 4096, PROT_READ|PROT_WRITE <unfinished ...>
2344  <... mprotect resumed>)           = 0
2351  <... mprotect resumed>)           = 0
2350  <... mprotect resumed>)           = 0
2349  <... mprotect resumed>)           = 0
2348  mprotect(0x7f656003f000, 4096, PROT_READ|PROT_WRITE <unfinished ...>
2347  mprotect(0x7f655c045000, 4096, PROT_READ|PROT_WRITE <unfinished ...>
2346  mprotect(0x7f6564044000, 4096, PROT_READ|PROT_WRITE <unfinished ...>
2345  <... mprotect resumed>)           = 0
2351  mprotect(0x7f654c035000, 4096, PROT_READ|PROT_WRITE <unfinished ...>
2350  mprotect(0x7f655803e000, 4096, PROT_READ|PROT_WRITE <unfinished ...>
2349  mprotect(0x7f6554041000, 4096, PROT_READ|PROT_WRITE <unfinished ...>
2344  mprotect(0x7f657004a000, 4096, PROT_READ|PROT_WRITE <unfinished ...>
2351  <... mprotect resumed>)           = 0
2348  <... mprotect resumed>)           = 0
2347  <... mprotect resumed>)           = 0
2346  <... mprotect resumed>)           = 0
2350  <... mprotect resumed>)           = 0
2349  <... mprotect resumed>)           = 0
2345  mprotect(0x7f6568047000, 4096, PROT_READ|PROT_WRITE <unfinished ...>
2348  mprotect(0x7f6560040000, 4096, PROT_READ|PROT_WRITE <unfinished ...>
2344  <... mprotect resumed>)           = 0
2351  mprotect(0x7f654c036000, 4096, PROT_READ|PROT_WRITE <unfinished ...>
2350  mprotect(0x7f655803f000, 4096, PROT_READ|PROT_WRITE <unfinished ...>
2349  mprotect(0x7f6554042000, 4096, PROT_READ|PROT_WRITE <unfinished ...>
2348  <... mprotect resumed>)           = 0
2347  mprotect(0x7f655c046000, 4096, PROT_READ|PROT_WRITE <unfinished ...>
2346  mprotect(0x7f6564045000, 4096, PROT_READ|PROT_WRITE <unfinished ...>
2345  <... mprotect resumed>)           = 0
2351  <... mprotect resumed>)           = 0
2350  <... mprotect resumed>)           = 0
2349  <... mprotect resumed>)           = 0
2348  mprotect(0x7f6560041000, 4096, PROT_READ|PROT_WRITE <unfinished ...>
2347  <... mprotect resumed>)           = 0
2346  <... mprotect resumed>)           = 0
2344  mprotect(0x7f657004b000, 4096, PROT_READ|PROT_WRITE <unfinished ...>
2351  mprotect(0x7f654c037000, 4096, PROT_READ|PROT_WRITE <unfinished ...>
2350  mprotect(0x7f6558040000, 4096, PROT_READ|PROT_WRITE <unfinished ...>
2349  mprotect(0x7f6554043000, 4096, PROT_READ|PROT_WRITE <unfinished ...>
2348  <... mprotect resumed>)           = 0
2347  mprotect(0x7f655c047000, 4096, PROT_READ|PROT_WRITE <unfinished ...>
2345  mprotect(0x7f6568048000, 4096, PROT_READ|PROT_WRITE <unfinished ...>
2351  <... mprotect resumed>)           = 0
2350  <... mprotect resumed>)           = 0
2349  <... mprotect resumed>)           = 0
2346  mprotect(0x7f6564046000, 4096, PROT_READ|PROT_WRITE <unfinished ...>
2344  <... mprotect resumed>)           = 0
2350  mprotect(0x7f6558041000, 4096, PROT_READ|PROT_WRITE <unfinished ...>
2348  mprotect(0x7f6560042000, 4096, PROT_READ|PROT_WRITE <unfinished ...>
2347  <... mprotect resumed>)           = 0
2345  <... mprotect resumed>)           = 0
2344  mprotect(0x7f657004c000, 4096, PROT_READ|PROT_WRITE <unfinished ...>
2351  mprotect(0x7f654c038000, 4096, PROT_READ|PROT_WRITE <unfinished ...>
2350  <... mprotect resumed>)           = 0
2345  mprotect(0x7f6568049000, 4096, PROT_READ|PROT_WRITE <unfinished ...>
2348  <... mprotect resumed>)           = 0
2346  <... mprotect resumed>)           = 0
2349  mprotect(0x7f6554044000, 4096, PROT_READ|PROT_WRITE <unfinished ...>
2350  mprotect(0x7f6558042000, 4096, PROT_READ|PROT_WRITE <unfinished ...>
2345  <... mprotect resumed>)           = 0
2350  <... mprotect resumed>)           = 0
2348  mprotect(0x7f6560043000, 4096, PROT_READ|PROT_WRITE <unfinished ...>
2349  <... mprotect resumed>)           = 0
2347  mprotect(0x7f655c048000, 4096, PROT_READ|PROT_WRITE <unfinished ...>
2345  mprotect(0x7f656804a000, 4096, PROT_READ|PROT_WRITE <unfinished ...>
2344  <... mprotect resumed>)           = 0
2351  <... mprotect resumed>)           = 0
2350  mprotect(0x7f6558043000, 4096, PROT_READ|PROT_WRITE <unfinished ...>
2348  <... mprotect resumed>)           = 0
2346  mprotect(0x7f6564047000, 4096, PROT_READ|PROT_WRITE <unfinished ...>
2349  mprotect(0x7f6554045000, 4096, PROT_READ|PROT_WRITE <unfinished ...>
2347  <... mprotect resumed>)           = 0
2345  <... mprotect resumed>)           = 0
2344  mprotect(0x7f657004d000, 4096, PROT_READ|PROT_WRITE <unfinished ...>
2351  mprotect(0x7f654c039000, 4096, PROT_READ|PROT_WRITE <unfinished ...>
2346  <... mprotect resumed>)           = 0
2350  <... mprotect resumed>)           = 0
2351  <... mprotect resumed>)           = 0
2350  mprotect(0x7f6558044000, 4096, PROT_READ|PROT_WRITE <unfinished ...>
2349  <... mprotect resumed>)           = 0
2348  mprotect(0x7f6560044000, 4096, PROT_READ|PROT_WRITE <unfinished ...>
2347  mprotect(0x7f655c049000, 4096, PROT_READ|PROT_WRITE <unfinished ...>
2346  mprotect(0x7f6564048000, 4096, PROT_READ|PROT_WRITE <unfinished ...>
2345  mprotect(0x7f656804b000, 4096, PROT_READ|PROT_WRITE <unfinished ...>
2344  <... mprotect resumed>)           = 0
2351  mprotect(0x7f654c03a000, 4096, PROT_READ|PROT_WRITE <unfinished ...>
2350  <... mprotect resumed>)           = 0
2349  mprotect(0x7f6554046000, 4096, PROT_READ|PROT_WRITE <unfinished ...>
2348  <... mprotect resumed>)           = 0
2347  <... mprotect resumed>)           = 0
2346  <... mprotect resumed>)           = 0
2345  <... mprotect resumed>)           = 0
2344  mprotect(0x7f657004e000, 4096, PROT_READ|PROT_WRITE <unfinished ...>
2351  <... mprotect resumed>)           = 0
2350  mprotect(0x7f6558045000, 4096, PROT_READ|PROT_WRITE <unfinished ...>
2349  <... mprotect resumed>)           = 0
2348  mprotect(0x7f6560045000, 4096, PROT_READ|PROT_WRITE <unfinished ...>
2347  mprotect(0x7f655c04a000, 4096, PROT_READ|PROT_WRITE <unfinished ...>
2346  mprotect(0x7f6564049000, 4096, PROT_READ|PROT_WRITE <unfinished ...>
2345  mprotect(0x7f656804c000, 4096, PROT_READ|PROT_WRITE <unfinished ...>
2344  <... mprotect resumed>)           = 0
2351  mprotect(0x7f654c03b000, 4096, PROT_READ|PROT_WRITE <unfinished ...>
2350  <... mprotect resumed>)           = 0
2349  mprotect(0x7f6554047000, 4096, PROT_READ|PROT_WRITE <unfinished ...>
2348  <... mprotect resumed>)           = 0
2347  <... mprotect resumed>)           = 0
2346  <... mprotect resumed>)           = 0
2345  <... mprotect resumed>)           = 0
2344  mprotect(0x7f657004f000, 4096, PROT_READ|PROT_WRITE <unfinished ...>
2351  <... mprotect resumed>)           = 0
2350  mprotect(0x7f6558046000, 4096, PROT_READ|PROT_WRITE <unfinished ...>
2349  <... mprotect resumed>)           = 0
2348  mprotect(0x7f6560046000, 4096, PROT_READ|PROT_WRITE <unfinished ...>
2347  mprotect(0x7f655c04b000, 4096, PROT_READ|PROT_WRITE <unfinished ...>
2346  mprotect(0x7f656404a000, 4096, PROT_READ|PROT_WRITE <unfinished ...>
2345  mprotect(0x7f656804d000, 4096, PROT_READ|PROT_WRITE <unfinished ...>
2344  <... mprotect resumed>)           = 0
2351  mprotect(0x7f654c03c000, 4096, PROT_READ|PROT_WRITE <unfinished ...>
2349  mprotect(0x7f6554048000, 4096, PROT_READ|PROT_WRITE <unfinished ...>
2348  <... mprotect resumed>)           = 0
2350  <... mprotect resumed>)           = 0
2346  <... mprotect resumed>)           = 0
2345  <... mprotect resumed>)           = 0
2351  <... mprotect resumed>)           = 0
2347  <... mprotect resumed>)           = 0
2344  mprotect(0x7f6570050000, 4096, PROT_READ|PROT_WRITE <unfinished ...>
2349  <... mprotect resumed>)           = 0
2346  mprotect(0x7f656404b000, 4096, PROT_READ|PROT_WRITE <unfinished ...>
2351  mprotect(0x7f654c03d000, 4096, PROT_READ|PROT_WRITE <unfinished ...>
2348  mprotect(0x7f6560047000, 4096, PROT_READ|PROT_WRITE <unfinished ...>
2347  mprotect(0x7f655c04c000, 4096, PROT_READ|PROT_WRITE <unfinished ...>
2351  <... mprotect resumed>)           = 0
2349  mprotect(0x7f6554049000, 4096, PROT_READ|PROT_WRITE <unfinished ...>
2348  <... mprotect resumed>)           = 0
2347  <... mprotect resumed>)           = 0
2346  <... mprotect resumed>)           = 0
2345  mprotect(0x7f656804e000, 4096, PROT_READ|PROT_WRITE <unfinished ...>
2351  mprotect(0x7f654c03e000, 4096, PROT_READ|PROT_WRITE) = 0
2349  <... mprotect resumed>)           = 0
2347  mprotect(0x7f655c04d000, 4096, PROT_READ|PROT_WRITE <unfinished ...>
2348  mprotect(0x7f6560048000, 4096, PROT_READ|PROT_WRITE <unfinished ...>
2346  mprotect(0x7f656404c000, 4096, PROT_READ|PROT_WRITE <unfinished ...>
2345  <... mprotect resumed>)           = 0
2344  <... mprotect resumed>)           = 0
2350  mprotect(0x7f6558047000, 4096, PROT_READ|PROT_WRITE <unfinished ...>
2351  mprotect(0x7f654c03f000, 4096, PROT_READ|PROT_WRITE <unfinished ...>
2350  <... mprotect resumed>)           = 0
2349  mprotect(0x7f655404a000, 4096, PROT_READ|PROT_WRITE <unfinished ...>
2348  <... mprotect resumed>)           = 0
2347  <... mprotect resumed>)           = 0
2346  <... mprotect resumed>)           = 0
2345  mprotect(0x7f656804f000, 4096, PROT_READ|PROT_WRITE <unfinished ...>
2344  mprotect(0x7f6570051000, 4096, PROT_READ|PROT_WRITE <unfinished ...>
2351  <... mprotect resumed>)           = 0
2350  mprotect(0x7f6558048000, 4096, PROT_READ|PROT_WRITE <unfinished ...>
2349  <... mprotect resumed>)           = 0
2348  mprotect(0x7f6560049000, 4096, PROT_READ|PROT_WRITE <unfinished ...>
2347  mprotect(0x7f655c04e000, 4096, PROT_READ|PROT_WRITE <unfinished ...>
2346  mprotect(0x7f656404d000, 4096, PROT_READ|PROT_WRITE <unfinished ...>
2345  <... mprotect resumed>)           = 0
2344  <... mprotect resumed>)           = 0
2351  mprotect(0x7f654c040000, 4096, PROT_READ|PROT_WRITE <unfinished ...>
2350  <... mprotect resumed>)           = 0
2349  mprotect(0x7f655404b000, 4096, PROT_READ|PROT_WRITE <unfinished ...>
2348  <... mprotect resumed>)           = 0
2347  <... mprotect resumed>)           = 0
2346  <... mprotect resumed>)           = 0
2351  <... mprotect resumed>)           = 0
2350  mprotect(0x7f6558049000, 4096, PROT_READ|PROT_WRITE <unfinished ...>
2345  mprotect(0x7f6568050000, 4096, PROT_READ|PROT_WRITE <unfinished ...>
2344  mprotect(0x7f6570052000, 4096, PROT_READ|PROT_WRITE <unfinished ...>
2350  <... mprotect resumed>)           = 0
2349  <... mprotect resumed>)           = 0
2348  mprotect(0x7f656004a000, 4096, PROT_READ|PROT_WRITE <unfinished ...>
2347  mprotect(0x7f655c04f000, 4096, PROT_READ|PROT_WRITE <unfinished ...>
2346  mprotect(0x7f656404e000, 4096, PROT_READ|PROT_WRITE <unfinished ...>
2351  mprotect(0x7f654c041000, 4096, PROT_READ|PROT_WRITE <unfinished ...>
2350  mprotect(0x7f655804a000, 4096, PROT_READ|PROT_WRITE <unfinished ...>
2349  mprotect(0x7f655404c000, 4096, PROT_READ|PROT_WRITE <unfinished ...>
2348  <... mprotect resumed>)           = 0
2345  <... mprotect resumed>)           = 0
2344  <... mprotect resumed>)           = 0
2351  <... mprotect resumed>)           = 0
2347  <... mprotect resumed>)           = 0
2346  <... mprotect resumed>)           = 0
2351  mprotect(0x7f654c042000, 4096, PROT_READ|PROT_WRITE <unfinished ...>
2350  <... mprotect resumed>)           = 0
2349  <... mprotect resumed>)           = 0
2348  mprotect(0x7f656004b000, 4096, PROT_READ|PROT_WRITE <unfinished ...>
2347  mprotect(0x7f655c050000, 4096, PROT_READ|PROT_WRITE <unfinished ...>
2345  mprotect(0x7f6568051000, 4096, PROT_READ|PROT_WRITE <unfinished ...>
2344  mprotect(0x7f6570053000, 4096, PROT_READ|PROT_WRITE <unfinished ...>
2351  <... mprotect resumed>)           = 0
2350  mprotect(0x7f655804b000, 4096, PROT_READ|PROT_WRITE <unfinished ...>
2349  mprotect(0x7f655404d000, 4096, PROT_READ|PROT_WRITE <unfinished ...>
2348  <... mprotect resumed>)           = 0
2347  <... mprotect resumed>)           = 0
2346  mprotect(0x7f656404f000, 4096, PROT_READ|PROT_WRITE <unfinished ...>
2351  mprotect(0x7f654c043000, 4096, PROT_READ|PROT_WRITE <unfinished ...>
2350  <... mprotect resumed>)           = 0
2349  <... mprotect resumed>)           = 0
2348  mprotect(0x7f656004c000, 4096, PROT_READ|PROT_WRITE <unfinished ...>
2347  mprotect(0x7f655c051000, 4096, PROT_READ|PROT_WRITE <unfinished ...>
2345  <... mprotect resumed>)           = 0
2344  <... mprotect resumed>)           = 0
2351  <... mprotect resumed>)           = 0
2350  mprotect(0x7f655804c000, 4096, PROT_READ|PROT_WRITE <unfinished ...>
2346  <... mprotect resumed>)           = 0
2348  <... mprotect resumed>)           = 0
2347  <... mprotect resumed>)           = 0
2345  mprotect(0x7f6568052000, 4096, PROT_READ|PROT_WRITE <unfinished ...>
2351  mprotect(0x7f654c044000, 4096, PROT_READ|PROT_WRITE <unfinished ...>
2350  <... mprotect resumed>)           = 0
2349  mprotect(0x7f655404e000, 4096, PROT_READ|PROT_WRITE <unfinished ...>
2347  mprotect(0x7f655c052000, 4096, PROT_READ|PROT_WRITE <unfinished ...>
2346  mprotect(0x7f6564050000, 4096, PROT_READ|PROT_WRITE <unfinished ...>
2345  <... mprotect resumed>)           = 0
2344  mprotect(0x7f6570054000, 4096, PROT_READ|PROT_WRITE <unfinished ...>
2351  <... mprotect resumed>)           = 0
2350  mprotect(0x7f655804d000, 4096, PROT_READ|PROT_WRITE <unfinished ...>
2349  <... mprotect resumed>)           = 0
2348  mprotect(0x7f656004d000, 4096, PROT_READ|PROT_WRITE <unfinished ...>
2347  <... mprotect resumed>)           = 0
2346  <... mprotect resumed>)           = 0
2350  <... mprotect resumed>)           = 0
2348  <... mprotect resumed>)           = 0
2346  mprotect(0x7f6564051000, 4096, PROT_READ|PROT_WRITE <unfinished ...>
2344  <... mprotect resumed>)           = 0
2345  mprotect(0x7f6568053000, 4096, PROT_READ|PROT_WRITE <unfinished ...>
2348  mprotect(0x7f656004e000, 4096, PROT_READ|PROT_WRITE <unfinished ...>
2351  mprotect(0x7f654c045000, 4096, PROT_READ|PROT_WRITE) = 0
2350  mprotect(0x7f655804e000, 4096, PROT_READ|PROT_WRITE <unfinished ...>
2349  mprotect(0x7f655404f000, 4096, PROT_READ|PROT_WRITE <unfinished ...>
2348  <... mprotect resumed>)           = 0
2347  mprotect(0x7f655c053000, 4096, PROT_READ|PROT_WRITE <unfinished ...>
2346  <... mprotect resumed>)           = 0
2345  <... mprotect resumed>)           = 0
2344  mprotect(0x7f6570055000, 4096, PROT_READ|PROT_WRITE <unfinished ...>
2351  mprotect(0x7f654c046000, 4096, PROT_READ|PROT_WRITE <unfinished ...>
2350  <... mprotect resumed>)           = 0
2349  <... mprotect resumed>)           = 0
2347  <... mprotect resumed>)           = 0
2351  <... mprotect resumed>)           = 0
2350  mprotect(0x7f655804f000, 4096, PROT_READ|PROT_WRITE <unfinished ...>
2348  mprotect(0x7f656004f000, 4096, PROT_READ|PROT_WRITE <unfinished ...>
2346  mprotect(0x7f6564052000, 4096, PROT_READ|PROT_WRITE <unfinished ...>
2345  mprotect(0x7f6568054000, 4096, PROT_READ|PROT_WRITE <unfinished ...>
2344  <... mprotect resumed>)           = 0
2351  mprotect(0x7f654c047000, 4096, PROT_READ|PROT_WRITE <unfinished ...>
2350  <... mprotect resumed>)           = 0
2349  mprotect(0x7f6554050000, 4096, PROT_READ|PROT_WRITE <unfinished ...>
2347  mprotect(0x7f655c054000, 4096, PROT_READ|PROT_WRITE <unfinished ...>
2348  <... mprotect resumed>)           = 0
2346  <... mprotect resumed>)           = 0
2345  <... mprotect resumed>)           = 0
2344  mprotect(0x7f6570056000, 4096, PROT_READ|PROT_WRITE <unfinished ...>
2351  <... mprotect resumed>)           = 0
2350  mprotect(0x7f6558050000, 4096, PROT_READ|PROT_WRITE <unfinished ...>
2349  <... mprotect resumed>)           = 0
2348  mprotect(0x7f6560050000, 4096, PROT_READ|PROT_WRITE <unfinished ...>
2347  <... mprotect resumed>)           = 0
2351  mprotect(0x7f654c048000, 4096, PROT_READ|PROT_WRITE <unfinished ...>
2346  mprotect(0x7f6564053000, 4096, PROT_READ|PROT_WRITE <unfinished ...>
2345  mprotect(0x7f6568055000, 4096, PROT_READ|PROT_WRITE <unfinished ...>
2344  <... mprotect resumed>)           = 0
2350  <... mprotect resumed>)           = 0
2351  <... mprotect resumed>)           = 0
2349  mprotect(0x7f6554051000, 4096, PROT_READ|PROT_WRITE <unfinished ...>
2348  <... mprotect resumed>)           = 0
2346  <... mprotect resumed>)           = 0
2345  <... mprotect resumed>)           = 0
2350  mprotect(0x7f6558051000, 4096, PROT_READ|PROT_WRITE <unfinished ...>
2348  mprotect(0x7f6560051000, 4096, PROT_READ|PROT_WRITE <unfinished ...>
2347  mprotect(0x7f655c055000, 4096, PROT_READ|PROT_WRITE <unfinished ...>
2344  mprotect(0x7f6570057000, 4096, PROT_READ|PROT_WRITE <unfinished ...>
2351  mprotect(0x7f654c049000, 4096, PROT_READ|PROT_WRITE <unfinished ...>
2350  <... mprotect resumed>)           = 0
2349  <... mprotect resumed>)           = 0
2348  <... mprotect resumed>)           = 0
2347  <... mprotect resumed>)           = 0
2346  mprotect(0x7f6564054000, 4096, PROT_READ|PROT_WRITE <unfinished ...>
2345  mprotect(0x7f6568056000, 4096, PROT_READ|PROT_WRITE <unfinished ...>
2351  <... mprotect resumed>)           = 0
2344  <... mprotect resumed>)           = 0
2351  mprotect(0x7f654c04a000, 4096, PROT_READ|PROT_WRITE <unfinished ...>
2349  mprotect(0x7f6554052000, 4096, PROT_READ|PROT_WRITE <unfinished ...>
2348  mprotect(0x7f6560052000, 4096, PROT_READ|PROT_WRITE <unfinished ...>
2347  mprotect(0x7f655c056000, 4096, PROT_READ|PROT_WRITE <unfinished ...>
2346  <... mprotect resumed>)           = 0
2345  <... mprotect resumed>)           = 0
2344  mprotect(0x7f6570058000, 4096, PROT_READ|PROT_WRITE <unfinished ...>
2351  <... mprotect resumed>)           = 0
2350  mprotect(0x7f6558052000, 4096, PROT_READ|PROT_WRITE <unfinished ...>
2349  <... mprotect resumed>)           = 0
2348  <... mprotect resumed>)           = 0
2347  <... mprotect resumed>)           = 0
2346  mprotect(0x7f6564055000, 4096, PROT_READ|PROT_WRITE <unfinished ...>
2345  mprotect(0x7f6568057000, 4096, PROT_READ|PROT_WRITE <unfinished ...>
2344  <... mprotect resumed>)           = 0
2351  mprotect(0x7f654c04b000, 4096, PROT_READ|PROT_WRITE <unfinished ...>
2350  <... mprotect resumed>)           = 0
2349  mprotect(0x7f6554053000, 4096, PROT_READ|PROT_WRITE <unfinished ...>
2348  mprotect(0x7f6560053000, 4096, PROT_READ|PROT_WRITE <unfinished ...>
2347  mprotect(0x7f655c057000, 4096, PROT_READ|PROT_WRITE <unfinished ...>
2346  <... mprotect resumed>)           = 0
2345  <... mprotect resumed>)           = 0
2351  <... mprotect resumed>)           = 0
2350  mprotect(0x7f6558053000, 4096, PROT_READ|PROT_WRITE <unfinished ...>
2349  <... mprotect resumed>)           = 0
2348  <... mprotect resumed>)           = 0
2347  <... mprotect resumed>)           = 0
2344  mprotect(0x7f6570059000, 4096, PROT_READ|PROT_WRITE <unfinished ...>
2351  mprotect(0x7f654c04c000, 4096, PROT_READ|PROT_WRITE <unfinished ...>
2350  <... mprotect resumed>)           = 0
2349  mprotect(0x7f6554054000, 4096, PROT_READ|PROT_WRITE <unfinished ...>
2348  mprotect(0x7f6560054000, 4096, PROT_READ|PROT_WRITE <unfinished ...>
2346  mprotect(0x7f6564056000, 4096, PROT_READ|PROT_WRITE <unfinished ...>
2345  mprotect(0x7f6568058000, 4096, PROT_READ|PROT_WRITE <unfinished ...>
2351  <... mprotect resumed>)           = 0
2347  mprotect(0x7f655c058000, 4096, PROT_READ|PROT_WRITE <unfinished ...>
2344  <... mprotect resumed>)           = 0
2350  mprotect(0x7f6558054000, 4096, PROT_READ|PROT_WRITE <unfinished ...>
2348  <... mprotect resumed>)           = 0
2346  <... mprotect resumed>)           = 0
2351  mprotect(0x7f654c04d000, 4096, PROT_READ|PROT_WRITE <unfinished ...>
2350  <... mprotect resumed>)           = 0
2349  <... mprotect resumed>)           = 0
2347  <... mprotect resumed>)           = 0
2345  <... mprotect resumed>)           = 0
2344  mprotect(0x7f657005a000, 4096, PROT_READ|PROT_WRITE <unfinished ...>
2351  <... mprotect resumed>)           = 0
2350  mprotect(0x7f6558055000, 4096, PROT_READ|PROT_WRITE <unfinished ...>
2349  mprotect(0x7f6554055000, 4096, PROT_READ|PROT_WRITE <unfinished ...>
2348  mprotect(0x7f6560055000, 4096, PROT_READ|PROT_WRITE <unfinished ...>
2346  mprotect(0x7f6564057000, 4096, PROT_READ|PROT_WRITE <unfinished ...>
2351  mprotect(0x7f654c04e000, 4096, PROT_READ|PROT_WRITE <unfinished ...>
2349  <... mprotect resumed>)           = 0
2347  mprotect(0x7f655c059000, 4096, PROT_READ|PROT_WRITE <unfinished ...>
2345  mprotect(0x7f6568059000, 4096, PROT_READ|PROT_WRITE <unfinished ...>
2344  <... mprotect resumed>)           = 0
2351  <... mprotect resumed>)           = 0
2350  <... mprotect resumed>)           = 0
2349  mprotect(0x7f6554056000, 4096, PROT_READ|PROT_WRITE <unfinished ...>
2348  <... mprotect resumed>)           = 0
2347  <... mprotect resumed>)           = 0
2346  <... mprotect resumed>)           = 0
2345  <... mprotect resumed>)           = 0
2344  mprotect(0x7f657005b000, 4096, PROT_READ|PROT_WRITE <unfinished ...>
2351  mprotect(0x7f654c04f000, 4096, PROT_READ|PROT_WRITE <unfinished ...>
2350  mprotect(0x7f6558056000, 4096, PROT_READ|PROT_WRITE <unfinished ...>
2349  <... mprotect resumed>)           = 0
2347  mprotect(0x7f655c05a000, 4096, PROT_READ|PROT_WRITE <unfinished ...>
2351  <... mprotect resumed>)           = 0
2350  <... mprotect resumed>)           = 0
2349  mprotect(0x7f6554057000, 4096, PROT_READ|PROT_WRITE <unfinished ...>
2348  mprotect(0x7f6560056000, 4096, PROT_READ|PROT_WRITE <unfinished ...>
2347  <... mprotect resumed>)           = 0
2346  mprotect(0x7f6564058000, 4096, PROT_READ|PROT_WRITE <unfinished ...>
2345  mprotect(0x7f656805a000, 4096, PROT_READ|PROT_WRITE <unfinished ...>
2344  <... mprotect resumed>)           = 0
2351  mprotect(0x7f654c050000, 4096, PROT_READ|PROT_WRITE <unfinished ...>
2350  mprotect(0x7f6558057000, 4096, PROT_READ|PROT_WRITE <unfinished ...>
2349  <... mprotect resumed>)           = 0
2347  mprotect(0x7f655c05b000, 4096, PROT_READ|PROT_WRITE <unfinished ...>
2346  <... mprotect resumed>)           = 0
2351  <... mprotect resumed>)           = 0
2350  <... mprotect resumed>)           = 0
2349  mprotect(0x7f6554058000, 4096, PROT_READ|PROT_WRITE <unfinished ...>
2348  <... mprotect resumed>)           = 0
2347  <... mprotect resumed>)           = 0
2346  mprotect(0x7f6564059000, 4096, PROT_READ|PROT_WRITE <unfinished ...>
2345  <... mprotect resumed>)           = 0
2344  mprotect(0x7f657005c000, 4096, PROT_READ|PROT_WRITE <unfinished ...>
2350  mprotect(0x7f6558058000, 4096, PROT_READ|PROT_WRITE <unfinished ...>
2347  mprotect(0x7f655c05c000, 4096, PROT_READ|PROT_WRITE <unfinished ...>
2350  <... mprotect resumed>)           = 0
2346  <... mprotect resumed>)           = 0
2345  mprotect(0x7f656805b000, 4096, PROT_READ|PROT_WRITE <unfinished ...>
2348  mprotect(0x7f6560057000, 4096, PROT_READ|PROT_WRITE <unfinished ...>
2344  <... mprotect resumed>)           = 0
2350  mprotect(0x7f6558059000, 4096, PROT_READ|PROT_WRITE) = 0
2349  <... mprotect resumed>)           = 0
2350  mprotect(0x7f655805a000, 4096, PROT_READ|PROT_WRITE <unfinished ...>
2346  mprotect(0x7f656405a000, 4096, PROT_READ|PROT_WRITE <unfinished ...>
2351  mprotect(0x7f654c051000, 4096, PROT_READ|PROT_WRITE <unfinished ...>
2350  <... mprotect resumed>)           = 0
2347  <... mprotect resumed>)           = 0
2344  mprotect(0x7f657005d000, 4096, PROT_READ|PROT_WRITE <unfinished ...>
2348  <... mprotect resumed>)           = 0
2351  <... mprotect resumed>)           = 0
2345  <... mprotect resumed>)           = 0
2351  mprotect(0x7f654c052000, 4096, PROT_READ|PROT_WRITE <unfinished ...>
2348  mprotect(0x7f6560058000, 4096, PROT_READ|PROT_WRITE <unfinished ...>
2344  <... mprotect resumed>)           = 0
2346  <... mprotect resumed>)           = 0
2348  <... mprotect resumed>)           = 0
2351  <... mprotect resumed>)           = 0
2350  mprotect(0x7f655805b000, 4096, PROT_READ|PROT_WRITE <unfinished ...>
2349  mprotect(0x7f6554059000, 4096, PROT_READ|PROT_WRITE <unfinished ...>
2348  mprotect(0x7f6560059000, 4096, PROT_READ|PROT_WRITE <unfinished ...>
2347  mprotect(0x7f655c05d000, 4096, PROT_READ|PROT_WRITE <unfinished ...>
2346  mprotect(0x7f656405b000, 4096, PROT_READ|PROT_WRITE <unfinished ...>
2345  mprotect(0x7f656805c000, 4096, PROT_READ|PROT_WRITE <unfinished ...>
2344  mprotect(0x7f657005e000, 4096, PROT_READ|PROT_WRITE <unfinished ...>
2351  mprotect(0x7f654c053000, 4096, PROT_READ|PROT_WRITE <unfinished ...>
2350  <... mprotect resumed>)           = 0
2349  <... mprotect resumed>)           = 0
2351  <... mprotect resumed>)           = 0
2350  mprotect(0x7f655805c000, 4096, PROT_READ|PROT_WRITE <unfinished ...>
2348  <... mprotect resumed>)           = 0
2347  <... mprotect resumed>)           = 0
2346  <... mprotect resumed>)           = 0
2345  <... mprotect resumed>)           = 0
2344  <... mprotect resumed>)           = 0
2351  mprotect(0x7f654c054000, 4096, PROT_READ|PROT_WRITE <unfinished ...>
2350  <... mprotect resumed>)           = 0
2349  mprotect(0x7f655405a000, 4096, PROT_READ|PROT_WRITE <unfinished ...>
2348  mprotect(0x7f656005a000, 4096, PROT_READ|PROT_WRITE <unfinished ...>
2349  <... mprotect resumed>)           = 0
2344  mprotect(0x7f657005f000, 4096, PROT_READ|PROT_WRITE <unfinished ...>
2351  <... mprotect resumed>)           = 0
2350  mprotect(0x7f655805d000, 4096, PROT_READ|PROT_WRITE <unfinished ...>
2348  <... mprotect resumed>)           = 0
2345  mprotect(0x7f656805d000, 4096, PROT_READ|PROT_WRITE <unfinished ...>
2347  mprotect(0x7f655c05e000, 4096, PROT_READ|PROT_WRITE <unfinished ...>
2351  mprotect(0x7f654c055000, 4096, PROT_READ|PROT_WRITE <unfinished ...>
2349  mprotect(0x7f655405b000, 4096, PROT_READ|PROT_WRITE <unfinished ...>
2346  mprotect(0x7f656405c000, 4096, PROT_READ|PROT_WRITE <unfinished ...>
2344  <... mprotect resumed>)           = 0
2351  <... mprotect resumed>)           = 0
2350  <... mprotect resumed>)           = 0
2348  mprotect(0x7f656005b000, 4096, PROT_READ|PROT_WRITE <unfinished ...>
2347  <... mprotect resumed>)           = 0
2345  <... mprotect resumed>)           = 0
2351  mprotect(0x7f654c056000, 4096, PROT_READ|PROT_WRITE <unfinished ...>
2350  mprotect(0x7f655805e000, 4096, PROT_READ|PROT_WRITE <unfinished ...>
2349  <... mprotect resumed>)           = 0
2348  <... mprotect resumed>)           = 0
2346  <... mprotect resumed>)           = 0
2344  mprotect(0x7f6570060000, 4096, PROT_READ|PROT_WRITE <unfinished ...>
2351  <... mprotect resumed>)           = 0
2350  <... mprotect resumed>)           = 0
2347  mprotect(0x7f655c05f000, 4096, PROT_READ|PROT_WRITE <unfinished ...>
2345  mprotect(0x7f656805e000, 4096, PROT_READ|PROT_WRITE <unfinished ...>
2349  mprotect(0x7f655405c000, 4096, PROT_READ|PROT_WRITE <unfinished ...>
2348  mprotect(0x7f656005c000, 4096, PROT_READ|PROT_WRITE <unfinished ...>
2346  mprotect(0x7f656405d000, 4096, PROT_READ|PROT_WRITE <unfinished ...>
2344  <... mprotect resumed>)           = 0
2351  mprotect(0x7f654c057000, 4096, PROT_READ|PROT_WRITE <unfinished ...>
2350  mprotect(0x7f655805f000, 4096, PROT_READ|PROT_WRITE <unfinished ...>
2349  <... mprotect resumed>)           = 0
2347  <... mprotect resumed>)           = 0
2345  <... mprotect resumed>)           = 0
2351  <... mprotect resumed>)           = 0
2350  <... mprotect resumed>)           = 0
2348  <... mprotect resumed>)           = 0
2346  <... mprotect resumed>)           = 0
2344  mprotect(0x7f6570061000, 4096, PROT_READ|PROT_WRITE <unfinished ...>
2349  mprotect(0x7f655405d000, 4096, PROT_READ|PROT_WRITE <unfinished ...>
2351  mprotect(0x7f654c058000, 4096, PROT_READ|PROT_WRITE <unfinished ...>
2350  mprotect(0x7f6558060000, 4096, PROT_READ|PROT_WRITE <unfinished ...>
2349  <... mprotect resumed>)           = 0
2348  mprotect(0x7f656005d000, 4096, PROT_READ|PROT_WRITE <unfinished ...>
2347  mprotect(0x7f655c060000, 4096, PROT_READ|PROT_WRITE <unfinished ...>
2346  mprotect(0x7f656405e000, 4096, PROT_READ|PROT_WRITE <unfinished ...>
2345  mprotect(0x7f656805f000, 4096, PROT_READ|PROT_WRITE <unfinished ...>
2344  <... mprotect resumed>)           = 0
2351  <... mprotect resumed>)           = 0
2350  <... mprotect resumed>)           = 0
2349  mprotect(0x7f655405e000, 4096, PROT_READ|PROT_WRITE <unfinished ...>
2348  <... mprotect resumed>)           = 0
2346  <... mprotect resumed>)           = 0
2351  mprotect(0x7f654c059000, 4096, PROT_READ|PROT_WRITE <unfinished ...>
2350  mprotect(0x7f6558061000, 4096, PROT_READ|PROT_WRITE <unfinished ...>
2347  <... mprotect resumed>)           = 0
2345  <... mprotect resumed>)           = 0
2344  mprotect(0x7f6570062000, 4096, PROT_READ|PROT_WRITE <unfinished ...>
2351  <... mprotect resumed>)           = 0
2350  <... mprotect resumed>)           = 0
2349  <... mprotect resumed>)           = 0
2348  mprotect(0x7f656005e000, 4096, PROT_READ|PROT_WRITE <unfinished ...>
2347  mprotect(0x7f655c061000, 4096, PROT_READ|PROT_WRITE <unfinished ...>
2346  mprotect(0x7f656405f000, 4096, PROT_READ|PROT_WRITE <unfinished ...>
2351  mprotect(0x7f654c05a000, 4096, PROT_READ|PROT_WRITE <unfinished ...>
2350  mprotect(0x7f6558062000, 4096, PROT_READ|PROT_WRITE <unfinished ...>
2349  mprotect(0x7f655405f000, 4096, PROT_READ|PROT_WRITE <unfinished ...>
2348  <... mprotect resumed>)           = 0
2347  <... mprotect resumed>)           = 0
2345  mprotect(0x7f6568060000, 4096, PROT_READ|PROT_WRITE <unfinished ...>
2344  <... mprotect resumed>)           = 0
2351  <... mprotect resumed>)           = 0
2350  <... mprotect resumed>)           = 0
2349  <... mprotect resumed>)           = 0
2348  mprotect(0x7f656005f000, 4096, PROT_READ|PROT_WRITE <unfinished ...>
2347  mprotect(0x7f655c062000, 4096, PROT_READ|PROT_WRITE <unfinished ...>
2346  <... mprotect resumed>)           = 0
2345  <... mprotect resumed>)           = 0
2351  mprotect(0x7f654c05b000, 4096, PROT_READ|PROT_WRITE <unfinished ...>
2350  mprotect(0x7f6558063000, 4096, PROT_READ|PROT_WRITE <unfinished ...>
2349  mprotect(0x7f6554060000, 4096, PROT_READ|PROT_WRITE <unfinished ...>
2348  <... mprotect resumed>)           = 0
2344  mprotect(0x7f6570063000, 4096, PROT_READ|PROT_WRITE <unfinished ...>
2350  <... mprotect resumed>)           = 0
2347  <... mprotect resumed>)           = 0
2346  mprotect(0x7f6564060000, 4096, PROT_READ|PROT_WRITE <unfinished ...>
2351  <... mprotect resumed>)           = 0
2349  <... mprotect resumed>)           = 0
2348  mprotect(0x7f6560060000, 4096, PROT_READ|PROT_WRITE <unfinished ...>
2345  mprotect(0x7f6568061000, 4096, PROT_READ|PROT_WRITE <unfinished ...>
2344  <... mprotect resumed>)           = 0
2346  <... mprotect resumed>)           = 0
2348  <... mprotect resumed>)           = 0
2350  mprotect(0x7f6558064000, 4096, PROT_READ|PROT_WRITE <unfinished ...>
2347  mprotect(0x7f655c063000, 4096, PROT_READ|PROT_WRITE <unfinished ...>
2344  mprotect(0x7f6570064000, 4096, PROT_READ|PROT_WRITE <unfinished ...>
2351  mprotect(0x7f654c05c000, 4096, PROT_READ|PROT_WRITE <unfinished ...>
2350  <... mprotect resumed>)           = 0
2349  mprotect(0x7f6554061000, 4096, PROT_READ|PROT_WRITE <unfinished ...>
2348  mprotect(0x7f6560061000, 4096, PROT_READ|PROT_WRITE <unfinished ...>
2346  mprotect(0x7f6564061000, 4096, PROT_READ|PROT_WRITE <unfinished ...>
2345  <... mprotect resumed>)           = 0
2351  <... mprotect resumed>)           = 0
2350  mprotect(0x7f6558065000, 4096, PROT_READ|PROT_WRITE <unfinished ...>
2349  <... mprotect resumed>)           = 0
2347  <... mprotect resumed>)           = 0
2344  <... mprotect resumed>)           = 0
2351  mprotect(0x7f654c05d000, 4096, PROT_READ|PROT_WRITE <unfinished ...>
2350  <... mprotect resumed>)           = 0
2348  <... mprotect resumed>)           = 0
2346  <... mprotect resumed>)           = 0
2345  mprotect(0x7f6568062000, 4096, PROT_READ|PROT_WRITE <unfinished ...>
2351  <... mprotect resumed>)           = 0
2350  mprotect(0x7f6558066000, 4096, PROT_READ|PROT_WRITE <unfinished ...>
2349  mprotect(0x7f6554062000, 4096, PROT_READ|PROT_WRITE <unfinished ...>
2348  mprotect(0x7f6560062000, 4096, PROT_READ|PROT_WRITE <unfinished ...>
2347  mprotect(0x7f655c064000, 4096, PROT_READ|PROT_WRITE <unfinished ...>
2346  mprotect(0x7f6564062000, 4096, PROT_READ|PROT_WRITE <unfinished ...>
2345  <... mprotect resumed>)           = 0
2344  mprotect(0x7f6570065000, 4096, PROT_READ|PROT_WRITE <unfinished ...>
2351  mprotect(0x7f654c05e000, 4096, PROT_READ|PROT_WRITE <unfinished ...>
2350  <... mprotect resumed>)           = 0
2349  <... mprotect resumed>)           = 0
2351  <... mprotect resumed>)           = 0
2348  <... mprotect resumed>)           = 0
2347  <... mprotect resumed>)           = 0
2345  mprotect(0x7f6568063000, 4096, PROT_READ|PROT_WRITE <unfinished ...>
2350  mprotect(0x7f6558067000, 4096, PROT_READ|PROT_WRITE <unfinished ...>
2348  mprotect(0x7f6560063000, 4096, PROT_READ|PROT_WRITE <unfinished ...>
2346  <... mprotect resumed>)           = 0
2344  <... mprotect resumed>)           = 0
2351  mprotect(0x7f654c05f000, 4096, PROT_READ|PROT_WRITE <unfinished ...>
2349  mprotect(0x7f6554063000, 4096, PROT_READ|PROT_WRITE <unfinished ...>
2347  mprotect(0x7f655c065000, 4096, PROT_READ|PROT_WRITE <unfinished ...>
2346  mprotect(0x7f6564063000, 4096, PROT_READ|PROT_WRITE <unfinished ...>
2345  <... mprotect resumed>)           = 0
2350  <... mprotect resumed>)           = 0
2346  <... mprotect resumed>)           = 0
2344  mprotect(0x7f6570066000, 4096, PROT_READ|PROT_WRITE <unfinished ...>
2351  <... mprotect resumed>)           = 0
2349  <... mprotect resumed>)           = 0
2348  <... mprotect resumed>)           = 0
2347  <... mprotect resumed>)           = 0
2350  mprotect(0x7f6558068000, 4096, PROT_READ|PROT_WRITE <unfinished ...>
2345  mprotect(0x7f6568064000, 4096, PROT_READ|PROT_WRITE <unfinished ...>
2344  <... mprotect resumed>)           = 0
2351  mprotect(0x7f654c060000, 4096, PROT_READ|PROT_WRITE <unfinished ...>
2350  <... mprotect resumed>)           = 0
2348  mprotect(0x7f6560064000, 4096, PROT_READ|PROT_WRITE <unfinished ...>
2347  mprotect(0x7f655c066000, 4096, PROT_READ|PROT_WRITE <unfinished ...>
2346  mprotect(0x7f6564064000, 4096, PROT_READ|PROT_WRITE <unfinished ...>
2351  <... mprotect resumed>)           = 0
2350  mprotect(0x7f6558069000, 4096, PROT_READ|PROT_WRITE <unfinished ...>
2349  mprotect(0x7f6554064000, 4096, PROT_READ|PROT_WRITE <unfinished ...>
2345  <... mprotect resumed>)           = 0
2344  mprotect(0x7f6570067000, 4096, PROT_READ|PROT_WRITE <unfinished ...>
2350  <... mprotect resumed>)           = 0
2346  <... mprotect resumed>)           = 0
2347  <... mprotect resumed>)           = 0
2344  <... mprotect resumed>)           = 0
2348  <... mprotect resumed>)           = 0
2346  mprotect(0x7f6564065000, 4096, PROT_READ|PROT_WRITE <unfinished ...>
2344  mprotect(0x7f6570068000, 4096, PROT_READ|PROT_WRITE <unfinished ...>
2349  <... mprotect resumed>)           = 0
2348  mprotect(0x7f6560065000, 4096, PROT_READ|PROT_WRITE <unfinished ...>
2351  mprotect(0x7f654c061000, 4096, PROT_READ|PROT_WRITE <unfinished ...>
2350  mprotect(0x7f655806a000, 4096, PROT_READ|PROT_WRITE <unfinished ...>
2344  <... mprotect resumed>)           = 0
2347  mprotect(0x7f655c067000, 4096, PROT_READ|PROT_WRITE <unfinished ...>
2345  mprotect(0x7f6568065000, 4096, PROT_READ|PROT_WRITE <unfinished ...>
2346  <... mprotect resumed>)           = 0
2349  mprotect(0x7f6554065000, 4096, PROT_READ|PROT_WRITE) = 0
2351  <... mprotect resumed>)           = 0
2348  <... mprotect resumed>)           = 0
2350  <... mprotect resumed>)           = 0
2346  mprotect(0x7f6564066000, 4096, PROT_READ|PROT_WRITE <unfinished ...>
2349  mprotect(0x7f6554066000, 4096, PROT_READ|PROT_WRITE <unfinished ...>
2347  <... mprotect resumed>)           = 0
2345  <... mprotect resumed>)           = 0
2344  mprotect(0x7f6570069000, 4096, PROT_READ|PROT_WRITE <unfinished ...>
2351  mprotect(0x7f654c062000, 4096, PROT_READ|PROT_WRITE <unfinished ...>
2350  mprotect(0x7f655806b000, 4096, PROT_READ|PROT_WRITE <unfinished ...>
2348  mprotect(0x7f6560066000, 4096, PROT_READ|PROT_WRITE <unfinished ...>
2346  <... mprotect resumed>)           = 0
2349  <... mprotect resumed>)           = 0
2347  mprotect(0x7f655c068000, 4096, PROT_READ|PROT_WRITE <unfinished ...>
2345  mprotect(0x7f6568066000, 4096, PROT_READ|PROT_WRITE <unfinished ...>
2344  <... mprotect resumed>)           = 0
2351  <... mprotect resumed>)           = 0
2350  <... mprotect resumed>)           = 0
2349  mprotect(0x7f6554067000, 4096, PROT_READ|PROT_WRITE <unfinished ...>
2347  <... mprotect resumed>)           = 0
2348  <... mprotect resumed>)           = 0
2346  mprotect(0x7f6564067000, 4096, PROT_READ|PROT_WRITE <unfinished ...>
2345  <... mprotect resumed>)           = 0
2344  mprotect(0x7f657006a000, 4096, PROT_READ|PROT_WRITE <unfinished ...>
2351  mprotect(0x7f654c063000, 4096, PROT_READ|PROT_WRITE <unfinished ...>
2350  mprotect(0x7f655806c000, 4096, PROT_READ|PROT_WRITE <unfinished ...>
2349  <... mprotect resumed>)           = 0
2346  <... mprotect resumed>)           = 0
2347  mprotect(0x7f655c069000, 4096, PROT_READ|PROT_WRITE <unfinished ...>
2348  mprotect(0x7f6560067000, 4096, PROT_READ|PROT_WRITE <unfinished ...>
2344  <... mprotect resumed>)           = 0
2351  <... mprotect resumed>)           = 0
2350  <... mprotect resumed>)           = 0
2349  mprotect(0x7f6554068000, 4096, PROT_READ|PROT_WRITE <unfinished ...>
2347  <... mprotect resumed>)           = 0
2345  mprotect(0x7f6568067000, 4096, PROT_READ|PROT_WRITE <unfinished ...>
2351  mprotect(0x7f654c064000, 4096, PROT_READ|PROT_WRITE <unfinished ...>
2350  mprotect(0x7f655806d000, 4096, PROT_READ|PROT_WRITE <unfinished ...>
2349  <... mprotect resumed>)           = 0
2348  <... mprotect resumed>)           = 0
2347  mprotect(0x7f655c06a000, 4096, PROT_READ|PROT_WRITE <unfinished ...>
2346  mprotect(0x7f6564068000, 4096, PROT_READ|PROT_WRITE <unfinished ...>
2344  mprotect(0x7f657006b000, 4096, PROT_READ|PROT_WRITE <unfinished ...>
2351  <... mprotect resumed>)           = 0
2350  <... mprotect resumed>)           = 0
2349  mprotect(0x7f6554069000, 4096, PROT_READ|PROT_WRITE <unfinished ...>
2348  mprotect(0x7f6560068000, 4096, PROT_READ|PROT_WRITE <unfinished ...>
2345  <... mprotect resumed>)           = 0
2347  <... mprotect resumed>)           = 0
2346  <... mprotect resumed>)           = 0
2344  <... mprotect resumed>)           = 0
2351  mprotect(0x7f654c065000, 4096, PROT_READ|PROT_WRITE <unfinished ...>
2350  mprotect(0x7f655806e000, 4096, PROT_READ|PROT_WRITE <unfinished ...>
2348  <... mprotect resumed>)           = 0
2347  mprotect(0x7f655c06b000, 4096, PROT_READ|PROT_WRITE <unfinished ...>
2349  <... mprotect resumed>)           = 0
2346  mprotect(0x7f6564069000, 4096, PROT_READ|PROT_WRITE <unfinished ...>
2345  mprotect(0x7f6568068000, 4096, PROT_READ|PROT_WRITE <unfinished ...>
2344  mprotect(0x7f657006c000, 4096, PROT_READ|PROT_WRITE <unfinished ...>
2351  <... mprotect resumed>)           = 0
2350  <... mprotect resumed>)           = 0
2345  <... mprotect resumed>)           = 0
2351  mprotect(0x7f654c066000, 4096, PROT_READ|PROT_WRITE <unfinished ...>
2349  mprotect(0x7f655406a000, 4096, PROT_READ|PROT_WRITE <unfinished ...>
2348  mprotect(0x7f6560069000, 4096, PROT_READ|PROT_WRITE <unfinished ...>
2347  <... mprotect resumed>)           = 0
2346  <... mprotect resumed>)           = 0
2344  <... mprotect resumed>)           = 0
2351  <... mprotect resumed>)           = 0
2350  mprotect(0x7f655806f000, 4096, PROT_READ|PROT_WRITE <unfinished ...>
2348  <... mprotect resumed>)           = 0
2349  <... mprotect resumed>)           = 0
2348  mprotect(0x7f656006a000, 4096, PROT_READ|PROT_WRITE <unfinished ...>
2346  mprotect(0x7f656406a000, 4096, PROT_READ|PROT_WRITE <unfinished ...>
2345  mprotect(0x7f6568069000, 4096, PROT_READ|PROT_WRITE <unfinished ...>
2349  mprotect(0x7f655406b000, 4096, PROT_READ|PROT_WRITE <unfinished ...>
2348  <... mprotect resumed>)           = 0
2347  mprotect(0x7f655c06c000, 4096, PROT_READ|PROT_WRITE <unfinished ...>
2344  mprotect(0x7f657006d000, 4096, PROT_READ|PROT_WRITE <unfinished ...>
2351  mprotect(0x7f654c067000, 4096, PROT_READ|PROT_WRITE <unfinished ...>
2350  <... mprotect resumed>)           = 0
2346  <... mprotect resumed>)           = 0
2345  <... mprotect resumed>)           = 0
2351  <... mprotect resumed>)           = 0
2350  mprotect(0x7f6558070000, 4096, PROT_READ|PROT_WRITE <unfinished ...>
2349  <... mprotect resumed>)           = 0
2348  mprotect(0x7f656006b000, 4096, PROT_READ|PROT_WRITE <unfinished ...>
2347  <... mprotect resumed>)           = 0
2344  <... mprotect resumed>)           = 0
2351  mprotect(0x7f654c068000, 4096, PROT_READ|PROT_WRITE <unfinished ...>
2346  mprotect(0x7f656406b000, 4096, PROT_READ|PROT_WRITE <unfinished ...>
2345  mprotect(0x7f656806a000, 4096, PROT_READ|PROT_WRITE <unfinished ...>
2350  <... mprotect resumed>)           = 0
2351  <... mprotect resumed>)           = 0
2350  mprotect(0x7f6558071000, 4096, PROT_READ|PROT_WRITE <unfinished ...>
2349  mprotect(0x7f655406c000, 4096, PROT_READ|PROT_WRITE <unfinished ...>
2348  <... mprotect resumed>)           = 0
2347  mprotect(0x7f655c06d000, 4096, PROT_READ|PROT_WRITE <unfinished ...>
2346  <... mprotect resumed>)           = 0
2345  <... mprotect resumed>)           = 0
2350  <... mprotect resumed>)           = 0
2344  mprotect(0x7f657006e000, 4096, PROT_READ|PROT_WRITE <unfinished ...>
2351  mprotect(0x7f654c069000, 4096, PROT_READ|PROT_WRITE <unfinished ...>
2349  <... mprotect resumed>)           = 0
2348  mprotect(0x7f656006c000, 4096, PROT_READ|PROT_WRITE <unfinished ...>
2347  <... mprotect resumed>)           = 0
2345  mprotect(0x7f656806b000, 4096, PROT_READ|PROT_WRITE <unfinished ...>
2351  <... mprotect resumed>)           = 0
2350  mprotect(0x7f6558072000, 4096, PROT_READ|PROT_WRITE <unfinished ...>
2349  mprotect(0x7f655406d000, 4096, PROT_READ|PROT_WRITE <unfinished ...>
2348  <... mprotect resumed>)           = 0
2347  mprotect(0x7f655c06e000, 4096, PROT_READ|PROT_WRITE <unfinished ...>
2346  mprotect(0x7f656406c000, 4096, PROT_READ|PROT_WRITE <unfinished ...>
2345  <... mprotect resumed>)           = 0
2344  <... mprotect resumed>)           = 0
2350  <... mprotect resumed>)           = 0
2349  <... mprotect resumed>)           = 0
2351  mprotect(0x7f654c06a000, 4096, PROT_READ|PROT_WRITE <unfinished ...>
2348  mprotect(0x7f656006d000, 4096, PROT_READ|PROT_WRITE <unfinished ...>
2351  <... mprotect resumed>)           = 0
2347  <... mprotect resumed>)           = 0
2345  mprotect(0x7f656806c000, 4096, PROT_READ|PROT_WRITE <unfinished ...>
2344  mprotect(0x7f657006f000, 4096, PROT_READ|PROT_WRITE <unfinished ...>
2351  mprotect(0x7f654c06b000, 4096, PROT_READ|PROT_WRITE <unfinished ...>
2350  mprotect(0x7f6558073000, 4096, PROT_READ|PROT_WRITE <unfinished ...>
2349  mprotect(0x7f655406e000, 4096, PROT_READ|PROT_WRITE <unfinished ...>
2348  <... mprotect resumed>)           = 0
2347  mprotect(0x7f655c06f000, 4096, PROT_READ|PROT_WRITE <unfinished ...>
2346  <... mprotect resumed>)           = 0
2345  <... mprotect resumed>)           = 0
2344  <... mprotect resumed>)           = 0
2351  <... mprotect resumed>)           = 0
2350  <... mprotect resumed>)           = 0
2349  <... mprotect resumed>)           = 0
2348  mprotect(0x7f656006e000, 4096, PROT_READ|PROT_WRITE <unfinished ...>
2347  <... mprotect resumed>)           = 0
2346  mprotect(0x7f656406d000, 4096, PROT_READ|PROT_WRITE <unfinished ...>
2351  mprotect(0x7f654c06c000, 4096, PROT_READ|PROT_WRITE <unfinished ...>
2348  <... mprotect resumed>)           = 0
2345  mprotect(0x7f656806d000, 4096, PROT_READ|PROT_WRITE <unfinished ...>
2344  mprotect(0x7f6570070000, 4096, PROT_READ|PROT_WRITE <unfinished ...>
2350  mprotect(0x7f6558074000, 4096, PROT_READ|PROT_WRITE <unfinished ...>
2349  mprotect(0x7f655406f000, 4096, PROT_READ|PROT_WRITE <unfinished ...>
2347  mprotect(0x7f655c070000, 4096, PROT_READ|PROT_WRITE <unfinished ...>
2346  <... mprotect resumed>)           = 0
2345  <... mprotect resumed>)           = 0
2351  <... mprotect resumed>)           = 0
2346  mprotect(0x7f656406e000, 4096, PROT_READ|PROT_WRITE <unfinished ...>
2350  <... mprotect resumed>)           = 0
2349  <... mprotect resumed>)           = 0
2348  mprotect(0x7f656006f000, 4096, PROT_READ|PROT_WRITE <unfinished ...>
2347  <... mprotect resumed>)           = 0
2346  <... mprotect resumed>)           = 0
2344  <... mprotect resumed>)           = 0
2351  mprotect(0x7f654c06d000, 4096, PROT_READ|PROT_WRITE <unfinished ...>
2350  mprotect(0x7f6558075000, 4096, PROT_READ|PROT_WRITE <unfinished ...>
2349  mprotect(0x7f6554070000, 4096, PROT_READ|PROT_WRITE <unfinished ...>
2348  <... mprotect resumed>)           = 0
2345  mprotect(0x7f656806e000, 4096, PROT_READ|PROT_WRITE <unfinished ...>
2350  <... mprotect resumed>)           = 0
2347  mprotect(0x7f655c071000, 4096, PROT_READ|PROT_WRITE <unfinished ...>
2348  mprotect(0x7f6560070000, 4096, PROT_READ|PROT_WRITE <unfinished ...>
2345  <... mprotect resumed>)           = 0
2344  mprotect(0x7f6570071000, 4096, PROT_READ|PROT_WRITE <unfinished ...>
2351  <... mprotect resumed>)           = 0
2350  mprotect(0x7f6558076000, 4096, PROT_READ|PROT_WRITE <unfinished ...>
2349  <... mprotect resumed>)           = 0
2347  <... mprotect resumed>)           = 0
2346  mprotect(0x7f656406f000, 4096, PROT_READ|PROT_WRITE <unfinished ...>
2348  <... mprotect resumed>)           = 0
2344  <... mprotect resumed>)           = 0
2351  mprotect(0x7f654c06e000, 4096, PROT_READ|PROT_WRITE <unfinished ...>
2345  mprotect(0x7f656806f000, 4096, PROT_READ|PROT_WRITE <unfinished ...>
2351  <... mprotect resumed>)           = 0
2350  <... mprotect resumed>)           = 0
2349  mprotect(0x7f6554071000, 4096, PROT_READ|PROT_WRITE <unfinished ...>
2345  <... mprotect resumed>)           = 0
2344  mprotect(0x7f6570072000, 4096, PROT_READ|PROT_WRITE <unfinished ...>
2348  mprotect(0x7f6560071000, 4096, PROT_READ|PROT_WRITE <unfinished ...>
2351  mprotect(0x7f654c06f000, 4096, PROT_READ|PROT_WRITE <unfinished ...>
2347  mprotect(0x7f655c072000, 4096, PROT_READ|PROT_WRITE <unfinished ...>
2351  <... mprotect resumed>)           = 0
2350  mprotect(0x7f6558077000, 4096, PROT_READ|PROT_WRITE <unfinished ...>
2349  <... mprotect resumed>)           = 0
2348  <... mprotect resumed>)           = 0
2347  <... mprotect resumed>)           = 0
2346  <... mprotect resumed>)           = 0
2345  mprotect(0x7f6568070000, 4096, PROT_READ|PROT_WRITE <unfinished ...>
2344  <... mprotect resumed>)           = 0
2351  mprotect(0x7f654c070000, 4096, PROT_READ|PROT_WRITE <unfinished ...>
2350  <... mprotect resumed>)           = 0
2349  mprotect(0x7f6554072000, 4096, PROT_READ|PROT_WRITE <unfinished ...>
2348  mprotect(0x7f6560072000, 4096, PROT_READ|PROT_WRITE <unfinished ...>
2347  mprotect(0x7f655c073000, 4096, PROT_READ|PROT_WRITE <unfinished ...>
2346  mprotect(0x7f6564070000, 4096, PROT_READ|PROT_WRITE <unfinished ...>
2345  <... mprotect resumed>)           = 0
2344  mprotect(0x7f6570073000, 4096, PROT_READ|PROT_WRITE <unfinished ...>
2350  mprotect(0x7f6558078000, 4096, PROT_READ|PROT_WRITE <unfinished ...>
2351  <... mprotect resumed>)           = 0
2349  <... mprotect resumed>)           = 0
2348  <... mprotect resumed>)           = 0
2347  <... mprotect resumed>)           = 0
2346  <... mprotect resumed>)           = 0
2345  mprotect(0x7f6568071000, 4096, PROT_READ|PROT_WRITE <unfinished ...>
2351  mprotect(0x7f654c071000, 4096, PROT_READ|PROT_WRITE <unfinished ...>
2350  <... mprotect resumed>)           = 0
2344  <... mprotect resumed>)           = 0
2350  mprotect(0x7f6558079000, 4096, PROT_READ|PROT_WRITE <unfinished ...>
2349  mprotect(0x7f6554073000, 4096, PROT_READ|PROT_WRITE <unfinished ...>
2348  mprotect(0x7f6560073000, 4096, PROT_READ|PROT_WRITE <unfinished ...>
2347  mprotect(0x7f655c074000, 4096, PROT_READ|PROT_WRITE <unfinished ...>
2346  mprotect(0x7f6564071000, 4096, PROT_READ|PROT_WRITE <unfinished ...>
2345  <... mprotect resumed>)           = 0
2344  mprotect(0x7f6570074000, 4096, PROT_READ|PROT_WRITE <unfinished ...>
2351  <... mprotect resumed>)           = 0
2350  <... mprotect resumed>)           = 0
2349  <... mprotect resumed>)           = 0
2348  <... mprotect resumed>)           = 0
2347  <... mprotect resumed>)           = 0
2346  <... mprotect resumed>)           = 0
2345  mprotect(0x7f6568072000, 4096, PROT_READ|PROT_WRITE <unfinished ...>
2351  mprotect(0x7f654c072000, 4096, PROT_READ|PROT_WRITE <unfinished ...>
2350  mprotect(0x7f655807a000, 4096, PROT_READ|PROT_WRITE <unfinished ...>
2349  mprotect(0x7f6554074000, 4096, PROT_READ|PROT_WRITE <unfinished ...>
2348  mprotect(0x7f6560074000, 4096, PROT_READ|PROT_WRITE <unfinished ...>
2347  mprotect(0x7f655c075000, 4096, PROT_READ|PROT_WRITE <unfinished ...>
2346  mprotect(0x7f6564072000, 4096, PROT_READ|PROT_WRITE <unfinished ...>
2345  <... mprotect resumed>)           = 0
2344  <... mprotect resumed>)           = 0
2351  <... mprotect resumed>)           = 0
2350  <... mprotect resumed>)           = 0
2349  <... mprotect resumed>)           = 0
2348  <... mprotect resumed>)           = 0
2347  <... mprotect resumed>)           = 0
2346  <... mprotect resumed>)           = 0
2351  mprotect(0x7f654c073000, 4096, PROT_READ|PROT_WRITE <unfinished ...>
2350  mprotect(0x7f655807b000, 4096, PROT_READ|PROT_WRITE <unfinished ...>
2345  mprotect(0x7f6568073000, 4096, PROT_READ|PROT_WRITE <unfinished ...>
2344  mprotect(0x7f6570075000, 4096, PROT_READ|PROT_WRITE <unfinished ...>
2349  mprotect(0x7f6554075000, 4096, PROT_READ|PROT_WRITE <unfinished ...>
2351  <... mprotect resumed>)           = 0
2348  mprotect(0x7f6560075000, 4096, PROT_READ|PROT_WRITE <unfinished ...>
2344  <... mprotect resumed>)           = 0
2351  mprotect(0x7f654c074000, 4096, PROT_READ|PROT_WRITE <unfinished ...>
2349  <... mprotect resumed>)           = 0
2348  <... mprotect resumed>)           = 0
2347  mprotect(0x7f655c076000, 4096, PROT_READ|PROT_WRITE <unfinished ...>
2346  mprotect(0x7f6564073000, 4096, PROT_READ|PROT_WRITE <unfinished ...>
2345  <... mprotect resumed>)           = 0
2350  <... mprotect resumed>)           = 0
2344  mprotect(0x7f6570076000, 4096, PROT_READ|PROT_WRITE <unfinished ...>
2351  <... mprotect resumed>)           = 0
2348  mprotect(0x7f6560076000, 4096, PROT_READ|PROT_WRITE <unfinished ...>
2347  <... mprotect resumed>)           = 0
2349  mprotect(0x7f6554076000, 4096, PROT_READ|PROT_WRITE <unfinished ...>
2348  <... mprotect resumed>)           = 0
2346  <... mprotect resumed>)           = 0
2345  mprotect(0x7f6568074000, 4096, PROT_READ|PROT_WRITE <unfinished ...>
2344  <... mprotect resumed>)           = 0
2351  mprotect(0x7f654c075000, 4096, PROT_READ|PROT_WRITE <unfinished ...>
2350  mprotect(0x7f655807c000, 4096, PROT_READ|PROT_WRITE <unfinished ...>
2349  <... mprotect resumed>)           = 0
2347  mprotect(0x7f655c077000, 4096, PROT_READ|PROT_WRITE <unfinished ...>
2351  <... mprotect resumed>)           = 0
2350  <... mprotect resumed>)           = 0
2348  mprotect(0x7f6560077000, 4096, PROT_READ|PROT_WRITE <unfinished ...>
2346  mprotect(0x7f6564074000, 4096, PROT_READ|PROT_WRITE <unfinished ...>
2345  <... mprotect resumed>)           = 0
2344  mprotect(0x7f6570077000, 4096, PROT_READ|PROT_WRITE <unfinished ...>
2351  mprotect(0x7f654c076000, 4096, PROT_READ|PROT_WRITE <unfinished ...>
2350  mprotect(0x7f655807d000, 4096, PROT_READ|PROT_WRITE <unfinished ...>
2349  mprotect(0x7f6554077000, 4096, PROT_READ|PROT_WRITE <unfinished ...>
2348  <... mprotect resumed>)           = 0
2347  <... mprotect resumed>)           = 0
2346  <... mprotect resumed>)           = 0
2345  mprotect(0x7f6568075000, 4096, PROT_READ|PROT_WRITE <unfinished ...>
2351  <... mprotect resumed>)           = 0
2350  <... mprotect resumed>)           = 0
2349  <... mprotect resumed>)           = 0
2344  <... mprotect resumed>)           = 0
2345  <... mprotect resumed>)           = 0
2351  mprotect(0x7f654c077000, 4096, PROT_READ|PROT_WRITE <unfinished ...>
2350  mprotect(0x7f655807e000, 4096, PROT_READ|PROT_WRITE <unfinished ...>
2349  mprotect(0x7f6554078000, 4096, PROT_READ|PROT_WRITE <unfinished ...>
2348  mprotect(0x7f6560078000, 4096, PROT_READ|PROT_WRITE <unfinished ...>
2347  mprotect(0x7f655c078000, 4096, PROT_READ|PROT_WRITE <unfinished ...>
2346  mprotect(0x7f6564075000, 4096, PROT_READ|PROT_WRITE <unfinished ...>
2344  mprotect(0x7f6570078000, 4096, PROT_READ|PROT_WRITE <unfinished ...>
2351  <... mprotect resumed>)           = 0
2349  <... mprotect resumed>)           = 0
2346  <... mprotect resumed>)           = 0
2345  mprotect(0x7f6568076000, 4096, PROT_READ|PROT_WRITE <unfinished ...>
2351  mprotect(0x7f654c078000, 4096, PROT_READ|PROT_WRITE <unfinished ...>
2350  <... mprotect resumed>)           = 0
2351  <... mprotect resumed>)           = 0
2348  <... mprotect resumed>)           = 0
2347  <... mprotect resumed>)           = 0
2345  <... mprotect resumed>)           = 0
2344  <... mprotect resumed>)           = 0
2351  mprotect(0x7f654c079000, 4096, PROT_READ|PROT_WRITE <unfinished ...>
2350  mprotect(0x7f655807f000, 4096, PROT_READ|PROT_WRITE <unfinished ...>
2349  mprotect(0x7f6554079000, 4096, PROT_READ|PROT_WRITE <unfinished ...>
2346  mprotect(0x7f6564076000, 4096, PROT_READ|PROT_WRITE <unfinished ...>
2351  <... mprotect resumed>)           = 0
2349  <... mprotect resumed>)           = 0
2348  mprotect(0x7f6560079000, 4096, PROT_READ|PROT_WRITE <unfinished ...>
2347  mprotect(0x7f655c079000, 4096, PROT_READ|PROT_WRITE <unfinished ...>
2345  mprotect(0x7f6568077000, 4096, PROT_READ|PROT_WRITE <unfinished ...>
2344  mprotect(0x7f6570079000, 4096, PROT_READ|PROT_WRITE <unfinished ...>
2351  mprotect(0x7f654c07a000, 4096, PROT_READ|PROT_WRITE <unfinished ...>
2350  <... mprotect resumed>)           = 0
2349  mprotect(0x7f655407a000, 4096, PROT_READ|PROT_WRITE <unfinished ...>
2346  <... mprotect resumed>)           = 0
2351  <... mprotect resumed>)           = 0
2350  mprotect(0x7f6558080000, 4096, PROT_READ|PROT_WRITE <unfinished ...>
2349  <... mprotect resumed>)           = 0
2348  <... mprotect resumed>)           = 0
2347  <... mprotect resumed>)           = 0
2345  <... mprotect resumed>)           = 0
2344  <... mprotect resumed>)           = 0
2351  mprotect(0x7f654c07b000, 4096, PROT_READ|PROT_WRITE <unfinished ...>
2350  <... mprotect resumed>)           = 0
2348  mprotect(0x7f656007a000, 4096, PROT_READ|PROT_WRITE <unfinished ...>
2347  mprotect(0x7f655c07a000, 4096, PROT_READ|PROT_WRITE <unfinished ...>
2349  mprotect(0x7f655407b000, 4096, PROT_READ|PROT_WRITE <unfinished ...>
2344  mprotect(0x7f657007a000, 4096, PROT_READ|PROT_WRITE <unfinished ...>
2351  <... mprotect resumed>)           = 0
2350  mprotect(0x7f6558081000, 4096, PROT_READ|PROT_WRITE <unfinished ...>
2349  <... mprotect resumed>)           = 0
2348  <... mprotect resumed>)           = 0
2347  <... mprotect resumed>)           = 0
2346  mprotect(0x7f6564077000, 4096, PROT_READ|PROT_WRITE <unfinished ...>
2345  mprotect(0x7f6568078000, 4096, PROT_READ|PROT_WRITE <unfinished ...>
2344  <... mprotect resumed>)           = 0
2351  mprotect(0x7f654c07c000, 4096, PROT_READ|PROT_WRITE <unfinished ...>
2350  <... mprotect resumed>)           = 0
2349  mprotect(0x7f655407c000, 4096, PROT_READ|PROT_WRITE <unfinished ...>
2348  mprotect(0x7f656007b000, 4096, PROT_READ|PROT_WRITE <unfinished ...>
2346  <... mprotect resumed>)           = 0
2351  <... mprotect resumed>)           = 0
2347  mprotect(0x7f655c07b000, 4096, PROT_READ|PROT_WRITE <unfinished ...>
2345  <... mprotect resumed>)           = 0
2344  mprotect(0x7f657007b000, 4096, PROT_READ|PROT_WRITE <unfinished ...>
2350  mprotect(0x7f6558082000, 4096, PROT_READ|PROT_WRITE <unfinished ...>
2349  <... mprotect resumed>)           = 0
2348  <... mprotect resumed>)           = 0
2351  mprotect(0x7f654c07d000, 4096, PROT_READ|PROT_WRITE <unfinished ...>
2350  <... mprotect resumed>)           = 0
2347  <... mprotect resumed>)           = 0
2346  mprotect(0x7f6564078000, 4096, PROT_READ|PROT_WRITE <unfinished ...>
2345  mprotect(0x7f6568079000, 4096, PROT_READ|PROT_WRITE <unfinished ...>
2351  <... mprotect resumed>)           = 0
2349  mprotect(0x7f655407d000, 4096, PROT_READ|PROT_WRITE <unfinished ...>
2348  mprotect(0x7f656007c000, 4096, PROT_READ|PROT_WRITE <unfinished ...>
2344  <... mprotect resumed>)           = 0
2350  mprotect(0x7f6558083000, 4096, PROT_READ|PROT_WRITE <unfinished ...>
2348  <... mprotect resumed>)           = 0
2347  mprotect(0x7f655c07c000, 4096, PROT_READ|PROT_WRITE <unfinished ...>
2345  <... mprotect resumed>)           = 0
2344  mprotect(0x7f657007c000, 4096, PROT_READ|PROT_WRITE <unfinished ...>
2346  <... mprotect resumed>)           = 0
2349  <... mprotect resumed>)           = 0
2349  mprotect(0x7f655407e000, 4096, PROT_READ|PROT_WRITE <unfinished ...>
2344  <... mprotect resumed>)           = 0
2349  <... mprotect resumed>)           = 0
2351  mprotect(0x7f654c07e000, 4096, PROT_READ|PROT_WRITE <unfinished ...>
2350  <... mprotect resumed>)           = 0
2349  mprotect(0x7f655407f000, 4096, PROT_READ|PROT_WRITE <unfinished ...>
2346  mprotect(0x7f6564079000, 4096, PROT_READ|PROT_WRITE <unfinished ...>
2351  <... mprotect resumed>)           = 0
2348  mprotect(0x7f656007d000, 4096, PROT_READ|PROT_WRITE <unfinished ...>
2347  <... mprotect resumed>)           = 0
2345  mprotect(0x7f656807a000, 4096, PROT_READ|PROT_WRITE <unfinished ...>
2344  mprotect(0x7f657007d000, 4096, PROT_READ|PROT_WRITE <unfinished ...>
2351  mprotect(0x7f654c07f000, 4096, PROT_READ|PROT_WRITE <unfinished ...>
2350  mprotect(0x7f6558084000, 4096, PROT_READ|PROT_WRITE <unfinished ...>
2349  <... mprotect resumed>)           = 0
2347  mprotect(0x7f655c07d000, 4096, PROT_READ|PROT_WRITE <unfinished ...>
2346  <... mprotect resumed>)           = 0
2351  <... mprotect resumed>)           = 0
2350  <... mprotect resumed>)           = 0
2349  mprotect(0x7f6554080000, 4096, PROT_READ|PROT_WRITE <unfinished ...>
2348  <... mprotect resumed>)           = 0
2347  <... mprotect resumed>)           = 0
2345  <... mprotect resumed>)           = 0
2344  <... mprotect resumed>)           = 0
2351  mprotect(0x7f654c080000, 4096, PROT_READ|PROT_WRITE <unfinished ...>
2346  mprotect(0x7f656407a000, 4096, PROT_READ|PROT_WRITE <unfinished ...>
2351  <... mprotect resumed>)           = 0
2350  mprotect(0x7f6558085000, 4096, PROT_READ|PROT_WRITE <unfinished ...>
2349  <... mprotect resumed>)           = 0
2348  mprotect(0x7f656007e000, 4096, PROT_READ|PROT_WRITE <unfinished ...>
2347  mprotect(0x7f655c07e000, 4096, PROT_READ|PROT_WRITE <unfinished ...>
2346  <... mprotect resumed>)           = 0
2345  mprotect(0x7f656807b000, 4096, PROT_READ|PROT_WRITE <unfinished ...>
2344  mprotect(0x7f657007e000, 4096, PROT_READ|PROT_WRITE <unfinished ...>
2350  <... mprotect resumed>)           = 0
2351  mprotect(0x7f654c081000, 4096, PROT_READ|PROT_WRITE <unfinished ...>
2350  mprotect(0x7f6558086000, 4096, PROT_READ|PROT_WRITE <unfinished ...>
2349  mprotect(0x7f6554081000, 4096, PROT_READ|PROT_WRITE <unfinished ...>
2348  <... mprotect resumed>)           = 0
2347  <... mprotect resumed>)           = 0
2346  mprotect(0x7f656407b000, 4096, PROT_READ|PROT_WRITE <unfinished ...>
2345  <... mprotect resumed>)           = 0
2344  <... mprotect resumed>)           = 0
2351  <... mprotect resumed>)           = 0
2350  <... mprotect resumed>)           = 0
2349  <... mprotect resumed>)           = 0
2348  mprotect(0x7f656007f000, 4096, PROT_READ|PROT_WRITE <unfinished ...>
2347  mprotect(0x7f655c07f000, 4096, PROT_READ|PROT_WRITE <unfinished ...>
2346  <... mprotect resumed>)           = 0
2349  mprotect(0x7f6554082000, 4096, PROT_READ|PROT_WRITE <unfinished ...>
2345  mprotect(0x7f656807c000, 4096, PROT_READ|PROT_WRITE <unfinished ...>
2348  <... mprotect resumed>)           = 0
2351  mprotect(0x7f654c082000, 4096, PROT_READ|PROT_WRITE <unfinished ...>
2350  mprotect(0x7f6558087000, 4096, PROT_READ|PROT_WRITE <unfinished ...>
2349  <... mprotect resumed>)           = 0
2348  mprotect(0x7f6560080000, 4096, PROT_READ|PROT_WRITE <unfinished ...>
2347  <... mprotect resumed>)           = 0
2346  mprotect(0x7f656407c000, 4096, PROT_READ|PROT_WRITE <unfinished ...>
2345  <... mprotect resumed>)           = 0
2344  mprotect(0x7f657007f000, 4096, PROT_READ|PROT_WRITE <unfinished ...>
2351  <... mprotect resumed>)           = 0
2350  <... mprotect resumed>)           = 0
2349  mprotect(0x7f6554083000, 4096, PROT_READ|PROT_WRITE <unfinished ...>
2346  <... mprotect resumed>)           = 0
2348  <... mprotect resumed>)           = 0
2347  mprotect(0x7f655c080000, 4096, PROT_READ|PROT_WRITE <unfinished ...>
2345  mprotect(0x7f656807d000, 4096, PROT_READ|PROT_WRITE <unfinished ...>
2344  <... mprotect resumed>)           = 0
2351  mprotect(0x7f654c083000, 4096, PROT_READ|PROT_WRITE <unfinished ...>
2347  <... mprotect resumed>)           = 0
2350  mprotect(0x7f6558088000, 4096, PROT_READ|PROT_WRITE) = 0
2348  mprotect(0x7f6560081000, 4096, PROT_READ|PROT_WRITE <unfinished ...>
2346  mprotect(0x7f656407d000, 4096, PROT_READ|PROT_WRITE <unfinished ...>
2351  <... mprotect resumed>)           = 0
2350  mprotect(0x7f6558089000, 4096, PROT_READ|PROT_WRITE <unfinished ...>
2349  <... mprotect resumed>)           = 0
2348  <... mprotect resumed>)           = 0
2347  mprotect(0x7f655c081000, 4096, PROT_READ|PROT_WRITE <unfinished ...>
2346  <... mprotect resumed>)           = 0
2345  <... mprotect resumed>)           = 0
2344  mprotect(0x7f6570080000, 4096, PROT_READ|PROT_WRITE <unfinished ...>
2351  mprotect(0x7f654c084000, 4096, PROT_READ|PROT_WRITE <unfinished ...>
2350  <... mprotect resumed>)           = 0
2349  mprotect(0x7f6554084000, 4096, PROT_READ|PROT_WRITE <unfinished ...>
2348  mprotect(0x7f6560082000, 4096, PROT_READ|PROT_WRITE <unfinished ...>
2347  <... mprotect resumed>)           = 0
2346  mprotect(0x7f656407e000, 4096, PROT_READ|PROT_WRITE <unfinished ...>
2345  mprotect(0x7f656807e000, 4096, PROT_READ|PROT_WRITE <unfinished ...>
2344  <... mprotect resumed>)           = 0
2351  <... mprotect resumed>)           = 0
2350  mprotect(0x7f655808a000, 4096, PROT_READ|PROT_WRITE <unfinished ...>
2349  <... mprotect resumed>)           = 0
2348  <... mprotect resumed>)           = 0
2347  mprotect(0x7f655c082000, 4096, PROT_READ|PROT_WRITE <unfinished ...>
2346  <... mprotect resumed>)           = 0
2351  mprotect(0x7f654c085000, 4096, PROT_READ|PROT_WRITE <unfinished ...>
2350  <... mprotect resumed>)           = 0
2349  mprotect(0x7f6554085000, 4096, PROT_READ|PROT_WRITE <unfinished ...>
2348  mprotect(0x7f6560083000, 4096, PROT_READ|PROT_WRITE <unfinished ...>
2345  <... mprotect resumed>)           = 0
2344  mprotect(0x7f6570081000, 4096, PROT_READ|PROT_WRITE <unfinished ...>
2351  <... mprotect resumed>)           = 0
2349  <... mprotect resumed>)           = 0
2348  <... mprotect resumed>)           = 0
2347  <... mprotect resumed>)           = 0
2346  mprotect(0x7f656407f000, 4096, PROT_READ|PROT_WRITE <unfinished ...>
2350  mprotect(0x7f655808b000, 4096, PROT_READ|PROT_WRITE <unfinished ...>
2351  mprotect(0x7f654c086000, 4096, PROT_READ|PROT_WRITE <unfinished ...>
2349  mprotect(0x7f6554086000, 4096, PROT_READ|PROT_WRITE <unfinished ...>
2347  mprotect(0x7f655c083000, 4096, PROT_READ|PROT_WRITE <unfinished ...>
2345  mprotect(0x7f656807f000, 4096, PROT_READ|PROT_WRITE <unfinished ...>
2344  <... mprotect resumed>)           = 0
2351  <... mprotect resumed>)           = 0
2350  <... mprotect resumed>)           = 0
2349  <... mprotect resumed>)           = 0
2348  mprotect(0x7f6560084000, 4096, PROT_READ|PROT_WRITE <unfinished ...>
2347  <... mprotect resumed>)           = 0
2346  <... mprotect resumed>)           = 0
2345  <... mprotect resumed>)           = 0
2351  mprotect(0x7f654c087000, 4096, PROT_READ|PROT_WRITE <unfinished ...>
2350  mprotect(0x7f655808c000, 4096, PROT_READ|PROT_WRITE <unfinished ...>
2349  mprotect(0x7f6554087000, 4096, PROT_READ|PROT_WRITE <unfinished ...>
2348  <... mprotect resumed>)           = 0
2347  mprotect(0x7f655c084000, 4096, PROT_READ|PROT_WRITE <unfinished ...>
2344  mprotect(0x7f6570082000, 4096, PROT_READ|PROT_WRITE <unfinished ...>
2351  <... mprotect resumed>)           = 0
2350  <... mprotect resumed>)           = 0
2349  <... mprotect resumed>)           = 0
2346  mprotect(0x7f6564080000, 4096, PROT_READ|PROT_WRITE <unfinished ...>
2345  mprotect(0x7f6568080000, 4096, PROT_READ|PROT_WRITE <unfinished ...>
2351  mprotect(0x7f654c088000, 4096, PROT_READ|PROT_WRITE <unfinished ...>
2350  mprotect(0x7f655808d000, 4096, PROT_READ|PROT_WRITE <unfinished ...>
2349  mprotect(0x7f6554088000, 4096, PROT_READ|PROT_WRITE <unfinished ...>
2348  mprotect(0x7f6560085000, 4096, PROT_READ|PROT_WRITE <unfinished ...>
2347  <... mprotect resumed>)           = 0
2344  <... mprotect resumed>)           = 0
2351  <... mprotect resumed>)           = 0
2349  <... mprotect resumed>)           = 0
2348  <... mprotect resumed>)           = 0
2347  mprotect(0x7f655c085000, 4096, PROT_READ|PROT_WRITE <unfinished ...>
2346  <... mprotect resumed>)           = 0
2345  <... mprotect resumed>)           = 0
2351  mprotect(0x7f654c089000, 4096, PROT_READ|PROT_WRITE <unfinished ...>
2350  <... mprotect resumed>)           = 0
2349  mprotect(0x7f6554089000, 4096, PROT_READ|PROT_WRITE <unfinished ...>
2348  mprotect(0x7f6560086000, 4096, PROT_READ|PROT_WRITE <unfinished ...>
2347  <... mprotect resumed>)           = 0
2346  mprotect(0x7f6564081000, 4096, PROT_READ|PROT_WRITE <unfinished ...>
2344  mprotect(0x7f6570083000, 4096, PROT_READ|PROT_WRITE <unfinished ...>
2351  <... mprotect resumed>)           = 0
2350  mprotect(0x7f655808e000, 4096, PROT_READ|PROT_WRITE <unfinished ...>
2349  <... mprotect resumed>)           = 0
2348  <... mprotect resumed>)           = 0
2347  mprotect(0x7f655c086000, 4096, PROT_READ|PROT_WRITE <unfinished ...>
2346  <... mprotect resumed>)           = 0
2345  mprotect(0x7f6568081000, 4096, PROT_READ|PROT_WRITE <unfinished ...>
2344  <... mprotect resumed>)           = 0
2351  mprotect(0x7f654c08a000, 4096, PROT_READ|PROT_WRITE <unfinished ...>
2350  <... mprotect resumed>)           = 0
2349  mprotect(0x7f655408a000, 4096, PROT_READ|PROT_WRITE <unfinished ...>
2348  mprotect(0x7f6560087000, 4096, PROT_READ|PROT_WRITE <unfinished ...>
2347  <... mprotect resumed>)           = 0
2351  <... mprotect resumed>)           = 0
2349  <... mprotect resumed>)           = 0
2348  <... mprotect resumed>)           = 0
2346  mprotect(0x7f6564082000, 4096, PROT_READ|PROT_WRITE <unfinished ...>
2345  <... mprotect resumed>)           = 0
2344  mprotect(0x7f6570084000, 4096, PROT_READ|PROT_WRITE <unfinished ...>
2351  mprotect(0x7f654c08b000, 4096, PROT_READ|PROT_WRITE <unfinished ...>
2350  mprotect(0x7f655808f000, 4096, PROT_READ|PROT_WRITE <unfinished ...>
2349  mprotect(0x7f655408b000, 4096, PROT_READ|PROT_WRITE <unfinished ...>
2348  mprotect(0x7f6560088000, 4096, PROT_READ|PROT_WRITE <unfinished ...>
2347  mprotect(0x7f655c087000, 4096, PROT_READ|PROT_WRITE <unfinished ...>
2351  <... mprotect resumed>)           = 0
2350  <... mprotect resumed>)           = 0
2346  <... mprotect resumed>)           = 0
2349  <... mprotect resumed>)           = 0
2345  mprotect(0x7f6568082000, 4096, PROT_READ|PROT_WRITE <unfinished ...>
2344  <... mprotect resumed>)           = 0
2351  mprotect(0x7f654c08c000, 4096, PROT_READ|PROT_WRITE <unfinished ...>
2350  mprotect(0x7f6558090000, 4096, PROT_READ|PROT_WRITE <unfinished ...>
2349  mprotect(0x7f655408c000, 4096, PROT_READ|PROT_WRITE <unfinished ...>
2348  <... mprotect resumed>)           = 0
2347  <... mprotect resumed>)           = 0
2346  mprotect(0x7f6564083000, 4096, PROT_READ|PROT_WRITE <unfinished ...>
2345  <... mprotect resumed>)           = 0
2350  <... mprotect resumed>)           = 0
2349  <... mprotect resumed>)           = 0
2348  mprotect(0x7f6560089000, 4096, PROT_READ|PROT_WRITE <unfinished ...>
2347  mprotect(0x7f655c088000, 4096, PROT_READ|PROT_WRITE <unfinished ...>
2346  <... mprotect resumed>)           = 0
2345  mprotect(0x7f6568083000, 4096, PROT_READ|PROT_WRITE <unfinished ...>
2344  mprotect(0x7f6570085000, 4096, PROT_READ|PROT_WRITE <unfinished ...>
2351  <... mprotect resumed>)           = 0
2350  mprotect(0x7f6558091000, 4096, PROT_READ|PROT_WRITE <unfinished ...>
2348  <... mprotect resumed>)           = 0
2351  mprotect(0x7f654c08d000, 4096, PROT_READ|PROT_WRITE <unfinished ...>
2349  mprotect(0x7f655408d000, 4096, PROT_READ|PROT_WRITE <unfinished ...>
2347  <... mprotect resumed>)           = 0
2346  mprotect(0x7f6564084000, 4096, PROT_READ|PROT_WRITE <unfinished ...>
2345  <... mprotect resumed>)           = 0
2350  <... mprotect resumed>)           = 0
2344  <... mprotect resumed>)           = 0
2351  <... mprotect resumed>)           = 0
2350  mprotect(0x7f6558092000, 4096, PROT_READ|PROT_WRITE <unfinished ...>
2349  <... mprotect resumed>)           = 0
2348  mprotect(0x7f656008a000, 4096, PROT_READ|PROT_WRITE <unfinished ...>
2347  mprotect(0x7f655c089000, 4096, PROT_READ|PROT_WRITE <unfinished ...>
2346  <... mprotect resumed>)           = 0
2345  mprotect(0x7f6568084000, 4096, PROT_READ|PROT_WRITE <unfinished ...>
2351  mprotect(0x7f654c08e000, 4096, PROT_READ|PROT_WRITE <unfinished ...>
2350  <... mprotect resumed>)           = 0
2349  mprotect(0x7f655408e000, 4096, PROT_READ|PROT_WRITE <unfinished ...>
2348  <... mprotect resumed>)           = 0
2344  mprotect(0x7f6570086000, 4096, PROT_READ|PROT_WRITE <unfinished ...>
2347  <... mprotect resumed>)           = 0
2351  <... mprotect resumed>)           = 0
2349  <... mprotect resumed>)           = 0
2348  mprotect(0x7f656008b000, 4096, PROT_READ|PROT_WRITE <unfinished ...>
2346  mprotect(0x7f6564085000, 4096, PROT_READ|PROT_WRITE <unfinished ...>
2345  <... mprotect resumed>)           = 0
2351  mprotect(0x7f654c08f000, 4096, PROT_READ|PROT_WRITE <unfinished ...>
2350  mprotect(0x7f6558093000, 4096, PROT_READ|PROT_WRITE <unfinished ...>
2349  mprotect(0x7f655408f000, 4096, PROT_READ|PROT_WRITE <unfinished ...>
2348  <... mprotect resumed>)           = 0
2347  mprotect(0x7f655c08a000, 4096, PROT_READ|PROT_WRITE <unfinished ...>
2346  <... mprotect resumed>)           = 0
2344  <... mprotect resumed>)           = 0
2351  <... mprotect resumed>)           = 0
2350  <... mprotect resumed>)           = 0
2349  <... mprotect resumed>)           = 0
2348  mprotect(0x7f656008c000, 4096, PROT_READ|PROT_WRITE <unfinished ...>
2345  mprotect(0x7f6568085000, 4096, PROT_READ|PROT_WRITE <unfinished ...>
2351  mprotect(0x7f654c090000, 4096, PROT_READ|PROT_WRITE <unfinished ...>
2347  <... mprotect resumed>)           = 0
2344  mprotect(0x7f6570087000, 4096, PROT_READ|PROT_WRITE <unfinished ...>
2350  mprotect(0x7f6558094000, 4096, PROT_READ|PROT_WRITE <unfinished ...>
2348  <... mprotect resumed>)           = 0
2346  mprotect(0x7f6564086000, 4096, PROT_READ|PROT_WRITE <unfinished ...>
2345  <... mprotect resumed>)           = 0
2351  <... mprotect resumed>)           = 0
2349  mprotect(0x7f6554090000, 4096, PROT_READ|PROT_WRITE <unfinished ...>
2347  mprotect(0x7f655c08b000, 4096, PROT_READ|PROT_WRITE <unfinished ...>
2351  mprotect(0x7f654c091000, 4096, PROT_READ|PROT_WRITE <unfinished ...>
2350  <... mprotect resumed>)           = 0
2348  mprotect(0x7f656008d000, 4096, PROT_READ|PROT_WRITE <unfinished ...>
2346  <... mprotect resumed>)           = 0
2345  mprotect(0x7f6568086000, 4096, PROT_READ|PROT_WRITE <unfinished ...>
2344  <... mprotect resumed>)           = 0
2351  <... mprotect resumed>)           = 0
2350  mprotect(0x7f6558095000, 4096, PROT_READ|PROT_WRITE <unfinished ...>
2349  <... mprotect resumed>)           = 0
2348  <... mprotect resumed>)           = 0
2347  <... mprotect resumed>)           = 0
2346  mprotect(0x7f6564087000, 4096, PROT_READ|PROT_WRITE <unfinished ...>
2345  <... mprotect resumed>)           = 0
2344  mprotect(0x7f6570088000, 4096, PROT_READ|PROT_WRITE <unfinished ...>
2351  mprotect(0x7f654c092000, 4096, PROT_READ|PROT_WRITE <unfinished ...>
2350  <... mprotect resumed>)           = 0
2349  mprotect(0x7f6554091000, 4096, PROT_READ|PROT_WRITE <unfinished ...>
2348  mprotect(0x7f656008e000, 4096, PROT_READ|PROT_WRITE <unfinished ...>
2351  <... mprotect resumed>)           = 0
2350  mprotect(0x7f6558096000, 4096, PROT_READ|PROT_WRITE <unfinished ...>
2347  mprotect(0x7f655c08c000, 4096, PROT_READ|PROT_WRITE <unfinished ...>
2346  <... mprotect resumed>)           = 0
2345  mprotect(0x7f6568087000, 4096, PROT_READ|PROT_WRITE <unfinished ...>
2349  <... mprotect resumed>)           = 0
2348  <... mprotect resumed>)           = 0
2344  <... mprotect resumed>)           = 0
2351  mprotect(0x7f654c093000, 4096, PROT_READ|PROT_WRITE <unfinished ...>
2350  <... mprotect resumed>)           = 0
2347  <... mprotect resumed>)           = 0
2345  <... mprotect resumed>)           = 0
2351  <... mprotect resumed>)           = 0
2350  mprotect(0x7f6558097000, 4096, PROT_READ|PROT_WRITE <unfinished ...>
2349  mprotect(0x7f6554092000, 4096, PROT_READ|PROT_WRITE <unfinished ...>
2348  mprotect(0x7f656008f000, 4096, PROT_READ|PROT_WRITE <unfinished ...>
2347  mprotect(0x7f655c08d000, 4096, PROT_READ|PROT_WRITE <unfinished ...>
2350  <... mprotect resumed>)           = 0
2349  <... mprotect resumed>)           = 0
2346  mprotect(0x7f6564088000, 4096, PROT_READ|PROT_WRITE <unfinished ...>
2345  mprotect(0x7f6568088000, 4096, PROT_READ|PROT_WRITE <unfinished ...>
2344  mprotect(0x7f6570089000, 4096, PROT_READ|PROT_WRITE <unfinished ...>
2351  mprotect(0x7f654c094000, 4096, PROT_READ|PROT_WRITE <unfinished ...>
2350  mprotect(0x7f6558098000, 4096, PROT_READ|PROT_WRITE <unfinished ...>
2349  mprotect(0x7f6554093000, 4096, PROT_READ|PROT_WRITE <unfinished ...>
2348  <... mprotect resumed>)           = 0
2347  <... mprotect resumed>)           = 0
2346  <... mprotect resumed>)           = 0
2351  <... mprotect resumed>)           = 0
2349  <... mprotect resumed>)           = 0
2345  <... mprotect resumed>)           = 0
2344  <... mprotect resumed>)           = 0
2350  <... mprotect resumed>)           = 0
2349  mprotect(0x7f6554094000, 4096, PROT_READ|PROT_WRITE <unfinished ...>
2347  mprotect(0x7f655c08e000, 4096, PROT_READ|PROT_WRITE <unfinished ...>
2346  mprotect(0x7f6564089000, 4096, PROT_READ|PROT_WRITE <unfinished ...>
2345  mprotect(0x7f6568089000, 4096, PROT_READ|PROT_WRITE <unfinished ...>
2344  mprotect(0x7f657008a000, 4096, PROT_READ|PROT_WRITE <unfinished ...>
2351  mprotect(0x7f654c095000, 4096, PROT_READ|PROT_WRITE <unfinished ...>
2350  mprotect(0x7f6558099000, 4096, PROT_READ|PROT_WRITE <unfinished ...>
2349  <... mprotect resumed>)           = 0
2348  mprotect(0x7f6560090000, 4096, PROT_READ|PROT_WRITE <unfinished ...>
2347  <... mprotect resumed>)           = 0
2346  <... mprotect resumed>)           = 0
2345  <... mprotect resumed>)           = 0
2344  <... mprotect resumed>)           = 0
2351  <... mprotect resumed>)           = 0
2350  <... mprotect resumed>)           = 0
2349  mprotect(0x7f6554095000, 4096, PROT_READ|PROT_WRITE <unfinished ...>
2348  <... mprotect resumed>)           = 0
2351  mprotect(0x7f654c096000, 4096, PROT_READ|PROT_WRITE <unfinished ...>
2347  mprotect(0x7f655c08f000, 4096, PROT_READ|PROT_WRITE <unfinished ...>
2346  mprotect(0x7f656408a000, 4096, PROT_READ|PROT_WRITE <unfinished ...>
2345  mprotect(0x7f656808a000, 4096, PROT_READ|PROT_WRITE <unfinished ...>
2344  mprotect(0x7f657008b000, 4096, PROT_READ|PROT_WRITE <unfinished ...>
2351  <... mprotect resumed>)           = 0
2350  mprotect(0x7f655809a000, 4096, PROT_READ|PROT_WRITE <unfinished ...>
2349  <... mprotect resumed>)           = 0
2348  mprotect(0x7f6560091000, 4096, PROT_READ|PROT_WRITE <unfinished ...>
2351  mprotect(0x7f654c097000, 4096, PROT_READ|PROT_WRITE <unfinished ...>
2347  <... mprotect resumed>)           = 0
2346  <... mprotect resumed>)           = 0
2345  <... mprotect resumed>)           = 0
2344  <... mprotect resumed>)           = 0
2351  <... mprotect resumed>)           = 0
2350  <... mprotect resumed>)           = 0
2348  <... mprotect resumed>)           = 0
2351  mprotect(0x7f654c098000, 4096, PROT_READ|PROT_WRITE <unfinished ...>
2349  mprotect(0x7f6554096000, 4096, PROT_READ|PROT_WRITE <unfinished ...>
2348  mprotect(0x7f6560092000, 4096, PROT_READ|PROT_WRITE <unfinished ...>
2347  mprotect(0x7f655c090000, 4096, PROT_READ|PROT_WRITE <unfinished ...>
2346  mprotect(0x7f656408b000, 4096, PROT_READ|PROT_WRITE <unfinished ...>
2344  mprotect(0x7f657008c000, 4096, PROT_READ|PROT_WRITE <unfinished ...>
2351  <... mprotect resumed>)           = 0
2349  <... mprotect resumed>)           = 0
2348  <... mprotect resumed>)           = 0
2345  mprotect(0x7f656808b000, 4096, PROT_READ|PROT_WRITE <unfinished ...>
2351  mprotect(0x7f654c099000, 4096, PROT_READ|PROT_WRITE <unfinished ...>
2350  mprotect(0x7f655809b000, 4096, PROT_READ|PROT_WRITE <unfinished ...>
2349  mprotect(0x7f6554097000, 4096, PROT_READ|PROT_WRITE <unfinished ...>
2348  mprotect(0x7f6560093000, 4096, PROT_READ|PROT_WRITE <unfinished ...>
2347  <... mprotect resumed>)           = 0
2346  <... mprotect resumed>)           = 0
2345  <... mprotect resumed>)           = 0
2344  <... mprotect resumed>)           = 0
2351  <... mprotect resumed>)           = 0
2350  <... mprotect resumed>)           = 0
2349  <... mprotect resumed>)           = 0
2348  <... mprotect resumed>)           = 0
2347  mprotect(0x7f655c091000, 4096, PROT_READ|PROT_WRITE <unfinished ...>
2351  mprotect(0x7f654c09a000, 4096, PROT_READ|PROT_WRITE <unfinished ...>
2346  mprotect(0x7f656408c000, 4096, PROT_READ|PROT_WRITE <unfinished ...>
2345  mprotect(0x7f656808c000, 4096, PROT_READ|PROT_WRITE <unfinished ...>
2344  mprotect(0x7f657008d000, 4096, PROT_READ|PROT_WRITE <unfinished ...>
2350  mprotect(0x7f655809c000, 4096, PROT_READ|PROT_WRITE <unfinished ...>
2349  mprotect(0x7f6554098000, 4096, PROT_READ|PROT_WRITE <unfinished ...>
2348  mprotect(0x7f6560094000, 4096, PROT_READ|PROT_WRITE <unfinished ...>
2346  <... mprotect resumed>)           = 0
2351  <... mprotect resumed>)           = 0
2350  <... mprotect resumed>)           = 0
2349  <... mprotect resumed>)           = 0
2347  <... mprotect resumed>)           = 0
2345  <... mprotect resumed>)           = 0
2344  <... mprotect resumed>)           = 0
2348  <... mprotect resumed>)           = 0
2346  mprotect(0x7f656408d000, 4096, PROT_READ|PROT_WRITE <unfinished ...>
2351  mprotect(0x7f654c09b000, 4096, PROT_READ|PROT_WRITE <unfinished ...>
2350  mprotect(0x7f655809d000, 4096, PROT_READ|PROT_WRITE <unfinished ...>
2349  mprotect(0x7f6554099000, 4096, PROT_READ|PROT_WRITE <unfinished ...>
2350  <... mprotect resumed>)           = 0
2347  mprotect(0x7f655c092000, 4096, PROT_READ|PROT_WRITE <unfinished ...>
2346  <... mprotect resumed>)           = 0
2351  <... mprotect resumed>)           = 0
2349  <... mprotect resumed>)           = 0
2348  mprotect(0x7f6560095000, 4096, PROT_READ|PROT_WRITE <unfinished ...>
2347  <... mprotect resumed>)           = 0
2345  mprotect(0x7f656808d000, 4096, PROT_READ|PROT_WRITE <unfinished ...>
2344  mprotect(0x7f657008e000, 4096, PROT_READ|PROT_WRITE <unfinished ...>
2351  mprotect(0x7f654c09c000, 4096, PROT_READ|PROT_WRITE <unfinished ...>
2350  mprotect(0x7f655809e000, 4096, PROT_READ|PROT_WRITE <unfinished ...>
2348  <... mprotect resumed>)           = 0
2351  <... mprotect resumed>)           = 0
2349  mprotect(0x7f655409a000, 4096, PROT_READ|PROT_WRITE <unfinished ...>
2347  mprotect(0x7f655c093000, 4096, PROT_READ|PROT_WRITE <unfinished ...>
2346  mprotect(0x7f656408e000, 4096, PROT_READ|PROT_WRITE <unfinished ...>
2345  <... mprotect resumed>)           = 0
2344  <... mprotect resumed>)           = 0
2351  mprotect(0x7f654c09d000, 4096, PROT_READ|PROT_WRITE <unfinished ...>
2350  <... mprotect resumed>)           = 0
2349  <... mprotect resumed>)           = 0
2348  mprotect(0x7f6560096000, 4096, PROT_READ|PROT_WRITE <unfinished ...>
2351  <... mprotect resumed>)           = 0
2350  mprotect(0x7f655809f000, 4096, PROT_READ|PROT_WRITE <unfinished ...>
2347  <... mprotect resumed>)           = 0
2346  <... mprotect resumed>)           = 0
2345  mprotect(0x7f656808e000, 4096, PROT_READ|PROT_WRITE <unfinished ...>
2344  mprotect(0x7f657008f000, 4096, PROT_READ|PROT_WRITE <unfinished ...>
2351  mprotect(0x7f654c09e000, 4096, PROT_READ|PROT_WRITE <unfinished ...>
2350  <... mprotect resumed>)           = 0
2349  mprotect(0x7f655409b000, 4096, PROT_READ|PROT_WRITE <unfinished ...>
2348  <... mprotect resumed>)           = 0
2347  mprotect(0x7f655c094000, 4096, PROT_READ|PROT_WRITE <unfinished ...>
2346  mprotect(0x7f656408f000, 4096, PROT_READ|PROT_WRITE <unfinished ...>
2351  <... mprotect resumed>)           = 0
2350  mprotect(0x7f65580a0000, 4096, PROT_READ|PROT_WRITE <unfinished ...>
2349  <... mprotect resumed>)           = 0
2345  <... mprotect resumed>)           = 0
2344  <... mprotect resumed>)           = 0
2351  mprotect(0x7f654c09f000, 4096, PROT_READ|PROT_WRITE <unfinished ...>
2350  <... mprotect resumed>)           = 0
2348  mprotect(0x7f6560097000, 4096, PROT_READ|PROT_WRITE <unfinished ...>
2347  <... mprotect resumed>)           = 0
2346  <... mprotect resumed>)           = 0
2351  <... mprotect resumed>)           = 0
2350  mprotect(0x7f65580a1000, 4096, PROT_READ|PROT_WRITE <unfinished ...>
2349  mprotect(0x7f655409c000, 4096, PROT_READ|PROT_WRITE <unfinished ...>
2345  mprotect(0x7f656808f000, 4096, PROT_READ|PROT_WRITE <unfinished ...>
2344  mprotect(0x7f6570090000, 4096, PROT_READ|PROT_WRITE <unfinished ...>
2351  mprotect(0x7f654c0a0000, 4096, PROT_READ|PROT_WRITE <unfinished ...>
2350  <... mprotect resumed>)           = 0
2349  <... mprotect resumed>)           = 0
2348  <... mprotect resumed>)           = 0
2347  mprotect(0x7f655c095000, 4096, PROT_READ|PROT_WRITE <unfinished ...>
2346  mprotect(0x7f6564090000, 4096, PROT_READ|PROT_WRITE <unfinished ...>
2345  <... mprotect resumed>)           = 0
2350  mprotect(0x7f65580a2000, 4096, PROT_READ|PROT_WRITE <unfinished ...>
2344  <... mprotect resumed>)           = 0
2347  <... mprotect resumed>)           = 0
2351  <... mprotect resumed>)           = 0
2346  <... mprotect resumed>)           = 0
2349  mprotect(0x7f655409d000, 4096, PROT_READ|PROT_WRITE <unfinished ...>
2345  mprotect(0x7f6568090000, 4096, PROT_READ|PROT_WRITE <unfinished ...>
2344  mprotect(0x7f6570091000, 4096, PROT_READ|PROT_WRITE <unfinished ...>
2350  <... mprotect resumed>)           = 0
2349  <... mprotect resumed>)           = 0
2348  mprotect(0x7f6560098000, 4096, PROT_READ|PROT_WRITE <unfinished ...>
2347  mprotect(0x7f655c096000, 4096, PROT_READ|PROT_WRITE <unfinished ...>
2346  mprotect(0x7f6564091000, 4096, PROT_READ|PROT_WRITE <unfinished ...>
2351  mprotect(0x7f654c0a1000, 4096, PROT_READ|PROT_WRITE <unfinished ...>
2350  mprotect(0x7f65580a3000, 4096, PROT_READ|PROT_WRITE <unfinished ...>
2345  <... mprotect resumed>)           = 0
2344  <... mprotect resumed>)           = 0
2349  mprotect(0x7f655409e000, 4096, PROT_READ|PROT_WRITE <unfinished ...>
2348  <... mprotect resumed>)           = 0
2347  <... mprotect resumed>)           = 0
2349  <... mprotect resumed>)           = 0
2346  <... mprotect resumed>)           = 0
2345  mprotect(0x7f6568091000, 4096, PROT_READ|PROT_WRITE <unfinished ...>
2350  <... mprotect resumed>)           = 0
2344  mprotect(0x7f6570092000, 4096, PROT_READ|PROT_WRITE <unfinished ...>
2351  <... mprotect resumed>)           = 0
2349  mprotect(0x7f655409f000, 4096, PROT_READ|PROT_WRITE <unfinished ...>
2348  mprotect(0x7f6560099000, 4096, PROT_READ|PROT_WRITE <unfinished ...>
2347  mprotect(0x7f655c097000, 4096, PROT_READ|PROT_WRITE <unfinished ...>
2346  mprotect(0x7f6564092000, 4096, PROT_READ|PROT_WRITE <unfinished ...>
2345  <... mprotect resumed>)           = 0
2351  mprotect(0x7f654c0a2000, 4096, PROT_READ|PROT_WRITE <unfinished ...>
2350  mprotect(0x7f65580a4000, 4096, PROT_READ|PROT_WRITE <unfinished ...>
2349  <... mprotect resumed>)           = 0
2348  <... mprotect resumed>)           = 0
2344  <... mprotect resumed>)           = 0
2351  <... mprotect resumed>)           = 0
2347  <... mprotect resumed>)           = 0
2346  <... mprotect resumed>)           = 0
2345  mprotect(0x7f6568092000, 4096, PROT_READ|PROT_WRITE <unfinished ...>
2351  mprotect(0x7f654c0a3000, 4096, PROT_READ|PROT_WRITE <unfinished ...>
2350  <... mprotect resumed>)           = 0
2349  mprotect(0x7f65540a0000, 4096, PROT_READ|PROT_WRITE <unfinished ...>
2348  mprotect(0x7f656009a000, 4096, PROT_READ|PROT_WRITE <unfinished ...>
2347  mprotect(0x7f655c098000, 4096, PROT_READ|PROT_WRITE <unfinished ...>
2344  mprotect(0x7f6570093000, 4096, PROT_READ|PROT_WRITE <unfinished ...>
2351  <... mprotect resumed>)           = 0
2350  mprotect(0x7f65580a5000, 4096, PROT_READ|PROT_WRITE <unfinished ...>
2349  <... mprotect resumed>)           = 0
2348  <... mprotect resumed>)           = 0
2347  <... mprotect resumed>)           = 0
2346  mprotect(0x7f6564093000, 4096, PROT_READ|PROT_WRITE <unfinished ...>
2345  <... mprotect resumed>)           = 0
2351  mprotect(0x7f654c0a4000, 4096, PROT_READ|PROT_WRITE <unfinished ...>
2350  <... mprotect resumed>)           = 0
2344  <... mprotect resumed>)           = 0
2346  <... mprotect resumed>)           = 0
2351  <... mprotect resumed>)           = 0
2350  mprotect(0x7f65580a6000, 4096, PROT_READ|PROT_WRITE <unfinished ...>
2349  mprotect(0x7f65540a1000, 4096, PROT_READ|PROT_WRITE <unfinished ...>
2348  mprotect(0x7f656009b000, 4096, PROT_READ|PROT_WRITE <unfinished ...>
2347  mprotect(0x7f655c099000, 4096, PROT_READ|PROT_WRITE <unfinished ...>
2346  mprotect(0x7f6564094000, 4096, PROT_READ|PROT_WRITE <unfinished ...>
2345  mprotect(0x7f6568093000, 4096, PROT_READ|PROT_WRITE <unfinished ...>
2344  mprotect(0x7f6570094000, 4096, PROT_READ|PROT_WRITE <unfinished ...>
2351  mprotect(0x7f654c0a5000, 4096, PROT_READ|PROT_WRITE <unfinished ...>
2349  <... mprotect resumed>)           = 0
2346  <... mprotect resumed>)           = 0
2351  <... mprotect resumed>)           = 0
2350  <... mprotect resumed>)           = 0
2348  <... mprotect resumed>)           = 0
2347  <... mprotect resumed>)           = 0
2345  <... mprotect resumed>)           = 0
2344  <... mprotect resumed>)           = 0
2349  mprotect(0x7f65540a2000, 4096, PROT_READ|PROT_WRITE <unfinished ...>
2346  mprotect(0x7f6564095000, 4096, PROT_READ|PROT_WRITE <unfinished ...>
2350  mprotect(0x7f65580a7000, 4096, PROT_READ|PROT_WRITE <unfinished ...>
2347  mprotect(0x7f655c09a000, 4096, PROT_READ|PROT_WRITE <unfinished ...>
2350  <... mprotect resumed>)           = 0
2349  <... mprotect resumed>)           = 0
2348  mprotect(0x7f656009c000, 4096, PROT_READ|PROT_WRITE <unfinished ...>
2346  <... mprotect resumed>)           = 0
2345  mprotect(0x7f6568094000, 4096, PROT_READ|PROT_WRITE <unfinished ...>
2344  mprotect(0x7f6570095000, 4096, PROT_READ|PROT_WRITE <unfinished ...>
2351  mprotect(0x7f654c0a6000, 4096, PROT_READ|PROT_WRITE <unfinished ...>
2350  mprotect(0x7f65580a8000, 4096, PROT_READ|PROT_WRITE <unfinished ...>
2349  mprotect(0x7f65540a3000, 4096, PROT_READ|PROT_WRITE <unfinished ...>
2348  <... mprotect resumed>)           = 0
2347  <... mprotect resumed>)           = 0
2346  mprotect(0x7f6564096000, 4096, PROT_READ|PROT_WRITE <unfinished ...>
2345  <... mprotect resumed>)           = 0
2350  <... mprotect resumed>)           = 0
2344  <... mprotect resumed>)           = 0
2351  <... mprotect resumed>)           = 0
2348  mprotect(0x7f656009d000, 4096, PROT_READ|PROT_WRITE <unfinished ...>
2347  mprotect(0x7f655c09b000, 4096, PROT_READ|PROT_WRITE <unfinished ...>
2345  mprotect(0x7f6568095000, 4096, PROT_READ|PROT_WRITE <unfinished ...>
2351  mprotect(0x7f654c0a7000, 4096, PROT_READ|PROT_WRITE <unfinished ...>
2350  mprotect(0x7f65580a9000, 4096, PROT_READ|PROT_WRITE <unfinished ...>
2349  <... mprotect resumed>)           = 0
2348  <... mprotect resumed>)           = 0
2346  <... mprotect resumed>)           = 0
2344  mprotect(0x7f6570096000, 4096, PROT_READ|PROT_WRITE <unfinished ...>
2351  <... mprotect resumed>)           = 0
2350  <... mprotect resumed>)           = 0
2349  mprotect(0x7f65540a4000, 4096, PROT_READ|PROT_WRITE <unfinished ...>
2347  <... mprotect resumed>)           = 0
2345  <... mprotect resumed>)           = 0
2351  mprotect(0x7f654c0a8000, 4096, PROT_READ|PROT_WRITE <unfinished ...>
2350  mprotect(0x7f65580aa000, 4096, PROT_READ|PROT_WRITE <unfinished ...>
2349  <... mprotect resumed>)           = 0
2348  mprotect(0x7f656009e000, 4096, PROT_READ|PROT_WRITE <unfinished ...>
2347  mprotect(0x7f655c09c000, 4096, PROT_READ|PROT_WRITE <unfinished ...>
2346  mprotect(0x7f6564097000, 4096, PROT_READ|PROT_WRITE <unfinished ...>
2344  <... mprotect resumed>)           = 0
2348  <... mprotect resumed>)           = 0
2347  <... mprotect resumed>)           = 0
2351  <... mprotect resumed>)           = 0
2350  <... mprotect resumed>)           = 0
2345  mprotect(0x7f6568096000, 4096, PROT_READ|PROT_WRITE <unfinished ...>
2349  mprotect(0x7f65540a5000, 4096, PROT_READ|PROT_WRITE <unfinished ...>
2348  mprotect(0x7f656009f000, 4096, PROT_READ|PROT_WRITE <unfinished ...>
2346  <... mprotect resumed>)           = 0
2345  <... mprotect resumed>)           = 0
2349  <... mprotect resumed>)           = 0
2348  <... mprotect resumed>)           = 0
2347  mprotect(0x7f655c09d000, 4096, PROT_READ|PROT_WRITE <unfinished ...>
2344  mprotect(0x7f6570097000, 4096, PROT_READ|PROT_WRITE <unfinished ...>
2351  mprotect(0x7f654c0a9000, 4096, PROT_READ|PROT_WRITE <unfinished ...>
2350  mprotect(0x7f65580ab000, 4096, PROT_READ|PROT_WRITE <unfinished ...>
2349  mprotect(0x7f65540a6000, 4096, PROT_READ|PROT_WRITE <unfinished ...>
2344  <... mprotect resumed>)           = 0
2351  <... mprotect resumed>)           = 0
2350  <... mprotect resumed>)           = 0
2348  mprotect(0x7f65600a0000, 4096, PROT_READ|PROT_WRITE <unfinished ...>
2347  <... mprotect resumed>)           = 0
2346  mprotect(0x7f6564098000, 4096, PROT_READ|PROT_WRITE <unfinished ...>
2345  mprotect(0x7f6568097000, 4096, PROT_READ|PROT_WRITE <unfinished ...>
2351  mprotect(0x7f654c0aa000, 4096, PROT_READ|PROT_WRITE <unfinished ...>
2350  mprotect(0x7f65580ac000, 4096, PROT_READ|PROT_WRITE <unfinished ...>
2349  <... mprotect resumed>)           = 0
2348  <... mprotect resumed>)           = 0
2346  <... mprotect resumed>)           = 0
2345  <... mprotect resumed>)           = 0
2344  mprotect(0x7f6570098000, 4096, PROT_READ|PROT_WRITE <unfinished ...>
2351  <... mprotect resumed>)           = 0
2350  <... mprotect resumed>)           = 0
2347  mprotect(0x7f655c09e000, 4096, PROT_READ|PROT_WRITE <unfinished ...>
2349  mprotect(0x7f65540a7000, 4096, PROT_READ|PROT_WRITE <unfinished ...>
2348  mprotect(0x7f65600a1000, 4096, PROT_READ|PROT_WRITE <unfinished ...>
2346  mprotect(0x7f6564099000, 4096, PROT_READ|PROT_WRITE <unfinished ...>
2345  mprotect(0x7f6568098000, 4096, PROT_READ|PROT_WRITE <unfinished ...>
2344  <... mprotect resumed>)           = 0
2351  mprotect(0x7f654c0ab000, 4096, PROT_READ|PROT_WRITE <unfinished ...>
2350  mprotect(0x7f65580ad000, 4096, PROT_READ|PROT_WRITE <unfinished ...>
2349  <... mprotect resumed>)           = 0
2348  <... mprotect resumed>)           = 0
2347  <... mprotect resumed>)           = 0
2346  <... mprotect resumed>)           = 0
2345  <... mprotect resumed>)           = 0
2344  mprotect(0x7f6570099000, 4096, PROT_READ|PROT_WRITE <unfinished ...>
2351  <... mprotect resumed>)           = 0
2350  <... mprotect resumed>)           = 0
2349  mprotect(0x7f65540a8000, 4096, PROT_READ|PROT_WRITE <unfinished ...>
2348  mprotect(0x7f65600a2000, 4096, PROT_READ|PROT_WRITE <unfinished ...>
2347  mprotect(0x7f655c09f000, 4096, PROT_READ|PROT_WRITE <unfinished ...>
2346  mprotect(0x7f656409a000, 4096, PROT_READ|PROT_WRITE <unfinished ...>
2345  mprotect(0x7f6568099000, 4096, PROT_READ|PROT_WRITE <unfinished ...>
2344  <... mprotect resumed>)           = 0
2351  mprotect(0x7f654c0ac000, 4096, PROT_READ|PROT_WRITE <unfinished ...>
2350  mprotect(0x7f65580ae000, 4096, PROT_READ|PROT_WRITE <unfinished ...>
2349  <... mprotect resumed>)           = 0
2348  <... mprotect resumed>)           = 0
2347  <... mprotect resumed>)           = 0
2346  <... mprotect resumed>)           = 0
2345  <... mprotect resumed>)           = 0
2344  mprotect(0x7f657009a000, 4096, PROT_READ|PROT_WRITE <unfinished ...>
2351  <... mprotect resumed>)           = 0
2349  mprotect(0x7f65540a9000, 4096, PROT_READ|PROT_WRITE <unfinished ...>
2350  <... mprotect resumed>)           = 0
2348  mprotect(0x7f65600a3000, 4096, PROT_READ|PROT_WRITE <unfinished ...>
2347  mprotect(0x7f655c0a0000, 4096, PROT_READ|PROT_WRITE <unfinished ...>
2346  mprotect(0x7f656409b000, 4096, PROT_READ|PROT_WRITE <unfinished ...>
2345  mprotect(0x7f656809a000, 4096, PROT_READ|PROT_WRITE <unfinished ...>
2349  <... mprotect resumed>)           = 0
2344  <... mprotect resumed>)           = 0
2351  mprotect(0x7f654c0ad000, 4096, PROT_READ|PROT_WRITE <unfinished ...>
2348  <... mprotect resumed>)           = 0
2351  <... mprotect resumed>)           = 0
2350  mprotect(0x7f65580af000, 4096, PROT_READ|PROT_WRITE <unfinished ...>
2349  mprotect(0x7f65540aa000, 4096, PROT_READ|PROT_WRITE <unfinished ...>
2347  <... mprotect resumed>)           = 0
2346  <... mprotect resumed>)           = 0
2345  <... mprotect resumed>)           = 0
2351  mprotect(0x7f654c0ae000, 4096, PROT_READ|PROT_WRITE <unfinished ...>
2350  <... mprotect resumed>)           = 0
2349  <... mprotect resumed>)           = 0
2348  mprotect(0x7f65600a4000, 4096, PROT_READ|PROT_WRITE <unfinished ...>
2344  mprotect(0x7f657009b000, 4096, PROT_READ|PROT_WRITE <unfinished ...>
2351  <... mprotect resumed>)           = 0
2348  <... mprotect resumed>)           = 0
2347  mprotect(0x7f655c0a1000, 4096, PROT_READ|PROT_WRITE <unfinished ...>
2346  mprotect(0x7f656409c000, 4096, PROT_READ|PROT_WRITE <unfinished ...>
2351  mprotect(0x7f654c0af000, 4096, PROT_READ|PROT_WRITE <unfinished ...>
2350  mprotect(0x7f65580b0000, 4096, PROT_READ|PROT_WRITE <unfinished ...>
2349  mprotect(0x7f65540ab000, 4096, PROT_READ|PROT_WRITE <unfinished ...>
2347  <... mprotect resumed>)           = 0
2348  mprotect(0x7f65600a5000, 4096, PROT_READ|PROT_WRITE <unfinished ...>
2344  <... mprotect resumed>)           = 0
2346  <... mprotect resumed>)           = 0
2345  mprotect(0x7f656809b000, 4096, PROT_READ|PROT_WRITE <unfinished ...>
2351  <... mprotect resumed>)           = 0
2350  <... mprotect resumed>)           = 0
2349  <... mprotect resumed>)           = 0
2348  <... mprotect resumed>)           = 0
2344  mprotect(0x7f657009c000, 4096, PROT_READ|PROT_WRITE <unfinished ...>
2351  mprotect(0x7f654c0b0000, 4096, PROT_READ|PROT_WRITE <unfinished ...>
2347  mprotect(0x7f655c0a2000, 4096, PROT_READ|PROT_WRITE <unfinished ...>
2350  mprotect(0x7f65580b1000, 4096, PROT_READ|PROT_WRITE <unfinished ...>
2349  mprotect(0x7f65540ac000, 4096, PROT_READ|PROT_WRITE <unfinished ...>
2346  mprotect(0x7f656409d000, 4096, PROT_READ|PROT_WRITE <unfinished ...>
2345  <... mprotect resumed>)           = 0
2344  <... mprotect resumed>)           = 0
2351  <... mprotect resumed>)           = 0
2348  mprotect(0x7f65600a6000, 4096, PROT_READ|PROT_WRITE <unfinished ...>
2347  <... mprotect resumed>)           = 0
2346  <... mprotect resumed>)           = 0
2350  <... mprotect resumed>)           = 0
2349  <... mprotect resumed>)           = 0
2348  <... mprotect resumed>)           = 0
2344  mprotect(0x7f657009d000, 4096, PROT_READ|PROT_WRITE <unfinished ...>
2349  mprotect(0x7f65540ad000, 4096, PROT_READ|PROT_WRITE <unfinished ...>
2348  mprotect(0x7f65600a7000, 4096, PROT_READ|PROT_WRITE <unfinished ...>
2344  <... mprotect resumed>)           = 0
2351  mprotect(0x7f654c0b1000, 4096, PROT_READ|PROT_WRITE <unfinished ...>
2350  mprotect(0x7f65580b2000, 4096, PROT_READ|PROT_WRITE <unfinished ...>
2349  <... mprotect resumed>)           = 0
2346  mprotect(0x7f656409e000, 4096, PROT_READ|PROT_WRITE <unfinished ...>
2345  mprotect(0x7f656809c000, 4096, PROT_READ|PROT_WRITE <unfinished ...>
2351  <... mprotect resumed>)           = 0
2350  <... mprotect resumed>)           = 0
2349  mprotect(0x7f65540ae000, 4096, PROT_READ|PROT_WRITE <unfinished ...>
2348  <... mprotect resumed>)           = 0
2347  mprotect(0x7f655c0a3000, 4096, PROT_READ|PROT_WRITE <unfinished ...>
2346  <... mprotect resumed>)           = 0
2344  mprotect(0x7f657009e000, 4096, PROT_READ|PROT_WRITE <unfinished ...>
2345  <... mprotect resumed>)           = 0
2349  <... mprotect resumed>)           = 0
2348  mprotect(0x7f65600a8000, 4096, PROT_READ|PROT_WRITE <unfinished ...>
2347  <... mprotect resumed>)           = 0
2351  mprotect(0x7f654c0b2000, 4096, PROT_READ|PROT_WRITE <unfinished ...>
2350  mprotect(0x7f65580b3000, 4096, PROT_READ|PROT_WRITE <unfinished ...>
2349  mprotect(0x7f65540af000, 4096, PROT_READ|PROT_WRITE <unfinished ...>
2348  <... mprotect resumed>)           = 0
2346  mprotect(0x7f656409f000, 4096, PROT_READ|PROT_WRITE <unfinished ...>
2345  mprotect(0x7f656809d000, 4096, PROT_READ|PROT_WRITE <unfinished ...>
2344  <... mprotect resumed>)           = 0
2351  <... mprotect resumed>)           = 0
2350  <... mprotect resumed>)           = 0
2349  <... mprotect resumed>)           = 0
2348  mprotect(0x7f65600a9000, 4096, PROT_READ|PROT_WRITE <unfinished ...>
2347  mprotect(0x7f655c0a4000, 4096, PROT_READ|PROT_WRITE <unfinished ...>
2346  <... mprotect resumed>)           = 0
2345  <... mprotect resumed>)           = 0
2344  mprotect(0x7f657009f000, 4096, PROT_READ|PROT_WRITE <unfinished ...>
2351  mprotect(0x7f654c0b3000, 4096, PROT_READ|PROT_WRITE <unfinished ...>
2350  mprotect(0x7f65580b4000, 4096, PROT_READ|PROT_WRITE <unfinished ...>
2349  mprotect(0x7f65540b0000, 4096, PROT_READ|PROT_WRITE <unfinished ...>
2348  <... mprotect resumed>)           = 0
2347  <... mprotect resumed>)           = 0
2346  mprotect(0x7f65640a0000, 4096, PROT_READ|PROT_WRITE <unfinished ...>
2345  mprotect(0x7f656809e000, 4096, PROT_READ|PROT_WRITE <unfinished ...>
2344  <... mprotect resumed>)           = 0
2351  <... mprotect resumed>)           = 0
2350  <... mprotect resumed>)           = 0
2349  <... mprotect resumed>)           = 0
2348  mprotect(0x7f65600aa000, 4096, PROT_READ|PROT_WRITE <unfinished ...>
2347  mprotect(0x7f655c0a5000, 4096, PROT_READ|PROT_WRITE <unfinished ...>
2346  <... mprotect resumed>)           = 0
2345  <... mprotect resumed>)           = 0
2351  mprotect(0x7f654c0b4000, 4096, PROT_READ|PROT_WRITE <unfinished ...>
2344  mprotect(0x7f65700a0000, 4096, PROT_READ|PROT_WRITE <unfinished ...>
2349  mprotect(0x7f65540b1000, 4096, PROT_READ|PROT_WRITE <unfinished ...>
2348  <... mprotect resumed>)           = 0
2351  <... mprotect resumed>)           = 0
2350  mprotect(0x7f65580b5000, 4096, PROT_READ|PROT_WRITE <unfinished ...>
2349  <... mprotect resumed>)           = 0
2344  <... mprotect resumed>)           = 0
2351  mprotect(0x7f654c0b5000, 4096, PROT_READ|PROT_WRITE <unfinished ...>
2350  <... mprotect resumed>)           = 0
2349  mprotect(0x7f65540b2000, 4096, PROT_READ|PROT_WRITE <unfinished ...>
2348  mprotect(0x7f65600ab000, 4096, PROT_READ|PROT_WRITE <unfinished ...>
2346  mprotect(0x7f65640a1000, 4096, PROT_READ|PROT_WRITE <unfinished ...>
2345  mprotect(0x7f656809f000, 4096, PROT_READ|PROT_WRITE <unfinished ...>
2350  mprotect(0x7f65580b6000, 4096, PROT_READ|PROT_WRITE <unfinished ...>
2349  <... mprotect resumed>)           = 0
2348  <... mprotect resumed>)           = 0
2347  <... mprotect resumed>)           = 0
2344  mprotect(0x7f65700a1000, 4096, PROT_READ|PROT_WRITE <unfinished ...>
2351  <... mprotect resumed>)           = 0
2350  <... mprotect resumed>)           = 0
2346  <... mprotect resumed>)           = 0
2349  mprotect(0x7f65540b3000, 4096, PROT_READ|PROT_WRITE <unfinished ...>
2348  mprotect(0x7f65600ac000, 4096, PROT_READ|PROT_WRITE <unfinished ...>
2345  <... mprotect resumed>)           = 0
2344  <... mprotect resumed>)           = 0
2351  mprotect(0x7f654c0b6000, 4096, PROT_READ|PROT_WRITE <unfinished ...>
2350  mprotect(0x7f65580b7000, 4096, PROT_READ|PROT_WRITE <unfinished ...>
2349  <... mprotect resumed>)           = 0
2347  mprotect(0x7f655c0a6000, 4096, PROT_READ|PROT_WRITE <unfinished ...>
2346  mprotect(0x7f65640a2000, 4096, PROT_READ|PROT_WRITE <unfinished ...>
2351  <... mprotect resumed>)           = 0
2350  <... mprotect resumed>)           = 0
2348  <... mprotect resumed>)           = 0
2345  mprotect(0x7f65680a0000, 4096, PROT_READ|PROT_WRITE <unfinished ...>
2344  mprotect(0x7f65700a2000, 4096, PROT_READ|PROT_WRITE <unfinished ...>
2351  mprotect(0x7f654c0b7000, 4096, PROT_READ|PROT_WRITE <unfinished ...>
2349  mprotect(0x7f65540b4000, 4096, PROT_READ|PROT_WRITE <unfinished ...>
2347  <... mprotect resumed>)           = 0
2346  <... mprotect resumed>)           = 0
2345  <... mprotect resumed>)           = 0
2351  <... mprotect resumed>)           = 0
2350  mprotect(0x7f65580b8000, 4096, PROT_READ|PROT_WRITE <unfinished ...>
2349  <... mprotect resumed>)           = 0
2348  mprotect(0x7f65600ad000, 4096, PROT_READ|PROT_WRITE <unfinished ...>
2347  mprotect(0x7f655c0a7000, 4096, PROT_READ|PROT_WRITE <unfinished ...>
2344  <... mprotect resumed>)           = 0
2351  mprotect(0x7f654c0b8000, 4096, PROT_READ|PROT_WRITE <unfinished ...>
2350  <... mprotect resumed>)           = 0
2348  <... mprotect resumed>)           = 0
2346  mprotect(0x7f65640a3000, 4096, PROT_READ|PROT_WRITE <unfinished ...>
2345  mprotect(0x7f65680a1000, 4096, PROT_READ|PROT_WRITE <unfinished ...>
2351  <... mprotect resumed>)           = 0
2350  mprotect(0x7f65580b9000, 4096, PROT_READ|PROT_WRITE <unfinished ...>
2349  mprotect(0x7f65540b5000, 4096, PROT_READ|PROT_WRITE <unfinished ...>
2347  <... mprotect resumed>)           = 0
2346  <... mprotect resumed>)           = 0
2344  mprotect(0x7f65700a3000, 4096, PROT_READ|PROT_WRITE <unfinished ...>
2351  mprotect(0x7f654c0b9000, 4096, PROT_READ|PROT_WRITE <unfinished ...>
2350  <... mprotect resumed>)           = 0
2348  mprotect(0x7f65600ae000, 4096, PROT_READ|PROT_WRITE <unfinished ...>
2345  <... mprotect resumed>)           = 0
2349  <... mprotect resumed>)           = 0
2347  mprotect(0x7f655c0a8000, 4096, PROT_READ|PROT_WRITE <unfinished ...>
2346  mprotect(0x7f65640a4000, 4096, PROT_READ|PROT_WRITE <unfinished ...>
2349  mprotect(0x7f65540b6000, 4096, PROT_READ|PROT_WRITE <unfinished ...>
2344  <... mprotect resumed>)           = 0
2351  <... mprotect resumed>)           = 0
2349  <... mprotect resumed>)           = 0
2347  <... mprotect resumed>)           = 0
2348  <... mprotect resumed>)           = 0
2345  mprotect(0x7f65680a2000, 4096, PROT_READ|PROT_WRITE <unfinished ...>
2351  mprotect(0x7f654c0ba000, 4096, PROT_READ|PROT_WRITE <unfinished ...>
2350  mprotect(0x7f65580ba000, 4096, PROT_READ|PROT_WRITE <unfinished ...>
2346  <... mprotect resumed>)           = 0
2344  mprotect(0x7f65700a4000, 4096, PROT_READ|PROT_WRITE <unfinished ...>
2349  mprotect(0x7f65540b7000, 4096, PROT_READ|PROT_WRITE <unfinished ...>
2347  mprotect(0x7f655c0a9000, 4096, PROT_READ|PROT_WRITE <unfinished ...>
2351  <... mprotect resumed>)           = 0
2348  mprotect(0x7f65600af000, 4096, PROT_READ|PROT_WRITE <unfinished ...>
2345  <... mprotect resumed>)           = 0
2346  mprotect(0x7f65640a5000, 4096, PROT_READ|PROT_WRITE <unfinished ...>
2348  <... mprotect resumed>)           = 0
2350  <... mprotect resumed>)           = 0
2346  <... mprotect resumed>)           = 0
2344  <... mprotect resumed>)           = 0
2351  mprotect(0x7f654c0bb000, 4096, PROT_READ|PROT_WRITE <unfinished ...>
2349  <... mprotect resumed>)           = 0
2348  mprotect(0x7f65600b0000, 4096, PROT_READ|PROT_WRITE <unfinished ...>
2347  <... mprotect resumed>)           = 0
2345  mprotect(0x7f65680a3000, 4096, PROT_READ|PROT_WRITE <unfinished ...>
2350  mprotect(0x7f65580bb000, 4096, PROT_READ|PROT_WRITE <unfinished ...>
2348  <... mprotect resumed>)           = 0
2347  mprotect(0x7f655c0aa000, 4096, PROT_READ|PROT_WRITE <unfinished ...>
2350  <... mprotect resumed>)           = 0
2349  mprotect(0x7f65540b8000, 4096, PROT_READ|PROT_WRITE <unfinished ...>
2348  mprotect(0x7f65600b1000, 4096, PROT_READ|PROT_WRITE <unfinished ...>
2345  <... mprotect resumed>)           = 0
2351  <... mprotect resumed>)           = 0
2347  <... mprotect resumed>)           = 0
2346  mprotect(0x7f65640a6000, 4096, PROT_READ|PROT_WRITE <unfinished ...>
2344  mprotect(0x7f65700a5000, 4096, PROT_READ|PROT_WRITE <unfinished ...>
2350  mprotect(0x7f65580bc000, 4096, PROT_READ|PROT_WRITE <unfinished ...>
2349  <... mprotect resumed>)           = 0
2348  <... mprotect resumed>)           = 0
2346  <... mprotect resumed>)           = 0
2351  mprotect(0x7f654c0bc000, 4096, PROT_READ|PROT_WRITE <unfinished ...>
2348  mprotect(0x7f65600b2000, 4096, PROT_READ|PROT_WRITE <unfinished ...>
2347  mprotect(0x7f655c0ab000, 4096, PROT_READ|PROT_WRITE <unfinished ...>
2345  mprotect(0x7f65680a4000, 4096, PROT_READ|PROT_WRITE <unfinished ...>
2344  <... mprotect resumed>)           = 0
2351  <... mprotect resumed>)           = 0
2350  <... mprotect resumed>)           = 0
2349  mprotect(0x7f65540b9000, 4096, PROT_READ|PROT_WRITE <unfinished ...>
2348  <... mprotect resumed>)           = 0
2347  <... mprotect resumed>)           = 0
2346  mprotect(0x7f65640a7000, 4096, PROT_READ|PROT_WRITE <unfinished ...>
2349  <... mprotect resumed>)           = 0
2345  <... mprotect resumed>)           = 0
2351  mprotect(0x7f654c0bd000, 4096, PROT_READ|PROT_WRITE <unfinished ...>
2350  mprotect(0x7f65580bd000, 4096, PROT_READ|PROT_WRITE <unfinished ...>
2349  mprotect(0x7f65540ba000, 4096, PROT_READ|PROT_WRITE <unfinished ...>
2348  mprotect(0x7f65600b3000, 4096, PROT_READ|PROT_WRITE <unfinished ...>
2346  <... mprotect resumed>)           = 0
2344  mprotect(0x7f65700a6000, 4096, PROT_READ|PROT_WRITE <unfinished ...>
2351  <... mprotect resumed>)           = 0
2347  mprotect(0x7f655c0ac000, 4096, PROT_READ|PROT_WRITE <unfinished ...>
2345  mprotect(0x7f65680a5000, 4096, PROT_READ|PROT_WRITE <unfinished ...>
2350  <... mprotect resumed>)           = 0
2349  <... mprotect resumed>)           = 0
2348  <... mprotect resumed>)           = 0
2346  mprotect(0x7f65640a8000, 4096, PROT_READ|PROT_WRITE <unfinished ...>
2344  <... mprotect resumed>)           = 0
2351  mprotect(0x7f654c0be000, 4096, PROT_READ|PROT_WRITE <unfinished ...>
2346  <... mprotect resumed>)           = 0
2345  <... mprotect resumed>)           = 0
2351  <... mprotect resumed>)           = 0
2350  mprotect(0x7f65580be000, 4096, PROT_READ|PROT_WRITE <unfinished ...>
2349  mprotect(0x7f65540bb000, 4096, PROT_READ|PROT_WRITE <unfinished ...>
2348  mprotect(0x7f65600b4000, 4096, PROT_READ|PROT_WRITE <unfinished ...>
2347  <... mprotect resumed>)           = 0
2346  mprotect(0x7f65640a9000, 4096, PROT_READ|PROT_WRITE <unfinished ...>
2345  mprotect(0x7f65680a6000, 4096, PROT_READ|PROT_WRITE <unfinished ...>
2344  mprotect(0x7f65700a7000, 4096, PROT_READ|PROT_WRITE <unfinished ...>
2351  mprotect(0x7f654c0bf000, 4096, PROT_READ|PROT_WRITE <unfinished ...>
2350  <... mprotect resumed>)           = 0
2349  <... mprotect resumed>)           = 0
2348  <... mprotect resumed>)           = 0
2347  mprotect(0x7f655c0ad000, 4096, PROT_READ|PROT_WRITE <unfinished ...>
2346  <... mprotect resumed>)           = 0
2351  <... mprotect resumed>)           = 0
2349  mprotect(0x7f65540bc000, 4096, PROT_READ|PROT_WRITE <unfinished ...>
2345  <... mprotect resumed>)           = 0
2344  <... mprotect resumed>)           = 0
2350  mprotect(0x7f65580bf000, 4096, PROT_READ|PROT_WRITE <unfinished ...>
2348  mprotect(0x7f65600b5000, 4096, PROT_READ|PROT_WRITE <unfinished ...>
2347  <... mprotect resumed>)           = 0
2346  mprotect(0x7f65640aa000, 4096, PROT_READ|PROT_WRITE <unfinished ...>
2351  mprotect(0x7f654c0c0000, 4096, PROT_READ|PROT_WRITE <unfinished ...>
2350  <... mprotect resumed>)           = 0
2349  <... mprotect resumed>)           = 0
2348  <... mprotect resumed>)           = 0
2345  mprotect(0x7f65680a7000, 4096, PROT_READ|PROT_WRITE <unfinished ...>
2344  mprotect(0x7f65700a8000, 4096, PROT_READ|PROT_WRITE <unfinished ...>
2351  <... mprotect resumed>)           = 0
2347  mprotect(0x7f655c0ae000, 4096, PROT_READ|PROT_WRITE <unfinished ...>
2346  <... mprotect resumed>)           = 0
2348  mprotect(0x7f65600b6000, 4096, PROT_READ|PROT_WRITE) = 0
2350  mprotect(0x7f65580c0000, 4096, PROT_READ|PROT_WRITE <unfinished ...>
2347  <... mprotect resumed>)           = 0
2345  <... mprotect resumed>)           = 0
2344  <... mprotect resumed>)           = 0
2351  mprotect(0x7f654c0c1000, 4096, PROT_READ|PROT_WRITE <unfinished ...>
2350  <... mprotect resumed>)           = 0
2349  mprotect(0x7f65540bd000, 4096, PROT_READ|PROT_WRITE <unfinished ...>
2348  mprotect(0x7f65600b7000, 4096, PROT_READ|PROT_WRITE <unfinished ...>
2346  mprotect(0x7f65640ab000, 4096, PROT_READ|PROT_WRITE <unfinished ...>
2345  mprotect(0x7f65680a8000, 4096, PROT_READ|PROT_WRITE <unfinished ...>
2351  <... mprotect resumed>)           = 0
2350  mprotect(0x7f65580c1000, 4096, PROT_READ|PROT_WRITE <unfinished ...>
2347  mprotect(0x7f655c0af000, 4096, PROT_READ|PROT_WRITE <unfinished ...>
2344  mprotect(0x7f65700a9000, 4096, PROT_READ|PROT_WRITE <unfinished ...>
2349  <... mprotect resumed>)           = 0
2348  <... mprotect resumed>)           = 0
2347  <... mprotect resumed>)           = 0
2346  <... mprotect resumed>)           = 0
2345  <... mprotect resumed>)           = 0
2351  mprotect(0x7f654c0c2000, 4096, PROT_READ|PROT_WRITE <unfinished ...>
2350  <... mprotect resumed>)           = 0
2344  <... mprotect resumed>)           = 0
2351  <... mprotect resumed>)           = 0
2349  mprotect(0x7f65540be000, 4096, PROT_READ|PROT_WRITE <unfinished ...>
2348  mprotect(0x7f65600b8000, 4096, PROT_READ|PROT_WRITE <unfinished ...>
2347  mprotect(0x7f655c0b0000, 4096, PROT_READ|PROT_WRITE <unfinished ...>
2350  mprotect(0x7f65580c2000, 4096, PROT_READ|PROT_WRITE <unfinished ...>
2346  mprotect(0x7f65640ac000, 4096, PROT_READ|PROT_WRITE <unfinished ...>
2345  mprotect(0x7f65680a9000, 4096, PROT_READ|PROT_WRITE <unfinished ...>
2351  mprotect(0x7f654c0c3000, 4096, PROT_READ|PROT_WRITE <unfinished ...>
2344  mprotect(0x7f65700aa000, 4096, PROT_READ|PROT_WRITE <unfinished ...>
2349  <... mprotect resumed>)           = 0
2348  <... mprotect resumed>)           = 0
2347  <... mprotect resumed>)           = 0
2346  <... mprotect resumed>)           = 0
2350  <... mprotect resumed>)           = 0
2345  <... mprotect resumed>)           = 0
2351  <... mprotect resumed>)           = 0
2344  <... mprotect resumed>)           = 0
2347  mprotect(0x7f655c0b1000, 4096, PROT_READ|PROT_WRITE <unfinished ...>
2346  mprotect(0x7f65640ad000, 4096, PROT_READ|PROT_WRITE <unfinished ...>
2345  mprotect(0x7f65680aa000, 4096, PROT_READ|PROT_WRITE <unfinished ...>
2351  mprotect(0x7f654c0c4000, 4096, PROT_READ|PROT_WRITE <unfinished ...>
2350  mprotect(0x7f65580c3000, 4096, PROT_READ|PROT_WRITE <unfinished ...>
2348  mprotect(0x7f65600b9000, 4096, PROT_READ|PROT_WRITE <unfinished ...>
2349  mprotect(0x7f65540bf000, 4096, PROT_READ|PROT_WRITE <unfinished ...>
2347  <... mprotect resumed>)           = 0
2346  <... mprotect resumed>)           = 0
2351  <... mprotect resumed>)           = 0
2348  <... mprotect resumed>)           = 0
2344  mprotect(0x7f65700ab000, 4096, PROT_READ|PROT_WRITE <unfinished ...>
2350  <... mprotect resumed>)           = 0
2349  <... mprotect resumed>)           = 0
2347  mprotect(0x7f655c0b2000, 4096, PROT_READ|PROT_WRITE <unfinished ...>
2345  <... mprotect resumed>)           = 0
2351  mprotect(0x7f654c0c5000, 4096, PROT_READ|PROT_WRITE <unfinished ...>
2350  mprotect(0x7f65580c4000, 4096, PROT_READ|PROT_WRITE <unfinished ...>
2348  mprotect(0x7f65600ba000, 4096, PROT_READ|PROT_WRITE <unfinished ...>
2346  mprotect(0x7f65640ae000, 4096, PROT_READ|PROT_WRITE <unfinished ...>
2344  <... mprotect resumed>)           = 0
2351  <... mprotect resumed>)           = 0
2350  <... mprotect resumed>)           = 0
2349  mprotect(0x7f65540c0000, 4096, PROT_READ|PROT_WRITE <unfinished ...>
2348  <... mprotect resumed>)           = 0
2347  <... mprotect resumed>)           = 0
2345  mprotect(0x7f65680ab000, 4096, PROT_READ|PROT_WRITE <unfinished ...>
2351  mprotect(0x7f654c0c6000, 4096, PROT_READ|PROT_WRITE <unfinished ...>
2350  mprotect(0x7f65580c5000, 4096, PROT_READ|PROT_WRITE <unfinished ...>
2349  <... mprotect resumed>)           = 0
2348  mprotect(0x7f65600bb000, 4096, PROT_READ|PROT_WRITE <unfinished ...>
2346  <... mprotect resumed>)           = 0
2344  mprotect(0x7f65700ac000, 4096, PROT_READ|PROT_WRITE <unfinished ...>
2351  <... mprotect resumed>)           = 0
2350  <... mprotect resumed>)           = 0
2349  mprotect(0x7f65540c1000, 4096, PROT_READ|PROT_WRITE <unfinished ...>
2348  <... mprotect resumed>)           = 0
2347  mprotect(0x7f655c0b3000, 4096, PROT_READ|PROT_WRITE <unfinished ...>
2345  <... mprotect resumed>)           = 0
2351  mprotect(0x7f654c0c7000, 4096, PROT_READ|PROT_WRITE <unfinished ...>
2350  mprotect(0x7f65580c6000, 4096, PROT_READ|PROT_WRITE <unfinished ...>
2346  mprotect(0x7f65640af000, 4096, PROT_READ|PROT_WRITE <unfinished ...>
2344  <... mprotect resumed>)           = 0
2349  <... mprotect resumed>)           = 0
2348  mprotect(0x7f65600bc000, 4096, PROT_READ|PROT_WRITE <unfinished ...>
2347  <... mprotect resumed>)           = 0
2345  mprotect(0x7f65680ac000, 4096, PROT_READ|PROT_WRITE <unfinished ...>
2351  <... mprotect resumed>)           = 0
2350  <... mprotect resumed>)           = 0
2349  mprotect(0x7f65540c2000, 4096, PROT_READ|PROT_WRITE <unfinished ...>
2348  <... mprotect resumed>)           = 0
2346  <... mprotect resumed>)           = 0
2344  mprotect(0x7f65700ad000, 4096, PROT_READ|PROT_WRITE <unfinished ...>
2351  mprotect(0x7f654c0c8000, 4096, PROT_READ|PROT_WRITE <unfinished ...>
2349  <... mprotect resumed>)           = 0
2347  mprotect(0x7f655c0b4000, 4096, PROT_READ|PROT_WRITE <unfinished ...>
2345  <... mprotect resumed>)           = 0
2351  <... mprotect resumed>)           = 0
2344  <... mprotect resumed>)           = 0
2351  mprotect(0x7f654c0c9000, 4096, PROT_READ|PROT_WRITE <unfinished ...>
2350  mprotect(0x7f65580c7000, 4096, PROT_READ|PROT_WRITE <unfinished ...>
2349  mprotect(0x7f65540c3000, 4096, PROT_READ|PROT_WRITE <unfinished ...>
2348  mprotect(0x7f65600bd000, 4096, PROT_READ|PROT_WRITE <unfinished ...>
2347  <... mprotect resumed>)           = 0
2346  mprotect(0x7f65640b0000, 4096, PROT_READ|PROT_WRITE <unfinished ...>
2345  mprotect(0x7f65680ad000, 4096, PROT_READ|PROT_WRITE <unfinished ...>
2350  <... mprotect resumed>)           = 0
2344  mprotect(0x7f65700ae000, 4096, PROT_READ|PROT_WRITE <unfinished ...>
2345  <... mprotect resumed>)           = 0
2344  <... mprotect resumed>)           = 0
2351  <... mprotect resumed>)           = 0
2349  <... mprotect resumed>)           = 0
2345  mprotect(0x7f65680ae000, 4096, PROT_READ|PROT_WRITE <unfinished ...>
2351  mprotect(0x7f654c0ca000, 4096, PROT_READ|PROT_WRITE <unfinished ...>
2350  mprotect(0x7f65580c8000, 4096, PROT_READ|PROT_WRITE <unfinished ...>
2348  <... mprotect resumed>)           = 0
2347  mprotect(0x7f655c0b5000, 4096, PROT_READ|PROT_WRITE <unfinished ...>
2346  <... mprotect resumed>)           = 0
2344  mprotect(0x7f65700af000, 4096, PROT_READ|PROT_WRITE <unfinished ...>
2345  <... mprotect resumed>)           = 0
2351  <... mprotect resumed>)           = 0
2350  <... mprotect resumed>)           = 0
2349  mprotect(0x7f65540c4000, 4096, PROT_READ|PROT_WRITE <unfinished ...>
2348  mprotect(0x7f65600be000, 4096, PROT_READ|PROT_WRITE <unfinished ...>
2347  <... mprotect resumed>)           = 0
2346  mprotect(0x7f65640b1000, 4096, PROT_READ|PROT_WRITE <unfinished ...>
2348  <... mprotect resumed>)           = 0
2344  <... mprotect resumed>)           = 0
2351  mprotect(0x7f654c0cb000, 4096, PROT_READ|PROT_WRITE <unfinished ...>
2350  mprotect(0x7f65580c9000, 4096, PROT_READ|PROT_WRITE <unfinished ...>
2349  <... mprotect resumed>)           = 0
2347  mprotect(0x7f655c0b6000, 4096, PROT_READ|PROT_WRITE <unfinished ...>
2346  <... mprotect resumed>)           = 0
2345  mprotect(0x7f65680af000, 4096, PROT_READ|PROT_WRITE <unfinished ...>
2351  <... mprotect resumed>)           = 0
2350  <... mprotect resumed>)           = 0
2349  mprotect(0x7f65540c5000, 4096, PROT_READ|PROT_WRITE <unfinished ...>
2348  mprotect(0x7f65600bf000, 4096, PROT_READ|PROT_WRITE <unfinished ...>
2347  <... mprotect resumed>)           = 0
2346  mprotect(0x7f65640b2000, 4096, PROT_READ|PROT_WRITE <unfinished ...>
2344  mprotect(0x7f65700b0000, 4096, PROT_READ|PROT_WRITE <unfinished ...>
2351  mprotect(0x7f654c0cc000, 4096, PROT_READ|PROT_WRITE <unfinished ...>
2350  mprotect(0x7f65580ca000, 4096, PROT_READ|PROT_WRITE <unfinished ...>
2349  <... mprotect resumed>)           = 0
2348  <... mprotect resumed>)           = 0
2347  mprotect(0x7f655c0b7000, 4096, PROT_READ|PROT_WRITE <unfinished ...>
2345  <... mprotect resumed>)           = 0
2350  <... mprotect resumed>)           = 0
2346  <... mprotect resumed>)           = 0
2344  <... mprotect resumed>)           = 0
2351  <... mprotect resumed>)           = 0
2350  mprotect(0x7f65580cb000, 4096, PROT_READ|PROT_WRITE <unfinished ...>
2349  mprotect(0x7f65540c6000, 4096, PROT_READ|PROT_WRITE <unfinished ...>
2348  mprotect(0x7f65600c0000, 4096, PROT_READ|PROT_WRITE <unfinished ...>
2347  <... mprotect resumed>)           = 0
2346  mprotect(0x7f65640b3000, 4096, PROT_READ|PROT_WRITE <unfinished ...>
2345  mprotect(0x7f65680b0000, 4096, PROT_READ|PROT_WRITE <unfinished ...>
2351  mprotect(0x7f654c0cd000, 4096, PROT_READ|PROT_WRITE <unfinished ...>
2350  <... mprotect resumed>)           = 0
2349  <... mprotect resumed>)           = 0
2348  <... mprotect resumed>)           = 0
2346  <... mprotect resumed>)           = 0
2344  mprotect(0x7f65700b1000, 4096, PROT_READ|PROT_WRITE <unfinished ...>
2351  <... mprotect resumed>)           = 0
2350  mprotect(0x7f65580cc000, 4096, PROT_READ|PROT_WRITE <unfinished ...>
2348  mprotect(0x7f65600c1000, 4096, PROT_READ|PROT_WRITE <unfinished ...>
2347  mprotect(0x7f655c0b8000, 4096, PROT_READ|PROT_WRITE <unfinished ...>
2345  <... mprotect resumed>)           = 0
2351  mprotect(0x7f654c0ce000, 4096, PROT_READ|PROT_WRITE <unfinished ...>
2350  <... mprotect resumed>)           = 0
2349  mprotect(0x7f65540c7000, 4096, PROT_READ|PROT_WRITE <unfinished ...>
2346  mprotect(0x7f65640b4000, 4096, PROT_READ|PROT_WRITE <unfinished ...>
2351  <... mprotect resumed>)           = 0
2348  <... mprotect resumed>)           = 0
2347  <... mprotect resumed>)           = 0
2345  mprotect(0x7f65680b1000, 4096, PROT_READ|PROT_WRITE <unfinished ...>
2344  <... mprotect resumed>)           = 0
2351  mprotect(0x7f654c0cf000, 4096, PROT_READ|PROT_WRITE <unfinished ...>
2350  mprotect(0x7f65580cd000, 4096, PROT_READ|PROT_WRITE <unfinished ...>
2349  <... mprotect resumed>)           = 0
2348  mprotect(0x7f65600c2000, 4096, PROT_READ|PROT_WRITE <unfinished ...>
2347  mprotect(0x7f655c0b9000, 4096, PROT_READ|PROT_WRITE <unfinished ...>
2346  <... mprotect resumed>)           = 0
2345  <... mprotect resumed>)           = 0
2351  <... mprotect resumed>)           = 0
2350  <... mprotect resumed>)           = 0
2348  <... mprotect resumed>)           = 0
2347  <... mprotect resumed>)           = 0
2344  mprotect(0x7f65700b2000, 4096, PROT_READ|PROT_WRITE <unfinished ...>
2351  mprotect(0x7f654c0d0000, 4096, PROT_READ|PROT_WRITE <unfinished ...>
2350  mprotect(0x7f65580ce000, 4096, PROT_READ|PROT_WRITE <unfinished ...>
2349  mprotect(0x7f65540c8000, 4096, PROT_READ|PROT_WRITE <unfinished ...>
2348  mprotect(0x7f65600c3000, 4096, PROT_READ|PROT_WRITE <unfinished ...>
2346  mprotect(0x7f65640b5000, 4096, PROT_READ|PROT_WRITE <unfinished ...>
2347  mprotect(0x7f655c0ba000, 4096, PROT_READ|PROT_WRITE <unfinished ...>
2345  mprotect(0x7f65680b2000, 4096, PROT_READ|PROT_WRITE <unfinished ...>
2344  <... mprotect resumed>)           = 0
2351  <... mprotect resumed>)           = 0
2349  <... mprotect resumed>)           = 0
2347  <... mprotect resumed>)           = 0
2346  <... mprotect resumed>)           = 0
2350  <... mprotect resumed>)           = 0
2345  <... mprotect resumed>)           = 0
2348  <... mprotect resumed>)           = 0
2344  mprotect(0x7f65700b3000, 4096, PROT_READ|PROT_WRITE <unfinished ...>
2351  mprotect(0x7f654c0d1000, 4096, PROT_READ|PROT_WRITE <unfinished ...>
2350  mprotect(0x7f65580cf000, 4096, PROT_READ|PROT_WRITE <unfinished ...>
2347  mprotect(0x7f655c0bb000, 4096, PROT_READ|PROT_WRITE <unfinished ...>
2351  <... mprotect resumed>)           = 0
2349  mprotect(0x7f65540c9000, 4096, PROT_READ|PROT_WRITE <unfinished ...>
2348  mprotect(0x7f65600c4000, 4096, PROT_READ|PROT_WRITE <unfinished ...>
2346  mprotect(0x7f65640b6000, 4096, PROT_READ|PROT_WRITE <unfinished ...>
2350  <... mprotect resumed>)           = 0
2345  mprotect(0x7f65680b3000, 4096, PROT_READ|PROT_WRITE <unfinished ...>
2344  <... mprotect resumed>)           = 0
2351  mprotect(0x7f654c0d2000, 4096, PROT_READ|PROT_WRITE <unfinished ...>
2349  <... mprotect resumed>)           = 0
2348  <... mprotect resumed>)           = 0
2347  <... mprotect resumed>)           = 0
2351  <... mprotect resumed>)           = 0
2350  mprotect(0x7f65580d0000, 4096, PROT_READ|PROT_WRITE <unfinished ...>
2349  mprotect(0x7f65540ca000, 4096, PROT_READ|PROT_WRITE <unfinished ...>
2348  mprotect(0x7f65600c5000, 4096, PROT_READ|PROT_WRITE <unfinished ...>
2346  <... mprotect resumed>)           = 0
2345  <... mprotect resumed>)           = 0
2344  mprotect(0x7f65700b4000, 4096, PROT_READ|PROT_WRITE <unfinished ...>
2351  mprotect(0x7f654c0d3000, 4096, PROT_READ|PROT_WRITE <unfinished ...>
2349  <... mprotect resumed>)           = 0
2347  mprotect(0x7f655c0bc000, 4096, PROT_READ|PROT_WRITE <unfinished ...>
2348  <... mprotect resumed>)           = 0
2344  <... mprotect resumed>)           = 0
2350  <... mprotect resumed>)           = 0
2351  <... mprotect resumed>)           = 0
2348  mprotect(0x7f65600c6000, 4096, PROT_READ|PROT_WRITE <unfinished ...>
2345  mprotect(0x7f65680b4000, 4096, PROT_READ|PROT_WRITE <unfinished ...>
2349  mprotect(0x7f65540cb000, 4096, PROT_READ|PROT_WRITE <unfinished ...>
2344  mprotect(0x7f65700b5000, 4096, PROT_READ|PROT_WRITE <unfinished ...>
2351  mprotect(0x7f654c0d4000, 4096, PROT_READ|PROT_WRITE <unfinished ...>
2346  mprotect(0x7f65640b7000, 4096, PROT_READ|PROT_WRITE <unfinished ...>
2349  <... mprotect resumed>)           = 0
2348  <... mprotect resumed>)           = 0
2347  <... mprotect resumed>)           = 0
2345  <... mprotect resumed>)           = 0
2351  <... mprotect resumed>)           = 0
2350  mprotect(0x7f65580d1000, 4096, PROT_READ|PROT_WRITE <unfinished ...>
2349  mprotect(0x7f65540cc000, 4096, PROT_READ|PROT_WRITE <unfinished ...>
2346  <... mprotect resumed>)           = 0
2344  <... mprotect resumed>)           = 0
2351  mprotect(0x7f654c0d5000, 4096, PROT_READ|PROT_WRITE <unfinished ...>
2350  <... mprotect resumed>)           = 0
2349  <... mprotect resumed>)           = 0
2347  mprotect(0x7f655c0bd000, 4096, PROT_READ|PROT_WRITE <unfinished ...>
2351  <... mprotect resumed>)           = 0
2348  mprotect(0x7f65600c7000, 4096, PROT_READ|PROT_WRITE <unfinished ...>
2346  mprotect(0x7f65640b8000, 4096, PROT_READ|PROT_WRITE <unfinished ...>
2345  mprotect(0x7f65680b5000, 4096, PROT_READ|PROT_WRITE <unfinished ...>
2344  mprotect(0x7f65700b6000, 4096, PROT_READ|PROT_WRITE <unfinished ...>
2351  mprotect(0x7f654c0d6000, 4096, PROT_READ|PROT_WRITE <unfinished ...>
2350  mprotect(0x7f65580d2000, 4096, PROT_READ|PROT_WRITE <unfinished ...>
2349  mprotect(0x7f65540cd000, 4096, PROT_READ|PROT_WRITE <unfinished ...>
2347  <... mprotect resumed>)           = 0
2351  <... mprotect resumed>)           = 0
2350  <... mprotect resumed>)           = 0
2348  <... mprotect resumed>)           = 0
2345  <... mprotect resumed>)           = 0
2344  <... mprotect resumed>)           = 0
2346  <... mprotect resumed>)           = 0
2351  mprotect(0x7f654c0d7000, 4096, PROT_READ|PROT_WRITE <unfinished ...>
2350  mprotect(0x7f65580d3000, 4096, PROT_READ|PROT_WRITE <unfinished ...>
2347  mprotect(0x7f655c0be000, 4096, PROT_READ|PROT_WRITE <unfinished ...>
2351  <... mprotect resumed>)           = 0
2350  <... mprotect resumed>)           = 0
2349  <... mprotect resumed>)           = 0
2348  mprotect(0x7f65600c8000, 4096, PROT_READ|PROT_WRITE <unfinished ...>
2346  mprotect(0x7f65640b9000, 4096, PROT_READ|PROT_WRITE <unfinished ...>
2345  mprotect(0x7f65680b6000, 4096, PROT_READ|PROT_WRITE <unfinished ...>
2344  mprotect(0x7f65700b7000, 4096, PROT_READ|PROT_WRITE <unfinished ...>
2350  mprotect(0x7f65580d4000, 4096, PROT_READ|PROT_WRITE <unfinished ...>
2349  mprotect(0x7f65540ce000, 4096, PROT_READ|PROT_WRITE <unfinished ...>
2348  <... mprotect resumed>)           = 0
2347  <... mprotect resumed>)           = 0
2351  mprotect(0x7f654c0d8000, 4096, PROT_READ|PROT_WRITE <unfinished ...>
2350  <... mprotect resumed>)           = 0
2346  <... mprotect resumed>)           = 0
2345  <... mprotect resumed>)           = 0
2344  <... mprotect resumed>)           = 0
2350  mprotect(0x7f65580d5000, 4096, PROT_READ|PROT_WRITE <unfinished ...>
2349  <... mprotect resumed>)           = 0
2348  mprotect(0x7f65600c9000, 4096, PROT_READ|PROT_WRITE <unfinished ...>
2347  mprotect(0x7f655c0bf000, 4096, PROT_READ|PROT_WRITE <unfinished ...>
2346  mprotect(0x7f65640ba000, 4096, PROT_READ|PROT_WRITE <unfinished ...>
2351  <... mprotect resumed>)           = 0
2350  <... mprotect resumed>)           = 0
2348  <... mprotect resumed>)           = 0
2345  mprotect(0x7f65680b7000, 4096, PROT_READ|PROT_WRITE <unfinished ...>
2344  mprotect(0x7f65700b8000, 4096, PROT_READ|PROT_WRITE <unfinished ...>
2350  mprotect(0x7f65580d6000, 4096, PROT_READ|PROT_WRITE <unfinished ...>
2349  mprotect(0x7f65540cf000, 4096, PROT_READ|PROT_WRITE <unfinished ...>
2347  <... mprotect resumed>)           = 0
2346  <... mprotect resumed>)           = 0
2351  mprotect(0x7f654c0d9000, 4096, PROT_READ|PROT_WRITE <unfinished ...>
2350  <... mprotect resumed>)           = 0
2349  <... mprotect resumed>)           = 0
2348  mprotect(0x7f65600ca000, 4096, PROT_READ|PROT_WRITE <unfinished ...>
2347  mprotect(0x7f655c0c0000, 4096, PROT_READ|PROT_WRITE <unfinished ...>
2346  mprotect(0x7f65640bb000, 4096, PROT_READ|PROT_WRITE <unfinished ...>
2345  <... mprotect resumed>)           = 0
2344  <... mprotect resumed>)           = 0
2351  <... mprotect resumed>)           = 0
2350  mprotect(0x7f65580d7000, 4096, PROT_READ|PROT_WRITE <unfinished ...>
2349  mprotect(0x7f65540d0000, 4096, PROT_READ|PROT_WRITE <unfinished ...>
2348  <... mprotect resumed>)           = 0
2347  <... mprotect resumed>)           = 0
2351  mprotect(0x7f654c0da000, 4096, PROT_READ|PROT_WRITE <unfinished ...>
2350  <... mprotect resumed>)           = 0
2349  <... mprotect resumed>)           = 0
2347  mprotect(0x7f655c0c1000, 4096, PROT_READ|PROT_WRITE <unfinished ...>
2346  <... mprotect resumed>)           = 0
2344  mprotect(0x7f65700b9000, 4096, PROT_READ|PROT_WRITE <unfinished ...>
2351  <... mprotect resumed>)           = 0
2350  mprotect(0x7f65580d8000, 4096, PROT_READ|PROT_WRITE <unfinished ...>
2348  mprotect(0x7f65600cb000, 4096, PROT_READ|PROT_WRITE <unfinished ...>
2345  mprotect(0x7f65680b8000, 4096, PROT_READ|PROT_WRITE <unfinished ...>
2349  mprotect(0x7f65540d1000, 4096, PROT_READ|PROT_WRITE <unfinished ...>
2347  <... mprotect resumed>)           = 0
2346  mprotect(0x7f65640bc000, 4096, PROT_READ|PROT_WRITE <unfinished ...>
2344  <... mprotect resumed>)           = 0
2351  mprotect(0x7f654c0db000, 4096, PROT_READ|PROT_WRITE <unfinished ...>
2350  <... mprotect resumed>)           = 0
2349  <... mprotect resumed>)           = 0
2348  <... mprotect resumed>)           = 0
2347  mprotect(0x7f655c0c2000, 4096, PROT_READ|PROT_WRITE <unfinished ...>
2345  <... mprotect resumed>)           = 0
2350  mprotect(0x7f65580d9000, 4096, PROT_READ|PROT_WRITE <unfinished ...>
2346  <... mprotect resumed>)           = 0
2344  mprotect(0x7f65700ba000, 4096, PROT_READ|PROT_WRITE <unfinished ...>
2351  <... mprotect resumed>)           = 0
2349  mprotect(0x7f65540d2000, 4096, PROT_READ|PROT_WRITE <unfinished ...>
2344  <... mprotect resumed>)           = 0
2351  mprotect(0x7f654c0dc000, 4096, PROT_READ|PROT_WRITE <unfinished ...>
2349  <... mprotect resumed>)           = 0
2348  mprotect(0x7f65600cc000, 4096, PROT_READ|PROT_WRITE <unfinished ...>
2347  <... mprotect resumed>)           = 0
2350  <... mprotect resumed>)           = 0
2346  mprotect(0x7f65640bd000, 4096, PROT_READ|PROT_WRITE <unfinished ...>
2345  mprotect(0x7f65680b9000, 4096, PROT_READ|PROT_WRITE <unfinished ...>
2344  mprotect(0x7f65700bb000, 4096, PROT_READ|PROT_WRITE <unfinished ...>
2351  <... mprotect resumed>)           = 0
2349  mprotect(0x7f65540d3000, 4096, PROT_READ|PROT_WRITE <unfinished ...>
2348  <... mprotect resumed>)           = 0
2347  mprotect(0x7f655c0c3000, 4096, PROT_READ|PROT_WRITE <unfinished ...>
2350  mprotect(0x7f65580da000, 4096, PROT_READ|PROT_WRITE <unfinished ...>
2348  mprotect(0x7f65600cd000, 4096, PROT_READ|PROT_WRITE <unfinished ...>
2347  <... mprotect resumed>)           = 0
2346  <... mprotect resumed>)           = 0
2345  <... mprotect resumed>)           = 0
2344  <... mprotect resumed>)           = 0
2351  mprotect(0x7f654c0dd000, 4096, PROT_READ|PROT_WRITE <unfinished ...>
2349  <... mprotect resumed>)           = 0
2348  <... mprotect resumed>)           = 0
2347  mprotect(0x7f655c0c4000, 4096, PROT_READ|PROT_WRITE <unfinished ...>
2350  <... mprotect resumed>)           = 0
2346  mprotect(0x7f65640be000, 4096, PROT_READ|PROT_WRITE <unfinished ...>
2345  mprotect(0x7f65680ba000, 4096, PROT_READ|PROT_WRITE <unfinished ...>
2344  mprotect(0x7f65700bc000, 4096, PROT_READ|PROT_WRITE <unfinished ...>
2351  <... mprotect resumed>)           = 0
2349  mprotect(0x7f65540d4000, 4096, PROT_READ|PROT_WRITE <unfinished ...>
2348  mprotect(0x7f65600ce000, 4096, PROT_READ|PROT_WRITE <unfinished ...>
2347  <... mprotect resumed>)           = 0
2345  <... mprotect resumed>)           = 0
2351  mprotect(0x7f654c0de000, 4096, PROT_READ|PROT_WRITE <unfinished ...>
2350  mprotect(0x7f65580db000, 4096, PROT_READ|PROT_WRITE <unfinished ...>
2349  <... mprotect resumed>)           = 0
2346  <... mprotect resumed>)           = 0
2344  <... mprotect resumed>)           = 0
2351  <... mprotect resumed>)           = 0
2350  <... mprotect resumed>)           = 0
2349  mprotect(0x7f65540d5000, 4096, PROT_READ|PROT_WRITE <unfinished ...>
2348  <... mprotect resumed>)           = 0
2347  mprotect(0x7f655c0c5000, 4096, PROT_READ|PROT_WRITE <unfinished ...>
2349  <... mprotect resumed>)           = 0
2346  mprotect(0x7f65640bf000, 4096, PROT_READ|PROT_WRITE <unfinished ...>
2345  mprotect(0x7f65680bb000, 4096, PROT_READ|PROT_WRITE <unfinished ...>
2344  mprotect(0x7f65700bd000, 4096, PROT_READ|PROT_WRITE <unfinished ...>
2351  mprotect(0x7f654c0df000, 4096, PROT_READ|PROT_WRITE <unfinished ...>
2350  mprotect(0x7f65580dc000, 4096, PROT_READ|PROT_WRITE <unfinished ...>
2349  mprotect(0x7f65540d6000, 4096, PROT_READ|PROT_WRITE <unfinished ...>
2348  mprotect(0x7f65600cf000, 4096, PROT_READ|PROT_WRITE <unfinished ...>
2347  <... mprotect resumed>)           = 0
2346  <... mprotect resumed>)           = 0
2351  <... mprotect resumed>)           = 0
2345  <... mprotect resumed>)           = 0
2344  <... mprotect resumed>)           = 0
2351  mprotect(0x7f654c0e0000, 4096, PROT_READ|PROT_WRITE <unfinished ...>
2350  <... mprotect resumed>)           = 0
2349  <... mprotect resumed>)           = 0
2348  <... mprotect resumed>)           = 0
2347  mprotect(0x7f655c0c6000, 4096, PROT_READ|PROT_WRITE <unfinished ...>
2351  <... mprotect resumed>)           = 0
2346  mprotect(0x7f65640c0000, 4096, PROT_READ|PROT_WRITE <unfinished ...>
2345  mprotect(0x7f65680bc000, 4096, PROT_READ|PROT_WRITE <unfinished ...>
2344  mprotect(0x7f65700be000, 4096, PROT_READ|PROT_WRITE <unfinished ...>
2351  mprotect(0x7f654c0e1000, 4096, PROT_READ|PROT_WRITE <unfinished ...>
2350  mprotect(0x7f65580dd000, 4096, PROT_READ|PROT_WRITE <unfinished ...>
2349  mprotect(0x7f65540d7000, 4096, PROT_READ|PROT_WRITE <unfinished ...>
2348  mprotect(0x7f65600d0000, 4096, PROT_READ|PROT_WRITE <unfinished ...>
2347  <... mprotect resumed>)           = 0
2346  <... mprotect resumed>)           = 0
2345  <... mprotect resumed>)           = 0
2351  <... mprotect resumed>)           = 0
2350  <... mprotect resumed>)           = 0
2349  <... mprotect resumed>)           = 0
2348  <... mprotect resumed>)           = 0
2344  <... mprotect resumed>)           = 0
2351  mprotect(0x7f654c0e2000, 4096, PROT_READ|PROT_WRITE <unfinished ...>
2350  mprotect(0x7f65580de000, 4096, PROT_READ|PROT_WRITE <unfinished ...>
2349  mprotect(0x7f65540d8000, 4096, PROT_READ|PROT_WRITE <unfinished ...>
2346  mprotect(0x7f65640c1000, 4096, PROT_READ|PROT_WRITE <unfinished ...>
2345  mprotect(0x7f65680bd000, 4096, PROT_READ|PROT_WRITE <unfinished ...>
2344  mprotect(0x7f65700bf000, 4096, PROT_READ|PROT_WRITE <unfinished ...>
2350  <... mprotect resumed>)           = 0
2347  mprotect(0x7f655c0c7000, 4096, PROT_READ|PROT_WRITE <unfinished ...>
2351  <... mprotect resumed>)           = 0
2349  <... mprotect resumed>)           = 0
2348  mprotect(0x7f65600d1000, 4096, PROT_READ|PROT_WRITE <unfinished ...>
2346  <... mprotect resumed>)           = 0
2345  <... mprotect resumed>)           = 0
2344  <... mprotect resumed>)           = 0
2351  mprotect(0x7f654c0e3000, 4096, PROT_READ|PROT_WRITE <unfinished ...>
2350  mprotect(0x7f65580df000, 4096, PROT_READ|PROT_WRITE <unfinished ...>
2349  mprotect(0x7f65540d9000, 4096, PROT_READ|PROT_WRITE <unfinished ...>
2348  <... mprotect resumed>)           = 0
2347  <... mprotect resumed>)           = 0
2350  <... mprotect resumed>)           = 0
2348  mprotect(0x7f65600d2000, 4096, PROT_READ|PROT_WRITE <unfinished ...>
2346  mprotect(0x7f65640c2000, 4096, PROT_READ|PROT_WRITE <unfinished ...>
2345  mprotect(0x7f65680be000, 4096, PROT_READ|PROT_WRITE <unfinished ...>
2344  mprotect(0x7f65700c0000, 4096, PROT_READ|PROT_WRITE <unfinished ...>
2349  <... mprotect resumed>)           = 0
2350  mprotect(0x7f65580e0000, 4096, PROT_READ|PROT_WRITE <unfinished ...>
2348  <... mprotect resumed>)           = 0
2347  mprotect(0x7f655c0c8000, 4096, PROT_READ|PROT_WRITE <unfinished ...>
2351  <... mprotect resumed>)           = 0
2349  mprotect(0x7f65540da000, 4096, PROT_READ|PROT_WRITE <unfinished ...>
2350  <... mprotect resumed>)           = 0
2348  mprotect(0x7f65600d3000, 4096, PROT_READ|PROT_WRITE <unfinished ...>
2347  <... mprotect resumed>)           = 0
2346  <... mprotect resumed>)           = 0
2345  <... mprotect resumed>)           = 0
2344  <... mprotect resumed>)           = 0
2351  mprotect(0x7f654c0e4000, 4096, PROT_READ|PROT_WRITE <unfinished ...>
2349  <... mprotect resumed>)           = 0
2348  <... mprotect resumed>)           = 0
2350  mprotect(0x7f65580e1000, 4096, PROT_READ|PROT_WRITE <unfinished ...>
2344  mprotect(0x7f65700c1000, 4096, PROT_READ|PROT_WRITE <unfinished ...>
2347  mprotect(0x7f655c0c9000, 4096, PROT_READ|PROT_WRITE <unfinished ...>
2351  <... mprotect resumed>)           = 0
2350  <... mprotect resumed>)           = 0
2347  <... mprotect resumed>)           = 0
2345  mprotect(0x7f65680bf000, 4096, PROT_READ|PROT_WRITE <unfinished ...>
2351  mprotect(0x7f654c0e5000, 4096, PROT_READ|PROT_WRITE <unfinished ...>
2350  mprotect(0x7f65580e2000, 4096, PROT_READ|PROT_WRITE <unfinished ...>
2349  mprotect(0x7f65540db000, 4096, PROT_READ|PROT_WRITE <unfinished ...>
2348  mprotect(0x7f65600d4000, 4096, PROT_READ|PROT_WRITE <unfinished ...>
2347  mprotect(0x7f655c0ca000, 4096, PROT_READ|PROT_WRITE <unfinished ...>
2346  mprotect(0x7f65640c3000, 4096, PROT_READ|PROT_WRITE <unfinished ...>
2344  <... mprotect resumed>)           = 0
2351  <... mprotect resumed>)           = 0
2350  <... mprotect resumed>)           = 0
2349  <... mprotect resumed>)           = 0
2348  <... mprotect resumed>)           = 0
2347  <... mprotect resumed>)           = 0
2345  <... mprotect resumed>)           = 0
2351  mprotect(0x7f654c0e6000, 4096, PROT_READ|PROT_WRITE <unfinished ...>
2350  mprotect(0x7f65580e3000, 4096, PROT_READ|PROT_WRITE <unfinished ...>
2349  mprotect(0x7f65540dc000, 4096, PROT_READ|PROT_WRITE <unfinished ...>
2346  <... mprotect resumed>)           = 0
2344  mprotect(0x7f65700c2000, 4096, PROT_READ|PROT_WRITE <unfinished ...>
2351  <... mprotect resumed>)           = 0
2350  <... mprotect resumed>)           = 0
2348  mprotect(0x7f65600d5000, 4096, PROT_READ|PROT_WRITE <unfinished ...>
2347  mprotect(0x7f655c0cb000, 4096, PROT_READ|PROT_WRITE <unfinished ...>
2349  <... mprotect resumed>)           = 0
2348  <... mprotect resumed>)           = 0
2346  mprotect(0x7f65640c4000, 4096, PROT_READ|PROT_WRITE <unfinished ...>
2345  mprotect(0x7f65680c0000, 4096, PROT_READ|PROT_WRITE <unfinished ...>
2344  <... mprotect resumed>)           = 0
2351  mprotect(0x7f654c0e7000, 4096, PROT_READ|PROT_WRITE <unfinished ...>
2350  mprotect(0x7f65580e4000, 4096, PROT_READ|PROT_WRITE <unfinished ...>
2349  mprotect(0x7f65540dd000, 4096, PROT_READ|PROT_WRITE <unfinished ...>
2348  mprotect(0x7f65600d6000, 4096, PROT_READ|PROT_WRITE <unfinished ...>
2347  <... mprotect resumed>)           = 0
2346  <... mprotect resumed>)           = 0
2345  <... mprotect resumed>)           = 0
2351  <... mprotect resumed>)           = 0
2350  <... mprotect resumed>)           = 0
2349  <... mprotect resumed>)           = 0
2345  mprotect(0x7f65680c1000, 4096, PROT_READ|PROT_WRITE <unfinished ...>
2348  <... mprotect resumed>)           = 0
2349  mprotect(0x7f65540de000, 4096, PROT_READ|PROT_WRITE <unfinished ...>
2344  mprotect(0x7f65700c3000, 4096, PROT_READ|PROT_WRITE <unfinished ...>
2351  mprotect(0x7f654c0e8000, 4096, PROT_READ|PROT_WRITE <unfinished ...>
2348  mprotect(0x7f65600d7000, 4096, PROT_READ|PROT_WRITE <unfinished ...>
2347  mprotect(0x7f655c0cc000, 4096, PROT_READ|PROT_WRITE <unfinished ...>
2346  mprotect(0x7f65640c5000, 4096, PROT_READ|PROT_WRITE <unfinished ...>
2351  <... mprotect resumed>)           = 0
2350  mprotect(0x7f65580e5000, 4096, PROT_READ|PROT_WRITE <unfinished ...>
2349  <... mprotect resumed>)           = 0
2345  <... mprotect resumed>)           = 0
2348  <... mprotect resumed>)           = 0
2344  <... mprotect resumed>)           = 0
2351  mprotect(0x7f654c0e9000, 4096, PROT_READ|PROT_WRITE <unfinished ...>
2350  <... mprotect resumed>)           = 0
2347  <... mprotect resumed>)           = 0
2349  mprotect(0x7f65540df000, 4096, PROT_READ|PROT_WRITE <unfinished ...>
2348  mprotect(0x7f65600d8000, 4096, PROT_READ|PROT_WRITE <unfinished ...>
2346  <... mprotect resumed>)           = 0
2345  mprotect(0x7f65680c2000, 4096, PROT_READ|PROT_WRITE <unfinished ...>
2344  mprotect(0x7f65700c4000, 4096, PROT_READ|PROT_WRITE <unfinished ...>
2351  <... mprotect resumed>)           = 0
2349  <... mprotect resumed>)           = 0
2348  <... mprotect resumed>)           = 0
2350  mprotect(0x7f65580e6000, 4096, PROT_READ|PROT_WRITE <unfinished ...>
2347  mprotect(0x7f655c0cd000, 4096, PROT_READ|PROT_WRITE <unfinished ...>
2346  mprotect(0x7f65640c6000, 4096, PROT_READ|PROT_WRITE <unfinished ...>
2345  <... mprotect resumed>)           = 0
2351  mprotect(0x7f654c0ea000, 4096, PROT_READ|PROT_WRITE <unfinished ...>
2344  <... mprotect resumed>)           = 0
2349  mprotect(0x7f65540e0000, 4096, PROT_READ|PROT_WRITE <unfinished ...>
2351  <... mprotect resumed>)           = 0
2350  <... mprotect resumed>)           = 0
2349  <... mprotect resumed>)           = 0
2348  mprotect(0x7f65600d9000, 4096, PROT_READ|PROT_WRITE <unfinished ...>
2347  <... mprotect resumed>)           = 0
2346  <... mprotect resumed>)           = 0
2345  mprotect(0x7f65680c3000, 4096, PROT_READ|PROT_WRITE <unfinished ...>
2344  mprotect(0x7f65700c5000, 4096, PROT_READ|PROT_WRITE <unfinished ...>
2349  mprotect(0x7f65540e1000, 4096, PROT_READ|PROT_WRITE <unfinished ...>
2348  <... mprotect resumed>)           = 0
2351  mprotect(0x7f654c0eb000, 4096, PROT_READ|PROT_WRITE <unfinished ...>
2350  mprotect(0x7f65580e7000, 4096, PROT_READ|PROT_WRITE <unfinished ...>
2347  mprotect(0x7f655c0ce000, 4096, PROT_READ|PROT_WRITE <unfinished ...>
2346  mprotect(0x7f65640c7000, 4096, PROT_READ|PROT_WRITE <unfinished ...>
2345  <... mprotect resumed>)           = 0
2351  <... mprotect resumed>)           = 0
2350  <... mprotect resumed>)           = 0
2349  <... mprotect resumed>)           = 0
2348  mprotect(0x7f65600da000, 4096, PROT_READ|PROT_WRITE <unfinished ...>
2344  <... mprotect resumed>)           = 0
2347  <... mprotect resumed>)           = 0
2346  <... mprotect resumed>)           = 0
2348  <... mprotect resumed>)           = 0
2345  mprotect(0x7f65680c4000, 4096, PROT_READ|PROT_WRITE <unfinished ...>
2351  mprotect(0x7f654c0ec000, 4096, PROT_READ|PROT_WRITE <unfinished ...>
2350  mprotect(0x7f65580e8000, 4096, PROT_READ|PROT_WRITE <unfinished ...>
2349  mprotect(0x7f65540e2000, 4096, PROT_READ|PROT_WRITE <unfinished ...>
2347  mprotect(0x7f655c0cf000, 4096, PROT_READ|PROT_WRITE <unfinished ...>
2344  mprotect(0x7f65700c6000, 4096, PROT_READ|PROT_WRITE <unfinished ...>
2350  <... mprotect resumed>)           = 0
2348  mprotect(0x7f65600db000, 4096, PROT_READ|PROT_WRITE <unfinished ...>
2346  mprotect(0x7f65640c8000, 4096, PROT_READ|PROT_WRITE <unfinished ...>
2345  <... mprotect resumed>)           = 0
2351  <... mprotect resumed>)           = 0
2349  <... mprotect resumed>)           = 0
2347  <... mprotect resumed>)           = 0
2344  <... mprotect resumed>)           = 0
2351  mprotect(0x7f654c0ed000, 4096, PROT_READ|PROT_WRITE <unfinished ...>
2350  mprotect(0x7f65580e9000, 4096, PROT_READ|PROT_WRITE <unfinished ...>
2348  <... mprotect resumed>)           = 0
2346  <... mprotect resumed>)           = 0
2345  mprotect(0x7f65680c5000, 4096, PROT_READ|PROT_WRITE <unfinished ...>
2351  <... mprotect resumed>)           = 0
2350  <... mprotect resumed>)           = 0
2349  mprotect(0x7f65540e3000, 4096, PROT_READ|PROT_WRITE <unfinished ...>
2347  mprotect(0x7f655c0d0000, 4096, PROT_READ|PROT_WRITE <unfinished ...>
2344  mprotect(0x7f65700c7000, 4096, PROT_READ|PROT_WRITE <unfinished ...>
2351  mprotect(0x7f654c0ee000, 4096, PROT_READ|PROT_WRITE <unfinished ...>
2348  mprotect(0x7f65600dc000, 4096, PROT_READ|PROT_WRITE <unfinished ...>
2346  mprotect(0x7f65640c9000, 4096, PROT_READ|PROT_WRITE <unfinished ...>
2345  <... mprotect resumed>)           = 0
2351  <... mprotect resumed>)           = 0
2350  mprotect(0x7f65580ea000, 4096, PROT_READ|PROT_WRITE <unfinished ...>
2349  <... mprotect resumed>)           = 0
2347  <... mprotect resumed>)           = 0
2344  <... mprotect resumed>)           = 0
2350  <... mprotect resumed>)           = 0
2348  <... mprotect resumed>)           = 0
2346  <... mprotect resumed>)           = 0
2345  mprotect(0x7f65680c6000, 4096, PROT_READ|PROT_WRITE <unfinished ...>
2351  mprotect(0x7f654c0ef000, 4096, PROT_READ|PROT_WRITE <unfinished ...>
2349  mprotect(0x7f65540e4000, 4096, PROT_READ|PROT_WRITE <unfinished ...>
2347  mprotect(0x7f655c0d1000, 4096, PROT_READ|PROT_WRITE <unfinished ...>
2351  <... mprotect resumed>)           = 0
2350  mprotect(0x7f65580eb000, 4096, PROT_READ|PROT_WRITE <unfinished ...>
2348  mprotect(0x7f65600dd000, 4096, PROT_READ|PROT_WRITE <unfinished ...>
2346  mprotect(0x7f65640ca000, 4096, PROT_READ|PROT_WRITE <unfinished ...>
2345  <... mprotect resumed>)           = 0
2344  mprotect(0x7f65700c8000, 4096, PROT_READ|PROT_WRITE <unfinished ...>
2350  <... mprotect resumed>)           = 0
2349  <... mprotect resumed>)           = 0
2348  <... mprotect resumed>)           = 0
2347  <... mprotect resumed>)           = 0
2351  mprotect(0x7f654c0f0000, 4096, PROT_READ|PROT_WRITE <unfinished ...>
2346  <... mprotect resumed>)           = 0
2345  mprotect(0x7f65680c7000, 4096, PROT_READ|PROT_WRITE <unfinished ...>
2344  <... mprotect resumed>)           = 0
2351  <... mprotect resumed>)           = 0
2350  mprotect(0x7f65580ec000, 4096, PROT_READ|PROT_WRITE <unfinished ...>
2349  mprotect(0x7f65540e5000, 4096, PROT_READ|PROT_WRITE <unfinished ...>
2348  mprotect(0x7f65600de000, 4096, PROT_READ|PROT_WRITE <unfinished ...>
2347  mprotect(0x7f655c0d2000, 4096, PROT_READ|PROT_WRITE <unfinished ...>
2345  <... mprotect resumed>)           = 0
2351  mprotect(0x7f654c0f1000, 4096, PROT_READ|PROT_WRITE <unfinished ...>
2350  <... mprotect resumed>)           = 0
2349  <... mprotect resumed>)           = 0
2346  mprotect(0x7f65640cb000, 4096, PROT_READ|PROT_WRITE <unfinished ...>
2344  mprotect(0x7f65700c9000, 4096, PROT_READ|PROT_WRITE <unfinished ...>
2351  <... mprotect resumed>)           = 0
2348  <... mprotect resumed>)           = 0
2347  <... mprotect resumed>)           = 0
2345  mprotect(0x7f65680c8000, 4096, PROT_READ|PROT_WRITE <unfinished ...>
2346  <... mprotect resumed>)           = 0
2349  mprotect(0x7f65540e6000, 4096, PROT_READ|PROT_WRITE <unfinished ...>
2345  <... mprotect resumed>)           = 0
2344  <... mprotect resumed>)           = 0
2351  mprotect(0x7f654c0f2000, 4096, PROT_READ|PROT_WRITE <unfinished ...>
2350  mprotect(0x7f65580ed000, 4096, PROT_READ|PROT_WRITE <unfinished ...>
2348  mprotect(0x7f65600df000, 4096, PROT_READ|PROT_WRITE <unfinished ...>
2351  <... mprotect resumed>)           = 0
2346  mprotect(0x7f65640cc000, 4096, PROT_READ|PROT_WRITE <unfinished ...>
2349  <... mprotect resumed>)           = 0
2348  <... mprotect resumed>)           = 0
2345  mprotect(0x7f65680c9000, 4096, PROT_READ|PROT_WRITE <unfinished ...>
2344  mprotect(0x7f65700ca000, 4096, PROT_READ|PROT_WRITE <unfinished ...>
2351  mprotect(0x7f654c0f3000, 4096, PROT_READ|PROT_WRITE <unfinished ...>
2350  <... mprotect resumed>)           = 0
2349  mprotect(0x7f65540e7000, 4096, PROT_READ|PROT_WRITE <unfinished ...>
2348  mprotect(0x7f65600e0000, 4096, PROT_READ|PROT_WRITE <unfinished ...>
2347  mprotect(0x7f655c0d3000, 4096, PROT_READ|PROT_WRITE <unfinished ...>
2346  <... mprotect resumed>)           = 0
2345  <... mprotect resumed>)           = 0
2351  <... mprotect resumed>)           = 0
2344  <... mprotect resumed>)           = 0
2350  mprotect(0x7f65580ee000, 4096, PROT_READ|PROT_WRITE <unfinished ...>
2347  <... mprotect resumed>)           = 0
2350  <... mprotect resumed>)           = 0
2349  <... mprotect resumed>)           = 0
2348  <... mprotect resumed>)           = 0
2346  mprotect(0x7f65640cd000, 4096, PROT_READ|PROT_WRITE <unfinished ...>
2345  mprotect(0x7f65680ca000, 4096, PROT_READ|PROT_WRITE <unfinished ...>
2344  mprotect(0x7f65700cb000, 4096, PROT_READ|PROT_WRITE <unfinished ...>
2351  mprotect(0x7f654c0f4000, 4096, PROT_READ|PROT_WRITE <unfinished ...>
2350  mprotect(0x7f65580ef000, 4096, PROT_READ|PROT_WRITE <unfinished ...>
2349  mprotect(0x7f65540e8000, 4096, PROT_READ|PROT_WRITE <unfinished ...>
2348  mprotect(0x7f65600e1000, 4096, PROT_READ|PROT_WRITE <unfinished ...>
2347  mprotect(0x7f655c0d4000, 4096, PROT_READ|PROT_WRITE <unfinished ...>
2346  <... mprotect resumed>)           = 0
2345  <... mprotect resumed>)           = 0
2349  <... mprotect resumed>)           = 0
2344  <... mprotect resumed>)           = 0
2351  <... mprotect resumed>)           = 0
2351  mprotect(0x7f654c0f5000, 4096, PROT_READ|PROT_WRITE <unfinished ...>
2350  <... mprotect resumed>)           = 0
2349  mprotect(0x7f65540e9000, 4096, PROT_READ|PROT_WRITE <unfinished ...>
2348  <... mprotect resumed>)           = 0
2347  <... mprotect resumed>)           = 0
2345  mprotect(0x7f65680cb000, 4096, PROT_READ|PROT_WRITE <unfinished ...>
2351  <... mprotect resumed>)           = 0
2350  mprotect(0x7f65580f0000, 4096, PROT_READ|PROT_WRITE <unfinished ...>
2349  <... mprotect resumed>)           = 0
2346  mprotect(0x7f65640ce000, 4096, PROT_READ|PROT_WRITE <unfinished ...>
2344  mprotect(0x7f65700cc000, 4096, PROT_READ|PROT_WRITE <unfinished ...>
2351  mprotect(0x7f654c0f6000, 4096, PROT_READ|PROT_WRITE <unfinished ...>
2350  <... mprotect resumed>)           = 0
2348  mprotect(0x7f65600e2000, 4096, PROT_READ|PROT_WRITE <unfinished ...>
2347  mprotect(0x7f655c0d5000, 4096, PROT_READ|PROT_WRITE <unfinished ...>
2345  <... mprotect resumed>)           = 0
2351  <... mprotect resumed>)           = 0
2349  mprotect(0x7f65540ea000, 4096, PROT_READ|PROT_WRITE <unfinished ...>
2346  <... mprotect resumed>)           = 0
2344  <... mprotect resumed>)           = 0
2351  mprotect(0x7f654c0f7000, 4096, PROT_READ|PROT_WRITE <unfinished ...>
2350  mprotect(0x7f65580f1000, 4096, PROT_READ|PROT_WRITE <unfinished ...>
2348  <... mprotect resumed>)           = 0
2347  <... mprotect resumed>)           = 0
2345  mprotect(0x7f65680cc000, 4096, PROT_READ|PROT_WRITE <unfinished ...>
2351  <... mprotect resumed>)           = 0
2349  <... mprotect resumed>)           = 0
2346  mprotect(0x7f65640cf000, 4096, PROT_READ|PROT_WRITE <unfinished ...>
2344  mprotect(0x7f65700cd000, 4096, PROT_READ|PROT_WRITE <unfinished ...>
2351  mprotect(0x7f654c0f8000, 4096, PROT_READ|PROT_WRITE <unfinished ...>
2350  <... mprotect resumed>)           = 0
2349  mprotect(0x7f65540eb000, 4096, PROT_READ|PROT_WRITE <unfinished ...>
2347  mprotect(0x7f655c0d6000, 4096, PROT_READ|PROT_WRITE <unfinished ...>
2345  <... mprotect resumed>)           = 0
2344  <... mprotect resumed>)           = 0
2351  <... mprotect resumed>)           = 0
2349  <... mprotect resumed>)           = 0
2348  mprotect(0x7f65600e3000, 4096, PROT_READ|PROT_WRITE <unfinished ...>
2347  <... mprotect resumed>)           = 0
2346  <... mprotect resumed>)           = 0
2351  mprotect(0x7f654c0f9000, 4096, PROT_READ|PROT_WRITE <unfinished ...>
2350  mprotect(0x7f65580f2000, 4096, PROT_READ|PROT_WRITE <unfinished ...>
2349  mprotect(0x7f65540ec000, 4096, PROT_READ|PROT_WRITE <unfinished ...>
2348  <... mprotect resumed>)           = 0
2345  mprotect(0x7f65680cd000, 4096, PROT_READ|PROT_WRITE <unfinished ...>
2344  mprotect(0x7f65700ce000, 4096, PROT_READ|PROT_WRITE <unfinished ...>
2351  <... mprotect resumed>)           = 0
2350  <... mprotect resumed>)           = 0
2349  <... mprotect resumed>)           = 0
2347  mprotect(0x7f655c0d7000, 4096, PROT_READ|PROT_WRITE <unfinished ...>
2346  mprotect(0x7f65640d0000, 4096, PROT_READ|PROT_WRITE <unfinished ...>
2348  mprotect(0x7f65600e4000, 4096, PROT_READ|PROT_WRITE <unfinished ...>
2345  <... mprotect resumed>)           = 0
2344  <... mprotect resumed>)           = 0
2351  mprotect(0x7f654c0fa000, 4096, PROT_READ|PROT_WRITE <unfinished ...>
2350  mprotect(0x7f65580f3000, 4096, PROT_READ|PROT_WRITE <unfinished ...>
2349  mprotect(0x7f65540ed000, 4096, PROT_READ|PROT_WRITE <unfinished ...>
2348  <... mprotect resumed>)           = 0
2347  <... mprotect resumed>)           = 0
2346  <... mprotect resumed>)           = 0
2351  <... mprotect resumed>)           = 0
2350  <... mprotect resumed>)           = 0
2345  mprotect(0x7f65680ce000, 4096, PROT_READ|PROT_WRITE <unfinished ...>
2344  mprotect(0x7f65700cf000, 4096, PROT_READ|PROT_WRITE <unfinished ...>
2349  <... mprotect resumed>)           = 0
2348  mprotect(0x7f65600e5000, 4096, PROT_READ|PROT_WRITE <unfinished ...>
2347  mprotect(0x7f655c0d8000, 4096, PROT_READ|PROT_WRITE <unfinished ...>
2346  mprotect(0x7f65640d1000, 4096, PROT_READ|PROT_WRITE <unfinished ...>
2351  mprotect(0x7f654c0fb000, 4096, PROT_READ|PROT_WRITE <unfinished ...>
2350  mprotect(0x7f65580f4000, 4096, PROT_READ|PROT_WRITE <unfinished ...>
2345  <... mprotect resumed>)           = 0
2344  <... mprotect resumed>)           = 0
2348  <... mprotect resumed>)           = 0
2351  <... mprotect resumed>)           = 0
2350  <... mprotect resumed>)           = 0
2349  mprotect(0x7f65540ee000, 4096, PROT_READ|PROT_WRITE <unfinished ...>
2347  <... mprotect resumed>)           = 0
2346  <... mprotect resumed>)           = 0
2345  mprotect(0x7f65680cf000, 4096, PROT_READ|PROT_WRITE <unfinished ...>
2349  <... mprotect resumed>)           = 0
2348  mprotect(0x7f65600e6000, 4096, PROT_READ|PROT_WRITE <unfinished ...>
2344  mprotect(0x7f65700d0000, 4096, PROT_READ|PROT_WRITE <unfinished ...>
2351  mprotect(0x7f654c0fc000, 4096, PROT_READ|PROT_WRITE <unfinished ...>
2350  mprotect(0x7f65580f5000, 4096, PROT_READ|PROT_WRITE <unfinished ...>
2346  mprotect(0x7f65640d2000, 4096, PROT_READ|PROT_WRITE <unfinished ...>
2345  <... mprotect resumed>)           = 0
2351  <... mprotect resumed>)           = 0
2349  mprotect(0x7f65540ef000, 4096, PROT_READ|PROT_WRITE <unfinished ...>
2348  <... mprotect resumed>)           = 0
2347  mprotect(0x7f655c0d9000, 4096, PROT_READ|PROT_WRITE <unfinished ...>
2344  <... mprotect resumed>)           = 0
2346  <... mprotect resumed>)           = 0
2350  <... mprotect resumed>)           = 0
2349  <... mprotect resumed>)           = 0
2347  <... mprotect resumed>)           = 0
2345  mprotect(0x7f65680d0000, 4096, PROT_READ|PROT_WRITE <unfinished ...>
2351  mprotect(0x7f654c0fd000, 4096, PROT_READ|PROT_WRITE <unfinished ...>
2348  mprotect(0x7f65600e7000, 4096, PROT_READ|PROT_WRITE <unfinished ...>
2346  mprotect(0x7f65640d3000, 4096, PROT_READ|PROT_WRITE <unfinished ...>
2344  mprotect(0x7f65700d1000, 4096, PROT_READ|PROT_WRITE <unfinished ...>
2351  <... mprotect resumed>)           = 0
2350  mprotect(0x7f65580f6000, 4096, PROT_READ|PROT_WRITE <unfinished ...>
2349  mprotect(0x7f65540f0000, 4096, PROT_READ|PROT_WRITE <unfinished ...>
2348  <... mprotect resumed>)           = 0
2345  <... mprotect resumed>)           = 0
2351  mprotect(0x7f654c0fe000, 4096, PROT_READ|PROT_WRITE <unfinished ...>
2347  mprotect(0x7f655c0da000, 4096, PROT_READ|PROT_WRITE <unfinished ...>
2346  <... mprotect resumed>)           = 0
2344  <... mprotect resumed>)           = 0
2350  <... mprotect resumed>)           = 0
2349  <... mprotect resumed>)           = 0
2347  <... mprotect resumed>)           = 0
2351  <... mprotect resumed>)           = 0
2348  mprotect(0x7f65600e8000, 4096, PROT_READ|PROT_WRITE <unfinished ...>
2346  mprotect(0x7f65640d4000, 4096, PROT_READ|PROT_WRITE <unfinished ...>
2345  mprotect(0x7f65680d1000, 4096, PROT_READ|PROT_WRITE <unfinished ...>
2344  mprotect(0x7f65700d2000, 4096, PROT_READ|PROT_WRITE <unfinished ...>
2350  mprotect(0x7f65580f7000, 4096, PROT_READ|PROT_WRITE <unfinished ...>
2349  mprotect(0x7f65540f1000, 4096, PROT_READ|PROT_WRITE <unfinished ...>
2348  <... mprotect resumed>)           = 0
2347  mprotect(0x7f655c0db000, 4096, PROT_READ|PROT_WRITE <unfinished ...>
2351  mprotect(0x7f654c0ff000, 4096, PROT_READ|PROT_WRITE <unfinished ...>
2346  <... mprotect resumed>)           = 0
2345  <... mprotect resumed>)           = 0
2344  <... mprotect resumed>)           = 0
2350  <... mprotect resumed>)           = 0
2349  <... mprotect resumed>)           = 0
2347  <... mprotect resumed>)           = 0
2351  <... mprotect resumed>)           = 0
2349  mprotect(0x7f65540f2000, 4096, PROT_READ|PROT_WRITE <unfinished ...>
2348  mprotect(0x7f65600e9000, 4096, PROT_READ|PROT_WRITE <unfinished ...>
2347  mprotect(0x7f655c0dc000, 4096, PROT_READ|PROT_WRITE <unfinished ...>
2346  mprotect(0x7f65640d5000, 4096, PROT_READ|PROT_WRITE <unfinished ...>
2345  mprotect(0x7f65680d2000, 4096, PROT_READ|PROT_WRITE <unfinished ...>
2344  mprotect(0x7f65700d3000, 4096, PROT_READ|PROT_WRITE <unfinished ...>
2351  mprotect(0x7f654c100000, 4096, PROT_READ|PROT_WRITE <unfinished ...>
2350  mprotect(0x7f65580f8000, 4096, PROT_READ|PROT_WRITE <unfinished ...>
2349  <... mprotect resumed>)           = 0
2348  <... mprotect resumed>)           = 0
2347  <... mprotect resumed>)           = 0
2346  <... mprotect resumed>)           = 0
2345  <... mprotect resumed>)           = 0
2351  <... mprotect resumed>)           = 0
2350  <... mprotect resumed>)           = 0
2344  <... mprotect resumed>)           = 0
2349  mprotect(0x7f65540f3000, 4096, PROT_READ|PROT_WRITE <unfinished ...>
2351  mprotect(0x7f654c101000, 4096, PROT_READ|PROT_WRITE <unfinished ...>
2350  mprotect(0x7f65580f9000, 4096, PROT_READ|PROT_WRITE <unfinished ...>
2349  <... mprotect resumed>)           = 0
2348  mprotect(0x7f65600ea000, 4096, PROT_READ|PROT_WRITE <unfinished ...>
2347  mprotect(0x7f655c0dd000, 4096, PROT_READ|PROT_WRITE <unfinished ...>
2346  mprotect(0x7f65640d6000, 4096, PROT_READ|PROT_WRITE <unfinished ...>
2345  mprotect(0x7f65680d3000, 4096, PROT_READ|PROT_WRITE <unfinished ...>
2351  <... mprotect resumed>)           = 0
2350  <... mprotect resumed>)           = 0
2344  mprotect(0x7f65700d4000, 4096, PROT_READ|PROT_WRITE <unfinished ...>
2348  <... mprotect resumed>)           = 0
2347  <... mprotect resumed>)           = 0
2346  <... mprotect resumed>)           = 0
2345  <... mprotect resumed>)           = 0
2351  mprotect(0x7f654c102000, 4096, PROT_READ|PROT_WRITE <unfinished ...>
2350  mprotect(0x7f65580fa000, 4096, PROT_READ|PROT_WRITE <unfinished ...>
2349  mprotect(0x7f65540f4000, 4096, PROT_READ|PROT_WRITE <unfinished ...>
2348  mprotect(0x7f65600eb000, 4096, PROT_READ|PROT_WRITE <unfinished ...>
2347  mprotect(0x7f655c0de000, 4096, PROT_READ|PROT_WRITE <unfinished ...>
2344  <... mprotect resumed>)           = 0
2351  <... mprotect resumed>)           = 0
2350  <... mprotect resumed>)           = 0
2349  <... mprotect resumed>)           = 0
2346  mprotect(0x7f65640d7000, 4096, PROT_READ|PROT_WRITE <unfinished ...>
2345  mprotect(0x7f65680d4000, 4096, PROT_READ|PROT_WRITE <unfinished ...>
2348  <... mprotect resumed>)           = 0
2348  mprotect(0x7f65600ec000, 4096, PROT_READ|PROT_WRITE <unfinished ...>
2347  <... mprotect resumed>)           = 0
2346  <... mprotect resumed>)           = 0
2345  <... mprotect resumed>)           = 0
2344  mprotect(0x7f65700d5000, 4096, PROT_READ|PROT_WRITE <unfinished ...>
2351  mprotect(0x7f654c103000, 4096, PROT_READ|PROT_WRITE <unfinished ...>
2350  mprotect(0x7f65580fb000, 4096, PROT_READ|PROT_WRITE <unfinished ...>
2349  mprotect(0x7f65540f5000, 4096, PROT_READ|PROT_WRITE <unfinished ...>
2348  <... mprotect resumed>)           = 0
2351  <... mprotect resumed>)           = 0
2350  <... mprotect resumed>)           = 0
2349  <... mprotect resumed>)           = 0
2347  mprotect(0x7f655c0df000, 4096, PROT_READ|PROT_WRITE <unfinished ...>
2346  mprotect(0x7f65640d8000, 4096, PROT_READ|PROT_WRITE <unfinished ...>
2345  mprotect(0x7f65680d5000, 4096, PROT_READ|PROT_WRITE <unfinished ...>
2344  <... mprotect resumed>)           = 0
2351  mprotect(0x7f654c104000, 4096, PROT_READ|PROT_WRITE <unfinished ...>
2350  mprotect(0x7f65580fc000, 4096, PROT_READ|PROT_WRITE <unfinished ...>
2349  mprotect(0x7f65540f6000, 4096, PROT_READ|PROT_WRITE <unfinished ...>
2348  mprotect(0x7f65600ed000, 4096, PROT_READ|PROT_WRITE <unfinished ...>
2347  <... mprotect resumed>)           = 0
2346  <... mprotect resumed>)           = 0
2345  <... mprotect resumed>)           = 0
2351  <... mprotect resumed>)           = 0
2350  <... mprotect resumed>)           = 0
2349  <... mprotect resumed>)           = 0
2348  <... mprotect resumed>)           = 0
2344  mprotect(0x7f65700d6000, 4096, PROT_READ|PROT_WRITE <unfinished ...>
2351  mprotect(0x7f654c105000, 4096, PROT_READ|PROT_WRITE <unfinished ...>
2349  mprotect(0x7f65540f7000, 4096, PROT_READ|PROT_WRITE <unfinished ...>
2347  mprotect(0x7f655c0e0000, 4096, PROT_READ|PROT_WRITE <unfinished ...>
2346  mprotect(0x7f65640d9000, 4096, PROT_READ|PROT_WRITE <unfinished ...>
2345  mprotect(0x7f65680d6000, 4096, PROT_READ|PROT_WRITE <unfinished ...>
2344  <... mprotect resumed>)           = 0
2351  <... mprotect resumed>)           = 0
2350  mprotect(0x7f65580fd000, 4096, PROT_READ|PROT_WRITE <unfinished ...>
2348  mprotect(0x7f65600ee000, 4096, PROT_READ|PROT_WRITE <unfinished ...>
2347  <... mprotect resumed>)           = 0
2346  <... mprotect resumed>)           = 0
2345  <... mprotect resumed>)           = 0
2351  mprotect(0x7f654c106000, 4096, PROT_READ|PROT_WRITE <unfinished ...>
2350  <... mprotect resumed>)           = 0
2349  <... mprotect resumed>)           = 0
2344  mprotect(0x7f65700d7000, 4096, PROT_READ|PROT_WRITE <unfinished ...>
2351  <... mprotect resumed>)           = 0
2348  <... mprotect resumed>)           = 0
2347  mprotect(0x7f655c0e1000, 4096, PROT_READ|PROT_WRITE <unfinished ...>
2346  mprotect(0x7f65640da000, 4096, PROT_READ|PROT_WRITE <unfinished ...>
2345  mprotect(0x7f65680d7000, 4096, PROT_READ|PROT_WRITE <unfinished ...>
2351  mprotect(0x7f654c107000, 4096, PROT_READ|PROT_WRITE <unfinished ...>
2350  mprotect(0x7f65580fe000, 4096, PROT_READ|PROT_WRITE <unfinished ...>
2349  mprotect(0x7f65540f8000, 4096, PROT_READ|PROT_WRITE <unfinished ...>
2346  <... mprotect resumed>)           = 0
2344  <... mprotect resumed>)           = 0
2351  <... mprotect resumed>)           = 0
2350  <... mprotect resumed>)           = 0
2349  <... mprotect resumed>)           = 0
2348  mprotect(0x7f65600ef000, 4096, PROT_READ|PROT_WRITE <unfinished ...>
2347  <... mprotect resumed>)           = 0
2346  mprotect(0x7f65640db000, 4096, PROT_READ|PROT_WRITE <unfinished ...>
2345  <... mprotect resumed>)           = 0
2344  mprotect(0x7f65700d8000, 4096, PROT_READ|PROT_WRITE <unfinished ...>
2351  mprotect(0x7f654c108000, 4096, PROT_READ|PROT_WRITE <unfinished ...>
2350  mprotect(0x7f65580ff000, 4096, PROT_READ|PROT_WRITE <unfinished ...>
2349  mprotect(0x7f65540f9000, 4096, PROT_READ|PROT_WRITE <unfinished ...>
2348  <... mprotect resumed>)           = 0
2347  mprotect(0x7f655c0e2000, 4096, PROT_READ|PROT_WRITE <unfinished ...>
2350  <... mprotect resumed>)           = 0
2346  <... mprotect resumed>)           = 0
2345  mprotect(0x7f65680d8000, 4096, PROT_READ|PROT_WRITE <unfinished ...>
2344  <... mprotect resumed>)           = 0
2351  <... mprotect resumed>)           = 0
2350  mprotect(0x7f6558100000, 4096, PROT_READ|PROT_WRITE <unfinished ...>
2349  <... mprotect resumed>)           = 0
2348  mprotect(0x7f65600f0000, 4096, PROT_READ|PROT_WRITE <unfinished ...>
2347  <... mprotect resumed>)           = 0
2350  <... mprotect resumed>)           = 0
2346  mprotect(0x7f65640dc000, 4096, PROT_READ|PROT_WRITE <unfinished ...>
2345  <... mprotect resumed>)           = 0
2344  mprotect(0x7f65700d9000, 4096, PROT_READ|PROT_WRITE <unfinished ...>
2351  mprotect(0x7f654c109000, 4096, PROT_READ|PROT_WRITE <unfinished ...>
2350  mprotect(0x7f6558101000, 4096, PROT_READ|PROT_WRITE <unfinished ...>
2349  mprotect(0x7f65540fa000, 4096, PROT_READ|PROT_WRITE <unfinished ...>
2348  <... mprotect resumed>)           = 0
2347  mprotect(0x7f655c0e3000, 4096, PROT_READ|PROT_WRITE <unfinished ...>
2346  <... mprotect resumed>)           = 0
2345  mprotect(0x7f65680d9000, 4096, PROT_READ|PROT_WRITE <unfinished ...>
2344  <... mprotect resumed>)           = 0
2351  <... mprotect resumed>)           = 0
2350  <... mprotect resumed>)           = 0
2349  <... mprotect resumed>)           = 0
2348  mprotect(0x7f65600f1000, 4096, PROT_READ|PROT_WRITE <unfinished ...>
2347  <... mprotect resumed>)           = 0
2346  mprotect(0x7f65640dd000, 4096, PROT_READ|PROT_WRITE <unfinished ...>
2345  <... mprotect resumed>)           = 0
2344  mprotect(0x7f65700da000, 4096, PROT_READ|PROT_WRITE <unfinished ...>
2351  mprotect(0x7f654c10a000, 4096, PROT_READ|PROT_WRITE <unfinished ...>
2350  mprotect(0x7f6558102000, 4096, PROT_READ|PROT_WRITE <unfinished ...>
2349  mprotect(0x7f65540fb000, 4096, PROT_READ|PROT_WRITE <unfinished ...>
2348  <... mprotect resumed>)           = 0
2346  <... mprotect resumed>)           = 0
2347  mprotect(0x7f655c0e4000, 4096, PROT_READ|PROT_WRITE <unfinished ...>
2351  <... mprotect resumed>)           = 0
2350  <... mprotect resumed>)           = 0
2345  mprotect(0x7f65680da000, 4096, PROT_READ|PROT_WRITE <unfinished ...>
2344  <... mprotect resumed>)           = 0
2351  mprotect(0x7f654c10b000, 4096, PROT_READ|PROT_WRITE <unfinished ...>
2350  mprotect(0x7f6558103000, 4096, PROT_READ|PROT_WRITE <unfinished ...>
2349  <... mprotect resumed>)           = 0
2348  mprotect(0x7f65600f2000, 4096, PROT_READ|PROT_WRITE <unfinished ...>
2347  <... mprotect resumed>)           = 0
2346  mprotect(0x7f65640de000, 4096, PROT_READ|PROT_WRITE <unfinished ...>
2351  <... mprotect resumed>)           = 0
2350  <... mprotect resumed>)           = 0
2349  mprotect(0x7f65540fc000, 4096, PROT_READ|PROT_WRITE <unfinished ...>
2345  <... mprotect resumed>)           = 0
2348  <... mprotect resumed>)           = 0
2344  mprotect(0x7f65700db000, 4096, PROT_READ|PROT_WRITE <unfinished ...>
2351  mprotect(0x7f654c10c000, 4096, PROT_READ|PROT_WRITE <unfinished ...>
2350  mprotect(0x7f6558104000, 4096, PROT_READ|PROT_WRITE <unfinished ...>
2349  <... mprotect resumed>)           = 0
2347  mprotect(0x7f655c0e5000, 4096, PROT_READ|PROT_WRITE <unfinished ...>
2346  <... mprotect resumed>)           = 0
2345  mprotect(0x7f65680db000, 4096, PROT_READ|PROT_WRITE <unfinished ...>
2344  <... mprotect resumed>)           = 0
2351  <... mprotect resumed>)           = 0
2350  <... mprotect resumed>)           = 0
2349  mprotect(0x7f65540fd000, 4096, PROT_READ|PROT_WRITE <unfinished ...>
2348  mprotect(0x7f65600f3000, 4096, PROT_READ|PROT_WRITE <unfinished ...>
2347  <... mprotect resumed>)           = 0
2345  <... mprotect resumed>)           = 0
2351  mprotect(0x7f654c10d000, 4096, PROT_READ|PROT_WRITE <unfinished ...>
2349  <... mprotect resumed>)           = 0
2346  mprotect(0x7f65640df000, 4096, PROT_READ|PROT_WRITE <unfinished ...>
2344  mprotect(0x7f65700dc000, 4096, PROT_READ|PROT_WRITE <unfinished ...>
2351  <... mprotect resumed>)           = 0
2350  mprotect(0x7f6558105000, 4096, PROT_READ|PROT_WRITE <unfinished ...>
2349  mprotect(0x7f65540fe000, 4096, PROT_READ|PROT_WRITE <unfinished ...>
2348  <... mprotect resumed>)           = 0
2347  mprotect(0x7f655c0e6000, 4096, PROT_READ|PROT_WRITE <unfinished ...>
2345  mprotect(0x7f65680dc000, 4096, PROT_READ|PROT_WRITE <unfinished ...>
2351  mprotect(0x7f654c10e000, 4096, PROT_READ|PROT_WRITE <unfinished ...>
2350  <... mprotect resumed>)           = 0
2346  <... mprotect resumed>)           = 0
2348  mprotect(0x7f65600f4000, 4096, PROT_READ|PROT_WRITE <unfinished ...>
2344  <... mprotect resumed>)           = 0
2349  <... mprotect resumed>)           = 0
2351  <... mprotect resumed>)           = 0
2351  mprotect(0x7f654c10f000, 4096, PROT_READ|PROT_WRITE <unfinished ...>
2350  mprotect(0x7f6558106000, 4096, PROT_READ|PROT_WRITE <unfinished ...>
2348  <... mprotect resumed>)           = 0
2347  <... mprotect resumed>)           = 0
2346  mprotect(0x7f65640e0000, 4096, PROT_READ|PROT_WRITE <unfinished ...>
2345  <... mprotect resumed>)           = 0
2344  mprotect(0x7f65700dd000, 4096, PROT_READ|PROT_WRITE <unfinished ...>
2349  mprotect(0x7f65540ff000, 4096, PROT_READ|PROT_WRITE <unfinished ...>
2351  <... mprotect resumed>)           = 0
2350  <... mprotect resumed>)           = 0
2348  mprotect(0x7f65600f5000, 4096, PROT_READ|PROT_WRITE <unfinished ...>
2347  mprotect(0x7f655c0e7000, 4096, PROT_READ|PROT_WRITE <unfinished ...>
2346  <... mprotect resumed>)           = 0
2344  <... mprotect resumed>)           = 0
2351  mprotect(0x7f654c110000, 4096, PROT_READ|PROT_WRITE <unfinished ...>
2350  mprotect(0x7f6558107000, 4096, PROT_READ|PROT_WRITE <unfinished ...>
2349  <... mprotect resumed>)           = 0
2345  mprotect(0x7f65680dd000, 4096, PROT_READ|PROT_WRITE <unfinished ...>
2351  <... mprotect resumed>)           = 0
2348  <... mprotect resumed>)           = 0
2347  <... mprotect resumed>)           = 0
2346  mprotect(0x7f65640e1000, 4096, PROT_READ|PROT_WRITE <unfinished ...>
2350  <... mprotect resumed>)           = 0
2344  mprotect(0x7f65700de000, 4096, PROT_READ|PROT_WRITE <unfinished ...>
2351  mprotect(0x7f654c111000, 4096, PROT_READ|PROT_WRITE <unfinished ...>
2349  mprotect(0x7f6554100000, 4096, PROT_READ|PROT_WRITE <unfinished ...>
2348  mprotect(0x7f65600f6000, 4096, PROT_READ|PROT_WRITE <unfinished ...>
2346  <... mprotect resumed>)           = 0
2345  <... mprotect resumed>)           = 0
2351  <... mprotect resumed>)           = 0
2350  mprotect(0x7f6558108000, 4096, PROT_READ|PROT_WRITE <unfinished ...>
2349  <... mprotect resumed>)           = 0
2347  mprotect(0x7f655c0e8000, 4096, PROT_READ|PROT_WRITE <unfinished ...>
2348  <... mprotect resumed>)           = 0
2344  <... mprotect resumed>)           = 0
2351  mprotect(0x7f654c112000, 4096, PROT_READ|PROT_WRITE <unfinished ...>
2350  <... mprotect resumed>)           = 0
2346  mprotect(0x7f65640e2000, 4096, PROT_READ|PROT_WRITE <unfinished ...>
2345  mprotect(0x7f65680de000, 4096, PROT_READ|PROT_WRITE <unfinished ...>
2347  <... mprotect resumed>)           = 0
2351  <... mprotect resumed>)           = 0
2349  mprotect(0x7f6554101000, 4096, PROT_READ|PROT_WRITE <unfinished ...>
2346  <... mprotect resumed>)           = 0
2350  mprotect(0x7f6558109000, 4096, PROT_READ|PROT_WRITE <unfinished ...>
2348  mprotect(0x7f65600f7000, 4096, PROT_READ|PROT_WRITE <unfinished ...>
2347  mprotect(0x7f655c0e9000, 4096, PROT_READ|PROT_WRITE <unfinished ...>
2345  <... mprotect resumed>)           = 0
2344  mprotect(0x7f65700df000, 4096, PROT_READ|PROT_WRITE <unfinished ...>
2351  mprotect(0x7f654c113000, 4096, PROT_READ|PROT_WRITE <unfinished ...>
2350  <... mprotect resumed>)           = 0
2349  <... mprotect resumed>)           = 0
2348  <... mprotect resumed>)           = 0
2346  mprotect(0x7f65640e3000, 4096, PROT_READ|PROT_WRITE <unfinished ...>
2351  <... mprotect resumed>)           = 0
2347  <... mprotect resumed>)           = 0
2345  mprotect(0x7f65680df000, 4096, PROT_READ|PROT_WRITE <unfinished ...>
2344  <... mprotect resumed>)           = 0
2349  mprotect(0x7f6554102000, 4096, PROT_READ|PROT_WRITE <unfinished ...>
2350  mprotect(0x7f655810a000, 4096, PROT_READ|PROT_WRITE <unfinished ...>
2349  <... mprotect resumed>)           = 0
2351  mprotect(0x7f654c114000, 4096, PROT_READ|PROT_WRITE <unfinished ...>
2348  mprotect(0x7f65600f8000, 4096, PROT_READ|PROT_WRITE <unfinished ...>
2347  mprotect(0x7f655c0ea000, 4096, PROT_READ|PROT_WRITE <unfinished ...>
2345  <... mprotect resumed>)           = 0
2351  <... mprotect resumed>)           = 0
2350  <... mprotect resumed>)           = 0
2349  mprotect(0x7f6554103000, 4096, PROT_READ|PROT_WRITE <unfinished ...>
2346  <... mprotect resumed>)           = 0
2344  mprotect(0x7f65700e0000, 4096, PROT_READ|PROT_WRITE <unfinished ...>
2348  <... mprotect resumed>)           = 0
2347  <... mprotect resumed>)           = 0
2351  mprotect(0x7f654c115000, 4096, PROT_READ|PROT_WRITE <unfinished ...>
2345  mprotect(0x7f65680e0000, 4096, PROT_READ|PROT_WRITE <unfinished ...>
2350  mprotect(0x7f655810b000, 4096, PROT_READ|PROT_WRITE <unfinished ...>
2346  mprotect(0x7f65640e4000, 4096, PROT_READ|PROT_WRITE <unfinished ...>
2344  <... mprotect resumed>)           = 0
2351  <... mprotect resumed>)           = 0
2350  <... mprotect resumed>)           = 0
2349  <... mprotect resumed>)           = 0
2346  <... mprotect resumed>)           = 0
2345  <... mprotect resumed>)           = 0
2351  mprotect(0x7f654c116000, 4096, PROT_READ|PROT_WRITE <unfinished ...>
2350  mprotect(0x7f655810c000, 4096, PROT_READ|PROT_WRITE <unfinished ...>
2348  mprotect(0x7f65600f9000, 4096, PROT_READ|PROT_WRITE <unfinished ...>
2347  mprotect(0x7f655c0eb000, 4096, PROT_READ|PROT_WRITE <unfinished ...>
2344  mprotect(0x7f65700e1000, 4096, PROT_READ|PROT_WRITE <unfinished ...>
2351  <... mprotect resumed>)           = 0
2349  mprotect(0x7f6554104000, 4096, PROT_READ|PROT_WRITE <unfinished ...>
2347  <... mprotect resumed>)           = 0
2346  mprotect(0x7f65640e5000, 4096, PROT_READ|PROT_WRITE <unfinished ...>
2350  <... mprotect resumed>)           = 0
2349  <... mprotect resumed>)           = 0
2348  <... mprotect resumed>)           = 0
2345  mprotect(0x7f65680e1000, 4096, PROT_READ|PROT_WRITE <unfinished ...>
2351  mprotect(0x7f654c117000, 4096, PROT_READ|PROT_WRITE <unfinished ...>
2347  mprotect(0x7f655c0ec000, 4096, PROT_READ|PROT_WRITE <unfinished ...>
2346  <... mprotect resumed>)           = 0
2344  <... mprotect resumed>)           = 0
2351  <... mprotect resumed>)           = 0
2350  mprotect(0x7f655810d000, 4096, PROT_READ|PROT_WRITE <unfinished ...>
2349  mprotect(0x7f6554105000, 4096, PROT_READ|PROT_WRITE <unfinished ...>
2347  <... mprotect resumed>)           = 0
2344  mprotect(0x7f65700e2000, 4096, PROT_READ|PROT_WRITE <unfinished ...>
2348  mprotect(0x7f65600fa000, 4096, PROT_READ|PROT_WRITE <unfinished ...>
2346  mprotect(0x7f65640e6000, 4096, PROT_READ|PROT_WRITE <unfinished ...>
2345  <... mprotect resumed>)           = 0
2350  <... mprotect resumed>)           = 0
2348  <... mprotect resumed>)           = 0
2347  mprotect(0x7f655c0ed000, 4096, PROT_READ|PROT_WRITE <unfinished ...>
2344  <... mprotect resumed>)           = 0
2351  mprotect(0x7f654c118000, 4096, PROT_READ|PROT_WRITE <unfinished ...>
2349  <... mprotect resumed>)           = 0
2346  <... mprotect resumed>)           = 0
2348  mprotect(0x7f65600fb000, 4096, PROT_READ|PROT_WRITE <unfinished ...>
2347  <... mprotect resumed>)           = 0
2345  mprotect(0x7f65680e2000, 4096, PROT_READ|PROT_WRITE <unfinished ...>
2351  <... mprotect resumed>)           = 0
2349  mprotect(0x7f6554106000, 4096, PROT_READ|PROT_WRITE <unfinished ...>
2348  <... mprotect resumed>)           = 0
2346  mprotect(0x7f65640e7000, 4096, PROT_READ|PROT_WRITE <unfinished ...>
2349  <... mprotect resumed>)           = 0
2344  mprotect(0x7f65700e3000, 4096, PROT_READ|PROT_WRITE <unfinished ...>
2350  mprotect(0x7f655810e000, 4096, PROT_READ|PROT_WRITE <unfinished ...>
2347  mprotect(0x7f655c0ee000, 4096, PROT_READ|PROT_WRITE <unfinished ...>
2346  <... mprotect resumed>)           = 0
2349  mprotect(0x7f6554107000, 4096, PROT_READ|PROT_WRITE <unfinished ...>
2344  <... mprotect resumed>)           = 0
2351  mprotect(0x7f654c119000, 4096, PROT_READ|PROT_WRITE <unfinished ...>
2347  <... mprotect resumed>)           = 0
2346  mprotect(0x7f65640e8000, 4096, PROT_READ|PROT_WRITE <unfinished ...>
2345  <... mprotect resumed>)           = 0
2350  <... mprotect resumed>)           = 0
2349  <... mprotect resumed>)           = 0
2348  mprotect(0x7f65600fc000, 4096, PROT_READ|PROT_WRITE <unfinished ...>
2344  mprotect(0x7f65700e4000, 4096, PROT_READ|PROT_WRITE <unfinished ...>
2351  <... mprotect resumed>)           = 0
2346  <... mprotect resumed>)           = 0
2345  mprotect(0x7f65680e3000, 4096, PROT_READ|PROT_WRITE <unfinished ...>
2347  mprotect(0x7f655c0ef000, 4096, PROT_READ|PROT_WRITE <unfinished ...>
2344  <... mprotect resumed>)           = 0
2348  <... mprotect resumed>)           = 0
2347  <... mprotect resumed>)           = 0
2345  <... mprotect resumed>)           = 0
2351  mprotect(0x7f654c11a000, 4096, PROT_READ|PROT_WRITE <unfinished ...>
2350  mprotect(0x7f655810f000, 4096, PROT_READ|PROT_WRITE <unfinished ...>
2349  mprotect(0x7f6554108000, 4096, PROT_READ|PROT_WRITE <unfinished ...>
2346  mprotect(0x7f65640e9000, 4096, PROT_READ|PROT_WRITE <unfinished ...>
2344  mprotect(0x7f65700e5000, 4096, PROT_READ|PROT_WRITE <unfinished ...>
2351  <... mprotect resumed>)           = 0
2350  <... mprotect resumed>)           = 0
2349  <... mprotect resumed>)           = 0
2348  mprotect(0x7f65600fd000, 4096, PROT_READ|PROT_WRITE <unfinished ...>
2347  mprotect(0x7f655c0f0000, 4096, PROT_READ|PROT_WRITE <unfinished ...>
2345  mprotect(0x7f65680e4000, 4096, PROT_READ|PROT_WRITE <unfinished ...>
2351  mprotect(0x7f654c11b000, 4096, PROT_READ|PROT_WRITE <unfinished ...>
2350  mprotect(0x7f6558110000, 4096, PROT_READ|PROT_WRITE <unfinished ...>
2349  mprotect(0x7f6554109000, 4096, PROT_READ|PROT_WRITE <unfinished ...>
2348  <... mprotect resumed>)           = 0
2347  <... mprotect resumed>)           = 0
2346  <... mprotect resumed>)           = 0
2344  <... mprotect resumed>)           = 0
2351  <... mprotect resumed>)           = 0
2350  <... mprotect resumed>)           = 0
2349  <... mprotect resumed>)           = 0
2348  mprotect(0x7f65600fe000, 4096, PROT_READ|PROT_WRITE <unfinished ...>
2347  mprotect(0x7f655c0f1000, 4096, PROT_READ|PROT_WRITE <unfinished ...>
2345  <... mprotect resumed>)           = 0
2351  mprotect(0x7f654c11c000, 4096, PROT_READ|PROT_WRITE <unfinished ...>
2350  mprotect(0x7f6558111000, 4096, PROT_READ|PROT_WRITE <unfinished ...>
2349  mprotect(0x7f655410a000, 4096, PROT_READ|PROT_WRITE <unfinished ...>
2346  mprotect(0x7f65640ea000, 4096, PROT_READ|PROT_WRITE <unfinished ...>
2344  mprotect(0x7f65700e6000, 4096, PROT_READ|PROT_WRITE <unfinished ...>
2351  <... mprotect resumed>)           = 0
2350  <... mprotect resumed>)           = 0
2349  <... mprotect resumed>)           = 0
2348  <... mprotect resumed>)           = 0
2346  <... mprotect resumed>)           = 0
2345  mprotect(0x7f65680e5000, 4096, PROT_READ|PROT_WRITE <unfinished ...>
2344  <... mprotect resumed>)           = 0
2347  <... mprotect resumed>)           = 0
2351  mprotect(0x7f654c11d000, 4096, PROT_READ|PROT_WRITE <unfinished ...>
2350  mprotect(0x7f6558112000, 4096, PROT_READ|PROT_WRITE <unfinished ...>
2349  mprotect(0x7f655410b000, 4096, PROT_READ|PROT_WRITE <unfinished ...>
2348  mprotect(0x7f65600ff000, 4096, PROT_READ|PROT_WRITE <unfinished ...>
2347  mprotect(0x7f655c0f2000, 4096, PROT_READ|PROT_WRITE <unfinished ...>
2346  mprotect(0x7f65640eb000, 4096, PROT_READ|PROT_WRITE <unfinished ...>
2345  <... mprotect resumed>)           = 0
2344  mprotect(0x7f65700e7000, 4096, PROT_READ|PROT_WRITE <unfinished ...>
2351  <... mprotect resumed>)           = 0
2350  <... mprotect resumed>)           = 0
2349  <... mprotect resumed>)           = 0
2348  <... mprotect resumed>)           = 0
2347  <... mprotect resumed>)           = 0
2346  <... mprotect resumed>)           = 0
2345  mprotect(0x7f65680e6000, 4096, PROT_READ|PROT_WRITE <unfinished ...>
2344  <... mprotect resumed>)           = 0
2351  mprotect(0x7f654c11e000, 4096, PROT_READ|PROT_WRITE <unfinished ...>
2350  mprotect(0x7f6558113000, 4096, PROT_READ|PROT_WRITE <unfinished ...>
2349  mprotect(0x7f655410c000, 4096, PROT_READ|PROT_WRITE <unfinished ...>
2348  mprotect(0x7f6560100000, 4096, PROT_READ|PROT_WRITE <unfinished ...>
2347  mprotect(0x7f655c0f3000, 4096, PROT_READ|PROT_WRITE <unfinished ...>
2351  <... mprotect resumed>)           = 0
2346  mprotect(0x7f65640ec000, 4096, PROT_READ|PROT_WRITE <unfinished ...>
2345  <... mprotect resumed>)           = 0
2344  mprotect(0x7f65700e8000, 4096, PROT_READ|PROT_WRITE <unfinished ...>
2351  mprotect(0x7f654c11f000, 4096, PROT_READ|PROT_WRITE <unfinished ...>
2350  <... mprotect resumed>)           = 0
2349  <... mprotect resumed>)           = 0
2348  <... mprotect resumed>)           = 0
2347  <... mprotect resumed>)           = 0
2351  <... mprotect resumed>)           = 0
2346  <... mprotect resumed>)           = 0
2345  mprotect(0x7f65680e7000, 4096, PROT_READ|PROT_WRITE <unfinished ...>
2344  <... mprotect resumed>)           = 0
2350  mprotect(0x7f6558114000, 4096, PROT_READ|PROT_WRITE <unfinished ...>
2349  mprotect(0x7f655410d000, 4096, PROT_READ|PROT_WRITE <unfinished ...>
2348  mprotect(0x7f6560101000, 4096, PROT_READ|PROT_WRITE <unfinished ...>
2347  mprotect(0x7f655c0f4000, 4096, PROT_READ|PROT_WRITE <unfinished ...>
2345  <... mprotect resumed>)           = 0
2350  <... mprotect resumed>)           = 0
2346  mprotect(0x7f65640ed000, 4096, PROT_READ|PROT_WRITE <unfinished ...>
2344  mprotect(0x7f65700e9000, 4096, PROT_READ|PROT_WRITE <unfinished ...>
2351  mprotect(0x7f654c120000, 4096, PROT_READ|PROT_WRITE <unfinished ...>
2349  <... mprotect resumed>)           = 0
2347  <... mprotect resumed>)           = 0
2345  mprotect(0x7f65680e8000, 4096, PROT_READ|PROT_WRITE <unfinished ...>
2344  <... mprotect resumed>)           = 0
2345  <... mprotect resumed>)           = 0
2350  mprotect(0x7f6558115000, 4096, PROT_READ|PROT_WRITE <unfinished ...>
2347  mprotect(0x7f655c0f5000, 4096, PROT_READ|PROT_WRITE <unfinished ...>
2346  <... mprotect resumed>)           = 0
2351  <... mprotect resumed>)           = 0
2348  <... mprotect resumed>)           = 0
2344  mprotect(0x7f65700ea000, 4096, PROT_READ|PROT_WRITE <unfinished ...>
2347  <... mprotect resumed>)           = 0
2345  mprotect(0x7f65680e9000, 4096, PROT_READ|PROT_WRITE <unfinished ...>
2344  <... mprotect resumed>)           = 0
2350  <... mprotect resumed>)           = 0
2347  mprotect(0x7f655c0f6000, 4096, PROT_READ|PROT_WRITE <unfinished ...>
2345  <... mprotect resumed>)           = 0
2349  mprotect(0x7f655410e000, 4096, PROT_READ|PROT_WRITE <unfinished ...>
2344  mprotect(0x7f65700eb000, 4096, PROT_READ|PROT_WRITE <unfinished ...>
2351  mprotect(0x7f654c121000, 4096, PROT_READ|PROT_WRITE <unfinished ...>
2350  mprotect(0x7f6558116000, 4096, PROT_READ|PROT_WRITE <unfinished ...>
2348  mprotect(0x7f6560102000, 4096, PROT_READ|PROT_WRITE <unfinished ...>
2347  <... mprotect resumed>)           = 0
2346  mprotect(0x7f65640ee000, 4096, PROT_READ|PROT_WRITE <unfinished ...>
2351  <... mprotect resumed>)           = 0
2350  <... mprotect resumed>)           = 0
2349  <... mprotect resumed>)           = 0
2348  <... mprotect resumed>)           = 0
2345  mprotect(0x7f65680ea000, 4096, PROT_READ|PROT_WRITE <unfinished ...>
2344  <... mprotect resumed>)           = 0
2351  mprotect(0x7f654c122000, 4096, PROT_READ|PROT_WRITE <unfinished ...>
2347  mprotect(0x7f655c0f7000, 4096, PROT_READ|PROT_WRITE <unfinished ...>
2346  <... mprotect resumed>)           = 0
2345  <... mprotect resumed>)           = 0
2350  mprotect(0x7f6558117000, 4096, PROT_READ|PROT_WRITE <unfinished ...>
2348  mprotect(0x7f6560103000, 4096, PROT_READ|PROT_WRITE <unfinished ...>
2347  <... mprotect resumed>)           = 0
2349  mprotect(0x7f655410f000, 4096, PROT_READ|PROT_WRITE <unfinished ...>
2344  mprotect(0x7f65700ec000, 4096, PROT_READ|PROT_WRITE <unfinished ...>
2351  <... mprotect resumed>)           = 0
2349  <... mprotect resumed>)           = 0
2346  mprotect(0x7f65640ef000, 4096, PROT_READ|PROT_WRITE <unfinished ...>
2345  mprotect(0x7f65680eb000, 4096, PROT_READ|PROT_WRITE <unfinished ...>
2351  mprotect(0x7f654c123000, 4096, PROT_READ|PROT_WRITE <unfinished ...>
2350  <... mprotect resumed>)           = 0
2349  mprotect(0x7f6554110000, 4096, PROT_READ|PROT_WRITE <unfinished ...>
2348  <... mprotect resumed>)           = 0
2347  mprotect(0x7f655c0f8000, 4096, PROT_READ|PROT_WRITE <unfinished ...>
2344  <... mprotect resumed>)           = 0
2351  <... mprotect resumed>)           = 0
2350  mprotect(0x7f6558118000, 4096, PROT_READ|PROT_WRITE <unfinished ...>
2346  <... mprotect resumed>)           = 0
2345  <... mprotect resumed>)           = 0
2351  mprotect(0x7f654c124000, 4096, PROT_READ|PROT_WRITE <unfinished ...>
2349  <... mprotect resumed>)           = 0
2348  mprotect(0x7f6560104000, 4096, PROT_READ|PROT_WRITE <unfinished ...>
2347  <... mprotect resumed>)           = 0
2344  mprotect(0x7f65700ed000, 4096, PROT_READ|PROT_WRITE <unfinished ...>
2351  <... mprotect resumed>)           = 0
2350  <... mprotect resumed>)           = 0
2348  <... mprotect resumed>)           = 0
2346  mprotect(0x7f65640f0000, 4096, PROT_READ|PROT_WRITE <unfinished ...>
2345  mprotect(0x7f65680ec000, 4096, PROT_READ|PROT_WRITE <unfinished ...>
2344  <... mprotect resumed>)           = 0
2349  mprotect(0x7f6554111000, 4096, PROT_READ|PROT_WRITE <unfinished ...>
2347  mprotect(0x7f655c0f9000, 4096, PROT_READ|PROT_WRITE <unfinished ...>
2348  mprotect(0x7f6560105000, 4096, PROT_READ|PROT_WRITE <unfinished ...>
2346  <... mprotect resumed>)           = 0
2351  mprotect(0x7f654c125000, 4096, PROT_READ|PROT_WRITE <unfinished ...>
2350  mprotect(0x7f6558119000, 4096, PROT_READ|PROT_WRITE <unfinished ...>
2347  <... mprotect resumed>)           = 0
2351  <... mprotect resumed>)           = 0
2348  <... mprotect resumed>)           = 0
2345  <... mprotect resumed>)           = 0
2350  <... mprotect resumed>)           = 0
2349  <... mprotect resumed>)           = 0
2346  mprotect(0x7f65640f1000, 4096, PROT_READ|PROT_WRITE <unfinished ...>
2344  mprotect(0x7f65700ee000, 4096, PROT_READ|PROT_WRITE <unfinished ...>
2351  mprotect(0x7f654c126000, 4096, PROT_READ|PROT_WRITE <unfinished ...>
2350  mprotect(0x7f655811a000, 4096, PROT_READ|PROT_WRITE <unfinished ...>
2348  mprotect(0x7f6560106000, 4096, PROT_READ|PROT_WRITE <unfinished ...>
2347  mprotect(0x7f655c0fa000, 4096, PROT_READ|PROT_WRITE <unfinished ...>
2346  <... mprotect resumed>)           = 0
2345  mprotect(0x7f65680ed000, 4096, PROT_READ|PROT_WRITE <unfinished ...>
2344  <... mprotect resumed>)           = 0
2349  mprotect(0x7f6554112000, 4096, PROT_READ|PROT_WRITE <unfinished ...>
2351  <... mprotect resumed>)           = 0
2348  <... mprotect resumed>)           = 0
2347  <... mprotect resumed>)           = 0
2351  mprotect(0x7f654c127000, 4096, PROT_READ|PROT_WRITE <unfinished ...>
2350  <... mprotect resumed>)           = 0
2345  <... mprotect resumed>)           = 0
2344  mprotect(0x7f65700ef000, 4096, PROT_READ|PROT_WRITE <unfinished ...>
2351  <... mprotect resumed>)           = 0
2349  <... mprotect resumed>)           = 0
2348  mprotect(0x7f6560107000, 4096, PROT_READ|PROT_WRITE <unfinished ...>
2347  mprotect(0x7f655c0fb000, 4096, PROT_READ|PROT_WRITE <unfinished ...>
2346  mprotect(0x7f65640f2000, 4096, PROT_READ|PROT_WRITE <unfinished ...>
2345  mprotect(0x7f65680ee000, 4096, PROT_READ|PROT_WRITE <unfinished ...>
2344  <... mprotect resumed>)           = 0
2351  mprotect(0x7f654c128000, 4096, PROT_READ|PROT_WRITE <unfinished ...>
2350  mprotect(0x7f655811b000, 4096, PROT_READ|PROT_WRITE <unfinished ...>
2349  mprotect(0x7f6554113000, 4096, PROT_READ|PROT_WRITE <unfinished ...>
2348  <... mprotect resumed>)           = 0
2347  <... mprotect resumed>)           = 0
2346  <... mprotect resumed>)           = 0
2345  <... mprotect resumed>)           = 0
2351  <... mprotect resumed>)           = 0
2350  <... mprotect resumed>)           = 0
2349  <... mprotect resumed>)           = 0
2348  mprotect(0x7f6560108000, 4096, PROT_READ|PROT_WRITE <unfinished ...>
2344  mprotect(0x7f65700f0000, 4096, PROT_READ|PROT_WRITE <unfinished ...>
2347  mprotect(0x7f655c0fc000, 4096, PROT_READ|PROT_WRITE <unfinished ...>
2346  mprotect(0x7f65640f3000, 4096, PROT_READ|PROT_WRITE <unfinished ...>
2345  mprotect(0x7f65680ef000, 4096, PROT_READ|PROT_WRITE <unfinished ...>
2351  mprotect(0x7f654c129000, 4096, PROT_READ|PROT_WRITE <unfinished ...>
2348  <... mprotect resumed>)           = 0
2346  <... mprotect resumed>)           = 0
2344  <... mprotect resumed>)           = 0
2351  <... mprotect resumed>)           = 0
2350  mprotect(0x7f655811c000, 4096, PROT_READ|PROT_WRITE <unfinished ...>
2349  mprotect(0x7f6554114000, 4096, PROT_READ|PROT_WRITE <unfinished ...>
2347  <... mprotect resumed>)           = 0
2345  <... mprotect resumed>)           = 0
2348  mprotect(0x7f6560109000, 4096, PROT_READ|PROT_WRITE <unfinished ...>
2351  mprotect(0x7f654c12a000, 4096, PROT_READ|PROT_WRITE <unfinished ...>
2350  <... mprotect resumed>)           = 0
2349  <... mprotect resumed>)           = 0
2346  mprotect(0x7f65640f4000, 4096, PROT_READ|PROT_WRITE <unfinished ...>
2344  mprotect(0x7f65700f1000, 4096, PROT_READ|PROT_WRITE <unfinished ...>
2351  <... mprotect resumed>)           = 0
2350  mprotect(0x7f655811d000, 4096, PROT_READ|PROT_WRITE <unfinished ...>
2349  mprotect(0x7f6554115000, 4096, PROT_READ|PROT_WRITE <unfinished ...>
2348  <... mprotect resumed>)           = 0
2347  mprotect(0x7f655c0fd000, 4096, PROT_READ|PROT_WRITE <unfinished ...>
2345  mprotect(0x7f65680f0000, 4096, PROT_READ|PROT_WRITE <unfinished ...>
2346  <... mprotect resumed>)           = 0
2344  <... mprotect resumed>)           = 0
2351  mprotect(0x7f654c12b000, 4096, PROT_READ|PROT_WRITE <unfinished ...>
2350  <... mprotect resumed>)           = 0
2349  <... mprotect resumed>)           = 0
2351  <... mprotect resumed>)           = 0
2348  mprotect(0x7f656010a000, 4096, PROT_READ|PROT_WRITE <unfinished ...>
2347  <... mprotect resumed>)           = 0
2345  <... mprotect resumed>)           = 0
2344  mprotect(0x7f65700f2000, 4096, PROT_READ|PROT_WRITE <unfinished ...>
2351  mprotect(0x7f654c12c000, 4096, PROT_READ|PROT_WRITE <unfinished ...>
2350  mprotect(0x7f655811e000, 4096, PROT_READ|PROT_WRITE <unfinished ...>
2349  mprotect(0x7f6554116000, 4096, PROT_READ|PROT_WRITE <unfinished ...>
2346  mprotect(0x7f65640f5000, 4096, PROT_READ|PROT_WRITE <unfinished ...>
2351  <... mprotect resumed>)           = 0
2348  <... mprotect resumed>)           = 0
2347  mprotect(0x7f655c0fe000, 4096, PROT_READ|PROT_WRITE <unfinished ...>
2345  mprotect(0x7f65680f1000, 4096, PROT_READ|PROT_WRITE <unfinished ...>
2344  <... mprotect resumed>)           = 0
2351  mprotect(0x7f654c12d000, 4096, PROT_READ|PROT_WRITE <unfinished ...>
2350  <... mprotect resumed>)           = 0
2349  <... mprotect resumed>)           = 0
2348  mprotect(0x7f656010b000, 4096, PROT_READ|PROT_WRITE <unfinished ...>
2347  <... mprotect resumed>)           = 0
2346  <... mprotect resumed>)           = 0
2345  <... mprotect resumed>)           = 0
2351  <... mprotect resumed>)           = 0
2350  mprotect(0x7f655811f000, 4096, PROT_READ|PROT_WRITE <unfinished ...>
2349  mprotect(0x7f6554117000, 4096, PROT_READ|PROT_WRITE <unfinished ...>
2348  <... mprotect resumed>)           = 0
2344  mprotect(0x7f65700f3000, 4096, PROT_READ|PROT_WRITE <unfinished ...>
2351  mprotect(0x7f654c12e000, 4096, PROT_READ|PROT_WRITE <unfinished ...>
2350  <... mprotect resumed>)           = 0
2349  <... mprotect resumed>)           = 0
2347  mprotect(0x7f655c0ff000, 4096, PROT_READ|PROT_WRITE <unfinished ...>
2345  mprotect(0x7f65680f2000, 4096, PROT_READ|PROT_WRITE <unfinished ...>
2351  <... mprotect resumed>)           = 0
2348  mprotect(0x7f656010c000, 4096, PROT_READ|PROT_WRITE <unfinished ...>
2346  mprotect(0x7f65640f6000, 4096, PROT_READ|PROT_WRITE <unfinished ...>
2344  <... mprotect resumed>)           = 0
2350  mprotect(0x7f6558120000, 4096, PROT_READ|PROT_WRITE <unfinished ...>
2349  mprotect(0x7f6554118000, 4096, PROT_READ|PROT_WRITE <unfinished ...>
2348  <... mprotect resumed>)           = 0
2347  <... mprotect resumed>)           = 0
2346  <... mprotect resumed>)           = 0
2345  <... mprotect resumed>)           = 0
2351  mprotect(0x7f654c12f000, 4096, PROT_READ|PROT_WRITE <unfinished ...>
2344  mprotect(0x7f65700f4000, 4096, PROT_READ|PROT_WRITE <unfinished ...>
2349  <... mprotect resumed>)           = 0
2345  mprotect(0x7f65680f3000, 4096, PROT_READ|PROT_WRITE <unfinished ...>
2351  <... mprotect resumed>)           = 0
2351  mprotect(0x7f654c130000, 4096, PROT_READ|PROT_WRITE <unfinished ...>
2347  mprotect(0x7f655c100000, 4096, PROT_READ|PROT_WRITE <unfinished ...>
2349  mprotect(0x7f6554119000, 4096, PROT_READ|PROT_WRITE) = 0
2347  <... mprotect resumed>)           = 0
2346  mprotect(0x7f65640f7000, 4096, PROT_READ|PROT_WRITE <unfinished ...>
2345  <... mprotect resumed>)           = 0
2344  <... mprotect resumed>)           = 0
2351  <... mprotect resumed>)           = 0
2348  mprotect(0x7f656010d000, 4096, PROT_READ|PROT_WRITE <unfinished ...>
2350  <... mprotect resumed>)           = 0
2349  mprotect(0x7f655411a000, 4096, PROT_READ|PROT_WRITE <unfinished ...>
2347  mprotect(0x7f655c101000, 4096, PROT_READ|PROT_WRITE <unfinished ...>
2345  mprotect(0x7f65680f4000, 4096, PROT_READ|PROT_WRITE <unfinished ...>
2351  mprotect(0x7f654c131000, 4096, PROT_READ|PROT_WRITE <unfinished ...>
2349  <... mprotect resumed>)           = 0
2348  <... mprotect resumed>)           = 0
2347  <... mprotect resumed>)           = 0
2346  <... mprotect resumed>)           = 0
2345  <... mprotect resumed>)           = 0
2344  mprotect(0x7f65700f5000, 4096, PROT_READ|PROT_WRITE <unfinished ...>
2351  <... mprotect resumed>)           = 0
2350  mprotect(0x7f6558121000, 4096, PROT_READ|PROT_WRITE <unfinished ...>
2349  mprotect(0x7f655411b000, 4096, PROT_READ|PROT_WRITE <unfinished ...>
2348  mprotect(0x7f656010e000, 4096, PROT_READ|PROT_WRITE <unfinished ...>
2351  mprotect(0x7f654c132000, 4096, PROT_READ|PROT_WRITE <unfinished ...>
2347  mprotect(0x7f655c102000, 4096, PROT_READ|PROT_WRITE <unfinished ...>
2346  mprotect(0x7f65640f8000, 4096, PROT_READ|PROT_WRITE <unfinished ...>
2344  <... mprotect resumed>)           = 0
2351  <... mprotect resumed>)           = 0
2350  <... mprotect resumed>)           = 0
2349  <... mprotect resumed>)           = 0
2348  <... mprotect resumed>)           = 0
2347  <... mprotect resumed>)           = 0
2345  mprotect(0x7f65680f5000, 4096, PROT_READ|PROT_WRITE <unfinished ...>
2351  mprotect(0x7f654c133000, 4096, PROT_READ|PROT_WRITE <unfinished ...>
2350  mprotect(0x7f6558122000, 4096, PROT_READ|PROT_WRITE <unfinished ...>
2349  mprotect(0x7f655411c000, 4096, PROT_READ|PROT_WRITE <unfinished ...>
2348  mprotect(0x7f656010f000, 4096, PROT_READ|PROT_WRITE <unfinished ...>
2346  <... mprotect resumed>)           = 0
2344  mprotect(0x7f65700f6000, 4096, PROT_READ|PROT_WRITE <unfinished ...>
2351  <... mprotect resumed>)           = 0
2350  <... mprotect resumed>)           = 0
2349  <... mprotect resumed>)           = 0
2348  <... mprotect resumed>)           = 0
2345  <... mprotect resumed>)           = 0
2351  mprotect(0x7f654c134000, 4096, PROT_READ|PROT_WRITE <unfinished ...>
2346  mprotect(0x7f65640f9000, 4096, PROT_READ|PROT_WRITE <unfinished ...>
2344  <... mprotect resumed>)           = 0
2351  <... mprotect resumed>)           = 0
2350  mprotect(0x7f6558123000, 4096, PROT_READ|PROT_WRITE <unfinished ...>
2349  mprotect(0x7f655411d000, 4096, PROT_READ|PROT_WRITE <unfinished ...>
2348  mprotect(0x7f6560110000, 4096, PROT_READ|PROT_WRITE <unfinished ...>
2347  mprotect(0x7f655c103000, 4096, PROT_READ|PROT_WRITE <unfinished ...>
2345  mprotect(0x7f65680f6000, 4096, PROT_READ|PROT_WRITE <unfinished ...>
2351  mprotect(0x7f654c135000, 4096, PROT_READ|PROT_WRITE <unfinished ...>
2350  <... mprotect resumed>)           = 0
2348  <... mprotect resumed>)           = 0
2346  <... mprotect resumed>)           = 0
2344  mprotect(0x7f65700f7000, 4096, PROT_READ|PROT_WRITE <unfinished ...>
2351  <... mprotect resumed>)           = 0
2350  mprotect(0x7f6558124000, 4096, PROT_READ|PROT_WRITE <unfinished ...>
2349  <... mprotect resumed>)           = 0
2348  mprotect(0x7f6560111000, 4096, PROT_READ|PROT_WRITE <unfinished ...>
2347  <... mprotect resumed>)           = 0
2345  <... mprotect resumed>)           = 0
2346  mprotect(0x7f65640fa000, 4096, PROT_READ|PROT_WRITE <unfinished ...>
2351  mprotect(0x7f654c136000, 4096, PROT_READ|PROT_WRITE <unfinished ...>
2344  <... mprotect resumed>)           = 0
2349  mprotect(0x7f655411e000, 4096, PROT_READ|PROT_WRITE <unfinished ...>
2346  <... mprotect resumed>)           = 0
2350  <... mprotect resumed>)           = 0
2351  <... mprotect resumed>)           = 0
2349  <... mprotect resumed>)           = 0
2348  <... mprotect resumed>)           = 0
2347  mprotect(0x7f655c104000, 4096, PROT_READ|PROT_WRITE <unfinished ...>
2344  mprotect(0x7f65700f8000, 4096, PROT_READ|PROT_WRITE <unfinished ...>
2351  mprotect(0x7f654c137000, 4096, PROT_READ|PROT_WRITE <unfinished ...>
2350  mprotect(0x7f6558125000, 4096, PROT_READ|PROT_WRITE <unfinished ...>
2346  mprotect(0x7f65640fb000, 4096, PROT_READ|PROT_WRITE <unfinished ...>
2345  mprotect(0x7f65680f7000, 4096, PROT_READ|PROT_WRITE <unfinished ...>
2351  <... mprotect resumed>)           = 0
2347  <... mprotect resumed>)           = 0
2344  <... mprotect resumed>)           = 0
2346  <... mprotect resumed>)           = 0
2350  <... mprotect resumed>)           = 0
2347  mprotect(0x7f655c105000, 4096, PROT_READ|PROT_WRITE <unfinished ...>
2351  mprotect(0x7f654c138000, 4096, PROT_READ|PROT_WRITE <unfinished ...>
2350  mprotect(0x7f6558126000, 4096, PROT_READ|PROT_WRITE <unfinished ...>
2348  mprotect(0x7f6560112000, 4096, PROT_READ|PROT_WRITE <unfinished ...>
2347  <... mprotect resumed>)           = 0
2346  mprotect(0x7f65640fc000, 4096, PROT_READ|PROT_WRITE <unfinished ...>
2344  mprotect(0x7f65700f9000, 4096, PROT_READ|PROT_WRITE <unfinished ...>
2351  <... mprotect resumed>)           = 0
2350  <... mprotect resumed>)           = 0
2349  mprotect(0x7f655411f000, 4096, PROT_READ|PROT_WRITE <unfinished ...>
2345  <... mprotect resumed>)           = 0
2351  mprotect(0x7f654c139000, 4096, PROT_READ|PROT_WRITE <unfinished ...>
2346  <... mprotect resumed>)           = 0
2350  mprotect(0x7f6558127000, 4096, PROT_READ|PROT_WRITE <unfinished ...>
2344  <... mprotect resumed>)           = 0
2351  <... mprotect resumed>)           = 0
2350  <... mprotect resumed>)           = 0
2349  <... mprotect resumed>)           = 0
2348  <... mprotect resumed>)           = 0
2347  mprotect(0x7f655c106000, 4096, PROT_READ|PROT_WRITE <unfinished ...>
2345  mprotect(0x7f65680f8000, 4096, PROT_READ|PROT_WRITE <unfinished ...>
2344  mprotect(0x7f65700fa000, 4096, PROT_READ|PROT_WRITE <unfinished ...>
2351  mprotect(0x7f654c13a000, 4096, PROT_READ|PROT_WRITE <unfinished ...>
2350  mprotect(0x7f6558128000, 4096, PROT_READ|PROT_WRITE <unfinished ...>
2346  mprotect(0x7f65640fd000, 4096, PROT_READ|PROT_WRITE <unfinished ...>
2349  mprotect(0x7f6554120000, 4096, PROT_READ|PROT_WRITE <unfinished ...>
2348  mprotect(0x7f6560113000, 4096, PROT_READ|PROT_WRITE <unfinished ...>
2347  <... mprotect resumed>)           = 0
2345  <... mprotect resumed>)           = 0
2344  <... mprotect resumed>)           = 0
2351  <... mprotect resumed>)           = 0
2350  <... mprotect resumed>)           = 0
2349  <... mprotect resumed>)           = 0
2348  <... mprotect resumed>)           = 0
2351  mprotect(0x7f654c13b000, 4096, PROT_READ|PROT_WRITE <unfinished ...>
2350  mprotect(0x7f6558129000, 4096, PROT_READ|PROT_WRITE <unfinished ...>
2347  mprotect(0x7f655c107000, 4096, PROT_READ|PROT_WRITE <unfinished ...>
2346  <... mprotect resumed>)           = 0
2345  mprotect(0x7f65680f9000, 4096, PROT_READ|PROT_WRITE <unfinished ...>
2344  mprotect(0x7f65700fb000, 4096, PROT_READ|PROT_WRITE <unfinished ...>
2351  <... mprotect resumed>)           = 0
2350  <... mprotect resumed>)           = 0
2348  mprotect(0x7f6560114000, 4096, PROT_READ|PROT_WRITE <unfinished ...>
2347  <... mprotect resumed>)           = 0
2345  <... mprotect resumed>)           = 0
2351  mprotect(0x7f654c13c000, 4096, PROT_READ|PROT_WRITE <unfinished ...>
2350  mprotect(0x7f655812a000, 4096, PROT_READ|PROT_WRITE <unfinished ...>
2349  mprotect(0x7f6554121000, 4096, PROT_READ|PROT_WRITE <unfinished ...>
2346  mprotect(0x7f65640fe000, 4096, PROT_READ|PROT_WRITE <unfinished ...>
2344  <... mprotect resumed>)           = 0
2351  <... mprotect resumed>)           = 0
2350  <... mprotect resumed>)           = 0
2348  <... mprotect resumed>)           = 0
2347  mprotect(0x7f655c108000, 4096, PROT_READ|PROT_WRITE <unfinished ...>
2349  <... mprotect resumed>)           = 0
2346  <... mprotect resumed>)           = 0
2345  mprotect(0x7f65680fa000, 4096, PROT_READ|PROT_WRITE <unfinished ...>
2344  mprotect(0x7f65700fc000, 4096, PROT_READ|PROT_WRITE <unfinished ...>
2350  mprotect(0x7f655812b000, 4096, PROT_READ|PROT_WRITE <unfinished ...>
2347  <... mprotect resumed>)           = 0
2345  <... mprotect resumed>)           = 0
2351  mprotect(0x7f654c13d000, 4096, PROT_READ|PROT_WRITE <unfinished ...>
2350  <... mprotect resumed>)           = 0
2349  mprotect(0x7f6554122000, 4096, PROT_READ|PROT_WRITE <unfinished ...>
2348  mprotect(0x7f6560115000, 4096, PROT_READ|PROT_WRITE <unfinished ...>
2351  <... mprotect resumed>)           = 0
2350  mprotect(0x7f655812c000, 4096, PROT_READ|PROT_WRITE <unfinished ...>
2347  mprotect(0x7f655c109000, 4096, PROT_READ|PROT_WRITE <unfinished ...>
2346  mprotect(0x7f65640ff000, 4096, PROT_READ|PROT_WRITE <unfinished ...>
2345  mprotect(0x7f65680fb000, 4096, PROT_READ|PROT_WRITE <unfinished ...>
2344  <... mprotect resumed>)           = 0
2349  <... mprotect resumed>)           = 0
2348  <... mprotect resumed>)           = 0
2351  mprotect(0x7f654c13e000, 4096, PROT_READ|PROT_WRITE <unfinished ...>
2350  <... mprotect resumed>)           = 0
2349  mprotect(0x7f6554123000, 4096, PROT_READ|PROT_WRITE <unfinished ...>
2348  mprotect(0x7f6560116000, 4096, PROT_READ|PROT_WRITE <unfinished ...>
2347  <... mprotect resumed>)           = 0
2346  <... mprotect resumed>)           = 0
2345  <... mprotect resumed>)           = 0
2344  mprotect(0x7f65700fd000, 4096, PROT_READ|PROT_WRITE <unfinished ...>
2351  <... mprotect resumed>)           = 0
2350  mprotect(0x7f655812d000, 4096, PROT_READ|PROT_WRITE <unfinished ...>
2349  <... mprotect resumed>)           = 0
2348  <... mprotect resumed>)           = 0
2347  mprotect(0x7f655c10a000, 4096, PROT_READ|PROT_WRITE <unfinished ...>
2346  mprotect(0x7f6564100000, 4096, PROT_READ|PROT_WRITE <unfinished ...>
2345  mprotect(0x7f65680fc000, 4096, PROT_READ|PROT_WRITE <unfinished ...>
2344  <... mprotect resumed>)           = 0
2351  mprotect(0x7f654c13f000, 4096, PROT_READ|PROT_WRITE <unfinished ...>
2350  <... mprotect resumed>)           = 0
2349  mprotect(0x7f6554124000, 4096, PROT_READ|PROT_WRITE <unfinished ...>
2348  mprotect(0x7f6560117000, 4096, PROT_READ|PROT_WRITE <unfinished ...>
2347  <... mprotect resumed>)           = 0
2346  <... mprotect resumed>)           = 0
2351  <... mprotect resumed>)           = 0
2349  <... mprotect resumed>)           = 0
2344  mprotect(0x7f65700fe000, 4096, PROT_READ|PROT_WRITE <unfinished ...>
2351  mprotect(0x7f654c140000, 4096, PROT_READ|PROT_WRITE <unfinished ...>
2350  mprotect(0x7f655812e000, 4096, PROT_READ|PROT_WRITE <unfinished ...>
2349  mprotect(0x7f6554125000, 4096, PROT_READ|PROT_WRITE <unfinished ...>
2348  <... mprotect resumed>)           = 0
2347  mprotect(0x7f655c10b000, 4096, PROT_READ|PROT_WRITE <unfinished ...>
2346  mprotect(0x7f6564101000, 4096, PROT_READ|PROT_WRITE <unfinished ...>
2345  <... mprotect resumed>)           = 0
2344  <... mprotect resumed>)           = 0
2351  <... mprotect resumed>)           = 0
2350  <... mprotect resumed>)           = 0
2347  <... mprotect resumed>)           = 0
2349  <... mprotect resumed>)           = 0
2348  mprotect(0x7f6560118000, 4096, PROT_READ|PROT_WRITE <unfinished ...>
2350  mprotect(0x7f655812f000, 4096, PROT_READ|PROT_WRITE <unfinished ...>
2347  mprotect(0x7f655c10c000, 4096, PROT_READ|PROT_WRITE <unfinished ...>
2346  <... mprotect resumed>)           = 0
2350  <... mprotect resumed>)           = 0
2348  <... mprotect resumed>)           = 0
2345  mprotect(0x7f65680fd000, 4096, PROT_READ|PROT_WRITE <unfinished ...>
2344  mprotect(0x7f65700ff000, 4096, PROT_READ|PROT_WRITE <unfinished ...>
2351  mprotect(0x7f654c141000, 4096, PROT_READ|PROT_WRITE <unfinished ...>
2349  mprotect(0x7f6554126000, 4096, PROT_READ|PROT_WRITE) = 0
2348  mprotect(0x7f6560119000, 4096, PROT_READ|PROT_WRITE <unfinished ...>
2347  <... mprotect resumed>)           = 0
2346  mprotect(0x7f6564102000, 4096, PROT_READ|PROT_WRITE <unfinished ...>
2345  <... mprotect resumed>)           = 0
2351  <... mprotect resumed>)           = 0
2344  <... mprotect resumed>)           = 0
2350  mprotect(0x7f6558130000, 4096, PROT_READ|PROT_WRITE <unfinished ...>
2344  mprotect(0x7f6570100000, 4096, PROT_READ|PROT_WRITE <unfinished ...>
2349  mprotect(0x7f6554127000, 4096, PROT_READ|PROT_WRITE <unfinished ...>
2346  <... mprotect resumed>)           = 0
2348  <... mprotect resumed>)           = 0
2351  mprotect(0x7f654c142000, 4096, PROT_READ|PROT_WRITE <unfinished ...>
2350  <... mprotect resumed>)           = 0
2347  mprotect(0x7f655c10d000, 4096, PROT_READ|PROT_WRITE <unfinished ...>
2345  mprotect(0x7f65680fe000, 4096, PROT_READ|PROT_WRITE <unfinished ...>
2351  <... mprotect resumed>)           = 0
2349  <... mprotect resumed>)           = 0
2348  mprotect(0x7f656011a000, 4096, PROT_READ|PROT_WRITE <unfinished ...>
2344  <... mprotect resumed>)           = 0
2350  mprotect(0x7f6558131000, 4096, PROT_READ|PROT_WRITE <unfinished ...>
2346  mprotect(0x7f6564103000, 4096, PROT_READ|PROT_WRITE <unfinished ...>
2347  <... mprotect resumed>)           = 0
2351  mprotect(0x7f654c143000, 4096, PROT_READ|PROT_WRITE <unfinished ...>
2350  <... mprotect resumed>)           = 0
2349  mprotect(0x7f6554128000, 4096, PROT_READ|PROT_WRITE <unfinished ...>
2348  <... mprotect resumed>)           = 0
2347  mprotect(0x7f655c10e000, 4096, PROT_READ|PROT_WRITE <unfinished ...>
2346  <... mprotect resumed>)           = 0
2345  <... mprotect resumed>)           = 0
2344  mprotect(0x7f6570101000, 4096, PROT_READ|PROT_WRITE <unfinished ...>
2351  <... mprotect resumed>)           = 0
2350  mprotect(0x7f6558132000, 4096, PROT_READ|PROT_WRITE <unfinished ...>
2349  <... mprotect resumed>)           = 0
2348  mprotect(0x7f656011b000, 4096, PROT_READ|PROT_WRITE <unfinished ...>
2351  mprotect(0x7f654c144000, 4096, PROT_READ|PROT_WRITE <unfinished ...>
2350  <... mprotect resumed>)           = 0
2347  <... mprotect resumed>)           = 0
2346  mprotect(0x7f6564104000, 4096, PROT_READ|PROT_WRITE <unfinished ...>
2345  mprotect(0x7f65680ff000, 4096, PROT_READ|PROT_WRITE <unfinished ...>
2344  <... mprotect resumed>)           = 0
2351  <... mprotect resumed>)           = 0
2350  mprotect(0x7f6558133000, 4096, PROT_READ|PROT_WRITE <unfinished ...>
2349  mprotect(0x7f6554129000, 4096, PROT_READ|PROT_WRITE <unfinished ...>
2348  <... mprotect resumed>)           = 0
2347  mprotect(0x7f655c10f000, 4096, PROT_READ|PROT_WRITE <unfinished ...>
2346  <... mprotect resumed>)           = 0
2345  <... mprotect resumed>)           = 0
2351  mprotect(0x7f654c145000, 4096, PROT_READ|PROT_WRITE <unfinished ...>
2350  <... mprotect resumed>)           = 0
2349  <... mprotect resumed>)           = 0
2348  mprotect(0x7f656011c000, 4096, PROT_READ|PROT_WRITE <unfinished ...>
2347  <... mprotect resumed>)           = 0
2346  mprotect(0x7f6564105000, 4096, PROT_READ|PROT_WRITE <unfinished ...>
2344  mprotect(0x7f6570102000, 4096, PROT_READ|PROT_WRITE <unfinished ...>
2351  <... mprotect resumed>)           = 0
2348  <... mprotect resumed>)           = 0
2345  mprotect(0x7f6568100000, 4096, PROT_READ|PROT_WRITE <unfinished ...>
2350  mprotect(0x7f6558134000, 4096, PROT_READ|PROT_WRITE <unfinished ...>
2344  <... mprotect resumed>)           = 0
2351  mprotect(0x7f654c146000, 4096, PROT_READ|PROT_WRITE <unfinished ...>
2350  <... mprotect resumed>)           = 0
2349  mprotect(0x7f655412a000, 4096, PROT_READ|PROT_WRITE <unfinished ...>
2348  mprotect(0x7f656011d000, 4096, PROT_READ|PROT_WRITE <unfinished ...>
2351  <... mprotect resumed>)           = 0
2350  mprotect(0x7f6558135000, 4096, PROT_READ|PROT_WRITE <unfinished ...>
2349  <... mprotect resumed>)           = 0
2347  mprotect(0x7f655c110000, 4096, PROT_READ|PROT_WRITE <unfinished ...>
2346  <... mprotect resumed>)           = 0
2345  <... mprotect resumed>)           = 0
2344  mprotect(0x7f6570103000, 4096, PROT_READ|PROT_WRITE <unfinished ...>
2351  mprotect(0x7f654c147000, 4096, PROT_READ|PROT_WRITE <unfinished ...>
2350  <... mprotect resumed>)           = 0
2349  mprotect(0x7f655412b000, 4096, PROT_READ|PROT_WRITE <unfinished ...>
2348  <... mprotect resumed>)           = 0
2347  <... mprotect resumed>)           = 0
2346  mprotect(0x7f6564106000, 4096, PROT_READ|PROT_WRITE <unfinished ...>
2351  <... mprotect resumed>)           = 0
2350  mprotect(0x7f6558136000, 4096, PROT_READ|PROT_WRITE <unfinished ...>
2349  <... mprotect resumed>)           = 0
2348  mprotect(0x7f656011e000, 4096, PROT_READ|PROT_WRITE <unfinished ...>
2345  mprotect(0x7f6568101000, 4096, PROT_READ|PROT_WRITE <unfinished ...>
2344  <... mprotect resumed>)           = 0
2351  mprotect(0x7f654c148000, 4096, PROT_READ|PROT_WRITE <unfinished ...>
2350  <... mprotect resumed>)           = 0
2348  <... mprotect resumed>)           = 0
2347  mprotect(0x7f655c111000, 4096, PROT_READ|PROT_WRITE <unfinished ...>
2346  <... mprotect resumed>)           = 0
2345  <... mprotect resumed>)           = 0
2351  <... mprotect resumed>)           = 0
2349  mprotect(0x7f655412c000, 4096, PROT_READ|PROT_WRITE <unfinished ...>
2348  mprotect(0x7f656011f000, 4096, PROT_READ|PROT_WRITE <unfinished ...>
2350  mprotect(0x7f6558137000, 4096, PROT_READ|PROT_WRITE <unfinished ...>
2347  <... mprotect resumed>)           = 0
2346  mprotect(0x7f6564107000, 4096, PROT_READ|PROT_WRITE <unfinished ...>
2344  mprotect(0x7f6570104000, 4096, PROT_READ|PROT_WRITE <unfinished ...>
2351  mprotect(0x7f654c149000, 4096, PROT_READ|PROT_WRITE <unfinished ...>
2350  <... mprotect resumed>)           = 0
2349  <... mprotect resumed>)           = 0
2348  <... mprotect resumed>)           = 0
2347  mprotect(0x7f655c112000, 4096, PROT_READ|PROT_WRITE <unfinished ...>
2346  <... mprotect resumed>)           = 0
2345  mprotect(0x7f6568102000, 4096, PROT_READ|PROT_WRITE <unfinished ...>
2344  <... mprotect resumed>)           = 0
2351  <... mprotect resumed>)           = 0
2350  mprotect(0x7f6558138000, 4096, PROT_READ|PROT_WRITE <unfinished ...>
2349  mprotect(0x7f655412d000, 4096, PROT_READ|PROT_WRITE <unfinished ...>
2350  <... mprotect resumed>)           = 0
2348  mprotect(0x7f6560120000, 4096, PROT_READ|PROT_WRITE <unfinished ...>
2347  <... mprotect resumed>)           = 0
2346  mprotect(0x7f6564108000, 4096, PROT_READ|PROT_WRITE <unfinished ...>
2345  <... mprotect resumed>)           = 0
2351  mprotect(0x7f654c14a000, 4096, PROT_READ|PROT_WRITE <unfinished ...>
2350  mprotect(0x7f6558139000, 4096, PROT_READ|PROT_WRITE <unfinished ...>
2348  <... mprotect resumed>)           = 0
2347  mprotect(0x7f655c113000, 4096, PROT_READ|PROT_WRITE <unfinished ...>
2344  mprotect(0x7f6570105000, 4096, PROT_READ|PROT_WRITE <unfinished ...>
2351  <... mprotect resumed>)           = 0
2350  <... mprotect resumed>)           = 0
2349  <... mprotect resumed>)           = 0
2348  mprotect(0x7f6560121000, 4096, PROT_READ|PROT_WRITE <unfinished ...>
2346  <... mprotect resumed>)           = 0
2345  mprotect(0x7f6568103000, 4096, PROT_READ|PROT_WRITE <unfinished ...>
2351  mprotect(0x7f654c14b000, 4096, PROT_READ|PROT_WRITE <unfinished ...>
2350  mprotect(0x7f655813a000, 4096, PROT_READ|PROT_WRITE <unfinished ...>
2348  <... mprotect resumed>)           = 0
2347  <... mprotect resumed>)           = 0
2344  <... mprotect resumed>)           = 0
2351  <... mprotect resumed>)           = 0
2350  <... mprotect resumed>)           = 0
2349  mprotect(0x7f655412e000, 4096, PROT_READ|PROT_WRITE <unfinished ...>
2346  mprotect(0x7f6564109000, 4096, PROT_READ|PROT_WRITE <unfinished ...>
2345  <... mprotect resumed>)           = 0
2350  mprotect(0x7f655813b000, 4096, PROT_READ|PROT_WRITE <unfinished ...>
2349  <... mprotect resumed>)           = 0
2348  mprotect(0x7f6560122000, 4096, PROT_READ|PROT_WRITE <unfinished ...>
2347  mprotect(0x7f655c114000, 4096, PROT_READ|PROT_WRITE <unfinished ...>
2344  mprotect(0x7f6570106000, 4096, PROT_READ|PROT_WRITE <unfinished ...>
2351  mprotect(0x7f654c14c000, 4096, PROT_READ|PROT_WRITE <unfinished ...>
2346  <... mprotect resumed>)           = 0
2345  mprotect(0x7f6568104000, 4096, PROT_READ|PROT_WRITE <unfinished ...>
2351  <... mprotect resumed>)           = 0
2350  <... mprotect resumed>)           = 0
2349  mprotect(0x7f655412f000, 4096, PROT_READ|PROT_WRITE <unfinished ...>
2348  <... mprotect resumed>)           = 0
2347  <... mprotect resumed>)           = 0
2344  <... mprotect resumed>)           = 0
2351  mprotect(0x7f654c14d000, 4096, PROT_READ|PROT_WRITE <unfinished ...>
2350  mprotect(0x7f655813c000, 4096, PROT_READ|PROT_WRITE <unfinished ...>
2349  <... mprotect resumed>)           = 0
2346  mprotect(0x7f656410a000, 4096, PROT_READ|PROT_WRITE <unfinished ...>
2345  <... mprotect resumed>)           = 0
2348  mprotect(0x7f6560123000, 4096, PROT_READ|PROT_WRITE <unfinished ...>
2347  mprotect(0x7f655c115000, 4096, PROT_READ|PROT_WRITE <unfinished ...>
2344  mprotect(0x7f6570107000, 4096, PROT_READ|PROT_WRITE <unfinished ...>
2350  <... mprotect resumed>)           = 0
2349  mprotect(0x7f6554130000, 4096, PROT_READ|PROT_WRITE <unfinished ...>
2347  <... mprotect resumed>)           = 0
2346  <... mprotect resumed>)           = 0
2348  <... mprotect resumed>)           = 0
2344  <... mprotect resumed>)           = 0
2351  <... mprotect resumed>)           = 0
2350  mprotect(0x7f655813d000, 4096, PROT_READ|PROT_WRITE <unfinished ...>
2349  <... mprotect resumed>)           = 0
2348  mprotect(0x7f6560124000, 4096, PROT_READ|PROT_WRITE <unfinished ...>
2347  mprotect(0x7f655c116000, 4096, PROT_READ|PROT_WRITE <unfinished ...>
2346  mprotect(0x7f656410b000, 4096, PROT_READ|PROT_WRITE <unfinished ...>
2345  mprotect(0x7f6568105000, 4096, PROT_READ|PROT_WRITE <unfinished ...>
2344  mprotect(0x7f6570108000, 4096, PROT_READ|PROT_WRITE <unfinished ...>
2350  <... mprotect resumed>)           = 0
2351  mprotect(0x7f654c14e000, 4096, PROT_READ|PROT_WRITE <unfinished ...>
2349  mprotect(0x7f6554131000, 4096, PROT_READ|PROT_WRITE <unfinished ...>
2348  <... mprotect resumed>)           = 0
2349  <... mprotect resumed>)           = 0
2347  <... mprotect resumed>)           = 0
2346  <... mprotect resumed>)           = 0
2345  <... mprotect resumed>)           = 0
2350  mprotect(0x7f655813e000, 4096, PROT_READ|PROT_WRITE <unfinished ...>
2348  mprotect(0x7f6560125000, 4096, PROT_READ|PROT_WRITE <unfinished ...>
2344  <... mprotect resumed>)           = 0
2351  <... mprotect resumed>)           = 0
2350  <... mprotect resumed>)           = 0
2349  mprotect(0x7f6554132000, 4096, PROT_READ|PROT_WRITE <unfinished ...>
2348  <... mprotect resumed>)           = 0
2347  mprotect(0x7f655c117000, 4096, PROT_READ|PROT_WRITE <unfinished ...>
2346  mprotect(0x7f656410c000, 4096, PROT_READ|PROT_WRITE <unfinished ...>
2345  mprotect(0x7f6568106000, 4096, PROT_READ|PROT_WRITE <unfinished ...>
2344  mprotect(0x7f6570109000, 4096, PROT_READ|PROT_WRITE <unfinished ...>
2351  mprotect(0x7f654c14f000, 4096, PROT_READ|PROT_WRITE <unfinished ...>
2350  mprotect(0x7f655813f000, 4096, PROT_READ|PROT_WRITE <unfinished ...>
2349  <... mprotect resumed>)           = 0
2347  <... mprotect resumed>)           = 0
2346  <... mprotect resumed>)           = 0
2344  <... mprotect resumed>)           = 0
2349  mprotect(0x7f6554133000, 4096, PROT_READ|PROT_WRITE <unfinished ...>
2348  mprotect(0x7f6560126000, 4096, PROT_READ|PROT_WRITE <unfinished ...>
2345  <... mprotect resumed>)           = 0
2351  <... mprotect resumed>)           = 0
2350  <... mprotect resumed>)           = 0
2349  <... mprotect resumed>)           = 0
2347  mprotect(0x7f655c118000, 4096, PROT_READ|PROT_WRITE <unfinished ...>
2345  mprotect(0x7f6568107000, 4096, PROT_READ|PROT_WRITE <unfinished ...>
2344  mprotect(0x7f657010a000, 4096, PROT_READ|PROT_WRITE <unfinished ...>
2346  mprotect(0x7f656410d000, 4096, PROT_READ|PROT_WRITE <unfinished ...>
2350  mprotect(0x7f6558140000, 4096, PROT_READ|PROT_WRITE <unfinished ...>
2349  mprotect(0x7f6554134000, 4096, PROT_READ|PROT_WRITE <unfinished ...>
2348  <... mprotect resumed>)           = 0
2347  <... mprotect resumed>)           = 0
2346  <... mprotect resumed>)           = 0
2345  <... mprotect resumed>)           = 0
2344  <... mprotect resumed>)           = 0
2351  mprotect(0x7f654c150000, 4096, PROT_READ|PROT_WRITE <unfinished ...>
2350  <... mprotect resumed>)           = 0
2351  <... mprotect resumed>)           = 0
2349  <... mprotect resumed>)           = 0
2348  mprotect(0x7f6560127000, 4096, PROT_READ|PROT_WRITE <unfinished ...>
2347  mprotect(0x7f655c119000, 4096, PROT_READ|PROT_WRITE <unfinished ...>
2346  mprotect(0x7f656410e000, 4096, PROT_READ|PROT_WRITE <unfinished ...>
2345  mprotect(0x7f6568108000, 4096, PROT_READ|PROT_WRITE <unfinished ...>
2350  mprotect(0x7f6558141000, 4096, PROT_READ|PROT_WRITE <unfinished ...>
2348  <... mprotect resumed>)           = 0
2344  mprotect(0x7f657010b000, 4096, PROT_READ|PROT_WRITE <unfinished ...>
2347  <... mprotect resumed>)           = 0
2350  <... mprotect resumed>)           = 0
2349  mprotect(0x7f6554135000, 4096, PROT_READ|PROT_WRITE <unfinished ...>
2346  <... mprotect resumed>)           = 0
2345  <... mprotect resumed>)           = 0
2344  <... mprotect resumed>)           = 0
2349  <... mprotect resumed>)           = 0
2348  mprotect(0x7f6560128000, 4096, PROT_READ|PROT_WRITE <unfinished ...>
2347  mprotect(0x7f655c11a000, 4096, PROT_READ|PROT_WRITE <unfinished ...>
2350  mprotect(0x7f6558142000, 4096, PROT_READ|PROT_WRITE <unfinished ...>
2345  mprotect(0x7f6568109000, 4096, PROT_READ|PROT_WRITE <unfinished ...>
2351  mprotect(0x7f654c151000, 4096, PROT_READ|PROT_WRITE <unfinished ...>
2348  <... mprotect resumed>)           = 0
2346  mprotect(0x7f656410f000, 4096, PROT_READ|PROT_WRITE <unfinished ...>
2349  mprotect(0x7f6554136000, 4096, PROT_READ|PROT_WRITE <unfinished ...>
2347  <... mprotect resumed>)           = 0
2345  <... mprotect resumed>)           = 0
2351  <... mprotect resumed>)           = 0
2350  <... mprotect resumed>)           = 0
2346  <... mprotect resumed>)           = 0
2344  mprotect(0x7f657010c000, 4096, PROT_READ|PROT_WRITE <unfinished ...>
2348  mprotect(0x7f6560129000, 4096, PROT_READ|PROT_WRITE <unfinished ...>
2350  mprotect(0x7f6558143000, 4096, PROT_READ|PROT_WRITE <unfinished ...>
2349  <... mprotect resumed>)           = 0
2348  <... mprotect resumed>)           = 0
2347  mprotect(0x7f655c11b000, 4096, PROT_READ|PROT_WRITE <unfinished ...>
2346  mprotect(0x7f6564110000, 4096, PROT_READ|PROT_WRITE <unfinished ...>
2345  mprotect(0x7f656810a000, 4096, PROT_READ|PROT_WRITE <unfinished ...>
2344  <... mprotect resumed>)           = 0
2351  mprotect(0x7f654c152000, 4096, PROT_READ|PROT_WRITE <unfinished ...>
2350  <... mprotect resumed>)           = 0
2349  mprotect(0x7f6554137000, 4096, PROT_READ|PROT_WRITE <unfinished ...>
2348  mprotect(0x7f656012a000, 4096, PROT_READ|PROT_WRITE <unfinished ...>
2347  <... mprotect resumed>)           = 0
2346  <... mprotect resumed>)           = 0
2351  <... mprotect resumed>)           = 0
2350  mprotect(0x7f6558144000, 4096, PROT_READ|PROT_WRITE <unfinished ...>
2349  <... mprotect resumed>)           = 0
2348  <... mprotect resumed>)           = 0
2345  <... mprotect resumed>)           = 0
2344  mprotect(0x7f657010d000, 4096, PROT_READ|PROT_WRITE <unfinished ...>
2351  mprotect(0x7f654c153000, 4096, PROT_READ|PROT_WRITE <unfinished ...>
2350  <... mprotect resumed>)           = 0
2349  mprotect(0x7f6554138000, 4096, PROT_READ|PROT_WRITE <unfinished ...>
2347  mprotect(0x7f655c11c000, 4096, PROT_READ|PROT_WRITE <unfinished ...>
2346  mprotect(0x7f6564111000, 4096, PROT_READ|PROT_WRITE <unfinished ...>
2344  <... mprotect resumed>)           = 0
2351  <... mprotect resumed>)           = 0
2350  mprotect(0x7f6558145000, 4096, PROT_READ|PROT_WRITE <unfinished ...>
2348  mprotect(0x7f656012b000, 4096, PROT_READ|PROT_WRITE <unfinished ...>
2345  mprotect(0x7f656810b000, 4096, PROT_READ|PROT_WRITE <unfinished ...>
2349  <... mprotect resumed>)           = 0
2346  <... mprotect resumed>)           = 0
2351  mprotect(0x7f654c154000, 4096, PROT_READ|PROT_WRITE <unfinished ...>
2350  <... mprotect resumed>)           = 0
2348  <... mprotect resumed>)           = 0
2347  <... mprotect resumed>)           = 0
2345  <... mprotect resumed>)           = 0
2344  mprotect(0x7f657010e000, 4096, PROT_READ|PROT_WRITE <unfinished ...>
2351  <... mprotect resumed>)           = 0
2349  mprotect(0x7f6554139000, 4096, PROT_READ|PROT_WRITE <unfinished ...>
2348  mprotect(0x7f656012c000, 4096, PROT_READ|PROT_WRITE <unfinished ...>
2346  mprotect(0x7f6564112000, 4096, PROT_READ|PROT_WRITE <unfinished ...>
2350  mprotect(0x7f6558146000, 4096, PROT_READ|PROT_WRITE <unfinished ...>
2349  <... mprotect resumed>)           = 0
2348  <... mprotect resumed>)           = 0
2347  mprotect(0x7f655c11d000, 4096, PROT_READ|PROT_WRITE <unfinished ...>
2346  <... mprotect resumed>)           = 0
2345  mprotect(0x7f656810c000, 4096, PROT_READ|PROT_WRITE <unfinished ...>
2344  <... mprotect resumed>)           = 0
2351  mprotect(0x7f654c155000, 4096, PROT_READ|PROT_WRITE <unfinished ...>
2350  <... mprotect resumed>)           = 0
2349  mprotect(0x7f655413a000, 4096, PROT_READ|PROT_WRITE <unfinished ...>
2347  <... mprotect resumed>)           = 0
2345  <... mprotect resumed>)           = 0
2349  <... mprotect resumed>)           = 0
2348  mprotect(0x7f656012d000, 4096, PROT_READ|PROT_WRITE <unfinished ...>
2346  mprotect(0x7f6564113000, 4096, PROT_READ|PROT_WRITE <unfinished ...>
2350  mprotect(0x7f6558147000, 4096, PROT_READ|PROT_WRITE <unfinished ...>
2347  mprotect(0x7f655c11e000, 4096, PROT_READ|PROT_WRITE <unfinished ...>
2345  mprotect(0x7f656810d000, 4096, PROT_READ|PROT_WRITE <unfinished ...>
2344  mprotect(0x7f657010f000, 4096, PROT_READ|PROT_WRITE <unfinished ...>
2351  <... mprotect resumed>)           = 0
2350  <... mprotect resumed>)           = 0
2349  mprotect(0x7f655413b000, 4096, PROT_READ|PROT_WRITE <unfinished ...>
2348  <... mprotect resumed>)           = 0
2347  <... mprotect resumed>)           = 0
2351  mprotect(0x7f654c156000, 4096, PROT_READ|PROT_WRITE <unfinished ...>
2350  mprotect(0x7f6558148000, 4096, PROT_READ|PROT_WRITE <unfinished ...>
2349  <... mprotect resumed>)           = 0
2346  <... mprotect resumed>)           = 0
2345  <... mprotect resumed>)           = 0
2344  <... mprotect resumed>)           = 0
2348  mprotect(0x7f656012e000, 4096, PROT_READ|PROT_WRITE <unfinished ...>
2347  mprotect(0x7f655c11f000, 4096, PROT_READ|PROT_WRITE <unfinished ...>
2350  <... mprotect resumed>)           = 0
2348  <... mprotect resumed>)           = 0
2346  mprotect(0x7f6564114000, 4096, PROT_READ|PROT_WRITE <unfinished ...>
2351  <... mprotect resumed>)           = 0
2345  mprotect(0x7f656810e000, 4096, PROT_READ|PROT_WRITE <unfinished ...>
2349  mprotect(0x7f655413c000, 4096, PROT_READ|PROT_WRITE <unfinished ...>
2348  mprotect(0x7f656012f000, 4096, PROT_READ|PROT_WRITE <unfinished ...>
2346  <... mprotect resumed>)           = 0
2345  <... mprotect resumed>)           = 0
2348  <... mprotect resumed>)           = 0
2347  <... mprotect resumed>)           = 0
2351  mprotect(0x7f654c157000, 4096, PROT_READ|PROT_WRITE <unfinished ...>
2350  mprotect(0x7f6558149000, 4096, PROT_READ|PROT_WRITE <unfinished ...>
2349  <... mprotect resumed>)           = 0
2348  mprotect(0x7f6560130000, 4096, PROT_READ|PROT_WRITE <unfinished ...>
2347  mprotect(0x7f655c120000, 4096, PROT_READ|PROT_WRITE <unfinished ...>
2346  mprotect(0x7f6564115000, 4096, PROT_READ|PROT_WRITE <unfinished ...>
2345  mprotect(0x7f656810f000, 4096, PROT_READ|PROT_WRITE <unfinished ...>
2344  mprotect(0x7f6570110000, 4096, PROT_READ|PROT_WRITE) = 0
2344  mprotect(0x7f6570111000, 4096, PROT_READ|PROT_WRITE) = 0
2349  mprotect(0x7f655413d000, 4096, PROT_READ|PROT_WRITE <unfinished ...>
2350  <... mprotect resumed>)           = 0
2349  <... mprotect resumed>)           = 0
2344  mprotect(0x7f6570112000, 4096, PROT_READ|PROT_WRITE <unfinished ...>
2351  <... mprotect resumed>)           = 0
2348  <... mprotect resumed>)           = 0
2344  <... mprotect resumed>)           = 0
2351  mprotect(0x7f654c158000, 4096, PROT_READ|PROT_WRITE <unfinished ...>
2345  <... mprotect resumed>)           = 0
2351  <... mprotect resumed>)           = 0
2350  mprotect(0x7f655814a000, 4096, PROT_READ|PROT_WRITE <unfinished ...>
2349  mprotect(0x7f655413e000, 4096, PROT_READ|PROT_WRITE <unfinished ...>
2348  mprotect(0x7f6560131000, 4096, PROT_READ|PROT_WRITE <unfinished ...>
2347  <... mprotect resumed>)           = 0
2346  <... mprotect resumed>)           = 0
2344  mprotect(0x7f6570113000, 4096, PROT_READ|PROT_WRITE <unfinished ...>
2345  mprotect(0x7f6568110000, 4096, PROT_READ|PROT_WRITE <unfinished ...>
2351  mprotect(0x7f654c159000, 4096, PROT_READ|PROT_WRITE <unfinished ...>
2350  <... mprotect resumed>)           = 0
2349  <... mprotect resumed>)           = 0
2347  mprotect(0x7f655c121000, 4096, PROT_READ|PROT_WRITE <unfinished ...>
2346  mprotect(0x7f6564116000, 4096, PROT_READ|PROT_WRITE <unfinished ...>
2345  <... mprotect resumed>)           = 0
2344  <... mprotect resumed>)           = 0
2348  <... mprotect resumed>)           = 0
2350  mprotect(0x7f655814b000, 4096, PROT_READ|PROT_WRITE) = 0
2349  mprotect(0x7f655413f000, 4096, PROT_READ|PROT_WRITE <unfinished ...>
2351  <... mprotect resumed>)           = 0
2349  <... mprotect resumed>)           = 0
2346  <... mprotect resumed>)           = 0
2345  mprotect(0x7f6568111000, 4096, PROT_READ|PROT_WRITE <unfinished ...>
2344  mprotect(0x7f6570114000, 4096, PROT_READ|PROT_WRITE <unfinished ...>
2349  mprotect(0x7f6554140000, 4096, PROT_READ|PROT_WRITE <unfinished ...>
2348  mprotect(0x7f6560132000, 4096, PROT_READ|PROT_WRITE <unfinished ...>
2347  <... mprotect resumed>)           = 0
2351  mprotect(0x7f654c15a000, 4096, PROT_READ|PROT_WRITE <unfinished ...>
2350  mprotect(0x7f655814c000, 4096, PROT_READ|PROT_WRITE <unfinished ...>
2349  <... mprotect resumed>)           = 0
2346  mprotect(0x7f6564117000, 4096, PROT_READ|PROT_WRITE <unfinished ...>
2345  <... mprotect resumed>)           = 0
2344  <... mprotect resumed>)           = 0
2351  <... mprotect resumed>)           = 0
2350  <... mprotect resumed>)           = 0
2349  mprotect(0x7f6554141000, 4096, PROT_READ|PROT_WRITE <unfinished ...>
2348  <... mprotect resumed>)           = 0
2347  mprotect(0x7f655c122000, 4096, PROT_READ|PROT_WRITE <unfinished ...>
2346  <... mprotect resumed>)           = 0
2345  mprotect(0x7f6568112000, 4096, PROT_READ|PROT_WRITE <unfinished ...>
2344  mprotect(0x7f6570115000, 4096, PROT_READ|PROT_WRITE <unfinished ...>
2350  mprotect(0x7f655814d000, 4096, PROT_READ|PROT_WRITE <unfinished ...>
2348  mprotect(0x7f6560133000, 4096, PROT_READ|PROT_WRITE <unfinished ...>
2347  <... mprotect resumed>)           = 0
2346  mprotect(0x7f6564118000, 4096, PROT_READ|PROT_WRITE <unfinished ...>
2344  <... mprotect resumed>)           = 0
2351  mprotect(0x7f654c15b000, 4096, PROT_READ|PROT_WRITE <unfinished ...>
2350  <... mprotect resumed>)           = 0
2348  <... mprotect resumed>)           = 0
2347  mprotect(0x7f655c123000, 4096, PROT_READ|PROT_WRITE <unfinished ...>
2346  <... mprotect resumed>)           = 0
2345  <... mprotect resumed>)           = 0
2350  mprotect(0x7f655814e000, 4096, PROT_READ|PROT_WRITE <unfinished ...>
2349  <... mprotect resumed>)           = 0
2344  mprotect(0x7f6570116000, 4096, PROT_READ|PROT_WRITE <unfinished ...>
2351  <... mprotect resumed>)           = 0
2350  <... mprotect resumed>)           = 0
2349  mprotect(0x7f6554142000, 4096, PROT_READ|PROT_WRITE <unfinished ...>
2348  mprotect(0x7f6560134000, 4096, PROT_READ|PROT_WRITE <unfinished ...>
2347  <... mprotect resumed>)           = 0
2346  mprotect(0x7f6564119000, 4096, PROT_READ|PROT_WRITE <unfinished ...>
2345  mprotect(0x7f6568113000, 4096, PROT_READ|PROT_WRITE <unfinished ...>
2344  <... mprotect resumed>)           = 0
2351  mprotect(0x7f654c15c000, 4096, PROT_READ|PROT_WRITE <unfinished ...>
2350  mprotect(0x7f655814f000, 4096, PROT_READ|PROT_WRITE <unfinished ...>
2349  <... mprotect resumed>)           = 0
2351  <... mprotect resumed>)           = 0
2348  <... mprotect resumed>)           = 0
2345  <... mprotect resumed>)           = 0
2347  mprotect(0x7f655c124000, 4096, PROT_READ|PROT_WRITE <unfinished ...>
2346  <... mprotect resumed>)           = 0
2344  mprotect(0x7f6570117000, 4096, PROT_READ|PROT_WRITE <unfinished ...>
2349  mprotect(0x7f6554143000, 4096, PROT_READ|PROT_WRITE <unfinished ...>
2350  <... mprotect resumed>)           = 0
2347  <... mprotect resumed>)           = 0
2349  <... mprotect resumed>)           = 0
2348  mprotect(0x7f6560135000, 4096, PROT_READ|PROT_WRITE <unfinished ...>
2346  mprotect(0x7f656411a000, 4096, PROT_READ|PROT_WRITE <unfinished ...>
2344  <... mprotect resumed>)           = 0
2348  <... mprotect resumed>)           = 0
2351  mprotect(0x7f654c15d000, 4096, PROT_READ|PROT_WRITE <unfinished ...>
2350  mprotect(0x7f6558150000, 4096, PROT_READ|PROT_WRITE <unfinished ...>
2348  mprotect(0x7f6560136000, 4096, PROT_READ|PROT_WRITE <unfinished ...>
2347  mprotect(0x7f655c125000, 4096, PROT_READ|PROT_WRITE <unfinished ...>
2346  <... mprotect resumed>)           = 0
2345  mprotect(0x7f6568114000, 4096, PROT_READ|PROT_WRITE <unfinished ...>
2344  mprotect(0x7f6570118000, 4096, PROT_READ|PROT_WRITE <unfinished ...>
2349  mprotect(0x7f6554144000, 4096, PROT_READ|PROT_WRITE <unfinished ...>
2351  <... mprotect resumed>)           = 0
2350  <... mprotect resumed>)           = 0
2349  <... mprotect resumed>)           = 0
2348  <... mprotect resumed>)           = 0
2347  <... mprotect resumed>)           = 0
2346  mprotect(0x7f656411b000, 4096, PROT_READ|PROT_WRITE <unfinished ...>
2345  <... mprotect resumed>)           = 0
2344  <... mprotect resumed>)           = 0
2351  mprotect(0x7f654c15e000, 4096, PROT_READ|PROT_WRITE) = 0
2350  mprotect(0x7f6558151000, 4096, PROT_READ|PROT_WRITE <unfinished ...>
2349  mprotect(0x7f6554145000, 4096, PROT_READ|PROT_WRITE <unfinished ...>
2347  mprotect(0x7f655c126000, 4096, PROT_READ|PROT_WRITE <unfinished ...>
2346  <... mprotect resumed>)           = 0
2344  mprotect(0x7f6570119000, 4096, PROT_READ|PROT_WRITE <unfinished ...>
2345  mprotect(0x7f6568115000, 4096, PROT_READ|PROT_WRITE <unfinished ...>
2351  mprotect(0x7f654c15f000, 4096, PROT_READ|PROT_WRITE <unfinished ...>
2350  <... mprotect resumed>)           = 0
2349  <... mprotect resumed>)           = 0
2348  mprotect(0x7f6560137000, 4096, PROT_READ|PROT_WRITE <unfinished ...>
2347  <... mprotect resumed>)           = 0
2346  mprotect(0x7f656411c000, 4096, PROT_READ|PROT_WRITE <unfinished ...>
2345  <... mprotect resumed>)           = 0
2344  <... mprotect resumed>)           = 0
2351  <... mprotect resumed>)           = 0
2350  mprotect(0x7f6558152000, 4096, PROT_READ|PROT_WRITE <unfinished ...>
2349  mprotect(0x7f6554146000, 4096, PROT_READ|PROT_WRITE <unfinished ...>
2348  <... mprotect resumed>)           = 0
2347  mprotect(0x7f655c127000, 4096, PROT_READ|PROT_WRITE <unfinished ...>
2346  <... mprotect resumed>)           = 0
2345  mprotect(0x7f6568116000, 4096, PROT_READ|PROT_WRITE <unfinished ...>
2344  mprotect(0x7f657011a000, 4096, PROT_READ|PROT_WRITE <unfinished ...>
2351  mprotect(0x7f654c160000, 4096, PROT_READ|PROT_WRITE <unfinished ...>
2350  <... mprotect resumed>)           = 0
2349  <... mprotect resumed>)           = 0
2348  mprotect(0x7f6560138000, 4096, PROT_READ|PROT_WRITE <unfinished ...>
2347  <... mprotect resumed>)           = 0
2345  <... mprotect resumed>)           = 0
2344  <... mprotect resumed>)           = 0
2346  mprotect(0x7f656411d000, 4096, PROT_READ|PROT_WRITE <unfinished ...>
2351  <... mprotect resumed>)           = 0
2350  mprotect(0x7f6558153000, 4096, PROT_READ|PROT_WRITE <unfinished ...>
2349  mprotect(0x7f6554147000, 4096, PROT_READ|PROT_WRITE <unfinished ...>
2348  <... mprotect resumed>)           = 0
2347  mprotect(0x7f655c128000, 4096, PROT_READ|PROT_WRITE <unfinished ...>
2345  mprotect(0x7f6568117000, 4096, PROT_READ|PROT_WRITE <unfinished ...>
2344  mprotect(0x7f657011b000, 4096, PROT_READ|PROT_WRITE <unfinished ...>
2346  <... mprotect resumed>)           = 0
2344  <... mprotect resumed>)           = 0
2351  mprotect(0x7f654c161000, 4096, PROT_READ|PROT_WRITE <unfinished ...>
2350  <... mprotect resumed>)           = 0
2349  <... mprotect resumed>)           = 0
2347  <... mprotect resumed>)           = 0
2346  mprotect(0x7f656411e000, 4096, PROT_READ|PROT_WRITE <unfinished ...>
2345  <... mprotect resumed>)           = 0
2344  mprotect(0x7f657011c000, 4096, PROT_READ|PROT_WRITE <unfinished ...>
2348  mprotect(0x7f6560139000, 4096, PROT_READ|PROT_WRITE <unfinished ...>
2351  <... mprotect resumed>)           = 0
2351  mprotect(0x7f654c162000, 4096, PROT_READ|PROT_WRITE <unfinished ...>
2350  mprotect(0x7f6558154000, 4096, PROT_READ|PROT_WRITE <unfinished ...>
2349  mprotect(0x7f6554148000, 4096, PROT_READ|PROT_WRITE <unfinished ...>
2347  mprotect(0x7f655c129000, 4096, PROT_READ|PROT_WRITE <unfinished ...>
2346  <... mprotect resumed>)           = 0
2345  mprotect(0x7f6568118000, 4096, PROT_READ|PROT_WRITE <unfinished ...>
2344  <... mprotect resumed>)           = 0
2351  <... mprotect resumed>)           = 0
2347  <... mprotect resumed>)           = 0
2349  <... mprotect resumed>)           = 0
2346  mprotect(0x7f656411f000, 4096, PROT_READ|PROT_WRITE) = 0
2347  mprotect(0x7f655c12a000, 4096, PROT_READ|PROT_WRITE <unfinished ...>
2350  <... mprotect resumed>)           = 0
2347  <... mprotect resumed>)           = 0
2351  mprotect(0x7f654c163000, 4096, PROT_READ|PROT_WRITE <unfinished ...>
2350  mprotect(0x7f6558155000, 4096, PROT_READ|PROT_WRITE <unfinished ...>
2349  mprotect(0x7f6554149000, 4096, PROT_READ|PROT_WRITE <unfinished ...>
2348  <... mprotect resumed>)           = 0
2347  mprotect(0x7f655c12b000, 4096, PROT_READ|PROT_WRITE <unfinished ...>
2346  mprotect(0x7f6564120000, 4096, PROT_READ|PROT_WRITE <unfinished ...>
2345  <... mprotect resumed>)           = 0
2344  mprotect(0x7f657011d000, 4096, PROT_READ|PROT_WRITE <unfinished ...>
2351  <... mprotect resumed>)           = 0
2350  <... mprotect resumed>)           = 0
2349  <... mprotect resumed>)           = 0
2348  mprotect(0x7f656013a000, 4096, PROT_READ|PROT_WRITE <unfinished ...>
2347  <... mprotect resumed>)           = 0
2346  <... mprotect resumed>)           = 0
2350  mprotect(0x7f6558156000, 4096, PROT_READ|PROT_WRITE <unfinished ...>
2348  <... mprotect resumed>)           = 0
2345  mprotect(0x7f6568119000, 4096, PROT_READ|PROT_WRITE <unfinished ...>
2344  <... mprotect resumed>)           = 0
2350  <... mprotect resumed>)           = 0
2349  mprotect(0x7f655414a000, 4096, PROT_READ|PROT_WRITE <unfinished ...>
2350  mprotect(0x7f6558157000, 4096, PROT_READ|PROT_WRITE <unfinished ...>
2349  <... mprotect resumed>)           = 0
2345  <... mprotect resumed>)           = 0
2351  mprotect(0x7f654c164000, 4096, PROT_READ|PROT_WRITE <unfinished ...>
2350  <... mprotect resumed>)           = 0
2349  mprotect(0x7f655414b000, 4096, PROT_READ|PROT_WRITE <unfinished ...>
2348  mprotect(0x7f656013b000, 4096, PROT_READ|PROT_WRITE <unfinished ...>
2347  mprotect(0x7f655c12c000, 4096, PROT_READ|PROT_WRITE <unfinished ...>
2346  mprotect(0x7f6564121000, 4096, PROT_READ|PROT_WRITE <unfinished ...>
2344  mprotect(0x7f657011e000, 4096, PROT_READ|PROT_WRITE <unfinished ...>
2351  <... mprotect resumed>)           = 0
2350  mprotect(0x7f6558158000, 4096, PROT_READ|PROT_WRITE <unfinished ...>
2349  <... mprotect resumed>)           = 0
2348  <... mprotect resumed>)           = 0
2345  mprotect(0x7f656811a000, 4096, PROT_READ|PROT_WRITE <unfinished ...>
2351  mprotect(0x7f654c165000, 4096, PROT_READ|PROT_WRITE <unfinished ...>
2350  <... mprotect resumed>)           = 0
2347  <... mprotect resumed>)           = 0
2346  <... mprotect resumed>)           = 0
2344  <... mprotect resumed>)           = 0
2351  <... mprotect resumed>)           = 0
2350  mprotect(0x7f6558159000, 4096, PROT_READ|PROT_WRITE <unfinished ...>
2349  mprotect(0x7f655414c000, 4096, PROT_READ|PROT_WRITE <unfinished ...>
2348  mprotect(0x7f656013c000, 4096, PROT_READ|PROT_WRITE <unfinished ...>
2347  mprotect(0x7f655c12d000, 4096, PROT_READ|PROT_WRITE <unfinished ...>
2345  <... mprotect resumed>)           = 0
2344  mprotect(0x7f657011f000, 4096, PROT_READ|PROT_WRITE <unfinished ...>
2351  mprotect(0x7f654c166000, 4096, PROT_READ|PROT_WRITE <unfinished ...>
2349  <... mprotect resumed>)           = 0
2348  <... mprotect resumed>)           = 0
2347  <... mprotect resumed>)           = 0
2346  mprotect(0x7f6564122000, 4096, PROT_READ|PROT_WRITE <unfinished ...>
2345  mprotect(0x7f656811b000, 4096, PROT_READ|PROT_WRITE <unfinished ...>
2344  <... mprotect resumed>)           = 0
2351  <... mprotect resumed>)           = 0
2350  <... mprotect resumed>)           = 0
2349  mprotect(0x7f655414d000, 4096, PROT_READ|PROT_WRITE <unfinished ...>
2348  mprotect(0x7f656013d000, 4096, PROT_READ|PROT_WRITE <unfinished ...>
2347  mprotect(0x7f655c12e000, 4096, PROT_READ|PROT_WRITE <unfinished ...>
2346  <... mprotect resumed>)           = 0
2345  <... mprotect resumed>)           = 0
2344  mprotect(0x7f6570120000, 4096, PROT_READ|PROT_WRITE <unfinished ...>
2351  mprotect(0x7f654c167000, 4096, PROT_READ|PROT_WRITE <unfinished ...>
2350  mprotect(0x7f655815a000, 4096, PROT_READ|PROT_WRITE <unfinished ...>
2349  <... mprotect resumed>)           = 0
2348  <... mprotect resumed>)           = 0
2347  <... mprotect resumed>)           = 0
2345  mprotect(0x7f656811c000, 4096, PROT_READ|PROT_WRITE <unfinished ...>
2344  <... mprotect resumed>)           = 0
2346  mprotect(0x7f6564123000, 4096, PROT_READ|PROT_WRITE <unfinished ...>
2350  <... mprotect resumed>)           = 0
2351  <... mprotect resumed>)           = 0
2350  mprotect(0x7f655815b000, 4096, PROT_READ|PROT_WRITE <unfinished ...>
2349  mprotect(0x7f655414e000, 4096, PROT_READ|PROT_WRITE <unfinished ...>
2348  mprotect(0x7f656013e000, 4096, PROT_READ|PROT_WRITE <unfinished ...>
2347  mprotect(0x7f655c12f000, 4096, PROT_READ|PROT_WRITE <unfinished ...>
2346  <... mprotect resumed>)           = 0
2345  <... mprotect resumed>)           = 0
2344  mprotect(0x7f6570121000, 4096, PROT_READ|PROT_WRITE <unfinished ...>
2351  mprotect(0x7f654c168000, 4096, PROT_READ|PROT_WRITE <unfinished ...>
2350  <... mprotect resumed>)           = 0
2349  <... mprotect resumed>)           = 0
2348  <... mprotect resumed>)           = 0
2347  <... mprotect resumed>)           = 0
2346  mprotect(0x7f6564124000, 4096, PROT_READ|PROT_WRITE <unfinished ...>
2345  mprotect(0x7f656811d000, 4096, PROT_READ|PROT_WRITE <unfinished ...>
2344  <... mprotect resumed>)           = 0
2351  <... mprotect resumed>)           = 0
2346  <... mprotect resumed>)           = 0
2345  <... mprotect resumed>)           = 0
2344  mprotect(0x7f6570122000, 4096, PROT_READ|PROT_WRITE <unfinished ...>
2351  mprotect(0x7f654c169000, 4096, PROT_READ|PROT_WRITE <unfinished ...>
2350  mprotect(0x7f655815c000, 4096, PROT_READ|PROT_WRITE <unfinished ...>
2349  mprotect(0x7f655414f000, 4096, PROT_READ|PROT_WRITE <unfinished ...>
2348  mprotect(0x7f656013f000, 4096, PROT_READ|PROT_WRITE <unfinished ...>
2347  mprotect(0x7f655c130000, 4096, PROT_READ|PROT_WRITE <unfinished ...>
2345  mprotect(0x7f656811e000, 4096, PROT_READ|PROT_WRITE <unfinished ...>
2344  <... mprotect resumed>)           = 0
2346  mprotect(0x7f6564125000, 4096, PROT_READ|PROT_WRITE <unfinished ...>
2351  <... mprotect resumed>)           = 0
2350  <... mprotect resumed>)           = 0
2349  <... mprotect resumed>)           = 0
2348  <... mprotect resumed>)           = 0
2347  <... mprotect resumed>)           = 0
2346  <... mprotect resumed>)           = 0
2345  <... mprotect resumed>)           = 0
2344  mprotect(0x7f6570123000, 4096, PROT_READ|PROT_WRITE <unfinished ...>
2351  mprotect(0x7f654c16a000, 4096, PROT_READ|PROT_WRITE <unfinished ...>
2350  mprotect(0x7f655815d000, 4096, PROT_READ|PROT_WRITE <unfinished ...>
2349  mprotect(0x7f6554150000, 4096, PROT_READ|PROT_WRITE <unfinished ...>
2348  mprotect(0x7f6560140000, 4096, PROT_READ|PROT_WRITE <unfinished ...>
2347  mprotect(0x7f655c131000, 4096, PROT_READ|PROT_WRITE <unfinished ...>
2345  mprotect(0x7f656811f000, 4096, PROT_READ|PROT_WRITE <unfinished ...>
2344  <... mprotect resumed>)           = 0
2351  <... mprotect resumed>)           = 0
2346  mprotect(0x7f6564126000, 4096, PROT_READ|PROT_WRITE <unfinished ...>
2350  <... mprotect resumed>)           = 0
2349  <... mprotect resumed>)           = 0
2347  <... mprotect resumed>)           = 0
2345  <... mprotect resumed>)           = 0
2344  mprotect(0x7f6570124000, 4096, PROT_READ|PROT_WRITE <unfinished ...>
2350  mprotect(0x7f655815e000, 4096, PROT_READ|PROT_WRITE <unfinished ...>
2348  <... mprotect resumed>)           = 0
2347  mprotect(0x7f655c132000, 4096, PROT_READ|PROT_WRITE <unfinished ...>
2346  <... mprotect resumed>)           = 0
2345  mprotect(0x7f6568120000, 4096, PROT_READ|PROT_WRITE <unfinished ...>
2347  <... mprotect resumed>)           = 0
2351  mprotect(0x7f654c16b000, 4096, PROT_READ|PROT_WRITE <unfinished ...>
2350  <... mprotect resumed>)           = 0
2349  mprotect(0x7f6554151000, 4096, PROT_READ|PROT_WRITE <unfinished ...>
2348  mprotect(0x7f6560141000, 4096, PROT_READ|PROT_WRITE <unfinished ...>
2344  <... mprotect resumed>)           = 0
2347  mprotect(0x7f655c133000, 4096, PROT_READ|PROT_WRITE <unfinished ...>
2350  mprotect(0x7f655815f000, 4096, PROT_READ|PROT_WRITE) = 0
2345  <... mprotect resumed>)           = 0
2351  <... mprotect resumed>)           = 0
2350  mprotect(0x7f6558160000, 4096, PROT_READ|PROT_WRITE <unfinished ...>
2348  <... mprotect resumed>)           = 0
2349  <... mprotect resumed>)           = 0
2345  mprotect(0x7f6568121000, 4096, PROT_READ|PROT_WRITE <unfinished ...>
2344  mprotect(0x7f6570125000, 4096, PROT_READ|PROT_WRITE <unfinished ...>
2350  <... mprotect resumed>)           = 0
2347  <... mprotect resumed>)           = 0
2344  <... mprotect resumed>)           = 0
2351  mprotect(0x7f654c16c000, 4096, PROT_READ|PROT_WRITE <unfinished ...>
2350  mprotect(0x7f6558161000, 4096, PROT_READ|PROT_WRITE <unfinished ...>
2349  mprotect(0x7f6554152000, 4096, PROT_READ|PROT_WRITE <unfinished ...>
2348  mprotect(0x7f6560142000, 4096, PROT_READ|PROT_WRITE <unfinished ...>
2346  mprotect(0x7f6564127000, 4096, PROT_READ|PROT_WRITE <unfinished ...>
2345  <... mprotect resumed>)           = 0
2344  mprotect(0x7f6570126000, 4096, PROT_READ|PROT_WRITE <unfinished ...>
2347  mprotect(0x7f655c134000, 4096, PROT_READ|PROT_WRITE <unfinished ...>
2351  <... mprotect resumed>)           = 0
2351  mprotect(0x7f654c16d000, 4096, PROT_READ|PROT_WRITE <unfinished ...>
2350  <... mprotect resumed>)           = 0
2349  <... mprotect resumed>)           = 0
2348  <... mprotect resumed>)           = 0
2347  <... mprotect resumed>)           = 0
2345  mprotect(0x7f6568122000, 4096, PROT_READ|PROT_WRITE <unfinished ...>
2344  <... mprotect resumed>)           = 0
2351  <... mprotect resumed>)           = 0
2350  mprotect(0x7f6558162000, 4096, PROT_READ|PROT_WRITE <unfinished ...>
2348  mprotect(0x7f6560143000, 4096, PROT_READ|PROT_WRITE <unfinished ...>
2346  <... mprotect resumed>)           = 0
2345  <... mprotect resumed>)           = 0
2349  mprotect(0x7f6554153000, 4096, PROT_READ|PROT_WRITE <unfinished ...>
2347  mprotect(0x7f655c135000, 4096, PROT_READ|PROT_WRITE <unfinished ...>
2344  mprotect(0x7f6570127000, 4096, PROT_READ|PROT_WRITE <unfinished ...>
2349  <... mprotect resumed>)           = 0
2351  mprotect(0x7f654c16e000, 4096, PROT_READ|PROT_WRITE <unfinished ...>
2350  <... mprotect resumed>)           = 0
2349  mprotect(0x7f6554154000, 4096, PROT_READ|PROT_WRITE <unfinished ...>
2348  <... mprotect resumed>)           = 0
2347  <... mprotect resumed>)           = 0
2346  mprotect(0x7f6564128000, 4096, PROT_READ|PROT_WRITE <unfinished ...>
2345  mprotect(0x7f6568123000, 4096, PROT_READ|PROT_WRITE <unfinished ...>
2344  <... mprotect resumed>)           = 0
2349  <... mprotect resumed>)           = 0
2351  <... mprotect resumed>)           = 0
2351  mprotect(0x7f654c16f000, 4096, PROT_READ|PROT_WRITE <unfinished ...>
2350  mprotect(0x7f6558163000, 4096, PROT_READ|PROT_WRITE <unfinished ...>
2349  mprotect(0x7f6554155000, 4096, PROT_READ|PROT_WRITE <unfinished ...>
2348  mprotect(0x7f6560144000, 4096, PROT_READ|PROT_WRITE <unfinished ...>
2347  mprotect(0x7f655c136000, 4096, PROT_READ|PROT_WRITE <unfinished ...>
2346  <... mprotect resumed>)           = 0
2345  <... mprotect resumed>)           = 0
2351  <... mprotect resumed>)           = 0
2349  <... mprotect resumed>)           = 0
2350  <... mprotect resumed>)           = 0
2349  mprotect(0x7f6554156000, 4096, PROT_READ|PROT_WRITE <unfinished ...>
2348  <... mprotect resumed>)           = 0
2347  <... mprotect resumed>)           = 0
2345  mprotect(0x7f6568124000, 4096, PROT_READ|PROT_WRITE <unfinished ...>
2351  mprotect(0x7f654c170000, 4096, PROT_READ|PROT_WRITE <unfinished ...>
2349  <... mprotect resumed>)           = 0
2350  mprotect(0x7f6558164000, 4096, PROT_READ|PROT_WRITE <unfinished ...>
2345  <... mprotect resumed>)           = 0
2351  <... mprotect resumed>)           = 0
2344  mprotect(0x7f6570128000, 4096, PROT_READ|PROT_WRITE <unfinished ...>
2349  mprotect(0x7f6554157000, 4096, PROT_READ|PROT_WRITE <unfinished ...>
2348  mprotect(0x7f6560145000, 4096, PROT_READ|PROT_WRITE <unfinished ...>
2347  mprotect(0x7f655c137000, 4096, PROT_READ|PROT_WRITE <unfinished ...>
2346  mprotect(0x7f6564129000, 4096, PROT_READ|PROT_WRITE <unfinished ...>
2351  mprotect(0x7f654c171000, 4096, PROT_READ|PROT_WRITE <unfinished ...>
2350  <... mprotect resumed>)           = 0
2348  <... mprotect resumed>)           = 0
2351  <... mprotect resumed>)           = 0
2349  <... mprotect resumed>)           = 0
2346  <... mprotect resumed>)           = 0
2345  mprotect(0x7f6568125000, 4096, PROT_READ|PROT_WRITE <unfinished ...>
2344  <... mprotect resumed>)           = 0
2351  mprotect(0x7f654c172000, 4096, PROT_READ|PROT_WRITE <unfinished ...>
2350  mprotect(0x7f6558165000, 4096, PROT_READ|PROT_WRITE <unfinished ...>
2348  mprotect(0x7f6560146000, 4096, PROT_READ|PROT_WRITE <unfinished ...>
2347  <... mprotect resumed>)           = 0
2346  mprotect(0x7f656412a000, 4096, PROT_READ|PROT_WRITE <unfinished ...>
2349  mprotect(0x7f6554158000, 4096, PROT_READ|PROT_WRITE <unfinished ...>
2351  <... mprotect resumed>)           = 0
2346  <... mprotect resumed>)           = 0
2345  <... mprotect resumed>)           = 0
2350  <... mprotect resumed>)           = 0
2347  mprotect(0x7f655c138000, 4096, PROT_READ|PROT_WRITE <unfinished ...>
2351  mprotect(0x7f654c173000, 4096, PROT_READ|PROT_WRITE <unfinished ...>
2349  <... mprotect resumed>)           = 0
2348  <... mprotect resumed>)           = 0
2346  mprotect(0x7f656412b000, 4096, PROT_READ|PROT_WRITE <unfinished ...>
2344  mprotect(0x7f6570129000, 4096, PROT_READ|PROT_WRITE <unfinished ...>
2351  <... mprotect resumed>)           = 0
2350  mprotect(0x7f6558166000, 4096, PROT_READ|PROT_WRITE <unfinished ...>
2349  mprotect(0x7f6554159000, 4096, PROT_READ|PROT_WRITE <unfinished ...>
2348  mprotect(0x7f6560147000, 4096, PROT_READ|PROT_WRITE <unfinished ...>
2347  <... mprotect resumed>)           = 0
2346  <... mprotect resumed>)           = 0
2345  mprotect(0x7f6568126000, 4096, PROT_READ|PROT_WRITE <unfinished ...>
2344  <... mprotect resumed>)           = 0
2351  mprotect(0x7f654c174000, 4096, PROT_READ|PROT_WRITE <unfinished ...>
2350  <... mprotect resumed>)           = 0
2351  <... mprotect resumed>)           = 0
2350  mprotect(0x7f6558167000, 4096, PROT_READ|PROT_WRITE <unfinished ...>
2349  <... mprotect resumed>)           = 0
2348  <... mprotect resumed>)           = 0
2347  mprotect(0x7f655c139000, 4096, PROT_READ|PROT_WRITE <unfinished ...>
2346  mprotect(0x7f656412c000, 4096, PROT_READ|PROT_WRITE <unfinished ...>
2345  <... mprotect resumed>)           = 0
2344  mprotect(0x7f657012a000, 4096, PROT_READ|PROT_WRITE <unfinished ...>
2350  <... mprotect resumed>)           = 0
2349  mprotect(0x7f655415a000, 4096, PROT_READ|PROT_WRITE <unfinished ...>
2346  <... mprotect resumed>)           = 0
2351  mprotect(0x7f654c175000, 4096, PROT_READ|PROT_WRITE <unfinished ...>
2350  mprotect(0x7f6558168000, 4096, PROT_READ|PROT_WRITE <unfinished ...>
2348  mprotect(0x7f6560148000, 4096, PROT_READ|PROT_WRITE <unfinished ...>
2347  <... mprotect resumed>)           = 0
2346  mprotect(0x7f656412d000, 4096, PROT_READ|PROT_WRITE <unfinished ...>
2345  mprotect(0x7f6568127000, 4096, PROT_READ|PROT_WRITE <unfinished ...>
2344  <... mprotect resumed>)           = 0
2349  <... mprotect resumed>)           = 0
2351  <... mprotect resumed>)           = 0
2350  <... mprotect resumed>)           = 0
2346  <... mprotect resumed>)           = 0
2348  <... mprotect resumed>)           = 0
2347  mprotect(0x7f655c13a000, 4096, PROT_READ|PROT_WRITE <unfinished ...>
2345  <... mprotect resumed>)           = 0
2351  mprotect(0x7f654c176000, 4096, PROT_READ|PROT_WRITE <unfinished ...>
2344  mprotect(0x7f657012b000, 4096, PROT_READ|PROT_WRITE <unfinished ...>
2351  <... mprotect resumed>)           = 0
2350  mprotect(0x7f6558169000, 4096, PROT_READ|PROT_WRITE <unfinished ...>
2349  mprotect(0x7f655415b000, 4096, PROT_READ|PROT_WRITE <unfinished ...>
2348  mprotect(0x7f6560149000, 4096, PROT_READ|PROT_WRITE <unfinished ...>
2347  <... mprotect resumed>)           = 0
2346  mprotect(0x7f656412e000, 4096, PROT_READ|PROT_WRITE <unfinished ...>
2344  <... mprotect resumed>)           = 0
2345  mprotect(0x7f6568128000, 4096, PROT_READ|PROT_WRITE <unfinished ...>
2351  mprotect(0x7f654c177000, 4096, PROT_READ|PROT_WRITE <unfinished ...>
2350  <... mprotect resumed>)           = 0
2349  <... mprotect resumed>)           = 0
2348  <... mprotect resumed>)           = 0
2347  mprotect(0x7f655c13b000, 4096, PROT_READ|PROT_WRITE <unfinished ...>
2346  <... mprotect resumed>)           = 0
2345  <... mprotect resumed>)           = 0
2344  mprotect(0x7f657012c000, 4096, PROT_READ|PROT_WRITE <unfinished ...>
2350  mprotect(0x7f655816a000, 4096, PROT_READ|PROT_WRITE <unfinished ...>
2351  <... mprotect resumed>)           = 0
2350  <... mprotect resumed>)           = 0
2349  mprotect(0x7f655415c000, 4096, PROT_READ|PROT_WRITE <unfinished ...>
2348  mprotect(0x7f656014a000, 4096, PROT_READ|PROT_WRITE <unfinished ...>
2347  <... mprotect resumed>)           = 0
2346  mprotect(0x7f656412f000, 4096, PROT_READ|PROT_WRITE <unfinished ...>
2345  mprotect(0x7f6568129000, 4096, PROT_READ|PROT_WRITE <unfinished ...>
2344  <... mprotect resumed>)           = 0
2351  mprotect(0x7f654c178000, 4096, PROT_READ|PROT_WRITE <unfinished ...>
2347  mprotect(0x7f655c13c000, 4096, PROT_READ|PROT_WRITE <unfinished ...>
2351  <... mprotect resumed>)           = 0
2350  mprotect(0x7f655816b000, 4096, PROT_READ|PROT_WRITE <unfinished ...>
2349  <... mprotect resumed>)           = 0
2348  <... mprotect resumed>)           = 0
2347  <... mprotect resumed>)           = 0
2346  <... mprotect resumed>)           = 0
2345  <... mprotect resumed>)           = 0
2344  mprotect(0x7f657012d000, 4096, PROT_READ|PROT_WRITE <unfinished ...>
2351  mprotect(0x7f654c179000, 4096, PROT_READ|PROT_WRITE <unfinished ...>
2350  <... mprotect resumed>)           = 0
2349  mprotect(0x7f655415d000, 4096, PROT_READ|PROT_WRITE <unfinished ...>
2348  mprotect(0x7f656014b000, 4096, PROT_READ|PROT_WRITE <unfinished ...>
2347  mprotect(0x7f655c13d000, 4096, PROT_READ|PROT_WRITE <unfinished ...>
2348  <... mprotect resumed>)           = 0
2346  mprotect(0x7f6564130000, 4096, PROT_READ|PROT_WRITE <unfinished ...>
2345  mprotect(0x7f656812a000, 4096, PROT_READ|PROT_WRITE <unfinished ...>
2344  <... mprotect resumed>)           = 0
2351  <... mprotect resumed>)           = 0
2350  mprotect(0x7f655816c000, 4096, PROT_READ|PROT_WRITE <unfinished ...>
2349  <... mprotect resumed>)           = 0
2348  mprotect(0x7f656014c000, 4096, PROT_READ|PROT_WRITE <unfinished ...>
2347  <... mprotect resumed>)           = 0
2346  <... mprotect resumed>)           = 0
2345  <... mprotect resumed>)           = 0
2344  mprotect(0x7f657012e000, 4096, PROT_READ|PROT_WRITE <unfinished ...>
2351  mprotect(0x7f654c17a000, 4096, PROT_READ|PROT_WRITE <unfinished ...>
2348  <... mprotect resumed>)           = 0
2351  <... mprotect resumed>)           = 0
2350  <... mprotect resumed>)           = 0
2347  mprotect(0x7f655c13e000, 4096, PROT_READ|PROT_WRITE <unfinished ...>
2346  mprotect(0x7f6564131000, 4096, PROT_READ|PROT_WRITE <unfinished ...>
2345  mprotect(0x7f656812b000, 4096, PROT_READ|PROT_WRITE <unfinished ...>
2351  mprotect(0x7f654c17b000, 4096, PROT_READ|PROT_WRITE <unfinished ...>
2349  mprotect(0x7f655415e000, 4096, PROT_READ|PROT_WRITE <unfinished ...>
2348  mprotect(0x7f656014d000, 4096, PROT_READ|PROT_WRITE <unfinished ...>
2347  <... mprotect resumed>)           = 0
2346  <... mprotect resumed>)           = 0
2344  <... mprotect resumed>)           = 0
2351  <... mprotect resumed>)           = 0
2350  mprotect(0x7f655816d000, 4096, PROT_READ|PROT_WRITE <unfinished ...>
2349  <... mprotect resumed>)           = 0
2348  <... mprotect resumed>)           = 0
2345  <... mprotect resumed>)           = 0
2350  <... mprotect resumed>)           = 0
2347  mprotect(0x7f655c13f000, 4096, PROT_READ|PROT_WRITE <unfinished ...>
2351  mprotect(0x7f654c17c000, 4096, PROT_READ|PROT_WRITE <unfinished ...>
2349  mprotect(0x7f655415f000, 4096, PROT_READ|PROT_WRITE <unfinished ...>
2346  mprotect(0x7f6564132000, 4096, PROT_READ|PROT_WRITE <unfinished ...>
2344  mprotect(0x7f657012f000, 4096, PROT_READ|PROT_WRITE <unfinished ...>
2351  <... mprotect resumed>)           = 0
2350  mprotect(0x7f655816e000, 4096, PROT_READ|PROT_WRITE <unfinished ...>
2349  <... mprotect resumed>)           = 0
2348  mprotect(0x7f656014e000, 4096, PROT_READ|PROT_WRITE <unfinished ...>
2347  <... mprotect resumed>)           = 0
2345  mprotect(0x7f656812c000, 4096, PROT_READ|PROT_WRITE <unfinished ...>
2351  mprotect(0x7f654c17d000, 4096, PROT_READ|PROT_WRITE <unfinished ...>
2350  <... mprotect resumed>)           = 0
2349  mprotect(0x7f6554160000, 4096, PROT_READ|PROT_WRITE <unfinished ...>
2348  <... mprotect resumed>)           = 0
2347  mprotect(0x7f655c140000, 4096, PROT_READ|PROT_WRITE <unfinished ...>
2346  <... mprotect resumed>)           = 0
2345  <... mprotect resumed>)           = 0
2344  <... mprotect resumed>)           = 0
2351  <... mprotect resumed>)           = 0
2350  mprotect(0x7f655816f000, 4096, PROT_READ|PROT_WRITE <unfinished ...>
2349  <... mprotect resumed>)           = 0
2348  mprotect(0x7f656014f000, 4096, PROT_READ|PROT_WRITE <unfinished ...>
2347  <... mprotect resumed>)           = 0
2346  mprotect(0x7f6564133000, 4096, PROT_READ|PROT_WRITE <unfinished ...>
2351  mprotect(0x7f654c17e000, 4096, PROT_READ|PROT_WRITE <unfinished ...>
2350  <... mprotect resumed>)           = 0
2349  mprotect(0x7f6554161000, 4096, PROT_READ|PROT_WRITE <unfinished ...>
2345  mprotect(0x7f656812d000, 4096, PROT_READ|PROT_WRITE <unfinished ...>
2344  mprotect(0x7f6570130000, 4096, PROT_READ|PROT_WRITE <unfinished ...>
2351  <... mprotect resumed>)           = 0
2348  <... mprotect resumed>)           = 0
2347  mprotect(0x7f655c141000, 4096, PROT_READ|PROT_WRITE <unfinished ...>
2346  <... mprotect resumed>)           = 0
2351  mprotect(0x7f654c17f000, 4096, PROT_READ|PROT_WRITE <unfinished ...>
2350  mprotect(0x7f6558170000, 4096, PROT_READ|PROT_WRITE <unfinished ...>
2349  <... mprotect resumed>)           = 0
2348  mprotect(0x7f6560150000, 4096, PROT_READ|PROT_WRITE <unfinished ...>
2345  <... mprotect resumed>)           = 0
2344  <... mprotect resumed>)           = 0
2351  <... mprotect resumed>)           = 0
2350  <... mprotect resumed>)           = 0
2347  <... mprotect resumed>)           = 0
2346  mprotect(0x7f6564134000, 4096, PROT_READ|PROT_WRITE <unfinished ...>
2349  mprotect(0x7f6554162000, 4096, PROT_READ|PROT_WRITE <unfinished ...>
2348  <... mprotect resumed>)           = 0
2345  mprotect(0x7f656812e000, 4096, PROT_READ|PROT_WRITE <unfinished ...>
2344  mprotect(0x7f6570131000, 4096, PROT_READ|PROT_WRITE <unfinished ...>
2351  mprotect(0x7f654c180000, 4096, PROT_READ|PROT_WRITE <unfinished ...>
2350  mprotect(0x7f6558171000, 4096, PROT_READ|PROT_WRITE <unfinished ...>
2349  <... mprotect resumed>)           = 0
2347  mprotect(0x7f655c142000, 4096, PROT_READ|PROT_WRITE <unfinished ...>
2346  <... mprotect resumed>)           = 0
2351  <... mprotect resumed>)           = 0
2348  mprotect(0x7f6560151000, 4096, PROT_READ|PROT_WRITE <unfinished ...>
2345  <... mprotect resumed>)           = 0
2344  <... mprotect resumed>)           = 0
2350  <... mprotect resumed>)           = 0
2351  mprotect(0x7f654c181000, 4096, PROT_READ|PROT_WRITE <unfinished ...>
2350  mprotect(0x7f6558172000, 4096, PROT_READ|PROT_WRITE <unfinished ...>
2349  mprotect(0x7f6554163000, 4096, PROT_READ|PROT_WRITE <unfinished ...>
2348  <... mprotect resumed>)           = 0
2347  <... mprotect resumed>)           = 0
2346  mprotect(0x7f6564135000, 4096, PROT_READ|PROT_WRITE <unfinished ...>
2345  mprotect(0x7f656812f000, 4096, PROT_READ|PROT_WRITE <unfinished ...>
2344  mprotect(0x7f6570132000, 4096, PROT_READ|PROT_WRITE <unfinished ...>
2351  <... mprotect resumed>)           = 0
2350  <... mprotect resumed>)           = 0
2349  <... mprotect resumed>)           = 0
2348  mprotect(0x7f6560152000, 4096, PROT_READ|PROT_WRITE <unfinished ...>
2347  mprotect(0x7f655c143000, 4096, PROT_READ|PROT_WRITE <unfinished ...>
2346  <... mprotect resumed>)           = 0
2345  <... mprotect resumed>)           = 0
2344  <... mprotect resumed>)           = 0
2351  mprotect(0x7f654c182000, 4096, PROT_READ|PROT_WRITE <unfinished ...>
2350  mprotect(0x7f6558173000, 4096, PROT_READ|PROT_WRITE <unfinished ...>
2349  mprotect(0x7f6554164000, 4096, PROT_READ|PROT_WRITE <unfinished ...>
2348  <... mprotect resumed>)           = 0
2347  <... mprotect resumed>)           = 0
2346  mprotect(0x7f6564136000, 4096, PROT_READ|PROT_WRITE <unfinished ...>
2345  mprotect(0x7f6568130000, 4096, PROT_READ|PROT_WRITE <unfinished ...>
2351  <... mprotect resumed>)           = 0
2350  <... mprotect resumed>)           = 0
2349  <... mprotect resumed>)           = 0
2344  mprotect(0x7f6570133000, 4096, PROT_READ|PROT_WRITE <unfinished ...>
2348  mprotect(0x7f6560153000, 4096, PROT_READ|PROT_WRITE <unfinished ...>
2346  <... mprotect resumed>)           = 0
2345  <... mprotect resumed>)           = 0
2350  mprotect(0x7f6558174000, 4096, PROT_READ|PROT_WRITE <unfinished ...>
2351  mprotect(0x7f654c183000, 4096, PROT_READ|PROT_WRITE <unfinished ...>
2350  <... mprotect resumed>)           = 0
2349  mprotect(0x7f6554165000, 4096, PROT_READ|PROT_WRITE <unfinished ...>
2351  <... mprotect resumed>)           = 0
2350  mprotect(0x7f6558175000, 4096, PROT_READ|PROT_WRITE <unfinished ...>
2349  <... mprotect resumed>)           = 0
2348  <... mprotect resumed>)           = 0
2344  <... mprotect resumed>)           = 0
2347  mprotect(0x7f655c144000, 4096, PROT_READ|PROT_WRITE <unfinished ...>
2346  mprotect(0x7f6564137000, 4096, PROT_READ|PROT_WRITE <unfinished ...>
2351  mprotect(0x7f654c184000, 4096, PROT_READ|PROT_WRITE <unfinished ...>
2345  mprotect(0x7f6568131000, 4096, PROT_READ|PROT_WRITE <unfinished ...>
2350  <... mprotect resumed>)           = 0
2349  mprotect(0x7f6554166000, 4096, PROT_READ|PROT_WRITE <unfinished ...>
2344  mprotect(0x7f6570134000, 4096, PROT_READ|PROT_WRITE <unfinished ...>
2348  mprotect(0x7f6560154000, 4096, PROT_READ|PROT_WRITE <unfinished ...>
2351  <... mprotect resumed>)           = 0
2349  <... mprotect resumed>)           = 0
2348  <... mprotect resumed>)           = 0
2347  <... mprotect resumed>)           = 0
2346  <... mprotect resumed>)           = 0
2344  <... mprotect resumed>)           = 0
2350  mprotect(0x7f6558176000, 4096, PROT_READ|PROT_WRITE <unfinished ...>
2345  <... mprotect resumed>)           = 0
2349  mprotect(0x7f6554167000, 4096, PROT_READ|PROT_WRITE <unfinished ...>
2351  mprotect(0x7f654c185000, 4096, PROT_READ|PROT_WRITE <unfinished ...>
2349  <... mprotect resumed>)           = 0
2348  mprotect(0x7f6560155000, 4096, PROT_READ|PROT_WRITE <unfinished ...>
2347  mprotect(0x7f655c145000, 4096, PROT_READ|PROT_WRITE <unfinished ...>
2351  <... mprotect resumed>)           = 0
2350  <... mprotect resumed>)           = 0
2349  mprotect(0x7f6554168000, 4096, PROT_READ|PROT_WRITE <unfinished ...>
2346  mprotect(0x7f6564138000, 4096, PROT_READ|PROT_WRITE <unfinished ...>
2345  mprotect(0x7f6568132000, 4096, PROT_READ|PROT_WRITE <unfinished ...>
2344  mprotect(0x7f6570135000, 4096, PROT_READ|PROT_WRITE <unfinished ...>
2348  <... mprotect resumed>)           = 0
2347  <... mprotect resumed>)           = 0
2349  <... mprotect resumed>)           = 0
2350  mprotect(0x7f6558177000, 4096, PROT_READ|PROT_WRITE <unfinished ...>
2346  <... mprotect resumed>)           = 0
2345  <... mprotect resumed>)           = 0
2351  mprotect(0x7f654c186000, 4096, PROT_READ|PROT_WRITE <unfinished ...>
2350  <... mprotect resumed>)           = 0
2344  <... mprotect resumed>)           = 0
2349  mprotect(0x7f6554169000, 4096, PROT_READ|PROT_WRITE <unfinished ...>
2347  mprotect(0x7f655c146000, 4096, PROT_READ|PROT_WRITE <unfinished ...>
2345  mprotect(0x7f6568133000, 4096, PROT_READ|PROT_WRITE <unfinished ...>
2351  <... mprotect resumed>)           = 0
2349  <... mprotect resumed>)           = 0
2348  mprotect(0x7f6560156000, 4096, PROT_READ|PROT_WRITE <unfinished ...>
2346  mprotect(0x7f6564139000, 4096, PROT_READ|PROT_WRITE <unfinished ...>
2347  <... mprotect resumed>)           = 0
2344  mprotect(0x7f6570136000, 4096, PROT_READ|PROT_WRITE <unfinished ...>
2351  mprotect(0x7f654c187000, 4096, PROT_READ|PROT_WRITE <unfinished ...>
2350  mprotect(0x7f6558178000, 4096, PROT_READ|PROT_WRITE <unfinished ...>
2349  mprotect(0x7f655416a000, 4096, PROT_READ|PROT_WRITE <unfinished ...>
2348  <... mprotect resumed>)           = 0
2345  <... mprotect resumed>)           = 0
2351  <... mprotect resumed>)           = 0
2346  <... mprotect resumed>)           = 0
2344  <... mprotect resumed>)           = 0
2349  <... mprotect resumed>)           = 0
2347  mprotect(0x7f655c147000, 4096, PROT_READ|PROT_WRITE <unfinished ...>
2350  <... mprotect resumed>)           = 0
2348  mprotect(0x7f6560157000, 4096, PROT_READ|PROT_WRITE <unfinished ...>
2347  <... mprotect resumed>)           = 0
2345  mprotect(0x7f6568134000, 4096, PROT_READ|PROT_WRITE <unfinished ...>
2351  mprotect(0x7f654c188000, 4096, PROT_READ|PROT_WRITE <unfinished ...>
2349  mprotect(0x7f655416b000, 4096, PROT_READ|PROT_WRITE <unfinished ...>
2348  <... mprotect resumed>)           = 0
2346  mprotect(0x7f656413a000, 4096, PROT_READ|PROT_WRITE <unfinished ...>
2344  mprotect(0x7f6570137000, 4096, PROT_READ|PROT_WRITE <unfinished ...>
2351  <... mprotect resumed>)           = 0
2350  mprotect(0x7f6558179000, 4096, PROT_READ|PROT_WRITE <unfinished ...>
2349  <... mprotect resumed>)           = 0
2347  mprotect(0x7f655c148000, 4096, PROT_READ|PROT_WRITE <unfinished ...>
2345  <... mprotect resumed>)           = 0
2350  <... mprotect resumed>)           = 0
2348  mprotect(0x7f6560158000, 4096, PROT_READ|PROT_WRITE <unfinished ...>
2347  <... mprotect resumed>)           = 0
2346  <... mprotect resumed>)           = 0
2344  <... mprotect resumed>)           = 0
2351  mprotect(0x7f654c189000, 4096, PROT_READ|PROT_WRITE <unfinished ...>
2349  mprotect(0x7f655416c000, 4096, PROT_READ|PROT_WRITE <unfinished ...>
2351  <... mprotect resumed>)           = 0
2350  mprotect(0x7f655817a000, 4096, PROT_READ|PROT_WRITE <unfinished ...>
2349  <... mprotect resumed>)           = 0
2348  <... mprotect resumed>)           = 0
2347  mprotect(0x7f655c149000, 4096, PROT_READ|PROT_WRITE <unfinished ...>
2346  mprotect(0x7f656413b000, 4096, PROT_READ|PROT_WRITE <unfinished ...>
2345  mprotect(0x7f6568135000, 4096, PROT_READ|PROT_WRITE <unfinished ...>
2344  mprotect(0x7f6570138000, 4096, PROT_READ|PROT_WRITE <unfinished ...>
2351  mprotect(0x7f654c18a000, 4096, PROT_READ|PROT_WRITE <unfinished ...>
2350  <... mprotect resumed>)           = 0
2349  mprotect(0x7f655416d000, 4096, PROT_READ|PROT_WRITE <unfinished ...>
2348  mprotect(0x7f6560159000, 4096, PROT_READ|PROT_WRITE <unfinished ...>
2347  <... mprotect resumed>)           = 0
2346  <... mprotect resumed>)           = 0
2345  <... mprotect resumed>)           = 0
2351  <... mprotect resumed>)           = 0
2349  <... mprotect resumed>)           = 0
2344  <... mprotect resumed>)           = 0
2350  mprotect(0x7f655817b000, 4096, PROT_READ|PROT_WRITE <unfinished ...>
2351  mprotect(0x7f654c18b000, 4096, PROT_READ|PROT_WRITE <unfinished ...>
2349  mprotect(0x7f655416e000, 4096, PROT_READ|PROT_WRITE <unfinished ...>
2348  <... mprotect resumed>)           = 0
2344  mprotect(0x7f6570139000, 4096, PROT_READ|PROT_WRITE <unfinished ...>
2351  <... mprotect resumed>)           = 0
2350  <... mprotect resumed>)           = 0
2349  <... mprotect resumed>)           = 0
2347  mprotect(0x7f655c14a000, 4096, PROT_READ|PROT_WRITE <unfinished ...>
2346  mprotect(0x7f656413c000, 4096, PROT_READ|PROT_WRITE <unfinished ...>
2345  mprotect(0x7f6568136000, 4096, PROT_READ|PROT_WRITE <unfinished ...>
2351  mprotect(0x7f654c18c000, 4096, PROT_READ|PROT_WRITE <unfinished ...>
2349  mprotect(0x7f655416f000, 4096, PROT_READ|PROT_WRITE <unfinished ...>
2348  mprotect(0x7f656015a000, 4096, PROT_READ|PROT_WRITE <unfinished ...>
2344  <... mprotect resumed>)           = 0
2350  mprotect(0x7f655817c000, 4096, PROT_READ|PROT_WRITE <unfinished ...>
2347  <... mprotect resumed>)           = 0
2346  <... mprotect resumed>)           = 0
2351  <... mprotect resumed>)           = 0
2349  <... mprotect resumed>)           = 0
2348  <... mprotect resumed>)           = 0
2345  <... mprotect resumed>)           = 0
2350  <... mprotect resumed>)           = 0
2349  mprotect(0x7f6554170000, 4096, PROT_READ|PROT_WRITE <unfinished ...>
2347  mprotect(0x7f655c14b000, 4096, PROT_READ|PROT_WRITE <unfinished ...>
2346  mprotect(0x7f656413d000, 4096, PROT_READ|PROT_WRITE <unfinished ...>
2344  mprotect(0x7f657013a000, 4096, PROT_READ|PROT_WRITE <unfinished ...>
2351  mprotect(0x7f654c18d000, 4096, PROT_READ|PROT_WRITE <unfinished ...>
2350  mprotect(0x7f655817d000, 4096, PROT_READ|PROT_WRITE <unfinished ...>
2349  <... mprotect resumed>)           = 0
2348  mprotect(0x7f656015b000, 4096, PROT_READ|PROT_WRITE <unfinished ...>
2347  <... mprotect resumed>)           = 0
2345  mprotect(0x7f6568137000, 4096, PROT_READ|PROT_WRITE <unfinished ...>
2351  <... mprotect resumed>)           = 0
2350  <... mprotect resumed>)           = 0
2349  mprotect(0x7f6554171000, 4096, PROT_READ|PROT_WRITE <unfinished ...>
2348  <... mprotect resumed>)           = 0
2346  <... mprotect resumed>)           = 0
2344  <... mprotect resumed>)           = 0
2347  mprotect(0x7f655c14c000, 4096, PROT_READ|PROT_WRITE <unfinished ...>
2345  <... mprotect resumed>)           = 0
2351  mprotect(0x7f654c18e000, 4096, PROT_READ|PROT_WRITE <unfinished ...>
2350  mprotect(0x7f655817e000, 4096, PROT_READ|PROT_WRITE <unfinished ...>
2347  <... mprotect resumed>)           = 0
2350  <... mprotect resumed>)           = 0
2349  <... mprotect resumed>)           = 0
2348  mprotect(0x7f656015c000, 4096, PROT_READ|PROT_WRITE <unfinished ...>
2345  mprotect(0x7f6568138000, 4096, PROT_READ|PROT_WRITE <unfinished ...>
2351  <... mprotect resumed>)           = 0
2350  mprotect(0x7f655817f000, 4096, PROT_READ|PROT_WRITE <unfinished ...>
2347  mprotect(0x7f655c14d000, 4096, PROT_READ|PROT_WRITE <unfinished ...>
2346  mprotect(0x7f656413e000, 4096, PROT_READ|PROT_WRITE <unfinished ...>
2349  mprotect(0x7f6554172000, 4096, PROT_READ|PROT_WRITE <unfinished ...>
2345  <... mprotect resumed>)           = 0
2344  mprotect(0x7f657013b000, 4096, PROT_READ|PROT_WRITE <unfinished ...>
2349  <... mprotect resumed>)           = 0
2348  <... mprotect resumed>)           = 0
2350  <... mprotect resumed>)           = 0
2347  <... mprotect resumed>)           = 0
2346  <... mprotect resumed>)           = 0
2351  mprotect(0x7f654c18f000, 4096, PROT_READ|PROT_WRITE <unfinished ...>
2344  <... mprotect resumed>)           = 0
2345  mprotect(0x7f6568139000, 4096, PROT_READ|PROT_WRITE <unfinished ...>
2351  <... mprotect resumed>)           = 0
2350  mprotect(0x7f6558180000, 4096, PROT_READ|PROT_WRITE <unfinished ...>
2349  mprotect(0x7f6554173000, 4096, PROT_READ|PROT_WRITE <unfinished ...>
2348  mprotect(0x7f656015d000, 4096, PROT_READ|PROT_WRITE <unfinished ...>
2347  mprotect(0x7f655c14e000, 4096, PROT_READ|PROT_WRITE <unfinished ...>
2351  mprotect(0x7f654c190000, 4096, PROT_READ|PROT_WRITE <unfinished ...>
2350  <... mprotect resumed>)           = 0
2346  mprotect(0x7f656413f000, 4096, PROT_READ|PROT_WRITE <unfinished ...>
2345  <... mprotect resumed>)           = 0
2344  mprotect(0x7f657013c000, 4096, PROT_READ|PROT_WRITE <unfinished ...>
2351  <... mprotect resumed>)           = 0
2349  <... mprotect resumed>)           = 0
2348  <... mprotect resumed>)           = 0
2347  <... mprotect resumed>)           = 0
2346  <... mprotect resumed>)           = 0
2350  mprotect(0x7f6558181000, 4096, PROT_READ|PROT_WRITE <unfinished ...>
2349  mprotect(0x7f6554174000, 4096, PROT_READ|PROT_WRITE <unfinished ...>
2345  mprotect(0x7f656813a000, 4096, PROT_READ|PROT_WRITE <unfinished ...>
2344  <... mprotect resumed>)           = 0
2351  mprotect(0x7f654c191000, 4096, PROT_READ|PROT_WRITE <unfinished ...>
2350  <... mprotect resumed>)           = 0
2348  mprotect(0x7f656015e000, 4096, PROT_READ|PROT_WRITE <unfinished ...>
2351  <... mprotect resumed>)           = 0
2346  mprotect(0x7f6564140000, 4096, PROT_READ|PROT_WRITE <unfinished ...>
2345  <... mprotect resumed>)           = 0
2350  mprotect(0x7f6558182000, 4096, PROT_READ|PROT_WRITE <unfinished ...>
2349  <... mprotect resumed>)           = 0
2347  mprotect(0x7f655c14f000, 4096, PROT_READ|PROT_WRITE <unfinished ...>
2346  <... mprotect resumed>)           = 0
2344  mprotect(0x7f657013d000, 4096, PROT_READ|PROT_WRITE <unfinished ...>
2351  mprotect(0x7f654c192000, 4096, PROT_READ|PROT_WRITE <unfinished ...>
2348  <... mprotect resumed>)           = 0
2351  <... mprotect resumed>)           = 0
2350  <... mprotect resumed>)           = 0
2345  mprotect(0x7f656813b000, 4096, PROT_READ|PROT_WRITE <unfinished ...>
2349  mprotect(0x7f6554175000, 4096, PROT_READ|PROT_WRITE <unfinished ...>
2347  <... mprotect resumed>)           = 0
2346  mprotect(0x7f6564141000, 4096, PROT_READ|PROT_WRITE <unfinished ...>
2344  <... mprotect resumed>)           = 0
2348  mprotect(0x7f656015f000, 4096, PROT_READ|PROT_WRITE) = 0
2351  mprotect(0x7f654c193000, 4096, PROT_READ|PROT_WRITE <unfinished ...>
2350  mprotect(0x7f6558183000, 4096, PROT_READ|PROT_WRITE <unfinished ...>
2349  <... mprotect resumed>)           = 0
2345  <... mprotect resumed>)           = 0
2351  <... mprotect resumed>)           = 0
2350  <... mprotect resumed>)           = 0
2348  mprotect(0x7f6560160000, 4096, PROT_READ|PROT_WRITE <unfinished ...>
2347  mprotect(0x7f655c150000, 4096, PROT_READ|PROT_WRITE <unfinished ...>
2346  <... mprotect resumed>)           = 0
2344  mprotect(0x7f657013e000, 4096, PROT_READ|PROT_WRITE <unfinished ...>
2350  mprotect(0x7f6558184000, 4096, PROT_READ|PROT_WRITE <unfinished ...>
2349  mprotect(0x7f6554176000, 4096, PROT_READ|PROT_WRITE <unfinished ...>
2351  mprotect(0x7f654c194000, 4096, PROT_READ|PROT_WRITE <unfinished ...>
2348  <... mprotect resumed>)           = 0
2345  mprotect(0x7f656813c000, 4096, PROT_READ|PROT_WRITE <unfinished ...>
2351  <... mprotect resumed>)           = 0
2349  <... mprotect resumed>)           = 0
2347  <... mprotect resumed>)           = 0
2346  mprotect(0x7f6564142000, 4096, PROT_READ|PROT_WRITE <unfinished ...>
2344  <... mprotect resumed>)           = 0
2351  mprotect(0x7f654c195000, 4096, PROT_READ|PROT_WRITE <unfinished ...>
2350  <... mprotect resumed>)           = 0
2349  mprotect(0x7f6554177000, 4096, PROT_READ|PROT_WRITE <unfinished ...>
2348  mprotect(0x7f6560161000, 4096, PROT_READ|PROT_WRITE <unfinished ...>
2347  mprotect(0x7f655c151000, 4096, PROT_READ|PROT_WRITE <unfinished ...>
2346  <... mprotect resumed>)           = 0
2345  <... mprotect resumed>)           = 0
2351  <... mprotect resumed>)           = 0
2350  mprotect(0x7f6558185000, 4096, PROT_READ|PROT_WRITE <unfinished ...>
2349  <... mprotect resumed>)           = 0
2348  <... mprotect resumed>)           = 0
2347  <... mprotect resumed>)           = 0
2344  mprotect(0x7f657013f000, 4096, PROT_READ|PROT_WRITE <unfinished ...>
2351  mprotect(0x7f654c196000, 4096, PROT_READ|PROT_WRITE <unfinished ...>
2350  <... mprotect resumed>)           = 0
2349  mprotect(0x7f6554178000, 4096, PROT_READ|PROT_WRITE <unfinished ...>
2348  mprotect(0x7f6560162000, 4096, PROT_READ|PROT_WRITE <unfinished ...>
2347  mprotect(0x7f655c152000, 4096, PROT_READ|PROT_WRITE <unfinished ...>
2346  mprotect(0x7f6564143000, 4096, PROT_READ|PROT_WRITE <unfinished ...>
2345  mprotect(0x7f656813d000, 4096, PROT_READ|PROT_WRITE <unfinished ...>
2351  <... mprotect resumed>)           = 0
2349  <... mprotect resumed>)           = 0
2348  <... mprotect resumed>)           = 0
2344  <... mprotect resumed>)           = 0
2350  mprotect(0x7f6558186000, 4096, PROT_READ|PROT_WRITE <unfinished ...>
2347  <... mprotect resumed>)           = 0
2345  <... mprotect resumed>)           = 0
2351  mprotect(0x7f654c197000, 4096, PROT_READ|PROT_WRITE <unfinished ...>
2350  <... mprotect resumed>)           = 0
2349  mprotect(0x7f6554179000, 4096, PROT_READ|PROT_WRITE <unfinished ...>
2348  mprotect(0x7f6560163000, 4096, PROT_READ|PROT_WRITE <unfinished ...>
2346  <... mprotect resumed>)           = 0
2344  mprotect(0x7f6570140000, 4096, PROT_READ|PROT_WRITE <unfinished ...>
2351  <... mprotect resumed>)           = 0
2347  mprotect(0x7f655c153000, 4096, PROT_READ|PROT_WRITE <unfinished ...>
2345  mprotect(0x7f656813e000, 4096, PROT_READ|PROT_WRITE <unfinished ...>
2350  mprotect(0x7f6558187000, 4096, PROT_READ|PROT_WRITE <unfinished ...>
2349  <... mprotect resumed>)           = 0
2347  <... mprotect resumed>)           = 0
2344  <... mprotect resumed>)           = 0
2348  <... mprotect resumed>)           = 0
2351  mprotect(0x7f654c198000, 4096, PROT_READ|PROT_WRITE <unfinished ...>
2350  <... mprotect resumed>)           = 0
2349  mprotect(0x7f655417a000, 4096, PROT_READ|PROT_WRITE <unfinished ...>
2347  mprotect(0x7f655c154000, 4096, PROT_READ|PROT_WRITE <unfinished ...>
2346  mprotect(0x7f6564144000, 4096, PROT_READ|PROT_WRITE <unfinished ...>
2345  <... mprotect resumed>)           = 0
2351  <... mprotect resumed>)           = 0
2350  mprotect(0x7f6558188000, 4096, PROT_READ|PROT_WRITE <unfinished ...>
2349  <... mprotect resumed>)           = 0
2347  <... mprotect resumed>)           = 0
2346  <... mprotect resumed>)           = 0
2344  mprotect(0x7f6570141000, 4096, PROT_READ|PROT_WRITE <unfinished ...>
2348  mprotect(0x7f6560164000, 4096, PROT_READ|PROT_WRITE <unfinished ...>
2345  mprotect(0x7f656813f000, 4096, PROT_READ|PROT_WRITE <unfinished ...>
2350  <... mprotect resumed>)           = 0
2351  mprotect(0x7f654c199000, 4096, PROT_READ|PROT_WRITE <unfinished ...>
2345  <... mprotect resumed>)           = 0
2344  <... mprotect resumed>)           = 0
2350  mprotect(0x7f6558189000, 4096, PROT_READ|PROT_WRITE <unfinished ...>
2348  <... mprotect resumed>)           = 0
2347  mprotect(0x7f655c155000, 4096, PROT_READ|PROT_WRITE <unfinished ...>
2346  mprotect(0x7f6564145000, 4096, PROT_READ|PROT_WRITE <unfinished ...>
2349  mprotect(0x7f655417b000, 4096, PROT_READ|PROT_WRITE <unfinished ...>
2351  <... mprotect resumed>)           = 0
2350  <... mprotect resumed>)           = 0
2349  <... mprotect resumed>)           = 0
2345  mprotect(0x7f6568140000, 4096, PROT_READ|PROT_WRITE <unfinished ...>
2348  mprotect(0x7f6560165000, 4096, PROT_READ|PROT_WRITE <unfinished ...>
2347  <... mprotect resumed>)           = 0
2346  <... mprotect resumed>)           = 0
2344  mprotect(0x7f6570142000, 4096, PROT_READ|PROT_WRITE <unfinished ...>
2351  mprotect(0x7f654c19a000, 4096, PROT_READ|PROT_WRITE <unfinished ...>
2346  mprotect(0x7f6564146000, 4096, PROT_READ|PROT_WRITE <unfinished ...>
2345  <... mprotect resumed>)           = 0
2351  <... mprotect resumed>)           = 0
2350  mprotect(0x7f655818a000, 4096, PROT_READ|PROT_WRITE <unfinished ...>
2349  mprotect(0x7f655417c000, 4096, PROT_READ|PROT_WRITE <unfinished ...>
2348  <... mprotect resumed>)           = 0
2347  mprotect(0x7f655c156000, 4096, PROT_READ|PROT_WRITE <unfinished ...>
2346  <... mprotect resumed>)           = 0
2345  mprotect(0x7f6568141000, 4096, PROT_READ|PROT_WRITE <unfinished ...>
2344  <... mprotect resumed>)           = 0
2350  <... mprotect resumed>)           = 0
2349  <... mprotect resumed>)           = 0
2351  mprotect(0x7f654c19b000, 4096, PROT_READ|PROT_WRITE <unfinished ...>
2350  mprotect(0x7f655818b000, 4096, PROT_READ|PROT_WRITE <unfinished ...>
2348  mprotect(0x7f6560166000, 4096, PROT_READ|PROT_WRITE <unfinished ...>
2347  <... mprotect resumed>)           = 0
2346  mprotect(0x7f6564147000, 4096, PROT_READ|PROT_WRITE <unfinished ...>
2345  <... mprotect resumed>)           = 0
2344  mprotect(0x7f6570143000, 4096, PROT_READ|PROT_WRITE <unfinished ...>
2351  <... mprotect resumed>)           = 0
2350  <... mprotect resumed>)           = 0
2349  mprotect(0x7f655417d000, 4096, PROT_READ|PROT_WRITE <unfinished ...>
2348  <... mprotect resumed>)           = 0
2347  mprotect(0x7f655c157000, 4096, PROT_READ|PROT_WRITE <unfinished ...>
2346  <... mprotect resumed>)           = 0
2345  mprotect(0x7f6568142000, 4096, PROT_READ|PROT_WRITE <unfinished ...>
2344  <... mprotect resumed>)           = 0
2349  <... mprotect resumed>)           = 0
2346  mprotect(0x7f6564148000, 4096, PROT_READ|PROT_WRITE <unfinished ...>
2351  mprotect(0x7f654c19c000, 4096, PROT_READ|PROT_WRITE <unfinished ...>
2350  mprotect(0x7f655818c000, 4096, PROT_READ|PROT_WRITE <unfinished ...>
2348  mprotect(0x7f6560167000, 4096, PROT_READ|PROT_WRITE <unfinished ...>
2347  <... mprotect resumed>)           = 0
2346  <... mprotect resumed>)           = 0
2345  <... mprotect resumed>)           = 0
2344  mprotect(0x7f6570144000, 4096, PROT_READ|PROT_WRITE <unfinished ...>
2351  <... mprotect resumed>)           = 0
2350  <... mprotect resumed>)           = 0
2349  mprotect(0x7f655417e000, 4096, PROT_READ|PROT_WRITE <unfinished ...>
2348  <... mprotect resumed>)           = 0
2351  mprotect(0x7f654c19d000, 4096, PROT_READ|PROT_WRITE <unfinished ...>
2349  <... mprotect resumed>)           = 0
2348  mprotect(0x7f6560168000, 4096, PROT_READ|PROT_WRITE <unfinished ...>
2347  mprotect(0x7f655c158000, 4096, PROT_READ|PROT_WRITE <unfinished ...>
2346  mprotect(0x7f6564149000, 4096, PROT_READ|PROT_WRITE <unfinished ...>
2345  mprotect(0x7f6568143000, 4096, PROT_READ|PROT_WRITE <unfinished ...>
2344  <... mprotect resumed>)           = 0
2351  <... mprotect resumed>)           = 0
2350  mprotect(0x7f655818d000, 4096, PROT_READ|PROT_WRITE <unfinished ...>
2348  <... mprotect resumed>)           = 0
2347  <... mprotect resumed>)           = 0
2350  <... mprotect resumed>)           = 0
2349  mprotect(0x7f655417f000, 4096, PROT_READ|PROT_WRITE <unfinished ...>
2346  <... mprotect resumed>)           = 0
2345  <... mprotect resumed>)           = 0
2344  mprotect(0x7f6570145000, 4096, PROT_READ|PROT_WRITE <unfinished ...>
2351  mprotect(0x7f654c19e000, 4096, PROT_READ|PROT_WRITE <unfinished ...>
2349  <... mprotect resumed>)           = 0
2348  mprotect(0x7f6560169000, 4096, PROT_READ|PROT_WRITE <unfinished ...>
2346  mprotect(0x7f656414a000, 4096, PROT_READ|PROT_WRITE <unfinished ...>
2351  <... mprotect resumed>)           = 0
2350  mprotect(0x7f655818e000, 4096, PROT_READ|PROT_WRITE <unfinished ...>
2347  mprotect(0x7f655c159000, 4096, PROT_READ|PROT_WRITE <unfinished ...>
2345  mprotect(0x7f6568144000, 4096, PROT_READ|PROT_WRITE <unfinished ...>
2344  <... mprotect resumed>)           = 0
2349  mprotect(0x7f6554180000, 4096, PROT_READ|PROT_WRITE <unfinished ...>
2348  <... mprotect resumed>)           = 0
2351  mprotect(0x7f654c19f000, 4096, PROT_READ|PROT_WRITE <unfinished ...>
2350  <... mprotect resumed>)           = 0
2349  <... mprotect resumed>)           = 0
2347  <... mprotect resumed>)           = 0
2346  <... mprotect resumed>)           = 0
2345  <... mprotect resumed>)           = 0
2344  mprotect(0x7f6570146000, 4096, PROT_READ|PROT_WRITE <unfinished ...>
2351  <... mprotect resumed>)           = 0
2350  mprotect(0x7f655818f000, 4096, PROT_READ|PROT_WRITE <unfinished ...>
2348  mprotect(0x7f656016a000, 4096, PROT_READ|PROT_WRITE <unfinished ...>
2349  mprotect(0x7f6554181000, 4096, PROT_READ|PROT_WRITE <unfinished ...>
2347  mprotect(0x7f655c15a000, 4096, PROT_READ|PROT_WRITE <unfinished ...>
2344  <... mprotect resumed>)           = 0
2349  <... mprotect resumed>)           = 0
2346  mprotect(0x7f656414b000, 4096, PROT_READ|PROT_WRITE <unfinished ...>
2345  mprotect(0x7f6568145000, 4096, PROT_READ|PROT_WRITE <unfinished ...>
2344  mprotect(0x7f6570147000, 4096, PROT_READ|PROT_WRITE <unfinished ...>
2350  <... mprotect resumed>)           = 0
2349  mprotect(0x7f6554182000, 4096, PROT_READ|PROT_WRITE <unfinished ...>
2346  <... mprotect resumed>)           = 0
2351  mprotect(0x7f654c1a0000, 4096, PROT_READ|PROT_WRITE <unfinished ...>
2350  mprotect(0x7f6558190000, 4096, PROT_READ|PROT_WRITE <unfinished ...>
2348  <... mprotect resumed>)           = 0
2345  <... mprotect resumed>)           = 0
2344  <... mprotect resumed>)           = 0
2351  <... mprotect resumed>)           = 0
2350  <... mprotect resumed>)           = 0
2349  <... mprotect resumed>)           = 0
2347  <... mprotect resumed>)           = 0
2346  mprotect(0x7f656414c000, 4096, PROT_READ|PROT_WRITE <unfinished ...>
2351  mprotect(0x7f654c1a1000, 4096, PROT_READ|PROT_WRITE <unfinished ...>
2348  mprotect(0x7f656016b000, 4096, PROT_READ|PROT_WRITE <unfinished ...>
2345  mprotect(0x7f6568146000, 4096, PROT_READ|PROT_WRITE <unfinished ...>
2344  mprotect(0x7f6570148000, 4096, PROT_READ|PROT_WRITE <unfinished ...>
2350  mprotect(0x7f6558191000, 4096, PROT_READ|PROT_WRITE <unfinished ...>
2349  mprotect(0x7f6554183000, 4096, PROT_READ|PROT_WRITE <unfinished ...>
2351  <... mprotect resumed>)           = 0
2349  <... mprotect resumed>)           = 0
2347  mprotect(0x7f655c15b000, 4096, PROT_READ|PROT_WRITE <unfinished ...>
2346  <... mprotect resumed>)           = 0
2344  <... mprotect resumed>)           = 0
2350  <... mprotect resumed>)           = 0
2348  <... mprotect resumed>)           = 0
2351  mprotect(0x7f654c1a2000, 4096, PROT_READ|PROT_WRITE <unfinished ...>
2350  mprotect(0x7f6558192000, 4096, PROT_READ|PROT_WRITE <unfinished ...>
2349  mprotect(0x7f6554184000, 4096, PROT_READ|PROT_WRITE <unfinished ...>
2347  <... mprotect resumed>)           = 0
2346  mprotect(0x7f656414d000, 4096, PROT_READ|PROT_WRITE <unfinished ...>
2345  <... mprotect resumed>)           = 0
2344  mprotect(0x7f6570149000, 4096, PROT_READ|PROT_WRITE <unfinished ...>
2351  <... mprotect resumed>)           = 0
2350  <... mprotect resumed>)           = 0
2349  <... mprotect resumed>)           = 0
2348  mprotect(0x7f656016c000, 4096, PROT_READ|PROT_WRITE <unfinished ...>
2347  mprotect(0x7f655c15c000, 4096, PROT_READ|PROT_WRITE <unfinished ...>
2346  <... mprotect resumed>)           = 0
2344  <... mprotect resumed>)           = 0
2348  <... mprotect resumed>)           = 0
2351  mprotect(0x7f654c1a3000, 4096, PROT_READ|PROT_WRITE <unfinished ...>
2347  <... mprotect resumed>)           = 0
2345  mprotect(0x7f6568147000, 4096, PROT_READ|PROT_WRITE <unfinished ...>
2346  mprotect(0x7f656414e000, 4096, PROT_READ|PROT_WRITE <unfinished ...>
2344  mprotect(0x7f657014a000, 4096, PROT_READ|PROT_WRITE <unfinished ...>
2349  mprotect(0x7f6554185000, 4096, PROT_READ|PROT_WRITE <unfinished ...>
2348  mprotect(0x7f656016d000, 4096, PROT_READ|PROT_WRITE <unfinished ...>
2344  <... mprotect resumed>)           = 0
2351  <... mprotect resumed>)           = 0
2350  mprotect(0x7f6558193000, 4096, PROT_READ|PROT_WRITE <unfinished ...>
2349  <... mprotect resumed>)           = 0
2348  <... mprotect resumed>)           = 0
2347  mprotect(0x7f655c15d000, 4096, PROT_READ|PROT_WRITE <unfinished ...>
2345  <... mprotect resumed>)           = 0
2350  <... mprotect resumed>)           = 0
2346  <... mprotect resumed>)           = 0
2344  mprotect(0x7f657014b000, 4096, PROT_READ|PROT_WRITE <unfinished ...>
2351  mprotect(0x7f654c1a4000, 4096, PROT_READ|PROT_WRITE <unfinished ...>
2350  mprotect(0x7f6558194000, 4096, PROT_READ|PROT_WRITE <unfinished ...>
2349  mprotect(0x7f6554186000, 4096, PROT_READ|PROT_WRITE <unfinished ...>
2348  mprotect(0x7f656016e000, 4096, PROT_READ|PROT_WRITE <unfinished ...>
2347  <... mprotect resumed>)           = 0
2345  mprotect(0x7f6568148000, 4096, PROT_READ|PROT_WRITE <unfinished ...>
2351  <... mprotect resumed>)           = 0
2350  <... mprotect resumed>)           = 0
2349  <... mprotect resumed>)           = 0
2346  mprotect(0x7f656414f000, 4096, PROT_READ|PROT_WRITE <unfinished ...>
2344  <... mprotect resumed>)           = 0
2351  mprotect(0x7f654c1a5000, 4096, PROT_READ|PROT_WRITE <unfinished ...>
2348  <... mprotect resumed>)           = 0
2347  mprotect(0x7f655c15e000, 4096, PROT_READ|PROT_WRITE <unfinished ...>
2345  <... mprotect resumed>)           = 0
2351  <... mprotect resumed>)           = 0
2350  mprotect(0x7f6558195000, 4096, PROT_READ|PROT_WRITE <unfinished ...>
2349  mprotect(0x7f6554187000, 4096, PROT_READ|PROT_WRITE <unfinished ...>
2346  <... mprotect resumed>)           = 0
2348  mprotect(0x7f656016f000, 4096, PROT_READ|PROT_WRITE <unfinished ...>
2345  mprotect(0x7f6568149000, 4096, PROT_READ|PROT_WRITE <unfinished ...>
2344  mprotect(0x7f657014c000, 4096, PROT_READ|PROT_WRITE <unfinished ...>
2349  <... mprotect resumed>)           = 0
2347  <... mprotect resumed>)           = 0
2348  <... mprotect resumed>)           = 0
2350  <... mprotect resumed>)           = 0
2351  mprotect(0x7f654c1a6000, 4096, PROT_READ|PROT_WRITE <unfinished ...>
2349  mprotect(0x7f6554188000, 4096, PROT_READ|PROT_WRITE <unfinished ...>
2346  mprotect(0x7f6564150000, 4096, PROT_READ|PROT_WRITE <unfinished ...>
2344  <... mprotect resumed>)           = 0
2350  mprotect(0x7f6558196000, 4096, PROT_READ|PROT_WRITE <unfinished ...>
2348  mprotect(0x7f6560170000, 4096, PROT_READ|PROT_WRITE <unfinished ...>
2345  <... mprotect resumed>)           = 0
2351  <... mprotect resumed>)           = 0
2349  <... mprotect resumed>)           = 0
2347  mprotect(0x7f655c15f000, 4096, PROT_READ|PROT_WRITE <unfinished ...>
2346  <... mprotect resumed>)           = 0
2350  <... mprotect resumed>)           = 0
2344  mprotect(0x7f657014d000, 4096, PROT_READ|PROT_WRITE <unfinished ...>
2351  mprotect(0x7f654c1a7000, 4096, PROT_READ|PROT_WRITE <unfinished ...>
2349  mprotect(0x7f6554189000, 4096, PROT_READ|PROT_WRITE <unfinished ...>
2348  <... mprotect resumed>)           = 0
2347  <... mprotect resumed>)           = 0
2346  mprotect(0x7f6564151000, 4096, PROT_READ|PROT_WRITE <unfinished ...>
2345  mprotect(0x7f656814a000, 4096, PROT_READ|PROT_WRITE <unfinished ...>
2344  <... mprotect resumed>)           = 0
2351  <... mprotect resumed>)           = 0
2350  mprotect(0x7f6558197000, 4096, PROT_READ|PROT_WRITE <unfinished ...>
2349  <... mprotect resumed>)           = 0
2348  mprotect(0x7f6560171000, 4096, PROT_READ|PROT_WRITE <unfinished ...>
2346  <... mprotect resumed>)           = 0
2347  mprotect(0x7f655c160000, 4096, PROT_READ|PROT_WRITE <unfinished ...>
2351  mprotect(0x7f654c1a8000, 4096, PROT_READ|PROT_WRITE <unfinished ...>
2350  <... mprotect resumed>)           = 0
2349  mprotect(0x7f655418a000, 4096, PROT_READ|PROT_WRITE <unfinished ...>
2348  <... mprotect resumed>)           = 0
2345  <... mprotect resumed>)           = 0
2344  mprotect(0x7f657014e000, 4096, PROT_READ|PROT_WRITE <unfinished ...>
2346  mprotect(0x7f6564152000, 4096, PROT_READ|PROT_WRITE <unfinished ...>
2347  <... mprotect resumed>)           = 0
2351  <... mprotect resumed>)           = 0
2349  <... mprotect resumed>)           = 0
2348  mprotect(0x7f6560172000, 4096, PROT_READ|PROT_WRITE <unfinished ...>
2347  mprotect(0x7f655c161000, 4096, PROT_READ|PROT_WRITE <unfinished ...>
2346  <... mprotect resumed>)           = 0
2345  mprotect(0x7f656814b000, 4096, PROT_READ|PROT_WRITE <unfinished ...>
2344  <... mprotect resumed>)           = 0
2351  mprotect(0x7f654c1a9000, 4096, PROT_READ|PROT_WRITE <unfinished ...>
2350  mprotect(0x7f6558198000, 4096, PROT_READ|PROT_WRITE <unfinished ...>
2348  <... mprotect resumed>)           = 0
2347  <... mprotect resumed>)           = 0
2349  mprotect(0x7f655418b000, 4096, PROT_READ|PROT_WRITE <unfinished ...>
2346  mprotect(0x7f6564153000, 4096, PROT_READ|PROT_WRITE <unfinished ...>
2345  <... mprotect resumed>)           = 0
2349  <... mprotect resumed>)           = 0
2344  mprotect(0x7f657014f000, 4096, PROT_READ|PROT_WRITE <unfinished ...>
2351  <... mprotect resumed>)           = 0
2350  <... mprotect resumed>)           = 0
2347  mprotect(0x7f655c162000, 4096, PROT_READ|PROT_WRITE <unfinished ...>
2346  <... mprotect resumed>)           = 0
2349  mprotect(0x7f655418c000, 4096, PROT_READ|PROT_WRITE <unfinished ...>
2348  mprotect(0x7f6560173000, 4096, PROT_READ|PROT_WRITE <unfinished ...>
2344  <... mprotect resumed>)           = 0
2351  mprotect(0x7f654c1aa000, 4096, PROT_READ|PROT_WRITE <unfinished ...>
2349  <... mprotect resumed>)           = 0
2347  <... mprotect resumed>)           = 0
2345  mprotect(0x7f656814c000, 4096, PROT_READ|PROT_WRITE <unfinished ...>
2350  mprotect(0x7f6558199000, 4096, PROT_READ|PROT_WRITE) = 0
2348  <... mprotect resumed>)           = 0
2346  mprotect(0x7f6564154000, 4096, PROT_READ|PROT_WRITE <unfinished ...>
2345  <... mprotect resumed>)           = 0
2344  mprotect(0x7f6570150000, 4096, PROT_READ|PROT_WRITE <unfinished ...>
2351  <... mprotect resumed>)           = 0
2350  mprotect(0x7f655819a000, 4096, PROT_READ|PROT_WRITE <unfinished ...>
2349  mprotect(0x7f655418d000, 4096, PROT_READ|PROT_WRITE <unfinished ...>
2348  mprotect(0x7f6560174000, 4096, PROT_READ|PROT_WRITE <unfinished ...>
2347  mprotect(0x7f655c163000, 4096, PROT_READ|PROT_WRITE <unfinished ...>
2346  <... mprotect resumed>)           = 0
2345  mprotect(0x7f656814d000, 4096, PROT_READ|PROT_WRITE <unfinished ...>
2351  mprotect(0x7f654c1ab000, 4096, PROT_READ|PROT_WRITE <unfinished ...>
2350  <... mprotect resumed>)           = 0
2349  <... mprotect resumed>)           = 0
2347  <... mprotect resumed>)           = 0
2344  <... mprotect resumed>)           = 0
2348  <... mprotect resumed>)           = 0
2351  <... mprotect resumed>)           = 0
2346  mprotect(0x7f6564155000, 4096, PROT_READ|PROT_WRITE <unfinished ...>
2345  <... mprotect resumed>)           = 0
2347  mprotect(0x7f655c164000, 4096, PROT_READ|PROT_WRITE <unfinished ...>
2351  mprotect(0x7f654c1ac000, 4096, PROT_READ|PROT_WRITE <unfinished ...>
2350  mprotect(0x7f655819b000, 4096, PROT_READ|PROT_WRITE <unfinished ...>
2349  mprotect(0x7f655418e000, 4096, PROT_READ|PROT_WRITE <unfinished ...>
2348  mprotect(0x7f6560175000, 4096, PROT_READ|PROT_WRITE <unfinished ...>
2347  <... mprotect resumed>)           = 0
2346  <... mprotect resumed>)           = 0
2344  mprotect(0x7f6570151000, 4096, PROT_READ|PROT_WRITE <unfinished ...>
2351  <... mprotect resumed>)           = 0
2350  <... mprotect resumed>)           = 0
2349  <... mprotect resumed>)           = 0
2348  <... mprotect resumed>)           = 0
2345  mprotect(0x7f656814e000, 4096, PROT_READ|PROT_WRITE <unfinished ...>
2347  mprotect(0x7f655c165000, 4096, PROT_READ|PROT_WRITE <unfinished ...>
2351  mprotect(0x7f654c1ad000, 4096, PROT_READ|PROT_WRITE <unfinished ...>
2344  <... mprotect resumed>)           = 0
2347  <... mprotect resumed>)           = 0
2346  mprotect(0x7f6564156000, 4096, PROT_READ|PROT_WRITE <unfinished ...>
2345  <... mprotect resumed>)           = 0
2350  mprotect(0x7f655819c000, 4096, PROT_READ|PROT_WRITE <unfinished ...>
2349  mprotect(0x7f655418f000, 4096, PROT_READ|PROT_WRITE <unfinished ...>
2348  mprotect(0x7f6560176000, 4096, PROT_READ|PROT_WRITE <unfinished ...>
2351  <... mprotect resumed>)           = 0
2347  mprotect(0x7f655c166000, 4096, PROT_READ|PROT_WRITE <unfinished ...>
2346  <... mprotect resumed>)           = 0
2344  mprotect(0x7f6570152000, 4096, PROT_READ|PROT_WRITE <unfinished ...>
2351  mprotect(0x7f654c1ae000, 4096, PROT_READ|PROT_WRITE <unfinished ...>
2350  <... mprotect resumed>)           = 0
2349  <... mprotect resumed>)           = 0
2348  <... mprotect resumed>)           = 0
2347  <... mprotect resumed>)           = 0
2346  mprotect(0x7f6564157000, 4096, PROT_READ|PROT_WRITE <unfinished ...>
2345  mprotect(0x7f656814f000, 4096, PROT_READ|PROT_WRITE <unfinished ...>
2344  <... mprotect resumed>)           = 0
2351  <... mprotect resumed>)           = 0
2350  mprotect(0x7f655819d000, 4096, PROT_READ|PROT_WRITE <unfinished ...>
2349  mprotect(0x7f6554190000, 4096, PROT_READ|PROT_WRITE <unfinished ...>
2348  mprotect(0x7f6560177000, 4096, PROT_READ|PROT_WRITE <unfinished ...>
2347  mprotect(0x7f655c167000, 4096, PROT_READ|PROT_WRITE <unfinished ...>
2351  mprotect(0x7f654c1af000, 4096, PROT_READ|PROT_WRITE) = 0
2350  <... mprotect resumed>)           = 0
2349  <... mprotect resumed>)           = 0
2348  <... mprotect resumed>)           = 0
2346  <... mprotect resumed>)           = 0
2345  <... mprotect resumed>)           = 0
2351  mprotect(0x7f654c1b0000, 4096, PROT_READ|PROT_WRITE <unfinished ...>
2350  mprotect(0x7f655819e000, 4096, PROT_READ|PROT_WRITE <unfinished ...>
2347  <... mprotect resumed>)           = 0
2344  mprotect(0x7f6570153000, 4096, PROT_READ|PROT_WRITE <unfinished ...>
2351  <... mprotect resumed>)           = 0
2349  mprotect(0x7f6554191000, 4096, PROT_READ|PROT_WRITE <unfinished ...>
2348  mprotect(0x7f6560178000, 4096, PROT_READ|PROT_WRITE <unfinished ...>
2345  mprotect(0x7f6568150000, 4096, PROT_READ|PROT_WRITE <unfinished ...>
2351  mprotect(0x7f654c1b1000, 4096, PROT_READ|PROT_WRITE <unfinished ...>
2350  <... mprotect resumed>)           = 0
2349  <... mprotect resumed>)           = 0
2348  <... mprotect resumed>)           = 0
2347  mprotect(0x7f655c168000, 4096, PROT_READ|PROT_WRITE <unfinished ...>
2346  mprotect(0x7f6564158000, 4096, PROT_READ|PROT_WRITE <unfinished ...>
2344  <... mprotect resumed>)           = 0
2351  <... mprotect resumed>)           = 0
2350  mprotect(0x7f655819f000, 4096, PROT_READ|PROT_WRITE <unfinished ...>
2349  mprotect(0x7f6554192000, 4096, PROT_READ|PROT_WRITE <unfinished ...>
2347  <... mprotect resumed>)           = 0
2346  <... mprotect resumed>)           = 0
2345  <... mprotect resumed>)           = 0
2350  <... mprotect resumed>)           = 0
2348  mprotect(0x7f6560179000, 4096, PROT_READ|PROT_WRITE <unfinished ...>
2344  mprotect(0x7f6570154000, 4096, PROT_READ|PROT_WRITE <unfinished ...>
2351  mprotect(0x7f654c1b2000, 4096, PROT_READ|PROT_WRITE <unfinished ...>
2350  mprotect(0x7f65581a0000, 4096, PROT_READ|PROT_WRITE <unfinished ...>
2349  <... mprotect resumed>)           = 0
2348  <... mprotect resumed>)           = 0
2347  mprotect(0x7f655c169000, 4096, PROT_READ|PROT_WRITE <unfinished ...>
2346  mprotect(0x7f6564159000, 4096, PROT_READ|PROT_WRITE <unfinished ...>
2345  mprotect(0x7f6568151000, 4096, PROT_READ|PROT_WRITE <unfinished ...>
2351  <... mprotect resumed>)           = 0
2350  <... mprotect resumed>)           = 0
2349  mprotect(0x7f6554193000, 4096, PROT_READ|PROT_WRITE <unfinished ...>
2344  <... mprotect resumed>)           = 0
2348  mprotect(0x7f656017a000, 4096, PROT_READ|PROT_WRITE <unfinished ...>
2347  <... mprotect resumed>)           = 0
2346  <... mprotect resumed>)           = 0
2345  <... mprotect resumed>)           = 0
2350  mprotect(0x7f65581a1000, 4096, PROT_READ|PROT_WRITE <unfinished ...>
2349  <... mprotect resumed>)           = 0
2350  <... mprotect resumed>)           = 0
2351  mprotect(0x7f654c1b3000, 4096, PROT_READ|PROT_WRITE <unfinished ...>
2349  mprotect(0x7f6554194000, 4096, PROT_READ|PROT_WRITE <unfinished ...>
2348  <... mprotect resumed>)           = 0
2347  mprotect(0x7f655c16a000, 4096, PROT_READ|PROT_WRITE <unfinished ...>
2346  mprotect(0x7f656415a000, 4096, PROT_READ|PROT_WRITE <unfinished ...>
2344  mprotect(0x7f6570155000, 4096, PROT_READ|PROT_WRITE <unfinished ...>
2351  <... mprotect resumed>)           = 0
2350  mprotect(0x7f65581a2000, 4096, PROT_READ|PROT_WRITE <unfinished ...>
2345  mprotect(0x7f6568152000, 4096, PROT_READ|PROT_WRITE <unfinished ...>
2349  <... mprotect resumed>)           = 0
2348  mprotect(0x7f656017b000, 4096, PROT_READ|PROT_WRITE <unfinished ...>
2347  <... mprotect resumed>)           = 0
2346  <... mprotect resumed>)           = 0
2344  <... mprotect resumed>)           = 0
2351  mprotect(0x7f654c1b4000, 4096, PROT_READ|PROT_WRITE <unfinished ...>
2350  <... mprotect resumed>)           = 0
2348  <... mprotect resumed>)           = 0
2345  <... mprotect resumed>)           = 0
2351  <... mprotect resumed>)           = 0
2349  mprotect(0x7f6554195000, 4096, PROT_READ|PROT_WRITE <unfinished ...>
2347  mprotect(0x7f655c16b000, 4096, PROT_READ|PROT_WRITE <unfinished ...>
2346  mprotect(0x7f656415b000, 4096, PROT_READ|PROT_WRITE <unfinished ...>
2344  mprotect(0x7f6570156000, 4096, PROT_READ|PROT_WRITE <unfinished ...>
2351  mprotect(0x7f654c1b5000, 4096, PROT_READ|PROT_WRITE <unfinished ...>
2350  mprotect(0x7f65581a3000, 4096, PROT_READ|PROT_WRITE <unfinished ...>
2349  <... mprotect resumed>)           = 0
2348  mprotect(0x7f656017c000, 4096, PROT_READ|PROT_WRITE <unfinished ...>
2347  <... mprotect resumed>)           = 0
2345  mprotect(0x7f6568153000, 4096, PROT_READ|PROT_WRITE <unfinished ...>
2346  <... mprotect resumed>)           = 0
2344  <... mprotect resumed>)           = 0
2351  <... mprotect resumed>)           = 0
2350  <... mprotect resumed>)           = 0
2349  mprotect(0x7f6554196000, 4096, PROT_READ|PROT_WRITE <unfinished ...>
2348  <... mprotect resumed>)           = 0
2345  <... mprotect resumed>)           = 0
2351  mprotect(0x7f654c1b6000, 4096, PROT_READ|PROT_WRITE <unfinished ...>
2347  mprotect(0x7f655c16c000, 4096, PROT_READ|PROT_WRITE <unfinished ...>
2346  mprotect(0x7f656415c000, 4096, PROT_READ|PROT_WRITE <unfinished ...>
2344  mprotect(0x7f6570157000, 4096, PROT_READ|PROT_WRITE <unfinished ...>
2351  <... mprotect resumed>)           = 0
2350  mprotect(0x7f65581a4000, 4096, PROT_READ|PROT_WRITE <unfinished ...>
2349  <... mprotect resumed>)           = 0
2348  mprotect(0x7f656017d000, 4096, PROT_READ|PROT_WRITE <unfinished ...>
2347  <... mprotect resumed>)           = 0
2346  <... mprotect resumed>)           = 0
2345  mprotect(0x7f6568154000, 4096, PROT_READ|PROT_WRITE <unfinished ...>
2344  <... mprotect resumed>)           = 0
2351  mprotect(0x7f654c1b7000, 4096, PROT_READ|PROT_WRITE <unfinished ...>
2349  mprotect(0x7f6554197000, 4096, PROT_READ|PROT_WRITE <unfinished ...>
2347  mprotect(0x7f655c16d000, 4096, PROT_READ|PROT_WRITE <unfinished ...>
2345  <... mprotect resumed>)           = 0
2351  <... mprotect resumed>)           = 0
2348  <... mprotect resumed>)           = 0
2346  mprotect(0x7f656415d000, 4096, PROT_READ|PROT_WRITE <unfinished ...>
2349  <... mprotect resumed>)           = 0
2351  mprotect(0x7f654c1b8000, 4096, PROT_READ|PROT_WRITE <unfinished ...>
2350  <... mprotect resumed>)           = 0
2347  <... mprotect resumed>)           = 0
2346  <... mprotect resumed>)           = 0
2345  mprotect(0x7f6568155000, 4096, PROT_READ|PROT_WRITE <unfinished ...>
2344  mprotect(0x7f6570158000, 4096, PROT_READ|PROT_WRITE <unfinished ...>
2351  <... mprotect resumed>)           = 0
2349  mprotect(0x7f6554198000, 4096, PROT_READ|PROT_WRITE <unfinished ...>
2348  mprotect(0x7f656017e000, 4096, PROT_READ|PROT_WRITE <unfinished ...>
2347  mprotect(0x7f655c16e000, 4096, PROT_READ|PROT_WRITE <unfinished ...>
2351  mprotect(0x7f654c1b9000, 4096, PROT_READ|PROT_WRITE <unfinished ...>
2350  mprotect(0x7f65581a5000, 4096, PROT_READ|PROT_WRITE <unfinished ...>
2349  <... mprotect resumed>)           = 0
2346  mprotect(0x7f656415e000, 4096, PROT_READ|PROT_WRITE <unfinished ...>
2345  <... mprotect resumed>)           = 0
2344  <... mprotect resumed>)           = 0
2351  <... mprotect resumed>)           = 0
2348  <... mprotect resumed>)           = 0
2350  <... mprotect resumed>)           = 0
2347  <... mprotect resumed>)           = 0
2346  <... mprotect resumed>)           = 0
2345  mprotect(0x7f6568156000, 4096, PROT_READ|PROT_WRITE <unfinished ...>
2351  mprotect(0x7f654c1ba000, 4096, PROT_READ|PROT_WRITE <unfinished ...>
2347  mprotect(0x7f655c16f000, 4096, PROT_READ|PROT_WRITE <unfinished ...>
2350  mprotect(0x7f65581a6000, 4096, PROT_READ|PROT_WRITE <unfinished ...>
2349  mprotect(0x7f6554199000, 4096, PROT_READ|PROT_WRITE <unfinished ...>
2348  mprotect(0x7f656017f000, 4096, PROT_READ|PROT_WRITE <unfinished ...>
2346  mprotect(0x7f656415f000, 4096, PROT_READ|PROT_WRITE <unfinished ...>
2344  mprotect(0x7f6570159000, 4096, PROT_READ|PROT_WRITE <unfinished ...>
2351  <... mprotect resumed>)           = 0
2350  <... mprotect resumed>)           = 0
2349  <... mprotect resumed>)           = 0
2348  <... mprotect resumed>)           = 0
2347  <... mprotect resumed>)           = 0
2346  <... mprotect resumed>)           = 0
2345  <... mprotect resumed>)           = 0
2351  mprotect(0x7f654c1bb000, 4096, PROT_READ|PROT_WRITE <unfinished ...>
2350  mprotect(0x7f65581a7000, 4096, PROT_READ|PROT_WRITE <unfinished ...>
2349  mprotect(0x7f655419a000, 4096, PROT_READ|PROT_WRITE <unfinished ...>
2348  mprotect(0x7f6560180000, 4096, PROT_READ|PROT_WRITE <unfinished ...>
2344  <... mprotect resumed>)           = 0
2351  <... mprotect resumed>)           = 0
2346  mprotect(0x7f6564160000, 4096, PROT_READ|PROT_WRITE <unfinished ...>
2345  mprotect(0x7f6568157000, 4096, PROT_READ|PROT_WRITE <unfinished ...>
2349  <... mprotect resumed>)           = 0
2348  <... mprotect resumed>)           = 0
2347  mprotect(0x7f655c170000, 4096, PROT_READ|PROT_WRITE <unfinished ...>
2350  <... mprotect resumed>)           = 0
2345  <... mprotect resumed>)           = 0
2344  mprotect(0x7f657015a000, 4096, PROT_READ|PROT_WRITE <unfinished ...>
2349  mprotect(0x7f655419b000, 4096, PROT_READ|PROT_WRITE <unfinished ...>
2348  mprotect(0x7f6560181000, 4096, PROT_READ|PROT_WRITE <unfinished ...>
2347  <... mprotect resumed>)           = 0
2346  <... mprotect resumed>)           = 0
2349  <... mprotect resumed>)           = 0
2348  <... mprotect resumed>)           = 0
2344  <... mprotect resumed>)           = 0
2345  mprotect(0x7f6568158000, 4096, PROT_READ|PROT_WRITE <unfinished ...>
2351  mprotect(0x7f654c1bc000, 4096, PROT_READ|PROT_WRITE <unfinished ...>
2350  mprotect(0x7f65581a8000, 4096, PROT_READ|PROT_WRITE <unfinished ...>
2349  mprotect(0x7f655419c000, 4096, PROT_READ|PROT_WRITE <unfinished ...>
2346  mprotect(0x7f6564161000, 4096, PROT_READ|PROT_WRITE <unfinished ...>
2345  <... mprotect resumed>)           = 0
2351  <... mprotect resumed>)           = 0
2349  <... mprotect resumed>)           = 0
2348  mprotect(0x7f6560182000, 4096, PROT_READ|PROT_WRITE <unfinished ...>
2347  mprotect(0x7f655c171000, 4096, PROT_READ|PROT_WRITE <unfinished ...>
2344  mprotect(0x7f657015b000, 4096, PROT_READ|PROT_WRITE <unfinished ...>
2350  <... mprotect resumed>)           = 0
2349  mprotect(0x7f655419d000, 4096, PROT_READ|PROT_WRITE <unfinished ...>
2348  <... mprotect resumed>)           = 0
2346  <... mprotect resumed>)           = 0
2345  mprotect(0x7f6568159000, 4096, PROT_READ|PROT_WRITE <unfinished ...>
2344  <... mprotect resumed>)           = 0
2351  mprotect(0x7f654c1bd000, 4096, PROT_READ|PROT_WRITE <unfinished ...>
2349  <... mprotect resumed>)           = 0
2347  <... mprotect resumed>)           = 0
2350  mprotect(0x7f65581a9000, 4096, PROT_READ|PROT_WRITE <unfinished ...>
2348  mprotect(0x7f6560183000, 4096, PROT_READ|PROT_WRITE <unfinished ...>
2346  mprotect(0x7f6564162000, 4096, PROT_READ|PROT_WRITE <unfinished ...>
2345  <... mprotect resumed>)           = 0
2351  <... mprotect resumed>)           = 0
2350  <... mprotect resumed>)           = 0
2349  mprotect(0x7f655419e000, 4096, PROT_READ|PROT_WRITE <unfinished ...>
2347  mprotect(0x7f655c172000, 4096, PROT_READ|PROT_WRITE <unfinished ...>
2344  mprotect(0x7f657015c000, 4096, PROT_READ|PROT_WRITE <unfinished ...>
2346  <... mprotect resumed>)           = 0
2351  mprotect(0x7f654c1be000, 4096, PROT_READ|PROT_WRITE <unfinished ...>
2350  mprotect(0x7f65581aa000, 4096, PROT_READ|PROT_WRITE <unfinished ...>
2349  <... mprotect resumed>)           = 0
2348  <... mprotect resumed>)           = 0
2347  <... mprotect resumed>)           = 0
2345  mprotect(0x7f656815a000, 4096, PROT_READ|PROT_WRITE <unfinished ...>
2344  <... mprotect resumed>)           = 0
2351  <... mprotect resumed>)           = 0
2350  <... mprotect resumed>)           = 0
2346  mprotect(0x7f6564163000, 4096, PROT_READ|PROT_WRITE <unfinished ...>
2349  mprotect(0x7f655419f000, 4096, PROT_READ|PROT_WRITE <unfinished ...>
2345  <... mprotect resumed>)           = 0
2347  mprotect(0x7f655c173000, 4096, PROT_READ|PROT_WRITE <unfinished ...>
2346  <... mprotect resumed>)           = 0
2347  <... mprotect resumed>)           = 0
2345  mprotect(0x7f656815b000, 4096, PROT_READ|PROT_WRITE <unfinished ...>
2349  <... mprotect resumed>)           = 0
2348  mprotect(0x7f6560184000, 4096, PROT_READ|PROT_WRITE <unfinished ...>
2346  mprotect(0x7f6564164000, 4096, PROT_READ|PROT_WRITE <unfinished ...>
2347  mprotect(0x7f655c174000, 4096, PROT_READ|PROT_WRITE <unfinished ...>
2345  <... mprotect resumed>)           = 0
2346  <... mprotect resumed>)           = 0
2350  mprotect(0x7f65581ab000, 4096, PROT_READ|PROT_WRITE <unfinished ...>
2348  <... mprotect resumed>)           = 0
2347  <... mprotect resumed>)           = 0
2350  <... mprotect resumed>)           = 0
2349  mprotect(0x7f65541a0000, 4096, PROT_READ|PROT_WRITE <unfinished ...>
2346  mprotect(0x7f6564165000, 4096, PROT_READ|PROT_WRITE <unfinished ...>
2345  mprotect(0x7f656815c000, 4096, PROT_READ|PROT_WRITE <unfinished ...>
2344  mprotect(0x7f657015d000, 4096, PROT_READ|PROT_WRITE <unfinished ...>
2351  mprotect(0x7f654c1bf000, 4096, PROT_READ|PROT_WRITE <unfinished ...>
2350  mprotect(0x7f65581ac000, 4096, PROT_READ|PROT_WRITE <unfinished ...>
2349  <... mprotect resumed>)           = 0
2348  mprotect(0x7f6560185000, 4096, PROT_READ|PROT_WRITE <unfinished ...>
2347  mprotect(0x7f655c175000, 4096, PROT_READ|PROT_WRITE <unfinished ...>
2346  <... mprotect resumed>)           = 0
2345  <... mprotect resumed>)           = 0
2351  <... mprotect resumed>)           = 0
2350  <... mprotect resumed>)           = 0
2344  <... mprotect resumed>)           = 0
2349  mprotect(0x7f65541a1000, 4096, PROT_READ|PROT_WRITE <unfinished ...>
2348  <... mprotect resumed>)           = 0
2347  <... mprotect resumed>)           = 0
2346  mprotect(0x7f6564166000, 4096, PROT_READ|PROT_WRITE <unfinished ...>
2345  mprotect(0x7f656815d000, 4096, PROT_READ|PROT_WRITE <unfinished ...>
2351  mprotect(0x7f654c1c0000, 4096, PROT_READ|PROT_WRITE <unfinished ...>
2350  mprotect(0x7f65581ad000, 4096, PROT_READ|PROT_WRITE <unfinished ...>
2349  <... mprotect resumed>)           = 0
2344  mprotect(0x7f657015e000, 4096, PROT_READ|PROT_WRITE <unfinished ...>
2351  <... mprotect resumed>)           = 0
2350  <... mprotect resumed>)           = 0
2348  mprotect(0x7f6560186000, 4096, PROT_READ|PROT_WRITE <unfinished ...>
2347  mprotect(0x7f655c176000, 4096, PROT_READ|PROT_WRITE <unfinished ...>
2346  <... mprotect resumed>)           = 0
2345  <... mprotect resumed>)           = 0
2351  mprotect(0x7f654c1c1000, 4096, PROT_READ|PROT_WRITE <unfinished ...>
2350  mprotect(0x7f65581ae000, 4096, PROT_READ|PROT_WRITE <unfinished ...>
2349  mprotect(0x7f65541a2000, 4096, PROT_READ|PROT_WRITE <unfinished ...>
2347  <... mprotect resumed>)           = 0
2344  <... mprotect resumed>)           = 0
2351  <... mprotect resumed>)           = 0
2350  <... mprotect resumed>)           = 0
2348  <... mprotect resumed>)           = 0
2346  mprotect(0x7f6564167000, 4096, PROT_READ|PROT_WRITE <unfinished ...>
2345  mprotect(0x7f656815e000, 4096, PROT_READ|PROT_WRITE <unfinished ...>
2349  <... mprotect resumed>)           = 0
2347  mprotect(0x7f655c177000, 4096, PROT_READ|PROT_WRITE <unfinished ...>
2346  <... mprotect resumed>)           = 0
2344  mprotect(0x7f657015f000, 4096, PROT_READ|PROT_WRITE <unfinished ...>
2351  mprotect(0x7f654c1c2000, 4096, PROT_READ|PROT_WRITE <unfinished ...>
2350  mprotect(0x7f65581af000, 4096, PROT_READ|PROT_WRITE <unfinished ...>
2349  mprotect(0x7f65541a3000, 4096, PROT_READ|PROT_WRITE <unfinished ...>
2348  mprotect(0x7f6560187000, 4096, PROT_READ|PROT_WRITE <unfinished ...>
2347  <... mprotect resumed>)           = 0
2345  <... mprotect resumed>)           = 0
2351  <... mprotect resumed>)           = 0
2350  <... mprotect resumed>)           = 0
2349  <... mprotect resumed>)           = 0
2346  mprotect(0x7f6564168000, 4096, PROT_READ|PROT_WRITE <unfinished ...>
2344  <... mprotect resumed>)           = 0
2348  <... mprotect resumed>)           = 0
2347  mprotect(0x7f655c178000, 4096, PROT_READ|PROT_WRITE <unfinished ...>
2345  mprotect(0x7f656815f000, 4096, PROT_READ|PROT_WRITE <unfinished ...>
2351  mprotect(0x7f654c1c3000, 4096, PROT_READ|PROT_WRITE <unfinished ...>
2346  <... mprotect resumed>)           = 0
2345  <... mprotect resumed>)           = 0
2351  <... mprotect resumed>)           = 0
2349  mprotect(0x7f65541a4000, 4096, PROT_READ|PROT_WRITE <unfinished ...>
2344  mprotect(0x7f6570160000, 4096, PROT_READ|PROT_WRITE <unfinished ...>
2350  mprotect(0x7f65581b0000, 4096, PROT_READ|PROT_WRITE <unfinished ...>
2346  mprotect(0x7f6564169000, 4096, PROT_READ|PROT_WRITE <unfinished ...>
2351  mprotect(0x7f654c1c4000, 4096, PROT_READ|PROT_WRITE <unfinished ...>
2349  <... mprotect resumed>)           = 0
2347  <... mprotect resumed>)           = 0
2345  mprotect(0x7f6568160000, 4096, PROT_READ|PROT_WRITE <unfinished ...>
2351  <... mprotect resumed>)           = 0
2350  <... mprotect resumed>)           = 0
2346  <... mprotect resumed>)           = 0
2349  mprotect(0x7f65541a5000, 4096, PROT_READ|PROT_WRITE <unfinished ...>
2348  mprotect(0x7f6560188000, 4096, PROT_READ|PROT_WRITE <unfinished ...>
2344  <... mprotect resumed>)           = 0
2347  mprotect(0x7f655c179000, 4096, PROT_READ|PROT_WRITE <unfinished ...>
2346  mprotect(0x7f656416a000, 4096, PROT_READ|PROT_WRITE <unfinished ...>
2345  <... mprotect resumed>)           = 0
2349  <... mprotect resumed>)           = 0
2347  <... mprotect resumed>)           = 0
2346  <... mprotect resumed>)           = 0
2348  <... mprotect resumed>)           = 0
2344  mprotect(0x7f6570161000, 4096, PROT_READ|PROT_WRITE <unfinished ...>
2350  mprotect(0x7f65581b1000, 4096, PROT_READ|PROT_WRITE <unfinished ...>
2344  <... mprotect resumed>)           = 0
2347  mprotect(0x7f655c17a000, 4096, PROT_READ|PROT_WRITE <unfinished ...>
2345  mprotect(0x7f6568161000, 4096, PROT_READ|PROT_WRITE <unfinished ...>
2349  mprotect(0x7f65541a6000, 4096, PROT_READ|PROT_WRITE <unfinished ...>
2350  <... mprotect resumed>)           = 0
2348  mprotect(0x7f6560189000, 4096, PROT_READ|PROT_WRITE <unfinished ...>
2345  <... mprotect resumed>)           = 0
2351  mprotect(0x7f654c1c5000, 4096, PROT_READ|PROT_WRITE <unfinished ...>
2349  <... mprotect resumed>)           = 0
2347  <... mprotect resumed>)           = 0
2346  mprotect(0x7f656416b000, 4096, PROT_READ|PROT_WRITE <unfinished ...>
2344  mprotect(0x7f6570162000, 4096, PROT_READ|PROT_WRITE <unfinished ...>
2351  <... mprotect resumed>)           = 0
2350  mprotect(0x7f65581b2000, 4096, PROT_READ|PROT_WRITE <unfinished ...>
2348  <... mprotect resumed>)           = 0
2345  mprotect(0x7f6568162000, 4096, PROT_READ|PROT_WRITE <unfinished ...>
2349  mprotect(0x7f65541a7000, 4096, PROT_READ|PROT_WRITE <unfinished ...>
2347  mprotect(0x7f655c17b000, 4096, PROT_READ|PROT_WRITE <unfinished ...>
2346  <... mprotect resumed>)           = 0
2344  <... mprotect resumed>)           = 0
2351  mprotect(0x7f654c1c6000, 4096, PROT_READ|PROT_WRITE <unfinished ...>
2350  <... mprotect resumed>)           = 0
2345  <... mprotect resumed>)           = 0
2349  <... mprotect resumed>)           = 0
2348  mprotect(0x7f656018a000, 4096, PROT_READ|PROT_WRITE <unfinished ...>
2347  <... mprotect resumed>)           = 0
2351  <... mprotect resumed>)           = 0
2350  mprotect(0x7f65581b3000, 4096, PROT_READ|PROT_WRITE <unfinished ...>
2349  mprotect(0x7f65541a8000, 4096, PROT_READ|PROT_WRITE <unfinished ...>
2346  mprotect(0x7f656416c000, 4096, PROT_READ|PROT_WRITE <unfinished ...>
2345  mprotect(0x7f6568163000, 4096, PROT_READ|PROT_WRITE <unfinished ...>
2344  mprotect(0x7f6570163000, 4096, PROT_READ|PROT_WRITE <unfinished ...>
2351  mprotect(0x7f654c1c7000, 4096, PROT_READ|PROT_WRITE <unfinished ...>
2350  <... mprotect resumed>)           = 0
2349  <... mprotect resumed>)           = 0
2348  <... mprotect resumed>)           = 0
2347  mprotect(0x7f655c17c000, 4096, PROT_READ|PROT_WRITE <unfinished ...>
2346  <... mprotect resumed>)           = 0
2345  <... mprotect resumed>)           = 0
2344  <... mprotect resumed>)           = 0
2351  <... mprotect resumed>)           = 0
2347  <... mprotect resumed>)           = 0
2350  mprotect(0x7f65581b4000, 4096, PROT_READ|PROT_WRITE <unfinished ...>
2349  mprotect(0x7f65541a9000, 4096, PROT_READ|PROT_WRITE <unfinished ...>
2348  mprotect(0x7f656018b000, 4096, PROT_READ|PROT_WRITE <unfinished ...>
2345  mprotect(0x7f6568164000, 4096, PROT_READ|PROT_WRITE <unfinished ...>
2344  mprotect(0x7f6570164000, 4096, PROT_READ|PROT_WRITE <unfinished ...>
2351  mprotect(0x7f654c1c8000, 4096, PROT_READ|PROT_WRITE <unfinished ...>
2346  mprotect(0x7f656416d000, 4096, PROT_READ|PROT_WRITE <unfinished ...>
2349  <... mprotect resumed>)           = 0
2347  mprotect(0x7f655c17d000, 4096, PROT_READ|PROT_WRITE <unfinished ...>
2344  <... mprotect resumed>)           = 0
2351  <... mprotect resumed>)           = 0
2348  <... mprotect resumed>)           = 0
2346  <... mprotect resumed>)           = 0
2350  <... mprotect resumed>)           = 0
2347  <... mprotect resumed>)           = 0
2345  <... mprotect resumed>)           = 0
2351  mprotect(0x7f654c1c9000, 4096, PROT_READ|PROT_WRITE <unfinished ...>
2348  mprotect(0x7f656018c000, 4096, PROT_READ|PROT_WRITE <unfinished ...>
2349  mprotect(0x7f65541aa000, 4096, PROT_READ|PROT_WRITE <unfinished ...>
2344  mprotect(0x7f6570165000, 4096, PROT_READ|PROT_WRITE <unfinished ...>
2351  <... mprotect resumed>)           = 0
2348  <... mprotect resumed>)           = 0
2349  <... mprotect resumed>)           = 0
2344  <... mprotect resumed>)           = 0
2346  mprotect(0x7f656416e000, 4096, PROT_READ|PROT_WRITE <unfinished ...>
2347  mprotect(0x7f655c17e000, 4096, PROT_READ|PROT_WRITE <unfinished ...>
2346  <... mprotect resumed>)           = 0
2347  <... mprotect resumed>)           = 0
2350  mprotect(0x7f65581b5000, 4096, PROT_READ|PROT_WRITE <unfinished ...>
2344  mprotect(0x7f6570166000, 4096, PROT_READ|PROT_WRITE <unfinished ...>
2351  mprotect(0x7f654c1ca000, 4096, PROT_READ|PROT_WRITE <unfinished ...>
2349  mprotect(0x7f65541ab000, 4096, PROT_READ|PROT_WRITE <unfinished ...>
2348  mprotect(0x7f656018d000, 4096, PROT_READ|PROT_WRITE <unfinished ...>
2346  mprotect(0x7f656416f000, 4096, PROT_READ|PROT_WRITE <unfinished ...>
2345  mprotect(0x7f6568165000, 4096, PROT_READ|PROT_WRITE <unfinished ...>
2351  <... mprotect resumed>)           = 0
2350  <... mprotect resumed>)           = 0
2347  mprotect(0x7f655c17f000, 4096, PROT_READ|PROT_WRITE <unfinished ...>
2344  <... mprotect resumed>)           = 0
2349  <... mprotect resumed>)           = 0
2346  <... mprotect resumed>)           = 0
2348  <... mprotect resumed>)           = 0
2345  <... mprotect resumed>)           = 0
2351  mprotect(0x7f654c1cb000, 4096, PROT_READ|PROT_WRITE <unfinished ...>
2350  mprotect(0x7f65581b6000, 4096, PROT_READ|PROT_WRITE <unfinished ...>
2349  mprotect(0x7f65541ac000, 4096, PROT_READ|PROT_WRITE <unfinished ...>
2348  mprotect(0x7f656018e000, 4096, PROT_READ|PROT_WRITE <unfinished ...>
2347  <... mprotect resumed>)           = 0
2346  mprotect(0x7f6564170000, 4096, PROT_READ|PROT_WRITE <unfinished ...>
2344  mprotect(0x7f6570167000, 4096, PROT_READ|PROT_WRITE <unfinished ...>
2351  <... mprotect resumed>)           = 0
2350  <... mprotect resumed>)           = 0
2349  <... mprotect resumed>)           = 0
2348  <... mprotect resumed>)           = 0
2347  mprotect(0x7f655c180000, 4096, PROT_READ|PROT_WRITE <unfinished ...>
2346  <... mprotect resumed>)           = 0
2345  mprotect(0x7f6568166000, 4096, PROT_READ|PROT_WRITE <unfinished ...>
2344  <... mprotect resumed>)           = 0
2351  mprotect(0x7f654c1cc000, 4096, PROT_READ|PROT_WRITE <unfinished ...>
2350  mprotect(0x7f65581b7000, 4096, PROT_READ|PROT_WRITE <unfinished ...>
2348  mprotect(0x7f656018f000, 4096, PROT_READ|PROT_WRITE <unfinished ...>
2347  <... mprotect resumed>)           = 0
2351  <... mprotect resumed>)           = 0
2349  mprotect(0x7f65541ad000, 4096, PROT_READ|PROT_WRITE <unfinished ...>
2346  mprotect(0x7f6564171000, 4096, PROT_READ|PROT_WRITE <unfinished ...>
2345  <... mprotect resumed>)           = 0
2351  mprotect(0x7f654c1cd000, 4096, PROT_READ|PROT_WRITE <unfinished ...>
2350  <... mprotect resumed>)           = 0
2349  <... mprotect resumed>)           = 0
2348  <... mprotect resumed>)           = 0
2347  mprotect(0x7f655c181000, 4096, PROT_READ|PROT_WRITE <unfinished ...>
2346  <... mprotect resumed>)           = 0
2344  mprotect(0x7f6570168000, 4096, PROT_READ|PROT_WRITE <unfinished ...>
2351  <... mprotect resumed>)           = 0
2350  mprotect(0x7f65581b8000, 4096, PROT_READ|PROT_WRITE <unfinished ...>
2349  mprotect(0x7f65541ae000, 4096, PROT_READ|PROT_WRITE <unfinished ...>
2345  mprotect(0x7f6568167000, 4096, PROT_READ|PROT_WRITE <unfinished ...>
2350  <... mprotect resumed>)           = 0
2349  <... mprotect resumed>)           = 0
2347  <... mprotect resumed>)           = 0
2344  <... mprotect resumed>)           = 0
2351  mprotect(0x7f654c1ce000, 4096, PROT_READ|PROT_WRITE <unfinished ...>
2348  mprotect(0x7f6560190000, 4096, PROT_READ|PROT_WRITE <unfinished ...>
2346  mprotect(0x7f6564172000, 4096, PROT_READ|PROT_WRITE <unfinished ...>
2345  <... mprotect resumed>)           = 0
2351  <... mprotect resumed>)           = 0
2350  mprotect(0x7f65581b9000, 4096, PROT_READ|PROT_WRITE <unfinished ...>
2349  mprotect(0x7f65541af000, 4096, PROT_READ|PROT_WRITE <unfinished ...>
2347  mprotect(0x7f655c182000, 4096, PROT_READ|PROT_WRITE <unfinished ...>
2346  <... mprotect resumed>)           = 0
2351  mprotect(0x7f654c1cf000, 4096, PROT_READ|PROT_WRITE <unfinished ...>
2350  <... mprotect resumed>)           = 0
2349  <... mprotect resumed>)           = 0
2348  <... mprotect resumed>)           = 0
2345  mprotect(0x7f6568168000, 4096, PROT_READ|PROT_WRITE <unfinished ...>
2344  mprotect(0x7f6570169000, 4096, PROT_READ|PROT_WRITE <unfinished ...>
2347  <... mprotect resumed>)           = 0
2350  mprotect(0x7f65581ba000, 4096, PROT_READ|PROT_WRITE <unfinished ...>
2351  <... mprotect resumed>)           = 0
2349  mprotect(0x7f65541b0000, 4096, PROT_READ|PROT_WRITE <unfinished ...>
2346  mprotect(0x7f6564173000, 4096, PROT_READ|PROT_WRITE <unfinished ...>
2344  <... mprotect resumed>)           = 0
2351  mprotect(0x7f654c1d0000, 4096, PROT_READ|PROT_WRITE <unfinished ...>
2350  <... mprotect resumed>)           = 0
2349  <... mprotect resumed>)           = 0
2348  mprotect(0x7f6560191000, 4096, PROT_READ|PROT_WRITE <unfinished ...>
2347  mprotect(0x7f655c183000, 4096, PROT_READ|PROT_WRITE <unfinished ...>
2346  <... mprotect resumed>)           = 0
2345  <... mprotect resumed>)           = 0
2351  <... mprotect resumed>)           = 0
2350  mprotect(0x7f65581bb000, 4096, PROT_READ|PROT_WRITE <unfinished ...>
2349  mprotect(0x7f65541b1000, 4096, PROT_READ|PROT_WRITE <unfinished ...>
2348  <... mprotect resumed>)           = 0
2347  <... mprotect resumed>)           = 0
2344  mprotect(0x7f657016a000, 4096, PROT_READ|PROT_WRITE <unfinished ...>
2350  <... mprotect resumed>)           = 0
2349  <... mprotect resumed>)           = 0
2346  mprotect(0x7f6564174000, 4096, PROT_READ|PROT_WRITE <unfinished ...>
2345  mprotect(0x7f6568169000, 4096, PROT_READ|PROT_WRITE <unfinished ...>
2351  mprotect(0x7f654c1d1000, 4096, PROT_READ|PROT_WRITE <unfinished ...>
2348  mprotect(0x7f6560192000, 4096, PROT_READ|PROT_WRITE <unfinished ...>
2347  mprotect(0x7f655c184000, 4096, PROT_READ|PROT_WRITE <unfinished ...>
2344  <... mprotect resumed>)           = 0
2350  mprotect(0x7f65581bc000, 4096, PROT_READ|PROT_WRITE <unfinished ...>
2349  mprotect(0x7f65541b2000, 4096, PROT_READ|PROT_WRITE <unfinished ...>
2347  <... mprotect resumed>)           = 0
2351  <... mprotect resumed>)           = 0
2350  <... mprotect resumed>)           = 0
2349  <... mprotect resumed>)           = 0
2348  <... mprotect resumed>)           = 0
2346  <... mprotect resumed>)           = 0
2345  <... mprotect resumed>)           = 0
2344  mprotect(0x7f657016b000, 4096, PROT_READ|PROT_WRITE <unfinished ...>
2351  mprotect(0x7f654c1d2000, 4096, PROT_READ|PROT_WRITE <unfinished ...>
2350  mprotect(0x7f65581bd000, 4096, PROT_READ|PROT_WRITE <unfinished ...>
2347  mprotect(0x7f655c185000, 4096, PROT_READ|PROT_WRITE <unfinished ...>
2351  <... mprotect resumed>)           = 0
2349  mprotect(0x7f65541b3000, 4096, PROT_READ|PROT_WRITE <unfinished ...>
2348  mprotect(0x7f6560193000, 4096, PROT_READ|PROT_WRITE <unfinished ...>
2346  mprotect(0x7f6564175000, 4096, PROT_READ|PROT_WRITE <unfinished ...>
2345  mprotect(0x7f656816a000, 4096, PROT_READ|PROT_WRITE <unfinished ...>
2344  <... mprotect resumed>)           = 0
2346  <... mprotect resumed>)           = 0
2349  <... mprotect resumed>)           = 0
2345  <... mprotect resumed>)           = 0
2346  mprotect(0x7f6564176000, 4096, PROT_READ|PROT_WRITE) = 0
2351  mprotect(0x7f654c1d3000, 4096, PROT_READ|PROT_WRITE <unfinished ...>
2347  <... mprotect resumed>)           = 0
2346  mprotect(0x7f6564177000, 4096, PROT_READ|PROT_WRITE <unfinished ...>
2344  mprotect(0x7f657016c000, 4096, PROT_READ|PROT_WRITE <unfinished ...>
2349  mprotect(0x7f65541b4000, 4096, PROT_READ|PROT_WRITE <unfinished ...>
2351  <... mprotect resumed>)           = 0
2350  <... mprotect resumed>)           = 0
2349  <... mprotect resumed>)           = 0
2345  mprotect(0x7f656816b000, 4096, PROT_READ|PROT_WRITE <unfinished ...>
2344  <... mprotect resumed>)           = 0
2351  mprotect(0x7f654c1d4000, 4096, PROT_READ|PROT_WRITE <unfinished ...>
2348  <... mprotect resumed>)           = 0
2347  mprotect(0x7f655c186000, 4096, PROT_READ|PROT_WRITE <unfinished ...>
2346  <... mprotect resumed>)           = 0
2351  <... mprotect resumed>)           = 0
2350  mprotect(0x7f65581be000, 4096, PROT_READ|PROT_WRITE <unfinished ...>
2349  mprotect(0x7f65541b5000, 4096, PROT_READ|PROT_WRITE <unfinished ...>
2345  <... mprotect resumed>)           = 0
2344  mprotect(0x7f657016d000, 4096, PROT_READ|PROT_WRITE <unfinished ...>
2351  mprotect(0x7f654c1d5000, 4096, PROT_READ|PROT_WRITE <unfinished ...>
2350  <... mprotect resumed>)           = 0
2349  <... mprotect resumed>)           = 0
2348  mprotect(0x7f6560194000, 4096, PROT_READ|PROT_WRITE <unfinished ...>
2347  <... mprotect resumed>)           = 0
2346  mprotect(0x7f6564178000, 4096, PROT_READ|PROT_WRITE <unfinished ...>
2345  mprotect(0x7f656816c000, 4096, PROT_READ|PROT_WRITE <unfinished ...>
2344  <... mprotect resumed>)           = 0
2351  <... mprotect resumed>)           = 0
2350  mprotect(0x7f65581bf000, 4096, PROT_READ|PROT_WRITE <unfinished ...>
2349  mprotect(0x7f65541b6000, 4096, PROT_READ|PROT_WRITE <unfinished ...>
2348  <... mprotect resumed>)           = 0
2347  mprotect(0x7f655c187000, 4096, PROT_READ|PROT_WRITE <unfinished ...>
2346  <... mprotect resumed>)           = 0
2351  mprotect(0x7f654c1d6000, 4096, PROT_READ|PROT_WRITE <unfinished ...>
2350  <... mprotect resumed>)           = 0
2349  <... mprotect resumed>)           = 0
2348  mprotect(0x7f6560195000, 4096, PROT_READ|PROT_WRITE <unfinished ...>
2347  <... mprotect resumed>)           = 0
2345  <... mprotect resumed>)           = 0
2344  mprotect(0x7f657016e000, 4096, PROT_READ|PROT_WRITE <unfinished ...>
2351  <... mprotect resumed>)           = 0
2344  <... mprotect resumed>)           = 0
2348  <... mprotect resumed>)           = 0
2346  mprotect(0x7f6564179000, 4096, PROT_READ|PROT_WRITE <unfinished ...>
2351  mprotect(0x7f654c1d7000, 4096, PROT_READ|PROT_WRITE <unfinished ...>
2350  mprotect(0x7f65581c0000, 4096, PROT_READ|PROT_WRITE <unfinished ...>
2349  mprotect(0x7f65541b7000, 4096, PROT_READ|PROT_WRITE <unfinished ...>
2348  mprotect(0x7f6560196000, 4096, PROT_READ|PROT_WRITE <unfinished ...>
2351  <... mprotect resumed>)           = 0
2347  mprotect(0x7f655c188000, 4096, PROT_READ|PROT_WRITE <unfinished ...>
2350  <... mprotect resumed>)           = 0
2349  <... mprotect resumed>)           = 0
2346  <... mprotect resumed>)           = 0
2345  mprotect(0x7f656816d000, 4096, PROT_READ|PROT_WRITE <unfinished ...>
2348  <... mprotect resumed>)           = 0
2344  mprotect(0x7f657016f000, 4096, PROT_READ|PROT_WRITE <unfinished ...>
2351  mprotect(0x7f654c1d8000, 4096, PROT_READ|PROT_WRITE <unfinished ...>
2350  mprotect(0x7f65581c1000, 4096, PROT_READ|PROT_WRITE <unfinished ...>
2349  mprotect(0x7f65541b8000, 4096, PROT_READ|PROT_WRITE <unfinished ...>
2347  <... mprotect resumed>)           = 0
2346  mprotect(0x7f656417a000, 4096, PROT_READ|PROT_WRITE <unfinished ...>
2351  <... mprotect resumed>)           = 0
2350  <... mprotect resumed>)           = 0
2349  <... mprotect resumed>)           = 0
2348  mprotect(0x7f6560197000, 4096, PROT_READ|PROT_WRITE <unfinished ...>
2345  <... mprotect resumed>)           = 0
2344  <... mprotect resumed>)           = 0
2351  mprotect(0x7f654c1d9000, 4096, PROT_READ|PROT_WRITE <unfinished ...>
2348  <... mprotect resumed>)           = 0
2347  mprotect(0x7f655c189000, 4096, PROT_READ|PROT_WRITE <unfinished ...>
2346  <... mprotect resumed>)           = 0
2351  <... mprotect resumed>)           = 0
2350  mprotect(0x7f65581c2000, 4096, PROT_READ|PROT_WRITE <unfinished ...>
2349  mprotect(0x7f65541b9000, 4096, PROT_READ|PROT_WRITE <unfinished ...>
2348  mprotect(0x7f6560198000, 4096, PROT_READ|PROT_WRITE <unfinished ...>
2344  mprotect(0x7f6570170000, 4096, PROT_READ|PROT_WRITE <unfinished ...>
2347  <... mprotect resumed>)           = 0
2346  mprotect(0x7f656417b000, 4096, PROT_READ|PROT_WRITE <unfinished ...>
2345  mprotect(0x7f656816e000, 4096, PROT_READ|PROT_WRITE <unfinished ...>
2351  mprotect(0x7f654c1da000, 4096, PROT_READ|PROT_WRITE <unfinished ...>
2350  <... mprotect resumed>)           = 0
2349  <... mprotect resumed>)           = 0
2348  <... mprotect resumed>)           = 0
2347  mprotect(0x7f655c18a000, 4096, PROT_READ|PROT_WRITE <unfinished ...>
2344  <... mprotect resumed>)           = 0
2346  <... mprotect resumed>)           = 0
2345  <... mprotect resumed>)           = 0
2351  <... mprotect resumed>)           = 0
2349  mprotect(0x7f65541ba000, 4096, PROT_READ|PROT_WRITE <unfinished ...>
2348  mprotect(0x7f6560199000, 4096, PROT_READ|PROT_WRITE <unfinished ...>
2347  <... mprotect resumed>)           = 0
2345  mprotect(0x7f656816f000, 4096, PROT_READ|PROT_WRITE <unfinished ...>
2349  <... mprotect resumed>)           = 0
2345  <... mprotect resumed>)           = 0
2344  mprotect(0x7f6570171000, 4096, PROT_READ|PROT_WRITE <unfinished ...>
2350  mprotect(0x7f65581c3000, 4096, PROT_READ|PROT_WRITE <unfinished ...>
2348  <... mprotect resumed>)           = 0
2347  mprotect(0x7f655c18b000, 4096, PROT_READ|PROT_WRITE <unfinished ...>
2345  mprotect(0x7f6568170000, 4096, PROT_READ|PROT_WRITE <unfinished ...>
2351  mprotect(0x7f654c1db000, 4096, PROT_READ|PROT_WRITE <unfinished ...>
2350  <... mprotect resumed>)           = 0
2349  mprotect(0x7f65541bb000, 4096, PROT_READ|PROT_WRITE <unfinished ...>
2348  mprotect(0x7f656019a000, 4096, PROT_READ|PROT_WRITE <unfinished ...>
2347  <... mprotect resumed>)           = 0
2346  mprotect(0x7f656417c000, 4096, PROT_READ|PROT_WRITE <unfinished ...>
2344  <... mprotect resumed>)           = 0
2351  <... mprotect resumed>)           = 0
2345  <... mprotect resumed>)           = 0
2348  <... mprotect resumed>)           = 0
2349  <... mprotect resumed>)           = 0
2350  mprotect(0x7f65581c4000, 4096, PROT_READ|PROT_WRITE <unfinished ...>
2346  <... mprotect resumed>)           = 0
2351  mprotect(0x7f654c1dc000, 4096, PROT_READ|PROT_WRITE <unfinished ...>
2350  <... mprotect resumed>)           = 0
2349  mprotect(0x7f65541bc000, 4096, PROT_READ|PROT_WRITE <unfinished ...>
2348  mprotect(0x7f656019b000, 4096, PROT_READ|PROT_WRITE <unfinished ...>
2347  mprotect(0x7f655c18c000, 4096, PROT_READ|PROT_WRITE <unfinished ...>
2345  mprotect(0x7f6568171000, 4096, PROT_READ|PROT_WRITE <unfinished ...>
2344  mprotect(0x7f6570172000, 4096, PROT_READ|PROT_WRITE <unfinished ...>
2351  <... mprotect resumed>)           = 0
2349  <... mprotect resumed>)           = 0
2348  <... mprotect resumed>)           = 0
2347  <... mprotect resumed>)           = 0
2346  mprotect(0x7f656417d000, 4096, PROT_READ|PROT_WRITE <unfinished ...>
2345  <... mprotect resumed>)           = 0
2344  <... mprotect resumed>)           = 0
2351  mprotect(0x7f654c1dd000, 4096, PROT_READ|PROT_WRITE <unfinished ...>
2350  mprotect(0x7f65581c5000, 4096, PROT_READ|PROT_WRITE <unfinished ...>
2351  <... mprotect resumed>)           = 0
2349  mprotect(0x7f65541bd000, 4096, PROT_READ|PROT_WRITE <unfinished ...>
2351  mprotect(0x7f654c1de000, 4096, PROT_READ|PROT_WRITE <unfinished ...>
2349  <... mprotect resumed>)           = 0
2348  mprotect(0x7f656019c000, 4096, PROT_READ|PROT_WRITE <unfinished ...>
2347  mprotect(0x7f655c18d000, 4096, PROT_READ|PROT_WRITE <unfinished ...>
2346  <... mprotect resumed>)           = 0
2345  mprotect(0x7f6568172000, 4096, PROT_READ|PROT_WRITE <unfinished ...>
2351  <... mprotect resumed>)           = 0
2350  <... mprotect resumed>)           = 0
2344  mprotect(0x7f6570173000, 4096, PROT_READ|PROT_WRITE <unfinished ...>
2345  <... mprotect resumed>)           = 0
2347  <... mprotect resumed>)           = 0
2348  <... mprotect resumed>)           = 0
2351  mprotect(0x7f654c1df000, 4096, PROT_READ|PROT_WRITE <unfinished ...>
2350  mprotect(0x7f65581c6000, 4096, PROT_READ|PROT_WRITE <unfinished ...>
2349  mprotect(0x7f65541be000, 4096, PROT_READ|PROT_WRITE <unfinished ...>
2348  mprotect(0x7f656019d000, 4096, PROT_READ|PROT_WRITE <unfinished ...>
2347  mprotect(0x7f655c18e000, 4096, PROT_READ|PROT_WRITE <unfinished ...>
2346  mprotect(0x7f656417e000, 4096, PROT_READ|PROT_WRITE <unfinished ...>
2345  mprotect(0x7f6568173000, 4096, PROT_READ|PROT_WRITE <unfinished ...>
2344  <... mprotect resumed>)           = 0
2351  <... mprotect resumed>)           = 0
2350  <... mprotect resumed>)           = 0
2349  <... mprotect resumed>)           = 0
2348  <... mprotect resumed>)           = 0
2347  <... mprotect resumed>)           = 0
2346  <... mprotect resumed>)           = 0
2351  mprotect(0x7f654c1e0000, 4096, PROT_READ|PROT_WRITE <unfinished ...>
2350  mprotect(0x7f65581c7000, 4096, PROT_READ|PROT_WRITE <unfinished ...>
2349  mprotect(0x7f65541bf000, 4096, PROT_READ|PROT_WRITE <unfinished ...>
2348  mprotect(0x7f656019e000, 4096, PROT_READ|PROT_WRITE <unfinished ...>
2347  mprotect(0x7f655c18f000, 4096, PROT_READ|PROT_WRITE <unfinished ...>
2345  <... mprotect resumed>)           = 0
2344  mprotect(0x7f6570174000, 4096, PROT_READ|PROT_WRITE <unfinished ...>
2351  <... mprotect resumed>)           = 0
2350  <... mprotect resumed>)           = 0
2349  <... mprotect resumed>)           = 0
2348  <... mprotect resumed>)           = 0
2346  mprotect(0x7f656417f000, 4096, PROT_READ|PROT_WRITE <unfinished ...>
2351  mprotect(0x7f654c1e1000, 4096, PROT_READ|PROT_WRITE <unfinished ...>
2347  <... mprotect resumed>)           = 0
2345  mprotect(0x7f6568174000, 4096, PROT_READ|PROT_WRITE <unfinished ...>
2344  <... mprotect resumed>)           = 0
2351  <... mprotect resumed>)           = 0
2350  mprotect(0x7f65581c8000, 4096, PROT_READ|PROT_WRITE <unfinished ...>
2349  mprotect(0x7f65541c0000, 4096, PROT_READ|PROT_WRITE <unfinished ...>
2348  mprotect(0x7f656019f000, 4096, PROT_READ|PROT_WRITE <unfinished ...>
2346  <... mprotect resumed>)           = 0
2345  <... mprotect resumed>)           = 0
2350  <... mprotect resumed>)           = 0
2347  mprotect(0x7f655c190000, 4096, PROT_READ|PROT_WRITE <unfinished ...>
2344  mprotect(0x7f6570175000, 4096, PROT_READ|PROT_WRITE <unfinished ...>
2351  mprotect(0x7f654c1e2000, 4096, PROT_READ|PROT_WRITE <unfinished ...>
2350  mprotect(0x7f65581c9000, 4096, PROT_READ|PROT_WRITE <unfinished ...>
2349  <... mprotect resumed>)           = 0
2348  <... mprotect resumed>)           = 0
2347  <... mprotect resumed>)           = 0
2346  mprotect(0x7f6564180000, 4096, PROT_READ|PROT_WRITE <unfinished ...>
2345  mprotect(0x7f6568175000, 4096, PROT_READ|PROT_WRITE <unfinished ...>
2344  <... mprotect resumed>)           = 0
2351  <... mprotect resumed>)           = 0
2350  <... mprotect resumed>)           = 0
2349  mprotect(0x7f65541c1000, 4096, PROT_READ|PROT_WRITE <unfinished ...>
2348  mprotect(0x7f65601a0000, 4096, PROT_READ|PROT_WRITE <unfinished ...>
2349  <... mprotect resumed>)           = 0
2348  <... mprotect resumed>)           = 0
2347  mprotect(0x7f655c191000, 4096, PROT_READ|PROT_WRITE <unfinished ...>
2346  <... mprotect resumed>)           = 0
2345  <... mprotect resumed>)           = 0
2344  mprotect(0x7f6570176000, 4096, PROT_READ|PROT_WRITE <unfinished ...>
2351  mprotect(0x7f654c1e3000, 4096, PROT_READ|PROT_WRITE <unfinished ...>
2350  mprotect(0x7f65581ca000, 4096, PROT_READ|PROT_WRITE <unfinished ...>
2349  mprotect(0x7f65541c2000, 4096, PROT_READ|PROT_WRITE <unfinished ...>
2348  mprotect(0x7f65601a1000, 4096, PROT_READ|PROT_WRITE <unfinished ...>
2347  <... mprotect resumed>)           = 0
2346  mprotect(0x7f6564181000, 4096, PROT_READ|PROT_WRITE <unfinished ...>
2345  mprotect(0x7f6568176000, 4096, PROT_READ|PROT_WRITE <unfinished ...>
2344  <... mprotect resumed>)           = 0
2350  <... mprotect resumed>)           = 0
2349  <... mprotect resumed>)           = 0
2351  <... mprotect resumed>)           = 0
2348  <... mprotect resumed>)           = 0
2347  mprotect(0x7f655c192000, 4096, PROT_READ|PROT_WRITE <unfinished ...>
2346  <... mprotect resumed>)           = 0
2345  <... mprotect resumed>)           = 0
2350  mprotect(0x7f65581cb000, 4096, PROT_READ|PROT_WRITE <unfinished ...>
2351  mprotect(0x7f654c1e4000, 4096, PROT_READ|PROT_WRITE <unfinished ...>
2349  mprotect(0x7f65541c3000, 4096, PROT_READ|PROT_WRITE <unfinished ...>
2347  <... mprotect resumed>)           = 0
2344  mprotect(0x7f6570177000, 4096, PROT_READ|PROT_WRITE <unfinished ...>
2351  <... mprotect resumed>)           = 0
2350  <... mprotect resumed>)           = 0
2349  <... mprotect resumed>)           = 0
2348  mprotect(0x7f65601a2000, 4096, PROT_READ|PROT_WRITE <unfinished ...>
2346  mprotect(0x7f6564182000, 4096, PROT_READ|PROT_WRITE <unfinished ...>
2345  mprotect(0x7f6568177000, 4096, PROT_READ|PROT_WRITE <unfinished ...>
2349  mprotect(0x7f65541c4000, 4096, PROT_READ|PROT_WRITE <unfinished ...>
2348  <... mprotect resumed>)           = 0
2347  mprotect(0x7f655c193000, 4096, PROT_READ|PROT_WRITE <unfinished ...>
2346  <... mprotect resumed>)           = 0
2344  <... mprotect resumed>)           = 0
2351  mprotect(0x7f654c1e5000, 4096, PROT_READ|PROT_WRITE <unfinished ...>
2350  mprotect(0x7f65581cc000, 4096, PROT_READ|PROT_WRITE <unfinished ...>
2345  <... mprotect resumed>)           = 0
2351  <... mprotect resumed>)           = 0
2349  <... mprotect resumed>)           = 0
2349  mprotect(0x7f65541c5000, 4096, PROT_READ|PROT_WRITE <unfinished ...>
2348  mprotect(0x7f65601a3000, 4096, PROT_READ|PROT_WRITE <unfinished ...>
2346  mprotect(0x7f6564183000, 4096, PROT_READ|PROT_WRITE <unfinished ...>
2351  mprotect(0x7f654c1e6000, 4096, PROT_READ|PROT_WRITE <unfinished ...>
2349  <... mprotect resumed>)           = 0
2348  <... mprotect resumed>)           = 0
2347  <... mprotect resumed>)           = 0
2346  <... mprotect resumed>)           = 0
2350  <... mprotect resumed>)           = 0
2345  mprotect(0x7f6568178000, 4096, PROT_READ|PROT_WRITE <unfinished ...>
2344  mprotect(0x7f6570178000, 4096, PROT_READ|PROT_WRITE <unfinished ...>
2351  <... mprotect resumed>)           = 0
2349  mprotect(0x7f65541c6000, 4096, PROT_READ|PROT_WRITE <unfinished ...>
2348  mprotect(0x7f65601a4000, 4096, PROT_READ|PROT_WRITE <unfinished ...>
2347  mprotect(0x7f655c194000, 4096, PROT_READ|PROT_WRITE <unfinished ...>
2346  mprotect(0x7f6564184000, 4096, PROT_READ|PROT_WRITE <unfinished ...>
2345  <... mprotect resumed>)           = 0
2348  <... mprotect resumed>)           = 0
2344  <... mprotect resumed>)           = 0
2349  <... mprotect resumed>)           = 0
2346  <... mprotect resumed>)           = 0
2351  mprotect(0x7f654c1e7000, 4096, PROT_READ|PROT_WRITE <unfinished ...>
2350  mprotect(0x7f65581cd000, 4096, PROT_READ|PROT_WRITE <unfinished ...>
2349  mprotect(0x7f65541c7000, 4096, PROT_READ|PROT_WRITE <unfinished ...>
2347  <... mprotect resumed>)           = 0
2345  mprotect(0x7f6568179000, 4096, PROT_READ|PROT_WRITE <unfinished ...>
2344  mprotect(0x7f6570179000, 4096, PROT_READ|PROT_WRITE <unfinished ...>
2348  mprotect(0x7f65601a5000, 4096, PROT_READ|PROT_WRITE <unfinished ...>
2346  mprotect(0x7f6564185000, 4096, PROT_READ|PROT_WRITE <unfinished ...>
2351  <... mprotect resumed>)           = 0
2350  <... mprotect resumed>)           = 0
2349  <... mprotect resumed>)           = 0
2348  <... mprotect resumed>)           = 0
2347  mprotect(0x7f655c195000, 4096, PROT_READ|PROT_WRITE <unfinished ...>
2345  <... mprotect resumed>)           = 0
2344  <... mprotect resumed>)           = 0
2346  <... mprotect resumed>)           = 0
2351  mprotect(0x7f654c1e8000, 4096, PROT_READ|PROT_WRITE <unfinished ...>
2349  mprotect(0x7f65541c8000, 4096, PROT_READ|PROT_WRITE <unfinished ...>
2348  mprotect(0x7f65601a6000, 4096, PROT_READ|PROT_WRITE <unfinished ...>
2347  <... mprotect resumed>)           = 0
2351  <... mprotect resumed>)           = 0
2350  mprotect(0x7f65581ce000, 4096, PROT_READ|PROT_WRITE <unfinished ...>
2346  mprotect(0x7f6564186000, 4096, PROT_READ|PROT_WRITE <unfinished ...>
2345  mprotect(0x7f656817a000, 4096, PROT_READ|PROT_WRITE <unfinished ...>
2344  mprotect(0x7f657017a000, 4096, PROT_READ|PROT_WRITE <unfinished ...>
2348  <... mprotect resumed>)           = 0
2350  <... mprotect resumed>)           = 0
2349  <... mprotect resumed>)           = 0
2347  mprotect(0x7f655c196000, 4096, PROT_READ|PROT_WRITE <unfinished ...>
2351  mprotect(0x7f654c1e9000, 4096, PROT_READ|PROT_WRITE <unfinished ...>
2346  <... mprotect resumed>)           = 0
2349  mprotect(0x7f65541c9000, 4096, PROT_READ|PROT_WRITE <unfinished ...>
2348  mprotect(0x7f65601a7000, 4096, PROT_READ|PROT_WRITE <unfinished ...>
2347  <... mprotect resumed>)           = 0
2345  <... mprotect resumed>)           = 0
2351  <... mprotect resumed>)           = 0
2344  <... mprotect resumed>)           = 0
2350  mprotect(0x7f65581cf000, 4096, PROT_READ|PROT_WRITE <unfinished ...>
2349  <... mprotect resumed>)           = 0
2346  mprotect(0x7f6564187000, 4096, PROT_READ|PROT_WRITE <unfinished ...>
2348  <... mprotect resumed>)           = 0
2347  mprotect(0x7f655c197000, 4096, PROT_READ|PROT_WRITE <unfinished ...>
2351  mprotect(0x7f654c1ea000, 4096, PROT_READ|PROT_WRITE <unfinished ...>
2350  <... mprotect resumed>)           = 0
2351  <... mprotect resumed>)           = 0
2349  mprotect(0x7f65541ca000, 4096, PROT_READ|PROT_WRITE <unfinished ...>
2348  mprotect(0x7f65601a8000, 4096, PROT_READ|PROT_WRITE <unfinished ...>
2347  <... mprotect resumed>)           = 0
2346  <... mprotect resumed>)           = 0
2345  mprotect(0x7f656817b000, 4096, PROT_READ|PROT_WRITE <unfinished ...>
2344  mprotect(0x7f657017b000, 4096, PROT_READ|PROT_WRITE <unfinished ...>
2349  <... mprotect resumed>)           = 0
2349  mprotect(0x7f65541cb000, 4096, PROT_READ|PROT_WRITE <unfinished ...>
2348  <... mprotect resumed>)           = 0
2345  <... mprotect resumed>)           = 0
2344  <... mprotect resumed>)           = 0
2347  mprotect(0x7f655c198000, 4096, PROT_READ|PROT_WRITE <unfinished ...>
2351  mprotect(0x7f654c1eb000, 4096, PROT_READ|PROT_WRITE) = 0
2350  mprotect(0x7f65581d0000, 4096, PROT_READ|PROT_WRITE <unfinished ...>
2349  <... mprotect resumed>)           = 0
2346  mprotect(0x7f6564188000, 4096, PROT_READ|PROT_WRITE <unfinished ...>
2347  <... mprotect resumed>)           = 0
2350  <... mprotect resumed>)           = 0
2349  mprotect(0x7f65541cc000, 4096, PROT_READ|PROT_WRITE <unfinished ...>
2344  mprotect(0x7f657017c000, 4096, PROT_READ|PROT_WRITE <unfinished ...>
2351  mprotect(0x7f654c1ec000, 4096, PROT_READ|PROT_WRITE <unfinished ...>
2348  mprotect(0x7f65601a9000, 4096, PROT_READ|PROT_WRITE <unfinished ...>
2346  <... mprotect resumed>)           = 0
2345  mprotect(0x7f656817c000, 4096, PROT_READ|PROT_WRITE <unfinished ...>
2351  <... mprotect resumed>)           = 0
2349  <... mprotect resumed>)           = 0
2347  mprotect(0x7f655c199000, 4096, PROT_READ|PROT_WRITE <unfinished ...>
2344  <... mprotect resumed>)           = 0
2350  mprotect(0x7f65581d1000, 4096, PROT_READ|PROT_WRITE <unfinished ...>
2349  mprotect(0x7f65541cd000, 4096, PROT_READ|PROT_WRITE <unfinished ...>
2348  <... mprotect resumed>)           = 0
2346  mprotect(0x7f6564189000, 4096, PROT_READ|PROT_WRITE <unfinished ...>
2345  <... mprotect resumed>)           = 0
2351  mprotect(0x7f654c1ed000, 4096, PROT_READ|PROT_WRITE <unfinished ...>
2350  <... mprotect resumed>)           = 0
2349  <... mprotect resumed>)           = 0
2347  <... mprotect resumed>)           = 0
2344  mprotect(0x7f657017d000, 4096, PROT_READ|PROT_WRITE <unfinished ...>
2346  <... mprotect resumed>)           = 0
2351  <... mprotect resumed>)           = 0
2344  <... mprotect resumed>)           = 0
2351  mprotect(0x7f654c1ee000, 4096, PROT_READ|PROT_WRITE <unfinished ...>
2349  mprotect(0x7f65541ce000, 4096, PROT_READ|PROT_WRITE <unfinished ...>
2348  mprotect(0x7f65601aa000, 4096, PROT_READ|PROT_WRITE <unfinished ...>
2347  mprotect(0x7f655c19a000, 4096, PROT_READ|PROT_WRITE <unfinished ...>
2346  mprotect(0x7f656418a000, 4096, PROT_READ|PROT_WRITE <unfinished ...>
2345  mprotect(0x7f656817d000, 4096, PROT_READ|PROT_WRITE <unfinished ...>
2344  mprotect(0x7f657017e000, 4096, PROT_READ|PROT_WRITE <unfinished ...>
2351  <... mprotect resumed>)           = 0
2351  mprotect(0x7f654c1ef000, 4096, PROT_READ|PROT_WRITE <unfinished ...>
2350  mprotect(0x7f65581d2000, 4096, PROT_READ|PROT_WRITE <unfinished ...>
2349  <... mprotect resumed>)           = 0
2348  <... mprotect resumed>)           = 0
2347  <... mprotect resumed>)           = 0
2345  <... mprotect resumed>)           = 0
2344  <... mprotect resumed>)           = 0
2351  <... mprotect resumed>)           = 0
2350  <... mprotect resumed>)           = 0
2346  <... mprotect resumed>)           = 0
2349  mprotect(0x7f65541cf000, 4096, PROT_READ|PROT_WRITE <unfinished ...>
2348  mprotect(0x7f65601ab000, 4096, PROT_READ|PROT_WRITE <unfinished ...>
2347  mprotect(0x7f655c19b000, 4096, PROT_READ|PROT_WRITE <unfinished ...>
2345  mprotect(0x7f656817e000, 4096, PROT_READ|PROT_WRITE <unfinished ...>
2344  mprotect(0x7f657017f000, 4096, PROT_READ|PROT_WRITE <unfinished ...>
2351  mprotect(0x7f654c1f0000, 4096, PROT_READ|PROT_WRITE <unfinished ...>
2349  <... mprotect resumed>)           = 0
2347  <... mprotect resumed>)           = 0
2346  mprotect(0x7f656418b000, 4096, PROT_READ|PROT_WRITE <unfinished ...>
2351  <... mprotect resumed>)           = 0
2350  mprotect(0x7f65581d3000, 4096, PROT_READ|PROT_WRITE <unfinished ...>
2348  <... mprotect resumed>)           = 0
2345  <... mprotect resumed>)           = 0
2344  <... mprotect resumed>)           = 0
2349  mprotect(0x7f65541d0000, 4096, PROT_READ|PROT_WRITE <unfinished ...>
2347  mprotect(0x7f655c19c000, 4096, PROT_READ|PROT_WRITE <unfinished ...>
2346  <... mprotect resumed>)           = 0
2351  mprotect(0x7f654c1f1000, 4096, PROT_READ|PROT_WRITE <unfinished ...>
2350  <... mprotect resumed>)           = 0
2348  mprotect(0x7f65601ac000, 4096, PROT_READ|PROT_WRITE <unfinished ...>
2345  mprotect(0x7f656817f000, 4096, PROT_READ|PROT_WRITE <unfinished ...>
2351  <... mprotect resumed>)           = 0
2349  <... mprotect resumed>)           = 0
2347  <... mprotect resumed>)           = 0
2346  mprotect(0x7f656418c000, 4096, PROT_READ|PROT_WRITE <unfinished ...>
2344  mprotect(0x7f6570180000, 4096, PROT_READ|PROT_WRITE <unfinished ...>
2348  <... mprotect resumed>)           = 0
2346  <... mprotect resumed>)           = 0
2345  <... mprotect resumed>)           = 0
2350  mprotect(0x7f65581d4000, 4096, PROT_READ|PROT_WRITE <unfinished ...>
2347  mprotect(0x7f655c19d000, 4096, PROT_READ|PROT_WRITE <unfinished ...>
2344  <... mprotect resumed>)           = 0
2349  mprotect(0x7f65541d1000, 4096, PROT_READ|PROT_WRITE <unfinished ...>
2345  mprotect(0x7f6568180000, 4096, PROT_READ|PROT_WRITE <unfinished ...>
2347  <... mprotect resumed>)           = 0
2351  mprotect(0x7f654c1f2000, 4096, PROT_READ|PROT_WRITE <unfinished ...>
2350  <... mprotect resumed>)           = 0
2349  <... mprotect resumed>)           = 0
2348  mprotect(0x7f65601ad000, 4096, PROT_READ|PROT_WRITE <unfinished ...>
2347  mprotect(0x7f655c19e000, 4096, PROT_READ|PROT_WRITE <unfinished ...>
2346  mprotect(0x7f656418d000, 4096, PROT_READ|PROT_WRITE <unfinished ...>
2345  <... mprotect resumed>)           = 0
2344  mprotect(0x7f6570181000, 4096, PROT_READ|PROT_WRITE <unfinished ...>
2351  <... mprotect resumed>)           = 0
2350  mprotect(0x7f65581d5000, 4096, PROT_READ|PROT_WRITE <unfinished ...>
2349  mprotect(0x7f65541d2000, 4096, PROT_READ|PROT_WRITE <unfinished ...>
2348  <... mprotect resumed>)           = 0
2347  <... mprotect resumed>)           = 0
2346  <... mprotect resumed>)           = 0
2345  mprotect(0x7f6568181000, 4096, PROT_READ|PROT_WRITE <unfinished ...>
2344  <... mprotect resumed>)           = 0
2351  mprotect(0x7f654c1f3000, 4096, PROT_READ|PROT_WRITE) = 0
2350  <... mprotect resumed>)           = 0
2349  <... mprotect resumed>)           = 0
2348  mprotect(0x7f65601ae000, 4096, PROT_READ|PROT_WRITE <unfinished ...>
2347  mprotect(0x7f655c19f000, 4096, PROT_READ|PROT_WRITE <unfinished ...>
2345  <... mprotect resumed>)           = 0
2351  mprotect(0x7f654c1f4000, 4096, PROT_READ|PROT_WRITE <unfinished ...>
2350  mprotect(0x7f65581d6000, 4096, PROT_READ|PROT_WRITE <unfinished ...>
2349  mprotect(0x7f65541d3000, 4096, PROT_READ|PROT_WRITE <unfinished ...>
2348  <... mprotect resumed>)           = 0
2346  mprotect(0x7f656418e000, 4096, PROT_READ|PROT_WRITE <unfinished ...>
2344  mprotect(0x7f6570182000, 4096, PROT_READ|PROT_WRITE <unfinished ...>
2347  <... mprotect resumed>)           = 0
2351  <... mprotect resumed>)           = 0
2346  <... mprotect resumed>)           = 0
2344  <... mprotect resumed>)           = 0
2350  <... mprotect resumed>)           = 0
2349  <... mprotect resumed>)           = 0
2347  mprotect(0x7f655c1a0000, 4096, PROT_READ|PROT_WRITE <unfinished ...>
2345  mprotect(0x7f6568182000, 4096, PROT_READ|PROT_WRITE <unfinished ...>
2351  mprotect(0x7f654c1f5000, 4096, PROT_READ|PROT_WRITE <unfinished ...>
2350  mprotect(0x7f65581d7000, 4096, PROT_READ|PROT_WRITE <unfinished ...>
2349  mprotect(0x7f65541d4000, 4096, PROT_READ|PROT_WRITE <unfinished ...>
2351  <... mprotect resumed>)           = 0
2348  mprotect(0x7f65601af000, 4096, PROT_READ|PROT_WRITE <unfinished ...>
2347  <... mprotect resumed>)           = 0
2346  mprotect(0x7f656418f000, 4096, PROT_READ|PROT_WRITE <unfinished ...>
2345  <... mprotect resumed>)           = 0
2344  mprotect(0x7f6570183000, 4096, PROT_READ|PROT_WRITE <unfinished ...>
2351  mprotect(0x7f654c1f6000, 4096, PROT_READ|PROT_WRITE <unfinished ...>
2350  <... mprotect resumed>)           = 0
2349  <... mprotect resumed>)           = 0
2348  <... mprotect resumed>)           = 0
2347  mprotect(0x7f655c1a1000, 4096, PROT_READ|PROT_WRITE <unfinished ...>
2346  <... mprotect resumed>)           = 0
2345  mprotect(0x7f6568183000, 4096, PROT_READ|PROT_WRITE <unfinished ...>
2351  <... mprotect resumed>)           = 0
2344  <... mprotect resumed>)           = 0
2350  mprotect(0x7f65581d8000, 4096, PROT_READ|PROT_WRITE <unfinished ...>
2348  mprotect(0x7f65601b0000, 4096, PROT_READ|PROT_WRITE <unfinished ...>
2347  <... mprotect resumed>)           = 0
2351  mprotect(0x7f654c1f7000, 4096, PROT_READ|PROT_WRITE <unfinished ...>
2350  <... mprotect resumed>)           = 0
2349  mprotect(0x7f65541d5000, 4096, PROT_READ|PROT_WRITE <unfinished ...>
2346  mprotect(0x7f6564190000, 4096, PROT_READ|PROT_WRITE <unfinished ...>
2345  <... mprotect resumed>)           = 0
2344  mprotect(0x7f6570184000, 4096, PROT_READ|PROT_WRITE <unfinished ...>
2351  <... mprotect resumed>)           = 0
2348  <... mprotect resumed>)           = 0
2347  mprotect(0x7f655c1a2000, 4096, PROT_READ|PROT_WRITE <unfinished ...>
2350  mprotect(0x7f65581d9000, 4096, PROT_READ|PROT_WRITE <unfinished ...>
2346  <... mprotect resumed>)           = 0
2350  <... mprotect resumed>)           = 0
2349  <... mprotect resumed>)           = 0
2347  <... mprotect resumed>)           = 0
2345  mprotect(0x7f6568184000, 4096, PROT_READ|PROT_WRITE) = 0
2344  <... mprotect resumed>)           = 0
2351  mprotect(0x7f654c1f8000, 4096, PROT_READ|PROT_WRITE <unfinished ...>
2346  mprotect(0x7f6564191000, 4096, PROT_READ|PROT_WRITE <unfinished ...>
2350  mprotect(0x7f65581da000, 4096, PROT_READ|PROT_WRITE <unfinished ...>
2348  mprotect(0x7f65601b1000, 4096, PROT_READ|PROT_WRITE <unfinished ...>
2347  mprotect(0x7f655c1a3000, 4096, PROT_READ|PROT_WRITE <unfinished ...>
2350  <... mprotect resumed>)           = 0
2349  mprotect(0x7f65541d6000, 4096, PROT_READ|PROT_WRITE <unfinished ...>
2347  <... mprotect resumed>)           = 0
2350  mprotect(0x7f65581db000, 4096, PROT_READ|PROT_WRITE <unfinished ...>
2349  <... mprotect resumed>)           = 0
2344  mprotect(0x7f6570185000, 4096, PROT_READ|PROT_WRITE <unfinished ...>
2351  <... mprotect resumed>)           = 0
2350  <... mprotect resumed>)           = 0
2349  mprotect(0x7f65541d7000, 4096, PROT_READ|PROT_WRITE <unfinished ...>
2347  mprotect(0x7f655c1a4000, 4096, PROT_READ|PROT_WRITE <unfinished ...>
2346  <... mprotect resumed>)           = 0
2345  mprotect(0x7f6568185000, 4096, PROT_READ|PROT_WRITE <unfinished ...>
2351  mprotect(0x7f654c1f9000, 4096, PROT_READ|PROT_WRITE <unfinished ...>
2350  mprotect(0x7f65581dc000, 4096, PROT_READ|PROT_WRITE <unfinished ...>
2348  <... mprotect resumed>)           = 0
2344  <... mprotect resumed>)           = 0
2349  <... mprotect resumed>)           = 0
2346  mprotect(0x7f6564192000, 4096, PROT_READ|PROT_WRITE <unfinished ...>
2345  <... mprotect resumed>)           = 0
2351  <... mprotect resumed>)           = 0
2350  <... mprotect resumed>)           = 0
2347  <... mprotect resumed>)           = 0
2348  mprotect(0x7f65601b2000, 4096, PROT_READ|PROT_WRITE <unfinished ...>
2349  mprotect(0x7f65541d8000, 4096, PROT_READ|PROT_WRITE <unfinished ...>
2346  <... mprotect resumed>)           = 0
2344  mprotect(0x7f6570186000, 4096, PROT_READ|PROT_WRITE <unfinished ...>
2348  <... mprotect resumed>)           = 0
2347  mprotect(0x7f655c1a5000, 4096, PROT_READ|PROT_WRITE <unfinished ...>
2351  mprotect(0x7f654c1fa000, 4096, PROT_READ|PROT_WRITE <unfinished ...>
2349  <... mprotect resumed>)           = 0
2345  mprotect(0x7f6568186000, 4096, PROT_READ|PROT_WRITE <unfinished ...>
2344  <... mprotect resumed>)           = 0
2351  <... mprotect resumed>)           = 0
2350  mprotect(0x7f65581dd000, 4096, PROT_READ|PROT_WRITE <unfinished ...>
2349  mprotect(0x7f65541d9000, 4096, PROT_READ|PROT_WRITE <unfinished ...>
2348  mprotect(0x7f65601b3000, 4096, PROT_READ|PROT_WRITE <unfinished ...>
2347  <... mprotect resumed>)           = 0
2345  <... mprotect resumed>)           = 0
2344  mprotect(0x7f6570187000, 4096, PROT_READ|PROT_WRITE <unfinished ...>
2351  mprotect(0x7f654c1fb000, 4096, PROT_READ|PROT_WRITE <unfinished ...>
2350  <... mprotect resumed>)           = 0
2349  <... mprotect resumed>)           = 0
2348  <... mprotect resumed>)           = 0
2346  mprotect(0x7f6564193000, 4096, PROT_READ|PROT_WRITE <unfinished ...>
2351  <... mprotect resumed>)           = 0
2347  mprotect(0x7f655c1a6000, 4096, PROT_READ|PROT_WRITE <unfinished ...>
2344  <... mprotect resumed>)           = 0
2346  <... mprotect resumed>)           = 0
2345  mprotect(0x7f6568187000, 4096, PROT_READ|PROT_WRITE <unfinished ...>
2350  mprotect(0x7f65581de000, 4096, PROT_READ|PROT_WRITE <unfinished ...>
2348  mprotect(0x7f65601b4000, 4096, PROT_READ|PROT_WRITE <unfinished ...>
2351  mprotect(0x7f654c1fc000, 4096, PROT_READ|PROT_WRITE <unfinished ...>
2349  mprotect(0x7f65541da000, 4096, PROT_READ|PROT_WRITE <unfinished ...>
2351  <... mprotect resumed>)           = 0
2350  <... mprotect resumed>)           = 0
2348  <... mprotect resumed>)           = 0
2347  <... mprotect resumed>)           = 0
2346  mprotect(0x7f6564194000, 4096, PROT_READ|PROT_WRITE <unfinished ...>
2345  <... mprotect resumed>)           = 0
2344  mprotect(0x7f6570188000, 4096, PROT_READ|PROT_WRITE <unfinished ...>
2351  mprotect(0x7f654c1fd000, 4096, PROT_READ|PROT_WRITE <unfinished ...>
2350  mprotect(0x7f65581df000, 4096, PROT_READ|PROT_WRITE <unfinished ...>
2349  <... mprotect resumed>)           = 0
2348  mprotect(0x7f65601b5000, 4096, PROT_READ|PROT_WRITE <unfinished ...>
2347  mprotect(0x7f655c1a7000, 4096, PROT_READ|PROT_WRITE <unfinished ...>
2346  <... mprotect resumed>)           = 0
2351  <... mprotect resumed>)           = 0
2350  <... mprotect resumed>)           = 0
2347  <... mprotect resumed>)           = 0
2345  mprotect(0x7f6568188000, 4096, PROT_READ|PROT_WRITE <unfinished ...>
2344  <... mprotect resumed>)           = 0
2349  mprotect(0x7f65541db000, 4096, PROT_READ|PROT_WRITE <unfinished ...>
2348  <... mprotect resumed>)           = 0
2346  mprotect(0x7f6564195000, 4096, PROT_READ|PROT_WRITE <unfinished ...>
2345  <... mprotect resumed>)           = 0
2349  <... mprotect resumed>)           = 0
2344  mprotect(0x7f6570189000, 4096, PROT_READ|PROT_WRITE <unfinished ...>
2351  mprotect(0x7f654c1fe000, 4096, PROT_READ|PROT_WRITE <unfinished ...>
2346  <... mprotect resumed>)           = 0
2345  mprotect(0x7f6568189000, 4096, PROT_READ|PROT_WRITE <unfinished ...>
2344  <... mprotect resumed>)           = 0
2351  <... mprotect resumed>)           = 0
2347  mprotect(0x7f655c1a8000, 4096, PROT_READ|PROT_WRITE <unfinished ...>
2346  mprotect(0x7f6564196000, 4096, PROT_READ|PROT_WRITE <unfinished ...>
2345  <... mprotect resumed>)           = 0
2348  mprotect(0x7f65601b6000, 4096, PROT_READ|PROT_WRITE <unfinished ...>
2347  <... mprotect resumed>)           = 0
2345  mprotect(0x7f656818a000, 4096, PROT_READ|PROT_WRITE <unfinished ...>
2349  mprotect(0x7f65541dc000, 4096, PROT_READ|PROT_WRITE <unfinished ...>
2345  <... mprotect resumed>)           = 0
2351  mprotect(0x7f654c1ff000, 4096, PROT_READ|PROT_WRITE <unfinished ...>
2350  mprotect(0x7f65581e0000, 4096, PROT_READ|PROT_WRITE <unfinished ...>
2348  <... mprotect resumed>)           = 0
2344  mprotect(0x7f657018a000, 4096, PROT_READ|PROT_WRITE <unfinished ...>
2351  <... mprotect resumed>)           = 0
2346  <... mprotect resumed>)           = 0
2349  <... mprotect resumed>)           = 0
2347  mprotect(0x7f655c1a9000, 4096, PROT_READ|PROT_WRITE <unfinished ...>
2350  <... mprotect resumed>)           = 0
2348  mprotect(0x7f65601b7000, 4096, PROT_READ|PROT_WRITE <unfinished ...>
2345  mprotect(0x7f656818b000, 4096, PROT_READ|PROT_WRITE <unfinished ...>
2344  <... mprotect resumed>)           = 0
2348  <... mprotect resumed>)           = 0
2346  mprotect(0x7f6564197000, 4096, PROT_READ|PROT_WRITE <unfinished ...>
2345  <... mprotect resumed>)           = 0
2351  mprotect(0x7f654c200000, 4096, PROT_READ|PROT_WRITE <unfinished ...>
2349  mprotect(0x7f65541dd000, 4096, PROT_READ|PROT_WRITE <unfinished ...>
2347  <... mprotect resumed>)           = 0
2351  <... mprotect resumed>)           = 0
2350  mprotect(0x7f65581e1000, 4096, PROT_READ|PROT_WRITE <unfinished ...>
2348  mprotect(0x7f65601b8000, 4096, PROT_READ|PROT_WRITE <unfinished ...>
2346  <... mprotect resumed>)           = 0
2345  mprotect(0x7f656818c000, 4096, PROT_READ|PROT_WRITE <unfinished ...>
2344  mprotect(0x7f657018b000, 4096, PROT_READ|PROT_WRITE <unfinished ...>
2351  mmap(NULL, 266240, PROT_READ|PROT_WRITE, MAP_PRIVATE|MAP_ANONYMOUS, -1, 0 <unfinished ...>
2350  <... mprotect resumed>)           = 0
2349  <... mprotect resumed>)           = 0
2347  mprotect(0x7f655c1aa000, 4096, PROT_READ|PROT_WRITE <unfinished ...>
2348  <... mprotect resumed>)           = 0
2350  mprotect(0x7f65581e2000, 4096, PROT_READ|PROT_WRITE <unfinished ...>
2346  mprotect(0x7f6564198000, 4096, PROT_READ|PROT_WRITE <unfinished ...>
2345  <... mprotect resumed>)           = 0
2344  <... mprotect resumed>)           = 0
2350  <... mprotect resumed>)           = 0
2349  mprotect(0x7f65541de000, 4096, PROT_READ|PROT_WRITE <unfinished ...>
2348  mprotect(0x7f65601b9000, 4096, PROT_READ|PROT_WRITE <unfinished ...>
2347  <... mprotect resumed>)           = 0
2346  <... mprotect resumed>)           = 0
2351  <... mmap resumed>)               = 0x7f65741ed000
2349  <... mprotect resumed>)           = 0
2345  mprotect(0x7f656818d000, 4096, PROT_READ|PROT_WRITE <unfinished ...>
2344  mprotect(0x7f657018c000, 4096, PROT_READ|PROT_WRITE <unfinished ...>
2350  mprotect(0x7f65581e3000, 4096, PROT_READ|PROT_WRITE <unfinished ...>
2348  <... mprotect resumed>)           = 0
2347  mprotect(0x7f655c1ab000, 4096, PROT_READ|PROT_WRITE <unfinished ...>
2346  mprotect(0x7f6564199000, 4096, PROT_READ|PROT_WRITE <unfinished ...>
2345  <... mprotect resumed>)           = 0
2350  <... mprotect resumed>)           = 0
2347  <... mprotect resumed>)           = 0
2344  <... mprotect resumed>)           = 0
2349  mprotect(0x7f65541df000, 4096, PROT_READ|PROT_WRITE <unfinished ...>
2346  <... mprotect resumed>)           = 0
2349  <... mprotect resumed>)           = 0
2349  mprotect(0x7f65541e0000, 4096, PROT_READ|PROT_WRITE <unfinished ...>
2348  mprotect(0x7f65601ba000, 4096, PROT_READ|PROT_WRITE <unfinished ...>
2347  mprotect(0x7f655c1ac000, 4096, PROT_READ|PROT_WRITE <unfinished ...>
2345  mprotect(0x7f656818e000, 4096, PROT_READ|PROT_WRITE <unfinished ...>
2344  mprotect(0x7f657018d000, 4096, PROT_READ|PROT_WRITE <unfinished ...>
2349  <... mprotect resumed>)           = 0
2348  <... mprotect resumed>)           = 0
2347  <... mprotect resumed>)           = 0
2344  <... mprotect resumed>)           = 0
2350  mprotect(0x7f65581e4000, 4096, PROT_READ|PROT_WRITE <unfinished ...>
2349  mprotect(0x7f65541e1000, 4096, PROT_READ|PROT_WRITE <unfinished ...>
2348  mprotect(0x7f65601bb000, 4096, PROT_READ|PROT_WRITE <unfinished ...>
2347  mprotect(0x7f655c1ad000, 4096, PROT_READ|PROT_WRITE <unfinished ...>
2350  <... mprotect resumed>)           = 0
2344  mprotect(0x7f657018e000, 4096, PROT_READ|PROT_WRITE <unfinished ...>
2348  <... mprotect resumed>)           = 0
2349  <... mprotect resumed>)           = 0
2347  <... mprotect resumed>)           = 0
2345  <... mprotect resumed>)           = 0
2346  mprotect(0x7f656419a000, 4096, PROT_READ|PROT_WRITE <unfinished ...>
2344  <... mprotect resumed>)           = 0
2350  mprotect(0x7f65581e5000, 4096, PROT_READ|PROT_WRITE <unfinished ...>
2347  mprotect(0x7f655c1ae000, 4096, PROT_READ|PROT_WRITE <unfinished ...>
2346  <... mprotect resumed>)           = 0
2345  mprotect(0x7f656818f000, 4096, PROT_READ|PROT_WRITE <unfinished ...>
2344  mprotect(0x7f657018f000, 4096, PROT_READ|PROT_WRITE <unfinished ...>
2350  <... mprotect resumed>)           = 0
2348  mprotect(0x7f65601bc000, 4096, PROT_READ|PROT_WRITE <unfinished ...>
2344  <... mprotect resumed>)           = 0
2350  mprotect(0x7f65581e6000, 4096, PROT_READ|PROT_WRITE <unfinished ...>
2349  mprotect(0x7f65541e2000, 4096, PROT_READ|PROT_WRITE <unfinished ...>
2348  <... mprotect resumed>)           = 0
2347  <... mprotect resumed>)           = 0
2346  mprotect(0x7f656419b000, 4096, PROT_READ|PROT_WRITE <unfinished ...>
2345  <... mprotect resumed>)           = 0
2344  mprotect(0x7f6570190000, 4096, PROT_READ|PROT_WRITE <unfinished ...>
2350  <... mprotect resumed>)           = 0
2349  <... mprotect resumed>)           = 0
2348  mprotect(0x7f65601bd000, 4096, PROT_READ|PROT_WRITE <unfinished ...>
2347  mprotect(0x7f655c1af000, 4096, PROT_READ|PROT_WRITE <unfinished ...>
2346  <... mprotect resumed>)           = 0
2345  mprotect(0x7f6568190000, 4096, PROT_READ|PROT_WRITE <unfinished ...>
2344  <... mprotect resumed>)           = 0
2348  <... mprotect resumed>)           = 0
2347  <... mprotect resumed>)           = 0
2350  mprotect(0x7f65581e7000, 4096, PROT_READ|PROT_WRITE <unfinished ...>
2345  <... mprotect resumed>)           = 0
2344  mprotect(0x7f6570191000, 4096, PROT_READ|PROT_WRITE <unfinished ...>
2350  <... mprotect resumed>)           = 0
2349  mprotect(0x7f65541e3000, 4096, PROT_READ|PROT_WRITE <unfinished ...>
2347  mprotect(0x7f655c1b0000, 4096, PROT_READ|PROT_WRITE <unfinished ...>
2346  mprotect(0x7f656419c000, 4096, PROT_READ|PROT_WRITE <unfinished ...>
2345  mprotect(0x7f6568191000, 4096, PROT_READ|PROT_WRITE <unfinished ...>
2344  <... mprotect resumed>)           = 0
2350  mprotect(0x7f65581e8000, 4096, PROT_READ|PROT_WRITE <unfinished ...>
2349  <... mprotect resumed>)           = 0
2348  mprotect(0x7f65601be000, 4096, PROT_READ|PROT_WRITE <unfinished ...>
2347  <... mprotect resumed>)           = 0
2346  <... mprotect resumed>)           = 0
2345  <... mprotect resumed>)           = 0
2350  <... mprotect resumed>)           = 0
2348  <... mprotect resumed>)           = 0
2350  mprotect(0x7f65581e9000, 4096, PROT_READ|PROT_WRITE <unfinished ...>
2349  mprotect(0x7f65541e4000, 4096, PROT_READ|PROT_WRITE <unfinished ...>
2347  mprotect(0x7f655c1b1000, 4096, PROT_READ|PROT_WRITE <unfinished ...>
2346  mprotect(0x7f656419d000, 4096, PROT_READ|PROT_WRITE <unfinished ...>
2345  mprotect(0x7f6568192000, 4096, PROT_READ|PROT_WRITE <unfinished ...>
2344  mprotect(0x7f6570192000, 4096, PROT_READ|PROT_WRITE <unfinished ...>
2350  <... mprotect resumed>)           = 0
2349  <... mprotect resumed>)           = 0
2348  mprotect(0x7f65601bf000, 4096, PROT_READ|PROT_WRITE <unfinished ...>
2347  <... mprotect resumed>)           = 0
2346  <... mprotect resumed>)           = 0
2345  <... mprotect resumed>)           = 0
2344  <... mprotect resumed>)           = 0
2348  <... mprotect resumed>)           = 0
2350  mprotect(0x7f65581ea000, 4096, PROT_READ|PROT_WRITE <unfinished ...>
2349  mprotect(0x7f65541e5000, 4096, PROT_READ|PROT_WRITE <unfinished ...>
2344  mprotect(0x7f6570193000, 4096, PROT_READ|PROT_WRITE <unfinished ...>
2350  <... mprotect resumed>)           = 0
2348  mprotect(0x7f65601c0000, 4096, PROT_READ|PROT_WRITE <unfinished ...>
2347  mprotect(0x7f655c1b2000, 4096, PROT_READ|PROT_WRITE <unfinished ...>
2346  mprotect(0x7f656419e000, 4096, PROT_READ|PROT_WRITE <unfinished ...>
2345  mprotect(0x7f6568193000, 4096, PROT_READ|PROT_WRITE <unfinished ...>
2349  <... mprotect resumed>)           = 0
2347  <... mprotect resumed>)           = 0
2346  <... mprotect resumed>)           = 0
2344  <... mprotect resumed>)           = 0
2350  mprotect(0x7f65581eb000, 4096, PROT_READ|PROT_WRITE <unfinished ...>
2348  <... mprotect resumed>)           = 0
2345  <... mprotect resumed>)           = 0
2349  mprotect(0x7f65541e6000, 4096, PROT_READ|PROT_WRITE <unfinished ...>
2350  <... mprotect resumed>)           = 0
2348  mprotect(0x7f65601c1000, 4096, PROT_READ|PROT_WRITE <unfinished ...>
2349  <... mprotect resumed>)           = 0
2347  mprotect(0x7f655c1b3000, 4096, PROT_READ|PROT_WRITE <unfinished ...>
2346  mprotect(0x7f656419f000, 4096, PROT_READ|PROT_WRITE <unfinished ...>
2345  mprotect(0x7f6568194000, 4096, PROT_READ|PROT_WRITE <unfinished ...>
2344  mprotect(0x7f6570194000, 4096, PROT_READ|PROT_WRITE <unfinished ...>
2350  mprotect(0x7f65581ec000, 4096, PROT_READ|PROT_WRITE) = 0
2348  <... mprotect resumed>)           = 0
2347  <... mprotect resumed>)           = 0
2346  <... mprotect resumed>)           = 0
2344  <... mprotect resumed>)           = 0
2350  mprotect(0x7f65581ed000, 4096, PROT_READ|PROT_WRITE <unfinished ...>
2348  mprotect(0x7f65601c2000, 4096, PROT_READ|PROT_WRITE <unfinished ...>
2345  <... mprotect resumed>)           = 0
2350  <... mprotect resumed>)           = 0
2349  mprotect(0x7f65541e7000, 4096, PROT_READ|PROT_WRITE <unfinished ...>
2348  <... mprotect resumed>)           = 0
2346  mprotect(0x7f65641a0000, 4096, PROT_READ|PROT_WRITE <unfinished ...>
2344  mprotect(0x7f6570195000, 4096, PROT_READ|PROT_WRITE <unfinished ...>
2350  mprotect(0x7f65581ee000, 4096, PROT_READ|PROT_WRITE <unfinished ...>
2349  <... mprotect resumed>)           = 0
2347  mprotect(0x7f655c1b4000, 4096, PROT_READ|PROT_WRITE <unfinished ...>
2350  <... mprotect resumed>)           = 0
2348  mprotect(0x7f65601c3000, 4096, PROT_READ|PROT_WRITE <unfinished ...>
2345  mprotect(0x7f6568195000, 4096, PROT_READ|PROT_WRITE <unfinished ...>
2347  <... mprotect resumed>)           = 0
2344  <... mprotect resumed>)           = 0
2346  <... mprotect resumed>)           = 0
2349  mprotect(0x7f65541e8000, 4096, PROT_READ|PROT_WRITE <unfinished ...>
2348  <... mprotect resumed>)           = 0
2350  mprotect(0x7f65581ef000, 4096, PROT_READ|PROT_WRITE) = 0
2349  <... mprotect resumed>)           = 0
2345  <... mprotect resumed>)           = 0
2344  mprotect(0x7f6570196000, 4096, PROT_READ|PROT_WRITE <unfinished ...>
2348  mprotect(0x7f65601c4000, 4096, PROT_READ|PROT_WRITE <unfinished ...>
2347  mprotect(0x7f655c1b5000, 4096, PROT_READ|PROT_WRITE <unfinished ...>
2344  <... mprotect resumed>)           = 0
2347  <... mprotect resumed>)           = 0
2346  mprotect(0x7f65641a1000, 4096, PROT_READ|PROT_WRITE <unfinished ...>
2350  mprotect(0x7f65581f0000, 4096, PROT_READ|PROT_WRITE <unfinished ...>
2349  mprotect(0x7f65541e9000, 4096, PROT_READ|PROT_WRITE <unfinished ...>
2348  <... mprotect resumed>)           = 0
2346  <... mprotect resumed>)           = 0
2345  mprotect(0x7f6568196000, 4096, PROT_READ|PROT_WRITE <unfinished ...>
2344  mprotect(0x7f6570197000, 4096, PROT_READ|PROT_WRITE <unfinished ...>
2350  <... mprotect resumed>)           = 0
2349  <... mprotect resumed>)           = 0
2347  mprotect(0x7f655c1b6000, 4096, PROT_READ|PROT_WRITE <unfinished ...>
2345  <... mprotect resumed>)           = 0
2350  mprotect(0x7f65581f1000, 4096, PROT_READ|PROT_WRITE <unfinished ...>
2347  <... mprotect resumed>)           = 0
2346  mprotect(0x7f65641a2000, 4096, PROT_READ|PROT_WRITE <unfinished ...>
2344  <... mprotect resumed>)           = 0
2349  mprotect(0x7f65541ea000, 4096, PROT_READ|PROT_WRITE <unfinished ...>
2348  mprotect(0x7f65601c5000, 4096, PROT_READ|PROT_WRITE <unfinished ...>
2346  <... mprotect resumed>)           = 0
2345  mprotect(0x7f6568197000, 4096, PROT_READ|PROT_WRITE <unfinished ...>
2348  <... mprotect resumed>)           = 0
2350  <... mprotect resumed>)           = 0
2349  <... mprotect resumed>)           = 0
2345  <... mprotect resumed>)           = 0
2350  mprotect(0x7f65581f2000, 4096, PROT_READ|PROT_WRITE <unfinished ...>
2349  mprotect(0x7f65541eb000, 4096, PROT_READ|PROT_WRITE <unfinished ...>
2348  mprotect(0x7f65601c6000, 4096, PROT_READ|PROT_WRITE <unfinished ...>
2347  mprotect(0x7f655c1b7000, 4096, PROT_READ|PROT_WRITE <unfinished ...>
2344  mprotect(0x7f6570198000, 4096, PROT_READ|PROT_WRITE <unfinished ...>
2351  munmap(0x7f6575a31000, 135168 <unfinished ...>
2350  <... mprotect resumed>)           = 0
2349  <... mprotect resumed>)           = 0
2346  mprotect(0x7f65641a3000, 4096, PROT_READ|PROT_WRITE <unfinished ...>
2345  mprotect(0x7f6568198000, 4096, PROT_READ|PROT_WRITE <unfinished ...>
2351  <... munmap resumed>)             = 0
2348  <... mprotect resumed>)           = 0
2347  <... mprotect resumed>)           = 0
2344  <... mprotect resumed>)           = 0
2351  mprotect(0x7f654c201000, 4096, PROT_READ|PROT_WRITE <unfinished ...>
2350  mprotect(0x7f65581f3000, 4096, PROT_READ|PROT_WRITE <unfinished ...>
2349  mprotect(0x7f65541ec000, 4096, PROT_READ|PROT_WRITE <unfinished ...>
2346  <... mprotect resumed>)           = 0
2345  <... mprotect resumed>)           = 0
2351  <... mprotect resumed>)           = 0
2350  <... mprotect resumed>)           = 0
2349  <... mprotect resumed>)           = 0
2347  mprotect(0x7f655c1b8000, 4096, PROT_READ|PROT_WRITE <unfinished ...>
2344  mprotect(0x7f6570199000, 4096, PROT_READ|PROT_WRITE <unfinished ...>
2351  mprotect(0x7f654c202000, 4096, PROT_READ|PROT_WRITE <unfinished ...>
2348  mprotect(0x7f65601c7000, 4096, PROT_READ|PROT_WRITE <unfinished ...>
2346  mprotect(0x7f65641a4000, 4096, PROT_READ|PROT_WRITE <unfinished ...>
2345  mprotect(0x7f6568199000, 4096, PROT_READ|PROT_WRITE <unfinished ...>
2351  <... mprotect resumed>)           = 0
2344  <... mprotect resumed>)           = 0
2351  mprotect(0x7f654c203000, 4096, PROT_READ|PROT_WRITE <unfinished ...>
2347  <... mprotect resumed>)           = 0
2345  <... mprotect resumed>)           = 0
2348  <... mprotect resumed>)           = 0
2344  mprotect(0x7f657019a000, 4096, PROT_READ|PROT_WRITE <unfinished ...>
2346  <... mprotect resumed>)           = 0
2344  <... mprotect resumed>)           = 0
2351  <... mprotect resumed>)           = 0
2350  mprotect(0x7f65581f4000, 4096, PROT_READ|PROT_WRITE <unfinished ...>
2349  mprotect(0x7f65541ed000, 4096, PROT_READ|PROT_WRITE <unfinished ...>
2348  mprotect(0x7f65601c8000, 4096, PROT_READ|PROT_WRITE <unfinished ...>
2350  <... mprotect resumed>)           = 0
2347  mprotect(0x7f655c1b9000, 4096, PROT_READ|PROT_WRITE <unfinished ...>
2346  mprotect(0x7f65641a5000, 4096, PROT_READ|PROT_WRITE <unfinished ...>
2345  mprotect(0x7f656819a000, 4096, PROT_READ|PROT_WRITE <unfinished ...>
2344  mprotect(0x7f657019b000, 4096, PROT_READ|PROT_WRITE <unfinished ...>
2351  mprotect(0x7f654c204000, 4096, PROT_READ|PROT_WRITE <unfinished ...>
2349  <... mprotect resumed>)           = 0
2348  <... mprotect resumed>)           = 0
2350  mprotect(0x7f65581f5000, 4096, PROT_READ|PROT_WRITE <unfinished ...>
2347  <... mprotect resumed>)           = 0
2346  <... mprotect resumed>)           = 0
2351  <... mprotect resumed>)           = 0
2350  <... mprotect resumed>)           = 0
2345  <... mprotect resumed>)           = 0
2344  <... mprotect resumed>)           = 0
2351  mprotect(0x7f654c205000, 4096, PROT_READ|PROT_WRITE <unfinished ...>
2350  mprotect(0x7f65581f6000, 4096, PROT_READ|PROT_WRITE <unfinished ...>
2349  mprotect(0x7f65541ee000, 4096, PROT_READ|PROT_WRITE <unfinished ...>
2348  mprotect(0x7f65601c9000, 4096, PROT_READ|PROT_WRITE <unfinished ...>
2347  mprotect(0x7f655c1ba000, 4096, PROT_READ|PROT_WRITE <unfinished ...>
2346  mprotect(0x7f65641a6000, 4096, PROT_READ|PROT_WRITE <unfinished ...>
2351  <... mprotect resumed>)           = 0
2350  <... mprotect resumed>)           = 0
2349  <... mprotect resumed>)           = 0
2345  mprotect(0x7f656819b000, 4096, PROT_READ|PROT_WRITE <unfinished ...>
2344  mprotect(0x7f657019c000, 4096, PROT_READ|PROT_WRITE <unfinished ...>
2348  <... mprotect resumed>)           = 0
2347  <... mprotect resumed>)           = 0
2346  <... mprotect resumed>)           = 0
2351  mprotect(0x7f654c206000, 4096, PROT_READ|PROT_WRITE <unfinished ...>
2345  <... mprotect resumed>)           = 0
2344  <... mprotect resumed>)           = 0
2351  <... mprotect resumed>)           = 0
2350  mprotect(0x7f65581f7000, 4096, PROT_READ|PROT_WRITE <unfinished ...>
2349  mprotect(0x7f65541ef000, 4096, PROT_READ|PROT_WRITE <unfinished ...>
2348  mprotect(0x7f65601ca000, 4096, PROT_READ|PROT_WRITE <unfinished ...>
2347  mprotect(0x7f655c1bb000, 4096, PROT_READ|PROT_WRITE <unfinished ...>
2349  <... mprotect resumed>)           = 0
2346  mprotect(0x7f65641a7000, 4096, PROT_READ|PROT_WRITE <unfinished ...>
2350  <... mprotect resumed>)           = 0
2349  mprotect(0x7f65541f0000, 4096, PROT_READ|PROT_WRITE <unfinished ...>
2347  <... mprotect resumed>)           = 0
2345  mprotect(0x7f656819c000, 4096, PROT_READ|PROT_WRITE <unfinished ...>
2351  mprotect(0x7f654c207000, 4096, PROT_READ|PROT_WRITE <unfinished ...>
2350  mprotect(0x7f65581f8000, 4096, PROT_READ|PROT_WRITE <unfinished ...>
2346  <... mprotect resumed>)           = 0
2345  <... mprotect resumed>)           = 0
2344  mprotect(0x7f657019d000, 4096, PROT_READ|PROT_WRITE <unfinished ...>
2351  <... mprotect resumed>)           = 0
2350  <... mprotect resumed>)           = 0
2349  <... mprotect resumed>)           = 0
2348  <... mprotect resumed>)           = 0
2347  mprotect(0x7f655c1bc000, 4096, PROT_READ|PROT_WRITE <unfinished ...>
2351  mprotect(0x7f654c208000, 4096, PROT_READ|PROT_WRITE <unfinished ...>
2346  mprotect(0x7f65641a8000, 4096, PROT_READ|PROT_WRITE <unfinished ...>
2345  mprotect(0x7f656819d000, 4096, PROT_READ|PROT_WRITE <unfinished ...>
2344  <... mprotect resumed>)           = 0
2350  mprotect(0x7f65581f9000, 4096, PROT_READ|PROT_WRITE <unfinished ...>
2349  mprotect(0x7f65541f1000, 4096, PROT_READ|PROT_WRITE <unfinished ...>
2348  mprotect(0x7f65601cb000, 4096, PROT_READ|PROT_WRITE <unfinished ...>
2347  <... mprotect resumed>)           = 0
2351  <... mprotect resumed>)           = 0
2346  <... mprotect resumed>)           = 0
2349  <... mprotect resumed>)           = 0
2350  <... mprotect resumed>)           = 0
2348  <... mprotect resumed>)           = 0
2351  mprotect(0x7f654c209000, 4096, PROT_READ|PROT_WRITE <unfinished ...>
2345  <... mprotect resumed>)           = 0
2344  mprotect(0x7f657019e000, 4096, PROT_READ|PROT_WRITE <unfinished ...>
2350  mprotect(0x7f65581fa000, 4096, PROT_READ|PROT_WRITE <unfinished ...>
2349  mprotect(0x7f65541f2000, 4096, PROT_READ|PROT_WRITE <unfinished ...>
2348  mprotect(0x7f65601cc000, 4096, PROT_READ|PROT_WRITE <unfinished ...>
2347  mprotect(0x7f655c1bd000, 4096, PROT_READ|PROT_WRITE <unfinished ...>
2346  mprotect(0x7f65641a9000, 4096, PROT_READ|PROT_WRITE <unfinished ...>
2351  <... mprotect resumed>)           = 0
2350  <... mprotect resumed>)           = 0
2349  <... mprotect resumed>)           = 0
2345  mprotect(0x7f656819e000, 4096, PROT_READ|PROT_WRITE <unfinished ...>
2348  <... mprotect resumed>)           = 0
2344  <... mprotect resumed>)           = 0
2347  <... mprotect resumed>)           = 0
2346  <... mprotect resumed>)           = 0
2351  mprotect(0x7f654c20a000, 4096, PROT_READ|PROT_WRITE <unfinished ...>
2348  mprotect(0x7f65601cd000, 4096, PROT_READ|PROT_WRITE <unfinished ...>
2349  mprotect(0x7f65541f3000, 4096, PROT_READ|PROT_WRITE) = 0
2349  mprotect(0x7f65541f4000, 4096, PROT_READ|PROT_WRITE) = 0
2351  <... mprotect resumed>)           = 0
2344  mprotect(0x7f657019f000, 4096, PROT_READ|PROT_WRITE <unfinished ...>
2349  mprotect(0x7f65541f5000, 4096, PROT_READ|PROT_WRITE <unfinished ...>
2348  <... mprotect resumed>)           = 0
2350  mprotect(0x7f65581fb000, 4096, PROT_READ|PROT_WRITE <unfinished ...>
2344  <... mprotect resumed>)           = 0
2349  <... mprotect resumed>)           = 0
2351  mprotect(0x7f654c20b000, 4096, PROT_READ|PROT_WRITE <unfinished ...>
2350  <... mprotect resumed>)           = 0
2351  <... mprotect resumed>)           = 0
2348  mprotect(0x7f65601ce000, 4096, PROT_READ|PROT_WRITE <unfinished ...>
2351  mprotect(0x7f654c20c000, 4096, PROT_READ|PROT_WRITE <unfinished ...>
2350  mprotect(0x7f65581fc000, 4096, PROT_READ|PROT_WRITE <unfinished ...>
2349  mprotect(0x7f65541f6000, 4096, PROT_READ|PROT_WRITE <unfinished ...>
2348  <... mprotect resumed>)           = 0
2344  mprotect(0x7f65701a0000, 4096, PROT_READ|PROT_WRITE <unfinished ...>
2345  <... mprotect resumed>)           = 0
2351  <... mprotect resumed>)           = 0
2350  <... mprotect resumed>)           = 0
2348  mprotect(0x7f65601cf000, 4096, PROT_READ|PROT_WRITE <unfinished ...>
2345  mprotect(0x7f656819f000, 4096, PROT_READ|PROT_WRITE <unfinished ...>
2344  <... mprotect resumed>)           = 0
2351  mprotect(0x7f654c20d000, 4096, PROT_READ|PROT_WRITE <unfinished ...>
2349  <... mprotect resumed>)           = 0
2348  <... mprotect resumed>)           = 0
2347  mprotect(0x7f655c1be000, 4096, PROT_READ|PROT_WRITE <unfinished ...>
2346  mprotect(0x7f65641aa000, 4096, PROT_READ|PROT_WRITE <unfinished ...>
2351  <... mprotect resumed>)           = 0
2350  mprotect(0x7f65581fd000, 4096, PROT_READ|PROT_WRITE <unfinished ...>
2345  <... mprotect resumed>)           = 0
2347  <... mprotect resumed>)           = 0
2350  <... mprotect resumed>)           = 0
2348  mprotect(0x7f65601d0000, 4096, PROT_READ|PROT_WRITE <unfinished ...>
2346  <... mprotect resumed>)           = 0
2351  mprotect(0x7f654c20e000, 4096, PROT_READ|PROT_WRITE <unfinished ...>
2347  mprotect(0x7f655c1bf000, 4096, PROT_READ|PROT_WRITE <unfinished ...>
2345  mprotect(0x7f65681a0000, 4096, PROT_READ|PROT_WRITE <unfinished ...>
2349  mprotect(0x7f65541f7000, 4096, PROT_READ|PROT_WRITE <unfinished ...>
2348  <... mprotect resumed>)           = 0
2350  mprotect(0x7f65581fe000, 4096, PROT_READ|PROT_WRITE <unfinished ...>
2344  mprotect(0x7f65701a1000, 4096, PROT_READ|PROT_WRITE <unfinished ...>
2351  <... mprotect resumed>)           = 0
2350  <... mprotect resumed>)           = 0
2349  <... mprotect resumed>)           = 0
2347  <... mprotect resumed>)           = 0
2346  mprotect(0x7f65641ab000, 4096, PROT_READ|PROT_WRITE <unfinished ...>
2345  <... mprotect resumed>)           = 0
2344  <... mprotect resumed>)           = 0
2350  mprotect(0x7f65581ff000, 4096, PROT_READ|PROT_WRITE <unfinished ...>
2351  mprotect(0x7f654c20f000, 4096, PROT_READ|PROT_WRITE <unfinished ...>
2348  mprotect(0x7f65601d1000, 4096, PROT_READ|PROT_WRITE <unfinished ...>
2351  <... mprotect resumed>)           = 0
2350  <... mprotect resumed>)           = 0
2349  mprotect(0x7f65541f8000, 4096, PROT_READ|PROT_WRITE <unfinished ...>
2345  mprotect(0x7f65681a1000, 4096, PROT_READ|PROT_WRITE <unfinished ...>
2344  mprotect(0x7f65701a2000, 4096, PROT_READ|PROT_WRITE <unfinished ...>
2348  <... mprotect resumed>)           = 0
2346  <... mprotect resumed>)           = 0
2345  <... mprotect resumed>)           = 0
2344  <... mprotect resumed>)           = 0
2351  mprotect(0x7f654c210000, 4096, PROT_READ|PROT_WRITE <unfinished ...>
2347  mprotect(0x7f655c1c0000, 4096, PROT_READ|PROT_WRITE <unfinished ...>
2346  mprotect(0x7f65641ac000, 4096, PROT_READ|PROT_WRITE <unfinished ...>
2344  mprotect(0x7f65701a3000, 4096, PROT_READ|PROT_WRITE <unfinished ...>
2351  <... mprotect resumed>)           = 0
2350  mprotect(0x7f6558200000, 4096, PROT_READ|PROT_WRITE <unfinished ...>
2347  <... mprotect resumed>)           = 0
2346  <... mprotect resumed>)           = 0
2344  <... mprotect resumed>)           = 0
2351  mprotect(0x7f654c211000, 4096, PROT_READ|PROT_WRITE <unfinished ...>
2350  <... mprotect resumed>)           = 0
2349  <... mprotect resumed>)           = 0
2345  mprotect(0x7f65681a2000, 4096, PROT_READ|PROT_WRITE <unfinished ...>
2351  <... mprotect resumed>)           = 0
2348  mprotect(0x7f65601d2000, 4096, PROT_READ|PROT_WRITE <unfinished ...>
2346  mprotect(0x7f65641ad000, 4096, PROT_READ|PROT_WRITE <unfinished ...>
2344  mprotect(0x7f65701a4000, 4096, PROT_READ|PROT_WRITE <unfinished ...>
2351  mprotect(0x7f654c212000, 4096, PROT_READ|PROT_WRITE <unfinished ...>
2350  mmap(NULL, 266240, PROT_READ|PROT_WRITE, MAP_PRIVATE|MAP_ANONYMOUS, -1, 0 <unfinished ...>
2349  mprotect(0x7f65541f9000, 4096, PROT_READ|PROT_WRITE <unfinished ...>
2348  <... mprotect resumed>)           = 0
2347  mprotect(0x7f655c1c1000, 4096, PROT_READ|PROT_WRITE <unfinished ...>
2346  <... mprotect resumed>)           = 0
2345  <... mprotect resumed>)           = 0
2351  <... mprotect resumed>)           = 0
2350  <... mmap resumed>)               = 0x7f65741ac000
2349  <... mprotect resumed>)           = 0
2348  mprotect(0x7f65601d3000, 4096, PROT_READ|PROT_WRITE <unfinished ...>
2347  <... mprotect resumed>)           = 0
2346  mprotect(0x7f65641ae000, 4096, PROT_READ|PROT_WRITE <unfinished ...>
2344  <... mprotect resumed>)           = 0
2351  mprotect(0x7f654c213000, 4096, PROT_READ|PROT_WRITE <unfinished ...>
2348  <... mprotect resumed>)           = 0
2345  mprotect(0x7f65681a3000, 4096, PROT_READ|PROT_WRITE <unfinished ...>
2349  mprotect(0x7f65541fa000, 4096, PROT_READ|PROT_WRITE <unfinished ...>
2346  <... mprotect resumed>)           = 0
2351  <... mprotect resumed>)           = 0
2348  mprotect(0x7f65601d4000, 4096, PROT_READ|PROT_WRITE <unfinished ...>
2345  <... mprotect resumed>)           = 0
2349  <... mprotect resumed>)           = 0
2347  mprotect(0x7f655c1c2000, 4096, PROT_READ|PROT_WRITE <unfinished ...>
2346  mprotect(0x7f65641af000, 4096, PROT_READ|PROT_WRITE <unfinished ...>
2344  mprotect(0x7f65701a5000, 4096, PROT_READ|PROT_WRITE <unfinished ...>
2346  <... mprotect resumed>)           = 0
2345  mprotect(0x7f65681a4000, 4096, PROT_READ|PROT_WRITE <unfinished ...>
2351  mprotect(0x7f654c214000, 4096, PROT_READ|PROT_WRITE <unfinished ...>
2347  <... mprotect resumed>)           = 0
2346  mprotect(0x7f65641b0000, 4096, PROT_READ|PROT_WRITE <unfinished ...>
2351  <... mprotect resumed>)           = 0
2348  <... mprotect resumed>)           = 0
2345  <... mprotect resumed>)           = 0
2344  <... mprotect resumed>)           = 0
2349  mprotect(0x7f65541fb000, 4096, PROT_READ|PROT_WRITE <unfinished ...>
2347  mprotect(0x7f655c1c3000, 4096, PROT_READ|PROT_WRITE <unfinished ...>
2346  <... mprotect resumed>)           = 0
2351  mprotect(0x7f654c215000, 4096, PROT_READ|PROT_WRITE <unfinished ...>
2349  <... mprotect resumed>)           = 0
2347  <... mprotect resumed>)           = 0
2351  <... mprotect resumed>)           = 0
2345  mprotect(0x7f65681a5000, 4096, PROT_READ|PROT_WRITE <unfinished ...>
2351  mprotect(0x7f654c216000, 4096, PROT_READ|PROT_WRITE <unfinished ...>
2349  mprotect(0x7f65541fc000, 4096, PROT_READ|PROT_WRITE <unfinished ...>
2348  mprotect(0x7f65601d5000, 4096, PROT_READ|PROT_WRITE <unfinished ...>
2344  mprotect(0x7f65701a6000, 4096, PROT_READ|PROT_WRITE <unfinished ...>
2351  <... mprotect resumed>)           = 0
2346  mprotect(0x7f65641b1000, 4096, PROT_READ|PROT_WRITE <unfinished ...>
2345  <... mprotect resumed>)           = 0
2349  <... mprotect resumed>)           = 0
2348  <... mprotect resumed>)           = 0
2344  <... mprotect resumed>)           = 0
2351  mprotect(0x7f654c217000, 4096, PROT_READ|PROT_WRITE <unfinished ...>
2347  mprotect(0x7f655c1c4000, 4096, PROT_READ|PROT_WRITE <unfinished ...>
2346  <... mprotect resumed>)           = 0
2349  mprotect(0x7f65541fd000, 4096, PROT_READ|PROT_WRITE <unfinished ...>
2351  <... mprotect resumed>)           = 0
2349  <... mprotect resumed>)           = 0
2348  mprotect(0x7f65601d6000, 4096, PROT_READ|PROT_WRITE <unfinished ...>
2347  <... mprotect resumed>)           = 0
2345  mprotect(0x7f65681a6000, 4096, PROT_READ|PROT_WRITE <unfinished ...>
2344  mprotect(0x7f65701a7000, 4096, PROT_READ|PROT_WRITE <unfinished ...>
2346  mprotect(0x7f65641b2000, 4096, PROT_READ|PROT_WRITE <unfinished ...>
2351  mprotect(0x7f654c218000, 4096, PROT_READ|PROT_WRITE <unfinished ...>
2349  mprotect(0x7f65541fe000, 4096, PROT_READ|PROT_WRITE <unfinished ...>
2351  <... mprotect resumed>)           = 0
2349  <... mprotect resumed>)           = 0
2348  <... mprotect resumed>)           = 0
2345  <... mprotect resumed>)           = 0
2344  <... mprotect resumed>)           = 0
2347  mprotect(0x7f655c1c5000, 4096, PROT_READ|PROT_WRITE <unfinished ...>
2346  <... mprotect resumed>)           = 0
2349  mprotect(0x7f65541ff000, 4096, PROT_READ|PROT_WRITE <unfinished ...>
2348  mprotect(0x7f65601d7000, 4096, PROT_READ|PROT_WRITE <unfinished ...>
2345  mprotect(0x7f65681a7000, 4096, PROT_READ|PROT_WRITE <unfinished ...>
2349  <... mprotect resumed>)           = 0
2348  <... mprotect resumed>)           = 0
2345  <... mprotect resumed>)           = 0
2347  <... mprotect resumed>)           = 0
2346  mprotect(0x7f65641b3000, 4096, PROT_READ|PROT_WRITE <unfinished ...>
2351  mprotect(0x7f654c219000, 4096, PROT_READ|PROT_WRITE) = 0
2349  mprotect(0x7f6554200000, 4096, PROT_READ|PROT_WRITE <unfinished ...>
2348  mprotect(0x7f65601d8000, 4096, PROT_READ|PROT_WRITE <unfinished ...>
2347  mprotect(0x7f655c1c6000, 4096, PROT_READ|PROT_WRITE <unfinished ...>
2345  mprotect(0x7f65681a8000, 4096, PROT_READ|PROT_WRITE <unfinished ...>
2344  mprotect(0x7f65701a8000, 4096, PROT_READ|PROT_WRITE <unfinished ...>
2351  mprotect(0x7f654c21a000, 4096, PROT_READ|PROT_WRITE <unfinished ...>
2349  <... mprotect resumed>)           = 0
2347  <... mprotect resumed>)           = 0
2346  <... mprotect resumed>)           = 0
2345  <... mprotect resumed>)           = 0
2351  <... mprotect resumed>)           = 0
2348  <... mprotect resumed>)           = 0
2344  <... mprotect resumed>)           = 0
2351  mprotect(0x7f654c21b000, 4096, PROT_READ|PROT_WRITE <unfinished ...>
2349  mmap(NULL, 266240, PROT_READ|PROT_WRITE, MAP_PRIVATE|MAP_ANONYMOUS, -1, 0 <unfinished ...>
2348  mprotect(0x7f65601d9000, 4096, PROT_READ|PROT_WRITE <unfinished ...>
2347  mprotect(0x7f655c1c7000, 4096, PROT_READ|PROT_WRITE <unfinished ...>
2346  mprotect(0x7f65641b4000, 4096, PROT_READ|PROT_WRITE <unfinished ...>
2345  mprotect(0x7f65681a9000, 4096, PROT_READ|PROT_WRITE <unfinished ...>
2344  mprotect(0x7f65701a9000, 4096, PROT_READ|PROT_WRITE <unfinished ...>
2351  <... mprotect resumed>)           = 0
2349  <... mmap resumed>)               = 0x7f657416b000
2348  <... mprotect resumed>)           = 0
2347  <... mprotect resumed>)           = 0
2346  <... mprotect resumed>)           = 0
2351  mprotect(0x7f654c21c000, 4096, PROT_READ|PROT_WRITE <unfinished ...>
2348  mprotect(0x7f65601da000, 4096, PROT_READ|PROT_WRITE <unfinished ...>
2345  <... mprotect resumed>)           = 0
2344  <... mprotect resumed>)           = 0
2351  <... mprotect resumed>)           = 0
2348  <... mprotect resumed>)           = 0
2346  mprotect(0x7f65641b5000, 4096, PROT_READ|PROT_WRITE <unfinished ...>
2347  mprotect(0x7f655c1c8000, 4096, PROT_READ|PROT_WRITE <unfinished ...>
2351  mprotect(0x7f654c21d000, 4096, PROT_READ|PROT_WRITE <unfinished ...>
2348  mprotect(0x7f65601db000, 4096, PROT_READ|PROT_WRITE <unfinished ...>
2347  <... mprotect resumed>)           = 0
2346  <... mprotect resumed>)           = 0
2345  mprotect(0x7f65681aa000, 4096, PROT_READ|PROT_WRITE <unfinished ...>
2344  mprotect(0x7f65701aa000, 4096, PROT_READ|PROT_WRITE <unfinished ...>
2351  <... mprotect resumed>)           = 0
2351  mprotect(0x7f654c21e000, 4096, PROT_READ|PROT_WRITE <unfinished ...>
2348  <... mprotect resumed>)           = 0
2347  mprotect(0x7f655c1c9000, 4096, PROT_READ|PROT_WRITE <unfinished ...>
2346  mprotect(0x7f65641b6000, 4096, PROT_READ|PROT_WRITE <unfinished ...>
2345  <... mprotect resumed>)           = 0
2344  <... mprotect resumed>)           = 0
2351  <... mprotect resumed>)           = 0
2347  <... mprotect resumed>)           = 0
2351  mprotect(0x7f654c21f000, 4096, PROT_READ|PROT_WRITE <unfinished ...>
2348  mprotect(0x7f65601dc000, 4096, PROT_READ|PROT_WRITE <unfinished ...>
2346  <... mprotect resumed>)           = 0
2345  mprotect(0x7f65681ab000, 4096, PROT_READ|PROT_WRITE <unfinished ...>
2344  mprotect(0x7f65701ab000, 4096, PROT_READ|PROT_WRITE <unfinished ...>
2347  mprotect(0x7f655c1ca000, 4096, PROT_READ|PROT_WRITE <unfinished ...>
2348  <... mprotect resumed>)           = 0
2351  <... mprotect resumed>)           = 0
2346  mprotect(0x7f65641b7000, 4096, PROT_READ|PROT_WRITE <unfinished ...>
2345  <... mprotect resumed>)           = 0
2347  <... mprotect resumed>)           = 0
2344  <... mprotect resumed>)           = 0
2347  mprotect(0x7f655c1cb000, 4096, PROT_READ|PROT_WRITE <unfinished ...>
2348  mprotect(0x7f65601dd000, 4096, PROT_READ|PROT_WRITE <unfinished ...>
2346  <... mprotect resumed>)           = 0
2351  mprotect(0x7f654c220000, 4096, PROT_READ|PROT_WRITE <unfinished ...>
2345  mprotect(0x7f65681ac000, 4096, PROT_READ|PROT_WRITE <unfinished ...>
2347  <... mprotect resumed>)           = 0
2351  <... mprotect resumed>)           = 0
2344  mprotect(0x7f65701ac000, 4096, PROT_READ|PROT_WRITE <unfinished ...>
2351  mprotect(0x7f654c221000, 4096, PROT_READ|PROT_WRITE <unfinished ...>
2346  mprotect(0x7f65641b8000, 4096, PROT_READ|PROT_WRITE <unfinished ...>
2344  <... mprotect resumed>)           = 0
2351  <... mprotect resumed>)           = 0
2348  <... mprotect resumed>)           = 0
2345  <... mprotect resumed>)           = 0
2351  mprotect(0x7f654c222000, 4096, PROT_READ|PROT_WRITE <unfinished ...>
2347  mprotect(0x7f655c1cc000, 4096, PROT_READ|PROT_WRITE <unfinished ...>
2351  <... mprotect resumed>)           = 0
2346  <... mprotect resumed>)           = 0
2344  mprotect(0x7f65701ad000, 4096, PROT_READ|PROT_WRITE <unfinished ...>
2347  <... mprotect resumed>)           = 0
2348  mprotect(0x7f65601de000, 4096, PROT_READ|PROT_WRITE <unfinished ...>
2345  mprotect(0x7f65681ad000, 4096, PROT_READ|PROT_WRITE <unfinished ...>
2348  <... mprotect resumed>)           = 0
2345  <... mprotect resumed>)           = 0
2344  <... mprotect resumed>)           = 0
2351  mprotect(0x7f654c223000, 4096, PROT_READ|PROT_WRITE <unfinished ...>
2346  mprotect(0x7f65641b9000, 4096, PROT_READ|PROT_WRITE <unfinished ...>
2347  mprotect(0x7f655c1cd000, 4096, PROT_READ|PROT_WRITE <unfinished ...>
2345  mprotect(0x7f65681ae000, 4096, PROT_READ|PROT_WRITE <unfinished ...>
2351  <... mprotect resumed>)           = 0
2348  mprotect(0x7f65601df000, 4096, PROT_READ|PROT_WRITE <unfinished ...>
2347  <... mprotect resumed>)           = 0
2345  <... mprotect resumed>)           = 0
2344  mprotect(0x7f65701ae000, 4096, PROT_READ|PROT_WRITE <unfinished ...>
2346  <... mprotect resumed>)           = 0
2351  mprotect(0x7f654c224000, 4096, PROT_READ|PROT_WRITE <unfinished ...>
2348  <... mprotect resumed>)           = 0
2347  mprotect(0x7f655c1ce000, 4096, PROT_READ|PROT_WRITE <unfinished ...>
2345  mprotect(0x7f65681af000, 4096, PROT_READ|PROT_WRITE <unfinished ...>
2351  <... mprotect resumed>)           = 0
2348  mprotect(0x7f65601e0000, 4096, PROT_READ|PROT_WRITE <unfinished ...>
2347  <... mprotect resumed>)           = 0
2346  mprotect(0x7f65641ba000, 4096, PROT_READ|PROT_WRITE <unfinished ...>
2345  <... mprotect resumed>)           = 0
2344  <... mprotect resumed>)           = 0
2348  <... mprotect resumed>)           = 0
2346  <... mprotect resumed>)           = 0
2347  mprotect(0x7f655c1cf000, 4096, PROT_READ|PROT_WRITE <unfinished ...>
2348  mprotect(0x7f65601e1000, 4096, PROT_READ|PROT_WRITE <unfinished ...>
2347  <... mprotect resumed>)           = 0
2346  mprotect(0x7f65641bb000, 4096, PROT_READ|PROT_WRITE <unfinished ...>
2345  mprotect(0x7f65681b0000, 4096, PROT_READ|PROT_WRITE <unfinished ...>
2344  mprotect(0x7f65701af000, 4096, PROT_READ|PROT_WRITE <unfinished ...>
2351  mprotect(0x7f654c225000, 4096, PROT_READ|PROT_WRITE <unfinished ...>
2348  <... mprotect resumed>)           = 0
2346  <... mprotect resumed>)           = 0
2347  mprotect(0x7f655c1d0000, 4096, PROT_READ|PROT_WRITE <unfinished ...>
2345  <... mprotect resumed>)           = 0
2344  <... mprotect resumed>)           = 0
2348  mprotect(0x7f65601e2000, 4096, PROT_READ|PROT_WRITE <unfinished ...>
2351  <... mprotect resumed>)           = 0
2345  mprotect(0x7f65681b1000, 4096, PROT_READ|PROT_WRITE <unfinished ...>
2348  <... mprotect resumed>)           = 0
2346  mprotect(0x7f65641bc000, 4096, PROT_READ|PROT_WRITE <unfinished ...>
2345  <... mprotect resumed>)           = 0
2344  mprotect(0x7f65701b0000, 4096, PROT_READ|PROT_WRITE <unfinished ...>
2351  mprotect(0x7f654c226000, 4096, PROT_READ|PROT_WRITE) = 0
2346  <... mprotect resumed>)           = 0
2344  <... mprotect resumed>)           = 0
2347  <... mprotect resumed>)           = 0
2351  mprotect(0x7f654c227000, 4096, PROT_READ|PROT_WRITE <unfinished ...>
2348  mprotect(0x7f65601e3000, 4096, PROT_READ|PROT_WRITE <unfinished ...>
2351  <... mprotect resumed>)           = 0
2348  <... mprotect resumed>)           = 0
2346  mprotect(0x7f65641bd000, 4096, PROT_READ|PROT_WRITE <unfinished ...>
2345  mprotect(0x7f65681b2000, 4096, PROT_READ|PROT_WRITE <unfinished ...>
2347  mprotect(0x7f655c1d1000, 4096, PROT_READ|PROT_WRITE <unfinished ...>
2344  mprotect(0x7f65701b1000, 4096, PROT_READ|PROT_WRITE <unfinished ...>
2347  <... mprotect resumed>)           = 0
2346  <... mprotect resumed>)           = 0
2345  <... mprotect resumed>)           = 0
2344  <... mprotect resumed>)           = 0
2351  mprotect(0x7f654c228000, 4096, PROT_READ|PROT_WRITE <unfinished ...>
2347  mprotect(0x7f655c1d2000, 4096, PROT_READ|PROT_WRITE <unfinished ...>
2345  mprotect(0x7f65681b3000, 4096, PROT_READ|PROT_WRITE <unfinished ...>
2348  mprotect(0x7f65601e4000, 4096, PROT_READ|PROT_WRITE <unfinished ...>
2351  <... mprotect resumed>)           = 0
2348  <... mprotect resumed>)           = 0
2347  <... mprotect resumed>)           = 0
2351  mprotect(0x7f654c229000, 4096, PROT_READ|PROT_WRITE <unfinished ...>
2346  mprotect(0x7f65641be000, 4096, PROT_READ|PROT_WRITE <unfinished ...>
2351  <... mprotect resumed>)           = 0
2348  mprotect(0x7f65601e5000, 4096, PROT_READ|PROT_WRITE <unfinished ...>
2346  <... mprotect resumed>)           = 0
2344  mprotect(0x7f65701b2000, 4096, PROT_READ|PROT_WRITE <unfinished ...>
2348  <... mprotect resumed>)           = 0
2347  mprotect(0x7f655c1d3000, 4096, PROT_READ|PROT_WRITE <unfinished ...>
2345  <... mprotect resumed>)           = 0
2351  mprotect(0x7f654c22a000, 4096, PROT_READ|PROT_WRITE) = 0
2347  <... mprotect resumed>)           = 0
2344  <... mprotect resumed>)           = 0
2348  mprotect(0x7f65601e6000, 4096, PROT_READ|PROT_WRITE <unfinished ...>
2351  mprotect(0x7f654c22b000, 4096, PROT_READ|PROT_WRITE <unfinished ...>
2348  <... mprotect resumed>)           = 0
2346  mprotect(0x7f65641bf000, 4096, PROT_READ|PROT_WRITE <unfinished ...>
2345  mprotect(0x7f65681b4000, 4096, PROT_READ|PROT_WRITE <unfinished ...>
2351  <... mprotect resumed>)           = 0
2347  mprotect(0x7f655c1d4000, 4096, PROT_READ|PROT_WRITE <unfinished ...>
2351  mprotect(0x7f654c22c000, 4096, PROT_READ|PROT_WRITE <unfinished ...>
2345  <... mprotect resumed>)           = 0
2348  mprotect(0x7f65601e7000, 4096, PROT_READ|PROT_WRITE <unfinished ...>
2344  mprotect(0x7f65701b3000, 4096, PROT_READ|PROT_WRITE <unfinished ...>
2351  <... mprotect resumed>)           = 0
2347  <... mprotect resumed>)           = 0
2348  <... mprotect resumed>)           = 0
2346  <... mprotect resumed>)           = 0
2344  <... mprotect resumed>)           = 0
2347  mprotect(0x7f655c1d5000, 4096, PROT_READ|PROT_WRITE <unfinished ...>
2351  mprotect(0x7f654c22d000, 4096, PROT_READ|PROT_WRITE <unfinished ...>
2348  mprotect(0x7f65601e8000, 4096, PROT_READ|PROT_WRITE <unfinished ...>
2351  <... mprotect resumed>)           = 0
2347  <... mprotect resumed>)           = 0
2346  mprotect(0x7f65641c0000, 4096, PROT_READ|PROT_WRITE <unfinished ...>
2345  mprotect(0x7f65681b5000, 4096, PROT_READ|PROT_WRITE <unfinished ...>
2344  mprotect(0x7f65701b4000, 4096, PROT_READ|PROT_WRITE <unfinished ...>
2346  <... mprotect resumed>)           = 0
2345  <... mprotect resumed>)           = 0
2351  mprotect(0x7f654c22e000, 4096, PROT_READ|PROT_WRITE <unfinished ...>
2348  <... mprotect resumed>)           = 0
2351  <... mprotect resumed>)           = 0
2347  mprotect(0x7f655c1d6000, 4096, PROT_READ|PROT_WRITE <unfinished ...>
2346  mprotect(0x7f65641c1000, 4096, PROT_READ|PROT_WRITE <unfinished ...>
2345  mprotect(0x7f65681b6000, 4096, PROT_READ|PROT_WRITE <unfinished ...>
2344  <... mprotect resumed>)           = 0
2347  <... mprotect resumed>)           = 0
2351  mprotect(0x7f654c22f000, 4096, PROT_READ|PROT_WRITE <unfinished ...>
2346  <... mprotect resumed>)           = 0
2345  <... mprotect resumed>)           = 0
2351  <... mprotect resumed>)           = 0
2346  mprotect(0x7f65641c2000, 4096, PROT_READ|PROT_WRITE <unfinished ...>
2344  mprotect(0x7f65701b5000, 4096, PROT_READ|PROT_WRITE <unfinished ...>
2345  mprotect(0x7f65681b7000, 4096, PROT_READ|PROT_WRITE <unfinished ...>
2348  mprotect(0x7f65601e9000, 4096, PROT_READ|PROT_WRITE <unfinished ...>
2347  mprotect(0x7f655c1d7000, 4096, PROT_READ|PROT_WRITE <unfinished ...>
2346  <... mprotect resumed>)           = 0
2344  <... mprotect resumed>)           = 0
2351  mprotect(0x7f654c230000, 4096, PROT_READ|PROT_WRITE <unfinished ...>
2345  <... mprotect resumed>)           = 0
2347  <... mprotect resumed>)           = 0
2351  <... mprotect resumed>)           = 0
2348  <... mprotect resumed>)           = 0
2346  mprotect(0x7f65641c3000, 4096, PROT_READ|PROT_WRITE <unfinished ...>
2347  mprotect(0x7f655c1d8000, 4096, PROT_READ|PROT_WRITE <unfinished ...>
2345  mprotect(0x7f65681b8000, 4096, PROT_READ|PROT_WRITE <unfinished ...>
2344  mprotect(0x7f65701b6000, 4096, PROT_READ|PROT_WRITE <unfinished ...>
2351  mprotect(0x7f654c231000, 4096, PROT_READ|PROT_WRITE <unfinished ...>
2346  <... mprotect resumed>)           = 0
2347  <... mprotect resumed>)           = 0
2345  <... mprotect resumed>)           = 0
2344  <... mprotect resumed>)           = 0
2351  <... mprotect resumed>)           = 0
2348  mprotect(0x7f65601ea000, 4096, PROT_READ|PROT_WRITE <unfinished ...>
2346  mprotect(0x7f65641c4000, 4096, PROT_READ|PROT_WRITE <unfinished ...>
2348  <... mprotect resumed>)           = 0
2344  mprotect(0x7f65701b7000, 4096, PROT_READ|PROT_WRITE <unfinished ...>
2346  <... mprotect resumed>)           = 0
2351  mprotect(0x7f654c232000, 4096, PROT_READ|PROT_WRITE <unfinished ...>
2345  mprotect(0x7f65681b9000, 4096, PROT_READ|PROT_WRITE <unfinished ...>
2351  <... mprotect resumed>)           = 0
2348  mprotect(0x7f65601eb000, 4096, PROT_READ|PROT_WRITE <unfinished ...>
2347  mprotect(0x7f655c1d9000, 4096, PROT_READ|PROT_WRITE <unfinished ...>
2344  <... mprotect resumed>)           = 0
2351  mprotect(0x7f654c233000, 4096, PROT_READ|PROT_WRITE <unfinished ...>
2347  <... mprotect resumed>)           = 0
2345  <... mprotect resumed>)           = 0
2348  <... mprotect resumed>)           = 0
2351  <... mprotect resumed>)           = 0
2347  mprotect(0x7f655c1da000, 4096, PROT_READ|PROT_WRITE <unfinished ...>
2346  mprotect(0x7f65641c5000, 4096, PROT_READ|PROT_WRITE <unfinished ...>
2345  mprotect(0x7f65681ba000, 4096, PROT_READ|PROT_WRITE <unfinished ...>
2344  mprotect(0x7f65701b8000, 4096, PROT_READ|PROT_WRITE <unfinished ...>
2348  mprotect(0x7f65601ec000, 4096, PROT_READ|PROT_WRITE <unfinished ...>
2347  <... mprotect resumed>)           = 0
2346  <... mprotect resumed>)           = 0
2348  <... mprotect resumed>)           = 0
2345  <... mprotect resumed>)           = 0
2344  <... mprotect resumed>)           = 0
2351  mprotect(0x7f654c234000, 4096, PROT_READ|PROT_WRITE) = 0
2347  mprotect(0x7f655c1db000, 4096, PROT_READ|PROT_WRITE <unfinished ...>
2346  mprotect(0x7f65641c6000, 4096, PROT_READ|PROT_WRITE <unfinished ...>
2344  mprotect(0x7f65701b9000, 4096, PROT_READ|PROT_WRITE <unfinished ...>
2347  <... mprotect resumed>)           = 0
2345  mprotect(0x7f65681bb000, 4096, PROT_READ|PROT_WRITE <unfinished ...>
2344  <... mprotect resumed>)           = 0
2348  mprotect(0x7f65601ed000, 4096, PROT_READ|PROT_WRITE <unfinished ...>
2346  <... mprotect resumed>)           = 0
2345  <... mprotect resumed>)           = 0
2351  mprotect(0x7f654c235000, 4096, PROT_READ|PROT_WRITE <unfinished ...>
2347  mprotect(0x7f655c1dc000, 4096, PROT_READ|PROT_WRITE <unfinished ...>
2348  <... mprotect resumed>)           = 0
2344  mprotect(0x7f65701ba000, 4096, PROT_READ|PROT_WRITE <unfinished ...>
2351  <... mprotect resumed>)           = 0
2351  mprotect(0x7f654c236000, 4096, PROT_READ|PROT_WRITE <unfinished ...>
2346  mprotect(0x7f65641c7000, 4096, PROT_READ|PROT_WRITE <unfinished ...>
2347  <... mprotect resumed>)           = 0
2351  <... mprotect resumed>)           = 0
2350  munmap(0x7f6575a52000, 135168 <unfinished ...>
2348  mprotect(0x7f65601ee000, 4096, PROT_READ|PROT_WRITE <unfinished ...>
2346  <... mprotect resumed>)           = 0
2345  mprotect(0x7f65681bc000, 4096, PROT_READ|PROT_WRITE <unfinished ...>
2344  <... mprotect resumed>)           = 0
2351  mprotect(0x7f654c237000, 4096, PROT_READ|PROT_WRITE <unfinished ...>
2347  mprotect(0x7f655c1dd000, 4096, PROT_READ|PROT_WRITE <unfinished ...>
2350  <... munmap resumed>)             = 0
2347  <... mprotect resumed>)           = 0
2351  <... mprotect resumed>)           = 0
2350  mprotect(0x7f6558201000, 4096, PROT_READ|PROT_WRITE <unfinished ...>
2348  <... mprotect resumed>)           = 0
2346  mprotect(0x7f65641c8000, 4096, PROT_READ|PROT_WRITE <unfinished ...>
2344  mprotect(0x7f65701bb000, 4096, PROT_READ|PROT_WRITE <unfinished ...>
2350  <... mprotect resumed>)           = 0
2347  mprotect(0x7f655c1de000, 4096, PROT_READ|PROT_WRITE <unfinished ...>
2345  <... mprotect resumed>)           = 0
2350  mprotect(0x7f6558202000, 4096, PROT_READ|PROT_WRITE <unfinished ...>
2348  mprotect(0x7f65601ef000, 4096, PROT_READ|PROT_WRITE <unfinished ...>
2347  <... mprotect resumed>)           = 0
2346  <... mprotect resumed>)           = 0
2344  <... mprotect resumed>)           = 0
2348  <... mprotect resumed>)           = 0
2350  <... mprotect resumed>)           = 0
2348  mprotect(0x7f65601f0000, 4096, PROT_READ|PROT_WRITE <unfinished ...>
2347  mprotect(0x7f655c1df000, 4096, PROT_READ|PROT_WRITE <unfinished ...>
2351  mprotect(0x7f654c238000, 4096, PROT_READ|PROT_WRITE <unfinished ...>
2350  mprotect(0x7f6558203000, 4096, PROT_READ|PROT_WRITE <unfinished ...>
2348  <... mprotect resumed>)           = 0
2347  <... mprotect resumed>)           = 0
2346  mprotect(0x7f65641c9000, 4096, PROT_READ|PROT_WRITE <unfinished ...>
2351  <... mprotect resumed>)           = 0
2350  <... mprotect resumed>)           = 0
2347  mprotect(0x7f655c1e0000, 4096, PROT_READ|PROT_WRITE <unfinished ...>
2346  <... mprotect resumed>)           = 0
2345  mprotect(0x7f65681bd000, 4096, PROT_READ|PROT_WRITE <unfinished ...>
2344  mprotect(0x7f65701bc000, 4096, PROT_READ|PROT_WRITE <unfinished ...>
2351  mprotect(0x7f654c239000, 4096, PROT_READ|PROT_WRITE <unfinished ...>
2350  mprotect(0x7f6558204000, 4096, PROT_READ|PROT_WRITE <unfinished ...>
2348  mprotect(0x7f65601f1000, 4096, PROT_READ|PROT_WRITE <unfinished ...>
2347  <... mprotect resumed>)           = 0
2345  <... mprotect resumed>)           = 0
2344  <... mprotect resumed>)           = 0
2350  <... mprotect resumed>)           = 0
2348  <... mprotect resumed>)           = 0
2346  mprotect(0x7f65641ca000, 4096, PROT_READ|PROT_WRITE <unfinished ...>
2347  mprotect(0x7f655c1e1000, 4096, PROT_READ|PROT_WRITE <unfinished ...>
2346  <... mprotect resumed>)           = 0
2345  mprotect(0x7f65681be000, 4096, PROT_READ|PROT_WRITE <unfinished ...>
2351  <... mprotect resumed>)           = 0
2350  mprotect(0x7f6558205000, 4096, PROT_READ|PROT_WRITE <unfinished ...>
2347  <... mprotect resumed>)           = 0
2344  mprotect(0x7f65701bd000, 4096, PROT_READ|PROT_WRITE <unfinished ...>
2348  mprotect(0x7f65601f2000, 4096, PROT_READ|PROT_WRITE <unfinished ...>
2351  mprotect(0x7f654c23a000, 4096, PROT_READ|PROT_WRITE <unfinished ...>
2348  <... mprotect resumed>)           = 0
2347  mprotect(0x7f655c1e2000, 4096, PROT_READ|PROT_WRITE <unfinished ...>
2346  mprotect(0x7f65641cb000, 4096, PROT_READ|PROT_WRITE <unfinished ...>
2345  <... mprotect resumed>)           = 0
2344  <... mprotect resumed>)           = 0
2351  <... mprotect resumed>)           = 0
2350  <... mprotect resumed>)           = 0
2347  <... mprotect resumed>)           = 0
2346  <... mprotect resumed>)           = 0
2351  mprotect(0x7f654c23b000, 4096, PROT_READ|PROT_WRITE <unfinished ...>
2350  mprotect(0x7f6558206000, 4096, PROT_READ|PROT_WRITE <unfinished ...>
2348  mprotect(0x7f65601f3000, 4096, PROT_READ|PROT_WRITE <unfinished ...>
2347  mprotect(0x7f655c1e3000, 4096, PROT_READ|PROT_WRITE <unfinished ...>
2346  mprotect(0x7f65641cc000, 4096, PROT_READ|PROT_WRITE <unfinished ...>
2344  mprotect(0x7f65701be000, 4096, PROT_READ|PROT_WRITE <unfinished ...>
2350  <... mprotect resumed>)           = 0
2348  <... mprotect resumed>)           = 0
2345  mprotect(0x7f65681bf000, 4096, PROT_READ|PROT_WRITE <unfinished ...>
2351  <... mprotect resumed>)           = 0
2350  mprotect(0x7f6558207000, 4096, PROT_READ|PROT_WRITE <unfinished ...>
2347  <... mprotect resumed>)           = 0
2346  <... mprotect resumed>)           = 0
2345  <... mprotect resumed>)           = 0
2344  <... mprotect resumed>)           = 0
2351  mprotect(0x7f654c23c000, 4096, PROT_READ|PROT_WRITE <unfinished ...>
2350  <... mprotect resumed>)           = 0
2348  mprotect(0x7f65601f4000, 4096, PROT_READ|PROT_WRITE <unfinished ...>
2347  mprotect(0x7f655c1e4000, 4096, PROT_READ|PROT_WRITE <unfinished ...>
2348  <... mprotect resumed>)           = 0
2346  mprotect(0x7f65641cd000, 4096, PROT_READ|PROT_WRITE <unfinished ...>
2344  mprotect(0x7f65701bf000, 4096, PROT_READ|PROT_WRITE <unfinished ...>
2351  <... mprotect resumed>)           = 0
2347  <... mprotect resumed>)           = 0
2350  mprotect(0x7f6558208000, 4096, PROT_READ|PROT_WRITE <unfinished ...>
2348  mprotect(0x7f65601f5000, 4096, PROT_READ|PROT_WRITE <unfinished ...>
2345  mprotect(0x7f65681c0000, 4096, PROT_READ|PROT_WRITE <unfinished ...>
2344  <... mprotect resumed>)           = 0
2350  <... mprotect resumed>)           = 0
2349  munmap(0x7f6575a73000, 135168 <unfinished ...>
2348  <... mprotect resumed>)           = 0
2346  <... mprotect resumed>)           = 0
2351  mprotect(0x7f654c23d000, 4096, PROT_READ|PROT_WRITE <unfinished ...>
2350  mprotect(0x7f6558209000, 4096, PROT_READ|PROT_WRITE <unfinished ...>
2349  <... munmap resumed>)             = 0
2348  mprotect(0x7f65601f6000, 4096, PROT_READ|PROT_WRITE <unfinished ...>
2347  mprotect(0x7f655c1e5000, 4096, PROT_READ|PROT_WRITE <unfinished ...>
2345  <... mprotect resumed>)           = 0
2344  mprotect(0x7f65701c0000, 4096, PROT_READ|PROT_WRITE <unfinished ...>
2351  <... mprotect resumed>)           = 0
2350  <... mprotect resumed>)           = 0
2349  mprotect(0x7f6554201000, 4096, PROT_READ|PROT_WRITE <unfinished ...>
2348  <... mprotect resumed>)           = 0
2347  <... mprotect resumed>)           = 0
2346  mprotect(0x7f65641ce000, 4096, PROT_READ|PROT_WRITE <unfinished ...>
2351  mprotect(0x7f654c23e000, 4096, PROT_READ|PROT_WRITE <unfinished ...>
2350  mprotect(0x7f655820a000, 4096, PROT_READ|PROT_WRITE <unfinished ...>
2349  <... mprotect resumed>)           = 0
2345  mprotect(0x7f65681c1000, 4096, PROT_READ|PROT_WRITE <unfinished ...>
2344  <... mprotect resumed>)           = 0
2348  mprotect(0x7f65601f7000, 4096, PROT_READ|PROT_WRITE <unfinished ...>
2347  mprotect(0x7f655c1e6000, 4096, PROT_READ|PROT_WRITE <unfinished ...>
2346  <... mprotect resumed>)           = 0
2351  <... mprotect resumed>)           = 0
2345  <... mprotect resumed>)           = 0
2350  <... mprotect resumed>)           = 0
2349  mprotect(0x7f6554202000, 4096, PROT_READ|PROT_WRITE <unfinished ...>
2348  <... mprotect resumed>)           = 0
2347  <... mprotect resumed>)           = 0
2346  mprotect(0x7f65641cf000, 4096, PROT_READ|PROT_WRITE <unfinished ...>
2351  mprotect(0x7f654c23f000, 4096, PROT_READ|PROT_WRITE <unfinished ...>
2349  <... mprotect resumed>)           = 0
2347  mprotect(0x7f655c1e7000, 4096, PROT_READ|PROT_WRITE <unfinished ...>
2346  <... mprotect resumed>)           = 0
2351  <... mprotect resumed>)           = 0
2348  mprotect(0x7f65601f8000, 4096, PROT_READ|PROT_WRITE <unfinished ...>
2345  mprotect(0x7f65681c2000, 4096, PROT_READ|PROT_WRITE <unfinished ...>
2344  mprotect(0x7f65701c1000, 4096, PROT_READ|PROT_WRITE <unfinished ...>
2351  mprotect(0x7f654c240000, 4096, PROT_READ|PROT_WRITE <unfinished ...>
2350  mprotect(0x7f655820b000, 4096, PROT_READ|PROT_WRITE <unfinished ...>
2349  mprotect(0x7f6554203000, 4096, PROT_READ|PROT_WRITE <unfinished ...>
2348  <... mprotect resumed>)           = 0
2347  <... mprotect resumed>)           = 0
2351  <... mprotect resumed>)           = 0
2350  <... mprotect resumed>)           = 0
2345  <... mprotect resumed>)           = 0
2344  <... mprotect resumed>)           = 0
2349  <... mprotect resumed>)           = 0
2348  mprotect(0x7f65601f9000, 4096, PROT_READ|PROT_WRITE <unfinished ...>
2347  mprotect(0x7f655c1e8000, 4096, PROT_READ|PROT_WRITE <unfinished ...>
2346  mprotect(0x7f65641d0000, 4096, PROT_READ|PROT_WRITE <unfinished ...>
2351  mprotect(0x7f654c241000, 4096, PROT_READ|PROT_WRITE <unfinished ...>
2350  mprotect(0x7f655820c000, 4096, PROT_READ|PROT_WRITE <unfinished ...>
2348  <... mprotect resumed>)           = 0
2345  mprotect(0x7f65681c3000, 4096, PROT_READ|PROT_WRITE <unfinished ...>
2351  <... mprotect resumed>)           = 0
2350  <... mprotect resumed>)           = 0
2349  mprotect(0x7f6554204000, 4096, PROT_READ|PROT_WRITE <unfinished ...>
2347  <... mprotect resumed>)           = 0
2345  <... mprotect resumed>)           = 0
2348  mprotect(0x7f65601fa000, 4096, PROT_READ|PROT_WRITE <unfinished ...>
2346  <... mprotect resumed>)           = 0
2344  mprotect(0x7f65701c2000, 4096, PROT_READ|PROT_WRITE <unfinished ...>
2350  mprotect(0x7f655820d000, 4096, PROT_READ|PROT_WRITE <unfinished ...>
2349  <... mprotect resumed>)           = 0
2348  <... mprotect resumed>)           = 0
2346  mprotect(0x7f65641d1000, 4096, PROT_READ|PROT_WRITE <unfinished ...>
2351  mprotect(0x7f654c242000, 4096, PROT_READ|PROT_WRITE <unfinished ...>
2350  <... mprotect resumed>)           = 0
2347  mprotect(0x7f655c1e9000, 4096, PROT_READ|PROT_WRITE <unfinished ...>
2351  <... mprotect resumed>)           = 0
2350  mprotect(0x7f655820e000, 4096, PROT_READ|PROT_WRITE <unfinished ...>
2349  mprotect(0x7f6554205000, 4096, PROT_READ|PROT_WRITE <unfinished ...>
2347  <... mprotect resumed>)           = 0
2346  <... mprotect resumed>)           = 0
2345  mprotect(0x7f65681c4000, 4096, PROT_READ|PROT_WRITE <unfinished ...>
2344  <... mprotect resumed>)           = 0
2351  mprotect(0x7f654c243000, 4096, PROT_READ|PROT_WRITE <unfinished ...>
2350  <... mprotect resumed>)           = 0
2349  <... mprotect resumed>)           = 0
2348  mprotect(0x7f65601fb000, 4096, PROT_READ|PROT_WRITE <unfinished ...>
2351  <... mprotect resumed>)           = 0
2350  mprotect(0x7f655820f000, 4096, PROT_READ|PROT_WRITE <unfinished ...>
2349  mprotect(0x7f6554206000, 4096, PROT_READ|PROT_WRITE <unfinished ...>
2348  <... mprotect resumed>)           = 0
2347  mprotect(0x7f655c1ea000, 4096, PROT_READ|PROT_WRITE <unfinished ...>
2346  mprotect(0x7f65641d2000, 4096, PROT_READ|PROT_WRITE <unfinished ...>
2345  <... mprotect resumed>)           = 0
2344  mprotect(0x7f65701c3000, 4096, PROT_READ|PROT_WRITE <unfinished ...>
2351  mprotect(0x7f654c244000, 4096, PROT_READ|PROT_WRITE <unfinished ...>
2350  <... mprotect resumed>)           = 0
2349  <... mprotect resumed>)           = 0
2348  mprotect(0x7f65601fc000, 4096, PROT_READ|PROT_WRITE <unfinished ...>
2347  <... mprotect resumed>)           = 0
2346  <... mprotect resumed>)           = 0
2345  mprotect(0x7f65681c5000, 4096, PROT_READ|PROT_WRITE <unfinished ...>
2344  <... mprotect resumed>)           = 0
2351  <... mprotect resumed>)           = 0
2350  mprotect(0x7f6558210000, 4096, PROT_READ|PROT_WRITE <unfinished ...>
2348  <... mprotect resumed>)           = 0
2350  <... mprotect resumed>)           = 0
2349  mprotect(0x7f6554207000, 4096, PROT_READ|PROT_WRITE <unfinished ...>
2348  mprotect(0x7f65601fd000, 4096, PROT_READ|PROT_WRITE <unfinished ...>
2347  mprotect(0x7f655c1eb000, 4096, PROT_READ|PROT_WRITE <unfinished ...>
2346  mprotect(0x7f65641d3000, 4096, PROT_READ|PROT_WRITE <unfinished ...>
2345  <... mprotect resumed>)           = 0
2344  mprotect(0x7f65701c4000, 4096, PROT_READ|PROT_WRITE <unfinished ...>
2351  mprotect(0x7f654c245000, 4096, PROT_READ|PROT_WRITE <unfinished ...>
2350  mprotect(0x7f6558211000, 4096, PROT_READ|PROT_WRITE <unfinished ...>
2349  <... mprotect resumed>)           = 0
2348  <... mprotect resumed>)           = 0
2347  <... mprotect resumed>)           = 0
2346  <... mprotect resumed>)           = 0
2351  <... mprotect resumed>)           = 0
2350  <... mprotect resumed>)           = 0
2349  mprotect(0x7f6554208000, 4096, PROT_READ|PROT_WRITE <unfinished ...>
2348  mprotect(0x7f65601fe000, 4096, PROT_READ|PROT_WRITE <unfinished ...>
2347  mprotect(0x7f655c1ec000, 4096, PROT_READ|PROT_WRITE <unfinished ...>
2345  mprotect(0x7f65681c6000, 4096, PROT_READ|PROT_WRITE <unfinished ...>
2344  <... mprotect resumed>)           = 0
2350  mprotect(0x7f6558212000, 4096, PROT_READ|PROT_WRITE <unfinished ...>
2349  <... mprotect resumed>)           = 0
2348  <... mprotect resumed>)           = 0
2346  mprotect(0x7f65641d4000, 4096, PROT_READ|PROT_WRITE <unfinished ...>
2351  mprotect(0x7f654c246000, 4096, PROT_READ|PROT_WRITE <unfinished ...>
2347  <... mprotect resumed>)           = 0
2350  <... mprotect resumed>)           = 0
2345  <... mprotect resumed>)           = 0
2348  mprotect(0x7f65601ff000, 4096, PROT_READ|PROT_WRITE <unfinished ...>
2350  mprotect(0x7f6558213000, 4096, PROT_READ|PROT_WRITE <unfinished ...>
2346  <... mprotect resumed>)           = 0
2344  mprotect(0x7f65701c5000, 4096, PROT_READ|PROT_WRITE <unfinished ...>
2351  <... mprotect resumed>)           = 0
2350  <... mprotect resumed>)           = 0
2349  mprotect(0x7f6554209000, 4096, PROT_READ|PROT_WRITE <unfinished ...>
2348  <... mprotect resumed>)           = 0
2347  mprotect(0x7f655c1ed000, 4096, PROT_READ|PROT_WRITE <unfinished ...>
2345  mprotect(0x7f65681c7000, 4096, PROT_READ|PROT_WRITE <unfinished ...>
2351  mprotect(0x7f654c247000, 4096, PROT_READ|PROT_WRITE <unfinished ...>
2350  mprotect(0x7f6558214000, 4096, PROT_READ|PROT_WRITE <unfinished ...>
2349  <... mprotect resumed>)           = 0
2348  mprotect(0x7f6560200000, 4096, PROT_READ|PROT_WRITE <unfinished ...>
2347  <... mprotect resumed>)           = 0
2346  mprotect(0x7f65641d5000, 4096, PROT_READ|PROT_WRITE <unfinished ...>
2345  <... mprotect resumed>)           = 0
2344  <... mprotect resumed>)           = 0
2351  <... mprotect resumed>)           = 0
2350  <... mprotect resumed>)           = 0
2349  mprotect(0x7f655420a000, 4096, PROT_READ|PROT_WRITE <unfinished ...>
2348  <... mprotect resumed>)           = 0
2346  <... mprotect resumed>)           = 0
2351  mprotect(0x7f654c248000, 4096, PROT_READ|PROT_WRITE <unfinished ...>
2350  mprotect(0x7f6558215000, 4096, PROT_READ|PROT_WRITE <unfinished ...>
2349  <... mprotect resumed>)           = 0
2347  mprotect(0x7f655c1ee000, 4096, PROT_READ|PROT_WRITE <unfinished ...>
2345  mprotect(0x7f65681c8000, 4096, PROT_READ|PROT_WRITE <unfinished ...>
2351  <... mprotect resumed>)           = 0
2350  <... mprotect resumed>)           = 0
2348  mmap(NULL, 266240, PROT_READ|PROT_WRITE, MAP_PRIVATE|MAP_ANONYMOUS, -1, 0 <unfinished ...>
2346  mprotect(0x7f65641d6000, 4096, PROT_READ|PROT_WRITE <unfinished ...>
2344  mprotect(0x7f65701c6000, 4096, PROT_READ|PROT_WRITE <unfinished ...>
2349  mprotect(0x7f655420b000, 4096, PROT_READ|PROT_WRITE <unfinished ...>
2347  <... mprotect resumed>)           = 0
2345  <... mprotect resumed>)           = 0
2350  mprotect(0x7f6558216000, 4096, PROT_READ|PROT_WRITE <unfinished ...>
2348  <... mmap resumed>)               = 0x7f6575a53000
2350  <... mprotect resumed>)           = 0
2349  <... mprotect resumed>)           = 0
2347  mprotect(0x7f655c1ef000, 4096, PROT_READ|PROT_WRITE <unfinished ...>
2346  <... mprotect resumed>)           = 0
2345  mprotect(0x7f65681c9000, 4096, PROT_READ|PROT_WRITE <unfinished ...>
2344  <... mprotect resumed>)           = 0
2351  mprotect(0x7f654c249000, 4096, PROT_READ|PROT_WRITE <unfinished ...>
2350  mprotect(0x7f6558217000, 4096, PROT_READ|PROT_WRITE <unfinished ...>
2351  <... mprotect resumed>)           = 0
2349  mprotect(0x7f655420c000, 4096, PROT_READ|PROT_WRITE <unfinished ...>
2347  <... mprotect resumed>)           = 0
2346  mprotect(0x7f65641d7000, 4096, PROT_READ|PROT_WRITE <unfinished ...>
2345  <... mprotect resumed>)           = 0
2344  mprotect(0x7f65701c7000, 4096, PROT_READ|PROT_WRITE <unfinished ...>
2350  <... mprotect resumed>)           = 0
2351  mprotect(0x7f654c24a000, 4096, PROT_READ|PROT_WRITE <unfinished ...>
2350  mprotect(0x7f6558218000, 4096, PROT_READ|PROT_WRITE <unfinished ...>
2349  <... mprotect resumed>)           = 0
2347  mprotect(0x7f655c1f0000, 4096, PROT_READ|PROT_WRITE <unfinished ...>
2346  <... mprotect resumed>)           = 0
2345  mprotect(0x7f65681ca000, 4096, PROT_READ|PROT_WRITE <unfinished ...>
2344  <... mprotect resumed>)           = 0
2351  <... mprotect resumed>)           = 0
2350  <... mprotect resumed>)           = 0
2351  mprotect(0x7f654c24b000, 4096, PROT_READ|PROT_WRITE <unfinished ...>
2350  mprotect(0x7f6558219000, 4096, PROT_READ|PROT_WRITE <unfinished ...>
2349  mprotect(0x7f655420d000, 4096, PROT_READ|PROT_WRITE <unfinished ...>
2347  <... mprotect resumed>)           = 0
2346  mprotect(0x7f65641d8000, 4096, PROT_READ|PROT_WRITE <unfinished ...>
2345  <... mprotect resumed>)           = 0
2351  <... mprotect resumed>)           = 0
2350  <... mprotect resumed>)           = 0
2349  <... mprotect resumed>)           = 0
2344  mprotect(0x7f65701c8000, 4096, PROT_READ|PROT_WRITE <unfinished ...>
2347  mprotect(0x7f655c1f1000, 4096, PROT_READ|PROT_WRITE <unfinished ...>
2346  <... mprotect resumed>)           = 0
2350  mprotect(0x7f655821a000, 4096, PROT_READ|PROT_WRITE <unfinished ...>
2349  mprotect(0x7f655420e000, 4096, PROT_READ|PROT_WRITE <unfinished ...>
2347  <... mprotect resumed>)           = 0
2346  mprotect(0x7f65641d9000, 4096, PROT_READ|PROT_WRITE <unfinished ...>
2345  mprotect(0x7f65681cb000, 4096, PROT_READ|PROT_WRITE <unfinished ...>
2344  <... mprotect resumed>)           = 0
2351  mprotect(0x7f654c24c000, 4096, PROT_READ|PROT_WRITE <unfinished ...>
2350  <... mprotect resumed>)           = 0
2349  <... mprotect resumed>)           = 0
2346  <... mprotect resumed>)           = 0
2351  <... mprotect resumed>)           = 0
2350  mprotect(0x7f655821b000, 4096, PROT_READ|PROT_WRITE <unfinished ...>
2347  mprotect(0x7f655c1f2000, 4096, PROT_READ|PROT_WRITE <unfinished ...>
2345  <... mprotect resumed>)           = 0
2344  mprotect(0x7f65701c9000, 4096, PROT_READ|PROT_WRITE <unfinished ...>
2351  mprotect(0x7f654c24d000, 4096, PROT_READ|PROT_WRITE <unfinished ...>
2350  <... mprotect resumed>)           = 0
2349  mprotect(0x7f655420f000, 4096, PROT_READ|PROT_WRITE <unfinished ...>
2347  <... mprotect resumed>)           = 0
2346  mprotect(0x7f65641da000, 4096, PROT_READ|PROT_WRITE <unfinished ...>
2351  <... mprotect resumed>)           = 0
2350  mprotect(0x7f655821c000, 4096, PROT_READ|PROT_WRITE <unfinished ...>
2349  <... mprotect resumed>)           = 0
2347  mprotect(0x7f655c1f3000, 4096, PROT_READ|PROT_WRITE <unfinished ...>
2346  <... mprotect resumed>)           = 0
2345  mprotect(0x7f65681cc000, 4096, PROT_READ|PROT_WRITE <unfinished ...>
2344  <... mprotect resumed>)           = 0
2350  <... mprotect resumed>)           = 0
2347  <... mprotect resumed>)           = 0
2351  mprotect(0x7f654c24e000, 4096, PROT_READ|PROT_WRITE <unfinished ...>
2350  mprotect(0x7f655821d000, 4096, PROT_READ|PROT_WRITE <unfinished ...>
2349  mprotect(0x7f6554210000, 4096, PROT_READ|PROT_WRITE <unfinished ...>
2347  mprotect(0x7f655c1f4000, 4096, PROT_READ|PROT_WRITE <unfinished ...>
2346  mprotect(0x7f65641db000, 4096, PROT_READ|PROT_WRITE <unfinished ...>
2345  <... mprotect resumed>)           = 0
2344  mprotect(0x7f65701ca000, 4096, PROT_READ|PROT_WRITE <unfinished ...>
2351  <... mprotect resumed>)           = 0
2350  <... mprotect resumed>)           = 0
2349  <... mprotect resumed>)           = 0
2346  <... mprotect resumed>)           = 0
2345  mprotect(0x7f65681cd000, 4096, PROT_READ|PROT_WRITE <unfinished ...>
2347  <... mprotect resumed>)           = 0
2344  <... mprotect resumed>)           = 0
2351  mprotect(0x7f654c24f000, 4096, PROT_READ|PROT_WRITE <unfinished ...>
2350  mprotect(0x7f655821e000, 4096, PROT_READ|PROT_WRITE <unfinished ...>
2349  mprotect(0x7f6554211000, 4096, PROT_READ|PROT_WRITE <unfinished ...>
2347  mprotect(0x7f655c1f5000, 4096, PROT_READ|PROT_WRITE <unfinished ...>
2346  mprotect(0x7f65641dc000, 4096, PROT_READ|PROT_WRITE <unfinished ...>
2345  <... mprotect resumed>)           = 0
2344  mprotect(0x7f65701cb000, 4096, PROT_READ|PROT_WRITE <unfinished ...>
2351  <... mprotect resumed>)           = 0
2350  <... mprotect resumed>)           = 0
2349  <... mprotect resumed>)           = 0
2348  munmap(0x7f6575a94000, 135168 <unfinished ...>
2347  <... mprotect resumed>)           = 0
2346  <... mprotect resumed>)           = 0
2345  mprotect(0x7f65681ce000, 4096, PROT_READ|PROT_WRITE <unfinished ...>
2344  <... mprotect resumed>)           = 0
2350  mprotect(0x7f655821f000, 4096, PROT_READ|PROT_WRITE <unfinished ...>
2347  mprotect(0x7f655c1f6000, 4096, PROT_READ|PROT_WRITE <unfinished ...>
2346  mprotect(0x7f65641dd000, 4096, PROT_READ|PROT_WRITE <unfinished ...>
2345  <... mprotect resumed>)           = 0
2349  mprotect(0x7f6554212000, 4096, PROT_READ|PROT_WRITE <unfinished ...>
2347  <... mprotect resumed>)           = 0
2350  <... mprotect resumed>)           = 0
2351  mprotect(0x7f654c250000, 4096, PROT_READ|PROT_WRITE <unfinished ...>
2347  mprotect(0x7f655c1f7000, 4096, PROT_READ|PROT_WRITE <unfinished ...>
2346  <... mprotect resumed>)           = 0
2345  mprotect(0x7f65681cf000, 4096, PROT_READ|PROT_WRITE <unfinished ...>
2344  mprotect(0x7f65701cc000, 4096, PROT_READ|PROT_WRITE <unfinished ...>
2351  <... mprotect resumed>)           = 0
2350  mprotect(0x7f6558220000, 4096, PROT_READ|PROT_WRITE <unfinished ...>
2349  <... mprotect resumed>)           = 0
2348  <... munmap resumed>)             = 0
2347  <... mprotect resumed>)           = 0
2349  mprotect(0x7f6554213000, 4096, PROT_READ|PROT_WRITE <unfinished ...>
2345  <... mprotect resumed>)           = 0
2344  <... mprotect resumed>)           = 0
2351  mprotect(0x7f654c251000, 4096, PROT_READ|PROT_WRITE <unfinished ...>
2350  <... mprotect resumed>)           = 0
2349  <... mprotect resumed>)           = 0
2348  mprotect(0x7f6560201000, 4096, PROT_READ|PROT_WRITE <unfinished ...>
2346  mprotect(0x7f65641de000, 4096, PROT_READ|PROT_WRITE <unfinished ...>
2347  mprotect(0x7f655c1f8000, 4096, PROT_READ|PROT_WRITE <unfinished ...>
2351  <... mprotect resumed>)           = 0
2346  <... mprotect resumed>)           = 0
2345  mprotect(0x7f65681d0000, 4096, PROT_READ|PROT_WRITE <unfinished ...>
2344  mprotect(0x7f65701cd000, 4096, PROT_READ|PROT_WRITE <unfinished ...>
2349  mprotect(0x7f6554214000, 4096, PROT_READ|PROT_WRITE <unfinished ...>
2347  <... mprotect resumed>)           = 0
2350  mprotect(0x7f6558221000, 4096, PROT_READ|PROT_WRITE <unfinished ...>
2349  <... mprotect resumed>)           = 0
2348  <... mprotect resumed>)           = 0
2346  mprotect(0x7f65641df000, 4096, PROT_READ|PROT_WRITE <unfinished ...>
2345  <... mprotect resumed>)           = 0
2344  <... mprotect resumed>)           = 0
2351  mprotect(0x7f654c252000, 4096, PROT_READ|PROT_WRITE <unfinished ...>
2350  <... mprotect resumed>)           = 0
2347  mprotect(0x7f655c1f9000, 4096, PROT_READ|PROT_WRITE <unfinished ...>
2348  mprotect(0x7f6560202000, 4096, PROT_READ|PROT_WRITE <unfinished ...>
2349  mprotect(0x7f6554215000, 4096, PROT_READ|PROT_WRITE <unfinished ...>
2347  <... mprotect resumed>)           = 0
2346  <... mprotect resumed>)           = 0
2350  mprotect(0x7f6558222000, 4096, PROT_READ|PROT_WRITE <unfinished ...>
2348  <... mprotect resumed>)           = 0
2345  mprotect(0x7f65681d1000, 4096, PROT_READ|PROT_WRITE <unfinished ...>
2344  mprotect(0x7f65701ce000, 4096, PROT_READ|PROT_WRITE <unfinished ...>
2351  <... mprotect resumed>)           = 0
2349  <... mprotect resumed>)           = 0
2347  mprotect(0x7f655c1fa000, 4096, PROT_READ|PROT_WRITE <unfinished ...>
2346  mprotect(0x7f65641e0000, 4096, PROT_READ|PROT_WRITE <unfinished ...>
2350  <... mprotect resumed>)           = 0
2348  mprotect(0x7f6560203000, 4096, PROT_READ|PROT_WRITE <unfinished ...>
2346  <... mprotect resumed>)           = 0
2345  <... mprotect resumed>)           = 0
2348  <... mprotect resumed>)           = 0
2344  <... mprotect resumed>)           = 0
2350  mprotect(0x7f6558223000, 4096, PROT_READ|PROT_WRITE <unfinished ...>
2349  mprotect(0x7f6554216000, 4096, PROT_READ|PROT_WRITE <unfinished ...>
2347  <... mprotect resumed>)           = 0
2351  mprotect(0x7f654c253000, 4096, PROT_READ|PROT_WRITE <unfinished ...>
2350  <... mprotect resumed>)           = 0
2344  mprotect(0x7f65701cf000, 4096, PROT_READ|PROT_WRITE <unfinished ...>
2349  <... mprotect resumed>)           = 0
2348  mprotect(0x7f6560204000, 4096, PROT_READ|PROT_WRITE <unfinished ...>
2346  mprotect(0x7f65641e1000, 4096, PROT_READ|PROT_WRITE <unfinished ...>
2345  mprotect(0x7f65681d2000, 4096, PROT_READ|PROT_WRITE <unfinished ...>
2351  <... mprotect resumed>)           = 0
2350  mprotect(0x7f6558224000, 4096, PROT_READ|PROT_WRITE <unfinished ...>
2347  mprotect(0x7f655c1fb000, 4096, PROT_READ|PROT_WRITE <unfinished ...>
2346  <... mprotect resumed>)           = 0
2351  mprotect(0x7f654c254000, 4096, PROT_READ|PROT_WRITE <unfinished ...>
2350  <... mprotect resumed>)           = 0
2349  mprotect(0x7f6554217000, 4096, PROT_READ|PROT_WRITE <unfinished ...>
2348  <... mprotect resumed>)           = 0
2345  <... mprotect resumed>)           = 0
2344  <... mprotect resumed>)           = 0
2351  <... mprotect resumed>)           = 0
2350  mprotect(0x7f6558225000, 4096, PROT_READ|PROT_WRITE <unfinished ...>
2349  <... mprotect resumed>)           = 0
2347  <... mprotect resumed>)           = 0
2346  mprotect(0x7f65641e2000, 4096, PROT_READ|PROT_WRITE <unfinished ...>
2351  mprotect(0x7f654c255000, 4096, PROT_READ|PROT_WRITE <unfinished ...>
2350  <... mprotect resumed>)           = 0
2349  mprotect(0x7f6554218000, 4096, PROT_READ|PROT_WRITE <unfinished ...>
2348  mprotect(0x7f6560205000, 4096, PROT_READ|PROT_WRITE <unfinished ...>
2345  mprotect(0x7f65681d3000, 4096, PROT_READ|PROT_WRITE <unfinished ...>
2344  mprotect(0x7f65701d0000, 4096, PROT_READ|PROT_WRITE <unfinished ...>
2347  mprotect(0x7f655c1fc000, 4096, PROT_READ|PROT_WRITE <unfinished ...>
2346  <... mprotect resumed>)           = 0
2351  <... mprotect resumed>)           = 0
2350  mprotect(0x7f6558226000, 4096, PROT_READ|PROT_WRITE <unfinished ...>
2345  <... mprotect resumed>)           = 0
2350  <... mprotect resumed>)           = 0
2347  <... mprotect resumed>)           = 0
2344  <... mprotect resumed>)           = 0
2351  mprotect(0x7f654c256000, 4096, PROT_READ|PROT_WRITE <unfinished ...>
2350  mprotect(0x7f6558227000, 4096, PROT_READ|PROT_WRITE <unfinished ...>
2348  <... mprotect resumed>)           = 0
2347  mprotect(0x7f655c1fd000, 4096, PROT_READ|PROT_WRITE <unfinished ...>
2346  mprotect(0x7f65641e3000, 4096, PROT_READ|PROT_WRITE <unfinished ...>
2350  <... mprotect resumed>)           = 0
2351  <... mprotect resumed>)           = 0
2350  mprotect(0x7f6558228000, 4096, PROT_READ|PROT_WRITE) = 0
2351  mprotect(0x7f654c257000, 4096, PROT_READ|PROT_WRITE <unfinished ...>
2350  mprotect(0x7f6558229000, 4096, PROT_READ|PROT_WRITE <unfinished ...>
2349  <... mprotect resumed>)           = 0
2348  mprotect(0x7f6560206000, 4096, PROT_READ|PROT_WRITE <unfinished ...>
2347  <... mprotect resumed>)           = 0
2346  <... mprotect resumed>)           = 0
2345  mprotect(0x7f65681d4000, 4096, PROT_READ|PROT_WRITE <unfinished ...>
2344  mprotect(0x7f65701d1000, 4096, PROT_READ|PROT_WRITE <unfinished ...>
2350  <... mprotect resumed>)           = 0
2351  <... mprotect resumed>)           = 0
2349  mprotect(0x7f6554219000, 4096, PROT_READ|PROT_WRITE <unfinished ...>
2351  mprotect(0x7f654c258000, 4096, PROT_READ|PROT_WRITE <unfinished ...>
2350  mprotect(0x7f655822a000, 4096, PROT_READ|PROT_WRITE <unfinished ...>
2348  <... mprotect resumed>)           = 0
2345  <... mprotect resumed>)           = 0
2351  <... mprotect resumed>)           = 0
2350  <... mprotect resumed>)           = 0
2349  <... mprotect resumed>)           = 0
2348  mprotect(0x7f6560207000, 4096, PROT_READ|PROT_WRITE <unfinished ...>
2347  mprotect(0x7f655c1fe000, 4096, PROT_READ|PROT_WRITE <unfinished ...>
2346  mprotect(0x7f65641e4000, 4096, PROT_READ|PROT_WRITE <unfinished ...>
2344  <... mprotect resumed>)           = 0
2351  mprotect(0x7f654c259000, 4096, PROT_READ|PROT_WRITE <unfinished ...>
2350  mprotect(0x7f655822b000, 4096, PROT_READ|PROT_WRITE <unfinished ...>
2348  <... mprotect resumed>)           = 0
2347  <... mprotect resumed>)           = 0
2345  mprotect(0x7f65681d5000, 4096, PROT_READ|PROT_WRITE <unfinished ...>
2349  mprotect(0x7f655421a000, 4096, PROT_READ|PROT_WRITE <unfinished ...>
2344  mprotect(0x7f65701d2000, 4096, PROT_READ|PROT_WRITE <unfinished ...>
2351  <... mprotect resumed>)           = 0
2350  <... mprotect resumed>)           = 0
2349  <... mprotect resumed>)           = 0
2348  mprotect(0x7f6560208000, 4096, PROT_READ|PROT_WRITE <unfinished ...>
2347  mprotect(0x7f655c1ff000, 4096, PROT_READ|PROT_WRITE <unfinished ...>
2346  <... mprotect resumed>)           = 0
2345  <... mprotect resumed>)           = 0
2351  mprotect(0x7f654c25a000, 4096, PROT_READ|PROT_WRITE <unfinished ...>
2350  mprotect(0x7f655822c000, 4096, PROT_READ|PROT_WRITE <unfinished ...>
2349  mprotect(0x7f655421b000, 4096, PROT_READ|PROT_WRITE <unfinished ...>
2348  <... mprotect resumed>)           = 0
2347  <... mprotect resumed>)           = 0
2346  mprotect(0x7f65641e5000, 4096, PROT_READ|PROT_WRITE <unfinished ...>
2344  <... mprotect resumed>)           = 0
2351  <... mprotect resumed>)           = 0
2350  <... mprotect resumed>)           = 0
2349  <... mprotect resumed>)           = 0
2348  mprotect(0x7f6560209000, 4096, PROT_READ|PROT_WRITE <unfinished ...>
2345  mprotect(0x7f65681d6000, 4096, PROT_READ|PROT_WRITE <unfinished ...>
2351  mprotect(0x7f654c25b000, 4096, PROT_READ|PROT_WRITE <unfinished ...>
2350  mprotect(0x7f655822d000, 4096, PROT_READ|PROT_WRITE <unfinished ...>
2347  mprotect(0x7f655c200000, 4096, PROT_READ|PROT_WRITE <unfinished ...>
2346  <... mprotect resumed>)           = 0
2344  mprotect(0x7f65701d3000, 4096, PROT_READ|PROT_WRITE <unfinished ...>
2349  mprotect(0x7f655421c000, 4096, PROT_READ|PROT_WRITE <unfinished ...>
2348  <... mprotect resumed>)           = 0
2351  <... mprotect resumed>)           = 0
2350  <... mprotect resumed>)           = 0
2349  <... mprotect resumed>)           = 0
2348  mprotect(0x7f656020a000, 4096, PROT_READ|PROT_WRITE <unfinished ...>
2346  mprotect(0x7f65641e6000, 4096, PROT_READ|PROT_WRITE <unfinished ...>
2344  <... mprotect resumed>)           = 0
2351  mprotect(0x7f654c25c000, 4096, PROT_READ|PROT_WRITE <unfinished ...>
2350  mprotect(0x7f655822e000, 4096, PROT_READ|PROT_WRITE) = 0
2351  <... mprotect resumed>)           = 0
2349  mprotect(0x7f655421d000, 4096, PROT_READ|PROT_WRITE <unfinished ...>
2348  <... mprotect resumed>)           = 0
2347  <... mprotect resumed>)           = 0
2346  <... mprotect resumed>)           = 0
2345  <... mprotect resumed>)           = 0
2344  mprotect(0x7f65701d4000, 4096, PROT_READ|PROT_WRITE <unfinished ...>
2351  mprotect(0x7f654c25d000, 4096, PROT_READ|PROT_WRITE <unfinished ...>
2350  mprotect(0x7f655822f000, 4096, PROT_READ|PROT_WRITE <unfinished ...>
2349  <... mprotect resumed>)           = 0
2348  mprotect(0x7f656020b000, 4096, PROT_READ|PROT_WRITE <unfinished ...>
2351  <... mprotect resumed>)           = 0
2347  mmap(NULL, 266240, PROT_READ|PROT_WRITE, MAP_PRIVATE|MAP_ANONYMOUS, -1, 0 <unfinished ...>
2350  <... mprotect resumed>)           = 0
2349  mprotect(0x7f655421e000, 4096, PROT_READ|PROT_WRITE <unfinished ...>
2348  <... mprotect resumed>)           = 0
2346  mprotect(0x7f65641e7000, 4096, PROT_READ|PROT_WRITE <unfinished ...>
2345  mprotect(0x7f65681d7000, 4096, PROT_READ|PROT_WRITE <unfinished ...>
2344  <... mprotect resumed>)           = 0
2351  mprotect(0x7f654c25e000, 4096, PROT_READ|PROT_WRITE <unfinished ...>
2349  <... mprotect resumed>)           = 0
2347  <... mmap resumed>)               = 0x7f657412a000
2351  <... mprotect resumed>)           = 0
2350  mprotect(0x7f6558230000, 4096, PROT_READ|PROT_WRITE <unfinished ...>
2346  <... mprotect resumed>)           = 0
2345  <... mprotect resumed>)           = 0
2349  mprotect(0x7f655421f000, 4096, PROT_READ|PROT_WRITE <unfinished ...>
2348  mprotect(0x7f656020c000, 4096, PROT_READ|PROT_WRITE <unfinished ...>
2344  mprotect(0x7f65701d5000, 4096, PROT_READ|PROT_WRITE <unfinished ...>
2351  mprotect(0x7f654c25f000, 4096, PROT_READ|PROT_WRITE <unfinished ...>
2350  <... mprotect resumed>)           = 0
2349  <... mprotect resumed>)           = 0
2348  <... mprotect resumed>)           = 0
2351  <... mprotect resumed>)           = 0
2350  mprotect(0x7f6558231000, 4096, PROT_READ|PROT_WRITE <unfinished ...>
2346  mprotect(0x7f65641e8000, 4096, PROT_READ|PROT_WRITE <unfinished ...>
2344  <... mprotect resumed>)           = 0
2349  mprotect(0x7f6554220000, 4096, PROT_READ|PROT_WRITE <unfinished ...>
2345  mprotect(0x7f65681d8000, 4096, PROT_READ|PROT_WRITE <unfinished ...>
2350  <... mprotect resumed>)           = 0
2346  <... mprotect resumed>)           = 0
2349  <... mprotect resumed>)           = 0
2348  mprotect(0x7f656020d000, 4096, PROT_READ|PROT_WRITE <unfinished ...>
2351  mprotect(0x7f654c260000, 4096, PROT_READ|PROT_WRITE <unfinished ...>
2348  <... mprotect resumed>)           = 0
2345  <... mprotect resumed>)           = 0
2344  mprotect(0x7f65701d6000, 4096, PROT_READ|PROT_WRITE <unfinished ...>
2351  <... mprotect resumed>)           = 0
2350  mprotect(0x7f6558232000, 4096, PROT_READ|PROT_WRITE <unfinished ...>
2349  mprotect(0x7f6554221000, 4096, PROT_READ|PROT_WRITE <unfinished ...>
2348  mprotect(0x7f656020e000, 4096, PROT_READ|PROT_WRITE <unfinished ...>
2346  mprotect(0x7f65641e9000, 4096, PROT_READ|PROT_WRITE <unfinished ...>
2345  mprotect(0x7f65681d9000, 4096, PROT_READ|PROT_WRITE <unfinished ...>
2351  mprotect(0x7f654c261000, 4096, PROT_READ|PROT_WRITE <unfinished ...>
2350  <... mprotect resumed>)           = 0
2349  <... mprotect resumed>)           = 0
2344  <... mprotect resumed>)           = 0
2351  <... mprotect resumed>)           = 0
2346  <... mprotect resumed>)           = 0
2345  <... mprotect resumed>)           = 0
2350  mprotect(0x7f6558233000, 4096, PROT_READ|PROT_WRITE <unfinished ...>
2349  mprotect(0x7f6554222000, 4096, PROT_READ|PROT_WRITE <unfinished ...>
2348  <... mprotect resumed>)           = 0
2344  mprotect(0x7f65701d7000, 4096, PROT_READ|PROT_WRITE <unfinished ...>
2351  mprotect(0x7f654c262000, 4096, PROT_READ|PROT_WRITE <unfinished ...>
2350  <... mprotect resumed>)           = 0
2349  <... mprotect resumed>)           = 0
2344  <... mprotect resumed>)           = 0
2346  mprotect(0x7f65641ea000, 4096, PROT_READ|PROT_WRITE <unfinished ...>
2345  mprotect(0x7f65681da000, 4096, PROT_READ|PROT_WRITE <unfinished ...>
2351  <... mprotect resumed>)           = 0
2348  mprotect(0x7f656020f000, 4096, PROT_READ|PROT_WRITE <unfinished ...>
2346  <... mprotect resumed>)           = 0
2345  <... mprotect resumed>)           = 0
2351  mprotect(0x7f654c263000, 4096, PROT_READ|PROT_WRITE <unfinished ...>
2350  mprotect(0x7f6558234000, 4096, PROT_READ|PROT_WRITE <unfinished ...>
2349  mprotect(0x7f6554223000, 4096, PROT_READ|PROT_WRITE <unfinished ...>
2348  <... mprotect resumed>)           = 0
2346  mprotect(0x7f65641eb000, 4096, PROT_READ|PROT_WRITE <unfinished ...>
2344  mprotect(0x7f65701d8000, 4096, PROT_READ|PROT_WRITE <unfinished ...>
2351  <... mprotect resumed>)           = 0
2350  <... mprotect resumed>)           = 0
2345  mprotect(0x7f65681db000, 4096, PROT_READ|PROT_WRITE <unfinished ...>
2351  mprotect(0x7f654c264000, 4096, PROT_READ|PROT_WRITE <unfinished ...>
2349  <... mprotect resumed>)           = 0
2344  <... mprotect resumed>)           = 0
2346  <... mprotect resumed>)           = 0
2351  <... mprotect resumed>)           = 0
2348  mprotect(0x7f6560210000, 4096, PROT_READ|PROT_WRITE <unfinished ...>
2345  <... mprotect resumed>)           = 0
2350  mprotect(0x7f6558235000, 4096, PROT_READ|PROT_WRITE <unfinished ...>
2349  mprotect(0x7f6554224000, 4096, PROT_READ|PROT_WRITE <unfinished ...>
2348  <... mprotect resumed>)           = 0
2350  <... mprotect resumed>)           = 0
2351  mprotect(0x7f654c265000, 4096, PROT_READ|PROT_WRITE <unfinished ...>
2350  mprotect(0x7f6558236000, 4096, PROT_READ|PROT_WRITE <unfinished ...>
2346  mprotect(0x7f65641ec000, 4096, PROT_READ|PROT_WRITE <unfinished ...>
2345  mprotect(0x7f65681dc000, 4096, PROT_READ|PROT_WRITE <unfinished ...>
2351  <... mprotect resumed>)           = 0
2349  <... mprotect resumed>)           = 0
2348  mprotect(0x7f6560211000, 4096, PROT_READ|PROT_WRITE <unfinished ...>
2344  mprotect(0x7f65701d9000, 4096, PROT_READ|PROT_WRITE <unfinished ...>
2346  <... mprotect resumed>)           = 0
2350  <... mprotect resumed>)           = 0
2345  <... mprotect resumed>)           = 0
2351  mprotect(0x7f654c266000, 4096, PROT_READ|PROT_WRITE <unfinished ...>
2348  <... mprotect resumed>)           = 0
2344  <... mprotect resumed>)           = 0
2349  mprotect(0x7f6554225000, 4096, PROT_READ|PROT_WRITE <unfinished ...>
2351  <... mprotect resumed>)           = 0
2349  <... mprotect resumed>)           = 0
2348  mprotect(0x7f6560212000, 4096, PROT_READ|PROT_WRITE <unfinished ...>
2346  mprotect(0x7f65641ed000, 4096, PROT_READ|PROT_WRITE <unfinished ...>
2345  mprotect(0x7f65681dd000, 4096, PROT_READ|PROT_WRITE <unfinished ...>
2351  mprotect(0x7f654c267000, 4096, PROT_READ|PROT_WRITE <unfinished ...>
2346  <... mprotect resumed>)           = 0
2344  mprotect(0x7f65701da000, 4096, PROT_READ|PROT_WRITE <unfinished ...>
2351  <... mprotect resumed>)           = 0
2348  <... mprotect resumed>)           = 0
2350  mprotect(0x7f6558237000, 4096, PROT_READ|PROT_WRITE <unfinished ...>
2349  mprotect(0x7f6554226000, 4096, PROT_READ|PROT_WRITE <unfinished ...>
2348  mprotect(0x7f6560213000, 4096, PROT_READ|PROT_WRITE <unfinished ...>
2346  mprotect(0x7f65641ee000, 4096, PROT_READ|PROT_WRITE <unfinished ...>
2345  <... mprotect resumed>)           = 0
2344  <... mprotect resumed>)           = 0
2351  mprotect(0x7f654c268000, 4096, PROT_READ|PROT_WRITE <unfinished ...>
2349  <... mprotect resumed>)           = 0
2348  <... mprotect resumed>)           = 0
2350  <... mprotect resumed>)           = 0
2351  <... mprotect resumed>)           = 0
2346  <... mprotect resumed>)           = 0
2345  mprotect(0x7f65681de000, 4096, PROT_READ|PROT_WRITE <unfinished ...>
2344  mprotect(0x7f65701db000, 4096, PROT_READ|PROT_WRITE <unfinished ...>
2349  mprotect(0x7f6554227000, 4096, PROT_READ|PROT_WRITE <unfinished ...>
2348  mprotect(0x7f6560214000, 4096, PROT_READ|PROT_WRITE <unfinished ...>
2346  mprotect(0x7f65641ef000, 4096, PROT_READ|PROT_WRITE <unfinished ...>
2344  <... mprotect resumed>)           = 0
2351  mprotect(0x7f654c269000, 4096, PROT_READ|PROT_WRITE <unfinished ...>
2350  mprotect(0x7f6558238000, 4096, PROT_READ|PROT_WRITE <unfinished ...>
2349  <... mprotect resumed>)           = 0
2351  <... mprotect resumed>)           = 0
2348  <... mprotect resumed>)           = 0
2346  <... mprotect resumed>)           = 0
2345  <... mprotect resumed>)           = 0
2351  mprotect(0x7f654c26a000, 4096, PROT_READ|PROT_WRITE <unfinished ...>
2350  <... mprotect resumed>)           = 0
2349  mprotect(0x7f6554228000, 4096, PROT_READ|PROT_WRITE <unfinished ...>
2348  mprotect(0x7f6560215000, 4096, PROT_READ|PROT_WRITE <unfinished ...>
2344  mprotect(0x7f65701dc000, 4096, PROT_READ|PROT_WRITE <unfinished ...>
2351  <... mprotect resumed>)           = 0
2351  mprotect(0x7f654c26b000, 4096, PROT_READ|PROT_WRITE <unfinished ...>
2349  <... mprotect resumed>)           = 0
2348  <... mprotect resumed>)           = 0
2346  mprotect(0x7f65641f0000, 4096, PROT_READ|PROT_WRITE <unfinished ...>
2345  mprotect(0x7f65681df000, 4096, PROT_READ|PROT_WRITE <unfinished ...>
2344  <... mprotect resumed>)           = 0
2351  <... mprotect resumed>)           = 0
2345  <... mprotect resumed>)           = 0
2349  mprotect(0x7f6554229000, 4096, PROT_READ|PROT_WRITE <unfinished ...>
2350  mprotect(0x7f6558239000, 4096, PROT_READ|PROT_WRITE <unfinished ...>
2349  <... mprotect resumed>)           = 0
2350  <... mprotect resumed>)           = 0
2350  mprotect(0x7f655823a000, 4096, PROT_READ|PROT_WRITE <unfinished ...>
2349  mprotect(0x7f655422a000, 4096, PROT_READ|PROT_WRITE <unfinished ...>
2348  mprotect(0x7f6560216000, 4096, PROT_READ|PROT_WRITE <unfinished ...>
2346  <... mprotect resumed>)           = 0
2345  mprotect(0x7f65681e0000, 4096, PROT_READ|PROT_WRITE <unfinished ...>
2344  mprotect(0x7f65701dd000, 4096, PROT_READ|PROT_WRITE <unfinished ...>
2351  mprotect(0x7f654c26c000, 4096, PROT_READ|PROT_WRITE <unfinished ...>
2350  <... mprotect resumed>)           = 0
2349  <... mprotect resumed>)           = 0
2348  <... mprotect resumed>)           = 0
2347  munmap(0x7f6575ab5000, 135168 <unfinished ...>
2346  mprotect(0x7f65641f1000, 4096, PROT_READ|PROT_WRITE <unfinished ...>
2345  <... mprotect resumed>)           = 0
2351  <... mprotect resumed>)           = 0
2344  <... mprotect resumed>)           = 0
2349  mprotect(0x7f655422b000, 4096, PROT_READ|PROT_WRITE <unfinished ...>
2346  <... mprotect resumed>)           = 0
2350  mprotect(0x7f655823b000, 4096, PROT_READ|PROT_WRITE <unfinished ...>
2348  mprotect(0x7f6560217000, 4096, PROT_READ|PROT_WRITE <unfinished ...>
2349  <... mprotect resumed>)           = 0
2347  <... munmap resumed>)             = 0
2350  <... mprotect resumed>)           = 0
2346  mprotect(0x7f65641f2000, 4096, PROT_READ|PROT_WRITE <unfinished ...>
2345  mprotect(0x7f65681e1000, 4096, PROT_READ|PROT_WRITE <unfinished ...>
2351  mprotect(0x7f654c26d000, 4096, PROT_READ|PROT_WRITE <unfinished ...>
2348  <... mprotect resumed>)           = 0
2344  mprotect(0x7f65701de000, 4096, PROT_READ|PROT_WRITE <unfinished ...>
2349  mprotect(0x7f655422c000, 4096, PROT_READ|PROT_WRITE <unfinished ...>
2347  mprotect(0x7f655c201000, 4096, PROT_READ|PROT_WRITE <unfinished ...>
2346  <... mprotect resumed>)           = 0
2351  <... mprotect resumed>)           = 0
2350  mprotect(0x7f655823c000, 4096, PROT_READ|PROT_WRITE <unfinished ...>
2349  <... mprotect resumed>)           = 0
2348  mprotect(0x7f6560218000, 4096, PROT_READ|PROT_WRITE <unfinished ...>
2347  <... mprotect resumed>)           = 0
2346  mprotect(0x7f65641f3000, 4096, PROT_READ|PROT_WRITE <unfinished ...>
2345  <... mprotect resumed>)           = 0
2344  <... mprotect resumed>)           = 0
2351  mprotect(0x7f654c26e000, 4096, PROT_READ|PROT_WRITE <unfinished ...>
2350  <... mprotect resumed>)           = 0
2348  <... mprotect resumed>)           = 0
2351  <... mprotect resumed>)           = 0
2349  mprotect(0x7f655422d000, 4096, PROT_READ|PROT_WRITE <unfinished ...>
2347  mprotect(0x7f655c202000, 4096, PROT_READ|PROT_WRITE <unfinished ...>
2348  mprotect(0x7f6560219000, 4096, PROT_READ|PROT_WRITE <unfinished ...>
2346  <... mprotect resumed>)           = 0
2351  mprotect(0x7f654c26f000, 4096, PROT_READ|PROT_WRITE <unfinished ...>
2345  mprotect(0x7f65681e2000, 4096, PROT_READ|PROT_WRITE <unfinished ...>
2349  <... mprotect resumed>)           = 0
2347  <... mprotect resumed>)           = 0
2351  <... mprotect resumed>)           = 0
2349  mprotect(0x7f655422e000, 4096, PROT_READ|PROT_WRITE <unfinished ...>
2346  mprotect(0x7f65641f4000, 4096, PROT_READ|PROT_WRITE <unfinished ...>
2351  mprotect(0x7f654c270000, 4096, PROT_READ|PROT_WRITE <unfinished ...>
2349  <... mprotect resumed>)           = 0
2347  mprotect(0x7f655c203000, 4096, PROT_READ|PROT_WRITE <unfinished ...>
2346  <... mprotect resumed>)           = 0
2351  <... mprotect resumed>)           = 0
2350  mprotect(0x7f655823d000, 4096, PROT_READ|PROT_WRITE <unfinished ...>
2349  mprotect(0x7f655422f000, 4096, PROT_READ|PROT_WRITE <unfinished ...>
2348  <... mprotect resumed>)           = 0
2347  <... mprotect resumed>)           = 0
2345  <... mprotect resumed>)           = 0
2344  mprotect(0x7f65701df000, 4096, PROT_READ|PROT_WRITE <unfinished ...>
2350  <... mprotect resumed>)           = 0
2349  <... mprotect resumed>)           = 0
2346  mprotect(0x7f65641f5000, 4096, PROT_READ|PROT_WRITE <unfinished ...>
2351  mprotect(0x7f654c271000, 4096, PROT_READ|PROT_WRITE <unfinished ...>
2348  mprotect(0x7f656021a000, 4096, PROT_READ|PROT_WRITE <unfinished ...>
2345  mprotect(0x7f65681e3000, 4096, PROT_READ|PROT_WRITE <unfinished ...>
2346  <... mprotect resumed>)           = 0
2351  <... mprotect resumed>)           = 0
2350  mprotect(0x7f655823e000, 4096, PROT_READ|PROT_WRITE <unfinished ...>
2349  mprotect(0x7f6554230000, 4096, PROT_READ|PROT_WRITE <unfinished ...>
2348  <... mprotect resumed>)           = 0
2347  mprotect(0x7f655c204000, 4096, PROT_READ|PROT_WRITE <unfinished ...>
2345  <... mprotect resumed>)           = 0
2344  <... mprotect resumed>)           = 0
2346  mprotect(0x7f65641f6000, 4096, PROT_READ|PROT_WRITE <unfinished ...>
2351  mprotect(0x7f654c272000, 4096, PROT_READ|PROT_WRITE <unfinished ...>
2350  <... mprotect resumed>)           = 0
2349  <... mprotect resumed>)           = 0
2348  mprotect(0x7f656021b000, 4096, PROT_READ|PROT_WRITE <unfinished ...>
2347  <... mprotect resumed>)           = 0
2344  mprotect(0x7f65701e0000, 4096, PROT_READ|PROT_WRITE <unfinished ...>
2351  <... mprotect resumed>)           = 0
2348  <... mprotect resumed>)           = 0
2346  <... mprotect resumed>)           = 0
2345  mprotect(0x7f65681e4000, 4096, PROT_READ|PROT_WRITE <unfinished ...>
2350  mprotect(0x7f655823f000, 4096, PROT_READ|PROT_WRITE <unfinished ...>
2349  mprotect(0x7f6554231000, 4096, PROT_READ|PROT_WRITE <unfinished ...>
2347  mprotect(0x7f655c205000, 4096, PROT_READ|PROT_WRITE <unfinished ...>
2344  <... mprotect resumed>)           = 0
2351  mprotect(0x7f654c273000, 4096, PROT_READ|PROT_WRITE <unfinished ...>
2350  <... mprotect resumed>)           = 0
2349  <... mprotect resumed>)           = 0
2348  mprotect(0x7f656021c000, 4096, PROT_READ|PROT_WRITE <unfinished ...>
2347  <... mprotect resumed>)           = 0
2346  mprotect(0x7f65641f7000, 4096, PROT_READ|PROT_WRITE <unfinished ...>
2345  <... mprotect resumed>)           = 0
2351  <... mprotect resumed>)           = 0
2350  mprotect(0x7f6558240000, 4096, PROT_READ|PROT_WRITE <unfinished ...>
2349  mprotect(0x7f6554232000, 4096, PROT_READ|PROT_WRITE <unfinished ...>
2348  <... mprotect resumed>)           = 0
2344  mprotect(0x7f65701e1000, 4096, PROT_READ|PROT_WRITE <unfinished ...>
2346  <... mprotect resumed>)           = 0
2345  mprotect(0x7f65681e5000, 4096, PROT_READ|PROT_WRITE <unfinished ...>
2350  <... mprotect resumed>)           = 0
2349  <... mprotect resumed>)           = 0
2347  mprotect(0x7f655c206000, 4096, PROT_READ|PROT_WRITE <unfinished ...>
2348  mprotect(0x7f656021d000, 4096, PROT_READ|PROT_WRITE <unfinished ...>
2344  <... mprotect resumed>)           = 0
2346  mprotect(0x7f65641f8000, 4096, PROT_READ|PROT_WRITE <unfinished ...>
2351  mprotect(0x7f654c274000, 4096, PROT_READ|PROT_WRITE <unfinished ...>
2348  <... mprotect resumed>)           = 0
2347  <... mprotect resumed>)           = 0
2345  <... mprotect resumed>)           = 0
2344  mprotect(0x7f65701e2000, 4096, PROT_READ|PROT_WRITE <unfinished ...>
2351  <... mprotect resumed>)           = 0
2350  mprotect(0x7f6558241000, 4096, PROT_READ|PROT_WRITE <unfinished ...>
2349  mprotect(0x7f6554233000, 4096, PROT_READ|PROT_WRITE <unfinished ...>
2348  mprotect(0x7f656021e000, 4096, PROT_READ|PROT_WRITE <unfinished ...>
2346  <... mprotect resumed>)           = 0
2351  mprotect(0x7f654c275000, 4096, PROT_READ|PROT_WRITE <unfinished ...>
2347  mprotect(0x7f655c207000, 4096, PROT_READ|PROT_WRITE <unfinished ...>
2345  mprotect(0x7f65681e6000, 4096, PROT_READ|PROT_WRITE <unfinished ...>
2344  <... mprotect resumed>)           = 0
2351  <... mprotect resumed>)           = 0
2350  <... mprotect resumed>)           = 0
2349  <... mprotect resumed>)           = 0
2348  <... mprotect resumed>)           = 0
2347  <... mprotect resumed>)           = 0
2346  mprotect(0x7f65641f9000, 4096, PROT_READ|PROT_WRITE <unfinished ...>
2351  mprotect(0x7f654c276000, 4096, PROT_READ|PROT_WRITE <unfinished ...>
2348  mprotect(0x7f656021f000, 4096, PROT_READ|PROT_WRITE <unfinished ...>
2346  <... mprotect resumed>)           = 0
2345  <... mprotect resumed>)           = 0
2344  mprotect(0x7f65701e3000, 4096, PROT_READ|PROT_WRITE <unfinished ...>
2350  mprotect(0x7f6558242000, 4096, PROT_READ|PROT_WRITE <unfinished ...>
2349  mprotect(0x7f6554234000, 4096, PROT_READ|PROT_WRITE <unfinished ...>
2347  mprotect(0x7f655c208000, 4096, PROT_READ|PROT_WRITE <unfinished ...>
2351  <... mprotect resumed>)           = 0
2350  <... mprotect resumed>)           = 0
2348  <... mprotect resumed>)           = 0
2345  mprotect(0x7f65681e7000, 4096, PROT_READ|PROT_WRITE <unfinished ...>
2344  <... mprotect resumed>)           = 0
2349  <... mprotect resumed>)           = 0
2347  <... mprotect resumed>)           = 0
2346  mprotect(0x7f65641fa000, 4096, PROT_READ|PROT_WRITE <unfinished ...>
2345  <... mprotect resumed>)           = 0
2348  mprotect(0x7f6560220000, 4096, PROT_READ|PROT_WRITE <unfinished ...>
2346  <... mprotect resumed>)           = 0
2350  mprotect(0x7f6558243000, 4096, PROT_READ|PROT_WRITE <unfinished ...>
2349  mprotect(0x7f6554235000, 4096, PROT_READ|PROT_WRITE <unfinished ...>
2344  mprotect(0x7f65701e4000, 4096, PROT_READ|PROT_WRITE <unfinished ...>
2350  <... mprotect resumed>)           = 0
2349  <... mprotect resumed>)           = 0
2348  <... mprotect resumed>)           = 0
2347  mprotect(0x7f655c209000, 4096, PROT_READ|PROT_WRITE <unfinished ...>
2346  mprotect(0x7f65641fb000, 4096, PROT_READ|PROT_WRITE <unfinished ...>
2345  mprotect(0x7f65681e8000, 4096, PROT_READ|PROT_WRITE <unfinished ...>
2344  <... mprotect resumed>)           = 0
2351  mprotect(0x7f654c277000, 4096, PROT_READ|PROT_WRITE <unfinished ...>
2350  mprotect(0x7f6558244000, 4096, PROT_READ|PROT_WRITE <unfinished ...>
2349  mprotect(0x7f6554236000, 4096, PROT_READ|PROT_WRITE <unfinished ...>
2348  mprotect(0x7f6560221000, 4096, PROT_READ|PROT_WRITE <unfinished ...>
2350  <... mprotect resumed>)           = 0
2349  <... mprotect resumed>)           = 0
2347  <... mprotect resumed>)           = 0
2346  <... mprotect resumed>)           = 0
2345  <... mprotect resumed>)           = 0
2351  <... mprotect resumed>)           = 0
2350  mprotect(0x7f6558245000, 4096, PROT_READ|PROT_WRITE <unfinished ...>
2349  mprotect(0x7f6554237000, 4096, PROT_READ|PROT_WRITE <unfinished ...>
2348  <... mprotect resumed>)           = 0
2347  mprotect(0x7f655c20a000, 4096, PROT_READ|PROT_WRITE <unfinished ...>
2344  mprotect(0x7f65701e5000, 4096, PROT_READ|PROT_WRITE <unfinished ...>
2350  <... mprotect resumed>)           = 0
2349  <... mprotect resumed>)           = 0
2348  mprotect(0x7f6560222000, 4096, PROT_READ|PROT_WRITE <unfinished ...>
2347  <... mprotect resumed>)           = 0
2346  mprotect(0x7f65641fc000, 4096, PROT_READ|PROT_WRITE <unfinished ...>
2345  mprotect(0x7f65681e9000, 4096, PROT_READ|PROT_WRITE <unfinished ...>
2351  mprotect(0x7f654c278000, 4096, PROT_READ|PROT_WRITE <unfinished ...>
2348  <... mprotect resumed>)           = 0
2344  <... mprotect resumed>)           = 0
2351  <... mprotect resumed>)           = 0
2345  <... mprotect resumed>)           = 0
2351  mprotect(0x7f654c279000, 4096, PROT_READ|PROT_WRITE <unfinished ...>
2350  mprotect(0x7f6558246000, 4096, PROT_READ|PROT_WRITE <unfinished ...>
2348  mprotect(0x7f6560223000, 4096, PROT_READ|PROT_WRITE <unfinished ...>
2347  mprotect(0x7f655c20b000, 4096, PROT_READ|PROT_WRITE <unfinished ...>
2346  <... mprotect resumed>)           = 0
2344  mprotect(0x7f65701e6000, 4096, PROT_READ|PROT_WRITE <unfinished ...>
2351  <... mprotect resumed>)           = 0
2350  <... mprotect resumed>)           = 0
2349  mprotect(0x7f6554238000, 4096, PROT_READ|PROT_WRITE <unfinished ...>
2348  <... mprotect resumed>)           = 0
2345  mprotect(0x7f65681ea000, 4096, PROT_READ|PROT_WRITE <unfinished ...>
2351  mprotect(0x7f654c27a000, 4096, PROT_READ|PROT_WRITE <unfinished ...>
2350  mprotect(0x7f6558247000, 4096, PROT_READ|PROT_WRITE <unfinished ...>
2349  <... mprotect resumed>)           = 0
2347  <... mprotect resumed>)           = 0
2346  mprotect(0x7f65641fd000, 4096, PROT_READ|PROT_WRITE <unfinished ...>
2345  <... mprotect resumed>)           = 0
2344  <... mprotect resumed>)           = 0
2351  <... mprotect resumed>)           = 0
2350  <... mprotect resumed>)           = 0
2349  mprotect(0x7f6554239000, 4096, PROT_READ|PROT_WRITE <unfinished ...>
2348  mprotect(0x7f6560224000, 4096, PROT_READ|PROT_WRITE <unfinished ...>
2347  mprotect(0x7f655c20c000, 4096, PROT_READ|PROT_WRITE <unfinished ...>
2346  <... mprotect resumed>)           = 0
2351  mprotect(0x7f654c27b000, 4096, PROT_READ|PROT_WRITE <unfinished ...>
2350  mprotect(0x7f6558248000, 4096, PROT_READ|PROT_WRITE <unfinished ...>
2348  <... mprotect resumed>)           = 0
2345  mprotect(0x7f65681eb000, 4096, PROT_READ|PROT_WRITE <unfinished ...>
2344  mprotect(0x7f65701e7000, 4096, PROT_READ|PROT_WRITE <unfinished ...>
2351  <... mprotect resumed>)           = 0
2350  <... mprotect resumed>)           = 0
2349  <... mprotect resumed>)           = 0
2348  mprotect(0x7f6560225000, 4096, PROT_READ|PROT_WRITE <unfinished ...>
2347  <... mprotect resumed>)           = 0
2346  mprotect(0x7f65641fe000, 4096, PROT_READ|PROT_WRITE <unfinished ...>
2345  <... mprotect resumed>)           = 0
2351  mprotect(0x7f654c27c000, 4096, PROT_READ|PROT_WRITE <unfinished ...>
2350  mprotect(0x7f6558249000, 4096, PROT_READ|PROT_WRITE <unfinished ...>
2344  <... mprotect resumed>)           = 0
2348  <... mprotect resumed>)           = 0
2351  <... mprotect resumed>)           = 0
2350  <... mprotect resumed>)           = 0
2349  mprotect(0x7f655423a000, 4096, PROT_READ|PROT_WRITE <unfinished ...>
2347  mprotect(0x7f655c20d000, 4096, PROT_READ|PROT_WRITE <unfinished ...>
2346  <... mprotect resumed>)           = 0
2348  mprotect(0x7f6560226000, 4096, PROT_READ|PROT_WRITE <unfinished ...>
2345  mprotect(0x7f65681ec000, 4096, PROT_READ|PROT_WRITE <unfinished ...>
2344  mprotect(0x7f65701e8000, 4096, PROT_READ|PROT_WRITE <unfinished ...>
2351  mprotect(0x7f654c27d000, 4096, PROT_READ|PROT_WRITE <unfinished ...>
2350  mprotect(0x7f655824a000, 4096, PROT_READ|PROT_WRITE <unfinished ...>
2349  <... mprotect resumed>)           = 0
2348  <... mprotect resumed>)           = 0
2347  <... mprotect resumed>)           = 0
2346  mprotect(0x7f65641ff000, 4096, PROT_READ|PROT_WRITE <unfinished ...>
2345  <... mprotect resumed>)           = 0
2351  <... mprotect resumed>)           = 0
2350  <... mprotect resumed>)           = 0
2349  mprotect(0x7f655423b000, 4096, PROT_READ|PROT_WRITE <unfinished ...>
2347  mprotect(0x7f655c20e000, 4096, PROT_READ|PROT_WRITE <unfinished ...>
2344  <... mprotect resumed>)           = 0
2351  mprotect(0x7f654c27e000, 4096, PROT_READ|PROT_WRITE <unfinished ...>
2346  <... mprotect resumed>)           = 0
2351  <... mprotect resumed>)           = 0
2350  mprotect(0x7f655824b000, 4096, PROT_READ|PROT_WRITE <unfinished ...>
2349  <... mprotect resumed>)           = 0
2348  mprotect(0x7f6560227000, 4096, PROT_READ|PROT_WRITE <unfinished ...>
2347  <... mprotect resumed>)           = 0
2345  mprotect(0x7f65681ed000, 4096, PROT_READ|PROT_WRITE <unfinished ...>
2351  mprotect(0x7f654c27f000, 4096, PROT_READ|PROT_WRITE <unfinished ...>
2350  <... mprotect resumed>)           = 0
2349  mprotect(0x7f655423c000, 4096, PROT_READ|PROT_WRITE <unfinished ...>
2346  mprotect(0x7f6564200000, 4096, PROT_READ|PROT_WRITE <unfinished ...>
2344  mprotect(0x7f65701e9000, 4096, PROT_READ|PROT_WRITE <unfinished ...>
2348  <... mprotect resumed>)           = 0
2351  <... mprotect resumed>)           = 0
2350  mprotect(0x7f655824c000, 4096, PROT_READ|PROT_WRITE <unfinished ...>
2347  mprotect(0x7f655c20f000, 4096, PROT_READ|PROT_WRITE <unfinished ...>
2345  <... mprotect resumed>)           = 0
2351  mprotect(0x7f654c280000, 4096, PROT_READ|PROT_WRITE <unfinished ...>
2349  <... mprotect resumed>)           = 0
2348  mprotect(0x7f6560228000, 4096, PROT_READ|PROT_WRITE <unfinished ...>
2347  <... mprotect resumed>)           = 0
2350  <... mprotect resumed>)           = 0
2346  <... mprotect resumed>)           = 0
2344  <... mprotect resumed>)           = 0
2351  <... mprotect resumed>)           = 0
2349  mprotect(0x7f655423d000, 4096, PROT_READ|PROT_WRITE <unfinished ...>
2348  <... mprotect resumed>)           = 0
2347  mprotect(0x7f655c210000, 4096, PROT_READ|PROT_WRITE <unfinished ...>
2346  mmap(NULL, 266240, PROT_READ|PROT_WRITE, MAP_PRIVATE|MAP_ANONYMOUS, -1, 0 <unfinished ...>
2345  mprotect(0x7f65681ee000, 4096, PROT_READ|PROT_WRITE <unfinished ...>
2351  mprotect(0x7f654c281000, 4096, PROT_READ|PROT_WRITE <unfinished ...>
2350  mprotect(0x7f655824d000, 4096, PROT_READ|PROT_WRITE <unfinished ...>
2349  <... mprotect resumed>)           = 0
2348  mprotect(0x7f6560229000, 4096, PROT_READ|PROT_WRITE <unfinished ...>
2347  <... mprotect resumed>)           = 0
2344  mprotect(0x7f65701ea000, 4096, PROT_READ|PROT_WRITE <unfinished ...>
2351  <... mprotect resumed>)           = 0
2350  <... mprotect resumed>)           = 0
2349  mprotect(0x7f655423e000, 4096, PROT_READ|PROT_WRITE <unfinished ...>
2346  <... mmap resumed>)               = 0x7f6575a95000
2345  <... mprotect resumed>)           = 0
2351  mprotect(0x7f654c282000, 4096, PROT_READ|PROT_WRITE <unfinished ...>
2349  <... mprotect resumed>)           = 0
2348  <... mprotect resumed>)           = 0
2347  mprotect(0x7f655c211000, 4096, PROT_READ|PROT_WRITE <unfinished ...>
2344  <... mprotect resumed>)           = 0
2351  <... mprotect resumed>)           = 0
2350  mprotect(0x7f655824e000, 4096, PROT_READ|PROT_WRITE <unfinished ...>
2349  mprotect(0x7f655423f000, 4096, PROT_READ|PROT_WRITE <unfinished ...>
2348  mprotect(0x7f656022a000, 4096, PROT_READ|PROT_WRITE <unfinished ...>
2347  <... mprotect resumed>)           = 0
2345  mprotect(0x7f65681ef000, 4096, PROT_READ|PROT_WRITE <unfinished ...>
2344  mprotect(0x7f65701eb000, 4096, PROT_READ|PROT_WRITE <unfinished ...>
2351  mprotect(0x7f654c283000, 4096, PROT_READ|PROT_WRITE <unfinished ...>
2350  <... mprotect resumed>)           = 0
2349  <... mprotect resumed>)           = 0
2348  <... mprotect resumed>)           = 0
2351  <... mprotect resumed>)           = 0
2350  mprotect(0x7f655824f000, 4096, PROT_READ|PROT_WRITE <unfinished ...>
2349  mprotect(0x7f6554240000, 4096, PROT_READ|PROT_WRITE <unfinished ...>
2347  mprotect(0x7f655c212000, 4096, PROT_READ|PROT_WRITE <unfinished ...>
2345  <... mprotect resumed>)           = 0
2344  <... mprotect resumed>)           = 0
2351  mprotect(0x7f654c284000, 4096, PROT_READ|PROT_WRITE <unfinished ...>
2350  <... mprotect resumed>)           = 0
2349  <... mprotect resumed>)           = 0
2347  <... mprotect resumed>)           = 0
2351  <... mprotect resumed>)           = 0
2350  mprotect(0x7f6558250000, 4096, PROT_READ|PROT_WRITE <unfinished ...>
2348  mprotect(0x7f656022b000, 4096, PROT_READ|PROT_WRITE <unfinished ...>
2345  mprotect(0x7f65681f0000, 4096, PROT_READ|PROT_WRITE <unfinished ...>
2344  mprotect(0x7f65701ec000, 4096, PROT_READ|PROT_WRITE <unfinished ...>
2351  mprotect(0x7f654c285000, 4096, PROT_READ|PROT_WRITE <unfinished ...>
2349  mprotect(0x7f6554241000, 4096, PROT_READ|PROT_WRITE <unfinished ...>
2348  <... mprotect resumed>)           = 0
2347  mprotect(0x7f655c213000, 4096, PROT_READ|PROT_WRITE <unfinished ...>
2350  <... mprotect resumed>)           = 0
2345  <... mprotect resumed>)           = 0
2344  <... mprotect resumed>)           = 0
2351  <... mprotect resumed>)           = 0
2349  <... mprotect resumed>)           = 0
2348  mprotect(0x7f656022c000, 4096, PROT_READ|PROT_WRITE <unfinished ...>
2347  <... mprotect resumed>)           = 0
2350  mprotect(0x7f6558251000, 4096, PROT_READ|PROT_WRITE <unfinished ...>
2344  mprotect(0x7f65701ed000, 4096, PROT_READ|PROT_WRITE <unfinished ...>
2348  <... mprotect resumed>)           = 0
2351  mprotect(0x7f654c286000, 4096, PROT_READ|PROT_WRITE <unfinished ...>
2345  mprotect(0x7f65681f1000, 4096, PROT_READ|PROT_WRITE <unfinished ...>
2344  <... mprotect resumed>)           = 0
2350  <... mprotect resumed>)           = 0
2349  mprotect(0x7f6554242000, 4096, PROT_READ|PROT_WRITE <unfinished ...>
2348  mprotect(0x7f656022d000, 4096, PROT_READ|PROT_WRITE <unfinished ...>
2347  mprotect(0x7f655c214000, 4096, PROT_READ|PROT_WRITE <unfinished ...>
2351  <... mprotect resumed>)           = 0
2350  mprotect(0x7f6558252000, 4096, PROT_READ|PROT_WRITE <unfinished ...>
2349  <... mprotect resumed>)           = 0
2348  <... mprotect resumed>)           = 0
2345  <... mprotect resumed>)           = 0
2344  mprotect(0x7f65701ee000, 4096, PROT_READ|PROT_WRITE <unfinished ...>
2351  mprotect(0x7f654c287000, 4096, PROT_READ|PROT_WRITE <unfinished ...>
2347  <... mprotect resumed>)           = 0
2350  <... mprotect resumed>)           = 0
2348  mprotect(0x7f656022e000, 4096, PROT_READ|PROT_WRITE <unfinished ...>
2344  <... mprotect resumed>)           = 0
2348  <... mprotect resumed>)           = 0
2347  mprotect(0x7f655c215000, 4096, PROT_READ|PROT_WRITE <unfinished ...>
2350  mprotect(0x7f6558253000, 4096, PROT_READ|PROT_WRITE <unfinished ...>
2349  mprotect(0x7f6554243000, 4096, PROT_READ|PROT_WRITE <unfinished ...>
2350  <... mprotect resumed>)           = 0
2349  <... mprotect resumed>)           = 0
2348  mprotect(0x7f656022f000, 4096, PROT_READ|PROT_WRITE <unfinished ...>
2347  <... mprotect resumed>)           = 0
2344  mprotect(0x7f65701ef000, 4096, PROT_READ|PROT_WRITE <unfinished ...>
2351  <... mprotect resumed>)           = 0
2350  mprotect(0x7f6558254000, 4096, PROT_READ|PROT_WRITE <unfinished ...>
2349  mprotect(0x7f6554244000, 4096, PROT_READ|PROT_WRITE <unfinished ...>
2348  <... mprotect resumed>)           = 0
2347  mprotect(0x7f655c216000, 4096, PROT_READ|PROT_WRITE <unfinished ...>
2350  <... mprotect resumed>)           = 0
2344  <... mprotect resumed>)           = 0
2351  mprotect(0x7f654c288000, 4096, PROT_READ|PROT_WRITE <unfinished ...>
2348  mprotect(0x7f6560230000, 4096, PROT_READ|PROT_WRITE <unfinished ...>
2347  <... mprotect resumed>)           = 0
2351  <... mprotect resumed>)           = 0
2350  mprotect(0x7f6558255000, 4096, PROT_READ|PROT_WRITE <unfinished ...>
2349  <... mprotect resumed>)           = 0
2348  <... mprotect resumed>)           = 0
2345  mprotect(0x7f65681f2000, 4096, PROT_READ|PROT_WRITE <unfinished ...>
2344  mprotect(0x7f65701f0000, 4096, PROT_READ|PROT_WRITE <unfinished ...>
2351  mprotect(0x7f654c289000, 4096, PROT_READ|PROT_WRITE <unfinished ...>
2350  <... mprotect resumed>)           = 0
2348  mprotect(0x7f6560231000, 4096, PROT_READ|PROT_WRITE <unfinished ...>
2347  mprotect(0x7f655c217000, 4096, PROT_READ|PROT_WRITE <unfinished ...>
2350  mprotect(0x7f6558256000, 4096, PROT_READ|PROT_WRITE <unfinished ...>
2349  mprotect(0x7f6554245000, 4096, PROT_READ|PROT_WRITE <unfinished ...>
2348  <... mprotect resumed>)           = 0
2345  <... mprotect resumed>)           = 0
2344  <... mprotect resumed>)           = 0
2351  <... mprotect resumed>)           = 0
2350  <... mprotect resumed>)           = 0
2349  <... mprotect resumed>)           = 0
2348  mprotect(0x7f6560232000, 4096, PROT_READ|PROT_WRITE <unfinished ...>
2347  <... mprotect resumed>)           = 0
2345  mprotect(0x7f65681f3000, 4096, PROT_READ|PROT_WRITE <unfinished ...>
2344  mprotect(0x7f65701f1000, 4096, PROT_READ|PROT_WRITE <unfinished ...>
2350  mprotect(0x7f6558257000, 4096, PROT_READ|PROT_WRITE <unfinished ...>
2351  mprotect(0x7f654c28a000, 4096, PROT_READ|PROT_WRITE <unfinished ...>
2349  mprotect(0x7f6554246000, 4096, PROT_READ|PROT_WRITE <unfinished ...>
2348  <... mprotect resumed>)           = 0
2345  <... mprotect resumed>)           = 0
2351  <... mprotect resumed>)           = 0
2347  mprotect(0x7f655c218000, 4096, PROT_READ|PROT_WRITE <unfinished ...>
2344  <... mprotect resumed>)           = 0
2350  <... mprotect resumed>)           = 0
2349  <... mprotect resumed>)           = 0
2348  mprotect(0x7f6560233000, 4096, PROT_READ|PROT_WRITE) = 0
2349  mprotect(0x7f6554247000, 4096, PROT_READ|PROT_WRITE <unfinished ...>
2351  mprotect(0x7f654c28b000, 4096, PROT_READ|PROT_WRITE <unfinished ...>
2349  <... mprotect resumed>)           = 0
2348  mprotect(0x7f6560234000, 4096, PROT_READ|PROT_WRITE <unfinished ...>
2347  <... mprotect resumed>)           = 0
2345  mprotect(0x7f65681f4000, 4096, PROT_READ|PROT_WRITE <unfinished ...>
2351  <... mprotect resumed>)           = 0
2348  <... mprotect resumed>)           = 0
2345  <... mprotect resumed>)           = 0
2351  mprotect(0x7f654c28c000, 4096, PROT_READ|PROT_WRITE <unfinished ...>
2347  mprotect(0x7f655c219000, 4096, PROT_READ|PROT_WRITE <unfinished ...>
2351  <... mprotect resumed>)           = 0
2349  mprotect(0x7f6554248000, 4096, PROT_READ|PROT_WRITE <unfinished ...>
2348  mprotect(0x7f6560235000, 4096, PROT_READ|PROT_WRITE <unfinished ...>
2347  <... mprotect resumed>)           = 0
2351  mprotect(0x7f654c28d000, 4096, PROT_READ|PROT_WRITE <unfinished ...>
2345  mprotect(0x7f65681f5000, 4096, PROT_READ|PROT_WRITE <unfinished ...>
2344  mprotect(0x7f65701f2000, 4096, PROT_READ|PROT_WRITE <unfinished ...>
2350  mprotect(0x7f6558258000, 4096, PROT_READ|PROT_WRITE <unfinished ...>
2349  <... mprotect resumed>)           = 0
2348  <... mprotect resumed>)           = 0
2347  mprotect(0x7f655c21a000, 4096, PROT_READ|PROT_WRITE <unfinished ...>
2346  munmap(0x7f6575ad6000, 135168 <unfinished ...>
2351  <... mprotect resumed>)           = 0
2349  mprotect(0x7f6554249000, 4096, PROT_READ|PROT_WRITE <unfinished ...>
2347  <... mprotect resumed>)           = 0
2345  <... mprotect resumed>)           = 0
2344  <... mprotect resumed>)           = 0
2351  mprotect(0x7f654c28e000, 4096, PROT_READ|PROT_WRITE <unfinished ...>
2348  mprotect(0x7f6560236000, 4096, PROT_READ|PROT_WRITE <unfinished ...>
2347  mprotect(0x7f655c21b000, 4096, PROT_READ|PROT_WRITE <unfinished ...>
2346  <... munmap resumed>)             = 0
2350  <... mprotect resumed>)           = 0
2347  <... mprotect resumed>)           = 0
2351  <... mprotect resumed>)           = 0
2348  <... mprotect resumed>)           = 0
2344  mprotect(0x7f65701f3000, 4096, PROT_READ|PROT_WRITE <unfinished ...>
2346  mprotect(0x7f6564201000, 4096, PROT_READ|PROT_WRITE <unfinished ...>
2348  mprotect(0x7f6560237000, 4096, PROT_READ|PROT_WRITE <unfinished ...>
2347  mprotect(0x7f655c21c000, 4096, PROT_READ|PROT_WRITE <unfinished ...>
2345  mprotect(0x7f65681f6000, 4096, PROT_READ|PROT_WRITE <unfinished ...>
2351  mprotect(0x7f654c28f000, 4096, PROT_READ|PROT_WRITE <unfinished ...>
2350  mprotect(0x7f6558259000, 4096, PROT_READ|PROT_WRITE <unfinished ...>
2349  <... mprotect resumed>)           = 0
2348  <... mprotect resumed>)           = 0
2346  <... mprotect resumed>)           = 0
2344  <... mprotect resumed>)           = 0
2345  <... mprotect resumed>)           = 0
2351  <... mprotect resumed>)           = 0
2350  <... mprotect resumed>)           = 0
2349  mprotect(0x7f655424a000, 4096, PROT_READ|PROT_WRITE <unfinished ...>
2347  <... mprotect resumed>)           = 0
2349  <... mprotect resumed>)           = 0
2348  mprotect(0x7f6560238000, 4096, PROT_READ|PROT_WRITE <unfinished ...>
2346  mprotect(0x7f6564202000, 4096, PROT_READ|PROT_WRITE <unfinished ...>
2345  mprotect(0x7f65681f7000, 4096, PROT_READ|PROT_WRITE <unfinished ...>
2344  mprotect(0x7f65701f4000, 4096, PROT_READ|PROT_WRITE <unfinished ...>
2351  mprotect(0x7f654c290000, 4096, PROT_READ|PROT_WRITE <unfinished ...>
2350  mprotect(0x7f655825a000, 4096, PROT_READ|PROT_WRITE <unfinished ...>
2349  mprotect(0x7f655424b000, 4096, PROT_READ|PROT_WRITE <unfinished ...>
2348  <... mprotect resumed>)           = 0
2347  mprotect(0x7f655c21d000, 4096, PROT_READ|PROT_WRITE <unfinished ...>
2346  <... mprotect resumed>)           = 0
2345  <... mprotect resumed>)           = 0
2351  <... mprotect resumed>)           = 0
2349  <... mprotect resumed>)           = 0
2344  <... mprotect resumed>)           = 0
2347  <... mprotect resumed>)           = 0
2350  <... mprotect resumed>)           = 0
2346  mprotect(0x7f6564203000, 4096, PROT_READ|PROT_WRITE <unfinished ...>
2345  mprotect(0x7f65681f8000, 4096, PROT_READ|PROT_WRITE <unfinished ...>
2351  mprotect(0x7f654c291000, 4096, PROT_READ|PROT_WRITE <unfinished ...>
2349  mprotect(0x7f655424c000, 4096, PROT_READ|PROT_WRITE <unfinished ...>
2347  mprotect(0x7f655c21e000, 4096, PROT_READ|PROT_WRITE <unfinished ...>
2351  <... mprotect resumed>)           = 0
2348  mprotect(0x7f6560239000, 4096, PROT_READ|PROT_WRITE <unfinished ...>
2346  <... mprotect resumed>)           = 0
2345  <... mprotect resumed>)           = 0
2344  mprotect(0x7f65701f5000, 4096, PROT_READ|PROT_WRITE <unfinished ...>
2350  mprotect(0x7f655825b000, 4096, PROT_READ|PROT_WRITE <unfinished ...>
2349  <... mprotect resumed>)           = 0
2347  <... mprotect resumed>)           = 0
2351  mprotect(0x7f654c292000, 4096, PROT_READ|PROT_WRITE <unfinished ...>
2348  <... mprotect resumed>)           = 0
2346  mprotect(0x7f6564204000, 4096, PROT_READ|PROT_WRITE <unfinished ...>
2350  <... mprotect resumed>)           = 0
2347  mprotect(0x7f655c21f000, 4096, PROT_READ|PROT_WRITE <unfinished ...>
2345  mprotect(0x7f65681f9000, 4096, PROT_READ|PROT_WRITE <unfinished ...>
2351  <... mprotect resumed>)           = 0
2349  mprotect(0x7f655424d000, 4096, PROT_READ|PROT_WRITE <unfinished ...>
2347  <... mprotect resumed>)           = 0
2346  <... mprotect resumed>)           = 0
2344  <... mprotect resumed>)           = 0
2351  mprotect(0x7f654c293000, 4096, PROT_READ|PROT_WRITE <unfinished ...>
2350  mprotect(0x7f655825c000, 4096, PROT_READ|PROT_WRITE <unfinished ...>
2349  <... mprotect resumed>)           = 0
2348  mprotect(0x7f656023a000, 4096, PROT_READ|PROT_WRITE <unfinished ...>
2345  <... mprotect resumed>)           = 0
2351  <... mprotect resumed>)           = 0
2350  <... mprotect resumed>)           = 0
2348  <... mprotect resumed>)           = 0
2347  mprotect(0x7f655c220000, 4096, PROT_READ|PROT_WRITE <unfinished ...>
2346  mprotect(0x7f6564205000, 4096, PROT_READ|PROT_WRITE <unfinished ...>
2349  mprotect(0x7f655424e000, 4096, PROT_READ|PROT_WRITE <unfinished ...>
2345  mprotect(0x7f65681fa000, 4096, PROT_READ|PROT_WRITE <unfinished ...>
2344  mprotect(0x7f65701f6000, 4096, PROT_READ|PROT_WRITE <unfinished ...>
2351  mprotect(0x7f654c294000, 4096, PROT_READ|PROT_WRITE <unfinished ...>
2348  mprotect(0x7f656023b000, 4096, PROT_READ|PROT_WRITE <unfinished ...>
2347  <... mprotect resumed>)           = 0
2346  <... mprotect resumed>)           = 0
2351  <... mprotect resumed>)           = 0
2350  mprotect(0x7f655825d000, 4096, PROT_READ|PROT_WRITE <unfinished ...>
2349  <... mprotect resumed>)           = 0
2348  <... mprotect resumed>)           = 0
2345  <... mprotect resumed>)           = 0
2344  <... mprotect resumed>)           = 0
2351  mprotect(0x7f654c295000, 4096, PROT_READ|PROT_WRITE <unfinished ...>
2350  <... mprotect resumed>)           = 0
2347  mprotect(0x7f655c221000, 4096, PROT_READ|PROT_WRITE <unfinished ...>
2346  mprotect(0x7f6564206000, 4096, PROT_READ|PROT_WRITE <unfinished ...>
2351  <... mprotect resumed>)           = 0
2350  mprotect(0x7f655825e000, 4096, PROT_READ|PROT_WRITE <unfinished ...>
2349  mprotect(0x7f655424f000, 4096, PROT_READ|PROT_WRITE <unfinished ...>
2348  mprotect(0x7f656023c000, 4096, PROT_READ|PROT_WRITE <unfinished ...>
2347  <... mprotect resumed>)           = 0
2345  mprotect(0x7f65681fb000, 4096, PROT_READ|PROT_WRITE <unfinished ...>
2351  mprotect(0x7f654c296000, 4096, PROT_READ|PROT_WRITE <unfinished ...>
2350  <... mprotect resumed>)           = 0
2348  <... mprotect resumed>)           = 0
2346  <... mprotect resumed>)           = 0
2344  mprotect(0x7f65701f7000, 4096, PROT_READ|PROT_WRITE <unfinished ...>
2351  <... mprotect resumed>)           = 0
2349  <... mprotect resumed>)           = 0
2347  mprotect(0x7f655c222000, 4096, PROT_READ|PROT_WRITE <unfinished ...>
2345  <... mprotect resumed>)           = 0
2350  mprotect(0x7f655825f000, 4096, PROT_READ|PROT_WRITE <unfinished ...>
2348  mprotect(0x7f656023d000, 4096, PROT_READ|PROT_WRITE <unfinished ...>
2347  <... mprotect resumed>)           = 0
2344  <... mprotect resumed>)           = 0
2351  mprotect(0x7f654c297000, 4096, PROT_READ|PROT_WRITE <unfinished ...>
2350  <... mprotect resumed>)           = 0
2349  mprotect(0x7f6554250000, 4096, PROT_READ|PROT_WRITE <unfinished ...>
2348  <... mprotect resumed>)           = 0
2346  mprotect(0x7f6564207000, 4096, PROT_READ|PROT_WRITE <unfinished ...>
2345  mprotect(0x7f65681fc000, 4096, PROT_READ|PROT_WRITE <unfinished ...>
2351  <... mprotect resumed>)           = 0
2350  mprotect(0x7f6558260000, 4096, PROT_READ|PROT_WRITE <unfinished ...>
2347  mprotect(0x7f655c223000, 4096, PROT_READ|PROT_WRITE <unfinished ...>
2344  mprotect(0x7f65701f8000, 4096, PROT_READ|PROT_WRITE <unfinished ...>
2349  <... mprotect resumed>)           = 0
2346  <... mprotect resumed>)           = 0
2344  <... mprotect resumed>)           = 0
2350  <... mprotect resumed>)           = 0
2349  mprotect(0x7f6554251000, 4096, PROT_READ|PROT_WRITE <unfinished ...>
2348  mprotect(0x7f656023e000, 4096, PROT_READ|PROT_WRITE <unfinished ...>
2347  <... mprotect resumed>)           = 0
2346  mprotect(0x7f6564208000, 4096, PROT_READ|PROT_WRITE <unfinished ...>
2345  <... mprotect resumed>)           = 0
2351  mprotect(0x7f654c298000, 4096, PROT_READ|PROT_WRITE <unfinished ...>
2350  mprotect(0x7f6558261000, 4096, PROT_READ|PROT_WRITE <unfinished ...>
2349  <... mprotect resumed>)           = 0
2348  <... mprotect resumed>)           = 0
2344  mprotect(0x7f65701f9000, 4096, PROT_READ|PROT_WRITE <unfinished ...>
2351  <... mprotect resumed>)           = 0
2347  mprotect(0x7f655c224000, 4096, PROT_READ|PROT_WRITE <unfinished ...>
2350  <... mprotect resumed>)           = 0
2349  mprotect(0x7f6554252000, 4096, PROT_READ|PROT_WRITE <unfinished ...>
2348  mprotect(0x7f656023f000, 4096, PROT_READ|PROT_WRITE <unfinished ...>
2347  <... mprotect resumed>)           = 0
2346  <... mprotect resumed>)           = 0
2345  mprotect(0x7f65681fd000, 4096, PROT_READ|PROT_WRITE <unfinished ...>
2344  <... mprotect resumed>)           = 0
2351  mprotect(0x7f654c299000, 4096, PROT_READ|PROT_WRITE <unfinished ...>
2350  mprotect(0x7f6558262000, 4096, PROT_READ|PROT_WRITE <unfinished ...>
2349  <... mprotect resumed>)           = 0
2348  <... mprotect resumed>)           = 0
2347  mprotect(0x7f655c225000, 4096, PROT_READ|PROT_WRITE <unfinished ...>
2346  mprotect(0x7f6564209000, 4096, PROT_READ|PROT_WRITE <unfinished ...>
2345  <... mprotect resumed>)           = 0
2344  mprotect(0x7f65701fa000, 4096, PROT_READ|PROT_WRITE <unfinished ...>
2351  <... mprotect resumed>)           = 0
2349  mprotect(0x7f6554253000, 4096, PROT_READ|PROT_WRITE <unfinished ...>
2350  <... mprotect resumed>)           = 0
2347  <... mprotect resumed>)           = 0
2348  mprotect(0x7f6560240000, 4096, PROT_READ|PROT_WRITE <unfinished ...>
2346  <... mprotect resumed>)           = 0
2345  mprotect(0x7f65681fe000, 4096, PROT_READ|PROT_WRITE <unfinished ...>
2344  <... mprotect resumed>)           = 0
2351  mprotect(0x7f654c29a000, 4096, PROT_READ|PROT_WRITE <unfinished ...>
2350  mprotect(0x7f6558263000, 4096, PROT_READ|PROT_WRITE <unfinished ...>
2349  <... mprotect resumed>)           = 0
2351  <... mprotect resumed>)           = 0
2350  <... mprotect resumed>)           = 0
2348  <... mprotect resumed>)           = 0
2347  mprotect(0x7f655c226000, 4096, PROT_READ|PROT_WRITE <unfinished ...>
2346  mprotect(0x7f656420a000, 4096, PROT_READ|PROT_WRITE <unfinished ...>
2345  <... mprotect resumed>)           = 0
2344  mprotect(0x7f65701fb000, 4096, PROT_READ|PROT_WRITE <unfinished ...>
2351  mprotect(0x7f654c29b000, 4096, PROT_READ|PROT_WRITE <unfinished ...>
2350  mprotect(0x7f6558264000, 4096, PROT_READ|PROT_WRITE <unfinished ...>
2349  mprotect(0x7f6554254000, 4096, PROT_READ|PROT_WRITE <unfinished ...>
2348  mprotect(0x7f6560241000, 4096, PROT_READ|PROT_WRITE <unfinished ...>
2347  <... mprotect resumed>)           = 0
2346  <... mprotect resumed>)           = 0
2351  <... mprotect resumed>)           = 0
2350  <... mprotect resumed>)           = 0
2349  <... mprotect resumed>)           = 0
2348  <... mprotect resumed>)           = 0
2345  mprotect(0x7f65681ff000, 4096, PROT_READ|PROT_WRITE <unfinished ...>
2344  <... mprotect resumed>)           = 0
2351  mprotect(0x7f654c29c000, 4096, PROT_READ|PROT_WRITE <unfinished ...>
2349  mprotect(0x7f6554255000, 4096, PROT_READ|PROT_WRITE <unfinished ...>
2347  mprotect(0x7f655c227000, 4096, PROT_READ|PROT_WRITE <unfinished ...>
2346  mprotect(0x7f656420b000, 4096, PROT_READ|PROT_WRITE <unfinished ...>
2351  <... mprotect resumed>)           = 0
2350  mprotect(0x7f6558265000, 4096, PROT_READ|PROT_WRITE <unfinished ...>
2349  <... mprotect resumed>)           = 0
2348  mprotect(0x7f6560242000, 4096, PROT_READ|PROT_WRITE <unfinished ...>
2347  <... mprotect resumed>)           = 0
2345  <... mprotect resumed>)           = 0
2344  mprotect(0x7f65701fc000, 4096, PROT_READ|PROT_WRITE <unfinished ...>
2351  mprotect(0x7f654c29d000, 4096, PROT_READ|PROT_WRITE <unfinished ...>
2350  <... mprotect resumed>)           = 0
2349  mprotect(0x7f6554256000, 4096, PROT_READ|PROT_WRITE <unfinished ...>
2348  <... mprotect resumed>)           = 0
2347  mprotect(0x7f655c228000, 4096, PROT_READ|PROT_WRITE <unfinished ...>
2346  <... mprotect resumed>)           = 0
2344  <... mprotect resumed>)           = 0
2351  <... mprotect resumed>)           = 0
2349  <... mprotect resumed>)           = 0
2345  mprotect(0x7f6568200000, 4096, PROT_READ|PROT_WRITE <unfinished ...>
2350  mprotect(0x7f6558266000, 4096, PROT_READ|PROT_WRITE <unfinished ...>
2348  mprotect(0x7f6560243000, 4096, PROT_READ|PROT_WRITE <unfinished ...>
2347  <... mprotect resumed>)           = 0
2346  mprotect(0x7f656420c000, 4096, PROT_READ|PROT_WRITE <unfinished ...>
2351  mprotect(0x7f654c29e000, 4096, PROT_READ|PROT_WRITE <unfinished ...>
2348  <... mprotect resumed>)           = 0
2351  <... mprotect resumed>)           = 0
2349  mprotect(0x7f6554257000, 4096, PROT_READ|PROT_WRITE <unfinished ...>
2348  mprotect(0x7f6560244000, 4096, PROT_READ|PROT_WRITE <unfinished ...>
2347  mprotect(0x7f655c229000, 4096, PROT_READ|PROT_WRITE <unfinished ...>
2346  <... mprotect resumed>)           = 0
2344  mprotect(0x7f65701fd000, 4096, PROT_READ|PROT_WRITE <unfinished ...>
2351  mprotect(0x7f654c29f000, 4096, PROT_READ|PROT_WRITE <unfinished ...>
2350  <... mprotect resumed>)           = 0
2349  <... mprotect resumed>)           = 0
2348  <... mprotect resumed>)           = 0
2345  <... mprotect resumed>)           = 0
2347  <... mprotect resumed>)           = 0
2346  mprotect(0x7f656420d000, 4096, PROT_READ|PROT_WRITE <unfinished ...>
2351  <... mprotect resumed>)           = 0
2349  mprotect(0x7f6554258000, 4096, PROT_READ|PROT_WRITE <unfinished ...>
2345  mmap(NULL, 266240, PROT_READ|PROT_WRITE, MAP_PRIVATE|MAP_ANONYMOUS, -1, 0 <unfinished ...>
2348  mprotect(0x7f6560245000, 4096, PROT_READ|PROT_WRITE <unfinished ...>
2344  <... mprotect resumed>)           = 0
2347  mprotect(0x7f655c22a000, 4096, PROT_READ|PROT_WRITE <unfinished ...>
2350  mprotect(0x7f6558267000, 4096, PROT_READ|PROT_WRITE <unfinished ...>
2347  <... mprotect resumed>)           = 0
2346  <... mprotect resumed>)           = 0
2348  <... mprotect resumed>)           = 0
2345  <... mmap resumed>)               = 0x7f65740e9000
2349  <... mprotect resumed>)           = 0
2350  <... mprotect resumed>)           = 0
2344  mprotect(0x7f65701fe000, 4096, PROT_READ|PROT_WRITE <unfinished ...>
2351  mprotect(0x7f654c2a0000, 4096, PROT_READ|PROT_WRITE <unfinished ...>
2347  mprotect(0x7f655c22b000, 4096, PROT_READ|PROT_WRITE <unfinished ...>
2346  mprotect(0x7f656420e000, 4096, PROT_READ|PROT_WRITE <unfinished ...>
2351  <... mprotect resumed>)           = 0
2347  <... mprotect resumed>)           = 0
2344  <... mprotect resumed>)           = 0
2350  mprotect(0x7f6558268000, 4096, PROT_READ|PROT_WRITE <unfinished ...>
2348  mprotect(0x7f6560246000, 4096, PROT_READ|PROT_WRITE <unfinished ...>
2346  <... mprotect resumed>)           = 0
2350  <... mprotect resumed>)           = 0
2351  mprotect(0x7f654c2a1000, 4096, PROT_READ|PROT_WRITE <unfinished ...>
2347  mprotect(0x7f655c22c000, 4096, PROT_READ|PROT_WRITE <unfinished ...>
2348  <... mprotect resumed>)           = 0
2351  <... mprotect resumed>)           = 0
2349  mprotect(0x7f6554259000, 4096, PROT_READ|PROT_WRITE <unfinished ...>
2347  <... mprotect resumed>)           = 0
2346  mprotect(0x7f656420f000, 4096, PROT_READ|PROT_WRITE <unfinished ...>
2350  mprotect(0x7f6558269000, 4096, PROT_READ|PROT_WRITE <unfinished ...>
2348  mprotect(0x7f6560247000, 4096, PROT_READ|PROT_WRITE <unfinished ...>
2344  mprotect(0x7f65701ff000, 4096, PROT_READ|PROT_WRITE <unfinished ...>
2349  <... mprotect resumed>)           = 0
2346  <... mprotect resumed>)           = 0
2348  <... mprotect resumed>)           = 0
2344  <... mprotect resumed>)           = 0
2351  mprotect(0x7f654c2a2000, 4096, PROT_READ|PROT_WRITE <unfinished ...>
2350  <... mprotect resumed>)           = 0
2347  mprotect(0x7f655c22d000, 4096, PROT_READ|PROT_WRITE <unfinished ...>
2349  mprotect(0x7f655425a000, 4096, PROT_READ|PROT_WRITE <unfinished ...>
2346  mprotect(0x7f6564210000, 4096, PROT_READ|PROT_WRITE <unfinished ...>
2351  <... mprotect resumed>)           = 0
2348  mprotect(0x7f6560248000, 4096, PROT_READ|PROT_WRITE <unfinished ...>
2347  <... mprotect resumed>)           = 0
2346  <... mprotect resumed>)           = 0
2344  mprotect(0x7f6570200000, 4096, PROT_READ|PROT_WRITE <unfinished ...>
2351  mprotect(0x7f654c2a3000, 4096, PROT_READ|PROT_WRITE <unfinished ...>
2350  mprotect(0x7f655826a000, 4096, PROT_READ|PROT_WRITE <unfinished ...>
2349  <... mprotect resumed>)           = 0
2348  <... mprotect resumed>)           = 0
2347  mprotect(0x7f655c22e000, 4096, PROT_READ|PROT_WRITE <unfinished ...>
2346  mprotect(0x7f6564211000, 4096, PROT_READ|PROT_WRITE <unfinished ...>
2344  <... mprotect resumed>)           = 0
2351  <... mprotect resumed>)           = 0
2350  <... mprotect resumed>)           = 0
2349  mprotect(0x7f655425b000, 4096, PROT_READ|PROT_WRITE <unfinished ...>
2348  mprotect(0x7f6560249000, 4096, PROT_READ|PROT_WRITE <unfinished ...>
2347  <... mprotect resumed>)           = 0
2346  <... mprotect resumed>)           = 0
2351  mprotect(0x7f654c2a4000, 4096, PROT_READ|PROT_WRITE <unfinished ...>
2349  <... mprotect resumed>)           = 0
2344  mmap(NULL, 266240, PROT_READ|PROT_WRITE, MAP_PRIVATE|MAP_ANONYMOUS, -1, 0 <unfinished ...>
2350  mprotect(0x7f655826b000, 4096, PROT_READ|PROT_WRITE <unfinished ...>
2348  <... mprotect resumed>)           = 0
2347  mprotect(0x7f655c22f000, 4096, PROT_READ|PROT_WRITE <unfinished ...>
2346  mprotect(0x7f6564212000, 4096, PROT_READ|PROT_WRITE <unfinished ...>
2351  <... mprotect resumed>)           = 0
2349  mprotect(0x7f655425c000, 4096, PROT_READ|PROT_WRITE <unfinished ...>
2348  mprotect(0x7f656024a000, 4096, PROT_READ|PROT_WRITE <unfinished ...>
2347  <... mprotect resumed>)           = 0
2346  <... mprotect resumed>)           = 0
2344  <... mmap resumed>)               = 0x7f65740a8000
2350  <... mprotect resumed>)           = 0
2349  <... mprotect resumed>)           = 0
2348  <... mprotect resumed>)           = 0
2351  mprotect(0x7f654c2a5000, 4096, PROT_READ|PROT_WRITE <unfinished ...>
2350  mprotect(0x7f655826c000, 4096, PROT_READ|PROT_WRITE <unfinished ...>
2347  mprotect(0x7f655c230000, 4096, PROT_READ|PROT_WRITE <unfinished ...>
2346  mprotect(0x7f6564213000, 4096, PROT_READ|PROT_WRITE <unfinished ...>
2349  mprotect(0x7f655425d000, 4096, PROT_READ|PROT_WRITE) = 0
2348  mprotect(0x7f656024b000, 4096, PROT_READ|PROT_WRITE <unfinished ...>
2347  <... mprotect resumed>)           = 0
2346  <... mprotect resumed>)           = 0
2350  <... mprotect resumed>)           = 0
2349  mprotect(0x7f655425e000, 4096, PROT_READ|PROT_WRITE <unfinished ...>
2348  <... mprotect resumed>)           = 0
2347  mprotect(0x7f655c231000, 4096, PROT_READ|PROT_WRITE <unfinished ...>
2350  mprotect(0x7f655826d000, 4096, PROT_READ|PROT_WRITE <unfinished ...>
2349  <... mprotect resumed>)           = 0
2346  mprotect(0x7f6564214000, 4096, PROT_READ|PROT_WRITE <unfinished ...>
2351  <... mprotect resumed>)           = 0
2350  <... mprotect resumed>)           = 0
2347  <... mprotect resumed>)           = 0
2349  mprotect(0x7f655425f000, 4096, PROT_READ|PROT_WRITE <unfinished ...>
2348  mprotect(0x7f656024c000, 4096, PROT_READ|PROT_WRITE <unfinished ...>
2350  mprotect(0x7f655826e000, 4096, PROT_READ|PROT_WRITE <unfinished ...>
2349  <... mprotect resumed>)           = 0
2351  mprotect(0x7f654c2a6000, 4096, PROT_READ|PROT_WRITE <unfinished ...>
2350  <... mprotect resumed>)           = 0
2349  mprotect(0x7f6554260000, 4096, PROT_READ|PROT_WRITE <unfinished ...>
2348  <... mprotect resumed>)           = 0
2346  <... mprotect resumed>)           = 0
2347  mprotect(0x7f655c232000, 4096, PROT_READ|PROT_WRITE <unfinished ...>
2351  <... mprotect resumed>)           = 0
2350  mprotect(0x7f655826f000, 4096, PROT_READ|PROT_WRITE <unfinished ...>
2349  <... mprotect resumed>)           = 0
2348  mprotect(0x7f656024d000, 4096, PROT_READ|PROT_WRITE <unfinished ...>
2350  <... mprotect resumed>)           = 0
2348  <... mprotect resumed>)           = 0
2347  <... mprotect resumed>)           = 0
2346  mprotect(0x7f6564215000, 4096, PROT_READ|PROT_WRITE <unfinished ...>
2351  mprotect(0x7f654c2a7000, 4096, PROT_READ|PROT_WRITE <unfinished ...>
2349  mprotect(0x7f6554261000, 4096, PROT_READ|PROT_WRITE <unfinished ...>
2351  <... mprotect resumed>)           = 0
2349  <... mprotect resumed>)           = 0
2350  mprotect(0x7f6558270000, 4096, PROT_READ|PROT_WRITE <unfinished ...>
2347  mprotect(0x7f655c233000, 4096, PROT_READ|PROT_WRITE <unfinished ...>
2346  <... mprotect resumed>)           = 0
2348  mprotect(0x7f656024e000, 4096, PROT_READ|PROT_WRITE <unfinished ...>
2351  mprotect(0x7f654c2a8000, 4096, PROT_READ|PROT_WRITE <unfinished ...>
2350  <... mprotect resumed>)           = 0
2349  mprotect(0x7f6554262000, 4096, PROT_READ|PROT_WRITE <unfinished ...>
2348  <... mprotect resumed>)           = 0
2347  <... mprotect resumed>)           = 0
2349  <... mprotect resumed>)           = 0
2351  <... mprotect resumed>)           = 0
2346  mprotect(0x7f6564216000, 4096, PROT_READ|PROT_WRITE <unfinished ...>
2349  mprotect(0x7f6554263000, 4096, PROT_READ|PROT_WRITE <unfinished ...>
2348  mprotect(0x7f656024f000, 4096, PROT_READ|PROT_WRITE <unfinished ...>
2346  <... mprotect resumed>)           = 0
2346  mprotect(0x7f6564217000, 4096, PROT_READ|PROT_WRITE <unfinished ...>
2347  mprotect(0x7f655c234000, 4096, PROT_READ|PROT_WRITE <unfinished ...>
2346  <... mprotect resumed>)           = 0
2350  mprotect(0x7f6558271000, 4096, PROT_READ|PROT_WRITE <unfinished ...>
2348  <... mprotect resumed>)           = 0
2346  mprotect(0x7f6564218000, 4096, PROT_READ|PROT_WRITE <unfinished ...>
2350  <... mprotect resumed>)           = 0
2346  <... mprotect resumed>)           = 0
2348  mprotect(0x7f6560250000, 4096, PROT_READ|PROT_WRITE <unfinished ...>
2346  mprotect(0x7f6564219000, 4096, PROT_READ|PROT_WRITE <unfinished ...>
2351  mprotect(0x7f654c2a9000, 4096, PROT_READ|PROT_WRITE <unfinished ...>
2350  mprotect(0x7f6558272000, 4096, PROT_READ|PROT_WRITE <unfinished ...>
2349  <... mprotect resumed>)           = 0
2348  <... mprotect resumed>)           = 0
2347  <... mprotect resumed>)           = 0
2346  <... mprotect resumed>)           = 0
2351  <... mprotect resumed>)           = 0
2350  <... mprotect resumed>)           = 0
2350  mprotect(0x7f6558273000, 4096, PROT_READ|PROT_WRITE <unfinished ...>
2349  mprotect(0x7f6554264000, 4096, PROT_READ|PROT_WRITE <unfinished ...>
2348  mprotect(0x7f6560251000, 4096, PROT_READ|PROT_WRITE <unfinished ...>
2346  mprotect(0x7f656421a000, 4096, PROT_READ|PROT_WRITE <unfinished ...>
2351  mprotect(0x7f654c2aa000, 4096, PROT_READ|PROT_WRITE <unfinished ...>
2347  mprotect(0x7f655c235000, 4096, PROT_READ|PROT_WRITE <unfinished ...>
2351  <... mprotect resumed>)           = 0
2350  <... mprotect resumed>)           = 0
2349  <... mprotect resumed>)           = 0
2348  <... mprotect resumed>)           = 0
2347  <... mprotect resumed>)           = 0
2346  <... mprotect resumed>)           = 0
2348  mprotect(0x7f6560252000, 4096, PROT_READ|PROT_WRITE <unfinished ...>
2347  mprotect(0x7f655c236000, 4096, PROT_READ|PROT_WRITE <unfinished ...>
2351  mprotect(0x7f654c2ab000, 4096, PROT_READ|PROT_WRITE <unfinished ...>
2350  mprotect(0x7f6558274000, 4096, PROT_READ|PROT_WRITE <unfinished ...>
2348  <... mprotect resumed>)           = 0
2351  <... mprotect resumed>)           = 0
2349  mprotect(0x7f6554265000, 4096, PROT_READ|PROT_WRITE <unfinished ...>
2350  <... mprotect resumed>)           = 0
2349  <... mprotect resumed>)           = 0
2346  mprotect(0x7f656421b000, 4096, PROT_READ|PROT_WRITE <unfinished ...>
2348  mprotect(0x7f6560253000, 4096, PROT_READ|PROT_WRITE <unfinished ...>
2347  <... mprotect resumed>)           = 0
2351  mprotect(0x7f654c2ac000, 4096, PROT_READ|PROT_WRITE <unfinished ...>
2350  mprotect(0x7f6558275000, 4096, PROT_READ|PROT_WRITE <unfinished ...>
2349  mprotect(0x7f6554266000, 4096, PROT_READ|PROT_WRITE <unfinished ...>
2348  <... mprotect resumed>)           = 0
2346  <... mprotect resumed>)           = 0
2347  mprotect(0x7f655c237000, 4096, PROT_READ|PROT_WRITE <unfinished ...>
2350  <... mprotect resumed>)           = 0
2351  <... mprotect resumed>)           = 0
2349  <... mprotect resumed>)           = 0
2351  mprotect(0x7f654c2ad000, 4096, PROT_READ|PROT_WRITE <unfinished ...>
2350  mprotect(0x7f6558276000, 4096, PROT_READ|PROT_WRITE <unfinished ...>
2349  mprotect(0x7f6554267000, 4096, PROT_READ|PROT_WRITE <unfinished ...>
2348  mprotect(0x7f6560254000, 4096, PROT_READ|PROT_WRITE <unfinished ...>
2347  <... mprotect resumed>)           = 0
2346  mprotect(0x7f656421c000, 4096, PROT_READ|PROT_WRITE <unfinished ...>
2351  <... mprotect resumed>)           = 0
2349  <... mprotect resumed>)           = 0
2346  <... mprotect resumed>)           = 0
2351  mprotect(0x7f654c2ae000, 4096, PROT_READ|PROT_WRITE <unfinished ...>
2350  <... mprotect resumed>)           = 0
2349  mprotect(0x7f6554268000, 4096, PROT_READ|PROT_WRITE <unfinished ...>
2348  <... mprotect resumed>)           = 0
2347  mprotect(0x7f655c238000, 4096, PROT_READ|PROT_WRITE <unfinished ...>
2351  <... mprotect resumed>)           = 0
2350  mprotect(0x7f6558277000, 4096, PROT_READ|PROT_WRITE <unfinished ...>
2349  <... mprotect resumed>)           = 0
2348  mprotect(0x7f6560255000, 4096, PROT_READ|PROT_WRITE <unfinished ...>
2347  <... mprotect resumed>)           = 0
2350  <... mprotect resumed>)           = 0
2346  mprotect(0x7f656421d000, 4096, PROT_READ|PROT_WRITE) = 0
2346  mprotect(0x7f656421e000, 4096, PROT_READ|PROT_WRITE) = 0
2351  mprotect(0x7f654c2af000, 4096, PROT_READ|PROT_WRITE <unfinished ...>
2350  mprotect(0x7f6558278000, 4096, PROT_READ|PROT_WRITE <unfinished ...>
2349  mprotect(0x7f6554269000, 4096, PROT_READ|PROT_WRITE <unfinished ...>
2348  <... mprotect resumed>)           = 0
2351  <... mprotect resumed>)           = 0
2347  mprotect(0x7f655c239000, 4096, PROT_READ|PROT_WRITE <unfinished ...>
2351  mprotect(0x7f654c2b0000, 4096, PROT_READ|PROT_WRITE <unfinished ...>
2350  <... mprotect resumed>)           = 0
2349  <... mprotect resumed>)           = 0
2348  mprotect(0x7f6560256000, 4096, PROT_READ|PROT_WRITE <unfinished ...>
2351  <... mprotect resumed>)           = 0
2347  <... mprotect resumed>)           = 0
2346  mprotect(0x7f656421f000, 4096, PROT_READ|PROT_WRITE <unfinished ...>
2351  mprotect(0x7f654c2b1000, 4096, PROT_READ|PROT_WRITE <unfinished ...>
2350  mprotect(0x7f6558279000, 4096, PROT_READ|PROT_WRITE <unfinished ...>
2348  <... mprotect resumed>)           = 0
2347  mprotect(0x7f655c23a000, 4096, PROT_READ|PROT_WRITE <unfinished ...>
2346  <... mprotect resumed>)           = 0
2349  mprotect(0x7f655426a000, 4096, PROT_READ|PROT_WRITE <unfinished ...>
2351  <... mprotect resumed>)           = 0
2350  <... mprotect resumed>)           = 0
2348  mprotect(0x7f6560257000, 4096, PROT_READ|PROT_WRITE <unfinished ...>
2347  <... mprotect resumed>)           = 0
2349  <... mprotect resumed>)           = 0
2348  <... mprotect resumed>)           = 0
2346  mprotect(0x7f6564220000, 4096, PROT_READ|PROT_WRITE <unfinished ...>
2351  mprotect(0x7f654c2b2000, 4096, PROT_READ|PROT_WRITE <unfinished ...>
2350  mprotect(0x7f655827a000, 4096, PROT_READ|PROT_WRITE <unfinished ...>
2351  <... mprotect resumed>)           = 0
2350  <... mprotect resumed>)           = 0
2349  mprotect(0x7f655426b000, 4096, PROT_READ|PROT_WRITE <unfinished ...>
2346  <... mprotect resumed>)           = 0
2347  mprotect(0x7f655c23b000, 4096, PROT_READ|PROT_WRITE <unfinished ...>
2351  mprotect(0x7f654c2b3000, 4096, PROT_READ|PROT_WRITE <unfinished ...>
2348  mprotect(0x7f6560258000, 4096, PROT_READ|PROT_WRITE <unfinished ...>
2351  <... mprotect resumed>)           = 0
2350  mprotect(0x7f655827b000, 4096, PROT_READ|PROT_WRITE <unfinished ...>
2349  <... mprotect resumed>)           = 0
2347  <... mprotect resumed>)           = 0
2346  mprotect(0x7f6564221000, 4096, PROT_READ|PROT_WRITE <unfinished ...>
2350  <... mprotect resumed>)           = 0
2351  mprotect(0x7f654c2b4000, 4096, PROT_READ|PROT_WRITE <unfinished ...>
2347  mprotect(0x7f655c23c000, 4096, PROT_READ|PROT_WRITE <unfinished ...>
2350  mprotect(0x7f655827c000, 4096, PROT_READ|PROT_WRITE <unfinished ...>
2349  mprotect(0x7f655426c000, 4096, PROT_READ|PROT_WRITE <unfinished ...>
2347  <... mprotect resumed>)           = 0
2351  <... mprotect resumed>)           = 0
2350  <... mprotect resumed>)           = 0
2348  <... mprotect resumed>)           = 0
2346  <... mprotect resumed>)           = 0
2349  <... mprotect resumed>)           = 0
2347  mprotect(0x7f655c23d000, 4096, PROT_READ|PROT_WRITE <unfinished ...>
2351  mprotect(0x7f654c2b5000, 4096, PROT_READ|PROT_WRITE <unfinished ...>
2350  mprotect(0x7f655827d000, 4096, PROT_READ|PROT_WRITE <unfinished ...>
2348  mprotect(0x7f6560259000, 4096, PROT_READ|PROT_WRITE <unfinished ...>
2347  <... mprotect resumed>)           = 0
2346  mprotect(0x7f6564222000, 4096, PROT_READ|PROT_WRITE <unfinished ...>
2351  <... mprotect resumed>)           = 0
2350  <... mprotect resumed>)           = 0
2349  mprotect(0x7f655426d000, 4096, PROT_READ|PROT_WRITE <unfinished ...>
2346  <... mprotect resumed>)           = 0
2351  mprotect(0x7f654c2b6000, 4096, PROT_READ|PROT_WRITE <unfinished ...>
2350  mprotect(0x7f655827e000, 4096, PROT_READ|PROT_WRITE <unfinished ...>
2349  <... mprotect resumed>)           = 0
2348  <... mprotect resumed>)           = 0
2345  munmap(0x7f6575af7000, 135168 <unfinished ...>
2351  <... mprotect resumed>)           = 0
2347  mprotect(0x7f655c23e000, 4096, PROT_READ|PROT_WRITE <unfinished ...>
2350  <... mprotect resumed>)           = 0
2347  <... mprotect resumed>)           = 0
2346  mprotect(0x7f6564223000, 4096, PROT_READ|PROT_WRITE <unfinished ...>
2351  mprotect(0x7f654c2b7000, 4096, PROT_READ|PROT_WRITE <unfinished ...>
2350  mprotect(0x7f655827f000, 4096, PROT_READ|PROT_WRITE <unfinished ...>
2349  mprotect(0x7f655426e000, 4096, PROT_READ|PROT_WRITE <unfinished ...>
2348  mprotect(0x7f656025a000, 4096, PROT_READ|PROT_WRITE <unfinished ...>
2347  mprotect(0x7f655c23f000, 4096, PROT_READ|PROT_WRITE <unfinished ...>
2346  <... mprotect resumed>)           = 0
2345  <... munmap resumed>)             = 0
2351  <... mprotect resumed>)           = 0
2350  <... mprotect resumed>)           = 0
2348  <... mprotect resumed>)           = 0
2347  <... mprotect resumed>)           = 0
2349  <... mprotect resumed>)           = 0
2346  mprotect(0x7f6564224000, 4096, PROT_READ|PROT_WRITE <unfinished ...>
2345  mprotect(0x7f6568201000, 4096, PROT_READ|PROT_WRITE <unfinished ...>
2350  mprotect(0x7f6558280000, 4096, PROT_READ|PROT_WRITE <unfinished ...>
2349  mprotect(0x7f655426f000, 4096, PROT_READ|PROT_WRITE <unfinished ...>
2348  mprotect(0x7f656025b000, 4096, PROT_READ|PROT_WRITE <unfinished ...>
2346  <... mprotect resumed>)           = 0
2345  <... mprotect resumed>)           = 0
2351  mprotect(0x7f654c2b8000, 4096, PROT_READ|PROT_WRITE <unfinished ...>
2350  <... mprotect resumed>)           = 0
2347  mprotect(0x7f655c240000, 4096, PROT_READ|PROT_WRITE <unfinished ...>
2351  <... mprotect resumed>)           = 0
2349  <... mprotect resumed>)           = 0
2347  <... mprotect resumed>)           = 0
2345  mprotect(0x7f6568202000, 4096, PROT_READ|PROT_WRITE <unfinished ...>
2350  mprotect(0x7f6558281000, 4096, PROT_READ|PROT_WRITE <unfinished ...>
2348  <... mprotect resumed>)           = 0
2346  mprotect(0x7f6564225000, 4096, PROT_READ|PROT_WRITE <unfinished ...>
2345  <... mprotect resumed>)           = 0
2351  mprotect(0x7f654c2b9000, 4096, PROT_READ|PROT_WRITE <unfinished ...>
2350  <... mprotect resumed>)           = 0
2349  mprotect(0x7f6554270000, 4096, PROT_READ|PROT_WRITE <unfinished ...>
2348  mprotect(0x7f656025c000, 4096, PROT_READ|PROT_WRITE <unfinished ...>
2347  mprotect(0x7f655c241000, 4096, PROT_READ|PROT_WRITE <unfinished ...>
2346  <... mprotect resumed>)           = 0
2345  mprotect(0x7f6568203000, 4096, PROT_READ|PROT_WRITE <unfinished ...>
2351  <... mprotect resumed>)           = 0
2349  <... mprotect resumed>)           = 0
2350  mprotect(0x7f6558282000, 4096, PROT_READ|PROT_WRITE <unfinished ...>
2351  mprotect(0x7f654c2ba000, 4096, PROT_READ|PROT_WRITE <unfinished ...>
2350  <... mprotect resumed>)           = 0
2349  mprotect(0x7f6554271000, 4096, PROT_READ|PROT_WRITE <unfinished ...>
2348  <... mprotect resumed>)           = 0
2347  <... mprotect resumed>)           = 0
2346  mprotect(0x7f6564226000, 4096, PROT_READ|PROT_WRITE <unfinished ...>
2345  <... mprotect resumed>)           = 0
2351  <... mprotect resumed>)           = 0
2350  mprotect(0x7f6558283000, 4096, PROT_READ|PROT_WRITE <unfinished ...>
2348  mprotect(0x7f656025d000, 4096, PROT_READ|PROT_WRITE <unfinished ...>
2346  <... mprotect resumed>)           = 0
2350  <... mprotect resumed>)           = 0
2348  <... mprotect resumed>)           = 0
2347  mprotect(0x7f655c242000, 4096, PROT_READ|PROT_WRITE <unfinished ...>
2351  mprotect(0x7f654c2bb000, 4096, PROT_READ|PROT_WRITE) = 0
2350  mprotect(0x7f6558284000, 4096, PROT_READ|PROT_WRITE <unfinished ...>
2349  <... mprotect resumed>)           = 0
2348  mprotect(0x7f656025e000, 4096, PROT_READ|PROT_WRITE <unfinished ...>
2347  <... mprotect resumed>)           = 0
2346  mprotect(0x7f6564227000, 4096, PROT_READ|PROT_WRITE <unfinished ...>
2345  mprotect(0x7f6568204000, 4096, PROT_READ|PROT_WRITE <unfinished ...>
2349  mprotect(0x7f6554272000, 4096, PROT_READ|PROT_WRITE <unfinished ...>
2346  <... mprotect resumed>)           = 0
2351  mprotect(0x7f654c2bc000, 4096, PROT_READ|PROT_WRITE <unfinished ...>
2350  <... mprotect resumed>)           = 0
2349  <... mprotect resumed>)           = 0
2348  <... mprotect resumed>)           = 0
2347  mprotect(0x7f655c243000, 4096, PROT_READ|PROT_WRITE <unfinished ...>
2346  mprotect(0x7f6564228000, 4096, PROT_READ|PROT_WRITE <unfinished ...>
2345  <... mprotect resumed>)           = 0
2351  <... mprotect resumed>)           = 0
2349  mprotect(0x7f6554273000, 4096, PROT_READ|PROT_WRITE <unfinished ...>
2344  mprotect(0x7f6570201000, 4096, PROT_READ|PROT_WRITE <unfinished ...>
2348  mprotect(0x7f656025f000, 4096, PROT_READ|PROT_WRITE <unfinished ...>
2347  <... mprotect resumed>)           = 0
2346  <... mprotect resumed>)           = 0
2349  <... mprotect resumed>)           = 0
2350  mprotect(0x7f6558285000, 4096, PROT_READ|PROT_WRITE <unfinished ...>
2351  mprotect(0x7f654c2bd000, 4096, PROT_READ|PROT_WRITE <unfinished ...>
2349  mprotect(0x7f6554274000, 4096, PROT_READ|PROT_WRITE <unfinished ...>
2348  <... mprotect resumed>)           = 0
2347  mprotect(0x7f655c244000, 4096, PROT_READ|PROT_WRITE <unfinished ...>
2345  mprotect(0x7f6568205000, 4096, PROT_READ|PROT_WRITE <unfinished ...>
2344  <... mprotect resumed>)           = 0
2351  <... mprotect resumed>)           = 0
2350  <... mprotect resumed>)           = 0
2349  <... mprotect resumed>)           = 0
2347  <... mprotect resumed>)           = 0
2346  mprotect(0x7f6564229000, 4096, PROT_READ|PROT_WRITE <unfinished ...>
2345  <... mprotect resumed>)           = 0
2350  mprotect(0x7f6558286000, 4096, PROT_READ|PROT_WRITE <unfinished ...>
2349  mprotect(0x7f6554275000, 4096, PROT_READ|PROT_WRITE <unfinished ...>
2346  <... mprotect resumed>)           = 0
2345  mprotect(0x7f6568206000, 4096, PROT_READ|PROT_WRITE <unfinished ...>
2344  mprotect(0x7f6570202000, 4096, PROT_READ|PROT_WRITE <unfinished ...>
2348  mprotect(0x7f6560260000, 4096, PROT_READ|PROT_WRITE <unfinished ...>
2347  mprotect(0x7f655c245000, 4096, PROT_READ|PROT_WRITE <unfinished ...>
2351  mprotect(0x7f654c2be000, 4096, PROT_READ|PROT_WRITE <unfinished ...>
2350  <... mprotect resumed>)           = 0
2348  <... mprotect resumed>)           = 0
2351  <... mprotect resumed>)           = 0
2349  <... mprotect resumed>)           = 0
2347  <... mprotect resumed>)           = 0
2346  mprotect(0x7f656422a000, 4096, PROT_READ|PROT_WRITE <unfinished ...>
2344  <... mprotect resumed>)           = 0
2351  mprotect(0x7f654c2bf000, 4096, PROT_READ|PROT_WRITE <unfinished ...>
2350  mprotect(0x7f6558287000, 4096, PROT_READ|PROT_WRITE <unfinished ...>
2349  mprotect(0x7f6554276000, 4096, PROT_READ|PROT_WRITE <unfinished ...>
2348  mprotect(0x7f6560261000, 4096, PROT_READ|PROT_WRITE <unfinished ...>
2347  mprotect(0x7f655c246000, 4096, PROT_READ|PROT_WRITE <unfinished ...>
2346  <... mprotect resumed>)           = 0
2345  <... mprotect resumed>)           = 0
2344  mprotect(0x7f6570203000, 4096, PROT_READ|PROT_WRITE <unfinished ...>
2351  <... mprotect resumed>)           = 0
2349  <... mprotect resumed>)           = 0
2348  <... mprotect resumed>)           = 0
2350  <... mprotect resumed>)           = 0
2349  mprotect(0x7f6554277000, 4096, PROT_READ|PROT_WRITE <unfinished ...>
2348  mprotect(0x7f6560262000, 4096, PROT_READ|PROT_WRITE <unfinished ...>
2347  <... mprotect resumed>)           = 0
2345  mprotect(0x7f6568207000, 4096, PROT_READ|PROT_WRITE <unfinished ...>
2344  <... mprotect resumed>)           = 0
2351  mprotect(0x7f654c2c0000, 4096, PROT_READ|PROT_WRITE <unfinished ...>
2350  mprotect(0x7f6558288000, 4096, PROT_READ|PROT_WRITE <unfinished ...>
2346  mprotect(0x7f656422b000, 4096, PROT_READ|PROT_WRITE <unfinished ...>
2349  <... mprotect resumed>)           = 0
2351  <... mprotect resumed>)           = 0
2346  <... mprotect resumed>)           = 0
2351  mprotect(0x7f654c2c1000, 4096, PROT_READ|PROT_WRITE <unfinished ...>
2350  <... mprotect resumed>)           = 0
2348  <... mprotect resumed>)           = 0
2347  mprotect(0x7f655c247000, 4096, PROT_READ|PROT_WRITE <unfinished ...>
2345  <... mprotect resumed>)           = 0
2344  mprotect(0x7f6570204000, 4096, PROT_READ|PROT_WRITE <unfinished ...>
2351  <... mprotect resumed>)           = 0
2349  mprotect(0x7f6554278000, 4096, PROT_READ|PROT_WRITE <unfinished ...>
2347  <... mprotect resumed>)           = 0
2346  mprotect(0x7f656422c000, 4096, PROT_READ|PROT_WRITE <unfinished ...>
2350  mprotect(0x7f6558289000, 4096, PROT_READ|PROT_WRITE <unfinished ...>
2349  <... mprotect resumed>)           = 0
2344  <... mprotect resumed>)           = 0
2348  mprotect(0x7f6560263000, 4096, PROT_READ|PROT_WRITE <unfinished ...>
2345  mprotect(0x7f6568208000, 4096, PROT_READ|PROT_WRITE <unfinished ...>
2346  <... mprotect resumed>)           = 0
2351  mprotect(0x7f654c2c2000, 4096, PROT_READ|PROT_WRITE) = 0
2350  <... mprotect resumed>)           = 0
2348  <... mprotect resumed>)           = 0
2347  mprotect(0x7f655c248000, 4096, PROT_READ|PROT_WRITE <unfinished ...>
2346  mprotect(0x7f656422d000, 4096, PROT_READ|PROT_WRITE <unfinished ...>
2345  <... mprotect resumed>)           = 0
2344  mprotect(0x7f6570205000, 4096, PROT_READ|PROT_WRITE <unfinished ...>
2351  mprotect(0x7f654c2c3000, 4096, PROT_READ|PROT_WRITE <unfinished ...>
2350  mprotect(0x7f655828a000, 4096, PROT_READ|PROT_WRITE <unfinished ...>
2349  mprotect(0x7f6554279000, 4096, PROT_READ|PROT_WRITE <unfinished ...>
2347  <... mprotect resumed>)           = 0
2346  <... mprotect resumed>)           = 0
2344  <... mprotect resumed>)           = 0
2351  <... mprotect resumed>)           = 0
2349  <... mprotect resumed>)           = 0
2348  mprotect(0x7f6560264000, 4096, PROT_READ|PROT_WRITE <unfinished ...>
2345  mprotect(0x7f6568209000, 4096, PROT_READ|PROT_WRITE <unfinished ...>
2350  <... mprotect resumed>)           = 0
2349  mprotect(0x7f655427a000, 4096, PROT_READ|PROT_WRITE <unfinished ...>
2347  mprotect(0x7f655c249000, 4096, PROT_READ|PROT_WRITE <unfinished ...>
2346  mprotect(0x7f656422e000, 4096, PROT_READ|PROT_WRITE <unfinished ...>
2344  mprotect(0x7f6570206000, 4096, PROT_READ|PROT_WRITE <unfinished ...>
2351  mprotect(0x7f654c2c4000, 4096, PROT_READ|PROT_WRITE <unfinished ...>
2348  <... mprotect resumed>)           = 0
2345  <... mprotect resumed>)           = 0
2351  <... mprotect resumed>)           = 0
2350  mprotect(0x7f655828b000, 4096, PROT_READ|PROT_WRITE <unfinished ...>
2347  <... mprotect resumed>)           = 0
2349  <... mprotect resumed>)           = 0
2346  <... mprotect resumed>)           = 0
2348  mprotect(0x7f6560265000, 4096, PROT_READ|PROT_WRITE <unfinished ...>
2350  <... mprotect resumed>)           = 0
2344  <... mprotect resumed>)           = 0
2351  mprotect(0x7f654c2c5000, 4096, PROT_READ|PROT_WRITE <unfinished ...>
2346  mprotect(0x7f656422f000, 4096, PROT_READ|PROT_WRITE <unfinished ...>
2348  <... mprotect resumed>)           = 0
2351  <... mprotect resumed>)           = 0
2346  <... mprotect resumed>)           = 0
2350  mprotect(0x7f655828c000, 4096, PROT_READ|PROT_WRITE <unfinished ...>
2348  mprotect(0x7f6560266000, 4096, PROT_READ|PROT_WRITE <unfinished ...>
2350  <... mprotect resumed>)           = 0
2351  mprotect(0x7f654c2c6000, 4096, PROT_READ|PROT_WRITE <unfinished ...>
2346  mprotect(0x7f6564230000, 4096, PROT_READ|PROT_WRITE <unfinished ...>
2345  mprotect(0x7f656820a000, 4096, PROT_READ|PROT_WRITE <unfinished ...>
2348  <... mprotect resumed>)           = 0
2351  <... mprotect resumed>)           = 0
2346  <... mprotect resumed>)           = 0
2351  mprotect(0x7f654c2c7000, 4096, PROT_READ|PROT_WRITE <unfinished ...>
2350  mprotect(0x7f655828d000, 4096, PROT_READ|PROT_WRITE <unfinished ...>
2349  mprotect(0x7f655427b000, 4096, PROT_READ|PROT_WRITE <unfinished ...>
2348  mprotect(0x7f6560267000, 4096, PROT_READ|PROT_WRITE <unfinished ...>
2346  mprotect(0x7f6564231000, 4096, PROT_READ|PROT_WRITE <unfinished ...>
2345  <... mprotect resumed>)           = 0
2344  mprotect(0x7f6570207000, 4096, PROT_READ|PROT_WRITE <unfinished ...>
2351  <... mprotect resumed>)           = 0
2350  <... mprotect resumed>)           = 0
2349  <... mprotect resumed>)           = 0
2348  <... mprotect resumed>)           = 0
2347  mprotect(0x7f655c24a000, 4096, PROT_READ|PROT_WRITE <unfinished ...>
2351  mprotect(0x7f654c2c8000, 4096, PROT_READ|PROT_WRITE <unfinished ...>
2350  mprotect(0x7f655828e000, 4096, PROT_READ|PROT_WRITE <unfinished ...>
2349  mprotect(0x7f655427c000, 4096, PROT_READ|PROT_WRITE <unfinished ...>
2348  mprotect(0x7f6560268000, 4096, PROT_READ|PROT_WRITE <unfinished ...>
2346  <... mprotect resumed>)           = 0
2345  mprotect(0x7f656820b000, 4096, PROT_READ|PROT_WRITE <unfinished ...>
2344  <... mprotect resumed>)           = 0
2351  <... mprotect resumed>)           = 0
2350  <... mprotect resumed>)           = 0
2349  <... mprotect resumed>)           = 0
2347  <... mprotect resumed>)           = 0
2348  <... mprotect resumed>)           = 0
2346  mprotect(0x7f6564232000, 4096, PROT_READ|PROT_WRITE <unfinished ...>
2345  <... mprotect resumed>)           = 0
2344  mprotect(0x7f6570208000, 4096, PROT_READ|PROT_WRITE <unfinished ...>
2349  mprotect(0x7f655427d000, 4096, PROT_READ|PROT_WRITE <unfinished ...>
2351  mprotect(0x7f654c2c9000, 4096, PROT_READ|PROT_WRITE <unfinished ...>
2348  mprotect(0x7f6560269000, 4096, PROT_READ|PROT_WRITE <unfinished ...>
2344  <... mprotect resumed>)           = 0
2351  <... mprotect resumed>)           = 0
2350  mprotect(0x7f655828f000, 4096, PROT_READ|PROT_WRITE <unfinished ...>
2349  <... mprotect resumed>)           = 0
2347  mprotect(0x7f655c24b000, 4096, PROT_READ|PROT_WRITE <unfinished ...>
2346  <... mprotect resumed>)           = 0
2345  mprotect(0x7f656820c000, 4096, PROT_READ|PROT_WRITE <unfinished ...>
2351  mprotect(0x7f654c2ca000, 4096, PROT_READ|PROT_WRITE <unfinished ...>
2350  <... mprotect resumed>)           = 0
2349  mprotect(0x7f655427e000, 4096, PROT_READ|PROT_WRITE <unfinished ...>
2348  <... mprotect resumed>)           = 0
2347  <... mprotect resumed>)           = 0
2344  mprotect(0x7f6570209000, 4096, PROT_READ|PROT_WRITE <unfinished ...>
2351  <... mprotect resumed>)           = 0
2345  <... mprotect resumed>)           = 0
2350  mprotect(0x7f6558290000, 4096, PROT_READ|PROT_WRITE <unfinished ...>
2348  mprotect(0x7f656026a000, 4096, PROT_READ|PROT_WRITE <unfinished ...>
2344  <... mprotect resumed>)           = 0
2350  <... mprotect resumed>)           = 0
2349  <... mprotect resumed>)           = 0
2346  mprotect(0x7f6564233000, 4096, PROT_READ|PROT_WRITE <unfinished ...>
2345  mprotect(0x7f656820d000, 4096, PROT_READ|PROT_WRITE <unfinished ...>
2348  <... mprotect resumed>)           = 0
2351  mprotect(0x7f654c2cb000, 4096, PROT_READ|PROT_WRITE <unfinished ...>
2350  mprotect(0x7f6558291000, 4096, PROT_READ|PROT_WRITE <unfinished ...>
2347  mprotect(0x7f655c24c000, 4096, PROT_READ|PROT_WRITE <unfinished ...>
2344  mprotect(0x7f657020a000, 4096, PROT_READ|PROT_WRITE <unfinished ...>
2351  <... mprotect resumed>)           = 0
2350  <... mprotect resumed>)           = 0
2349  mprotect(0x7f655427f000, 4096, PROT_READ|PROT_WRITE <unfinished ...>
2348  mprotect(0x7f656026b000, 4096, PROT_READ|PROT_WRITE <unfinished ...>
2347  <... mprotect resumed>)           = 0
2346  <... mprotect resumed>)           = 0
2345  <... mprotect resumed>)           = 0
2351  mprotect(0x7f654c2cc000, 4096, PROT_READ|PROT_WRITE <unfinished ...>
2350  mprotect(0x7f6558292000, 4096, PROT_READ|PROT_WRITE <unfinished ...>
2349  <... mprotect resumed>)           = 0
2348  <... mprotect resumed>)           = 0
2346  mprotect(0x7f6564234000, 4096, PROT_READ|PROT_WRITE <unfinished ...>
2344  <... mprotect resumed>)           = 0
2351  <... mprotect resumed>)           = 0
2350  <... mprotect resumed>)           = 0
2349  mprotect(0x7f6554280000, 4096, PROT_READ|PROT_WRITE <unfinished ...>
2347  mprotect(0x7f655c24d000, 4096, PROT_READ|PROT_WRITE <unfinished ...>
2345  mprotect(0x7f656820e000, 4096, PROT_READ|PROT_WRITE <unfinished ...>
2351  mprotect(0x7f654c2cd000, 4096, PROT_READ|PROT_WRITE <unfinished ...>
2350  mprotect(0x7f6558293000, 4096, PROT_READ|PROT_WRITE <unfinished ...>
2349  <... mprotect resumed>)           = 0
2348  mprotect(0x7f656026c000, 4096, PROT_READ|PROT_WRITE <unfinished ...>
2347  <... mprotect resumed>)           = 0
2346  <... mprotect resumed>)           = 0
2344  mprotect(0x7f657020b000, 4096, PROT_READ|PROT_WRITE <unfinished ...>
2351  <... mprotect resumed>)           = 0
2350  <... mprotect resumed>)           = 0
2348  <... mprotect resumed>)           = 0
2345  <... mprotect resumed>)           = 0
2351  mprotect(0x7f654c2ce000, 4096, PROT_READ|PROT_WRITE <unfinished ...>
2349  mprotect(0x7f6554281000, 4096, PROT_READ|PROT_WRITE <unfinished ...>
2351  <... mprotect resumed>)           = 0
2350  mprotect(0x7f6558294000, 4096, PROT_READ|PROT_WRITE <unfinished ...>
2349  <... mprotect resumed>)           = 0
2348  mprotect(0x7f656026d000, 4096, PROT_READ|PROT_WRITE <unfinished ...>
2347  mprotect(0x7f655c24e000, 4096, PROT_READ|PROT_WRITE <unfinished ...>
2346  mprotect(0x7f6564235000, 4096, PROT_READ|PROT_WRITE <unfinished ...>
2345  mprotect(0x7f656820f000, 4096, PROT_READ|PROT_WRITE <unfinished ...>
2344  <... mprotect resumed>)           = 0
2351  mprotect(0x7f654c2cf000, 4096, PROT_READ|PROT_WRITE <unfinished ...>
2350  <... mprotect resumed>)           = 0
2348  <... mprotect resumed>)           = 0
2349  mprotect(0x7f6554282000, 4096, PROT_READ|PROT_WRITE <unfinished ...>
2346  <... mprotect resumed>)           = 0
2345  <... mprotect resumed>)           = 0
2349  <... mprotect resumed>)           = 0
2344  mprotect(0x7f657020c000, 4096, PROT_READ|PROT_WRITE <unfinished ...>
2350  mprotect(0x7f6558295000, 4096, PROT_READ|PROT_WRITE <unfinished ...>
2348  mprotect(0x7f656026e000, 4096, PROT_READ|PROT_WRITE <unfinished ...>
2351  <... mprotect resumed>)           = 0
2350  <... mprotect resumed>)           = 0
2348  <... mprotect resumed>)           = 0
2347  <... mprotect resumed>)           = 0
2346  mprotect(0x7f6564236000, 4096, PROT_READ|PROT_WRITE <unfinished ...>
2345  mprotect(0x7f6568210000, 4096, PROT_READ|PROT_WRITE <unfinished ...>
2344  <... mprotect resumed>)           = 0
2351  mprotect(0x7f654c2d0000, 4096, PROT_READ|PROT_WRITE <unfinished ...>
2350  mprotect(0x7f6558296000, 4096, PROT_READ|PROT_WRITE <unfinished ...>
2349  mprotect(0x7f6554283000, 4096, PROT_READ|PROT_WRITE <unfinished ...>
2348  mprotect(0x7f656026f000, 4096, PROT_READ|PROT_WRITE <unfinished ...>
2347  mprotect(0x7f655c24f000, 4096, PROT_READ|PROT_WRITE <unfinished ...>
2346  <... mprotect resumed>)           = 0
2345  <... mprotect resumed>)           = 0
2344  mprotect(0x7f657020d000, 4096, PROT_READ|PROT_WRITE <unfinished ...>
2351  <... mprotect resumed>)           = 0
2350  <... mprotect resumed>)           = 0
2349  <... mprotect resumed>)           = 0
2351  mprotect(0x7f654c2d1000, 4096, PROT_READ|PROT_WRITE <unfinished ...>
2348  <... mprotect resumed>)           = 0
2347  <... mprotect resumed>)           = 0
2345  mprotect(0x7f6568211000, 4096, PROT_READ|PROT_WRITE <unfinished ...>
2344  <... mprotect resumed>)           = 0
2351  <... mprotect resumed>)           = 0
2350  mprotect(0x7f6558297000, 4096, PROT_READ|PROT_WRITE <unfinished ...>
2349  mprotect(0x7f6554284000, 4096, PROT_READ|PROT_WRITE <unfinished ...>
2346  mprotect(0x7f6564237000, 4096, PROT_READ|PROT_WRITE <unfinished ...>
2350  <... mprotect resumed>)           = 0
2349  <... mprotect resumed>)           = 0
2348  mprotect(0x7f6560270000, 4096, PROT_READ|PROT_WRITE <unfinished ...>
2345  <... mprotect resumed>)           = 0
2347  mprotect(0x7f655c250000, 4096, PROT_READ|PROT_WRITE <unfinished ...>
2346  <... mprotect resumed>)           = 0
2344  mprotect(0x7f657020e000, 4096, PROT_READ|PROT_WRITE <unfinished ...>
2351  mprotect(0x7f654c2d2000, 4096, PROT_READ|PROT_WRITE <unfinished ...>
2350  mprotect(0x7f6558298000, 4096, PROT_READ|PROT_WRITE <unfinished ...>
2348  <... mprotect resumed>)           = 0
2347  <... mprotect resumed>)           = 0
2351  <... mprotect resumed>)           = 0
2345  mprotect(0x7f6568212000, 4096, PROT_READ|PROT_WRITE <unfinished ...>
2344  <... mprotect resumed>)           = 0
2346  mprotect(0x7f6564238000, 4096, PROT_READ|PROT_WRITE <unfinished ...>
2351  mprotect(0x7f654c2d3000, 4096, PROT_READ|PROT_WRITE <unfinished ...>
2349  mprotect(0x7f6554285000, 4096, PROT_READ|PROT_WRITE <unfinished ...>
2345  <... mprotect resumed>)           = 0
2351  <... mprotect resumed>)           = 0
2350  <... mprotect resumed>)           = 0
2348  mprotect(0x7f6560271000, 4096, PROT_READ|PROT_WRITE <unfinished ...>
2347  mprotect(0x7f655c251000, 4096, PROT_READ|PROT_WRITE <unfinished ...>
2349  <... mprotect resumed>)           = 0
2346  <... mprotect resumed>)           = 0
2344  mprotect(0x7f657020f000, 4096, PROT_READ|PROT_WRITE <unfinished ...>
2351  mprotect(0x7f654c2d4000, 4096, PROT_READ|PROT_WRITE <unfinished ...>
2350  mprotect(0x7f6558299000, 4096, PROT_READ|PROT_WRITE <unfinished ...>
2345  mprotect(0x7f6568213000, 4096, PROT_READ|PROT_WRITE <unfinished ...>
2348  <... mprotect resumed>)           = 0
2349  mprotect(0x7f6554286000, 4096, PROT_READ|PROT_WRITE <unfinished ...>
2347  <... mprotect resumed>)           = 0
2346  mprotect(0x7f6564239000, 4096, PROT_READ|PROT_WRITE <unfinished ...>
2345  <... mprotect resumed>)           = 0
2349  <... mprotect resumed>)           = 0
2348  mprotect(0x7f6560272000, 4096, PROT_READ|PROT_WRITE <unfinished ...>
2344  <... mprotect resumed>)           = 0
2351  <... mprotect resumed>)           = 0
2350  <... mprotect resumed>)           = 0
2346  <... mprotect resumed>)           = 0
2349  mprotect(0x7f6554287000, 4096, PROT_READ|PROT_WRITE <unfinished ...>
2348  <... mprotect resumed>)           = 0
2347  mprotect(0x7f655c252000, 4096, PROT_READ|PROT_WRITE <unfinished ...>
2345  mprotect(0x7f6568214000, 4096, PROT_READ|PROT_WRITE <unfinished ...>
2349  <... mprotect resumed>)           = 0
2346  mprotect(0x7f656423a000, 4096, PROT_READ|PROT_WRITE <unfinished ...>
2344  mprotect(0x7f6570210000, 4096, PROT_READ|PROT_WRITE <unfinished ...>
2351  mprotect(0x7f654c2d5000, 4096, PROT_READ|PROT_WRITE <unfinished ...>
2347  <... mprotect resumed>)           = 0
2345  <... mprotect resumed>)           = 0
2350  mprotect(0x7f655829a000, 4096, PROT_READ|PROT_WRITE <unfinished ...>
2348  mprotect(0x7f6560273000, 4096, PROT_READ|PROT_WRITE <unfinished ...>
2344  <... mprotect resumed>)           = 0
2351  <... mprotect resumed>)           = 0
2350  <... mprotect resumed>)           = 0
2349  mprotect(0x7f6554288000, 4096, PROT_READ|PROT_WRITE <unfinished ...>
2346  <... mprotect resumed>)           = 0
2348  <... mprotect resumed>)           = 0
2347  mprotect(0x7f655c253000, 4096, PROT_READ|PROT_WRITE <unfinished ...>
2345  mprotect(0x7f6568215000, 4096, PROT_READ|PROT_WRITE <unfinished ...>
2344  mprotect(0x7f6570211000, 4096, PROT_READ|PROT_WRITE <unfinished ...>
2351  mprotect(0x7f654c2d6000, 4096, PROT_READ|PROT_WRITE <unfinished ...>
2350  mprotect(0x7f655829b000, 4096, PROT_READ|PROT_WRITE <unfinished ...>
2349  <... mprotect resumed>)           = 0
2348  mprotect(0x7f6560274000, 4096, PROT_READ|PROT_WRITE <unfinished ...>
2347  <... mprotect resumed>)           = 0
2346  mprotect(0x7f656423b000, 4096, PROT_READ|PROT_WRITE <unfinished ...>
2345  <... mprotect resumed>)           = 0
2344  <... mprotect resumed>)           = 0
2351  <... mprotect resumed>)           = 0
2350  <... mprotect resumed>)           = 0
2349  mprotect(0x7f6554289000, 4096, PROT_READ|PROT_WRITE <unfinished ...>
2348  <... mprotect resumed>)           = 0
2347  mprotect(0x7f655c254000, 4096, PROT_READ|PROT_WRITE <unfinished ...>
2346  <... mprotect resumed>)           = 0
2345  mprotect(0x7f6568216000, 4096, PROT_READ|PROT_WRITE <unfinished ...>
2344  mprotect(0x7f6570212000, 4096, PROT_READ|PROT_WRITE <unfinished ...>
2351  mprotect(0x7f654c2d7000, 4096, PROT_READ|PROT_WRITE <unfinished ...>
2350  mprotect(0x7f655829c000, 4096, PROT_READ|PROT_WRITE <unfinished ...>
2349  <... mprotect resumed>)           = 0
2348  mprotect(0x7f6560275000, 4096, PROT_READ|PROT_WRITE <unfinished ...>
2347  <... mprotect resumed>)           = 0
2345  <... mprotect resumed>)           = 0
2346  mprotect(0x7f656423c000, 4096, PROT_READ|PROT_WRITE <unfinished ...>
2344  <... mprotect resumed>)           = 0
2348  <... mprotect resumed>)           = 0
2351  <... mprotect resumed>)           = 0
2350  <... mprotect resumed>)           = 0
2349  mprotect(0x7f655428a000, 4096, PROT_READ|PROT_WRITE <unfinished ...>
2348  mprotect(0x7f6560276000, 4096, PROT_READ|PROT_WRITE <unfinished ...>
2347  mprotect(0x7f655c255000, 4096, PROT_READ|PROT_WRITE <unfinished ...>
2346  <... mprotect resumed>)           = 0
2345  mprotect(0x7f6568217000, 4096, PROT_READ|PROT_WRITE <unfinished ...>
2344  mprotect(0x7f6570213000, 4096, PROT_READ|PROT_WRITE <unfinished ...>
2351  mprotect(0x7f654c2d8000, 4096, PROT_READ|PROT_WRITE <unfinished ...>
2350  mprotect(0x7f655829d000, 4096, PROT_READ|PROT_WRITE <unfinished ...>
2349  <... mprotect resumed>)           = 0
2348  <... mprotect resumed>)           = 0
2347  <... mprotect resumed>)           = 0
2345  <... mprotect resumed>)           = 0
2351  <... mprotect resumed>)           = 0
2350  <... mprotect resumed>)           = 0
2349  mprotect(0x7f655428b000, 4096, PROT_READ|PROT_WRITE <unfinished ...>
2346  mprotect(0x7f656423d000, 4096, PROT_READ|PROT_WRITE <unfinished ...>
2344  <... mprotect resumed>)           = 0
2351  mprotect(0x7f654c2d9000, 4096, PROT_READ|PROT_WRITE <unfinished ...>
2348  mprotect(0x7f6560277000, 4096, PROT_READ|PROT_WRITE <unfinished ...>
2347  mprotect(0x7f655c256000, 4096, PROT_READ|PROT_WRITE <unfinished ...>
2345  mprotect(0x7f6568218000, 4096, PROT_READ|PROT_WRITE <unfinished ...>
2351  <... mprotect resumed>)           = 0
2350  mprotect(0x7f655829e000, 4096, PROT_READ|PROT_WRITE <unfinished ...>
2349  <... mprotect resumed>)           = 0
2347  <... mprotect resumed>)           = 0
2344  mprotect(0x7f6570214000, 4096, PROT_READ|PROT_WRITE <unfinished ...>
2350  <... mprotect resumed>)           = 0
2348  <... mprotect resumed>)           = 0
2346  <... mprotect resumed>)           = 0
2345  <... mprotect resumed>)           = 0
2351  mprotect(0x7f654c2da000, 4096, PROT_READ|PROT_WRITE <unfinished ...>
2349  mprotect(0x7f655428c000, 4096, PROT_READ|PROT_WRITE <unfinished ...>
2348  mprotect(0x7f6560278000, 4096, PROT_READ|PROT_WRITE <unfinished ...>
2347  mprotect(0x7f655c257000, 4096, PROT_READ|PROT_WRITE <unfinished ...>
2345  mprotect(0x7f6568219000, 4096, PROT_READ|PROT_WRITE <unfinished ...>
2344  <... mprotect resumed>)           = 0
2351  <... mprotect resumed>)           = 0
2350  mprotect(0x7f655829f000, 4096, PROT_READ|PROT_WRITE <unfinished ...>
2349  <... mprotect resumed>)           = 0
2348  <... mprotect resumed>)           = 0
2347  <... mprotect resumed>)           = 0
2346  mprotect(0x7f656423e000, 4096, PROT_READ|PROT_WRITE <unfinished ...>
2345  <... mprotect resumed>)           = 0
2344  mprotect(0x7f6570215000, 4096, PROT_READ|PROT_WRITE <unfinished ...>
2350  <... mprotect resumed>)           = 0
2351  mprotect(0x7f654c2db000, 4096, PROT_READ|PROT_WRITE <unfinished ...>
2349  mprotect(0x7f655428d000, 4096, PROT_READ|PROT_WRITE <unfinished ...>
2348  mprotect(0x7f6560279000, 4096, PROT_READ|PROT_WRITE <unfinished ...>
2347  mprotect(0x7f655c258000, 4096, PROT_READ|PROT_WRITE <unfinished ...>
2345  mprotect(0x7f656821a000, 4096, PROT_READ|PROT_WRITE <unfinished ...>
2344  <... mprotect resumed>)           = 0
2351  <... mprotect resumed>)           = 0
2350  mprotect(0x7f65582a0000, 4096, PROT_READ|PROT_WRITE <unfinished ...>
2349  <... mprotect resumed>)           = 0
2348  <... mprotect resumed>)           = 0
2346  <... mprotect resumed>)           = 0
2347  <... mprotect resumed>)           = 0
2344  mprotect(0x7f6570216000, 4096, PROT_READ|PROT_WRITE <unfinished ...>
2351  mprotect(0x7f654c2dc000, 4096, PROT_READ|PROT_WRITE <unfinished ...>
2350  <... mprotect resumed>)           = 0
2349  mprotect(0x7f655428e000, 4096, PROT_READ|PROT_WRITE <unfinished ...>
2348  mprotect(0x7f656027a000, 4096, PROT_READ|PROT_WRITE <unfinished ...>
2347  mprotect(0x7f655c259000, 4096, PROT_READ|PROT_WRITE <unfinished ...>
2346  mprotect(0x7f656423f000, 4096, PROT_READ|PROT_WRITE <unfinished ...>
2345  <... mprotect resumed>)           = 0
2344  <... mprotect resumed>)           = 0
2351  <... mprotect resumed>)           = 0
2350  mprotect(0x7f65582a1000, 4096, PROT_READ|PROT_WRITE <unfinished ...>
2349  <... mprotect resumed>)           = 0
2347  <... mprotect resumed>)           = 0
2348  <... mprotect resumed>)           = 0
2346  <... mprotect resumed>)           = 0
2350  <... mprotect resumed>)           = 0
2349  mprotect(0x7f655428f000, 4096, PROT_READ|PROT_WRITE <unfinished ...>
2348  mprotect(0x7f656027b000, 4096, PROT_READ|PROT_WRITE <unfinished ...>
2347  mprotect(0x7f655c25a000, 4096, PROT_READ|PROT_WRITE <unfinished ...>
2346  mprotect(0x7f6564240000, 4096, PROT_READ|PROT_WRITE <unfinished ...>
2345  mprotect(0x7f656821b000, 4096, PROT_READ|PROT_WRITE <unfinished ...>
2344  mprotect(0x7f6570217000, 4096, PROT_READ|PROT_WRITE <unfinished ...>
2351  mprotect(0x7f654c2dd000, 4096, PROT_READ|PROT_WRITE <unfinished ...>
2349  <... mprotect resumed>)           = 0
2348  <... mprotect resumed>)           = 0
2347  <... mprotect resumed>)           = 0
2350  mprotect(0x7f65582a2000, 4096, PROT_READ|PROT_WRITE <unfinished ...>
2346  <... mprotect resumed>)           = 0
2345  <... mprotect resumed>)           = 0
2351  <... mprotect resumed>)           = 0
2344  <... mprotect resumed>)           = 0
2350  <... mprotect resumed>)           = 0
2349  mprotect(0x7f6554290000, 4096, PROT_READ|PROT_WRITE <unfinished ...>
2347  mprotect(0x7f655c25b000, 4096, PROT_READ|PROT_WRITE <unfinished ...>
2345  mprotect(0x7f656821c000, 4096, PROT_READ|PROT_WRITE <unfinished ...>
2351  mprotect(0x7f654c2de000, 4096, PROT_READ|PROT_WRITE <unfinished ...>
2350  mprotect(0x7f65582a3000, 4096, PROT_READ|PROT_WRITE <unfinished ...>
2349  <... mprotect resumed>)           = 0
2348  mprotect(0x7f656027c000, 4096, PROT_READ|PROT_WRITE <unfinished ...>
2344  mprotect(0x7f6570218000, 4096, PROT_READ|PROT_WRITE <unfinished ...>
2351  <... mprotect resumed>)           = 0
2346  mprotect(0x7f6564241000, 4096, PROT_READ|PROT_WRITE <unfinished ...>
2345  <... mprotect resumed>)           = 0
2350  <... mprotect resumed>)           = 0
2347  <... mprotect resumed>)           = 0
2346  <... mprotect resumed>)           = 0
2344  <... mprotect resumed>)           = 0
2349  mprotect(0x7f6554291000, 4096, PROT_READ|PROT_WRITE <unfinished ...>
2351  mprotect(0x7f654c2df000, 4096, PROT_READ|PROT_WRITE <unfinished ...>
2349  <... mprotect resumed>)           = 0
2348  <... mprotect resumed>)           = 0
2347  mprotect(0x7f655c25c000, 4096, PROT_READ|PROT_WRITE <unfinished ...>
2344  mprotect(0x7f6570219000, 4096, PROT_READ|PROT_WRITE <unfinished ...>
2351  <... mprotect resumed>)           = 0
2350  mprotect(0x7f65582a4000, 4096, PROT_READ|PROT_WRITE <unfinished ...>
2346  mprotect(0x7f6564242000, 4096, PROT_READ|PROT_WRITE <unfinished ...>
2345  mprotect(0x7f656821d000, 4096, PROT_READ|PROT_WRITE <unfinished ...>
2349  mprotect(0x7f6554292000, 4096, PROT_READ|PROT_WRITE <unfinished ...>
2348  mprotect(0x7f656027d000, 4096, PROT_READ|PROT_WRITE <unfinished ...>
2347  <... mprotect resumed>)           = 0
2351  mprotect(0x7f654c2e0000, 4096, PROT_READ|PROT_WRITE <unfinished ...>
2350  <... mprotect resumed>)           = 0
2346  <... mprotect resumed>)           = 0
2345  <... mprotect resumed>)           = 0
2344  <... mprotect resumed>)           = 0
2351  <... mprotect resumed>)           = 0
2350  mprotect(0x7f65582a5000, 4096, PROT_READ|PROT_WRITE <unfinished ...>
2349  <... mprotect resumed>)           = 0
2348  <... mprotect resumed>)           = 0
2347  mprotect(0x7f655c25d000, 4096, PROT_READ|PROT_WRITE <unfinished ...>
2346  mprotect(0x7f6564243000, 4096, PROT_READ|PROT_WRITE <unfinished ...>
2345  mprotect(0x7f656821e000, 4096, PROT_READ|PROT_WRITE <unfinished ...>
2344  mprotect(0x7f657021a000, 4096, PROT_READ|PROT_WRITE <unfinished ...>
2351  mprotect(0x7f654c2e1000, 4096, PROT_READ|PROT_WRITE <unfinished ...>
2350  <... mprotect resumed>)           = 0
2349  mprotect(0x7f6554293000, 4096, PROT_READ|PROT_WRITE <unfinished ...>
2348  mprotect(0x7f656027e000, 4096, PROT_READ|PROT_WRITE <unfinished ...>
2347  <... mprotect resumed>)           = 0
2346  <... mprotect resumed>)           = 0
2345  <... mprotect resumed>)           = 0
2344  <... mprotect resumed>)           = 0
2351  <... mprotect resumed>)           = 0
2351  mprotect(0x7f654c2e2000, 4096, PROT_READ|PROT_WRITE <unfinished ...>
2350  mprotect(0x7f65582a6000, 4096, PROT_READ|PROT_WRITE <unfinished ...>
2349  <... mprotect resumed>)           = 0
2348  <... mprotect resumed>)           = 0
2347  mprotect(0x7f655c25e000, 4096, PROT_READ|PROT_WRITE <unfinished ...>
2346  mprotect(0x7f6564244000, 4096, PROT_READ|PROT_WRITE <unfinished ...>
2345  mprotect(0x7f656821f000, 4096, PROT_READ|PROT_WRITE <unfinished ...>
2344  mprotect(0x7f657021b000, 4096, PROT_READ|PROT_WRITE <unfinished ...>
2351  <... mprotect resumed>)           = 0
2350  <... mprotect resumed>)           = 0
2348  mprotect(0x7f656027f000, 4096, PROT_READ|PROT_WRITE <unfinished ...>
2347  <... mprotect resumed>)           = 0
2346  <... mprotect resumed>)           = 0
2349  mprotect(0x7f6554294000, 4096, PROT_READ|PROT_WRITE <unfinished ...>
2345  <... mprotect resumed>)           = 0
2344  <... mprotect resumed>)           = 0
2350  mprotect(0x7f65582a7000, 4096, PROT_READ|PROT_WRITE <unfinished ...>
2351  mprotect(0x7f654c2e3000, 4096, PROT_READ|PROT_WRITE <unfinished ...>
2350  <... mprotect resumed>)           = 0
2349  <... mprotect resumed>)           = 0
2348  <... mprotect resumed>)           = 0
2347  mprotect(0x7f655c25f000, 4096, PROT_READ|PROT_WRITE <unfinished ...>
2346  mprotect(0x7f6564245000, 4096, PROT_READ|PROT_WRITE <unfinished ...>
2345  mprotect(0x7f6568220000, 4096, PROT_READ|PROT_WRITE <unfinished ...>
2344  mprotect(0x7f657021c000, 4096, PROT_READ|PROT_WRITE <unfinished ...>
2351  <... mprotect resumed>)           = 0
2350  mprotect(0x7f65582a8000, 4096, PROT_READ|PROT_WRITE <unfinished ...>
2349  mprotect(0x7f6554295000, 4096, PROT_READ|PROT_WRITE <unfinished ...>
2348  mprotect(0x7f6560280000, 4096, PROT_READ|PROT_WRITE <unfinished ...>
2346  <... mprotect resumed>)           = 0
2345  <... mprotect resumed>)           = 0
2351  mprotect(0x7f654c2e4000, 4096, PROT_READ|PROT_WRITE <unfinished ...>
2349  <... mprotect resumed>)           = 0
2348  <... mprotect resumed>)           = 0
2347  <... mprotect resumed>)           = 0
2344  <... mprotect resumed>)           = 0
2345  mprotect(0x7f6568221000, 4096, PROT_READ|PROT_WRITE <unfinished ...>
2346  mprotect(0x7f6564246000, 4096, PROT_READ|PROT_WRITE <unfinished ...>
2350  <... mprotect resumed>)           = 0
2347  mprotect(0x7f655c260000, 4096, PROT_READ|PROT_WRITE <unfinished ...>
2344  mprotect(0x7f657021d000, 4096, PROT_READ|PROT_WRITE <unfinished ...>
2346  <... mprotect resumed>)           = 0
2351  <... mprotect resumed>)           = 0
2350  mprotect(0x7f65582a9000, 4096, PROT_READ|PROT_WRITE <unfinished ...>
2347  <... mprotect resumed>)           = 0
2350  <... mprotect resumed>)           = 0
2349  mprotect(0x7f6554296000, 4096, PROT_READ|PROT_WRITE <unfinished ...>
2348  mprotect(0x7f6560281000, 4096, PROT_READ|PROT_WRITE <unfinished ...>
2344  <... mprotect resumed>)           = 0
2351  mprotect(0x7f654c2e5000, 4096, PROT_READ|PROT_WRITE <unfinished ...>
2350  mprotect(0x7f65582aa000, 4096, PROT_READ|PROT_WRITE <unfinished ...>
2349  <... mprotect resumed>)           = 0
2347  mprotect(0x7f655c261000, 4096, PROT_READ|PROT_WRITE <unfinished ...>
2346  mprotect(0x7f6564247000, 4096, PROT_READ|PROT_WRITE <unfinished ...>
2345  <... mprotect resumed>)           = 0
2348  <... mprotect resumed>)           = 0
2344  mprotect(0x7f657021e000, 4096, PROT_READ|PROT_WRITE <unfinished ...>
2351  <... mprotect resumed>)           = 0
2350  <... mprotect resumed>)           = 0
2349  mprotect(0x7f6554297000, 4096, PROT_READ|PROT_WRITE <unfinished ...>
2348  mprotect(0x7f6560282000, 4096, PROT_READ|PROT_WRITE <unfinished ...>
2347  <... mprotect resumed>)           = 0
2346  <... mprotect resumed>)           = 0
2345  mprotect(0x7f6568222000, 4096, PROT_READ|PROT_WRITE <unfinished ...>
2351  mprotect(0x7f654c2e6000, 4096, PROT_READ|PROT_WRITE <unfinished ...>
2350  mprotect(0x7f65582ab000, 4096, PROT_READ|PROT_WRITE <unfinished ...>
2349  <... mprotect resumed>)           = 0
2344  <... mprotect resumed>)           = 0
2348  <... mprotect resumed>)           = 0
2350  <... mprotect resumed>)           = 0
2347  mprotect(0x7f655c262000, 4096, PROT_READ|PROT_WRITE <unfinished ...>
2346  mprotect(0x7f6564248000, 4096, PROT_READ|PROT_WRITE <unfinished ...>
2345  <... mprotect resumed>)           = 0
2344  mprotect(0x7f657021f000, 4096, PROT_READ|PROT_WRITE <unfinished ...>
2351  <... mprotect resumed>)           = 0
2349  mprotect(0x7f6554298000, 4096, PROT_READ|PROT_WRITE <unfinished ...>
2348  mprotect(0x7f6560283000, 4096, PROT_READ|PROT_WRITE <unfinished ...>
2345  mprotect(0x7f6568223000, 4096, PROT_READ|PROT_WRITE <unfinished ...>
2344  <... mprotect resumed>)           = 0
2351  mprotect(0x7f654c2e7000, 4096, PROT_READ|PROT_WRITE <unfinished ...>
2350  mprotect(0x7f65582ac000, 4096, PROT_READ|PROT_WRITE <unfinished ...>
2349  <... mprotect resumed>)           = 0
2348  <... mprotect resumed>)           = 0
2347  <... mprotect resumed>)           = 0
2346  <... mprotect resumed>)           = 0
2351  <... mprotect resumed>)           = 0
2350  <... mprotect resumed>)           = 0
2349  mprotect(0x7f6554299000, 4096, PROT_READ|PROT_WRITE <unfinished ...>
2345  <... mprotect resumed>)           = 0
2344  mprotect(0x7f6570220000, 4096, PROT_READ|PROT_WRITE <unfinished ...>
2351  mprotect(0x7f654c2e8000, 4096, PROT_READ|PROT_WRITE <unfinished ...>
2348  mprotect(0x7f6560284000, 4096, PROT_READ|PROT_WRITE <unfinished ...>
2347  mprotect(0x7f655c263000, 4096, PROT_READ|PROT_WRITE <unfinished ...>
2349  <... mprotect resumed>)           = 0
2346  mprotect(0x7f6564249000, 4096, PROT_READ|PROT_WRITE <unfinished ...>
2344  <... mprotect resumed>)           = 0
2351  <... mprotect resumed>)           = 0
2350  mprotect(0x7f65582ad000, 4096, PROT_READ|PROT_WRITE <unfinished ...>
2348  <... mprotect resumed>)           = 0
2345  mprotect(0x7f6568224000, 4096, PROT_READ|PROT_WRITE <unfinished ...>
2349  mprotect(0x7f655429a000, 4096, PROT_READ|PROT_WRITE <unfinished ...>
2347  <... mprotect resumed>)           = 0
2346  <... mprotect resumed>)           = 0
2344  mprotect(0x7f6570221000, 4096, PROT_READ|PROT_WRITE <unfinished ...>
2350  <... mprotect resumed>)           = 0
2349  <... mprotect resumed>)           = 0
2344  <... mprotect resumed>)           = 0
2351  mprotect(0x7f654c2e9000, 4096, PROT_READ|PROT_WRITE <unfinished ...>
2350  mprotect(0x7f65582ae000, 4096, PROT_READ|PROT_WRITE <unfinished ...>
2348  mprotect(0x7f6560285000, 4096, PROT_READ|PROT_WRITE <unfinished ...>
2347  mprotect(0x7f655c264000, 4096, PROT_READ|PROT_WRITE <unfinished ...>
2345  <... mprotect resumed>)           = 0
2351  <... mprotect resumed>)           = 0
2350  <... mprotect resumed>)           = 0
2349  mprotect(0x7f655429b000, 4096, PROT_READ|PROT_WRITE <unfinished ...>
2348  <... mprotect resumed>)           = 0
2346  mprotect(0x7f656424a000, 4096, PROT_READ|PROT_WRITE <unfinished ...>
2344  mprotect(0x7f6570222000, 4096, PROT_READ|PROT_WRITE <unfinished ...>
2347  <... mprotect resumed>)           = 0
2349  <... mprotect resumed>)           = 0
2345  mprotect(0x7f6568225000, 4096, PROT_READ|PROT_WRITE <unfinished ...>
2351  mprotect(0x7f654c2ea000, 4096, PROT_READ|PROT_WRITE <unfinished ...>
2350  mprotect(0x7f65582af000, 4096, PROT_READ|PROT_WRITE <unfinished ...>
2349  mprotect(0x7f655429c000, 4096, PROT_READ|PROT_WRITE <unfinished ...>
2348  mprotect(0x7f6560286000, 4096, PROT_READ|PROT_WRITE <unfinished ...>
2347  mprotect(0x7f655c265000, 4096, PROT_READ|PROT_WRITE <unfinished ...>
2346  <... mprotect resumed>)           = 0
2345  <... mprotect resumed>)           = 0
2344  <... mprotect resumed>)           = 0
2351  <... mprotect resumed>)           = 0
2350  <... mprotect resumed>)           = 0
2347  <... mprotect resumed>)           = 0
2349  <... mprotect resumed>)           = 0
2348  <... mprotect resumed>)           = 0
2346  mprotect(0x7f656424b000, 4096, PROT_READ|PROT_WRITE <unfinished ...>
2350  mprotect(0x7f65582b0000, 4096, PROT_READ|PROT_WRITE <unfinished ...>
2346  <... mprotect resumed>)           = 0
2351  mprotect(0x7f654c2eb000, 4096, PROT_READ|PROT_WRITE <unfinished ...>
2350  <... mprotect resumed>)           = 0
2349  mprotect(0x7f655429d000, 4096, PROT_READ|PROT_WRITE <unfinished ...>
2348  mprotect(0x7f6560287000, 4096, PROT_READ|PROT_WRITE <unfinished ...>
2345  mprotect(0x7f6568226000, 4096, PROT_READ|PROT_WRITE <unfinished ...>
2351  <... mprotect resumed>)           = 0
2348  <... mprotect resumed>)           = 0
2345  <... mprotect resumed>)           = 0
2350  mprotect(0x7f65582b1000, 4096, PROT_READ|PROT_WRITE <unfinished ...>
2349  <... mprotect resumed>)           = 0
2346  mprotect(0x7f656424c000, 4096, PROT_READ|PROT_WRITE <unfinished ...>
2345  mprotect(0x7f6568227000, 4096, PROT_READ|PROT_WRITE <unfinished ...>
2344  mprotect(0x7f6570223000, 4096, PROT_READ|PROT_WRITE <unfinished ...>
2351  mprotect(0x7f654c2ec000, 4096, PROT_READ|PROT_WRITE <unfinished ...>
2350  <... mprotect resumed>)           = 0
2349  mprotect(0x7f655429e000, 4096, PROT_READ|PROT_WRITE <unfinished ...>
2348  mprotect(0x7f6560288000, 4096, PROT_READ|PROT_WRITE <unfinished ...>
2347  mprotect(0x7f655c266000, 4096, PROT_READ|PROT_WRITE <unfinished ...>
2346  <... mprotect resumed>)           = 0
2345  <... mprotect resumed>)           = 0
2344  <... mprotect resumed>)           = 0
2349  <... mprotect resumed>)           = 0
2351  <... mprotect resumed>)           = 0
2347  <... mprotect resumed>)           = 0
2346  mprotect(0x7f656424d000, 4096, PROT_READ|PROT_WRITE <unfinished ...>
2348  <... mprotect resumed>)           = 0
2345  mprotect(0x7f6568228000, 4096, PROT_READ|PROT_WRITE <unfinished ...>
2344  mprotect(0x7f6570224000, 4096, PROT_READ|PROT_WRITE <unfinished ...>
2349  mprotect(0x7f655429f000, 4096, PROT_READ|PROT_WRITE <unfinished ...>
2347  mprotect(0x7f655c267000, 4096, PROT_READ|PROT_WRITE <unfinished ...>
2346  <... mprotect resumed>)           = 0
2351  mprotect(0x7f654c2ed000, 4096, PROT_READ|PROT_WRITE <unfinished ...>
2350  mprotect(0x7f65582b2000, 4096, PROT_READ|PROT_WRITE <unfinished ...>
2349  <... mprotect resumed>)           = 0
2345  <... mprotect resumed>)           = 0
2344  <... mprotect resumed>)           = 0
2350  <... mprotect resumed>)           = 0
2347  <... mprotect resumed>)           = 0
2346  mprotect(0x7f656424e000, 4096, PROT_READ|PROT_WRITE <unfinished ...>
2351  <... mprotect resumed>)           = 0
2349  mprotect(0x7f65542a0000, 4096, PROT_READ|PROT_WRITE <unfinished ...>
2348  mprotect(0x7f6560289000, 4096, PROT_READ|PROT_WRITE <unfinished ...>
2344  mprotect(0x7f6570225000, 4096, PROT_READ|PROT_WRITE <unfinished ...>
2351  mprotect(0x7f654c2ee000, 4096, PROT_READ|PROT_WRITE <unfinished ...>
2350  mprotect(0x7f65582b3000, 4096, PROT_READ|PROT_WRITE <unfinished ...>
2349  <... mprotect resumed>)           = 0
2347  mprotect(0x7f655c268000, 4096, PROT_READ|PROT_WRITE <unfinished ...>
2346  <... mprotect resumed>)           = 0
2345  mprotect(0x7f6568229000, 4096, PROT_READ|PROT_WRITE <unfinished ...>
2348  <... mprotect resumed>)           = 0
2351  <... mprotect resumed>)           = 0
2350  <... mprotect resumed>)           = 0
2349  mprotect(0x7f65542a1000, 4096, PROT_READ|PROT_WRITE <unfinished ...>
2344  <... mprotect resumed>)           = 0
2347  <... mprotect resumed>)           = 0
2346  mprotect(0x7f656424f000, 4096, PROT_READ|PROT_WRITE <unfinished ...>
2345  <... mprotect resumed>)           = 0
2349  <... mprotect resumed>)           = 0
2351  mprotect(0x7f654c2ef000, 4096, PROT_READ|PROT_WRITE <unfinished ...>
2350  mprotect(0x7f65582b4000, 4096, PROT_READ|PROT_WRITE <unfinished ...>
2349  mprotect(0x7f65542a2000, 4096, PROT_READ|PROT_WRITE <unfinished ...>
2348  mprotect(0x7f656028a000, 4096, PROT_READ|PROT_WRITE <unfinished ...>
2347  mprotect(0x7f655c269000, 4096, PROT_READ|PROT_WRITE <unfinished ...>
2346  <... mprotect resumed>)           = 0
2345  mprotect(0x7f656822a000, 4096, PROT_READ|PROT_WRITE <unfinished ...>
2344  mprotect(0x7f6570226000, 4096, PROT_READ|PROT_WRITE <unfinished ...>
2351  <... mprotect resumed>)           = 0
2350  <... mprotect resumed>)           = 0
2349  <... mprotect resumed>)           = 0
2348  <... mprotect resumed>)           = 0
2347  <... mprotect resumed>)           = 0
2346  mprotect(0x7f6564250000, 4096, PROT_READ|PROT_WRITE <unfinished ...>
2344  <... mprotect resumed>)           = 0
2351  mprotect(0x7f654c2f0000, 4096, PROT_READ|PROT_WRITE <unfinished ...>
2349  mprotect(0x7f65542a3000, 4096, PROT_READ|PROT_WRITE <unfinished ...>
2347  mprotect(0x7f655c26a000, 4096, PROT_READ|PROT_WRITE <unfinished ...>
2346  <... mprotect resumed>)           = 0
2345  <... mprotect resumed>)           = 0
2351  <... mprotect resumed>)           = 0
2350  mprotect(0x7f65582b5000, 4096, PROT_READ|PROT_WRITE <unfinished ...>
2348  mprotect(0x7f656028b000, 4096, PROT_READ|PROT_WRITE <unfinished ...>
2344  mprotect(0x7f6570227000, 4096, PROT_READ|PROT_WRITE <unfinished ...>
2349  <... mprotect resumed>)           = 0
2347  <... mprotect resumed>)           = 0
2348  <... mprotect resumed>)           = 0
2351  mprotect(0x7f654c2f1000, 4096, PROT_READ|PROT_WRITE <unfinished ...>
2350  <... mprotect resumed>)           = 0
2349  mprotect(0x7f65542a4000, 4096, PROT_READ|PROT_WRITE <unfinished ...>
2347  mprotect(0x7f655c26b000, 4096, PROT_READ|PROT_WRITE <unfinished ...>
2346  mprotect(0x7f6564251000, 4096, PROT_READ|PROT_WRITE <unfinished ...>
2344  <... mprotect resumed>)           = 0
2351  <... mprotect resumed>)           = 0
2345  mprotect(0x7f656822b000, 4096, PROT_READ|PROT_WRITE <unfinished ...>
2350  mprotect(0x7f65582b6000, 4096, PROT_READ|PROT_WRITE <unfinished ...>
2349  <... mprotect resumed>)           = 0
2348  mprotect(0x7f656028c000, 4096, PROT_READ|PROT_WRITE <unfinished ...>
2347  <... mprotect resumed>)           = 0
2350  <... mprotect resumed>)           = 0
2349  mprotect(0x7f65542a5000, 4096, PROT_READ|PROT_WRITE <unfinished ...>
2348  <... mprotect resumed>)           = 0
2346  <... mprotect resumed>)           = 0
2345  <... mprotect resumed>)           = 0
2344  mprotect(0x7f6570228000, 4096, PROT_READ|PROT_WRITE <unfinished ...>
2351  mprotect(0x7f654c2f2000, 4096, PROT_READ|PROT_WRITE <unfinished ...>
2347  mprotect(0x7f655c26c000, 4096, PROT_READ|PROT_WRITE <unfinished ...>
2351  <... mprotect resumed>)           = 0
2349  <... mprotect resumed>)           = 0
2344  <... mprotect resumed>)           = 0
2351  mprotect(0x7f654c2f3000, 4096, PROT_READ|PROT_WRITE <unfinished ...>
2350  mprotect(0x7f65582b7000, 4096, PROT_READ|PROT_WRITE <unfinished ...>
2349  mprotect(0x7f65542a6000, 4096, PROT_READ|PROT_WRITE <unfinished ...>
2347  <... mprotect resumed>)           = 0
2346  mprotect(0x7f6564252000, 4096, PROT_READ|PROT_WRITE <unfinished ...>
2345  mprotect(0x7f656822c000, 4096, PROT_READ|PROT_WRITE <unfinished ...>
2344  mprotect(0x7f6570229000, 4096, PROT_READ|PROT_WRITE <unfinished ...>
2348  mprotect(0x7f656028d000, 4096, PROT_READ|PROT_WRITE <unfinished ...>
2351  <... mprotect resumed>)           = 0
2350  <... mprotect resumed>)           = 0
2349  <... mprotect resumed>)           = 0
2348  <... mprotect resumed>)           = 0
2346  <... mprotect resumed>)           = 0
2345  <... mprotect resumed>)           = 0
2344  <... mprotect resumed>)           = 0
2349  mprotect(0x7f65542a7000, 4096, PROT_READ|PROT_WRITE <unfinished ...>
2347  mprotect(0x7f655c26d000, 4096, PROT_READ|PROT_WRITE <unfinished ...>
2350  mprotect(0x7f65582b8000, 4096, PROT_READ|PROT_WRITE <unfinished ...>
2349  <... mprotect resumed>)           = 0
2348  mprotect(0x7f656028e000, 4096, PROT_READ|PROT_WRITE <unfinished ...>
2347  <... mprotect resumed>)           = 0
2345  mprotect(0x7f656822d000, 4096, PROT_READ|PROT_WRITE <unfinished ...>
2344  mprotect(0x7f657022a000, 4096, PROT_READ|PROT_WRITE <unfinished ...>
2351  mprotect(0x7f654c2f4000, 4096, PROT_READ|PROT_WRITE) = 0
2350  <... mprotect resumed>)           = 0
2348  <... mprotect resumed>)           = 0
2346  mprotect(0x7f6564253000, 4096, PROT_READ|PROT_WRITE <unfinished ...>
2345  <... mprotect resumed>)           = 0
2344  <... mprotect resumed>)           = 0
2349  mprotect(0x7f65542a8000, 4096, PROT_READ|PROT_WRITE <unfinished ...>
2347  mprotect(0x7f655c26e000, 4096, PROT_READ|PROT_WRITE <unfinished ...>
2351  mprotect(0x7f654c2f5000, 4096, PROT_READ|PROT_WRITE <unfinished ...>
2350  mprotect(0x7f65582b9000, 4096, PROT_READ|PROT_WRITE <unfinished ...>
2349  <... mprotect resumed>)           = 0
2346  <... mprotect resumed>)           = 0
2345  mprotect(0x7f656822e000, 4096, PROT_READ|PROT_WRITE <unfinished ...>
2351  <... mprotect resumed>)           = 0
2348  mprotect(0x7f656028f000, 4096, PROT_READ|PROT_WRITE <unfinished ...>
2347  <... mprotect resumed>)           = 0
2344  mprotect(0x7f657022b000, 4096, PROT_READ|PROT_WRITE <unfinished ...>
2349  mprotect(0x7f65542a9000, 4096, PROT_READ|PROT_WRITE <unfinished ...>
2348  <... mprotect resumed>)           = 0
2347  mprotect(0x7f655c26f000, 4096, PROT_READ|PROT_WRITE <unfinished ...>
2346  mprotect(0x7f6564254000, 4096, PROT_READ|PROT_WRITE <unfinished ...>
2345  <... mprotect resumed>)           = 0
2344  <... mprotect resumed>)           = 0
2351  mprotect(0x7f654c2f6000, 4096, PROT_READ|PROT_WRITE <unfinished ...>
2350  <... mprotect resumed>)           = 0
2349  <... mprotect resumed>)           = 0
2348  mprotect(0x7f6560290000, 4096, PROT_READ|PROT_WRITE <unfinished ...>
2347  <... mprotect resumed>)           = 0
2346  <... mprotect resumed>)           = 0
2345  mprotect(0x7f656822f000, 4096, PROT_READ|PROT_WRITE <unfinished ...>
2344  mprotect(0x7f657022c000, 4096, PROT_READ|PROT_WRITE <unfinished ...>
2351  <... mprotect resumed>)           = 0
2350  mprotect(0x7f65582ba000, 4096, PROT_READ|PROT_WRITE <unfinished ...>
2348  <... mprotect resumed>)           = 0
2347  mprotect(0x7f655c270000, 4096, PROT_READ|PROT_WRITE <unfinished ...>
2345  <... mprotect resumed>)           = 0
2344  <... mprotect resumed>)           = 0
2351  mprotect(0x7f654c2f7000, 4096, PROT_READ|PROT_WRITE <unfinished ...>
2350  <... mprotect resumed>)           = 0
2349  mprotect(0x7f65542aa000, 4096, PROT_READ|PROT_WRITE <unfinished ...>
2346  mprotect(0x7f6564255000, 4096, PROT_READ|PROT_WRITE <unfinished ...>
2351  <... mprotect resumed>)           = 0
2348  mprotect(0x7f6560291000, 4096, PROT_READ|PROT_WRITE <unfinished ...>
2347  <... mprotect resumed>)           = 0
2345  mprotect(0x7f6568230000, 4096, PROT_READ|PROT_WRITE <unfinished ...>
2344  mprotect(0x7f657022d000, 4096, PROT_READ|PROT_WRITE <unfinished ...>
2350  mprotect(0x7f65582bb000, 4096, PROT_READ|PROT_WRITE <unfinished ...>
2351  mprotect(0x7f654c2f8000, 4096, PROT_READ|PROT_WRITE <unfinished ...>
2349  <... mprotect resumed>)           = 0
2348  <... mprotect resumed>)           = 0
2347  mprotect(0x7f655c271000, 4096, PROT_READ|PROT_WRITE <unfinished ...>
2346  <... mprotect resumed>)           = 0
2345  <... mprotect resumed>)           = 0
2351  <... mprotect resumed>)           = 0
2350  <... mprotect resumed>)           = 0
2344  <... mprotect resumed>)           = 0
2349  mprotect(0x7f65542ab000, 4096, PROT_READ|PROT_WRITE <unfinished ...>
2348  mprotect(0x7f6560292000, 4096, PROT_READ|PROT_WRITE <unfinished ...>
2347  <... mprotect resumed>)           = 0
2346  mprotect(0x7f6564256000, 4096, PROT_READ|PROT_WRITE <unfinished ...>
2345  mprotect(0x7f6568231000, 4096, PROT_READ|PROT_WRITE <unfinished ...>
2349  <... mprotect resumed>)           = 0
2348  <... mprotect resumed>)           = 0
2345  <... mprotect resumed>)           = 0
2351  mprotect(0x7f654c2f9000, 4096, PROT_READ|PROT_WRITE <unfinished ...>
2350  mprotect(0x7f65582bc000, 4096, PROT_READ|PROT_WRITE <unfinished ...>
2347  mprotect(0x7f655c272000, 4096, PROT_READ|PROT_WRITE <unfinished ...>
2346  <... mprotect resumed>)           = 0
2344  mprotect(0x7f657022e000, 4096, PROT_READ|PROT_WRITE <unfinished ...>
2351  <... mprotect resumed>)           = 0
2349  mprotect(0x7f65542ac000, 4096, PROT_READ|PROT_WRITE <unfinished ...>
2350  <... mprotect resumed>)           = 0
2345  mprotect(0x7f6568232000, 4096, PROT_READ|PROT_WRITE <unfinished ...>
2349  <... mprotect resumed>)           = 0
2348  mprotect(0x7f6560293000, 4096, PROT_READ|PROT_WRITE <unfinished ...>
2347  <... mprotect resumed>)           = 0
2346  mprotect(0x7f6564257000, 4096, PROT_READ|PROT_WRITE <unfinished ...>
2345  <... mprotect resumed>)           = 0
2344  <... mprotect resumed>)           = 0
2351  mprotect(0x7f654c2fa000, 4096, PROT_READ|PROT_WRITE <unfinished ...>
2350  mprotect(0x7f65582bd000, 4096, PROT_READ|PROT_WRITE <unfinished ...>
2348  <... mprotect resumed>)           = 0
2347  mprotect(0x7f655c273000, 4096, PROT_READ|PROT_WRITE <unfinished ...>
2351  <... mprotect resumed>)           = 0
2350  <... mprotect resumed>)           = 0
2346  <... mprotect resumed>)           = 0
2345  mprotect(0x7f6568233000, 4096, PROT_READ|PROT_WRITE <unfinished ...>
2349  mprotect(0x7f65542ad000, 4096, PROT_READ|PROT_WRITE <unfinished ...>
2348  mprotect(0x7f6560294000, 4096, PROT_READ|PROT_WRITE <unfinished ...>
2347  <... mprotect resumed>)           = 0
2344  mprotect(0x7f657022f000, 4096, PROT_READ|PROT_WRITE <unfinished ...>
2351  mprotect(0x7f654c2fb000, 4096, PROT_READ|PROT_WRITE <unfinished ...>
2345  <... mprotect resumed>)           = 0
2350  mprotect(0x7f65582be000, 4096, PROT_READ|PROT_WRITE <unfinished ...>
2349  <... mprotect resumed>)           = 0
2344  <... mprotect resumed>)           = 0
2351  <... mprotect resumed>)           = 0
2350  <... mprotect resumed>)           = 0
2348  <... mprotect resumed>)           = 0
2347  mprotect(0x7f655c274000, 4096, PROT_READ|PROT_WRITE <unfinished ...>
2346  mprotect(0x7f6564258000, 4096, PROT_READ|PROT_WRITE <unfinished ...>
2345  mprotect(0x7f6568234000, 4096, PROT_READ|PROT_WRITE <unfinished ...>
2344  mprotect(0x7f6570230000, 4096, PROT_READ|PROT_WRITE <unfinished ...>
2348  mprotect(0x7f6560295000, 4096, PROT_READ|PROT_WRITE <unfinished ...>
2351  mprotect(0x7f654c2fc000, 4096, PROT_READ|PROT_WRITE <unfinished ...>
2350  mprotect(0x7f65582bf000, 4096, PROT_READ|PROT_WRITE <unfinished ...>
2349  mprotect(0x7f65542ae000, 4096, PROT_READ|PROT_WRITE <unfinished ...>
2347  <... mprotect resumed>)           = 0
2346  <... mprotect resumed>)           = 0
2345  <... mprotect resumed>)           = 0
2344  <... mprotect resumed>)           = 0
2351  <... mprotect resumed>)           = 0
2350  <... mprotect resumed>)           = 0
2349  <... mprotect resumed>)           = 0
2348  <... mprotect resumed>)           = 0
2347  mprotect(0x7f655c275000, 4096, PROT_READ|PROT_WRITE <unfinished ...>
2351  mprotect(0x7f654c2fd000, 4096, PROT_READ|PROT_WRITE <unfinished ...>
2350  mprotect(0x7f65582c0000, 4096, PROT_READ|PROT_WRITE <unfinished ...>
2346  mprotect(0x7f6564259000, 4096, PROT_READ|PROT_WRITE <unfinished ...>
2345  mprotect(0x7f6568235000, 4096, PROT_READ|PROT_WRITE <unfinished ...>
2344  mprotect(0x7f6570231000, 4096, PROT_READ|PROT_WRITE <unfinished ...>
2350  <... mprotect resumed>)           = 0
2349  mprotect(0x7f65542af000, 4096, PROT_READ|PROT_WRITE <unfinished ...>
2348  mprotect(0x7f6560296000, 4096, PROT_READ|PROT_WRITE <unfinished ...>
2347  <... mprotect resumed>)           = 0
2345  <... mprotect resumed>)           = 0
2350  mprotect(0x7f65582c1000, 4096, PROT_READ|PROT_WRITE <unfinished ...>
2346  <... mprotect resumed>)           = 0
2351  <... mprotect resumed>)           = 0
2348  <... mprotect resumed>)           = 0
2344  <... mprotect resumed>)           = 0
2350  <... mprotect resumed>)           = 0
2349  <... mprotect resumed>)           = 0
2351  mprotect(0x7f654c2fe000, 4096, PROT_READ|PROT_WRITE <unfinished ...>
2348  mprotect(0x7f6560297000, 4096, PROT_READ|PROT_WRITE <unfinished ...>
2351  <... mprotect resumed>)           = 0
2348  <... mprotect resumed>)           = 0
2347  mprotect(0x7f655c276000, 4096, PROT_READ|PROT_WRITE <unfinished ...>
2346  mprotect(0x7f656425a000, 4096, PROT_READ|PROT_WRITE <unfinished ...>
2344  mprotect(0x7f6570232000, 4096, PROT_READ|PROT_WRITE <unfinished ...>
2349  mprotect(0x7f65542b0000, 4096, PROT_READ|PROT_WRITE <unfinished ...>
2345  mprotect(0x7f6568236000, 4096, PROT_READ|PROT_WRITE <unfinished ...>
2350  mprotect(0x7f65582c2000, 4096, PROT_READ|PROT_WRITE <unfinished ...>
2348  mprotect(0x7f6560298000, 4096, PROT_READ|PROT_WRITE <unfinished ...>
2344  <... mprotect resumed>)           = 0
2351  mprotect(0x7f654c2ff000, 4096, PROT_READ|PROT_WRITE <unfinished ...>
2350  <... mprotect resumed>)           = 0
2349  <... mprotect resumed>)           = 0
2347  <... mprotect resumed>)           = 0
2346  <... mprotect resumed>)           = 0
2345  <... mprotect resumed>)           = 0
2351  <... mprotect resumed>)           = 0
2350  mprotect(0x7f65582c3000, 4096, PROT_READ|PROT_WRITE <unfinished ...>
2349  mprotect(0x7f65542b1000, 4096, PROT_READ|PROT_WRITE <unfinished ...>
2348  <... mprotect resumed>)           = 0
2344  mprotect(0x7f6570233000, 4096, PROT_READ|PROT_WRITE <unfinished ...>
2350  <... mprotect resumed>)           = 0
2347  mprotect(0x7f655c277000, 4096, PROT_READ|PROT_WRITE <unfinished ...>
2346  mprotect(0x7f656425b000, 4096, PROT_READ|PROT_WRITE <unfinished ...>
2345  mprotect(0x7f6568237000, 4096, PROT_READ|PROT_WRITE <unfinished ...>
2344  <... mprotect resumed>)           = 0
2351  mprotect(0x7f654c300000, 4096, PROT_READ|PROT_WRITE <unfinished ...>
2350  mprotect(0x7f65582c4000, 4096, PROT_READ|PROT_WRITE <unfinished ...>
2349  <... mprotect resumed>)           = 0
2348  mprotect(0x7f6560299000, 4096, PROT_READ|PROT_WRITE <unfinished ...>
2347  <... mprotect resumed>)           = 0
2346  <... mprotect resumed>)           = 0
2345  <... mprotect resumed>)           = 0
2351  <... mprotect resumed>)           = 0
2344  mprotect(0x7f6570234000, 4096, PROT_READ|PROT_WRITE <unfinished ...>
2350  <... mprotect resumed>)           = 0
2348  <... mprotect resumed>)           = 0
2349  mprotect(0x7f65542b2000, 4096, PROT_READ|PROT_WRITE <unfinished ...>
2345  mprotect(0x7f6568238000, 4096, PROT_READ|PROT_WRITE <unfinished ...>
2350  mprotect(0x7f65582c5000, 4096, PROT_READ|PROT_WRITE <unfinished ...>
2351  mprotect(0x7f654c301000, 4096, PROT_READ|PROT_WRITE <unfinished ...>
2349  <... mprotect resumed>)           = 0
2348  mprotect(0x7f656029a000, 4096, PROT_READ|PROT_WRITE <unfinished ...>
2347  mprotect(0x7f655c278000, 4096, PROT_READ|PROT_WRITE <unfinished ...>
2345  <... mprotect resumed>)           = 0
2344  <... mprotect resumed>)           = 0
2351  <... mprotect resumed>)           = 0
2350  <... mprotect resumed>)           = 0
2348  <... mprotect resumed>)           = 0
2347  <... mprotect resumed>)           = 0
2346  mprotect(0x7f656425c000, 4096, PROT_READ|PROT_WRITE <unfinished ...>
2351  mprotect(0x7f654c302000, 4096, PROT_READ|PROT_WRITE <unfinished ...>
2349  mprotect(0x7f65542b3000, 4096, PROT_READ|PROT_WRITE <unfinished ...>
2345  mprotect(0x7f6568239000, 4096, PROT_READ|PROT_WRITE <unfinished ...>
2344  mprotect(0x7f6570235000, 4096, PROT_READ|PROT_WRITE <unfinished ...>
2351  <... mprotect resumed>)           = 0
2349  <... mprotect resumed>)           = 0
2346  <... mprotect resumed>)           = 0
2345  <... mprotect resumed>)           = 0
2344  <... mprotect resumed>)           = 0
2351  mprotect(0x7f654c303000, 4096, PROT_READ|PROT_WRITE <unfinished ...>
2350  mprotect(0x7f65582c6000, 4096, PROT_READ|PROT_WRITE <unfinished ...>
2349  mprotect(0x7f65542b4000, 4096, PROT_READ|PROT_WRITE <unfinished ...>
2348  mprotect(0x7f656029b000, 4096, PROT_READ|PROT_WRITE <unfinished ...>
2347  mprotect(0x7f655c279000, 4096, PROT_READ|PROT_WRITE <unfinished ...>
2346  mprotect(0x7f656425d000, 4096, PROT_READ|PROT_WRITE <unfinished ...>
2344  mprotect(0x7f6570236000, 4096, PROT_READ|PROT_WRITE <unfinished ...>
2350  <... mprotect resumed>)           = 0
2349  <... mprotect resumed>)           = 0
2348  <... mprotect resumed>)           = 0
2345  mprotect(0x7f656823a000, 4096, PROT_READ|PROT_WRITE <unfinished ...>
2346  <... mprotect resumed>)           = 0
2344  <... mprotect resumed>)           = 0
2351  <... mprotect resumed>)           = 0
2350  mprotect(0x7f65582c7000, 4096, PROT_READ|PROT_WRITE <unfinished ...>
2349  mprotect(0x7f65542b5000, 4096, PROT_READ|PROT_WRITE <unfinished ...>
2348  mprotect(0x7f656029c000, 4096, PROT_READ|PROT_WRITE <unfinished ...>
2347  <... mprotect resumed>)           = 0
2346  mprotect(0x7f656425e000, 4096, PROT_READ|PROT_WRITE <unfinished ...>
2345  <... mprotect resumed>)           = 0
2344  mprotect(0x7f6570237000, 4096, PROT_READ|PROT_WRITE <unfinished ...>
2349  <... mprotect resumed>)           = 0
2346  <... mprotect resumed>)           = 0
2351  mprotect(0x7f654c304000, 4096, PROT_READ|PROT_WRITE <unfinished ...>
2350  <... mprotect resumed>)           = 0
2348  <... mprotect resumed>)           = 0
2347  mprotect(0x7f655c27a000, 4096, PROT_READ|PROT_WRITE <unfinished ...>
2346  mprotect(0x7f656425f000, 4096, PROT_READ|PROT_WRITE <unfinished ...>
2345  mprotect(0x7f656823b000, 4096, PROT_READ|PROT_WRITE <unfinished ...>
2344  <... mprotect resumed>)           = 0
2351  <... mprotect resumed>)           = 0
2350  mprotect(0x7f65582c8000, 4096, PROT_READ|PROT_WRITE <unfinished ...>
2349  mprotect(0x7f65542b6000, 4096, PROT_READ|PROT_WRITE <unfinished ...>
2348  mprotect(0x7f656029d000, 4096, PROT_READ|PROT_WRITE <unfinished ...>
2347  <... mprotect resumed>)           = 0
2345  <... mprotect resumed>)           = 0
2349  <... mprotect resumed>)           = 0
2346  <... mprotect resumed>)           = 0
2344  mprotect(0x7f6570238000, 4096, PROT_READ|PROT_WRITE <unfinished ...>
2351  mprotect(0x7f654c305000, 4096, PROT_READ|PROT_WRITE <unfinished ...>
2350  <... mprotect resumed>)           = 0
2351  <... mprotect resumed>)           = 0
2348  <... mprotect resumed>)           = 0
2347  mprotect(0x7f655c27b000, 4096, PROT_READ|PROT_WRITE <unfinished ...>
2346  mprotect(0x7f6564260000, 4096, PROT_READ|PROT_WRITE <unfinished ...>
2345  mprotect(0x7f656823c000, 4096, PROT_READ|PROT_WRITE <unfinished ...>
2344  <... mprotect resumed>)           = 0
2351  mprotect(0x7f654c306000, 4096, PROT_READ|PROT_WRITE <unfinished ...>
2350  mprotect(0x7f65582c9000, 4096, PROT_READ|PROT_WRITE <unfinished ...>
2349  mprotect(0x7f65542b7000, 4096, PROT_READ|PROT_WRITE <unfinished ...>
2348  mprotect(0x7f656029e000, 4096, PROT_READ|PROT_WRITE <unfinished ...>
2347  <... mprotect resumed>)           = 0
2346  <... mprotect resumed>)           = 0
2345  <... mprotect resumed>)           = 0
2351  <... mprotect resumed>)           = 0
2350  <... mprotect resumed>)           = 0
2348  <... mprotect resumed>)           = 0
2344  mprotect(0x7f6570239000, 4096, PROT_READ|PROT_WRITE <unfinished ...>
2349  <... mprotect resumed>)           = 0
2346  mprotect(0x7f6564261000, 4096, PROT_READ|PROT_WRITE <unfinished ...>
2345  mprotect(0x7f656823d000, 4096, PROT_READ|PROT_WRITE <unfinished ...>
2351  mprotect(0x7f654c307000, 4096, PROT_READ|PROT_WRITE <unfinished ...>
2350  mprotect(0x7f65582ca000, 4096, PROT_READ|PROT_WRITE <unfinished ...>
2349  mprotect(0x7f65542b8000, 4096, PROT_READ|PROT_WRITE <unfinished ...>
2348  mprotect(0x7f656029f000, 4096, PROT_READ|PROT_WRITE <unfinished ...>
2347  mprotect(0x7f655c27c000, 4096, PROT_READ|PROT_WRITE <unfinished ...>
2346  <... mprotect resumed>)           = 0
2345  <... mprotect resumed>)           = 0
2344  <... mprotect resumed>)           = 0
2350  <... mprotect resumed>)           = 0
2351  <... mprotect resumed>)           = 0
2349  <... mprotect resumed>)           = 0
2348  <... mprotect resumed>)           = 0
2345  mprotect(0x7f656823e000, 4096, PROT_READ|PROT_WRITE <unfinished ...>
2347  <... mprotect resumed>)           = 0
2344  mprotect(0x7f657023a000, 4096, PROT_READ|PROT_WRITE <unfinished ...>
2345  <... mprotect resumed>)           = 0
2351  mprotect(0x7f654c308000, 4096, PROT_READ|PROT_WRITE <unfinished ...>
2350  mprotect(0x7f65582cb000, 4096, PROT_READ|PROT_WRITE <unfinished ...>
2349  mprotect(0x7f65542b9000, 4096, PROT_READ|PROT_WRITE <unfinished ...>
2348  mprotect(0x7f65602a0000, 4096, PROT_READ|PROT_WRITE <unfinished ...>
2347  mprotect(0x7f655c27d000, 4096, PROT_READ|PROT_WRITE <unfinished ...>
2346  mprotect(0x7f6564262000, 4096, PROT_READ|PROT_WRITE <unfinished ...>
2345  mprotect(0x7f656823f000, 4096, PROT_READ|PROT_WRITE <unfinished ...>
2344  <... mprotect resumed>)           = 0
2351  <... mprotect resumed>)           = 0
2350  <... mprotect resumed>)           = 0
2349  <... mprotect resumed>)           = 0
2348  <... mprotect resumed>)           = 0
2347  <... mprotect resumed>)           = 0
2346  <... mprotect resumed>)           = 0
2345  <... mprotect resumed>)           = 0
2350  mprotect(0x7f65582cc000, 4096, PROT_READ|PROT_WRITE <unfinished ...>
2349  mprotect(0x7f65542ba000, 4096, PROT_READ|PROT_WRITE <unfinished ...>
2344  mprotect(0x7f657023b000, 4096, PROT_READ|PROT_WRITE <unfinished ...>
2351  mprotect(0x7f654c309000, 4096, PROT_READ|PROT_WRITE <unfinished ...>
2350  <... mprotect resumed>)           = 0
2349  <... mprotect resumed>)           = 0
2347  mprotect(0x7f655c27e000, 4096, PROT_READ|PROT_WRITE <unfinished ...>
2346  mprotect(0x7f6564263000, 4096, PROT_READ|PROT_WRITE <unfinished ...>
2344  <... mprotect resumed>)           = 0
2351  <... mprotect resumed>)           = 0
2350  mprotect(0x7f65582cd000, 4096, PROT_READ|PROT_WRITE <unfinished ...>
2349  mprotect(0x7f65542bb000, 4096, PROT_READ|PROT_WRITE <unfinished ...>
2348  mprotect(0x7f65602a1000, 4096, PROT_READ|PROT_WRITE <unfinished ...>
2347  <... mprotect resumed>)           = 0
2346  <... mprotect resumed>)           = 0
2345  mprotect(0x7f6568240000, 4096, PROT_READ|PROT_WRITE <unfinished ...>
2351  mprotect(0x7f654c30a000, 4096, PROT_READ|PROT_WRITE <unfinished ...>
2350  <... mprotect resumed>)           = 0
2349  <... mprotect resumed>)           = 0
2351  <... mprotect resumed>)           = 0
2348  <... mprotect resumed>)           = 0
2345  <... mprotect resumed>)           = 0
2344  mprotect(0x7f657023c000, 4096, PROT_READ|PROT_WRITE <unfinished ...>
2351  mprotect(0x7f654c30b000, 4096, PROT_READ|PROT_WRITE <unfinished ...>
2350  mprotect(0x7f65582ce000, 4096, PROT_READ|PROT_WRITE <unfinished ...>
2347  mprotect(0x7f655c27f000, 4096, PROT_READ|PROT_WRITE <unfinished ...>
2346  mprotect(0x7f6564264000, 4096, PROT_READ|PROT_WRITE <unfinished ...>
2351  <... mprotect resumed>)           = 0
2349  mprotect(0x7f65542bc000, 4096, PROT_READ|PROT_WRITE <unfinished ...>
2348  mprotect(0x7f65602a2000, 4096, PROT_READ|PROT_WRITE <unfinished ...>
2347  <... mprotect resumed>)           = 0
2345  mprotect(0x7f6568241000, 4096, PROT_READ|PROT_WRITE <unfinished ...>
2344  <... mprotect resumed>)           = 0
2351  mprotect(0x7f654c30c000, 4096, PROT_READ|PROT_WRITE <unfinished ...>
2350  <... mprotect resumed>)           = 0
2349  <... mprotect resumed>)           = 0
2348  <... mprotect resumed>)           = 0
2347  mprotect(0x7f655c280000, 4096, PROT_READ|PROT_WRITE <unfinished ...>
2346  <... mprotect resumed>)           = 0
2345  <... mprotect resumed>)           = 0
2351  <... mprotect resumed>)           = 0
2344  mprotect(0x7f657023d000, 4096, PROT_READ|PROT_WRITE <unfinished ...>
2350  mprotect(0x7f65582cf000, 4096, PROT_READ|PROT_WRITE <unfinished ...>
2347  <... mprotect resumed>)           = 0
2351  mprotect(0x7f654c30d000, 4096, PROT_READ|PROT_WRITE <unfinished ...>
2350  <... mprotect resumed>)           = 0
2349  mprotect(0x7f65542bd000, 4096, PROT_READ|PROT_WRITE <unfinished ...>
2346  mprotect(0x7f6564265000, 4096, PROT_READ|PROT_WRITE <unfinished ...>
2345  mprotect(0x7f6568242000, 4096, PROT_READ|PROT_WRITE <unfinished ...>
2344  <... mprotect resumed>)           = 0
2348  mprotect(0x7f65602a3000, 4096, PROT_READ|PROT_WRITE <unfinished ...>
2351  <... mprotect resumed>)           = 0
2347  mprotect(0x7f655c281000, 4096, PROT_READ|PROT_WRITE <unfinished ...>
2351  mprotect(0x7f654c30e000, 4096, PROT_READ|PROT_WRITE <unfinished ...>
2350  mprotect(0x7f65582d0000, 4096, PROT_READ|PROT_WRITE <unfinished ...>
2349  <... mprotect resumed>)           = 0
2348  <... mprotect resumed>)           = 0
2347  <... mprotect resumed>)           = 0
2346  <... mprotect resumed>)           = 0
2345  <... mprotect resumed>)           = 0
2344  mprotect(0x7f657023e000, 4096, PROT_READ|PROT_WRITE <unfinished ...>
2351  <... mprotect resumed>)           = 0
2350  <... mprotect resumed>)           = 0
2349  mprotect(0x7f65542be000, 4096, PROT_READ|PROT_WRITE <unfinished ...>
2348  mprotect(0x7f65602a4000, 4096, PROT_READ|PROT_WRITE <unfinished ...>
2346  mprotect(0x7f6564266000, 4096, PROT_READ|PROT_WRITE <unfinished ...>
2345  mprotect(0x7f6568243000, 4096, PROT_READ|PROT_WRITE <unfinished ...>
2344  <... mprotect resumed>)           = 0
2348  <... mprotect resumed>)           = 0
2347  mprotect(0x7f655c282000, 4096, PROT_READ|PROT_WRITE <unfinished ...>
2351  mprotect(0x7f654c30f000, 4096, PROT_READ|PROT_WRITE <unfinished ...>
2350  mprotect(0x7f65582d1000, 4096, PROT_READ|PROT_WRITE <unfinished ...>
2349  <... mprotect resumed>)           = 0
2345  <... mprotect resumed>)           = 0
2351  <... mprotect resumed>)           = 0
2348  mprotect(0x7f65602a5000, 4096, PROT_READ|PROT_WRITE <unfinished ...>
2346  <... mprotect resumed>)           = 0
2349  mprotect(0x7f65542bf000, 4096, PROT_READ|PROT_WRITE <unfinished ...>
2344  mprotect(0x7f657023f000, 4096, PROT_READ|PROT_WRITE <unfinished ...>
2350  <... mprotect resumed>)           = 0
2348  <... mprotect resumed>)           = 0
2347  <... mprotect resumed>)           = 0
2351  mprotect(0x7f654c310000, 4096, PROT_READ|PROT_WRITE <unfinished ...>
2349  <... mprotect resumed>)           = 0
2345  mprotect(0x7f6568244000, 4096, PROT_READ|PROT_WRITE <unfinished ...>
2344  <... mprotect resumed>)           = 0
2351  <... mprotect resumed>)           = 0
2348  mprotect(0x7f65602a6000, 4096, PROT_READ|PROT_WRITE <unfinished ...>
2346  mprotect(0x7f6564267000, 4096, PROT_READ|PROT_WRITE <unfinished ...>
2350  mprotect(0x7f65582d2000, 4096, PROT_READ|PROT_WRITE <unfinished ...>
2345  <... mprotect resumed>)           = 0
2350  <... mprotect resumed>)           = 0
2349  mprotect(0x7f65542c0000, 4096, PROT_READ|PROT_WRITE <unfinished ...>
2351  mprotect(0x7f654c311000, 4096, PROT_READ|PROT_WRITE <unfinished ...>
2347  mprotect(0x7f655c283000, 4096, PROT_READ|PROT_WRITE <unfinished ...>
2346  <... mprotect resumed>)           = 0
2345  mprotect(0x7f6568245000, 4096, PROT_READ|PROT_WRITE <unfinished ...>
2351  <... mprotect resumed>)           = 0
2349  <... mprotect resumed>)           = 0
2348  <... mprotect resumed>)           = 0
2344  mprotect(0x7f6570240000, 4096, PROT_READ|PROT_WRITE <unfinished ...>
2347  <... mprotect resumed>)           = 0
2351  mprotect(0x7f654c312000, 4096, PROT_READ|PROT_WRITE <unfinished ...>
2346  mprotect(0x7f6564268000, 4096, PROT_READ|PROT_WRITE <unfinished ...>
2345  <... mprotect resumed>)           = 0
2344  <... mprotect resumed>)           = 0
2351  <... mprotect resumed>)           = 0
2350  mprotect(0x7f65582d3000, 4096, PROT_READ|PROT_WRITE <unfinished ...>
2349  mprotect(0x7f65542c1000, 4096, PROT_READ|PROT_WRITE <unfinished ...>
2348  mprotect(0x7f65602a7000, 4096, PROT_READ|PROT_WRITE <unfinished ...>
2347  mprotect(0x7f655c284000, 4096, PROT_READ|PROT_WRITE <unfinished ...>
2350  <... mprotect resumed>)           = 0
2349  <... mprotect resumed>)           = 0
2348  <... mprotect resumed>)           = 0
2347  <... mprotect resumed>)           = 0
2346  <... mprotect resumed>)           = 0
2345  mprotect(0x7f6568246000, 4096, PROT_READ|PROT_WRITE <unfinished ...>
2344  mprotect(0x7f6570241000, 4096, PROT_READ|PROT_WRITE <unfinished ...>
2351  mprotect(0x7f654c313000, 4096, PROT_READ|PROT_WRITE <unfinished ...>
2350  mprotect(0x7f65582d4000, 4096, PROT_READ|PROT_WRITE <unfinished ...>
2349  mprotect(0x7f65542c2000, 4096, PROT_READ|PROT_WRITE <unfinished ...>
2346  mprotect(0x7f6564269000, 4096, PROT_READ|PROT_WRITE <unfinished ...>
2345  <... mprotect resumed>)           = 0
2344  <... mprotect resumed>)           = 0
2351  <... mprotect resumed>)           = 0
2350  <... mprotect resumed>)           = 0
2349  <... mprotect resumed>)           = 0
2348  mprotect(0x7f65602a8000, 4096, PROT_READ|PROT_WRITE <unfinished ...>
2347  mprotect(0x7f655c285000, 4096, PROT_READ|PROT_WRITE <unfinished ...>
2346  <... mprotect resumed>)           = 0
2345  mprotect(0x7f6568247000, 4096, PROT_READ|PROT_WRITE <unfinished ...>
2344  mprotect(0x7f6570242000, 4096, PROT_READ|PROT_WRITE <unfinished ...>
2351  mprotect(0x7f654c314000, 4096, PROT_READ|PROT_WRITE <unfinished ...>
2350  mprotect(0x7f65582d5000, 4096, PROT_READ|PROT_WRITE <unfinished ...>
2348  <... mprotect resumed>)           = 0
2345  <... mprotect resumed>)           = 0
2351  <... mprotect resumed>)           = 0
2350  <... mprotect resumed>)           = 0
2349  mprotect(0x7f65542c3000, 4096, PROT_READ|PROT_WRITE <unfinished ...>
2347  <... mprotect resumed>)           = 0
2346  mprotect(0x7f656426a000, 4096, PROT_READ|PROT_WRITE <unfinished ...>
2344  <... mprotect resumed>)           = 0
2348  mprotect(0x7f65602a9000, 4096, PROT_READ|PROT_WRITE) = 0
2345  mprotect(0x7f6568248000, 4096, PROT_READ|PROT_WRITE) = 0
2344  mprotect(0x7f6570243000, 4096, PROT_READ|PROT_WRITE <unfinished ...>
2346  <... mprotect resumed>)           = 0
2351  mprotect(0x7f654c315000, 4096, PROT_READ|PROT_WRITE <unfinished ...>
2348  mprotect(0x7f65602aa000, 4096, PROT_READ|PROT_WRITE <unfinished ...>
2345  mprotect(0x7f6568249000, 4096, PROT_READ|PROT_WRITE <unfinished ...>
2351  <... mprotect resumed>)           = 0
2345  <... mprotect resumed>)           = 0
2344  <... mprotect resumed>)           = 0
2349  <... mprotect resumed>)           = 0
2347  mprotect(0x7f655c286000, 4096, PROT_READ|PROT_WRITE <unfinished ...>
2346  mprotect(0x7f656426b000, 4096, PROT_READ|PROT_WRITE <unfinished ...>
2350  mprotect(0x7f65582d6000, 4096, PROT_READ|PROT_WRITE <unfinished ...>
2351  mprotect(0x7f654c316000, 4096, PROT_READ|PROT_WRITE <unfinished ...>
2348  <... mprotect resumed>)           = 0
2346  <... mprotect resumed>)           = 0
2350  <... mprotect resumed>)           = 0
2347  <... mprotect resumed>)           = 0
2345  mprotect(0x7f656824a000, 4096, PROT_READ|PROT_WRITE <unfinished ...>
2351  <... mprotect resumed>)           = 0
2344  mprotect(0x7f6570244000, 4096, PROT_READ|PROT_WRITE) = 0
2351  mprotect(0x7f654c317000, 4096, PROT_READ|PROT_WRITE <unfinished ...>
2350  mprotect(0x7f65582d7000, 4096, PROT_READ|PROT_WRITE <unfinished ...>
2349  mprotect(0x7f65542c4000, 4096, PROT_READ|PROT_WRITE <unfinished ...>
2348  mprotect(0x7f65602ab000, 4096, PROT_READ|PROT_WRITE <unfinished ...>
2347  mprotect(0x7f655c287000, 4096, PROT_READ|PROT_WRITE <unfinished ...>
2346  mprotect(0x7f656426c000, 4096, PROT_READ|PROT_WRITE <unfinished ...>
2345  <... mprotect resumed>)           = 0
2344  mprotect(0x7f6570245000, 4096, PROT_READ|PROT_WRITE <unfinished ...>
2351  <... mprotect resumed>)           = 0
2350  <... mprotect resumed>)           = 0
2348  <... mprotect resumed>)           = 0
2346  <... mprotect resumed>)           = 0
2345  mprotect(0x7f656824b000, 4096, PROT_READ|PROT_WRITE <unfinished ...>
2347  <... mprotect resumed>)           = 0
2344  <... mprotect resumed>)           = 0
2351  mprotect(0x7f654c318000, 4096, PROT_READ|PROT_WRITE <unfinished ...>
2350  mprotect(0x7f65582d8000, 4096, PROT_READ|PROT_WRITE <unfinished ...>
2349  <... mprotect resumed>)           = 0
2346  mprotect(0x7f656426d000, 4096, PROT_READ|PROT_WRITE <unfinished ...>
2345  <... mprotect resumed>)           = 0
2351  <... mprotect resumed>)           = 0
2348  mprotect(0x7f65602ac000, 4096, PROT_READ|PROT_WRITE <unfinished ...>
2347  mprotect(0x7f655c288000, 4096, PROT_READ|PROT_WRITE <unfinished ...>
2344  mprotect(0x7f6570246000, 4096, PROT_READ|PROT_WRITE <unfinished ...>
2350  <... mprotect resumed>)           = 0
2348  <... mprotect resumed>)           = 0
2347  <... mprotect resumed>)           = 0
2346  <... mprotect resumed>)           = 0
2344  <... mprotect resumed>)           = 0
2349  mprotect(0x7f65542c5000, 4096, PROT_READ|PROT_WRITE <unfinished ...>
2345  mprotect(0x7f656824c000, 4096, PROT_READ|PROT_WRITE <unfinished ...>
2351  mprotect(0x7f654c319000, 4096, PROT_READ|PROT_WRITE <unfinished ...>
2350  mprotect(0x7f65582d9000, 4096, PROT_READ|PROT_WRITE <unfinished ...>
2349  <... mprotect resumed>)           = 0
2348  mprotect(0x7f65602ad000, 4096, PROT_READ|PROT_WRITE <unfinished ...>
2345  <... mprotect resumed>)           = 0
2351  <... mprotect resumed>)           = 0
2347  mprotect(0x7f655c289000, 4096, PROT_READ|PROT_WRITE <unfinished ...>
2346  mprotect(0x7f656426e000, 4096, PROT_READ|PROT_WRITE <unfinished ...>
2344  mprotect(0x7f6570247000, 4096, PROT_READ|PROT_WRITE <unfinished ...>
2350  <... mprotect resumed>)           = 0
2348  <... mprotect resumed>)           = 0
2346  <... mprotect resumed>)           = 0
2345  mprotect(0x7f656824d000, 4096, PROT_READ|PROT_WRITE <unfinished ...>
2349  mprotect(0x7f65542c6000, 4096, PROT_READ|PROT_WRITE <unfinished ...>
2344  <... mprotect resumed>)           = 0
2347  <... mprotect resumed>)           = 0
2351  mprotect(0x7f654c31a000, 4096, PROT_READ|PROT_WRITE <unfinished ...>
2350  mprotect(0x7f65582da000, 4096, PROT_READ|PROT_WRITE <unfinished ...>
2349  <... mprotect resumed>)           = 0
2346  mprotect(0x7f656426f000, 4096, PROT_READ|PROT_WRITE <unfinished ...>
2345  <... mprotect resumed>)           = 0
2344  mprotect(0x7f6570248000, 4096, PROT_READ|PROT_WRITE <unfinished ...>
2351  <... mprotect resumed>)           = 0
2350  <... mprotect resumed>)           = 0
2348  mprotect(0x7f65602ae000, 4096, PROT_READ|PROT_WRITE <unfinished ...>
2347  mprotect(0x7f655c28a000, 4096, PROT_READ|PROT_WRITE <unfinished ...>
2346  <... mprotect resumed>)           = 0
2351  mprotect(0x7f654c31b000, 4096, PROT_READ|PROT_WRITE <unfinished ...>
2350  mprotect(0x7f65582db000, 4096, PROT_READ|PROT_WRITE <unfinished ...>
2349  mprotect(0x7f65542c7000, 4096, PROT_READ|PROT_WRITE <unfinished ...>
2348  <... mprotect resumed>)           = 0
2347  <... mprotect resumed>)           = 0
2346  mprotect(0x7f6564270000, 4096, PROT_READ|PROT_WRITE <unfinished ...>
2345  mprotect(0x7f656824e000, 4096, PROT_READ|PROT_WRITE <unfinished ...>
2344  <... mprotect resumed>)           = 0
2351  <... mprotect resumed>)           = 0
2350  <... mprotect resumed>)           = 0
2349  <... mprotect resumed>)           = 0
2351  mprotect(0x7f654c31c000, 4096, PROT_READ|PROT_WRITE <unfinished ...>
2350  mprotect(0x7f65582dc000, 4096, PROT_READ|PROT_WRITE <unfinished ...>
2349  mprotect(0x7f65542c8000, 4096, PROT_READ|PROT_WRITE <unfinished ...>
2348  mprotect(0x7f65602af000, 4096, PROT_READ|PROT_WRITE <unfinished ...>
2347  mprotect(0x7f655c28b000, 4096, PROT_READ|PROT_WRITE <unfinished ...>
2346  <... mprotect resumed>)           = 0
2345  <... mprotect resumed>)           = 0
2344  mprotect(0x7f6570249000, 4096, PROT_READ|PROT_WRITE <unfinished ...>
2351  <... mprotect resumed>)           = 0
2350  <... mprotect resumed>)           = 0
2348  <... mprotect resumed>)           = 0
2349  <... mprotect resumed>)           = 0
2347  <... mprotect resumed>)           = 0
2346  mprotect(0x7f6564271000, 4096, PROT_READ|PROT_WRITE <unfinished ...>
2344  <... mprotect resumed>)           = 0
2347  mprotect(0x7f655c28c000, 4096, PROT_READ|PROT_WRITE <unfinished ...>
2345  mprotect(0x7f656824f000, 4096, PROT_READ|PROT_WRITE <unfinished ...>
2351  mprotect(0x7f654c31d000, 4096, PROT_READ|PROT_WRITE <unfinished ...>
2347  <... mprotect resumed>)           = 0
2345  <... mprotect resumed>)           = 0
2351  <... mprotect resumed>)           = 0
2346  <... mprotect resumed>)           = 0
2347  mprotect(0x7f655c28d000, 4096, PROT_READ|PROT_WRITE <unfinished ...>
2345  mprotect(0x7f6568250000, 4096, PROT_READ|PROT_WRITE <unfinished ...>
2347  <... mprotect resumed>)           = 0
2346  mprotect(0x7f6564272000, 4096, PROT_READ|PROT_WRITE <unfinished ...>
2345  <... mprotect resumed>)           = 0
2348  mprotect(0x7f65602b0000, 4096, PROT_READ|PROT_WRITE <unfinished ...>
2344  mprotect(0x7f657024a000, 4096, PROT_READ|PROT_WRITE <unfinished ...>
2350  mprotect(0x7f65582dd000, 4096, PROT_READ|PROT_WRITE <unfinished ...>
2347  mprotect(0x7f655c28e000, 4096, PROT_READ|PROT_WRITE <unfinished ...>
2346  <... mprotect resumed>)           = 0
2348  <... mprotect resumed>)           = 0
2345  mprotect(0x7f6568251000, 4096, PROT_READ|PROT_WRITE <unfinished ...>
2344  <... mprotect resumed>)           = 0
2350  <... mprotect resumed>)           = 0
2347  <... mprotect resumed>)           = 0
2345  <... mprotect resumed>)           = 0
2348  mprotect(0x7f65602b1000, 4096, PROT_READ|PROT_WRITE <unfinished ...>
2351  mprotect(0x7f654c31e000, 4096, PROT_READ|PROT_WRITE <unfinished ...>
2348  <... mprotect resumed>)           = 0
2351  <... mprotect resumed>)           = 0
2350  mprotect(0x7f65582de000, 4096, PROT_READ|PROT_WRITE <unfinished ...>
2347  mprotect(0x7f655c28f000, 4096, PROT_READ|PROT_WRITE <unfinished ...>
2346  mprotect(0x7f6564273000, 4096, PROT_READ|PROT_WRITE <unfinished ...>
2345  mprotect(0x7f6568252000, 4096, PROT_READ|PROT_WRITE <unfinished ...>
2350  <... mprotect resumed>)           = 0
2347  <... mprotect resumed>)           = 0
2345  <... mprotect resumed>)           = 0
2349  mprotect(0x7f65542c9000, 4096, PROT_READ|PROT_WRITE <unfinished ...>
2351  mprotect(0x7f654c31f000, 4096, PROT_READ|PROT_WRITE <unfinished ...>
2350  mprotect(0x7f65582df000, 4096, PROT_READ|PROT_WRITE <unfinished ...>
2348  mprotect(0x7f65602b2000, 4096, PROT_READ|PROT_WRITE <unfinished ...>
2347  mprotect(0x7f655c290000, 4096, PROT_READ|PROT_WRITE <unfinished ...>
2346  <... mprotect resumed>)           = 0
2344  mprotect(0x7f657024b000, 4096, PROT_READ|PROT_WRITE <unfinished ...>
2351  <... mprotect resumed>)           = 0
2350  <... mprotect resumed>)           = 0
2349  <... mprotect resumed>)           = 0
2347  <... mprotect resumed>)           = 0
2345  mprotect(0x7f6568253000, 4096, PROT_READ|PROT_WRITE <unfinished ...>
2348  <... mprotect resumed>)           = 0
2344  <... mprotect resumed>)           = 0
2351  mprotect(0x7f654c320000, 4096, PROT_READ|PROT_WRITE <unfinished ...>
2346  mprotect(0x7f6564274000, 4096, PROT_READ|PROT_WRITE <unfinished ...>
2351  <... mprotect resumed>)           = 0
2350  mprotect(0x7f65582e0000, 4096, PROT_READ|PROT_WRITE <unfinished ...>
2346  <... mprotect resumed>)           = 0
2349  mprotect(0x7f65542ca000, 4096, PROT_READ|PROT_WRITE <unfinished ...>
2348  mprotect(0x7f65602b3000, 4096, PROT_READ|PROT_WRITE <unfinished ...>
2344  mprotect(0x7f657024c000, 4096, PROT_READ|PROT_WRITE <unfinished ...>
2350  <... mprotect resumed>)           = 0
2347  mprotect(0x7f655c291000, 4096, PROT_READ|PROT_WRITE <unfinished ...>
2345  <... mprotect resumed>)           = 0
2351  mprotect(0x7f654c321000, 4096, PROT_READ|PROT_WRITE <unfinished ...>
2349  <... mprotect resumed>)           = 0
2348  <... mprotect resumed>)           = 0
2346  mprotect(0x7f6564275000, 4096, PROT_READ|PROT_WRITE <unfinished ...>
2344  <... mprotect resumed>)           = 0
2347  <... mprotect resumed>)           = 0
2351  <... mprotect resumed>)           = 0
2350  mprotect(0x7f65582e1000, 4096, PROT_READ|PROT_WRITE <unfinished ...>
2349  mprotect(0x7f65542cb000, 4096, PROT_READ|PROT_WRITE <unfinished ...>
2348  mprotect(0x7f65602b4000, 4096, PROT_READ|PROT_WRITE <unfinished ...>
2345  mprotect(0x7f6568254000, 4096, PROT_READ|PROT_WRITE <unfinished ...>
2347  mprotect(0x7f655c292000, 4096, PROT_READ|PROT_WRITE <unfinished ...>
2346  <... mprotect resumed>)           = 0
2344  mprotect(0x7f657024d000, 4096, PROT_READ|PROT_WRITE <unfinished ...>
2348  <... mprotect resumed>)           = 0
2347  <... mprotect resumed>)           = 0
2345  <... mprotect resumed>)           = 0
2344  <... mprotect resumed>)           = 0
2351  mprotect(0x7f654c322000, 4096, PROT_READ|PROT_WRITE <unfinished ...>
2350  <... mprotect resumed>)           = 0
2349  <... mprotect resumed>)           = 0
2348  mprotect(0x7f65602b5000, 4096, PROT_READ|PROT_WRITE <unfinished ...>
2347  mprotect(0x7f655c293000, 4096, PROT_READ|PROT_WRITE <unfinished ...>
2346  mprotect(0x7f6564276000, 4096, PROT_READ|PROT_WRITE <unfinished ...>
2345  mprotect(0x7f6568255000, 4096, PROT_READ|PROT_WRITE <unfinished ...>
2344  mprotect(0x7f657024e000, 4096, PROT_READ|PROT_WRITE <unfinished ...>
2351  <... mprotect resumed>)           = 0
2350  mprotect(0x7f65582e2000, 4096, PROT_READ|PROT_WRITE <unfinished ...>
2348  <... mprotect resumed>)           = 0
2347  <... mprotect resumed>)           = 0
2346  <... mprotect resumed>)           = 0
2349  mprotect(0x7f65542cc000, 4096, PROT_READ|PROT_WRITE <unfinished ...>
2345  <... mprotect resumed>)           = 0
2350  <... mprotect resumed>)           = 0
2351  mprotect(0x7f654c323000, 4096, PROT_READ|PROT_WRITE <unfinished ...>
2350  mprotect(0x7f65582e3000, 4096, PROT_READ|PROT_WRITE <unfinished ...>
2348  mprotect(0x7f65602b6000, 4096, PROT_READ|PROT_WRITE <unfinished ...>
2347  mprotect(0x7f655c294000, 4096, PROT_READ|PROT_WRITE <unfinished ...>
2346  mprotect(0x7f6564277000, 4096, PROT_READ|PROT_WRITE <unfinished ...>
2344  <... mprotect resumed>)           = 0
2349  <... mprotect resumed>)           = 0
2345  mprotect(0x7f6568256000, 4096, PROT_READ|PROT_WRITE <unfinished ...>
2351  <... mprotect resumed>)           = 0
2348  <... mprotect resumed>)           = 0
2345  <... mprotect resumed>)           = 0
2350  <... mprotect resumed>)           = 0
2349  mprotect(0x7f65542cd000, 4096, PROT_READ|PROT_WRITE <unfinished ...>
2346  <... mprotect resumed>)           = 0
2347  <... mprotect resumed>)           = 0
2348  mprotect(0x7f65602b7000, 4096, PROT_READ|PROT_WRITE) = 0
2350  mprotect(0x7f65582e4000, 4096, PROT_READ|PROT_WRITE <unfinished ...>
2349  <... mprotect resumed>)           = 0
2348  mprotect(0x7f65602b8000, 4096, PROT_READ|PROT_WRITE <unfinished ...>
2351  mprotect(0x7f654c324000, 4096, PROT_READ|PROT_WRITE <unfinished ...>
2347  mprotect(0x7f655c295000, 4096, PROT_READ|PROT_WRITE <unfinished ...>
2346  mprotect(0x7f6564278000, 4096, PROT_READ|PROT_WRITE <unfinished ...>
2345  mprotect(0x7f6568257000, 4096, PROT_READ|PROT_WRITE <unfinished ...>
2344  mprotect(0x7f657024f000, 4096, PROT_READ|PROT_WRITE <unfinished ...>
2349  mprotect(0x7f65542ce000, 4096, PROT_READ|PROT_WRITE <unfinished ...>
2348  <... mprotect resumed>)           = 0
2349  <... mprotect resumed>)           = 0
2351  <... mprotect resumed>)           = 0
2350  <... mprotect resumed>)           = 0
2349  mprotect(0x7f65542cf000, 4096, PROT_READ|PROT_WRITE <unfinished ...>
2347  <... mprotect resumed>)           = 0
2346  <... mprotect resumed>)           = 0
2345  <... mprotect resumed>)           = 0
2349  <... mprotect resumed>)           = 0
2348  mprotect(0x7f65602b9000, 4096, PROT_READ|PROT_WRITE <unfinished ...>
2344  <... mprotect resumed>)           = 0
2351  mprotect(0x7f654c325000, 4096, PROT_READ|PROT_WRITE) = 0
2350  mprotect(0x7f65582e5000, 4096, PROT_READ|PROT_WRITE <unfinished ...>
2349  mprotect(0x7f65542d0000, 4096, PROT_READ|PROT_WRITE <unfinished ...>
2348  <... mprotect resumed>)           = 0
2347  mprotect(0x7f655c296000, 4096, PROT_READ|PROT_WRITE <unfinished ...>
2346  mprotect(0x7f6564279000, 4096, PROT_READ|PROT_WRITE <unfinished ...>
2350  <... mprotect resumed>)           = 0
2345  mprotect(0x7f6568258000, 4096, PROT_READ|PROT_WRITE <unfinished ...>
2344  mprotect(0x7f6570250000, 4096, PROT_READ|PROT_WRITE <unfinished ...>
2351  mprotect(0x7f654c326000, 4096, PROT_READ|PROT_WRITE <unfinished ...>
2349  <... mprotect resumed>)           = 0
2347  <... mprotect resumed>)           = 0
2346  <... mprotect resumed>)           = 0
2348  mprotect(0x7f65602ba000, 4096, PROT_READ|PROT_WRITE <unfinished ...>
2345  <... mprotect resumed>)           = 0
2351  <... mprotect resumed>)           = 0
2349  mprotect(0x7f65542d1000, 4096, PROT_READ|PROT_WRITE <unfinished ...>
2346  mprotect(0x7f656427a000, 4096, PROT_READ|PROT_WRITE <unfinished ...>
2344  <... mprotect resumed>)           = 0
2350  mprotect(0x7f65582e6000, 4096, PROT_READ|PROT_WRITE <unfinished ...>
2348  <... mprotect resumed>)           = 0
2347  mprotect(0x7f655c297000, 4096, PROT_READ|PROT_WRITE <unfinished ...>
2345  mprotect(0x7f6568259000, 4096, PROT_READ|PROT_WRITE <unfinished ...>
2350  <... mprotect resumed>)           = 0
2349  <... mprotect resumed>)           = 0
2346  <... mprotect resumed>)           = 0
2345  <... mprotect resumed>)           = 0
2351  mprotect(0x7f654c327000, 4096, PROT_READ|PROT_WRITE <unfinished ...>
2344  mprotect(0x7f6570251000, 4096, PROT_READ|PROT_WRITE <unfinished ...>
2351  <... mprotect resumed>)           = 0
2350  mprotect(0x7f65582e7000, 4096, PROT_READ|PROT_WRITE <unfinished ...>
2348  mprotect(0x7f65602bb000, 4096, PROT_READ|PROT_WRITE <unfinished ...>
2347  <... mprotect resumed>)           = 0
2346  mprotect(0x7f656427b000, 4096, PROT_READ|PROT_WRITE <unfinished ...>
2345  mprotect(0x7f656825a000, 4096, PROT_READ|PROT_WRITE <unfinished ...>
2344  <... mprotect resumed>)           = 0
2351  mprotect(0x7f654c328000, 4096, PROT_READ|PROT_WRITE <unfinished ...>
2350  <... mprotect resumed>)           = 0
2349  mprotect(0x7f65542d2000, 4096, PROT_READ|PROT_WRITE <unfinished ...>
2348  <... mprotect resumed>)           = 0
2347  mprotect(0x7f655c298000, 4096, PROT_READ|PROT_WRITE <unfinished ...>
2346  <... mprotect resumed>)           = 0
2345  <... mprotect resumed>)           = 0
2351  <... mprotect resumed>)           = 0
2350  mprotect(0x7f65582e8000, 4096, PROT_READ|PROT_WRITE <unfinished ...>
2349  <... mprotect resumed>)           = 0
2348  mprotect(0x7f65602bc000, 4096, PROT_READ|PROT_WRITE <unfinished ...>
2347  <... mprotect resumed>)           = 0
2344  mprotect(0x7f6570252000, 4096, PROT_READ|PROT_WRITE <unfinished ...>
2351  mprotect(0x7f654c329000, 4096, PROT_READ|PROT_WRITE <unfinished ...>
2350  <... mprotect resumed>)           = 0
2349  mprotect(0x7f65542d3000, 4096, PROT_READ|PROT_WRITE <unfinished ...>
2348  <... mprotect resumed>)           = 0
2346  mprotect(0x7f656427c000, 4096, PROT_READ|PROT_WRITE <unfinished ...>
2345  mprotect(0x7f656825b000, 4096, PROT_READ|PROT_WRITE <unfinished ...>
2344  <... mprotect resumed>)           = 0
2351  <... mprotect resumed>)           = 0
2351  mprotect(0x7f654c32a000, 4096, PROT_READ|PROT_WRITE <unfinished ...>
2350  mprotect(0x7f65582e9000, 4096, PROT_READ|PROT_WRITE <unfinished ...>
2349  <... mprotect resumed>)           = 0
2348  mprotect(0x7f65602bd000, 4096, PROT_READ|PROT_WRITE <unfinished ...>
2347  mprotect(0x7f655c299000, 4096, PROT_READ|PROT_WRITE <unfinished ...>
2346  <... mprotect resumed>)           = 0
2350  <... mprotect resumed>)           = 0
2345  <... mprotect resumed>)           = 0
2344  mprotect(0x7f6570253000, 4096, PROT_READ|PROT_WRITE <unfinished ...>
2351  <... mprotect resumed>)           = 0
2350  mprotect(0x7f65582ea000, 4096, PROT_READ|PROT_WRITE <unfinished ...>
2349  mprotect(0x7f65542d4000, 4096, PROT_READ|PROT_WRITE <unfinished ...>
2348  <... mprotect resumed>)           = 0
2347  <... mprotect resumed>)           = 0
2346  mprotect(0x7f656427d000, 4096, PROT_READ|PROT_WRITE <unfinished ...>
2345  mprotect(0x7f656825c000, 4096, PROT_READ|PROT_WRITE <unfinished ...>
2344  <... mprotect resumed>)           = 0
2351  mprotect(0x7f654c32b000, 4096, PROT_READ|PROT_WRITE <unfinished ...>
2350  <... mprotect resumed>)           = 0
2349  <... mprotect resumed>)           = 0
2347  mprotect(0x7f655c29a000, 4096, PROT_READ|PROT_WRITE <unfinished ...>
2351  <... mprotect resumed>)           = 0
2348  mprotect(0x7f65602be000, 4096, PROT_READ|PROT_WRITE <unfinished ...>
2346  <... mprotect resumed>)           = 0
2345  <... mprotect resumed>)           = 0
2344  mprotect(0x7f6570254000, 4096, PROT_READ|PROT_WRITE <unfinished ...>
2350  mprotect(0x7f65582eb000, 4096, PROT_READ|PROT_WRITE <unfinished ...>
2349  mprotect(0x7f65542d5000, 4096, PROT_READ|PROT_WRITE <unfinished ...>
2348  <... mprotect resumed>)           = 0
2347  <... mprotect resumed>)           = 0
2351  mprotect(0x7f654c32c000, 4096, PROT_READ|PROT_WRITE <unfinished ...>
2344  <... mprotect resumed>)           = 0
2346  mprotect(0x7f656427e000, 4096, PROT_READ|PROT_WRITE <unfinished ...>
2351  <... mprotect resumed>)           = 0
2349  <... mprotect resumed>)           = 0
2345  mprotect(0x7f656825d000, 4096, PROT_READ|PROT_WRITE <unfinished ...>
2350  <... mprotect resumed>)           = 0
2348  mprotect(0x7f65602bf000, 4096, PROT_READ|PROT_WRITE <unfinished ...>
2346  <... mprotect resumed>)           = 0
2344  mprotect(0x7f6570255000, 4096, PROT_READ|PROT_WRITE <unfinished ...>
2351  mprotect(0x7f654c32d000, 4096, PROT_READ|PROT_WRITE <unfinished ...>
2350  mprotect(0x7f65582ec000, 4096, PROT_READ|PROT_WRITE <unfinished ...>
2349  mprotect(0x7f65542d6000, 4096, PROT_READ|PROT_WRITE <unfinished ...>
2348  <... mprotect resumed>)           = 0
2347  mprotect(0x7f655c29b000, 4096, PROT_READ|PROT_WRITE <unfinished ...>
2345  <... mprotect resumed>)           = 0
2351  <... mprotect resumed>)           = 0
2350  <... mprotect resumed>)           = 0
2349  <... mprotect resumed>)           = 0
2348  mprotect(0x7f65602c0000, 4096, PROT_READ|PROT_WRITE <unfinished ...>
2347  <... mprotect resumed>)           = 0
2346  mprotect(0x7f656427f000, 4096, PROT_READ|PROT_WRITE <unfinished ...>
2344  <... mprotect resumed>)           = 0
2351  mprotect(0x7f654c32e000, 4096, PROT_READ|PROT_WRITE <unfinished ...>
2348  <... mprotect resumed>)           = 0
2345  mprotect(0x7f656825e000, 4096, PROT_READ|PROT_WRITE <unfinished ...>
2350  mprotect(0x7f65582ed000, 4096, PROT_READ|PROT_WRITE <unfinished ...>
2347  mprotect(0x7f655c29c000, 4096, PROT_READ|PROT_WRITE <unfinished ...>
2346  <... mprotect resumed>)           = 0
2351  <... mprotect resumed>)           = 0
2345  <... mprotect resumed>)           = 0
2349  mprotect(0x7f65542d7000, 4096, PROT_READ|PROT_WRITE <unfinished ...>
2347  <... mprotect resumed>)           = 0
2344  mprotect(0x7f6570256000, 4096, PROT_READ|PROT_WRITE <unfinished ...>
2350  <... mprotect resumed>)           = 0
2349  <... mprotect resumed>)           = 0
2347  mprotect(0x7f655c29d000, 4096, PROT_READ|PROT_WRITE <unfinished ...>
2346  mprotect(0x7f6564280000, 4096, PROT_READ|PROT_WRITE <unfinished ...>
2344  <... mprotect resumed>)           = 0
2348  mprotect(0x7f65602c1000, 4096, PROT_READ|PROT_WRITE <unfinished ...>
2351  mprotect(0x7f654c32f000, 4096, PROT_READ|PROT_WRITE <unfinished ...>
2350  mprotect(0x7f65582ee000, 4096, PROT_READ|PROT_WRITE <unfinished ...>
2349  mprotect(0x7f65542d8000, 4096, PROT_READ|PROT_WRITE <unfinished ...>
2347  <... mprotect resumed>)           = 0
2346  <... mprotect resumed>)           = 0
2344  mprotect(0x7f6570257000, 4096, PROT_READ|PROT_WRITE <unfinished ...>
2351  <... mprotect resumed>)           = 0
2350  <... mprotect resumed>)           = 0
2348  <... mprotect resumed>)           = 0
2345  mprotect(0x7f656825f000, 4096, PROT_READ|PROT_WRITE <unfinished ...>
2349  <... mprotect resumed>)           = 0
2346  mprotect(0x7f6564281000, 4096, PROT_READ|PROT_WRITE <unfinished ...>
2344  <... mprotect resumed>)           = 0
2350  mprotect(0x7f65582ef000, 4096, PROT_READ|PROT_WRITE <unfinished ...>
2347  mprotect(0x7f655c29e000, 4096, PROT_READ|PROT_WRITE <unfinished ...>
2348  mprotect(0x7f65602c2000, 4096, PROT_READ|PROT_WRITE <unfinished ...>
2346  <... mprotect resumed>)           = 0
2350  <... mprotect resumed>)           = 0
2345  <... mprotect resumed>)           = 0
2344  mprotect(0x7f6570258000, 4096, PROT_READ|PROT_WRITE <unfinished ...>
2351  mprotect(0x7f654c330000, 4096, PROT_READ|PROT_WRITE <unfinished ...>
2349  mprotect(0x7f65542d9000, 4096, PROT_READ|PROT_WRITE <unfinished ...>
2348  <... mprotect resumed>)           = 0
2347  <... mprotect resumed>)           = 0
2349  <... mprotect resumed>)           = 0
2351  <... mprotect resumed>)           = 0
2350  mprotect(0x7f65582f0000, 4096, PROT_READ|PROT_WRITE <unfinished ...>
2349  mprotect(0x7f65542da000, 4096, PROT_READ|PROT_WRITE <unfinished ...>
2348  mprotect(0x7f65602c3000, 4096, PROT_READ|PROT_WRITE <unfinished ...>
2347  mprotect(0x7f655c29f000, 4096, PROT_READ|PROT_WRITE <unfinished ...>
2346  mprotect(0x7f6564282000, 4096, PROT_READ|PROT_WRITE <unfinished ...>
2345  mprotect(0x7f6568260000, 4096, PROT_READ|PROT_WRITE <unfinished ...>
2344  <... mprotect resumed>)           = 0
2351  mprotect(0x7f654c331000, 4096, PROT_READ|PROT_WRITE <unfinished ...>
2350  <... mprotect resumed>)           = 0
2349  <... mprotect resumed>)           = 0
2348  <... mprotect resumed>)           = 0
2347  <... mprotect resumed>)           = 0
2351  <... mprotect resumed>)           = 0
2346  <... mprotect resumed>)           = 0
2345  <... mprotect resumed>)           = 0
2350  mprotect(0x7f65582f1000, 4096, PROT_READ|PROT_WRITE <unfinished ...>
2348  mprotect(0x7f65602c4000, 4096, PROT_READ|PROT_WRITE <unfinished ...>
2346  mprotect(0x7f6564283000, 4096, PROT_READ|PROT_WRITE <unfinished ...>
2344  mprotect(0x7f6570259000, 4096, PROT_READ|PROT_WRITE <unfinished ...>
2350  <... mprotect resumed>)           = 0
2347  mprotect(0x7f655c2a0000, 4096, PROT_READ|PROT_WRITE <unfinished ...>
2345  mprotect(0x7f6568261000, 4096, PROT_READ|PROT_WRITE <unfinished ...>
2349  mprotect(0x7f65542db000, 4096, PROT_READ|PROT_WRITE <unfinished ...>
2348  <... mprotect resumed>)           = 0
2346  <... mprotect resumed>)           = 0
2344  <... mprotect resumed>)           = 0
2351  mprotect(0x7f654c332000, 4096, PROT_READ|PROT_WRITE <unfinished ...>
2345  <... mprotect resumed>)           = 0
2351  <... mprotect resumed>)           = 0
2350  mprotect(0x7f65582f2000, 4096, PROT_READ|PROT_WRITE <unfinished ...>
2349  <... mprotect resumed>)           = 0
2348  mprotect(0x7f65602c5000, 4096, PROT_READ|PROT_WRITE <unfinished ...>
2347  <... mprotect resumed>)           = 0
2346  mprotect(0x7f6564284000, 4096, PROT_READ|PROT_WRITE <unfinished ...>
2344  mprotect(0x7f657025a000, 4096, PROT_READ|PROT_WRITE <unfinished ...>
2351  mprotect(0x7f654c333000, 4096, PROT_READ|PROT_WRITE <unfinished ...>
2348  <... mprotect resumed>)           = 0
2345  mprotect(0x7f6568262000, 4096, PROT_READ|PROT_WRITE <unfinished ...>
2346  <... mprotect resumed>)           = 0
2351  <... mprotect resumed>)           = 0
2347  mprotect(0x7f655c2a1000, 4096, PROT_READ|PROT_WRITE) = 0
2347  mprotect(0x7f655c2a2000, 4096, PROT_READ|PROT_WRITE <unfinished ...>
2351  mprotect(0x7f654c334000, 4096, PROT_READ|PROT_WRITE <unfinished ...>
2350  <... mprotect resumed>)           = 0
2349  mprotect(0x7f65542dc000, 4096, PROT_READ|PROT_WRITE <unfinished ...>
2348  mprotect(0x7f65602c6000, 4096, PROT_READ|PROT_WRITE <unfinished ...>
2345  <... mprotect resumed>)           = 0
2344  <... mprotect resumed>)           = 0
2347  <... mprotect resumed>)           = 0
2346  mprotect(0x7f6564285000, 4096, PROT_READ|PROT_WRITE <unfinished ...>
2351  <... mprotect resumed>)           = 0
2349  <... mprotect resumed>)           = 0
2348  <... mprotect resumed>)           = 0
2350  mprotect(0x7f65582f3000, 4096, PROT_READ|PROT_WRITE <unfinished ...>
2347  mprotect(0x7f655c2a3000, 4096, PROT_READ|PROT_WRITE <unfinished ...>
2348  mprotect(0x7f65602c7000, 4096, PROT_READ|PROT_WRITE <unfinished ...>
2347  <... mprotect resumed>)           = 0
2345  mprotect(0x7f6568263000, 4096, PROT_READ|PROT_WRITE <unfinished ...>
2344  mprotect(0x7f657025b000, 4096, PROT_READ|PROT_WRITE <unfinished ...>
2351  mprotect(0x7f654c335000, 4096, PROT_READ|PROT_WRITE <unfinished ...>
2350  <... mprotect resumed>)           = 0
2348  <... mprotect resumed>)           = 0
2346  <... mprotect resumed>)           = 0
2349  mprotect(0x7f65542dd000, 4096, PROT_READ|PROT_WRITE <unfinished ...>
2345  <... mprotect resumed>)           = 0
2344  <... mprotect resumed>)           = 0
2346  mprotect(0x7f6564286000, 4096, PROT_READ|PROT_WRITE <unfinished ...>
2351  <... mprotect resumed>)           = 0
2349  <... mprotect resumed>)           = 0
2348  mprotect(0x7f65602c8000, 4096, PROT_READ|PROT_WRITE <unfinished ...>
2347  mprotect(0x7f655c2a4000, 4096, PROT_READ|PROT_WRITE <unfinished ...>
2346  <... mprotect resumed>)           = 0
2350  mprotect(0x7f65582f4000, 4096, PROT_READ|PROT_WRITE <unfinished ...>
2345  mprotect(0x7f6568264000, 4096, PROT_READ|PROT_WRITE <unfinished ...>
2344  mprotect(0x7f657025c000, 4096, PROT_READ|PROT_WRITE <unfinished ...>
2350  <... mprotect resumed>)           = 0
2348  <... mprotect resumed>)           = 0
2347  <... mprotect resumed>)           = 0
2351  mprotect(0x7f654c336000, 4096, PROT_READ|PROT_WRITE <unfinished ...>
2345  <... mprotect resumed>)           = 0
2349  mprotect(0x7f65542de000, 4096, PROT_READ|PROT_WRITE <unfinished ...>
2351  <... mprotect resumed>)           = 0
2344  <... mprotect resumed>)           = 0
2349  <... mprotect resumed>)           = 0
2348  mprotect(0x7f65602c9000, 4096, PROT_READ|PROT_WRITE <unfinished ...>
2347  mprotect(0x7f655c2a5000, 4096, PROT_READ|PROT_WRITE <unfinished ...>
2350  mprotect(0x7f65582f5000, 4096, PROT_READ|PROT_WRITE <unfinished ...>
2348  <... mprotect resumed>)           = 0
2350  <... mprotect resumed>)           = 0
2347  <... mprotect resumed>)           = 0
2349  mprotect(0x7f65542df000, 4096, PROT_READ|PROT_WRITE <unfinished ...>
2351  mprotect(0x7f654c337000, 4096, PROT_READ|PROT_WRITE <unfinished ...>
2349  <... mprotect resumed>)           = 0
2348  mprotect(0x7f65602ca000, 4096, PROT_READ|PROT_WRITE <unfinished ...>
2351  <... mprotect resumed>)           = 0
2350  mprotect(0x7f65582f6000, 4096, PROT_READ|PROT_WRITE <unfinished ...>
2347  mprotect(0x7f655c2a6000, 4096, PROT_READ|PROT_WRITE <unfinished ...>
2346  mprotect(0x7f6564287000, 4096, PROT_READ|PROT_WRITE <unfinished ...>
2345  mprotect(0x7f6568265000, 4096, PROT_READ|PROT_WRITE <unfinished ...>
2351  mprotect(0x7f654c338000, 4096, PROT_READ|PROT_WRITE <unfinished ...>
2350  <... mprotect resumed>)           = 0
2349  mprotect(0x7f65542e0000, 4096, PROT_READ|PROT_WRITE <unfinished ...>
2348  <... mprotect resumed>)           = 0
2347  <... mprotect resumed>)           = 0
2346  <... mprotect resumed>)           = 0
2344  mprotect(0x7f657025d000, 4096, PROT_READ|PROT_WRITE <unfinished ...>
2351  <... mprotect resumed>)           = 0
2350  mprotect(0x7f65582f7000, 4096, PROT_READ|PROT_WRITE <unfinished ...>
2349  <... mprotect resumed>)           = 0
2347  mprotect(0x7f655c2a7000, 4096, PROT_READ|PROT_WRITE <unfinished ...>
2345  <... mprotect resumed>)           = 0
2348  mprotect(0x7f65602cb000, 4096, PROT_READ|PROT_WRITE <unfinished ...>
2346  mprotect(0x7f6564288000, 4096, PROT_READ|PROT_WRITE <unfinished ...>
2344  <... mprotect resumed>)           = 0
2351  mprotect(0x7f654c339000, 4096, PROT_READ|PROT_WRITE <unfinished ...>
2349  mprotect(0x7f65542e1000, 4096, PROT_READ|PROT_WRITE <unfinished ...>
2347  <... mprotect resumed>)           = 0
2350  <... mprotect resumed>)           = 0
2348  <... mprotect resumed>)           = 0
2346  <... mprotect resumed>)           = 0
2345  mprotect(0x7f6568266000, 4096, PROT_READ|PROT_WRITE) = 0
2351  <... mprotect resumed>)           = 0
2347  mprotect(0x7f655c2a8000, 4096, PROT_READ|PROT_WRITE <unfinished ...>
2349  <... mprotect resumed>)           = 0
2346  mprotect(0x7f6564289000, 4096, PROT_READ|PROT_WRITE <unfinished ...>
2347  <... mprotect resumed>)           = 0
2345  mprotect(0x7f6568267000, 4096, PROT_READ|PROT_WRITE <unfinished ...>
2344  mprotect(0x7f657025e000, 4096, PROT_READ|PROT_WRITE <unfinished ...>
2346  <... mprotect resumed>)           = 0
2348  mprotect(0x7f65602cc000, 4096, PROT_READ|PROT_WRITE <unfinished ...>
2350  mprotect(0x7f65582f8000, 4096, PROT_READ|PROT_WRITE <unfinished ...>
2345  <... mprotect resumed>)           = 0
2344  <... mprotect resumed>)           = 0
2347  mprotect(0x7f655c2a9000, 4096, PROT_READ|PROT_WRITE <unfinished ...>
2346  mprotect(0x7f656428a000, 4096, PROT_READ|PROT_WRITE <unfinished ...>
2348  <... mprotect resumed>)           = 0
2350  <... mprotect resumed>)           = 0
2349  mprotect(0x7f65542e2000, 4096, PROT_READ|PROT_WRITE <unfinished ...>
2347  <... mprotect resumed>)           = 0
2346  <... mprotect resumed>)           = 0
2345  mprotect(0x7f6568268000, 4096, PROT_READ|PROT_WRITE <unfinished ...>
2351  mprotect(0x7f654c33a000, 4096, PROT_READ|PROT_WRITE <unfinished ...>
2349  <... mprotect resumed>)           = 0
2348  mprotect(0x7f65602cd000, 4096, PROT_READ|PROT_WRITE <unfinished ...>
2344  mprotect(0x7f657025f000, 4096, PROT_READ|PROT_WRITE <unfinished ...>
2350  mprotect(0x7f65582f9000, 4096, PROT_READ|PROT_WRITE <unfinished ...>
2345  <... mprotect resumed>)           = 0
2351  <... mprotect resumed>)           = 0
2348  <... mprotect resumed>)           = 0
2347  mprotect(0x7f655c2aa000, 4096, PROT_READ|PROT_WRITE <unfinished ...>
2346  mprotect(0x7f656428b000, 4096, PROT_READ|PROT_WRITE <unfinished ...>
2344  <... mprotect resumed>)           = 0
2350  <... mprotect resumed>)           = 0
2349  mprotect(0x7f65542e3000, 4096, PROT_READ|PROT_WRITE <unfinished ...>
2347  <... mprotect resumed>)           = 0
2345  mprotect(0x7f6568269000, 4096, PROT_READ|PROT_WRITE <unfinished ...>
2351  mprotect(0x7f654c33b000, 4096, PROT_READ|PROT_WRITE <unfinished ...>
2349  <... mprotect resumed>)           = 0
2348  mprotect(0x7f65602ce000, 4096, PROT_READ|PROT_WRITE <unfinished ...>
2346  <... mprotect resumed>)           = 0
2344  mprotect(0x7f6570260000, 4096, PROT_READ|PROT_WRITE <unfinished ...>
2348  <... mprotect resumed>)           = 0
2347  mprotect(0x7f655c2ab000, 4096, PROT_READ|PROT_WRITE <unfinished ...>
2345  <... mprotect resumed>)           = 0
2351  <... mprotect resumed>)           = 0
2350  mprotect(0x7f65582fa000, 4096, PROT_READ|PROT_WRITE <unfinished ...>
2349  mprotect(0x7f65542e4000, 4096, PROT_READ|PROT_WRITE <unfinished ...>
2346  mprotect(0x7f656428c000, 4096, PROT_READ|PROT_WRITE <unfinished ...>
2347  <... mprotect resumed>)           = 0
2344  <... mprotect resumed>)           = 0
2350  <... mprotect resumed>)           = 0
2349  <... mprotect resumed>)           = 0
2348  mprotect(0x7f65602cf000, 4096, PROT_READ|PROT_WRITE <unfinished ...>
2345  mprotect(0x7f656826a000, 4096, PROT_READ|PROT_WRITE <unfinished ...>
2347  mprotect(0x7f655c2ac000, 4096, PROT_READ|PROT_WRITE <unfinished ...>
2346  <... mprotect resumed>)           = 0
2351  mprotect(0x7f654c33c000, 4096, PROT_READ|PROT_WRITE <unfinished ...>
2347  <... mprotect resumed>)           = 0
2351  <... mprotect resumed>)           = 0
2348  <... mprotect resumed>)           = 0
2351  mprotect(0x7f654c33d000, 4096, PROT_READ|PROT_WRITE <unfinished ...>
2346  mprotect(0x7f656428d000, 4096, PROT_READ|PROT_WRITE <unfinished ...>
2344  mprotect(0x7f6570261000, 4096, PROT_READ|PROT_WRITE <unfinished ...>
2351  <... mprotect resumed>)           = 0
2350  mprotect(0x7f65582fb000, 4096, PROT_READ|PROT_WRITE <unfinished ...>
2349  mprotect(0x7f65542e5000, 4096, PROT_READ|PROT_WRITE <unfinished ...>
2348  mprotect(0x7f65602d0000, 4096, PROT_READ|PROT_WRITE <unfinished ...>
2347  mprotect(0x7f655c2ad000, 4096, PROT_READ|PROT_WRITE <unfinished ...>
2346  <... mprotect resumed>)           = 0
2345  <... mprotect resumed>)           = 0
2344  <... mprotect resumed>)           = 0
2351  mprotect(0x7f654c33e000, 4096, PROT_READ|PROT_WRITE <unfinished ...>
2350  <... mprotect resumed>)           = 0
2349  <... mprotect resumed>)           = 0
2348  <... mprotect resumed>)           = 0
2347  <... mprotect resumed>)           = 0
2346  mprotect(0x7f656428e000, 4096, PROT_READ|PROT_WRITE <unfinished ...>
2345  mprotect(0x7f656826b000, 4096, PROT_READ|PROT_WRITE <unfinished ...>
2351  <... mprotect resumed>)           = 0
2346  <... mprotect resumed>)           = 0
2344  mprotect(0x7f6570262000, 4096, PROT_READ|PROT_WRITE <unfinished ...>
2351  mprotect(0x7f654c33f000, 4096, PROT_READ|PROT_WRITE <unfinished ...>
2350  mprotect(0x7f65582fc000, 4096, PROT_READ|PROT_WRITE <unfinished ...>
2349  mprotect(0x7f65542e6000, 4096, PROT_READ|PROT_WRITE <unfinished ...>
2348  mprotect(0x7f65602d1000, 4096, PROT_READ|PROT_WRITE <unfinished ...>
2347  mprotect(0x7f655c2ae000, 4096, PROT_READ|PROT_WRITE <unfinished ...>
2346  mprotect(0x7f656428f000, 4096, PROT_READ|PROT_WRITE <unfinished ...>
2345  <... mprotect resumed>)           = 0
2344  <... mprotect resumed>)           = 0
2351  <... mprotect resumed>)           = 0
2349  <... mprotect resumed>)           = 0
2347  <... mprotect resumed>)           = 0
2344  mprotect(0x7f6570263000, 4096, PROT_READ|PROT_WRITE <unfinished ...>
2346  <... mprotect resumed>)           = 0
2345  mprotect(0x7f656826c000, 4096, PROT_READ|PROT_WRITE <unfinished ...>
2344  <... mprotect resumed>)           = 0
2351  mprotect(0x7f654c340000, 4096, PROT_READ|PROT_WRITE <unfinished ...>
2350  <... mprotect resumed>)           = 0
2348  <... mprotect resumed>)           = 0
2346  mprotect(0x7f6564290000, 4096, PROT_READ|PROT_WRITE <unfinished ...>
2345  <... mprotect resumed>)           = 0
2351  <... mprotect resumed>)           = 0
2349  mprotect(0x7f65542e7000, 4096, PROT_READ|PROT_WRITE <unfinished ...>
2348  mprotect(0x7f65602d2000, 4096, PROT_READ|PROT_WRITE <unfinished ...>
2347  mprotect(0x7f655c2af000, 4096, PROT_READ|PROT_WRITE <unfinished ...>
2344  mprotect(0x7f6570264000, 4096, PROT_READ|PROT_WRITE <unfinished ...>
2350  mprotect(0x7f65582fd000, 4096, PROT_READ|PROT_WRITE <unfinished ...>
2349  <... mprotect resumed>)           = 0
2348  <... mprotect resumed>)           = 0
2346  <... mprotect resumed>)           = 0
2345  mprotect(0x7f656826d000, 4096, PROT_READ|PROT_WRITE <unfinished ...>
2344  <... mprotect resumed>)           = 0
2351  mprotect(0x7f654c341000, 4096, PROT_READ|PROT_WRITE <unfinished ...>
2350  <... mprotect resumed>)           = 0
2349  mprotect(0x7f65542e8000, 4096, PROT_READ|PROT_WRITE <unfinished ...>
2347  <... mprotect resumed>)           = 0
2351  <... mprotect resumed>)           = 0
2349  <... mprotect resumed>)           = 0
2345  <... mprotect resumed>)           = 0
2351  mprotect(0x7f654c342000, 4096, PROT_READ|PROT_WRITE <unfinished ...>
2350  mprotect(0x7f65582fe000, 4096, PROT_READ|PROT_WRITE <unfinished ...>
2349  mprotect(0x7f65542e9000, 4096, PROT_READ|PROT_WRITE <unfinished ...>
2348  mprotect(0x7f65602d3000, 4096, PROT_READ|PROT_WRITE <unfinished ...>
2346  mprotect(0x7f6564291000, 4096, PROT_READ|PROT_WRITE <unfinished ...>
2351  <... mprotect resumed>)           = 0
2350  <... mprotect resumed>)           = 0
2349  <... mprotect resumed>)           = 0
2347  mprotect(0x7f655c2b0000, 4096, PROT_READ|PROT_WRITE <unfinished ...>
2345  mprotect(0x7f656826e000, 4096, PROT_READ|PROT_WRITE <unfinished ...>
2344  mprotect(0x7f6570265000, 4096, PROT_READ|PROT_WRITE <unfinished ...>
2348  <... mprotect resumed>)           = 0
2346  <... mprotect resumed>)           = 0
2345  <... mprotect resumed>)           = 0
2351  mprotect(0x7f654c343000, 4096, PROT_READ|PROT_WRITE <unfinished ...>
2350  mprotect(0x7f65582ff000, 4096, PROT_READ|PROT_WRITE <unfinished ...>
2347  <... mprotect resumed>)           = 0
2344  <... mprotect resumed>)           = 0
2351  <... mprotect resumed>)           = 0
2350  <... mprotect resumed>)           = 0
2349  mprotect(0x7f65542ea000, 4096, PROT_READ|PROT_WRITE <unfinished ...>
2345  mprotect(0x7f656826f000, 4096, PROT_READ|PROT_WRITE <unfinished ...>
2348  mprotect(0x7f65602d4000, 4096, PROT_READ|PROT_WRITE <unfinished ...>
2346  mprotect(0x7f6564292000, 4096, PROT_READ|PROT_WRITE <unfinished ...>
2349  <... mprotect resumed>)           = 0
2345  <... mprotect resumed>)           = 0
2348  <... mprotect resumed>)           = 0
2351  mprotect(0x7f654c344000, 4096, PROT_READ|PROT_WRITE <unfinished ...>
2350  mprotect(0x7f6558300000, 4096, PROT_READ|PROT_WRITE <unfinished ...>
2346  <... mprotect resumed>)           = 0
2351  <... mprotect resumed>)           = 0
2347  mprotect(0x7f655c2b1000, 4096, PROT_READ|PROT_WRITE <unfinished ...>
2350  <... mprotect resumed>)           = 0
2349  mprotect(0x7f65542eb000, 4096, PROT_READ|PROT_WRITE <unfinished ...>
2345  mprotect(0x7f6568270000, 4096, PROT_READ|PROT_WRITE <unfinished ...>
2344  mprotect(0x7f6570266000, 4096, PROT_READ|PROT_WRITE <unfinished ...>
2349  <... mprotect resumed>)           = 0
2348  mprotect(0x7f65602d5000, 4096, PROT_READ|PROT_WRITE <unfinished ...>
2347  <... mprotect resumed>)           = 0
2345  <... mprotect resumed>)           = 0
2351  mprotect(0x7f654c345000, 4096, PROT_READ|PROT_WRITE <unfinished ...>
2344  <... mprotect resumed>)           = 0
2348  <... mprotect resumed>)           = 0
2346  mprotect(0x7f6564293000, 4096, PROT_READ|PROT_WRITE <unfinished ...>
2350  mprotect(0x7f6558301000, 4096, PROT_READ|PROT_WRITE <unfinished ...>
2347  mprotect(0x7f655c2b2000, 4096, PROT_READ|PROT_WRITE <unfinished ...>
2349  mprotect(0x7f65542ec000, 4096, PROT_READ|PROT_WRITE <unfinished ...>
2351  <... mprotect resumed>)           = 0
2346  <... mprotect resumed>)           = 0
2345  mprotect(0x7f6568271000, 4096, PROT_READ|PROT_WRITE <unfinished ...>
2344  mprotect(0x7f6570267000, 4096, PROT_READ|PROT_WRITE <unfinished ...>
2350  <... mprotect resumed>)           = 0
2349  <... mprotect resumed>)           = 0
2348  mprotect(0x7f65602d6000, 4096, PROT_READ|PROT_WRITE <unfinished ...>
2347  <... mprotect resumed>)           = 0
2348  <... mprotect resumed>)           = 0
2344  <... mprotect resumed>)           = 0
2345  <... mprotect resumed>)           = 0
2347  mprotect(0x7f655c2b3000, 4096, PROT_READ|PROT_WRITE <unfinished ...>
2346  mprotect(0x7f6564294000, 4096, PROT_READ|PROT_WRITE <unfinished ...>
2345  mprotect(0x7f6568272000, 4096, PROT_READ|PROT_WRITE <unfinished ...>
2351  mprotect(0x7f654c346000, 4096, PROT_READ|PROT_WRITE <unfinished ...>
2350  mprotect(0x7f6558302000, 4096, PROT_READ|PROT_WRITE <unfinished ...>
2348  mprotect(0x7f65602d7000, 4096, PROT_READ|PROT_WRITE <unfinished ...>
2347  <... mprotect resumed>)           = 0
2346  <... mprotect resumed>)           = 0
2345  <... mprotect resumed>)           = 0
2351  <... mprotect resumed>)           = 0
2350  <... mprotect resumed>)           = 0
2349  mprotect(0x7f65542ed000, 4096, PROT_READ|PROT_WRITE <unfinished ...>
2348  <... mprotect resumed>)           = 0
2347  mprotect(0x7f655c2b4000, 4096, PROT_READ|PROT_WRITE <unfinished ...>
2344  mprotect(0x7f6570268000, 4096, PROT_READ|PROT_WRITE <unfinished ...>
2345  mprotect(0x7f6568273000, 4096, PROT_READ|PROT_WRITE <unfinished ...>
2350  mprotect(0x7f6558303000, 4096, PROT_READ|PROT_WRITE <unfinished ...>
2345  <... mprotect resumed>)           = 0
2351  mprotect(0x7f654c347000, 4096, PROT_READ|PROT_WRITE <unfinished ...>
2350  <... mprotect resumed>)           = 0
2349  <... mprotect resumed>)           = 0
2347  <... mprotect resumed>)           = 0
2346  mprotect(0x7f6564295000, 4096, PROT_READ|PROT_WRITE <unfinished ...>
2345  mprotect(0x7f6568274000, 4096, PROT_READ|PROT_WRITE <unfinished ...>
2344  <... mprotect resumed>)           = 0
2351  <... mprotect resumed>)           = 0
2350  mprotect(0x7f6558304000, 4096, PROT_READ|PROT_WRITE <unfinished ...>
2349  mprotect(0x7f65542ee000, 4096, PROT_READ|PROT_WRITE <unfinished ...>
2348  mprotect(0x7f65602d8000, 4096, PROT_READ|PROT_WRITE <unfinished ...>
2347  mprotect(0x7f655c2b5000, 4096, PROT_READ|PROT_WRITE <unfinished ...>
2346  <... mprotect resumed>)           = 0
2350  <... mprotect resumed>)           = 0
2345  <... mprotect resumed>)           = 0
2344  mprotect(0x7f6570269000, 4096, PROT_READ|PROT_WRITE <unfinished ...>
2348  <... mprotect resumed>)           = 0
2351  mprotect(0x7f654c348000, 4096, PROT_READ|PROT_WRITE <unfinished ...>
2344  <... mprotect resumed>)           = 0
2349  <... mprotect resumed>)           = 0
2347  <... mprotect resumed>)           = 0
2345  mprotect(0x7f6568275000, 4096, PROT_READ|PROT_WRITE <unfinished ...>
2351  <... mprotect resumed>)           = 0
2348  mprotect(0x7f65602d9000, 4096, PROT_READ|PROT_WRITE <unfinished ...>
2345  <... mprotect resumed>)           = 0
2347  mprotect(0x7f655c2b6000, 4096, PROT_READ|PROT_WRITE) = 0
2346  mprotect(0x7f6564296000, 4096, PROT_READ|PROT_WRITE <unfinished ...>
2345  mprotect(0x7f6568276000, 4096, PROT_READ|PROT_WRITE <unfinished ...>
2350  mprotect(0x7f6558305000, 4096, PROT_READ|PROT_WRITE <unfinished ...>
2347  mprotect(0x7f655c2b7000, 4096, PROT_READ|PROT_WRITE <unfinished ...>
2344  mprotect(0x7f657026a000, 4096, PROT_READ|PROT_WRITE <unfinished ...>
2351  mprotect(0x7f654c349000, 4096, PROT_READ|PROT_WRITE <unfinished ...>
2350  <... mprotect resumed>)           = 0
2348  <... mprotect resumed>)           = 0
2346  <... mprotect resumed>)           = 0
2345  <... mprotect resumed>)           = 0
2351  <... mprotect resumed>)           = 0
2349  mprotect(0x7f65542ef000, 4096, PROT_READ|PROT_WRITE <unfinished ...>
2347  <... mprotect resumed>)           = 0
2344  <... mprotect resumed>)           = 0
2350  mprotect(0x7f6558306000, 4096, PROT_READ|PROT_WRITE <unfinished ...>
2348  mprotect(0x7f65602da000, 4096, PROT_READ|PROT_WRITE <unfinished ...>
2346  mprotect(0x7f6564297000, 4096, PROT_READ|PROT_WRITE <unfinished ...>
2345  mprotect(0x7f6568277000, 4096, PROT_READ|PROT_WRITE <unfinished ...>
2349  <... mprotect resumed>)           = 0
2350  <... mprotect resumed>)           = 0
2347  mprotect(0x7f655c2b8000, 4096, PROT_READ|PROT_WRITE) = 0
2346  <... mprotect resumed>)           = 0
2345  <... mprotect resumed>)           = 0
2344  mprotect(0x7f657026b000, 4096, PROT_READ|PROT_WRITE <unfinished ...>
2348  <... mprotect resumed>)           = 0
2350  mprotect(0x7f6558307000, 4096, PROT_READ|PROT_WRITE <unfinished ...>
2344  <... mprotect resumed>)           = 0
2350  <... mprotect resumed>)           = 0
2347  mprotect(0x7f655c2b9000, 4096, PROT_READ|PROT_WRITE <unfinished ...>
2346  mprotect(0x7f6564298000, 4096, PROT_READ|PROT_WRITE <unfinished ...>
2345  mprotect(0x7f6568278000, 4096, PROT_READ|PROT_WRITE <unfinished ...>
2349  mprotect(0x7f65542f0000, 4096, PROT_READ|PROT_WRITE <unfinished ...>
2348  mprotect(0x7f65602db000, 4096, PROT_READ|PROT_WRITE <unfinished ...>
2345  <... mprotect resumed>)           = 0
2351  mprotect(0x7f654c34a000, 4096, PROT_READ|PROT_WRITE <unfinished ...>
2347  <... mprotect resumed>)           = 0
2346  <... mprotect resumed>)           = 0
2350  mprotect(0x7f6558308000, 4096, PROT_READ|PROT_WRITE <unfinished ...>
2349  <... mprotect resumed>)           = 0
2345  mprotect(0x7f6568279000, 4096, PROT_READ|PROT_WRITE <unfinished ...>
2344  mprotect(0x7f657026c000, 4096, PROT_READ|PROT_WRITE <unfinished ...>
2351  <... mprotect resumed>)           = 0
2350  <... mprotect resumed>)           = 0
2348  <... mprotect resumed>)           = 0
2347  mprotect(0x7f655c2ba000, 4096, PROT_READ|PROT_WRITE <unfinished ...>
2346  mprotect(0x7f6564299000, 4096, PROT_READ|PROT_WRITE <unfinished ...>
2347  <... mprotect resumed>)           = 0
2347  mprotect(0x7f655c2bb000, 4096, PROT_READ|PROT_WRITE) = 0
2349  mprotect(0x7f65542f1000, 4096, PROT_READ|PROT_WRITE <unfinished ...>
2351  mprotect(0x7f654c34b000, 4096, PROT_READ|PROT_WRITE <unfinished ...>
2347  mprotect(0x7f655c2bc000, 4096, PROT_READ|PROT_WRITE <unfinished ...>
2345  <... mprotect resumed>)           = 0
2344  <... mprotect resumed>)           = 0
2351  <... mprotect resumed>)           = 0
2349  <... mprotect resumed>)           = 0
2346  <... mprotect resumed>)           = 0
2348  mprotect(0x7f65602dc000, 4096, PROT_READ|PROT_WRITE <unfinished ...>
2347  <... mprotect resumed>)           = 0
2345  mprotect(0x7f656827a000, 4096, PROT_READ|PROT_WRITE <unfinished ...>
2351  mprotect(0x7f654c34c000, 4096, PROT_READ|PROT_WRITE <unfinished ...>
2344  mprotect(0x7f657026d000, 4096, PROT_READ|PROT_WRITE <unfinished ...>
2350  mprotect(0x7f6558309000, 4096, PROT_READ|PROT_WRITE <unfinished ...>
2351  <... mprotect resumed>)           = 0
2349  mprotect(0x7f65542f2000, 4096, PROT_READ|PROT_WRITE <unfinished ...>
2348  <... mprotect resumed>)           = 0
2350  <... mprotect resumed>)           = 0
2347  mprotect(0x7f655c2bd000, 4096, PROT_READ|PROT_WRITE <unfinished ...>
2346  mprotect(0x7f656429a000, 4096, PROT_READ|PROT_WRITE <unfinished ...>
2345  <... mprotect resumed>)           = 0
2344  <... mprotect resumed>)           = 0
2351  mprotect(0x7f654c34d000, 4096, PROT_READ|PROT_WRITE <unfinished ...>
2349  <... mprotect resumed>)           = 0
2348  mprotect(0x7f65602dd000, 4096, PROT_READ|PROT_WRITE <unfinished ...>
2350  mprotect(0x7f655830a000, 4096, PROT_READ|PROT_WRITE <unfinished ...>
2347  <... mprotect resumed>)           = 0
2346  <... mprotect resumed>)           = 0
2345  mprotect(0x7f656827b000, 4096, PROT_READ|PROT_WRITE <unfinished ...>
2351  <... mprotect resumed>)           = 0
2350  <... mprotect resumed>)           = 0
2348  <... mprotect resumed>)           = 0
2350  mprotect(0x7f655830b000, 4096, PROT_READ|PROT_WRITE <unfinished ...>
2349  mprotect(0x7f65542f3000, 4096, PROT_READ|PROT_WRITE <unfinished ...>
2347  mprotect(0x7f655c2be000, 4096, PROT_READ|PROT_WRITE <unfinished ...>
2346  mprotect(0x7f656429b000, 4096, PROT_READ|PROT_WRITE <unfinished ...>
2345  <... mprotect resumed>)           = 0
2344  mprotect(0x7f657026e000, 4096, PROT_READ|PROT_WRITE <unfinished ...>
2351  mprotect(0x7f654c34e000, 4096, PROT_READ|PROT_WRITE <unfinished ...>
2350  <... mprotect resumed>)           = 0
2349  <... mprotect resumed>)           = 0
2348  mprotect(0x7f65602de000, 4096, PROT_READ|PROT_WRITE <unfinished ...>
2347  <... mprotect resumed>)           = 0
2346  <... mprotect resumed>)           = 0
2351  <... mprotect resumed>)           = 0
2348  <... mprotect resumed>)           = 0
2345  mprotect(0x7f656827c000, 4096, PROT_READ|PROT_WRITE <unfinished ...>
2344  <... mprotect resumed>)           = 0
2350  mprotect(0x7f655830c000, 4096, PROT_READ|PROT_WRITE <unfinished ...>
2347  mprotect(0x7f655c2bf000, 4096, PROT_READ|PROT_WRITE <unfinished ...>
2351  mprotect(0x7f654c34f000, 4096, PROT_READ|PROT_WRITE <unfinished ...>
2350  <... mprotect resumed>)           = 0
2349  mprotect(0x7f65542f4000, 4096, PROT_READ|PROT_WRITE <unfinished ...>
2348  mprotect(0x7f65602df000, 4096, PROT_READ|PROT_WRITE <unfinished ...>
2347  <... mprotect resumed>)           = 0
2346  mprotect(0x7f656429c000, 4096, PROT_READ|PROT_WRITE <unfinished ...>
2345  <... mprotect resumed>)           = 0
2344  mprotect(0x7f657026f000, 4096, PROT_READ|PROT_WRITE <unfinished ...>
2351  <... mprotect resumed>)           = 0
2350  mprotect(0x7f655830d000, 4096, PROT_READ|PROT_WRITE <unfinished ...>
2349  <... mprotect resumed>)           = 0
2348  <... mprotect resumed>)           = 0
2346  <... mprotect resumed>)           = 0
2350  <... mprotect resumed>)           = 0
2345  mprotect(0x7f656827d000, 4096, PROT_READ|PROT_WRITE <unfinished ...>
2344  <... mprotect resumed>)           = 0
2349  mprotect(0x7f65542f5000, 4096, PROT_READ|PROT_WRITE <unfinished ...>
2347  mprotect(0x7f655c2c0000, 4096, PROT_READ|PROT_WRITE <unfinished ...>
2351  mprotect(0x7f654c350000, 4096, PROT_READ|PROT_WRITE <unfinished ...>
2350  mprotect(0x7f655830e000, 4096, PROT_READ|PROT_WRITE <unfinished ...>
2348  mprotect(0x7f65602e0000, 4096, PROT_READ|PROT_WRITE <unfinished ...>
2345  <... mprotect resumed>)           = 0
2351  <... mprotect resumed>)           = 0
2350  <... mprotect resumed>)           = 0
2349  <... mprotect resumed>)           = 0
2347  <... mprotect resumed>)           = 0
2346  mprotect(0x7f656429d000, 4096, PROT_READ|PROT_WRITE <unfinished ...>
2344  mprotect(0x7f6570270000, 4096, PROT_READ|PROT_WRITE <unfinished ...>
2348  <... mprotect resumed>)           = 0
2345  mprotect(0x7f656827e000, 4096, PROT_READ|PROT_WRITE <unfinished ...>
2351  mprotect(0x7f654c351000, 4096, PROT_READ|PROT_WRITE <unfinished ...>
2350  mprotect(0x7f655830f000, 4096, PROT_READ|PROT_WRITE <unfinished ...>
2349  mprotect(0x7f65542f6000, 4096, PROT_READ|PROT_WRITE <unfinished ...>
2347  mprotect(0x7f655c2c1000, 4096, PROT_READ|PROT_WRITE <unfinished ...>
2346  <... mprotect resumed>)           = 0
2344  <... mprotect resumed>)           = 0
2351  <... mprotect resumed>)           = 0
2350  <... mprotect resumed>)           = 0
2349  <... mprotect resumed>)           = 0
2348  mprotect(0x7f65602e1000, 4096, PROT_READ|PROT_WRITE <unfinished ...>
2347  <... mprotect resumed>)           = 0
2345  <... mprotect resumed>)           = 0
2346  mprotect(0x7f656429e000, 4096, PROT_READ|PROT_WRITE <unfinished ...>
2349  mprotect(0x7f65542f7000, 4096, PROT_READ|PROT_WRITE) = 0
2346  <... mprotect resumed>)           = 0
2350  mprotect(0x7f6558310000, 4096, PROT_READ|PROT_WRITE <unfinished ...>
2344  mprotect(0x7f6570271000, 4096, PROT_READ|PROT_WRITE <unfinished ...>
2351  mprotect(0x7f654c352000, 4096, PROT_READ|PROT_WRITE <unfinished ...>
2350  <... mprotect resumed>)           = 0
2349  mprotect(0x7f65542f8000, 4096, PROT_READ|PROT_WRITE <unfinished ...>
2348  <... mprotect resumed>)           = 0
2346  mprotect(0x7f656429f000, 4096, PROT_READ|PROT_WRITE <unfinished ...>
2345  mprotect(0x7f656827f000, 4096, PROT_READ|PROT_WRITE <unfinished ...>
2351  <... mprotect resumed>)           = 0
2347  mprotect(0x7f655c2c2000, 4096, PROT_READ|PROT_WRITE <unfinished ...>
2344  <... mprotect resumed>)           = 0
2351  mprotect(0x7f654c353000, 4096, PROT_READ|PROT_WRITE <unfinished ...>
2350  mprotect(0x7f6558311000, 4096, PROT_READ|PROT_WRITE <unfinished ...>
2349  <... mprotect resumed>)           = 0
2348  mprotect(0x7f65602e2000, 4096, PROT_READ|PROT_WRITE <unfinished ...>
2347  <... mprotect resumed>)           = 0
2346  <... mprotect resumed>)           = 0
2345  <... mprotect resumed>)           = 0
2344  mprotect(0x7f6570272000, 4096, PROT_READ|PROT_WRITE <unfinished ...>
2350  <... mprotect resumed>)           = 0
2351  <... mprotect resumed>)           = 0
2350  mprotect(0x7f6558312000, 4096, PROT_READ|PROT_WRITE <unfinished ...>
2349  mprotect(0x7f65542f9000, 4096, PROT_READ|PROT_WRITE <unfinished ...>
2348  <... mprotect resumed>)           = 0
2346  mprotect(0x7f65642a0000, 4096, PROT_READ|PROT_WRITE <unfinished ...>
2344  <... mprotect resumed>)           = 0
2347  mprotect(0x7f655c2c3000, 4096, PROT_READ|PROT_WRITE <unfinished ...>
2351  mprotect(0x7f654c354000, 4096, PROT_READ|PROT_WRITE <unfinished ...>
2350  <... mprotect resumed>)           = 0
2349  <... mprotect resumed>)           = 0
2348  mprotect(0x7f65602e3000, 4096, PROT_READ|PROT_WRITE <unfinished ...>
2347  <... mprotect resumed>)           = 0
2346  <... mprotect resumed>)           = 0
2345  mprotect(0x7f6568280000, 4096, PROT_READ|PROT_WRITE <unfinished ...>
2351  <... mprotect resumed>)           = 0
2350  mprotect(0x7f6558313000, 4096, PROT_READ|PROT_WRITE <unfinished ...>
2349  mprotect(0x7f65542fa000, 4096, PROT_READ|PROT_WRITE <unfinished ...>
2348  <... mprotect resumed>)           = 0
2347  mprotect(0x7f655c2c4000, 4096, PROT_READ|PROT_WRITE <unfinished ...>
2346  mprotect(0x7f65642a1000, 4096, PROT_READ|PROT_WRITE <unfinished ...>
2345  <... mprotect resumed>)           = 0
2344  mprotect(0x7f6570273000, 4096, PROT_READ|PROT_WRITE <unfinished ...>
2351  mprotect(0x7f654c355000, 4096, PROT_READ|PROT_WRITE <unfinished ...>
2350  <... mprotect resumed>)           = 0
2349  <... mprotect resumed>)           = 0
2348  mprotect(0x7f65602e4000, 4096, PROT_READ|PROT_WRITE <unfinished ...>
2347  <... mprotect resumed>)           = 0
2346  <... mprotect resumed>)           = 0
2345  mprotect(0x7f6568281000, 4096, PROT_READ|PROT_WRITE <unfinished ...>
2344  <... mprotect resumed>)           = 0
2351  <... mprotect resumed>)           = 0
2350  mprotect(0x7f6558314000, 4096, PROT_READ|PROT_WRITE <unfinished ...>
2349  mprotect(0x7f65542fb000, 4096, PROT_READ|PROT_WRITE <unfinished ...>
2348  <... mprotect resumed>)           = 0
2347  mprotect(0x7f655c2c5000, 4096, PROT_READ|PROT_WRITE <unfinished ...>
2346  mprotect(0x7f65642a2000, 4096, PROT_READ|PROT_WRITE <unfinished ...>
2345  <... mprotect resumed>)           = 0
2344  mprotect(0x7f6570274000, 4096, PROT_READ|PROT_WRITE <unfinished ...>
2350  <... mprotect resumed>)           = 0
2349  <... mprotect resumed>)           = 0
2348  mprotect(0x7f65602e5000, 4096, PROT_READ|PROT_WRITE) = 0
2347  <... mprotect resumed>)           = 0
2345  mprotect(0x7f6568282000, 4096, PROT_READ|PROT_WRITE <unfinished ...>
2351  mprotect(0x7f654c356000, 4096, PROT_READ|PROT_WRITE <unfinished ...>
2350  mprotect(0x7f6558315000, 4096, PROT_READ|PROT_WRITE <unfinished ...>
2349  mprotect(0x7f65542fc000, 4096, PROT_READ|PROT_WRITE <unfinished ...>
2348  mprotect(0x7f65602e6000, 4096, PROT_READ|PROT_WRITE <unfinished ...>
2346  <... mprotect resumed>)           = 0
2345  <... mprotect resumed>)           = 0
2344  <... mprotect resumed>)           = 0
2351  <... mprotect resumed>)           = 0
2350  <... mprotect resumed>)           = 0
2349  <... mprotect resumed>)           = 0
2348  <... mprotect resumed>)           = 0
2347  mprotect(0x7f655c2c6000, 4096, PROT_READ|PROT_WRITE <unfinished ...>
2346  mprotect(0x7f65642a3000, 4096, PROT_READ|PROT_WRITE <unfinished ...>
2345  mprotect(0x7f6568283000, 4096, PROT_READ|PROT_WRITE <unfinished ...>
2344  mprotect(0x7f6570275000, 4096, PROT_READ|PROT_WRITE <unfinished ...>
2351  mprotect(0x7f654c357000, 4096, PROT_READ|PROT_WRITE <unfinished ...>
2350  mprotect(0x7f6558316000, 4096, PROT_READ|PROT_WRITE <unfinished ...>
2349  mprotect(0x7f65542fd000, 4096, PROT_READ|PROT_WRITE <unfinished ...>
2348  mprotect(0x7f65602e7000, 4096, PROT_READ|PROT_WRITE <unfinished ...>
2347  <... mprotect resumed>)           = 0
2346  <... mprotect resumed>)           = 0
2345  <... mprotect resumed>)           = 0
2351  <... mprotect resumed>)           = 0
2350  <... mprotect resumed>)           = 0
2349  <... mprotect resumed>)           = 0
2348  <... mprotect resumed>)           = 0
2344  <... mprotect resumed>)           = 0
2351  mprotect(0x7f654c358000, 4096, PROT_READ|PROT_WRITE <unfinished ...>
2350  mprotect(0x7f6558317000, 4096, PROT_READ|PROT_WRITE <unfinished ...>
2347  mprotect(0x7f655c2c7000, 4096, PROT_READ|PROT_WRITE <unfinished ...>
2346  mprotect(0x7f65642a4000, 4096, PROT_READ|PROT_WRITE <unfinished ...>
2345  mprotect(0x7f6568284000, 4096, PROT_READ|PROT_WRITE <unfinished ...>
2351  <... mprotect resumed>)           = 0
2350  <... mprotect resumed>)           = 0
2348  mprotect(0x7f65602e8000, 4096, PROT_READ|PROT_WRITE <unfinished ...>
2347  <... mprotect resumed>)           = 0
2344  mprotect(0x7f6570276000, 4096, PROT_READ|PROT_WRITE <unfinished ...>
2349  mprotect(0x7f65542fe000, 4096, PROT_READ|PROT_WRITE <unfinished ...>
2348  <... mprotect resumed>)           = 0
2346  <... mprotect resumed>)           = 0
2345  <... mprotect resumed>)           = 0
2350  mprotect(0x7f6558318000, 4096, PROT_READ|PROT_WRITE <unfinished ...>
2349  <... mprotect resumed>)           = 0
2348  mprotect(0x7f65602e9000, 4096, PROT_READ|PROT_WRITE <unfinished ...>
2346  mprotect(0x7f65642a5000, 4096, PROT_READ|PROT_WRITE <unfinished ...>
2344  <... mprotect resumed>)           = 0
2351  mprotect(0x7f654c359000, 4096, PROT_READ|PROT_WRITE <unfinished ...>
2350  <... mprotect resumed>)           = 0
2348  <... mprotect resumed>)           = 0
2347  mprotect(0x7f655c2c8000, 4096, PROT_READ|PROT_WRITE <unfinished ...>
2346  <... mprotect resumed>)           = 0
2345  mprotect(0x7f6568285000, 4096, PROT_READ|PROT_WRITE <unfinished ...>
2351  <... mprotect resumed>)           = 0
2349  mprotect(0x7f65542ff000, 4096, PROT_READ|PROT_WRITE <unfinished ...>
2347  <... mprotect resumed>)           = 0
2344  mprotect(0x7f6570277000, 4096, PROT_READ|PROT_WRITE <unfinished ...>
2349  <... mprotect resumed>)           = 0
2348  mprotect(0x7f65602ea000, 4096, PROT_READ|PROT_WRITE <unfinished ...>
2346  mprotect(0x7f65642a6000, 4096, PROT_READ|PROT_WRITE <unfinished ...>
2345  <... mprotect resumed>)           = 0
2344  <... mprotect resumed>)           = 0
2351  mprotect(0x7f654c35a000, 4096, PROT_READ|PROT_WRITE <unfinished ...>
2350  mprotect(0x7f6558319000, 4096, PROT_READ|PROT_WRITE <unfinished ...>
2348  <... mprotect resumed>)           = 0
2347  mprotect(0x7f655c2c9000, 4096, PROT_READ|PROT_WRITE <unfinished ...>
2351  <... mprotect resumed>)           = 0
2349  mprotect(0x7f6554300000, 4096, PROT_READ|PROT_WRITE <unfinished ...>
2347  <... mprotect resumed>)           = 0
2346  <... mprotect resumed>)           = 0
2345  mprotect(0x7f6568286000, 4096, PROT_READ|PROT_WRITE <unfinished ...>
2350  <... mprotect resumed>)           = 0
2349  <... mprotect resumed>)           = 0
2348  mprotect(0x7f65602eb000, 4096, PROT_READ|PROT_WRITE <unfinished ...>
2347  mprotect(0x7f655c2ca000, 4096, PROT_READ|PROT_WRITE <unfinished ...>
2345  <... mprotect resumed>)           = 0
2344  mprotect(0x7f6570278000, 4096, PROT_READ|PROT_WRITE <unfinished ...>
2348  <... mprotect resumed>)           = 0
2346  mprotect(0x7f65642a7000, 4096, PROT_READ|PROT_WRITE <unfinished ...>
2350  mprotect(0x7f655831a000, 4096, PROT_READ|PROT_WRITE <unfinished ...>
2349  mprotect(0x7f6554301000, 4096, PROT_READ|PROT_WRITE <unfinished ...>
2347  <... mprotect resumed>)           = 0
2344  <... mprotect resumed>)           = 0
2349  <... mprotect resumed>)           = 0
2346  <... mprotect resumed>)           = 0
2345  mprotect(0x7f6568287000, 4096, PROT_READ|PROT_WRITE <unfinished ...>
2351  mprotect(0x7f654c35b000, 4096, PROT_READ|PROT_WRITE <unfinished ...>
2350  <... mprotect resumed>)           = 0
2348  mprotect(0x7f65602ec000, 4096, PROT_READ|PROT_WRITE <unfinished ...>
2346  mprotect(0x7f65642a8000, 4096, PROT_READ|PROT_WRITE <unfinished ...>
2344  mprotect(0x7f6570279000, 4096, PROT_READ|PROT_WRITE <unfinished ...>
2351  <... mprotect resumed>)           = 0
2348  <... mprotect resumed>)           = 0
2346  <... mprotect resumed>)           = 0
2347  mprotect(0x7f655c2cb000, 4096, PROT_READ|PROT_WRITE <unfinished ...>
2348  mprotect(0x7f65602ed000, 4096, PROT_READ|PROT_WRITE <unfinished ...>
2345  <... mprotect resumed>)           = 0
2347  <... mprotect resumed>)           = 0
2349  mprotect(0x7f6554302000, 4096, PROT_READ|PROT_WRITE <unfinished ...>
2344  <... mprotect resumed>)           = 0
2349  <... mprotect resumed>)           = 0
2348  <... mprotect resumed>)           = 0
2346  mprotect(0x7f65642a9000, 4096, PROT_READ|PROT_WRITE <unfinished ...>
2350  mprotect(0x7f655831b000, 4096, PROT_READ|PROT_WRITE <unfinished ...>
2347  mprotect(0x7f655c2cc000, 4096, PROT_READ|PROT_WRITE <unfinished ...>
2345  mprotect(0x7f6568288000, 4096, PROT_READ|PROT_WRITE <unfinished ...>
2351  mprotect(0x7f654c35c000, 4096, PROT_READ|PROT_WRITE <unfinished ...>
2344  mprotect(0x7f657027a000, 4096, PROT_READ|PROT_WRITE <unfinished ...>
2349  mprotect(0x7f6554303000, 4096, PROT_READ|PROT_WRITE <unfinished ...>
2346  <... mprotect resumed>)           = 0
2350  <... mprotect resumed>)           = 0
2348  mprotect(0x7f65602ee000, 4096, PROT_READ|PROT_WRITE <unfinished ...>
2351  <... mprotect resumed>)           = 0
2346  mprotect(0x7f65642aa000, 4096, PROT_READ|PROT_WRITE <unfinished ...>
2345  <... mprotect resumed>)           = 0
2344  <... mprotect resumed>)           = 0
2350  mprotect(0x7f655831c000, 4096, PROT_READ|PROT_WRITE <unfinished ...>
2349  <... mprotect resumed>)           = 0
2348  <... mprotect resumed>)           = 0
2347  <... mprotect resumed>)           = 0
2345  mprotect(0x7f6568289000, 4096, PROT_READ|PROT_WRITE <unfinished ...>
2351  mprotect(0x7f654c35d000, 4096, PROT_READ|PROT_WRITE <unfinished ...>
2350  <... mprotect resumed>)           = 0
2349  mprotect(0x7f6554304000, 4096, PROT_READ|PROT_WRITE <unfinished ...>
2346  <... mprotect resumed>)           = 0
2344  mprotect(0x7f657027b000, 4096, PROT_READ|PROT_WRITE <unfinished ...>
2351  <... mprotect resumed>)           = 0
2348  mprotect(0x7f65602ef000, 4096, PROT_READ|PROT_WRITE <unfinished ...>
2347  mprotect(0x7f655c2cd000, 4096, PROT_READ|PROT_WRITE <unfinished ...>
2349  <... mprotect resumed>)           = 0
2345  <... mprotect resumed>)           = 0
2351  mprotect(0x7f654c35e000, 4096, PROT_READ|PROT_WRITE <unfinished ...>
2350  mprotect(0x7f655831d000, 4096, PROT_READ|PROT_WRITE <unfinished ...>
2348  <... mprotect resumed>)           = 0
2347  <... mprotect resumed>)           = 0
2346  mprotect(0x7f65642ab000, 4096, PROT_READ|PROT_WRITE <unfinished ...>
2344  <... mprotect resumed>)           = 0
2351  <... mprotect resumed>)           = 0
2349  mprotect(0x7f6554305000, 4096, PROT_READ|PROT_WRITE <unfinished ...>
2346  <... mprotect resumed>)           = 0
2345  mprotect(0x7f656828a000, 4096, PROT_READ|PROT_WRITE <unfinished ...>
2350  <... mprotect resumed>)           = 0
2344  mprotect(0x7f657027c000, 4096, PROT_READ|PROT_WRITE <unfinished ...>
2349  <... mprotect resumed>)           = 0
2345  <... mprotect resumed>)           = 0
2348  mprotect(0x7f65602f0000, 4096, PROT_READ|PROT_WRITE <unfinished ...>
2347  mprotect(0x7f655c2ce000, 4096, PROT_READ|PROT_WRITE <unfinished ...>
2349  mprotect(0x7f6554306000, 4096, PROT_READ|PROT_WRITE <unfinished ...>
2348  <... mprotect resumed>)           = 0
2347  <... mprotect resumed>)           = 0
2350  mprotect(0x7f655831e000, 4096, PROT_READ|PROT_WRITE <unfinished ...>
2349  <... mprotect resumed>)           = 0
2344  <... mprotect resumed>)           = 0
2350  <... mprotect resumed>)           = 0
2351  mprotect(0x7f654c35f000, 4096, PROT_READ|PROT_WRITE <unfinished ...>
2350  mprotect(0x7f655831f000, 4096, PROT_READ|PROT_WRITE <unfinished ...>
2349  mprotect(0x7f6554307000, 4096, PROT_READ|PROT_WRITE <unfinished ...>
2347  mprotect(0x7f655c2cf000, 4096, PROT_READ|PROT_WRITE <unfinished ...>
2346  mprotect(0x7f65642ac000, 4096, PROT_READ|PROT_WRITE <unfinished ...>
2345  mprotect(0x7f656828b000, 4096, PROT_READ|PROT_WRITE <unfinished ...>
2344  mprotect(0x7f657027d000, 4096, PROT_READ|PROT_WRITE <unfinished ...>
2351  <... mprotect resumed>)           = 0
2348  mprotect(0x7f65602f1000, 4096, PROT_READ|PROT_WRITE <unfinished ...>
2347  <... mprotect resumed>)           = 0
2346  <... mprotect resumed>)           = 0
2349  <... mprotect resumed>)           = 0
2348  <... mprotect resumed>)           = 0
2345  <... mprotect resumed>)           = 0
2344  <... mprotect resumed>)           = 0
2351  mprotect(0x7f654c360000, 4096, PROT_READ|PROT_WRITE <unfinished ...>
2350  <... mprotect resumed>)           = 0
2349  mprotect(0x7f6554308000, 4096, PROT_READ|PROT_WRITE <unfinished ...>
2348  mprotect(0x7f65602f2000, 4096, PROT_READ|PROT_WRITE <unfinished ...>
2346  mprotect(0x7f65642ad000, 4096, PROT_READ|PROT_WRITE <unfinished ...>
2345  mprotect(0x7f656828c000, 4096, PROT_READ|PROT_WRITE <unfinished ...>
2344  mprotect(0x7f657027e000, 4096, PROT_READ|PROT_WRITE <unfinished ...>
2351  <... mprotect resumed>)           = 0
2349  <... mprotect resumed>)           = 0
2348  <... mprotect resumed>)           = 0
2346  <... mprotect resumed>)           = 0
2345  <... mprotect resumed>)           = 0
2350  mprotect(0x7f6558320000, 4096, PROT_READ|PROT_WRITE <unfinished ...>
2349  mprotect(0x7f6554309000, 4096, PROT_READ|PROT_WRITE <unfinished ...>
2347  mprotect(0x7f655c2d0000, 4096, PROT_READ|PROT_WRITE <unfinished ...>
2346  mprotect(0x7f65642ae000, 4096, PROT_READ|PROT_WRITE <unfinished ...>
2344  <... mprotect resumed>)           = 0
2351  mprotect(0x7f654c361000, 4096, PROT_READ|PROT_WRITE <unfinished ...>
2350  <... mprotect resumed>)           = 0
2349  <... mprotect resumed>)           = 0
2347  <... mprotect resumed>)           = 0
2346  <... mprotect resumed>)           = 0
2345  mprotect(0x7f656828d000, 4096, PROT_READ|PROT_WRITE <unfinished ...>
2344  mprotect(0x7f657027f000, 4096, PROT_READ|PROT_WRITE <unfinished ...>
2351  <... mprotect resumed>)           = 0
2350  mprotect(0x7f6558321000, 4096, PROT_READ|PROT_WRITE <unfinished ...>
2348  mprotect(0x7f65602f3000, 4096, PROT_READ|PROT_WRITE <unfinished ...>
2350  <... mprotect resumed>)           = 0
2345  <... mprotect resumed>)           = 0
2344  <... mprotect resumed>)           = 0
2346  mprotect(0x7f65642af000, 4096, PROT_READ|PROT_WRITE <unfinished ...>
2350  mprotect(0x7f6558322000, 4096, PROT_READ|PROT_WRITE <unfinished ...>
2351  mprotect(0x7f654c362000, 4096, PROT_READ|PROT_WRITE <unfinished ...>
2349  mprotect(0x7f655430a000, 4096, PROT_READ|PROT_WRITE <unfinished ...>
2348  <... mprotect resumed>)           = 0
2347  mprotect(0x7f655c2d1000, 4096, PROT_READ|PROT_WRITE <unfinished ...>
2346  <... mprotect resumed>)           = 0
2345  mprotect(0x7f656828e000, 4096, PROT_READ|PROT_WRITE <unfinished ...>
2344  mprotect(0x7f6570280000, 4096, PROT_READ|PROT_WRITE <unfinished ...>
2351  <... mprotect resumed>)           = 0
2350  <... mprotect resumed>)           = 0
2349  <... mprotect resumed>)           = 0
2348  mprotect(0x7f65602f4000, 4096, PROT_READ|PROT_WRITE <unfinished ...>
2347  <... mprotect resumed>)           = 0
2344  <... mprotect resumed>)           = 0
2345  <... mprotect resumed>)           = 0
2349  mprotect(0x7f655430b000, 4096, PROT_READ|PROT_WRITE <unfinished ...>
2346  mprotect(0x7f65642b0000, 4096, PROT_READ|PROT_WRITE <unfinished ...>
2351  mprotect(0x7f654c363000, 4096, PROT_READ|PROT_WRITE <unfinished ...>
2348  <... mprotect resumed>)           = 0
2347  mprotect(0x7f655c2d2000, 4096, PROT_READ|PROT_WRITE <unfinished ...>
2351  <... mprotect resumed>)           = 0
2350  mprotect(0x7f6558323000, 4096, PROT_READ|PROT_WRITE <unfinished ...>
2349  <... mprotect resumed>)           = 0
2346  <... mprotect resumed>)           = 0
2345  mprotect(0x7f656828f000, 4096, PROT_READ|PROT_WRITE <unfinished ...>
2344  mprotect(0x7f6570281000, 4096, PROT_READ|PROT_WRITE <unfinished ...>
2351  mprotect(0x7f654c364000, 4096, PROT_READ|PROT_WRITE <unfinished ...>
2347  <... mprotect resumed>)           = 0
2346  mprotect(0x7f65642b1000, 4096, PROT_READ|PROT_WRITE <unfinished ...>
2345  <... mprotect resumed>)           = 0
2351  <... mprotect resumed>)           = 0
2349  mprotect(0x7f655430c000, 4096, PROT_READ|PROT_WRITE <unfinished ...>
2346  <... mprotect resumed>)           = 0
2344  <... mprotect resumed>)           = 0
2350  <... mprotect resumed>)           = 0
2349  <... mprotect resumed>)           = 0
2347  mprotect(0x7f655c2d3000, 4096, PROT_READ|PROT_WRITE <unfinished ...>
2345  mprotect(0x7f6568290000, 4096, PROT_READ|PROT_WRITE <unfinished ...>
2348  mprotect(0x7f65602f5000, 4096, PROT_READ|PROT_WRITE <unfinished ...>
2347  <... mprotect resumed>)           = 0
2346  mprotect(0x7f65642b2000, 4096, PROT_READ|PROT_WRITE <unfinished ...>
2344  mprotect(0x7f6570282000, 4096, PROT_READ|PROT_WRITE <unfinished ...>
2351  mprotect(0x7f654c365000, 4096, PROT_READ|PROT_WRITE <unfinished ...>
2349  mprotect(0x7f655430d000, 4096, PROT_READ|PROT_WRITE <unfinished ...>
2348  <... mprotect resumed>)           = 0
2346  <... mprotect resumed>)           = 0
2350  mprotect(0x7f6558324000, 4096, PROT_READ|PROT_WRITE <unfinished ...>
2345  <... mprotect resumed>)           = 0
2351  <... mprotect resumed>)           = 0
2349  <... mprotect resumed>)           = 0
2347  mprotect(0x7f655c2d4000, 4096, PROT_READ|PROT_WRITE <unfinished ...>
2344  <... mprotect resumed>)           = 0
2351  mprotect(0x7f654c366000, 4096, PROT_READ|PROT_WRITE <unfinished ...>
2350  <... mprotect resumed>)           = 0
2349  mprotect(0x7f655430e000, 4096, PROT_READ|PROT_WRITE <unfinished ...>
2348  mprotect(0x7f65602f6000, 4096, PROT_READ|PROT_WRITE <unfinished ...>
2347  <... mprotect resumed>)           = 0
2346  mprotect(0x7f65642b3000, 4096, PROT_READ|PROT_WRITE <unfinished ...>
2345  mprotect(0x7f6568291000, 4096, PROT_READ|PROT_WRITE <unfinished ...>
2351  <... mprotect resumed>)           = 0
2351  mprotect(0x7f654c367000, 4096, PROT_READ|PROT_WRITE <unfinished ...>
2350  mprotect(0x7f6558325000, 4096, PROT_READ|PROT_WRITE <unfinished ...>
2349  <... mprotect resumed>)           = 0
2348  <... mprotect resumed>)           = 0
2347  mprotect(0x7f655c2d5000, 4096, PROT_READ|PROT_WRITE <unfinished ...>
2346  <... mprotect resumed>)           = 0
2345  <... mprotect resumed>)           = 0
2344  mprotect(0x7f6570283000, 4096, PROT_READ|PROT_WRITE <unfinished ...>
2351  <... mprotect resumed>)           = 0
2350  <... mprotect resumed>)           = 0
2347  <... mprotect resumed>)           = 0
2344  <... mprotect resumed>)           = 0
2349  mprotect(0x7f655430f000, 4096, PROT_READ|PROT_WRITE <unfinished ...>
2346  mprotect(0x7f65642b4000, 4096, PROT_READ|PROT_WRITE <unfinished ...>
2351  mprotect(0x7f654c368000, 4096, PROT_READ|PROT_WRITE <unfinished ...>
2350  mprotect(0x7f6558326000, 4096, PROT_READ|PROT_WRITE <unfinished ...>
2349  <... mprotect resumed>)           = 0
2351  <... mprotect resumed>)           = 0
2348  mprotect(0x7f65602f7000, 4096, PROT_READ|PROT_WRITE <unfinished ...>
2347  mprotect(0x7f655c2d6000, 4096, PROT_READ|PROT_WRITE <unfinished ...>
2346  <... mprotect resumed>)           = 0
2345  mprotect(0x7f6568292000, 4096, PROT_READ|PROT_WRITE <unfinished ...>
2344  mprotect(0x7f6570284000, 4096, PROT_READ|PROT_WRITE <unfinished ...>
2350  <... mprotect resumed>)           = 0
2348  <... mprotect resumed>)           = 0
2347  <... mprotect resumed>)           = 0
2349  mprotect(0x7f6554310000, 4096, PROT_READ|PROT_WRITE <unfinished ...>
2351  mprotect(0x7f654c369000, 4096, PROT_READ|PROT_WRITE <unfinished ...>
2350  mprotect(0x7f6558327000, 4096, PROT_READ|PROT_WRITE <unfinished ...>
2348  mprotect(0x7f65602f8000, 4096, PROT_READ|PROT_WRITE <unfinished ...>
2347  mprotect(0x7f655c2d7000, 4096, PROT_READ|PROT_WRITE <unfinished ...>
2346  mprotect(0x7f65642b5000, 4096, PROT_READ|PROT_WRITE <unfinished ...>
2345  <... mprotect resumed>)           = 0
2344  <... mprotect resumed>)           = 0
2351  <... mprotect resumed>)           = 0
2349  <... mprotect resumed>)           = 0
2348  <... mprotect resumed>)           = 0
2350  <... mprotect resumed>)           = 0
2347  <... mprotect resumed>)           = 0
2346  <... mprotect resumed>)           = 0
2345  mprotect(0x7f6568293000, 4096, PROT_READ|PROT_WRITE <unfinished ...>
2344  mprotect(0x7f6570285000, 4096, PROT_READ|PROT_WRITE <unfinished ...>
2349  mprotect(0x7f6554311000, 4096, PROT_READ|PROT_WRITE <unfinished ...>
2348  mprotect(0x7f65602f9000, 4096, PROT_READ|PROT_WRITE <unfinished ...>
2351  mprotect(0x7f654c36a000, 4096, PROT_READ|PROT_WRITE <unfinished ...>
2350  mprotect(0x7f6558328000, 4096, PROT_READ|PROT_WRITE <unfinished ...>
2349  <... mprotect resumed>)           = 0
2348  <... mprotect resumed>)           = 0
2347  mprotect(0x7f655c2d8000, 4096, PROT_READ|PROT_WRITE <unfinished ...>
2346  mprotect(0x7f65642b6000, 4096, PROT_READ|PROT_WRITE <unfinished ...>
2345  <... mprotect resumed>)           = 0
2344  <... mprotect resumed>)           = 0
2351  <... mprotect resumed>)           = 0
2350  <... mprotect resumed>)           = 0
2349  mprotect(0x7f6554312000, 4096, PROT_READ|PROT_WRITE <unfinished ...>
2348  mprotect(0x7f65602fa000, 4096, PROT_READ|PROT_WRITE <unfinished ...>
2347  <... mprotect resumed>)           = 0
2346  <... mprotect resumed>)           = 0
2345  mprotect(0x7f6568294000, 4096, PROT_READ|PROT_WRITE <unfinished ...>
2351  mprotect(0x7f654c36b000, 4096, PROT_READ|PROT_WRITE <unfinished ...>
2349  <... mprotect resumed>)           = 0
2348  <... mprotect resumed>)           = 0
2347  mprotect(0x7f655c2d9000, 4096, PROT_READ|PROT_WRITE <unfinished ...>
2346  mprotect(0x7f65642b7000, 4096, PROT_READ|PROT_WRITE <unfinished ...>
2345  <... mprotect resumed>)           = 0
2344  mprotect(0x7f6570286000, 4096, PROT_READ|PROT_WRITE <unfinished ...>
2351  <... mprotect resumed>)           = 0
2350  mprotect(0x7f6558329000, 4096, PROT_READ|PROT_WRITE <unfinished ...>
2347  <... mprotect resumed>)           = 0
2349  mprotect(0x7f6554313000, 4096, PROT_READ|PROT_WRITE <unfinished ...>
2346  <... mprotect resumed>)           = 0
2348  mprotect(0x7f65602fb000, 4096, PROT_READ|PROT_WRITE <unfinished ...>
2345  mprotect(0x7f6568295000, 4096, PROT_READ|PROT_WRITE <unfinished ...>
2344  <... mprotect resumed>)           = 0
2350  <... mprotect resumed>)           = 0
2351  mprotect(0x7f654c36c000, 4096, PROT_READ|PROT_WRITE <unfinished ...>
2349  <... mprotect resumed>)           = 0
2348  <... mprotect resumed>)           = 0
2347  mprotect(0x7f655c2da000, 4096, PROT_READ|PROT_WRITE <unfinished ...>
2346  mprotect(0x7f65642b8000, 4096, PROT_READ|PROT_WRITE <unfinished ...>
2345  <... mprotect resumed>)           = 0
2351  <... mprotect resumed>)           = 0
2350  mprotect(0x7f655832a000, 4096, PROT_READ|PROT_WRITE <unfinished ...>
2347  <... mprotect resumed>)           = 0
2344  mprotect(0x7f6570287000, 4096, PROT_READ|PROT_WRITE <unfinished ...>
2350  <... mprotect resumed>)           = 0
2349  mprotect(0x7f6554314000, 4096, PROT_READ|PROT_WRITE <unfinished ...>
2348  mprotect(0x7f65602fc000, 4096, PROT_READ|PROT_WRITE <unfinished ...>
2346  <... mprotect resumed>)           = 0
2345  mprotect(0x7f6568296000, 4096, PROT_READ|PROT_WRITE <unfinished ...>
2344  <... mprotect resumed>)           = 0
2347  mprotect(0x7f655c2db000, 4096, PROT_READ|PROT_WRITE <unfinished ...>
2351  mprotect(0x7f654c36d000, 4096, PROT_READ|PROT_WRITE <unfinished ...>
2349  <... mprotect resumed>)           = 0
2348  <... mprotect resumed>)           = 0
2347  <... mprotect resumed>)           = 0
2345  <... mprotect resumed>)           = 0
2344  mprotect(0x7f6570288000, 4096, PROT_READ|PROT_WRITE <unfinished ...>
2351  <... mprotect resumed>)           = 0
2350  mprotect(0x7f655832b000, 4096, PROT_READ|PROT_WRITE <unfinished ...>
2346  mprotect(0x7f65642b9000, 4096, PROT_READ|PROT_WRITE <unfinished ...>
2344  <... mprotect resumed>)           = 0
2350  <... mprotect resumed>)           = 0
2346  <... mprotect resumed>)           = 0
2349  mprotect(0x7f6554315000, 4096, PROT_READ|PROT_WRITE <unfinished ...>
2348  mprotect(0x7f65602fd000, 4096, PROT_READ|PROT_WRITE <unfinished ...>
2345  mprotect(0x7f6568297000, 4096, PROT_READ|PROT_WRITE <unfinished ...>
2344  mprotect(0x7f6570289000, 4096, PROT_READ|PROT_WRITE <unfinished ...>
2349  <... mprotect resumed>)           = 0
2345  <... mprotect resumed>)           = 0
2344  <... mprotect resumed>)           = 0
2351  mprotect(0x7f654c36e000, 4096, PROT_READ|PROT_WRITE <unfinished ...>
2350  mprotect(0x7f655832c000, 4096, PROT_READ|PROT_WRITE <unfinished ...>
2349  mprotect(0x7f6554316000, 4096, PROT_READ|PROT_WRITE <unfinished ...>
2348  <... mprotect resumed>)           = 0
2347  mprotect(0x7f655c2dc000, 4096, PROT_READ|PROT_WRITE <unfinished ...>
2346  mprotect(0x7f65642ba000, 4096, PROT_READ|PROT_WRITE <unfinished ...>
2345  mprotect(0x7f6568298000, 4096, PROT_READ|PROT_WRITE <unfinished ...>
2344  mprotect(0x7f657028a000, 4096, PROT_READ|PROT_WRITE <unfinished ...>
2351  <... mprotect resumed>)           = 0
2350  <... mprotect resumed>)           = 0
2349  <... mprotect resumed>)           = 0
2348  mprotect(0x7f65602fe000, 4096, PROT_READ|PROT_WRITE <unfinished ...>
2347  <... mprotect resumed>)           = 0
2346  <... mprotect resumed>)           = 0
2345  <... mprotect resumed>)           = 0
2344  <... mprotect resumed>)           = 0
2351  mprotect(0x7f654c36f000, 4096, PROT_READ|PROT_WRITE <unfinished ...>
2350  mprotect(0x7f655832d000, 4096, PROT_READ|PROT_WRITE <unfinished ...>
2349  mprotect(0x7f6554317000, 4096, PROT_READ|PROT_WRITE <unfinished ...>
2348  <... mprotect resumed>)           = 0
2347  mprotect(0x7f655c2dd000, 4096, PROT_READ|PROT_WRITE <unfinished ...>
2345  mprotect(0x7f6568299000, 4096, PROT_READ|PROT_WRITE <unfinished ...>
2344  mprotect(0x7f657028b000, 4096, PROT_READ|PROT_WRITE <unfinished ...>
2351  <... mprotect resumed>)           = 0
2346  mprotect(0x7f65642bb000, 4096, PROT_READ|PROT_WRITE <unfinished ...>
2349  <... mprotect resumed>)           = 0
2350  <... mprotect resumed>)           = 0
2351  mprotect(0x7f654c370000, 4096, PROT_READ|PROT_WRITE <unfinished ...>
2350  mprotect(0x7f655832e000, 4096, PROT_READ|PROT_WRITE <unfinished ...>
2349  mprotect(0x7f6554318000, 4096, PROT_READ|PROT_WRITE <unfinished ...>
2348  mprotect(0x7f65602ff000, 4096, PROT_READ|PROT_WRITE <unfinished ...>
2347  <... mprotect resumed>)           = 0
2346  <... mprotect resumed>)           = 0
2345  <... mprotect resumed>)           = 0
2344  <... mprotect resumed>)           = 0
2351  <... mprotect resumed>)           = 0
2350  <... mprotect resumed>)           = 0
2349  <... mprotect resumed>)           = 0
2348  <... mprotect resumed>)           = 0
2345  mprotect(0x7f656829a000, 4096, PROT_READ|PROT_WRITE <unfinished ...>
2344  mprotect(0x7f657028c000, 4096, PROT_READ|PROT_WRITE <unfinished ...>
2351  mprotect(0x7f654c371000, 4096, PROT_READ|PROT_WRITE <unfinished ...>
2349  mprotect(0x7f6554319000, 4096, PROT_READ|PROT_WRITE <unfinished ...>
2348  mprotect(0x7f6560300000, 4096, PROT_READ|PROT_WRITE <unfinished ...>
2347  mprotect(0x7f655c2de000, 4096, PROT_READ|PROT_WRITE <unfinished ...>
2346  mprotect(0x7f65642bc000, 4096, PROT_READ|PROT_WRITE <unfinished ...>
2345  <... mprotect resumed>)           = 0
2344  <... mprotect resumed>)           = 0
2348  <... mprotect resumed>)           = 0
2350  mprotect(0x7f655832f000, 4096, PROT_READ|PROT_WRITE <unfinished ...>
2349  <... mprotect resumed>)           = 0
2347  <... mprotect resumed>)           = 0
2348  mprotect(0x7f6560301000, 4096, PROT_READ|PROT_WRITE <unfinished ...>
2346  <... mprotect resumed>)           = 0
2345  mprotect(0x7f656829b000, 4096, PROT_READ|PROT_WRITE <unfinished ...>
2351  <... mprotect resumed>)           = 0
2350  <... mprotect resumed>)           = 0
2344  mprotect(0x7f657028d000, 4096, PROT_READ|PROT_WRITE <unfinished ...>
2348  <... mprotect resumed>)           = 0
2345  <... mprotect resumed>)           = 0
2349  mprotect(0x7f655431a000, 4096, PROT_READ|PROT_WRITE) = 0
2347  mprotect(0x7f655c2df000, 4096, PROT_READ|PROT_WRITE <unfinished ...>
2346  mprotect(0x7f65642bd000, 4096, PROT_READ|PROT_WRITE <unfinished ...>
2345  mprotect(0x7f656829c000, 4096, PROT_READ|PROT_WRITE <unfinished ...>
2348  mprotect(0x7f6560302000, 4096, PROT_READ|PROT_WRITE <unfinished ...>
2346  <... mprotect resumed>)           = 0
2351  mprotect(0x7f654c372000, 4096, PROT_READ|PROT_WRITE <unfinished ...>
2350  mprotect(0x7f6558330000, 4096, PROT_READ|PROT_WRITE <unfinished ...>
2349  mprotect(0x7f655431b000, 4096, PROT_READ|PROT_WRITE <unfinished ...>
2348  <... mprotect resumed>)           = 0
2347  <... mprotect resumed>)           = 0
2345  <... mprotect resumed>)           = 0
2344  <... mprotect resumed>)           = 0
2351  <... mprotect resumed>)           = 0
2350  <... mprotect resumed>)           = 0
2346  mprotect(0x7f65642be000, 4096, PROT_READ|PROT_WRITE <unfinished ...>
2347  mprotect(0x7f655c2e0000, 4096, PROT_READ|PROT_WRITE <unfinished ...>
2349  <... mprotect resumed>)           = 0
2346  <... mprotect resumed>)           = 0
2344  mprotect(0x7f657028e000, 4096, PROT_READ|PROT_WRITE <unfinished ...>
2351  mprotect(0x7f654c373000, 4096, PROT_READ|PROT_WRITE <unfinished ...>
2348  mprotect(0x7f6560303000, 4096, PROT_READ|PROT_WRITE <unfinished ...>
2347  <... mprotect resumed>)           = 0
2344  <... mprotect resumed>)           = 0
2349  mprotect(0x7f655431c000, 4096, PROT_READ|PROT_WRITE <unfinished ...>
2346  mprotect(0x7f65642bf000, 4096, PROT_READ|PROT_WRITE <unfinished ...>
2351  <... mprotect resumed>)           = 0
2350  mprotect(0x7f6558331000, 4096, PROT_READ|PROT_WRITE <unfinished ...>
2349  <... mprotect resumed>)           = 0
2348  <... mprotect resumed>)           = 0
2346  <... mprotect resumed>)           = 0
2350  <... mprotect resumed>)           = 0
2345  mprotect(0x7f656829d000, 4096, PROT_READ|PROT_WRITE <unfinished ...>
2344  mprotect(0x7f657028f000, 4096, PROT_READ|PROT_WRITE <unfinished ...>
2347  mprotect(0x7f655c2e1000, 4096, PROT_READ|PROT_WRITE <unfinished ...>
2348  mprotect(0x7f6560304000, 4096, PROT_READ|PROT_WRITE <unfinished ...>
2346  mprotect(0x7f65642c0000, 4096, PROT_READ|PROT_WRITE <unfinished ...>
2351  mprotect(0x7f654c374000, 4096, PROT_READ|PROT_WRITE <unfinished ...>
2350  mprotect(0x7f6558332000, 4096, PROT_READ|PROT_WRITE <unfinished ...>
2349  mprotect(0x7f655431d000, 4096, PROT_READ|PROT_WRITE <unfinished ...>
2348  <... mprotect resumed>)           = 0
2345  <... mprotect resumed>)           = 0
2344  <... mprotect resumed>)           = 0
2351  <... mprotect resumed>)           = 0
2347  <... mprotect resumed>)           = 0
2346  <... mprotect resumed>)           = 0
2350  <... mprotect resumed>)           = 0
2349  <... mprotect resumed>)           = 0
2345  mprotect(0x7f656829e000, 4096, PROT_READ|PROT_WRITE <unfinished ...>
2344  mprotect(0x7f6570290000, 4096, PROT_READ|PROT_WRITE <unfinished ...>
2346  mprotect(0x7f65642c1000, 4096, PROT_READ|PROT_WRITE <unfinished ...>
2348  mprotect(0x7f6560305000, 4096, PROT_READ|PROT_WRITE <unfinished ...>
2347  mprotect(0x7f655c2e2000, 4096, PROT_READ|PROT_WRITE <unfinished ...>
2348  <... mprotect resumed>)           = 0
2346  <... mprotect resumed>)           = 0
2345  <... mprotect resumed>)           = 0
2351  mprotect(0x7f654c375000, 4096, PROT_READ|PROT_WRITE <unfinished ...>
2350  mprotect(0x7f6558333000, 4096, PROT_READ|PROT_WRITE <unfinished ...>
2349  mprotect(0x7f655431e000, 4096, PROT_READ|PROT_WRITE <unfinished ...>
2347  <... mprotect resumed>)           = 0
2344  <... mprotect resumed>)           = 0
2350  <... mprotect resumed>)           = 0
2351  <... mprotect resumed>)           = 0
2349  <... mprotect resumed>)           = 0
2348  mprotect(0x7f6560306000, 4096, PROT_READ|PROT_WRITE <unfinished ...>
2346  mprotect(0x7f65642c2000, 4096, PROT_READ|PROT_WRITE <unfinished ...>
2345  mprotect(0x7f656829f000, 4096, PROT_READ|PROT_WRITE <unfinished ...>
2344  mprotect(0x7f6570291000, 4096, PROT_READ|PROT_WRITE <unfinished ...>
2350  mprotect(0x7f6558334000, 4096, PROT_READ|PROT_WRITE) = 0
2348  <... mprotect resumed>)           = 0
2347  mprotect(0x7f655c2e3000, 4096, PROT_READ|PROT_WRITE <unfinished ...>
2346  <... mprotect resumed>)           = 0
2345  <... mprotect resumed>)           = 0
2344  <... mprotect resumed>)           = 0
2348  mprotect(0x7f6560307000, 4096, PROT_READ|PROT_WRITE <unfinished ...>
2347  <... mprotect resumed>)           = 0
2346  mprotect(0x7f65642c3000, 4096, PROT_READ|PROT_WRITE <unfinished ...>
2345  mprotect(0x7f65682a0000, 4096, PROT_READ|PROT_WRITE <unfinished ...>
2350  mprotect(0x7f6558335000, 4096, PROT_READ|PROT_WRITE) = 0
2348  <... mprotect resumed>)           = 0
2346  <... mprotect resumed>)           = 0
2345  <... mprotect resumed>)           = 0
2344  mprotect(0x7f6570292000, 4096, PROT_READ|PROT_WRITE <unfinished ...>
2351  mprotect(0x7f654c376000, 4096, PROT_READ|PROT_WRITE <unfinished ...>
2349  mprotect(0x7f655431f000, 4096, PROT_READ|PROT_WRITE <unfinished ...>
2351  <... mprotect resumed>)           = 0
2350  mprotect(0x7f6558336000, 4096, PROT_READ|PROT_WRITE <unfinished ...>
2349  <... mprotect resumed>)           = 0
2348  mprotect(0x7f6560308000, 4096, PROT_READ|PROT_WRITE <unfinished ...>
2347  mprotect(0x7f655c2e4000, 4096, PROT_READ|PROT_WRITE <unfinished ...>
2346  mprotect(0x7f65642c4000, 4096, PROT_READ|PROT_WRITE <unfinished ...>
2345  mprotect(0x7f65682a1000, 4096, PROT_READ|PROT_WRITE <unfinished ...>
2344  <... mprotect resumed>)           = 0
2350  <... mprotect resumed>)           = 0
2348  <... mprotect resumed>)           = 0
2347  <... mprotect resumed>)           = 0
2346  <... mprotect resumed>)           = 0
2345  <... mprotect resumed>)           = 0
2351  mprotect(0x7f654c377000, 4096, PROT_READ|PROT_WRITE <unfinished ...>
2349  mprotect(0x7f6554320000, 4096, PROT_READ|PROT_WRITE <unfinished ...>
2344  mprotect(0x7f6570293000, 4096, PROT_READ|PROT_WRITE <unfinished ...>
2349  <... mprotect resumed>)           = 0
2348  mprotect(0x7f6560309000, 4096, PROT_READ|PROT_WRITE <unfinished ...>
2347  mprotect(0x7f655c2e5000, 4096, PROT_READ|PROT_WRITE <unfinished ...>
2345  mprotect(0x7f65682a2000, 4096, PROT_READ|PROT_WRITE <unfinished ...>
2350  mprotect(0x7f6558337000, 4096, PROT_READ|PROT_WRITE <unfinished ...>
2347  <... mprotect resumed>)           = 0
2346  mprotect(0x7f65642c5000, 4096, PROT_READ|PROT_WRITE <unfinished ...>
2344  <... mprotect resumed>)           = 0
2351  <... mprotect resumed>)           = 0
2350  <... mprotect resumed>)           = 0
2348  <... mprotect resumed>)           = 0
2349  mprotect(0x7f6554321000, 4096, PROT_READ|PROT_WRITE <unfinished ...>
2346  <... mprotect resumed>)           = 0
2345  <... mprotect resumed>)           = 0
2344  mprotect(0x7f6570294000, 4096, PROT_READ|PROT_WRITE <unfinished ...>
2349  <... mprotect resumed>)           = 0
2347  mprotect(0x7f655c2e6000, 4096, PROT_READ|PROT_WRITE <unfinished ...>
2344  <... mprotect resumed>)           = 0
2350  mprotect(0x7f6558338000, 4096, PROT_READ|PROT_WRITE <unfinished ...>
2348  mprotect(0x7f656030a000, 4096, PROT_READ|PROT_WRITE <unfinished ...>
2347  <... mprotect resumed>)           = 0
2346  mprotect(0x7f65642c6000, 4096, PROT_READ|PROT_WRITE <unfinished ...>
2345  mprotect(0x7f65682a3000, 4096, PROT_READ|PROT_WRITE <unfinished ...>
2351  mprotect(0x7f654c378000, 4096, PROT_READ|PROT_WRITE <unfinished ...>
2350  <... mprotect resumed>)           = 0
2349  mprotect(0x7f6554322000, 4096, PROT_READ|PROT_WRITE <unfinished ...>
2346  <... mprotect resumed>)           = 0
2344  mprotect(0x7f6570295000, 4096, PROT_READ|PROT_WRITE <unfinished ...>
2351  <... mprotect resumed>)           = 0
2349  <... mprotect resumed>)           = 0
2348  <... mprotect resumed>)           = 0
2347  mprotect(0x7f655c2e7000, 4096, PROT_READ|PROT_WRITE <unfinished ...>
2345  <... mprotect resumed>)           = 0
2350  mprotect(0x7f6558339000, 4096, PROT_READ|PROT_WRITE <unfinished ...>
2346  mprotect(0x7f65642c7000, 4096, PROT_READ|PROT_WRITE <unfinished ...>
2344  <... mprotect resumed>)           = 0
2347  <... mprotect resumed>)           = 0
2350  <... mprotect resumed>)           = 0
2346  <... mprotect resumed>)           = 0
2345  mprotect(0x7f65682a4000, 4096, PROT_READ|PROT_WRITE <unfinished ...>
2349  mprotect(0x7f6554323000, 4096, PROT_READ|PROT_WRITE <unfinished ...>
2348  mprotect(0x7f656030b000, 4096, PROT_READ|PROT_WRITE <unfinished ...>
2351  mprotect(0x7f654c379000, 4096, PROT_READ|PROT_WRITE <unfinished ...>
2349  <... mprotect resumed>)           = 0
2345  <... mprotect resumed>)           = 0
2344  mprotect(0x7f6570296000, 4096, PROT_READ|PROT_WRITE <unfinished ...>
2351  <... mprotect resumed>)           = 0
2350  mprotect(0x7f655833a000, 4096, PROT_READ|PROT_WRITE <unfinished ...>
2348  <... mprotect resumed>)           = 0
2346  mprotect(0x7f65642c8000, 4096, PROT_READ|PROT_WRITE <unfinished ...>
2347  mprotect(0x7f655c2e8000, 4096, PROT_READ|PROT_WRITE <unfinished ...>
2344  <... mprotect resumed>)           = 0
2347  <... mprotect resumed>)           = 0
2350  <... mprotect resumed>)           = 0
2348  mprotect(0x7f656030c000, 4096, PROT_READ|PROT_WRITE <unfinished ...>
2346  <... mprotect resumed>)           = 0
2344  mprotect(0x7f6570297000, 4096, PROT_READ|PROT_WRITE <unfinished ...>
2347  mprotect(0x7f655c2e9000, 4096, PROT_READ|PROT_WRITE <unfinished ...>
2349  mprotect(0x7f6554324000, 4096, PROT_READ|PROT_WRITE <unfinished ...>
2347  <... mprotect resumed>)           = 0
2345  mprotect(0x7f65682a5000, 4096, PROT_READ|PROT_WRITE <unfinished ...>
2349  <... mprotect resumed>)           = 0
2348  <... mprotect resumed>)           = 0
2346  mprotect(0x7f65642c9000, 4096, PROT_READ|PROT_WRITE <unfinished ...>
2345  <... mprotect resumed>)           = 0
2351  mprotect(0x7f654c37a000, 4096, PROT_READ|PROT_WRITE <unfinished ...>
2344  <... mprotect resumed>)           = 0
2351  <... mprotect resumed>)           = 0
2350  mprotect(0x7f655833b000, 4096, PROT_READ|PROT_WRITE <unfinished ...>
2348  mprotect(0x7f656030d000, 4096, PROT_READ|PROT_WRITE <unfinished ...>
2347  mprotect(0x7f655c2ea000, 4096, PROT_READ|PROT_WRITE <unfinished ...>
2346  <... mprotect resumed>)           = 0
2350  <... mprotect resumed>)           = 0
2349  mprotect(0x7f6554325000, 4096, PROT_READ|PROT_WRITE <unfinished ...>
2348  <... mprotect resumed>)           = 0
2347  <... mprotect resumed>)           = 0
2345  mprotect(0x7f65682a6000, 4096, PROT_READ|PROT_WRITE <unfinished ...>
2344  mprotect(0x7f6570298000, 4096, PROT_READ|PROT_WRITE <unfinished ...>
2351  mprotect(0x7f654c37b000, 4096, PROT_READ|PROT_WRITE <unfinished ...>
2350  mprotect(0x7f655833c000, 4096, PROT_READ|PROT_WRITE <unfinished ...>
2346  mprotect(0x7f65642ca000, 4096, PROT_READ|PROT_WRITE <unfinished ...>
2345  <... mprotect resumed>)           = 0
2351  <... mprotect resumed>)           = 0
2350  <... mprotect resumed>)           = 0
2349  <... mprotect resumed>)           = 0
2348  mprotect(0x7f656030e000, 4096, PROT_READ|PROT_WRITE <unfinished ...>
2346  <... mprotect resumed>)           = 0
2344  <... mprotect resumed>)           = 0
2349  mprotect(0x7f6554326000, 4096, PROT_READ|PROT_WRITE <unfinished ...>
2347  mprotect(0x7f655c2eb000, 4096, PROT_READ|PROT_WRITE <unfinished ...>
2345  mprotect(0x7f65682a7000, 4096, PROT_READ|PROT_WRITE <unfinished ...>
2350  mprotect(0x7f655833d000, 4096, PROT_READ|PROT_WRITE <unfinished ...>
2349  <... mprotect resumed>)           = 0
2348  <... mprotect resumed>)           = 0
2346  mprotect(0x7f65642cb000, 4096, PROT_READ|PROT_WRITE <unfinished ...>
2344  mprotect(0x7f6570299000, 4096, PROT_READ|PROT_WRITE <unfinished ...>
2351  mprotect(0x7f654c37c000, 4096, PROT_READ|PROT_WRITE <unfinished ...>
2350  <... mprotect resumed>)           = 0
2349  mprotect(0x7f6554327000, 4096, PROT_READ|PROT_WRITE <unfinished ...>
2347  <... mprotect resumed>)           = 0
2346  <... mprotect resumed>)           = 0
2345  <... mprotect resumed>)           = 0
2344  <... mprotect resumed>)           = 0
2351  <... mprotect resumed>)           = 0
2349  <... mprotect resumed>)           = 0
2348  mprotect(0x7f656030f000, 4096, PROT_READ|PROT_WRITE <unfinished ...>
2350  mprotect(0x7f655833e000, 4096, PROT_READ|PROT_WRITE <unfinished ...>
2348  <... mprotect resumed>)           = 0
2347  mprotect(0x7f655c2ec000, 4096, PROT_READ|PROT_WRITE <unfinished ...>
2346  mprotect(0x7f65642cc000, 4096, PROT_READ|PROT_WRITE <unfinished ...>
2344  mprotect(0x7f657029a000, 4096, PROT_READ|PROT_WRITE <unfinished ...>
2351  mprotect(0x7f654c37d000, 4096, PROT_READ|PROT_WRITE) = 0
2350  <... mprotect resumed>)           = 0
2348  mprotect(0x7f6560310000, 4096, PROT_READ|PROT_WRITE <unfinished ...>
2347  <... mprotect resumed>)           = 0
2346  <... mprotect resumed>)           = 0
2345  mprotect(0x7f65682a8000, 4096, PROT_READ|PROT_WRITE <unfinished ...>
2344  <... mprotect resumed>)           = 0
2350  mprotect(0x7f655833f000, 4096, PROT_READ|PROT_WRITE <unfinished ...>
2349  mprotect(0x7f6554328000, 4096, PROT_READ|PROT_WRITE <unfinished ...>
2348  <... mprotect resumed>)           = 0
2345  <... mprotect resumed>)           = 0
2351  mprotect(0x7f654c37e000, 4096, PROT_READ|PROT_WRITE <unfinished ...>
2350  <... mprotect resumed>)           = 0
2346  mprotect(0x7f65642cd000, 4096, PROT_READ|PROT_WRITE <unfinished ...>
2351  <... mprotect resumed>)           = 0
2349  <... mprotect resumed>)           = 0
2347  mprotect(0x7f655c2ed000, 4096, PROT_READ|PROT_WRITE <unfinished ...>
2344  mprotect(0x7f657029b000, 4096, PROT_READ|PROT_WRITE <unfinished ...>
2348  mprotect(0x7f6560311000, 4096, PROT_READ|PROT_WRITE <unfinished ...>
2346  <... mprotect resumed>)           = 0
2345  mprotect(0x7f65682a9000, 4096, PROT_READ|PROT_WRITE <unfinished ...>
2347  <... mprotect resumed>)           = 0
2344  <... mprotect resumed>)           = 0
2350  mprotect(0x7f6558340000, 4096, PROT_READ|PROT_WRITE <unfinished ...>
2348  <... mprotect resumed>)           = 0
2345  <... mprotect resumed>)           = 0
2351  mprotect(0x7f654c37f000, 4096, PROT_READ|PROT_WRITE <unfinished ...>
2349  mprotect(0x7f6554329000, 4096, PROT_READ|PROT_WRITE <unfinished ...>
2346  mprotect(0x7f65642ce000, 4096, PROT_READ|PROT_WRITE <unfinished ...>
2351  <... mprotect resumed>)           = 0
2350  <... mprotect resumed>)           = 0
2344  mprotect(0x7f657029c000, 4096, PROT_READ|PROT_WRITE <unfinished ...>
2349  <... mprotect resumed>)           = 0
2348  mprotect(0x7f6560312000, 4096, PROT_READ|PROT_WRITE <unfinished ...>
2347  mprotect(0x7f655c2ee000, 4096, PROT_READ|PROT_WRITE <unfinished ...>
2346  <... mprotect resumed>)           = 0
2345  mprotect(0x7f65682aa000, 4096, PROT_READ|PROT_WRITE <unfinished ...>
2344  <... mprotect resumed>)           = 0
2348  <... mprotect resumed>)           = 0
2347  <... mprotect resumed>)           = 0
2350  mprotect(0x7f6558341000, 4096, PROT_READ|PROT_WRITE <unfinished ...>
2349  mprotect(0x7f655432a000, 4096, PROT_READ|PROT_WRITE <unfinished ...>
2345  <... mprotect resumed>)           = 0
2351  mprotect(0x7f654c380000, 4096, PROT_READ|PROT_WRITE <unfinished ...>
2347  mprotect(0x7f655c2ef000, 4096, PROT_READ|PROT_WRITE <unfinished ...>
2344  mprotect(0x7f657029d000, 4096, PROT_READ|PROT_WRITE <unfinished ...>
2351  <... mprotect resumed>)           = 0
2349  <... mprotect resumed>)           = 0
2347  <... mprotect resumed>)           = 0
2346  mprotect(0x7f65642cf000, 4096, PROT_READ|PROT_WRITE <unfinished ...>
2345  mprotect(0x7f65682ab000, 4096, PROT_READ|PROT_WRITE <unfinished ...>
2350  <... mprotect resumed>)           = 0
2348  mprotect(0x7f6560313000, 4096, PROT_READ|PROT_WRITE <unfinished ...>
2344  <... mprotect resumed>)           = 0
2349  mprotect(0x7f655432b000, 4096, PROT_READ|PROT_WRITE <unfinished ...>
2347  mprotect(0x7f655c2f0000, 4096, PROT_READ|PROT_WRITE <unfinished ...>
2345  <... mprotect resumed>)           = 0
2351  mprotect(0x7f654c381000, 4096, PROT_READ|PROT_WRITE <unfinished ...>
2350  mprotect(0x7f6558342000, 4096, PROT_READ|PROT_WRITE <unfinished ...>
2349  <... mprotect resumed>)           = 0
2348  <... mprotect resumed>)           = 0
2347  <... mprotect resumed>)           = 0
2345  mprotect(0x7f65682ac000, 4096, PROT_READ|PROT_WRITE <unfinished ...>
2344  mprotect(0x7f657029e000, 4096, PROT_READ|PROT_WRITE <unfinished ...>
2351  <... mprotect resumed>)           = 0
2350  <... mprotect resumed>)           = 0
2346  <... mprotect resumed>)           = 0
2345  <... mprotect resumed>)           = 0
2350  mprotect(0x7f6558343000, 4096, PROT_READ|PROT_WRITE <unfinished ...>
2349  mprotect(0x7f655432c000, 4096, PROT_READ|PROT_WRITE <unfinished ...>
2347  mprotect(0x7f655c2f1000, 4096, PROT_READ|PROT_WRITE <unfinished ...>
2346  mprotect(0x7f65642d0000, 4096, PROT_READ|PROT_WRITE <unfinished ...>
2344  <... mprotect resumed>)           = 0
2351  mprotect(0x7f654c382000, 4096, PROT_READ|PROT_WRITE <unfinished ...>
2350  <... mprotect resumed>)           = 0
2349  <... mprotect resumed>)           = 0
2345  mprotect(0x7f65682ad000, 4096, PROT_READ|PROT_WRITE <unfinished ...>
2348  mprotect(0x7f6560314000, 4096, PROT_READ|PROT_WRITE <unfinished ...>
2347  <... mprotect resumed>)           = 0
2346  <... mprotect resumed>)           = 0
2351  <... mprotect resumed>)           = 0
2344  mprotect(0x7f657029f000, 4096, PROT_READ|PROT_WRITE <unfinished ...>
2350  mprotect(0x7f6558344000, 4096, PROT_READ|PROT_WRITE <unfinished ...>
2348  <... mprotect resumed>)           = 0
2345  <... mprotect resumed>)           = 0
2349  mprotect(0x7f655432d000, 4096, PROT_READ|PROT_WRITE <unfinished ...>
2347  mprotect(0x7f655c2f2000, 4096, PROT_READ|PROT_WRITE <unfinished ...>
2346  mprotect(0x7f65642d1000, 4096, PROT_READ|PROT_WRITE <unfinished ...>
2344  <... mprotect resumed>)           = 0
2350  <... mprotect resumed>)           = 0
2349  <... mprotect resumed>)           = 0
2351  mprotect(0x7f654c383000, 4096, PROT_READ|PROT_WRITE <unfinished ...>
2348  mprotect(0x7f6560315000, 4096, PROT_READ|PROT_WRITE <unfinished ...>
2347  <... mprotect resumed>)           = 0
2346  <... mprotect resumed>)           = 0
2345  mprotect(0x7f65682ae000, 4096, PROT_READ|PROT_WRITE <unfinished ...>
2351  <... mprotect resumed>)           = 0
2350  mprotect(0x7f6558345000, 4096, PROT_READ|PROT_WRITE <unfinished ...>
2349  mprotect(0x7f655432e000, 4096, PROT_READ|PROT_WRITE <unfinished ...>
2348  <... mprotect resumed>)           = 0
2344  mprotect(0x7f65702a0000, 4096, PROT_READ|PROT_WRITE <unfinished ...>
2350  <... mprotect resumed>)           = 0
2347  mprotect(0x7f655c2f3000, 4096, PROT_READ|PROT_WRITE <unfinished ...>
2346  mprotect(0x7f65642d2000, 4096, PROT_READ|PROT_WRITE <unfinished ...>
2345  <... mprotect resumed>)           = 0
2349  <... mprotect resumed>)           = 0
2344  <... mprotect resumed>)           = 0
2346  <... mprotect resumed>)           = 0
2351  mprotect(0x7f654c384000, 4096, PROT_READ|PROT_WRITE <unfinished ...>
2350  mprotect(0x7f6558346000, 4096, PROT_READ|PROT_WRITE <unfinished ...>
2348  mprotect(0x7f6560316000, 4096, PROT_READ|PROT_WRITE <unfinished ...>
2347  <... mprotect resumed>)           = 0
2346  mprotect(0x7f65642d3000, 4096, PROT_READ|PROT_WRITE <unfinished ...>
2345  mprotect(0x7f65682af000, 4096, PROT_READ|PROT_WRITE <unfinished ...>
2351  <... mprotect resumed>)           = 0
2350  <... mprotect resumed>)           = 0
2349  mprotect(0x7f655432f000, 4096, PROT_READ|PROT_WRITE <unfinished ...>
2348  <... mprotect resumed>)           = 0
2344  mprotect(0x7f65702a1000, 4096, PROT_READ|PROT_WRITE <unfinished ...>
2346  <... mprotect resumed>)           = 0
2344  <... mprotect resumed>)           = 0
2350  mprotect(0x7f6558347000, 4096, PROT_READ|PROT_WRITE <unfinished ...>
2349  <... mprotect resumed>)           = 0
2347  mprotect(0x7f655c2f4000, 4096, PROT_READ|PROT_WRITE <unfinished ...>
2345  <... mprotect resumed>)           = 0
2348  mprotect(0x7f6560317000, 4096, PROT_READ|PROT_WRITE <unfinished ...>
2346  mprotect(0x7f65642d4000, 4096, PROT_READ|PROT_WRITE <unfinished ...>
2344  mprotect(0x7f65702a2000, 4096, PROT_READ|PROT_WRITE <unfinished ...>
2350  <... mprotect resumed>)           = 0
2346  <... mprotect resumed>)           = 0
2351  mprotect(0x7f654c385000, 4096, PROT_READ|PROT_WRITE <unfinished ...>
2348  <... mprotect resumed>)           = 0
2347  <... mprotect resumed>)           = 0
2351  <... mprotect resumed>)           = 0
2345  mprotect(0x7f65682b0000, 4096, PROT_READ|PROT_WRITE <unfinished ...>
2344  <... mprotect resumed>)           = 0
2349  mprotect(0x7f6554330000, 4096, PROT_READ|PROT_WRITE <unfinished ...>
2346  mprotect(0x7f65642d5000, 4096, PROT_READ|PROT_WRITE <unfinished ...>
2345  <... mprotect resumed>)           = 0
2350  mprotect(0x7f6558348000, 4096, PROT_READ|PROT_WRITE <unfinished ...>
2349  <... mprotect resumed>)           = 0
2348  mprotect(0x7f6560318000, 4096, PROT_READ|PROT_WRITE <unfinished ...>
2347  mprotect(0x7f655c2f5000, 4096, PROT_READ|PROT_WRITE <unfinished ...>
2346  <... mprotect resumed>)           = 0
2344  mprotect(0x7f65702a3000, 4096, PROT_READ|PROT_WRITE <unfinished ...>
2351  mprotect(0x7f654c386000, 4096, PROT_READ|PROT_WRITE <unfinished ...>
2350  <... mprotect resumed>)           = 0
2348  <... mprotect resumed>)           = 0
2345  mprotect(0x7f65682b1000, 4096, PROT_READ|PROT_WRITE <unfinished ...>
2349  mprotect(0x7f6554331000, 4096, PROT_READ|PROT_WRITE <unfinished ...>
2347  <... mprotect resumed>)           = 0
2346  mprotect(0x7f65642d6000, 4096, PROT_READ|PROT_WRITE <unfinished ...>
2345  <... mprotect resumed>)           = 0
2344  <... mprotect resumed>)           = 0
2351  <... mprotect resumed>)           = 0
2350  mprotect(0x7f6558349000, 4096, PROT_READ|PROT_WRITE <unfinished ...>
2349  <... mprotect resumed>)           = 0
2346  <... mprotect resumed>)           = 0
2345  mprotect(0x7f65682b2000, 4096, PROT_READ|PROT_WRITE <unfinished ...>
2350  <... mprotect resumed>)           = 0
2348  mprotect(0x7f6560319000, 4096, PROT_READ|PROT_WRITE <unfinished ...>
2347  mprotect(0x7f655c2f6000, 4096, PROT_READ|PROT_WRITE <unfinished ...>
2346  mprotect(0x7f65642d7000, 4096, PROT_READ|PROT_WRITE <unfinished ...>
2344  mprotect(0x7f65702a4000, 4096, PROT_READ|PROT_WRITE <unfinished ...>
2348  <... mprotect resumed>)           = 0
2347  <... mprotect resumed>)           = 0
2346  <... mprotect resumed>)           = 0
2345  <... mprotect resumed>)           = 0
2349  mprotect(0x7f6554332000, 4096, PROT_READ|PROT_WRITE <unfinished ...>
2344  <... mprotect resumed>)           = 0
2351  mprotect(0x7f654c387000, 4096, PROT_READ|PROT_WRITE <unfinished ...>
2350  mprotect(0x7f655834a000, 4096, PROT_READ|PROT_WRITE <unfinished ...>
2349  <... mprotect resumed>)           = 0
2350  <... mprotect resumed>)           = 0
2351  <... mprotect resumed>)           = 0
2350  mprotect(0x7f655834b000, 4096, PROT_READ|PROT_WRITE <unfinished ...>
2347  mprotect(0x7f655c2f7000, 4096, PROT_READ|PROT_WRITE <unfinished ...>
2345  mprotect(0x7f65682b3000, 4096, PROT_READ|PROT_WRITE <unfinished ...>
2344  mprotect(0x7f65702a5000, 4096, PROT_READ|PROT_WRITE <unfinished ...>
2350  <... mprotect resumed>)           = 0
2349  mprotect(0x7f6554333000, 4096, PROT_READ|PROT_WRITE <unfinished ...>
2348  mprotect(0x7f656031a000, 4096, PROT_READ|PROT_WRITE <unfinished ...>
2346  mprotect(0x7f65642d8000, 4096, PROT_READ|PROT_WRITE <unfinished ...>
2347  <... mprotect resumed>)           = 0
2345  <... mprotect resumed>)           = 0
2344  <... mprotect resumed>)           = 0
2349  <... mprotect resumed>)           = 0
2348  <... mprotect resumed>)           = 0
2346  <... mprotect resumed>)           = 0
2351  mprotect(0x7f654c388000, 4096, PROT_READ|PROT_WRITE <unfinished ...>
2350  mprotect(0x7f655834c000, 4096, PROT_READ|PROT_WRITE <unfinished ...>
2347  mprotect(0x7f655c2f8000, 4096, PROT_READ|PROT_WRITE <unfinished ...>
2345  mprotect(0x7f65682b4000, 4096, PROT_READ|PROT_WRITE <unfinished ...>
2344  mprotect(0x7f65702a6000, 4096, PROT_READ|PROT_WRITE <unfinished ...>
2351  <... mprotect resumed>)           = 0
2350  <... mprotect resumed>)           = 0
2348  mprotect(0x7f656031b000, 4096, PROT_READ|PROT_WRITE <unfinished ...>
2346  mprotect(0x7f65642d9000, 4096, PROT_READ|PROT_WRITE <unfinished ...>
2350  mprotect(0x7f655834d000, 4096, PROT_READ|PROT_WRITE <unfinished ...>
2349  mprotect(0x7f6554334000, 4096, PROT_READ|PROT_WRITE <unfinished ...>
2347  <... mprotect resumed>)           = 0
2345  <... mprotect resumed>)           = 0
2344  <... mprotect resumed>)           = 0
2346  <... mprotect resumed>)           = 0
2349  <... mprotect resumed>)           = 0
2348  <... mprotect resumed>)           = 0
2351  mprotect(0x7f654c389000, 4096, PROT_READ|PROT_WRITE <unfinished ...>
2344  mprotect(0x7f65702a7000, 4096, PROT_READ|PROT_WRITE <unfinished ...>
2350  <... mprotect resumed>)           = 0
2351  <... mprotect resumed>)           = 0
2344  <... mprotect resumed>)           = 0
2348  mprotect(0x7f656031c000, 4096, PROT_READ|PROT_WRITE <unfinished ...>
2347  mprotect(0x7f655c2f9000, 4096, PROT_READ|PROT_WRITE <unfinished ...>
2346  mprotect(0x7f65642da000, 4096, PROT_READ|PROT_WRITE <unfinished ...>
2345  mprotect(0x7f65682b5000, 4096, PROT_READ|PROT_WRITE <unfinished ...>
2350  mprotect(0x7f655834e000, 4096, PROT_READ|PROT_WRITE <unfinished ...>
2349  mprotect(0x7f6554335000, 4096, PROT_READ|PROT_WRITE <unfinished ...>
2347  <... mprotect resumed>)           = 0
2346  <... mprotect resumed>)           = 0
2350  <... mprotect resumed>)           = 0
2349  <... mprotect resumed>)           = 0
2348  <... mprotect resumed>)           = 0
2345  <... mprotect resumed>)           = 0
2344  mprotect(0x7f65702a8000, 4096, PROT_READ|PROT_WRITE <unfinished ...>
2351  mprotect(0x7f654c38a000, 4096, PROT_READ|PROT_WRITE <unfinished ...>
2347  mprotect(0x7f655c2fa000, 4096, PROT_READ|PROT_WRITE <unfinished ...>
2351  <... mprotect resumed>)           = 0
2350  mprotect(0x7f655834f000, 4096, PROT_READ|PROT_WRITE <unfinished ...>
2346  mprotect(0x7f65642db000, 4096, PROT_READ|PROT_WRITE <unfinished ...>
2349  mprotect(0x7f6554336000, 4096, PROT_READ|PROT_WRITE <unfinished ...>
2348  mprotect(0x7f656031d000, 4096, PROT_READ|PROT_WRITE <unfinished ...>
2347  <... mprotect resumed>)           = 0
2345  mprotect(0x7f65682b6000, 4096, PROT_READ|PROT_WRITE <unfinished ...>
2350  <... mprotect resumed>)           = 0
2349  <... mprotect resumed>)           = 0
2346  <... mprotect resumed>)           = 0
2344  <... mprotect resumed>)           = 0
2348  <... mprotect resumed>)           = 0
2345  <... mprotect resumed>)           = 0
2349  mprotect(0x7f6554337000, 4096, PROT_READ|PROT_WRITE <unfinished ...>
2347  mprotect(0x7f655c2fb000, 4096, PROT_READ|PROT_WRITE <unfinished ...>
2346  mprotect(0x7f65642dc000, 4096, PROT_READ|PROT_WRITE <unfinished ...>
2344  mprotect(0x7f65702a9000, 4096, PROT_READ|PROT_WRITE <unfinished ...>
2351  mprotect(0x7f654c38b000, 4096, PROT_READ|PROT_WRITE <unfinished ...>
2349  <... mprotect resumed>)           = 0
2348  mprotect(0x7f656031e000, 4096, PROT_READ|PROT_WRITE <unfinished ...>
2345  mprotect(0x7f65682b7000, 4096, PROT_READ|PROT_WRITE <unfinished ...>
2351  <... mprotect resumed>)           = 0
2350  mprotect(0x7f6558350000, 4096, PROT_READ|PROT_WRITE <unfinished ...>
2347  <... mprotect resumed>)           = 0
2346  <... mprotect resumed>)           = 0
2344  <... mprotect resumed>)           = 0
2350  <... mprotect resumed>)           = 0
2348  <... mprotect resumed>)           = 0
2346  mprotect(0x7f65642dd000, 4096, PROT_READ|PROT_WRITE <unfinished ...>
2345  <... mprotect resumed>)           = 0
2344  mprotect(0x7f65702aa000, 4096, PROT_READ|PROT_WRITE <unfinished ...>
2346  <... mprotect resumed>)           = 0
2344  <... mprotect resumed>)           = 0
2349  mprotect(0x7f6554338000, 4096, PROT_READ|PROT_WRITE <unfinished ...>
2348  mprotect(0x7f656031f000, 4096, PROT_READ|PROT_WRITE <unfinished ...>
2346  mprotect(0x7f65642de000, 4096, PROT_READ|PROT_WRITE <unfinished ...>
2345  mprotect(0x7f65682b8000, 4096, PROT_READ|PROT_WRITE <unfinished ...>
2350  mprotect(0x7f6558351000, 4096, PROT_READ|PROT_WRITE <unfinished ...>
2349  <... mprotect resumed>)           = 0
2347  mprotect(0x7f655c2fc000, 4096, PROT_READ|PROT_WRITE <unfinished ...>
2351  mprotect(0x7f654c38c000, 4096, PROT_READ|PROT_WRITE <unfinished ...>
2344  mprotect(0x7f65702ab000, 4096, PROT_READ|PROT_WRITE <unfinished ...>
2350  <... mprotect resumed>)           = 0
2348  <... mprotect resumed>)           = 0
2347  <... mprotect resumed>)           = 0
2346  <... mprotect resumed>)           = 0
2345  <... mprotect resumed>)           = 0
2351  <... mprotect resumed>)           = 0
2350  mprotect(0x7f6558352000, 4096, PROT_READ|PROT_WRITE <unfinished ...>
2349  mprotect(0x7f6554339000, 4096, PROT_READ|PROT_WRITE <unfinished ...>
2347  mprotect(0x7f655c2fd000, 4096, PROT_READ|PROT_WRITE <unfinished ...>
2344  <... mprotect resumed>)           = 0
2351  mprotect(0x7f654c38d000, 4096, PROT_READ|PROT_WRITE <unfinished ...>
2350  <... mprotect resumed>)           = 0
2348  mprotect(0x7f6560320000, 4096, PROT_READ|PROT_WRITE <unfinished ...>
2346  mprotect(0x7f65642df000, 4096, PROT_READ|PROT_WRITE <unfinished ...>
2345  mprotect(0x7f65682b9000, 4096, PROT_READ|PROT_WRITE <unfinished ...>
2351  <... mprotect resumed>)           = 0
2349  <... mprotect resumed>)           = 0
2348  <... mprotect resumed>)           = 0
2347  <... mprotect resumed>)           = 0
2346  <... mprotect resumed>)           = 0
2345  <... mprotect resumed>)           = 0
2344  mprotect(0x7f65702ac000, 4096, PROT_READ|PROT_WRITE <unfinished ...>
2350  mprotect(0x7f6558353000, 4096, PROT_READ|PROT_WRITE <unfinished ...>
2351  mprotect(0x7f654c38e000, 4096, PROT_READ|PROT_WRITE <unfinished ...>
2348  mprotect(0x7f6560321000, 4096, PROT_READ|PROT_WRITE <unfinished ...>
2346  mprotect(0x7f65642e0000, 4096, PROT_READ|PROT_WRITE <unfinished ...>
2345  mprotect(0x7f65682ba000, 4096, PROT_READ|PROT_WRITE <unfinished ...>
2344  <... mprotect resumed>)           = 0
2351  <... mprotect resumed>)           = 0
2350  <... mprotect resumed>)           = 0
2349  mprotect(0x7f655433a000, 4096, PROT_READ|PROT_WRITE <unfinished ...>
2348  <... mprotect resumed>)           = 0
2347  mprotect(0x7f655c2fe000, 4096, PROT_READ|PROT_WRITE <unfinished ...>
2345  <... mprotect resumed>)           = 0
2350  mprotect(0x7f6558354000, 4096, PROT_READ|PROT_WRITE <unfinished ...>
2349  <... mprotect resumed>)           = 0
2346  <... mprotect resumed>)           = 0
2344  mprotect(0x7f65702ad000, 4096, PROT_READ|PROT_WRITE <unfinished ...>
2351  mprotect(0x7f654c38f000, 4096, PROT_READ|PROT_WRITE <unfinished ...>
2350  <... mprotect resumed>)           = 0
2348  mprotect(0x7f6560322000, 4096, PROT_READ|PROT_WRITE <unfinished ...>
2347  <... mprotect resumed>)           = 0
2345  mprotect(0x7f65682bb000, 4096, PROT_READ|PROT_WRITE <unfinished ...>
2346  mprotect(0x7f65642e1000, 4096, PROT_READ|PROT_WRITE <unfinished ...>
2344  <... mprotect resumed>)           = 0
2351  <... mprotect resumed>)           = 0
2349  mprotect(0x7f655433b000, 4096, PROT_READ|PROT_WRITE <unfinished ...>
2348  <... mprotect resumed>)           = 0
2345  <... mprotect resumed>)           = 0
2350  mprotect(0x7f6558355000, 4096, PROT_READ|PROT_WRITE <unfinished ...>
2346  <... mprotect resumed>)           = 0
2349  <... mprotect resumed>)           = 0
2344  mprotect(0x7f65702ae000, 4096, PROT_READ|PROT_WRITE <unfinished ...>
2350  <... mprotect resumed>)           = 0
2347  mprotect(0x7f655c2ff000, 4096, PROT_READ|PROT_WRITE <unfinished ...>
2348  mprotect(0x7f6560323000, 4096, PROT_READ|PROT_WRITE <unfinished ...>
2344  <... mprotect resumed>)           = 0
2348  <... mprotect resumed>)           = 0
2347  <... mprotect resumed>)           = 0
2345  mprotect(0x7f65682bc000, 4096, PROT_READ|PROT_WRITE <unfinished ...>
2351  mprotect(0x7f654c390000, 4096, PROT_READ|PROT_WRITE <unfinished ...>
2349  mprotect(0x7f655433c000, 4096, PROT_READ|PROT_WRITE <unfinished ...>
2348  mprotect(0x7f6560324000, 4096, PROT_READ|PROT_WRITE <unfinished ...>
2346  mprotect(0x7f65642e2000, 4096, PROT_READ|PROT_WRITE <unfinished ...>
2345  <... mprotect resumed>)           = 0
2344  mprotect(0x7f65702af000, 4096, PROT_READ|PROT_WRITE <unfinished ...>
2351  <... mprotect resumed>)           = 0
2350  mprotect(0x7f6558356000, 4096, PROT_READ|PROT_WRITE <unfinished ...>
2347  mprotect(0x7f655c300000, 4096, PROT_READ|PROT_WRITE <unfinished ...>
2349  <... mprotect resumed>)           = 0
2348  <... mprotect resumed>)           = 0
2344  <... mprotect resumed>)           = 0
2350  <... mprotect resumed>)           = 0
2347  <... mprotect resumed>)           = 0
2346  <... mprotect resumed>)           = 0
2345  mprotect(0x7f65682bd000, 4096, PROT_READ|PROT_WRITE <unfinished ...>
2344  mprotect(0x7f65702b0000, 4096, PROT_READ|PROT_WRITE <unfinished ...>
2351  mprotect(0x7f654c391000, 4096, PROT_READ|PROT_WRITE <unfinished ...>
2349  mprotect(0x7f655433d000, 4096, PROT_READ|PROT_WRITE <unfinished ...>
2351  <... mprotect resumed>)           = 0
2348  mprotect(0x7f6560325000, 4096, PROT_READ|PROT_WRITE <unfinished ...>
2350  mprotect(0x7f6558357000, 4096, PROT_READ|PROT_WRITE <unfinished ...>
2349  <... mprotect resumed>)           = 0
2347  mprotect(0x7f655c301000, 4096, PROT_READ|PROT_WRITE <unfinished ...>
2345  <... mprotect resumed>)           = 0
2344  <... mprotect resumed>)           = 0
2351  mprotect(0x7f654c392000, 4096, PROT_READ|PROT_WRITE <unfinished ...>
2350  <... mprotect resumed>)           = 0
2348  <... mprotect resumed>)           = 0
2347  <... mprotect resumed>)           = 0
2346  mprotect(0x7f65642e3000, 4096, PROT_READ|PROT_WRITE <unfinished ...>
2345  mprotect(0x7f65682be000, 4096, PROT_READ|PROT_WRITE <unfinished ...>
2351  <... mprotect resumed>)           = 0
2349  mprotect(0x7f655433e000, 4096, PROT_READ|PROT_WRITE <unfinished ...>
2344  mprotect(0x7f65702b1000, 4096, PROT_READ|PROT_WRITE <unfinished ...>
2349  <... mprotect resumed>)           = 0
2346  <... mprotect resumed>)           = 0
2344  <... mprotect resumed>)           = 0
2345  <... mprotect resumed>)           = 0
2348  mprotect(0x7f6560326000, 4096, PROT_READ|PROT_WRITE <unfinished ...>
2350  mprotect(0x7f6558358000, 4096, PROT_READ|PROT_WRITE <unfinished ...>
2347  mprotect(0x7f655c302000, 4096, PROT_READ|PROT_WRITE <unfinished ...>
2346  mprotect(0x7f65642e4000, 4096, PROT_READ|PROT_WRITE <unfinished ...>
2350  <... mprotect resumed>)           = 0
2348  <... mprotect resumed>)           = 0
2345  mprotect(0x7f65682bf000, 4096, PROT_READ|PROT_WRITE <unfinished ...>
2351  mprotect(0x7f654c393000, 4096, PROT_READ|PROT_WRITE <unfinished ...>
2350  mprotect(0x7f6558359000, 4096, PROT_READ|PROT_WRITE <unfinished ...>
2349  mprotect(0x7f655433f000, 4096, PROT_READ|PROT_WRITE <unfinished ...>
2347  <... mprotect resumed>)           = 0
2346  <... mprotect resumed>)           = 0
2345  <... mprotect resumed>)           = 0
2344  mprotect(0x7f65702b2000, 4096, PROT_READ|PROT_WRITE <unfinished ...>
2351  <... mprotect resumed>)           = 0
2350  <... mprotect resumed>)           = 0
2349  <... mprotect resumed>)           = 0
2348  mprotect(0x7f6560327000, 4096, PROT_READ|PROT_WRITE <unfinished ...>
2347  mprotect(0x7f655c303000, 4096, PROT_READ|PROT_WRITE <unfinished ...>
2344  <... mprotect resumed>)           = 0
2348  <... mprotect resumed>)           = 0
2346  mprotect(0x7f65642e5000, 4096, PROT_READ|PROT_WRITE <unfinished ...>
2345  mprotect(0x7f65682c0000, 4096, PROT_READ|PROT_WRITE <unfinished ...>
2346  <... mprotect resumed>)           = 0
2344  mprotect(0x7f65702b3000, 4096, PROT_READ|PROT_WRITE <unfinished ...>
2348  mprotect(0x7f6560328000, 4096, PROT_READ|PROT_WRITE <unfinished ...>
2344  <... mprotect resumed>)           = 0
2348  <... mprotect resumed>)           = 0
2347  <... mprotect resumed>)           = 0
2351  mprotect(0x7f654c394000, 4096, PROT_READ|PROT_WRITE <unfinished ...>
2350  mprotect(0x7f655835a000, 4096, PROT_READ|PROT_WRITE <unfinished ...>
2349  mprotect(0x7f6554340000, 4096, PROT_READ|PROT_WRITE <unfinished ...>
2345  <... mprotect resumed>)           = 0
2344  mprotect(0x7f65702b4000, 4096, PROT_READ|PROT_WRITE <unfinished ...>
2351  <... mprotect resumed>)           = 0
2346  mprotect(0x7f65642e6000, 4096, PROT_READ|PROT_WRITE <unfinished ...>
2348  mprotect(0x7f6560329000, 4096, PROT_READ|PROT_WRITE <unfinished ...>
2347  mprotect(0x7f655c304000, 4096, PROT_READ|PROT_WRITE <unfinished ...>
2349  <... mprotect resumed>)           = 0
2346  <... mprotect resumed>)           = 0
2348  <... mprotect resumed>)           = 0
2347  <... mprotect resumed>)           = 0
2345  mprotect(0x7f65682c1000, 4096, PROT_READ|PROT_WRITE <unfinished ...>
2350  <... mprotect resumed>)           = 0
2346  mprotect(0x7f65642e7000, 4096, PROT_READ|PROT_WRITE <unfinished ...>
2344  <... mprotect resumed>)           = 0
2351  mprotect(0x7f654c395000, 4096, PROT_READ|PROT_WRITE <unfinished ...>
2346  <... mprotect resumed>)           = 0
2349  mprotect(0x7f6554341000, 4096, PROT_READ|PROT_WRITE <unfinished ...>
2348  mprotect(0x7f656032a000, 4096, PROT_READ|PROT_WRITE <unfinished ...>
2345  <... mprotect resumed>)           = 0
2351  <... mprotect resumed>)           = 0
2349  <... mprotect resumed>)           = 0
2348  <... mprotect resumed>)           = 0
2347  mprotect(0x7f655c305000, 4096, PROT_READ|PROT_WRITE <unfinished ...>
2344  mprotect(0x7f65702b5000, 4096, PROT_READ|PROT_WRITE <unfinished ...>
2350  mprotect(0x7f655835b000, 4096, PROT_READ|PROT_WRITE <unfinished ...>
2346  mprotect(0x7f65642e8000, 4096, PROT_READ|PROT_WRITE <unfinished ...>
2345  mprotect(0x7f65682c2000, 4096, PROT_READ|PROT_WRITE <unfinished ...>
2350  <... mprotect resumed>)           = 0
2347  <... mprotect resumed>)           = 0
2344  <... mprotect resumed>)           = 0
2349  mprotect(0x7f6554342000, 4096, PROT_READ|PROT_WRITE <unfinished ...>
2348  mprotect(0x7f656032b000, 4096, PROT_READ|PROT_WRITE <unfinished ...>
2346  <... mprotect resumed>)           = 0
2345  <... mprotect resumed>)           = 0
2351  mprotect(0x7f654c396000, 4096, PROT_READ|PROT_WRITE <unfinished ...>
2349  <... mprotect resumed>)           = 0
2348  <... mprotect resumed>)           = 0
2350  mprotect(0x7f655835c000, 4096, PROT_READ|PROT_WRITE <unfinished ...>
2347  mprotect(0x7f655c306000, 4096, PROT_READ|PROT_WRITE <unfinished ...>
2351  <... mprotect resumed>)           = 0
2344  mprotect(0x7f65702b6000, 4096, PROT_READ|PROT_WRITE <unfinished ...>
2350  <... mprotect resumed>)           = 0
2345  mprotect(0x7f65682c3000, 4096, PROT_READ|PROT_WRITE <unfinished ...>
2349  mprotect(0x7f6554343000, 4096, PROT_READ|PROT_WRITE <unfinished ...>
2348  mprotect(0x7f656032c000, 4096, PROT_READ|PROT_WRITE <unfinished ...>
2347  <... mprotect resumed>)           = 0
2346  mprotect(0x7f65642e9000, 4096, PROT_READ|PROT_WRITE <unfinished ...>
2344  <... mprotect resumed>)           = 0
2350  mprotect(0x7f655835d000, 4096, PROT_READ|PROT_WRITE <unfinished ...>
2349  <... mprotect resumed>)           = 0
2348  <... mprotect resumed>)           = 0
2345  <... mprotect resumed>)           = 0
2350  <... mprotect resumed>)           = 0
2347  mprotect(0x7f655c307000, 4096, PROT_READ|PROT_WRITE <unfinished ...>
2346  <... mprotect resumed>)           = 0
2344  mprotect(0x7f65702b7000, 4096, PROT_READ|PROT_WRITE <unfinished ...>
2351  mprotect(0x7f654c397000, 4096, PROT_READ|PROT_WRITE <unfinished ...>
2350  mprotect(0x7f655835e000, 4096, PROT_READ|PROT_WRITE <unfinished ...>
2349  mprotect(0x7f6554344000, 4096, PROT_READ|PROT_WRITE <unfinished ...>
2348  mprotect(0x7f656032d000, 4096, PROT_READ|PROT_WRITE <unfinished ...>
2347  <... mprotect resumed>)           = 0
2344  <... mprotect resumed>)           = 0
2350  <... mprotect resumed>)           = 0
2349  <... mprotect resumed>)           = 0
2346  mprotect(0x7f65642ea000, 4096, PROT_READ|PROT_WRITE <unfinished ...>
2351  <... mprotect resumed>)           = 0
2348  <... mprotect resumed>)           = 0
2350  mprotect(0x7f655835f000, 4096, PROT_READ|PROT_WRITE <unfinished ...>
2347  mprotect(0x7f655c308000, 4096, PROT_READ|PROT_WRITE <unfinished ...>
2345  mprotect(0x7f65682c4000, 4096, PROT_READ|PROT_WRITE <unfinished ...>
2344  mprotect(0x7f65702b8000, 4096, PROT_READ|PROT_WRITE <unfinished ...>
2350  <... mprotect resumed>)           = 0
2349  mprotect(0x7f6554345000, 4096, PROT_READ|PROT_WRITE <unfinished ...>
2348  mprotect(0x7f656032e000, 4096, PROT_READ|PROT_WRITE <unfinished ...>
2346  <... mprotect resumed>)           = 0
2351  mprotect(0x7f654c398000, 4096, PROT_READ|PROT_WRITE <unfinished ...>
2347  <... mprotect resumed>)           = 0
2344  <... mprotect resumed>)           = 0
2351  <... mprotect resumed>)           = 0
2349  <... mprotect resumed>)           = 0
2348  <... mprotect resumed>)           = 0
2347  mprotect(0x7f655c309000, 4096, PROT_READ|PROT_WRITE <unfinished ...>
2345  <... mprotect resumed>)           = 0
2344  mprotect(0x7f65702b9000, 4096, PROT_READ|PROT_WRITE <unfinished ...>
2350  mprotect(0x7f6558360000, 4096, PROT_READ|PROT_WRITE <unfinished ...>
2346  mprotect(0x7f65642eb000, 4096, PROT_READ|PROT_WRITE <unfinished ...>
2344  <... mprotect resumed>)           = 0
2347  <... mprotect resumed>)           = 0
2349  mprotect(0x7f6554346000, 4096, PROT_READ|PROT_WRITE <unfinished ...>
2348  mprotect(0x7f656032f000, 4096, PROT_READ|PROT_WRITE <unfinished ...>
2350  <... mprotect resumed>)           = 0
2346  <... mprotect resumed>)           = 0
2345  mprotect(0x7f65682c5000, 4096, PROT_READ|PROT_WRITE <unfinished ...>
2344  mprotect(0x7f65702ba000, 4096, PROT_READ|PROT_WRITE <unfinished ...>
2351  mprotect(0x7f654c399000, 4096, PROT_READ|PROT_WRITE <unfinished ...>
2349  <... mprotect resumed>)           = 0
2348  <... mprotect resumed>)           = 0
2347  mprotect(0x7f655c30a000, 4096, PROT_READ|PROT_WRITE <unfinished ...>
2345  <... mprotect resumed>)           = 0
2351  <... mprotect resumed>)           = 0
2350  mprotect(0x7f6558361000, 4096, PROT_READ|PROT_WRITE <unfinished ...>
2346  mprotect(0x7f65642ec000, 4096, PROT_READ|PROT_WRITE <unfinished ...>
2344  <... mprotect resumed>)           = 0
2350  <... mprotect resumed>)           = 0
2349  mprotect(0x7f6554347000, 4096, PROT_READ|PROT_WRITE <unfinished ...>
2347  <... mprotect resumed>)           = 0
2348  mprotect(0x7f6560330000, 4096, PROT_READ|PROT_WRITE <unfinished ...>
2345  mprotect(0x7f65682c6000, 4096, PROT_READ|PROT_WRITE <unfinished ...>
2344  mprotect(0x7f65702bb000, 4096, PROT_READ|PROT_WRITE <unfinished ...>
2349  <... mprotect resumed>)           = 0
2346  <... mprotect resumed>)           = 0
2345  <... mprotect resumed>)           = 0
2344  <... mprotect resumed>)           = 0
2351  mprotect(0x7f654c39a000, 4096, PROT_READ|PROT_WRITE) = 0
2350  mprotect(0x7f6558362000, 4096, PROT_READ|PROT_WRITE) = 0
2346  mprotect(0x7f65642ed000, 4096, PROT_READ|PROT_WRITE) = 0
2349  mprotect(0x7f6554348000, 4096, PROT_READ|PROT_WRITE <unfinished ...>
2344  mprotect(0x7f65702bc000, 4096, PROT_READ|PROT_WRITE <unfinished ...>
2349  <... mprotect resumed>)           = 0
2345  mprotect(0x7f65682c7000, 4096, PROT_READ|PROT_WRITE <unfinished ...>
2348  <... mprotect resumed>)           = 0
2347  mprotect(0x7f655c30b000, 4096, PROT_READ|PROT_WRITE <unfinished ...>
2344  <... mprotect resumed>)           = 0
2346  mprotect(0x7f65642ee000, 4096, PROT_READ|PROT_WRITE <unfinished ...>
2345  <... mprotect resumed>)           = 0
2351  mprotect(0x7f654c39b000, 4096, PROT_READ|PROT_WRITE <unfinished ...>
2350  mprotect(0x7f6558363000, 4096, PROT_READ|PROT_WRITE <unfinished ...>
2347  <... mprotect resumed>)           = 0
2349  mprotect(0x7f6554349000, 4096, PROT_READ|PROT_WRITE <unfinished ...>
2348  mprotect(0x7f6560331000, 4096, PROT_READ|PROT_WRITE <unfinished ...>
2346  <... mprotect resumed>)           = 0
2344  mprotect(0x7f65702bd000, 4096, PROT_READ|PROT_WRITE <unfinished ...>
2351  <... mprotect resumed>)           = 0
2350  <... mprotect resumed>)           = 0
2349  <... mprotect resumed>)           = 0
2345  mprotect(0x7f65682c8000, 4096, PROT_READ|PROT_WRITE <unfinished ...>
2348  <... mprotect resumed>)           = 0
2347  mprotect(0x7f655c30c000, 4096, PROT_READ|PROT_WRITE <unfinished ...>
2344  <... mprotect resumed>)           = 0
2346  mprotect(0x7f65642ef000, 4096, PROT_READ|PROT_WRITE <unfinished ...>
2345  <... mprotect resumed>)           = 0
2347  <... mprotect resumed>)           = 0
2349  mprotect(0x7f655434a000, 4096, PROT_READ|PROT_WRITE <unfinished ...>
2346  <... mprotect resumed>)           = 0
2348  mprotect(0x7f6560332000, 4096, PROT_READ|PROT_WRITE <unfinished ...>
2344  mprotect(0x7f65702be000, 4096, PROT_READ|PROT_WRITE <unfinished ...>
2351  mprotect(0x7f654c39c000, 4096, PROT_READ|PROT_WRITE <unfinished ...>
2350  mprotect(0x7f6558364000, 4096, PROT_READ|PROT_WRITE <unfinished ...>
2345  mprotect(0x7f65682c9000, 4096, PROT_READ|PROT_WRITE <unfinished ...>
2349  <... mprotect resumed>)           = 0
2344  <... mprotect resumed>)           = 0
2351  <... mprotect resumed>)           = 0
2348  <... mprotect resumed>)           = 0
2350  <... mprotect resumed>)           = 0
2349  mprotect(0x7f655434b000, 4096, PROT_READ|PROT_WRITE <unfinished ...>
2346  mprotect(0x7f65642f0000, 4096, PROT_READ|PROT_WRITE <unfinished ...>
2344  mprotect(0x7f65702bf000, 4096, PROT_READ|PROT_WRITE <unfinished ...>
2347  mprotect(0x7f655c30d000, 4096, PROT_READ|PROT_WRITE <unfinished ...>
2349  <... mprotect resumed>)           = 0
2348  mprotect(0x7f6560333000, 4096, PROT_READ|PROT_WRITE <unfinished ...>
2347  <... mprotect resumed>)           = 0
2345  <... mprotect resumed>)           = 0
2344  <... mprotect resumed>)           = 0
2351  mprotect(0x7f654c39d000, 4096, PROT_READ|PROT_WRITE <unfinished ...>
2350  mprotect(0x7f6558365000, 4096, PROT_READ|PROT_WRITE <unfinished ...>
2348  <... mprotect resumed>)           = 0
2346  <... mprotect resumed>)           = 0
2351  <... mprotect resumed>)           = 0
2350  <... mprotect resumed>)           = 0
2349  mprotect(0x7f655434c000, 4096, PROT_READ|PROT_WRITE <unfinished ...>
2344  mprotect(0x7f65702c0000, 4096, PROT_READ|PROT_WRITE <unfinished ...>
2349  <... mprotect resumed>)           = 0
2346  mprotect(0x7f65642f1000, 4096, PROT_READ|PROT_WRITE <unfinished ...>
2348  mprotect(0x7f6560334000, 4096, PROT_READ|PROT_WRITE <unfinished ...>
2350  mprotect(0x7f6558366000, 4096, PROT_READ|PROT_WRITE <unfinished ...>
2347  mprotect(0x7f655c30e000, 4096, PROT_READ|PROT_WRITE <unfinished ...>
2346  <... mprotect resumed>)           = 0
2345  mprotect(0x7f65682ca000, 4096, PROT_READ|PROT_WRITE <unfinished ...>
2344  <... mprotect resumed>)           = 0
2351  mprotect(0x7f654c39e000, 4096, PROT_READ|PROT_WRITE <unfinished ...>
2350  <... mprotect resumed>)           = 0
2349  mprotect(0x7f655434d000, 4096, PROT_READ|PROT_WRITE <unfinished ...>
2348  <... mprotect resumed>)           = 0
2351  <... mprotect resumed>)           = 0
2347  <... mprotect resumed>)           = 0
2345  <... mprotect resumed>)           = 0
2346  mprotect(0x7f65642f2000, 4096, PROT_READ|PROT_WRITE <unfinished ...>
2344  mprotect(0x7f65702c1000, 4096, PROT_READ|PROT_WRITE <unfinished ...>
2349  <... mprotect resumed>)           = 0
2350  mprotect(0x7f6558367000, 4096, PROT_READ|PROT_WRITE <unfinished ...>
2348  mprotect(0x7f6560335000, 4096, PROT_READ|PROT_WRITE <unfinished ...>
2347  mprotect(0x7f655c30f000, 4096, PROT_READ|PROT_WRITE <unfinished ...>
2346  <... mprotect resumed>)           = 0
2345  mprotect(0x7f65682cb000, 4096, PROT_READ|PROT_WRITE <unfinished ...>
2344  <... mprotect resumed>)           = 0
2351  mprotect(0x7f654c39f000, 4096, PROT_READ|PROT_WRITE <unfinished ...>
2350  <... mprotect resumed>)           = 0
2351  <... mprotect resumed>)           = 0
2350  mprotect(0x7f6558368000, 4096, PROT_READ|PROT_WRITE <unfinished ...>
2349  mprotect(0x7f655434e000, 4096, PROT_READ|PROT_WRITE <unfinished ...>
2348  <... mprotect resumed>)           = 0
2347  <... mprotect resumed>)           = 0
2346  mprotect(0x7f65642f3000, 4096, PROT_READ|PROT_WRITE <unfinished ...>
2345  <... mprotect resumed>)           = 0
2344  mprotect(0x7f65702c2000, 4096, PROT_READ|PROT_WRITE <unfinished ...>
2350  <... mprotect resumed>)           = 0
2349  <... mprotect resumed>)           = 0
2346  <... mprotect resumed>)           = 0
2351  mprotect(0x7f654c3a0000, 4096, PROT_READ|PROT_WRITE <unfinished ...>
2348  mprotect(0x7f6560336000, 4096, PROT_READ|PROT_WRITE <unfinished ...>
2347  mprotect(0x7f655c310000, 4096, PROT_READ|PROT_WRITE <unfinished ...>
2345  mprotect(0x7f65682cc000, 4096, PROT_READ|PROT_WRITE <unfinished ...>
2344  <... mprotect resumed>)           = 0
2351  <... mprotect resumed>)           = 0
2346  mprotect(0x7f65642f4000, 4096, PROT_READ|PROT_WRITE <unfinished ...>
2350  mprotect(0x7f6558369000, 4096, PROT_READ|PROT_WRITE <unfinished ...>
2349  mprotect(0x7f655434f000, 4096, PROT_READ|PROT_WRITE <unfinished ...>
2348  <... mprotect resumed>)           = 0
2347  <... mprotect resumed>)           = 0
2345  <... mprotect resumed>)           = 0
2344  mprotect(0x7f65702c3000, 4096, PROT_READ|PROT_WRITE <unfinished ...>
2350  <... mprotect resumed>)           = 0
2349  <... mprotect resumed>)           = 0
2346  <... mprotect resumed>)           = 0
2344  <... mprotect resumed>)           = 0
2351  mprotect(0x7f654c3a1000, 4096, PROT_READ|PROT_WRITE <unfinished ...>
2348  mprotect(0x7f6560337000, 4096, PROT_READ|PROT_WRITE <unfinished ...>
2346  mprotect(0x7f65642f5000, 4096, PROT_READ|PROT_WRITE <unfinished ...>
2345  mprotect(0x7f65682cd000, 4096, PROT_READ|PROT_WRITE <unfinished ...>
2351  <... mprotect resumed>)           = 0
2349  mprotect(0x7f6554350000, 4096, PROT_READ|PROT_WRITE <unfinished ...>
2347  mprotect(0x7f655c311000, 4096, PROT_READ|PROT_WRITE <unfinished ...>
2346  <... mprotect resumed>)           = 0
2348  <... mprotect resumed>)           = 0
2345  <... mprotect resumed>)           = 0
2349  <... mprotect resumed>)           = 0
2344  mprotect(0x7f65702c4000, 4096, PROT_READ|PROT_WRITE <unfinished ...>
2350  mprotect(0x7f655836a000, 4096, PROT_READ|PROT_WRITE <unfinished ...>
2347  <... mprotect resumed>)           = 0
2344  <... mprotect resumed>)           = 0
2350  <... mprotect resumed>)           = 0
2349  mprotect(0x7f6554351000, 4096, PROT_READ|PROT_WRITE <unfinished ...>
2345  mprotect(0x7f65682ce000, 4096, PROT_READ|PROT_WRITE <unfinished ...>
2349  <... mprotect resumed>)           = 0
2348  mprotect(0x7f6560338000, 4096, PROT_READ|PROT_WRITE <unfinished ...>
2344  mprotect(0x7f65702c5000, 4096, PROT_READ|PROT_WRITE <unfinished ...>
2351  mprotect(0x7f654c3a2000, 4096, PROT_READ|PROT_WRITE <unfinished ...>
2347  mprotect(0x7f655c312000, 4096, PROT_READ|PROT_WRITE <unfinished ...>
2346  mprotect(0x7f65642f6000, 4096, PROT_READ|PROT_WRITE <unfinished ...>
2345  <... mprotect resumed>)           = 0
2351  <... mprotect resumed>)           = 0
2350  mprotect(0x7f655836b000, 4096, PROT_READ|PROT_WRITE <unfinished ...>
2348  <... mprotect resumed>)           = 0
2347  <... mprotect resumed>)           = 0
2346  <... mprotect resumed>)           = 0
2344  <... mprotect resumed>)           = 0
2350  <... mprotect resumed>)           = 0
2349  mprotect(0x7f6554352000, 4096, PROT_READ|PROT_WRITE <unfinished ...>
2345  mprotect(0x7f65682cf000, 4096, PROT_READ|PROT_WRITE <unfinished ...>
2349  <... mprotect resumed>)           = 0
2348  mprotect(0x7f6560339000, 4096, PROT_READ|PROT_WRITE <unfinished ...>
2345  <... mprotect resumed>)           = 0
2351  mprotect(0x7f654c3a3000, 4096, PROT_READ|PROT_WRITE <unfinished ...>
2347  mprotect(0x7f655c313000, 4096, PROT_READ|PROT_WRITE <unfinished ...>
2346  mprotect(0x7f65642f7000, 4096, PROT_READ|PROT_WRITE <unfinished ...>
2344  mprotect(0x7f65702c6000, 4096, PROT_READ|PROT_WRITE <unfinished ...>
2348  <... mprotect resumed>)           = 0
2347  <... mprotect resumed>)           = 0
2351  <... mprotect resumed>)           = 0
2349  mprotect(0x7f6554353000, 4096, PROT_READ|PROT_WRITE <unfinished ...>
2346  <... mprotect resumed>)           = 0
2345  mprotect(0x7f65682d0000, 4096, PROT_READ|PROT_WRITE <unfinished ...>
2344  <... mprotect resumed>)           = 0
2350  mprotect(0x7f655836c000, 4096, PROT_READ|PROT_WRITE) = 0
2349  <... mprotect resumed>)           = 0
2347  mprotect(0x7f655c314000, 4096, PROT_READ|PROT_WRITE <unfinished ...>
2351  mprotect(0x7f654c3a4000, 4096, PROT_READ|PROT_WRITE <unfinished ...>
2348  mprotect(0x7f656033a000, 4096, PROT_READ|PROT_WRITE <unfinished ...>
2347  <... mprotect resumed>)           = 0
2346  mprotect(0x7f65642f8000, 4096, PROT_READ|PROT_WRITE <unfinished ...>
2345  <... mprotect resumed>)           = 0
2344  mprotect(0x7f65702c7000, 4096, PROT_READ|PROT_WRITE <unfinished ...>
2351  <... mprotect resumed>)           = 0
2349  mprotect(0x7f6554354000, 4096, PROT_READ|PROT_WRITE <unfinished ...>
2348  <... mprotect resumed>)           = 0
2346  <... mprotect resumed>)           = 0
2350  mprotect(0x7f655836d000, 4096, PROT_READ|PROT_WRITE <unfinished ...>
2349  <... mprotect resumed>)           = 0
2347  mprotect(0x7f655c315000, 4096, PROT_READ|PROT_WRITE <unfinished ...>
2345  mprotect(0x7f65682d1000, 4096, PROT_READ|PROT_WRITE <unfinished ...>
2344  <... mprotect resumed>)           = 0
2351  mprotect(0x7f654c3a5000, 4096, PROT_READ|PROT_WRITE <unfinished ...>
2350  <... mprotect resumed>)           = 0
2348  mprotect(0x7f656033b000, 4096, PROT_READ|PROT_WRITE <unfinished ...>
2347  <... mprotect resumed>)           = 0
2345  <... mprotect resumed>)           = 0
2351  <... mprotect resumed>)           = 0
2348  <... mprotect resumed>)           = 0
2346  mprotect(0x7f65642f9000, 4096, PROT_READ|PROT_WRITE <unfinished ...>
2344  mprotect(0x7f65702c8000, 4096, PROT_READ|PROT_WRITE <unfinished ...>
2349  mprotect(0x7f6554355000, 4096, PROT_READ|PROT_WRITE <unfinished ...>
2345  mprotect(0x7f65682d2000, 4096, PROT_READ|PROT_WRITE <unfinished ...>
2350  mprotect(0x7f655836e000, 4096, PROT_READ|PROT_WRITE <unfinished ...>
2347  mprotect(0x7f655c316000, 4096, PROT_READ|PROT_WRITE <unfinished ...>
2348  mprotect(0x7f656033c000, 4096, PROT_READ|PROT_WRITE <unfinished ...>
2346  <... mprotect resumed>)           = 0
2344  <... mprotect resumed>)           = 0
2350  <... mprotect resumed>)           = 0
2349  <... mprotect resumed>)           = 0
2347  <... mprotect resumed>)           = 0
2351  mprotect(0x7f654c3a6000, 4096, PROT_READ|PROT_WRITE <unfinished ...>
2348  <... mprotect resumed>)           = 0
2345  <... mprotect resumed>)           = 0
2344  mprotect(0x7f65702c9000, 4096, PROT_READ|PROT_WRITE <unfinished ...>
2351  <... mprotect resumed>)           = 0
2346  mprotect(0x7f65642fa000, 4096, PROT_READ|PROT_WRITE <unfinished ...>
2347  mprotect(0x7f655c317000, 4096, PROT_READ|PROT_WRITE <unfinished ...>
2346  <... mprotect resumed>)           = 0
2350  mprotect(0x7f655836f000, 4096, PROT_READ|PROT_WRITE <unfinished ...>
2349  mprotect(0x7f6554356000, 4096, PROT_READ|PROT_WRITE <unfinished ...>
2347  <... mprotect resumed>)           = 0
2345  mprotect(0x7f65682d3000, 4096, PROT_READ|PROT_WRITE <unfinished ...>
2344  <... mprotect resumed>)           = 0
2350  <... mprotect resumed>)           = 0
2348  mprotect(0x7f656033d000, 4096, PROT_READ|PROT_WRITE <unfinished ...>
2346  mprotect(0x7f65642fb000, 4096, PROT_READ|PROT_WRITE <unfinished ...>
2345  <... mprotect resumed>)           = 0
2349  <... mprotect resumed>)           = 0
2351  mprotect(0x7f654c3a7000, 4096, PROT_READ|PROT_WRITE <unfinished ...>
2346  <... mprotect resumed>)           = 0
2351  <... mprotect resumed>)           = 0
2347  mprotect(0x7f655c318000, 4096, PROT_READ|PROT_WRITE <unfinished ...>
2350  mprotect(0x7f6558370000, 4096, PROT_READ|PROT_WRITE <unfinished ...>
2347  <... mprotect resumed>)           = 0
2344  mprotect(0x7f65702ca000, 4096, PROT_READ|PROT_WRITE <unfinished ...>
2350  <... mprotect resumed>)           = 0
2348  <... mprotect resumed>)           = 0
2347  mprotect(0x7f655c319000, 4096, PROT_READ|PROT_WRITE <unfinished ...>
2345  mprotect(0x7f65682d4000, 4096, PROT_READ|PROT_WRITE <unfinished ...>
2344  <... mprotect resumed>)           = 0
2351  mprotect(0x7f654c3a8000, 4096, PROT_READ|PROT_WRITE <unfinished ...>
2349  mprotect(0x7f6554357000, 4096, PROT_READ|PROT_WRITE <unfinished ...>
2348  mprotect(0x7f656033e000, 4096, PROT_READ|PROT_WRITE <unfinished ...>
2347  <... mprotect resumed>)           = 0
2346  mprotect(0x7f65642fc000, 4096, PROT_READ|PROT_WRITE <unfinished ...>
2345  <... mprotect resumed>)           = 0
2351  <... mprotect resumed>)           = 0
2350  mprotect(0x7f6558371000, 4096, PROT_READ|PROT_WRITE <unfinished ...>
2348  <... mprotect resumed>)           = 0
2344  mprotect(0x7f65702cb000, 4096, PROT_READ|PROT_WRITE <unfinished ...>
2349  <... mprotect resumed>)           = 0
2346  <... mprotect resumed>)           = 0
2350  <... mprotect resumed>)           = 0
2347  mprotect(0x7f655c31a000, 4096, PROT_READ|PROT_WRITE <unfinished ...>
2345  mprotect(0x7f65682d5000, 4096, PROT_READ|PROT_WRITE <unfinished ...>
2347  <... mprotect resumed>)           = 0
2344  <... mprotect resumed>)           = 0
2348  mprotect(0x7f656033f000, 4096, PROT_READ|PROT_WRITE <unfinished ...>
2346  mprotect(0x7f65642fd000, 4096, PROT_READ|PROT_WRITE <unfinished ...>
2345  <... mprotect resumed>)           = 0
2349  mprotect(0x7f6554358000, 4096, PROT_READ|PROT_WRITE <unfinished ...>
2348  <... mprotect resumed>)           = 0
2347  mprotect(0x7f655c31b000, 4096, PROT_READ|PROT_WRITE <unfinished ...>
2344  mprotect(0x7f65702cc000, 4096, PROT_READ|PROT_WRITE <unfinished ...>
2351  mprotect(0x7f654c3a9000, 4096, PROT_READ|PROT_WRITE <unfinished ...>
2350  mprotect(0x7f6558372000, 4096, PROT_READ|PROT_WRITE <unfinished ...>
2349  <... mprotect resumed>)           = 0
2346  <... mprotect resumed>)           = 0
2345  mprotect(0x7f65682d6000, 4096, PROT_READ|PROT_WRITE <unfinished ...>
2351  <... mprotect resumed>)           = 0
2348  mprotect(0x7f6560340000, 4096, PROT_READ|PROT_WRITE <unfinished ...>
2347  <... mprotect resumed>)           = 0
2344  <... mprotect resumed>)           = 0
2350  <... mprotect resumed>)           = 0
2348  <... mprotect resumed>)           = 0
2345  <... mprotect resumed>)           = 0
2346  mprotect(0x7f65642fe000, 4096, PROT_READ|PROT_WRITE <unfinished ...>
2349  mprotect(0x7f6554359000, 4096, PROT_READ|PROT_WRITE) = 0
2346  <... mprotect resumed>)           = 0
2351  mprotect(0x7f654c3aa000, 4096, PROT_READ|PROT_WRITE <unfinished ...>
2350  mprotect(0x7f6558373000, 4096, PROT_READ|PROT_WRITE <unfinished ...>
2347  mprotect(0x7f655c31c000, 4096, PROT_READ|PROT_WRITE <unfinished ...>
2344  mprotect(0x7f65702cd000, 4096, PROT_READ|PROT_WRITE <unfinished ...>
2351  <... mprotect resumed>)           = 0
2350  <... mprotect resumed>)           = 0
2349  mprotect(0x7f655435a000, 4096, PROT_READ|PROT_WRITE <unfinished ...>
2348  mprotect(0x7f6560341000, 4096, PROT_READ|PROT_WRITE <unfinished ...>
2347  <... mprotect resumed>)           = 0
2346  mprotect(0x7f65642ff000, 4096, PROT_READ|PROT_WRITE <unfinished ...>
2345  mprotect(0x7f65682d7000, 4096, PROT_READ|PROT_WRITE <unfinished ...>
2349  <... mprotect resumed>)           = 0
2348  <... mprotect resumed>)           = 0
2344  <... mprotect resumed>)           = 0
2347  mprotect(0x7f655c31d000, 4096, PROT_READ|PROT_WRITE <unfinished ...>
2346  <... mprotect resumed>)           = 0
2345  <... mprotect resumed>)           = 0
2347  <... mprotect resumed>)           = 0
2351  mprotect(0x7f654c3ab000, 4096, PROT_READ|PROT_WRITE <unfinished ...>
2350  mprotect(0x7f6558374000, 4096, PROT_READ|PROT_WRITE <unfinished ...>
2349  mprotect(0x7f655435b000, 4096, PROT_READ|PROT_WRITE <unfinished ...>
2348  mprotect(0x7f6560342000, 4096, PROT_READ|PROT_WRITE <unfinished ...>
2344  mprotect(0x7f65702ce000, 4096, PROT_READ|PROT_WRITE <unfinished ...>
2351  <... mprotect resumed>)           = 0
2350  <... mprotect resumed>)           = 0
2349  <... mprotect resumed>)           = 0
2348  <... mprotect resumed>)           = 0
2346  mprotect(0x7f6564300000, 4096, PROT_READ|PROT_WRITE <unfinished ...>
2347  mprotect(0x7f655c31e000, 4096, PROT_READ|PROT_WRITE <unfinished ...>
2345  mprotect(0x7f65682d8000, 4096, PROT_READ|PROT_WRITE <unfinished ...>
2344  <... mprotect resumed>)           = 0
2347  <... mprotect resumed>)           = 0
2346  <... mprotect resumed>)           = 0
2349  mprotect(0x7f655435c000, 4096, PROT_READ|PROT_WRITE <unfinished ...>
2348  mprotect(0x7f6560343000, 4096, PROT_READ|PROT_WRITE <unfinished ...>
2347  mprotect(0x7f655c31f000, 4096, PROT_READ|PROT_WRITE <unfinished ...>
2345  <... mprotect resumed>)           = 0
2349  <... mprotect resumed>)           = 0
2348  <... mprotect resumed>)           = 0
2350  mprotect(0x7f6558375000, 4096, PROT_READ|PROT_WRITE <unfinished ...>
2347  <... mprotect resumed>)           = 0
2344  mprotect(0x7f65702cf000, 4096, PROT_READ|PROT_WRITE <unfinished ...>
2351  mprotect(0x7f654c3ac000, 4096, PROT_READ|PROT_WRITE <unfinished ...>
2350  <... mprotect resumed>)           = 0
2346  mprotect(0x7f6564301000, 4096, PROT_READ|PROT_WRITE <unfinished ...>
2351  <... mprotect resumed>)           = 0
2348  mprotect(0x7f6560344000, 4096, PROT_READ|PROT_WRITE <unfinished ...>
2347  mprotect(0x7f655c320000, 4096, PROT_READ|PROT_WRITE <unfinished ...>
2346  <... mprotect resumed>)           = 0
2345  mprotect(0x7f65682d9000, 4096, PROT_READ|PROT_WRITE <unfinished ...>
2344  <... mprotect resumed>)           = 0
2348  <... mprotect resumed>)           = 0
2347  <... mprotect resumed>)           = 0
2349  mprotect(0x7f655435d000, 4096, PROT_READ|PROT_WRITE <unfinished ...>
2346  mprotect(0x7f6564302000, 4096, PROT_READ|PROT_WRITE <unfinished ...>
2345  <... mprotect resumed>)           = 0
2351  mprotect(0x7f654c3ad000, 4096, PROT_READ|PROT_WRITE <unfinished ...>
2350  mprotect(0x7f6558376000, 4096, PROT_READ|PROT_WRITE <unfinished ...>
2349  <... mprotect resumed>)           = 0
2344  mprotect(0x7f65702d0000, 4096, PROT_READ|PROT_WRITE <unfinished ...>
2347  mprotect(0x7f655c321000, 4096, PROT_READ|PROT_WRITE <unfinished ...>
2346  <... mprotect resumed>)           = 0
2351  <... mprotect resumed>)           = 0
2350  <... mprotect resumed>)           = 0
2348  mprotect(0x7f6560345000, 4096, PROT_READ|PROT_WRITE <unfinished ...>
2344  <... mprotect resumed>)           = 0
2347  <... mprotect resumed>)           = 0
2348  <... mprotect resumed>)           = 0
2345  mprotect(0x7f65682da000, 4096, PROT_READ|PROT_WRITE <unfinished ...>
2349  mprotect(0x7f655435e000, 4096, PROT_READ|PROT_WRITE <unfinished ...>
2346  mprotect(0x7f6564303000, 4096, PROT_READ|PROT_WRITE <unfinished ...>
2345  <... mprotect resumed>)           = 0
2349  <... mprotect resumed>)           = 0
2350  mprotect(0x7f6558377000, 4096, PROT_READ|PROT_WRITE <unfinished ...>
2347  mprotect(0x7f655c322000, 4096, PROT_READ|PROT_WRITE <unfinished ...>
2346  <... mprotect resumed>)           = 0
2344  mprotect(0x7f65702d1000, 4096, PROT_READ|PROT_WRITE <unfinished ...>
2350  <... mprotect resumed>)           = 0
2347  <... mprotect resumed>)           = 0
2351  mprotect(0x7f654c3ae000, 4096, PROT_READ|PROT_WRITE <unfinished ...>
2345  mprotect(0x7f65682db000, 4096, PROT_READ|PROT_WRITE <unfinished ...>
2351  <... mprotect resumed>)           = 0
2349  mprotect(0x7f655435f000, 4096, PROT_READ|PROT_WRITE <unfinished ...>
2345  <... mprotect resumed>)           = 0
2344  <... mprotect resumed>)           = 0
2348  mprotect(0x7f6560346000, 4096, PROT_READ|PROT_WRITE <unfinished ...>
2346  mprotect(0x7f6564304000, 4096, PROT_READ|PROT_WRITE <unfinished ...>
2347  mprotect(0x7f655c323000, 4096, PROT_READ|PROT_WRITE <unfinished ...>
2350  mprotect(0x7f6558378000, 4096, PROT_READ|PROT_WRITE <unfinished ...>
2349  <... mprotect resumed>)           = 0
2346  <... mprotect resumed>)           = 0
2350  <... mprotect resumed>)           = 0
2348  <... mprotect resumed>)           = 0
2347  <... mprotect resumed>)           = 0
2344  mprotect(0x7f65702d2000, 4096, PROT_READ|PROT_WRITE <unfinished ...>
2345  mprotect(0x7f65682dc000, 4096, PROT_READ|PROT_WRITE <unfinished ...>
2344  <... mprotect resumed>)           = 0
2349  mprotect(0x7f6554360000, 4096, PROT_READ|PROT_WRITE <unfinished ...>
2346  mprotect(0x7f6564305000, 4096, PROT_READ|PROT_WRITE <unfinished ...>
2350  mprotect(0x7f6558379000, 4096, PROT_READ|PROT_WRITE <unfinished ...>
2349  <... mprotect resumed>)           = 0
2347  mprotect(0x7f655c324000, 4096, PROT_READ|PROT_WRITE <unfinished ...>
2351  mprotect(0x7f654c3af000, 4096, PROT_READ|PROT_WRITE <unfinished ...>
2348  mprotect(0x7f6560347000, 4096, PROT_READ|PROT_WRITE <unfinished ...>
2344  mprotect(0x7f65702d3000, 4096, PROT_READ|PROT_WRITE <unfinished ...>
2351  <... mprotect resumed>)           = 0
2350  <... mprotect resumed>)           = 0
2349  mprotect(0x7f6554361000, 4096, PROT_READ|PROT_WRITE <unfinished ...>
2347  <... mprotect resumed>)           = 0
2346  <... mprotect resumed>)           = 0
2345  <... mprotect resumed>)           = 0
2349  <... mprotect resumed>)           = 0
2348  <... mprotect resumed>)           = 0
2347  mprotect(0x7f655c325000, 4096, PROT_READ|PROT_WRITE <unfinished ...>
2344  <... mprotect resumed>)           = 0
2351  mprotect(0x7f654c3b0000, 4096, PROT_READ|PROT_WRITE <unfinished ...>
2346  mprotect(0x7f6564306000, 4096, PROT_READ|PROT_WRITE <unfinished ...>
2345  mprotect(0x7f65682dd000, 4096, PROT_READ|PROT_WRITE <unfinished ...>
2350  mprotect(0x7f655837a000, 4096, PROT_READ|PROT_WRITE <unfinished ...>
2349  mprotect(0x7f6554362000, 4096, PROT_READ|PROT_WRITE <unfinished ...>
2348  mprotect(0x7f6560348000, 4096, PROT_READ|PROT_WRITE <unfinished ...>
2347  <... mprotect resumed>)           = 0
2351  <... mprotect resumed>)           = 0
2350  <... mprotect resumed>)           = 0
2348  <... mprotect resumed>)           = 0
2346  <... mprotect resumed>)           = 0
2345  <... mprotect resumed>)           = 0
2350  mprotect(0x7f655837b000, 4096, PROT_READ|PROT_WRITE <unfinished ...>
2349  <... mprotect resumed>)           = 0
2348  mprotect(0x7f6560349000, 4096, PROT_READ|PROT_WRITE <unfinished ...>
2347  mprotect(0x7f655c326000, 4096, PROT_READ|PROT_WRITE <unfinished ...>
2344  mprotect(0x7f65702d4000, 4096, PROT_READ|PROT_WRITE <unfinished ...>
2351  mprotect(0x7f654c3b1000, 4096, PROT_READ|PROT_WRITE <unfinished ...>
2350  <... mprotect resumed>)           = 0
2348  <... mprotect resumed>)           = 0
2346  mprotect(0x7f6564307000, 4096, PROT_READ|PROT_WRITE <unfinished ...>
2345  mprotect(0x7f65682de000, 4096, PROT_READ|PROT_WRITE <unfinished ...>
2351  <... mprotect resumed>)           = 0
2349  mprotect(0x7f6554363000, 4096, PROT_READ|PROT_WRITE <unfinished ...>
2347  <... mprotect resumed>)           = 0
2344  <... mprotect resumed>)           = 0
2346  <... mprotect resumed>)           = 0
2348  mprotect(0x7f656034a000, 4096, PROT_READ|PROT_WRITE <unfinished ...>
2345  <... mprotect resumed>)           = 0
2349  <... mprotect resumed>)           = 0
2348  <... mprotect resumed>)           = 0
2350  mprotect(0x7f655837c000, 4096, PROT_READ|PROT_WRITE <unfinished ...>
2347  mprotect(0x7f655c327000, 4096, PROT_READ|PROT_WRITE <unfinished ...>
2346  mprotect(0x7f6564308000, 4096, PROT_READ|PROT_WRITE <unfinished ...>
2348  mprotect(0x7f656034b000, 4096, PROT_READ|PROT_WRITE <unfinished ...>
2345  mprotect(0x7f65682df000, 4096, PROT_READ|PROT_WRITE <unfinished ...>
2350  <... mprotect resumed>)           = 0
2346  <... mprotect resumed>)           = 0
2351  mprotect(0x7f654c3b2000, 4096, PROT_READ|PROT_WRITE <unfinished ...>
2344  mprotect(0x7f65702d5000, 4096, PROT_READ|PROT_WRITE <unfinished ...>
2349  mprotect(0x7f6554364000, 4096, PROT_READ|PROT_WRITE <unfinished ...>
2347  <... mprotect resumed>)           = 0
2351  <... mprotect resumed>)           = 0
2348  <... mprotect resumed>)           = 0
2345  <... mprotect resumed>)           = 0
2344  <... mprotect resumed>)           = 0
2347  mprotect(0x7f655c328000, 4096, PROT_READ|PROT_WRITE <unfinished ...>
2350  mprotect(0x7f655837d000, 4096, PROT_READ|PROT_WRITE) = 0
2349  <... mprotect resumed>)           = 0
2347  <... mprotect resumed>)           = 0
2346  mprotect(0x7f6564309000, 4096, PROT_READ|PROT_WRITE <unfinished ...>
2344  mprotect(0x7f65702d6000, 4096, PROT_READ|PROT_WRITE <unfinished ...>
2348  mprotect(0x7f656034c000, 4096, PROT_READ|PROT_WRITE <unfinished ...>
2345  mprotect(0x7f65682e0000, 4096, PROT_READ|PROT_WRITE <unfinished ...>
2351  mprotect(0x7f654c3b3000, 4096, PROT_READ|PROT_WRITE <unfinished ...>
2348  <... mprotect resumed>)           = 0
2345  <... mprotect resumed>)           = 0
2351  <... mprotect resumed>)           = 0
2349  mprotect(0x7f6554365000, 4096, PROT_READ|PROT_WRITE <unfinished ...>
2347  mprotect(0x7f655c329000, 4096, PROT_READ|PROT_WRITE <unfinished ...>
2350  mprotect(0x7f655837e000, 4096, PROT_READ|PROT_WRITE <unfinished ...>
2349  <... mprotect resumed>)           = 0
2347  <... mprotect resumed>)           = 0
2346  <... mprotect resumed>)           = 0
2344  <... mprotect resumed>)           = 0
2350  <... mprotect resumed>)           = 0
2348  mprotect(0x7f656034d000, 4096, PROT_READ|PROT_WRITE <unfinished ...>
2345  mprotect(0x7f65682e1000, 4096, PROT_READ|PROT_WRITE <unfinished ...>
2349  mprotect(0x7f6554366000, 4096, PROT_READ|PROT_WRITE <unfinished ...>
2348  <... mprotect resumed>)           = 0
2347  mprotect(0x7f655c32a000, 4096, PROT_READ|PROT_WRITE <unfinished ...>
2344  mprotect(0x7f65702d7000, 4096, PROT_READ|PROT_WRITE <unfinished ...>
2349  <... mprotect resumed>)           = 0
2345  <... mprotect resumed>)           = 0
2350  mprotect(0x7f655837f000, 4096, PROT_READ|PROT_WRITE <unfinished ...>
2351  mprotect(0x7f654c3b4000, 4096, PROT_READ|PROT_WRITE <unfinished ...>
2344  <... mprotect resumed>)           = 0
2350  <... mprotect resumed>)           = 0
2348  mprotect(0x7f656034e000, 4096, PROT_READ|PROT_WRITE <unfinished ...>
2347  <... mprotect resumed>)           = 0
2346  mprotect(0x7f656430a000, 4096, PROT_READ|PROT_WRITE <unfinished ...>
2351  <... mprotect resumed>)           = 0
2345  mprotect(0x7f65682e2000, 4096, PROT_READ|PROT_WRITE <unfinished ...>
2349  mprotect(0x7f6554367000, 4096, PROT_READ|PROT_WRITE <unfinished ...>
2348  <... mprotect resumed>)           = 0
2345  <... mprotect resumed>)           = 0
2346  <... mprotect resumed>)           = 0
2344  mprotect(0x7f65702d8000, 4096, PROT_READ|PROT_WRITE <unfinished ...>
2349  <... mprotect resumed>)           = 0
2347  mprotect(0x7f655c32b000, 4096, PROT_READ|PROT_WRITE <unfinished ...>
2344  <... mprotect resumed>)           = 0
2350  mprotect(0x7f6558380000, 4096, PROT_READ|PROT_WRITE <unfinished ...>
2347  <... mprotect resumed>)           = 0
2350  <... mprotect resumed>)           = 0
2348  mprotect(0x7f656034f000, 4096, PROT_READ|PROT_WRITE <unfinished ...>
2344  mprotect(0x7f65702d9000, 4096, PROT_READ|PROT_WRITE <unfinished ...>
2345  mprotect(0x7f65682e3000, 4096, PROT_READ|PROT_WRITE <unfinished ...>
2349  mprotect(0x7f6554368000, 4096, PROT_READ|PROT_WRITE <unfinished ...>
2348  <... mprotect resumed>)           = 0
2345  <... mprotect resumed>)           = 0
2351  mprotect(0x7f654c3b5000, 4096, PROT_READ|PROT_WRITE <unfinished ...>
2346  mprotect(0x7f656430b000, 4096, PROT_READ|PROT_WRITE <unfinished ...>
2350  mprotect(0x7f6558381000, 4096, PROT_READ|PROT_WRITE <unfinished ...>
2347  mprotect(0x7f655c32c000, 4096, PROT_READ|PROT_WRITE <unfinished ...>
2349  <... mprotect resumed>)           = 0
2344  <... mprotect resumed>)           = 0
2347  <... mprotect resumed>)           = 0
2351  <... mprotect resumed>)           = 0
2346  <... mprotect resumed>)           = 0
2350  <... mprotect resumed>)           = 0
2344  mprotect(0x7f65702da000, 4096, PROT_READ|PROT_WRITE <unfinished ...>
2347  mprotect(0x7f655c32d000, 4096, PROT_READ|PROT_WRITE <unfinished ...>
2345  mprotect(0x7f65682e4000, 4096, PROT_READ|PROT_WRITE <unfinished ...>
2344  <... mprotect resumed>)           = 0
2349  mprotect(0x7f6554369000, 4096, PROT_READ|PROT_WRITE <unfinished ...>
2348  mprotect(0x7f6560350000, 4096, PROT_READ|PROT_WRITE <unfinished ...>
2346  mprotect(0x7f656430c000, 4096, PROT_READ|PROT_WRITE <unfinished ...>
2347  <... mprotect resumed>)           = 0
2345  <... mprotect resumed>)           = 0
2350  mprotect(0x7f6558382000, 4096, PROT_READ|PROT_WRITE <unfinished ...>
2349  <... mprotect resumed>)           = 0
2348  <... mprotect resumed>)           = 0
2347  mprotect(0x7f655c32e000, 4096, PROT_READ|PROT_WRITE <unfinished ...>
2346  <... mprotect resumed>)           = 0
2351  mprotect(0x7f654c3b6000, 4096, PROT_READ|PROT_WRITE <unfinished ...>
2350  <... mprotect resumed>)           = 0
2347  <... mprotect resumed>)           = 0
2345  mprotect(0x7f65682e5000, 4096, PROT_READ|PROT_WRITE <unfinished ...>
2344  mprotect(0x7f65702db000, 4096, PROT_READ|PROT_WRITE <unfinished ...>
2351  <... mprotect resumed>)           = 0
2349  mprotect(0x7f655436a000, 4096, PROT_READ|PROT_WRITE <unfinished ...>
2347  mprotect(0x7f655c32f000, 4096, PROT_READ|PROT_WRITE <unfinished ...>
2345  <... mprotect resumed>)           = 0
2344  <... mprotect resumed>)           = 0
2349  <... mprotect resumed>)           = 0
2348  mprotect(0x7f6560351000, 4096, PROT_READ|PROT_WRITE <unfinished ...>
2346  mprotect(0x7f656430d000, 4096, PROT_READ|PROT_WRITE <unfinished ...>
2350  mprotect(0x7f6558383000, 4096, PROT_READ|PROT_WRITE <unfinished ...>
2348  <... mprotect resumed>)           = 0
2347  <... mprotect resumed>)           = 0
2344  mprotect(0x7f65702dc000, 4096, PROT_READ|PROT_WRITE <unfinished ...>
2346  <... mprotect resumed>)           = 0
2351  mprotect(0x7f654c3b7000, 4096, PROT_READ|PROT_WRITE <unfinished ...>
2350  <... mprotect resumed>)           = 0
2345  mprotect(0x7f65682e6000, 4096, PROT_READ|PROT_WRITE <unfinished ...>
2349  mprotect(0x7f655436b000, 4096, PROT_READ|PROT_WRITE <unfinished ...>
2351  <... mprotect resumed>)           = 0
2347  mprotect(0x7f655c330000, 4096, PROT_READ|PROT_WRITE <unfinished ...>
2346  mprotect(0x7f656430e000, 4096, PROT_READ|PROT_WRITE <unfinished ...>
2345  <... mprotect resumed>)           = 0
2344  <... mprotect resumed>)           = 0
2350  mprotect(0x7f6558384000, 4096, PROT_READ|PROT_WRITE <unfinished ...>
2349  <... mprotect resumed>)           = 0
2348  mprotect(0x7f6560352000, 4096, PROT_READ|PROT_WRITE <unfinished ...>
2347  <... mprotect resumed>)           = 0
2346  <... mprotect resumed>)           = 0
2350  <... mprotect resumed>)           = 0
2349  mprotect(0x7f655436c000, 4096, PROT_READ|PROT_WRITE <unfinished ...>
2345  mprotect(0x7f65682e7000, 4096, PROT_READ|PROT_WRITE <unfinished ...>
2344  mprotect(0x7f65702dd000, 4096, PROT_READ|PROT_WRITE <unfinished ...>
2351  mprotect(0x7f654c3b8000, 4096, PROT_READ|PROT_WRITE <unfinished ...>
2348  <... mprotect resumed>)           = 0
2344  <... mprotect resumed>)           = 0
2351  <... mprotect resumed>)           = 0
2349  <... mprotect resumed>)           = 0
2348  mprotect(0x7f6560353000, 4096, PROT_READ|PROT_WRITE <unfinished ...>
2346  mprotect(0x7f656430f000, 4096, PROT_READ|PROT_WRITE <unfinished ...>
2345  <... mprotect resumed>)           = 0
2347  mprotect(0x7f655c331000, 4096, PROT_READ|PROT_WRITE <unfinished ...>
2344  mprotect(0x7f65702de000, 4096, PROT_READ|PROT_WRITE <unfinished ...>
2348  <... mprotect resumed>)           = 0
2346  <... mprotect resumed>)           = 0
2350  mprotect(0x7f6558385000, 4096, PROT_READ|PROT_WRITE <unfinished ...>
2347  <... mprotect resumed>)           = 0
2345  mprotect(0x7f65682e8000, 4096, PROT_READ|PROT_WRITE <unfinished ...>
2344  <... mprotect resumed>)           = 0
2349  mprotect(0x7f655436d000, 4096, PROT_READ|PROT_WRITE <unfinished ...>
2350  <... mprotect resumed>)           = 0
2348  mprotect(0x7f6560354000, 4096, PROT_READ|PROT_WRITE <unfinished ...>
2351  mprotect(0x7f654c3b9000, 4096, PROT_READ|PROT_WRITE <unfinished ...>
2346  mprotect(0x7f6564310000, 4096, PROT_READ|PROT_WRITE <unfinished ...>
2345  <... mprotect resumed>)           = 0
2348  <... mprotect resumed>)           = 0
2351  <... mprotect resumed>)           = 0
2349  <... mprotect resumed>)           = 0
2347  mprotect(0x7f655c332000, 4096, PROT_READ|PROT_WRITE <unfinished ...>
2346  <... mprotect resumed>)           = 0
2344  mprotect(0x7f65702df000, 4096, PROT_READ|PROT_WRITE <unfinished ...>
2350  mprotect(0x7f6558386000, 4096, PROT_READ|PROT_WRITE <unfinished ...>
2348  mprotect(0x7f6560355000, 4096, PROT_READ|PROT_WRITE <unfinished ...>
2347  <... mprotect resumed>)           = 0
2350  <... mprotect resumed>)           = 0
2349  mprotect(0x7f655436e000, 4096, PROT_READ|PROT_WRITE <unfinished ...>
2345  mprotect(0x7f65682e9000, 4096, PROT_READ|PROT_WRITE <unfinished ...>
2344  <... mprotect resumed>)           = 0
2348  <... mprotect resumed>)           = 0
2346  mprotect(0x7f6564311000, 4096, PROT_READ|PROT_WRITE <unfinished ...>
2349  <... mprotect resumed>)           = 0
2345  <... mprotect resumed>)           = 0
2347  mprotect(0x7f655c333000, 4096, PROT_READ|PROT_WRITE <unfinished ...>
2346  <... mprotect resumed>)           = 0
2347  <... mprotect resumed>)           = 0
2344  mprotect(0x7f65702e0000, 4096, PROT_READ|PROT_WRITE <unfinished ...>
2351  mprotect(0x7f654c3ba000, 4096, PROT_READ|PROT_WRITE <unfinished ...>
2345  mprotect(0x7f65682ea000, 4096, PROT_READ|PROT_WRITE <unfinished ...>
2344  <... mprotect resumed>)           = 0
2348  mprotect(0x7f6560356000, 4096, PROT_READ|PROT_WRITE <unfinished ...>
2351  <... mprotect resumed>)           = 0
2350  mprotect(0x7f6558387000, 4096, PROT_READ|PROT_WRITE <unfinished ...>
2349  mprotect(0x7f655436f000, 4096, PROT_READ|PROT_WRITE <unfinished ...>
2348  <... mprotect resumed>)           = 0
2346  mprotect(0x7f6564312000, 4096, PROT_READ|PROT_WRITE <unfinished ...>
2345  <... mprotect resumed>)           = 0
2350  <... mprotect resumed>)           = 0
2347  mprotect(0x7f655c334000, 4096, PROT_READ|PROT_WRITE <unfinished ...>
2344  mprotect(0x7f65702e1000, 4096, PROT_READ|PROT_WRITE <unfinished ...>
2346  <... mprotect resumed>)           = 0
2349  <... mprotect resumed>)           = 0
2347  <... mprotect resumed>)           = 0
2344  <... mprotect resumed>)           = 0
2345  mprotect(0x7f65682eb000, 4096, PROT_READ|PROT_WRITE <unfinished ...>
2350  mprotect(0x7f6558388000, 4096, PROT_READ|PROT_WRITE <unfinished ...>
2348  mprotect(0x7f6560357000, 4096, PROT_READ|PROT_WRITE <unfinished ...>
2346  mprotect(0x7f6564313000, 4096, PROT_READ|PROT_WRITE <unfinished ...>
2345  <... mprotect resumed>)           = 0
2351  mprotect(0x7f654c3bb000, 4096, PROT_READ|PROT_WRITE <unfinished ...>
2350  <... mprotect resumed>)           = 0
2349  mprotect(0x7f6554370000, 4096, PROT_READ|PROT_WRITE <unfinished ...>
2348  <... mprotect resumed>)           = 0
2347  mprotect(0x7f655c335000, 4096, PROT_READ|PROT_WRITE <unfinished ...>
2351  <... mprotect resumed>)           = 0
2349  <... mprotect resumed>)           = 0
2346  <... mprotect resumed>)           = 0
2345  mprotect(0x7f65682ec000, 4096, PROT_READ|PROT_WRITE <unfinished ...>
2344  mprotect(0x7f65702e2000, 4096, PROT_READ|PROT_WRITE <unfinished ...>
2347  <... mprotect resumed>)           = 0
2345  <... mprotect resumed>)           = 0
2347  mprotect(0x7f655c336000, 4096, PROT_READ|PROT_WRITE <unfinished ...>
2346  mprotect(0x7f6564314000, 4096, PROT_READ|PROT_WRITE <unfinished ...>
2344  <... mprotect resumed>)           = 0
2351  mprotect(0x7f654c3bc000, 4096, PROT_READ|PROT_WRITE <unfinished ...>
2348  mprotect(0x7f6560358000, 4096, PROT_READ|PROT_WRITE <unfinished ...>
2345  mprotect(0x7f65682ed000, 4096, PROT_READ|PROT_WRITE <unfinished ...>
2349  mprotect(0x7f6554371000, 4096, PROT_READ|PROT_WRITE <unfinished ...>
2347  <... mprotect resumed>)           = 0
2346  <... mprotect resumed>)           = 0
2351  <... mprotect resumed>)           = 0
2350  mprotect(0x7f6558389000, 4096, PROT_READ|PROT_WRITE <unfinished ...>
2349  <... mprotect resumed>)           = 0
2348  <... mprotect resumed>)           = 0
2345  <... mprotect resumed>)           = 0
2344  mprotect(0x7f65702e3000, 4096, PROT_READ|PROT_WRITE <unfinished ...>
2350  <... mprotect resumed>)           = 0
2346  mprotect(0x7f6564315000, 4096, PROT_READ|PROT_WRITE <unfinished ...>
2344  <... mprotect resumed>)           = 0
2347  mprotect(0x7f655c337000, 4096, PROT_READ|PROT_WRITE <unfinished ...>
2346  <... mprotect resumed>)           = 0
2345  mprotect(0x7f65682ee000, 4096, PROT_READ|PROT_WRITE <unfinished ...>
2351  mprotect(0x7f654c3bd000, 4096, PROT_READ|PROT_WRITE <unfinished ...>
2349  mprotect(0x7f6554372000, 4096, PROT_READ|PROT_WRITE <unfinished ...>
2348  mprotect(0x7f6560359000, 4096, PROT_READ|PROT_WRITE <unfinished ...>
2347  <... mprotect resumed>)           = 0
2346  mprotect(0x7f6564316000, 4096, PROT_READ|PROT_WRITE <unfinished ...>
2345  <... mprotect resumed>)           = 0
2344  mprotect(0x7f65702e4000, 4096, PROT_READ|PROT_WRITE <unfinished ...>
2351  <... mprotect resumed>)           = 0
2350  mprotect(0x7f655838a000, 4096, PROT_READ|PROT_WRITE <unfinished ...>
2349  <... mprotect resumed>)           = 0
2348  <... mprotect resumed>)           = 0
2346  <... mprotect resumed>)           = 0
2350  <... mprotect resumed>)           = 0
2347  mprotect(0x7f655c338000, 4096, PROT_READ|PROT_WRITE <unfinished ...>
2344  <... mprotect resumed>)           = 0
2345  mprotect(0x7f65682ef000, 4096, PROT_READ|PROT_WRITE <unfinished ...>
2349  mprotect(0x7f6554373000, 4096, PROT_READ|PROT_WRITE <unfinished ...>
2348  mprotect(0x7f656035a000, 4096, PROT_READ|PROT_WRITE <unfinished ...>
2347  <... mprotect resumed>)           = 0
2346  mprotect(0x7f6564317000, 4096, PROT_READ|PROT_WRITE <unfinished ...>
2345  <... mprotect resumed>)           = 0
2351  mprotect(0x7f654c3be000, 4096, PROT_READ|PROT_WRITE <unfinished ...>
2348  <... mprotect resumed>)           = 0
2344  mprotect(0x7f65702e5000, 4096, PROT_READ|PROT_WRITE <unfinished ...>
2350  mprotect(0x7f655838b000, 4096, PROT_READ|PROT_WRITE <unfinished ...>
2349  <... mprotect resumed>)           = 0
2346  <... mprotect resumed>)           = 0
2351  <... mprotect resumed>)           = 0
2347  mprotect(0x7f655c339000, 4096, PROT_READ|PROT_WRITE <unfinished ...>
2345  mprotect(0x7f65682f0000, 4096, PROT_READ|PROT_WRITE <unfinished ...>
2344  <... mprotect resumed>)           = 0
2350  <... mprotect resumed>)           = 0
2348  mprotect(0x7f656035b000, 4096, PROT_READ|PROT_WRITE <unfinished ...>
2347  <... mprotect resumed>)           = 0
2348  <... mprotect resumed>)           = 0
2346  mprotect(0x7f6564318000, 4096, PROT_READ|PROT_WRITE <unfinished ...>
2345  <... mprotect resumed>)           = 0
2351  mprotect(0x7f654c3bf000, 4096, PROT_READ|PROT_WRITE <unfinished ...>
2349  mprotect(0x7f6554374000, 4096, PROT_READ|PROT_WRITE <unfinished ...>
2344  mprotect(0x7f65702e6000, 4096, PROT_READ|PROT_WRITE <unfinished ...>
2351  <... mprotect resumed>)           = 0
2349  <... mprotect resumed>)           = 0
2344  <... mprotect resumed>)           = 0
2347  mprotect(0x7f655c33a000, 4096, PROT_READ|PROT_WRITE <unfinished ...>
2348  mprotect(0x7f656035c000, 4096, PROT_READ|PROT_WRITE <unfinished ...>
2346  <... mprotect resumed>)           = 0
2345  mprotect(0x7f65682f1000, 4096, PROT_READ|PROT_WRITE <unfinished ...>
2350  mprotect(0x7f655838c000, 4096, PROT_READ|PROT_WRITE <unfinished ...>
2347  <... mprotect resumed>)           = 0
2348  <... mprotect resumed>)           = 0
2350  <... mprotect resumed>)           = 0
2349  mprotect(0x7f6554375000, 4096, PROT_READ|PROT_WRITE <unfinished ...>
2347  mprotect(0x7f655c33b000, 4096, PROT_READ|PROT_WRITE <unfinished ...>
2344  mprotect(0x7f65702e7000, 4096, PROT_READ|PROT_WRITE <unfinished ...>
2351  mprotect(0x7f654c3c0000, 4096, PROT_READ|PROT_WRITE <unfinished ...>
2347  <... mprotect resumed>)           = 0
2345  <... mprotect resumed>)           = 0
2349  <... mprotect resumed>)           = 0
2348  mprotect(0x7f656035d000, 4096, PROT_READ|PROT_WRITE <unfinished ...>
2344  <... mprotect resumed>)           = 0
2351  <... mprotect resumed>)           = 0
2346  mprotect(0x7f6564319000, 4096, PROT_READ|PROT_WRITE <unfinished ...>
2350  mprotect(0x7f655838d000, 4096, PROT_READ|PROT_WRITE <unfinished ...>
2347  mprotect(0x7f655c33c000, 4096, PROT_READ|PROT_WRITE <unfinished ...>
2345  mprotect(0x7f65682f2000, 4096, PROT_READ|PROT_WRITE <unfinished ...>
2347  <... mprotect resumed>)           = 0
2350  <... mprotect resumed>)           = 0
2350  mprotect(0x7f655838e000, 4096, PROT_READ|PROT_WRITE <unfinished ...>
2349  mprotect(0x7f6554376000, 4096, PROT_READ|PROT_WRITE <unfinished ...>
2348  <... mprotect resumed>)           = 0
2347  mprotect(0x7f655c33d000, 4096, PROT_READ|PROT_WRITE <unfinished ...>
2346  <... mprotect resumed>)           = 0
2345  <... mprotect resumed>)           = 0
2344  mprotect(0x7f65702e8000, 4096, PROT_READ|PROT_WRITE <unfinished ...>
2350  <... mprotect resumed>)           = 0
2349  <... mprotect resumed>)           = 0
2347  <... mprotect resumed>)           = 0
2348  mprotect(0x7f656035e000, 4096, PROT_READ|PROT_WRITE <unfinished ...>
2344  <... mprotect resumed>)           = 0
2351  mprotect(0x7f654c3c1000, 4096, PROT_READ|PROT_WRITE <unfinished ...>
2350  mprotect(0x7f655838f000, 4096, PROT_READ|PROT_WRITE <unfinished ...>
2345  mprotect(0x7f65682f3000, 4096, PROT_READ|PROT_WRITE <unfinished ...>
2346  mprotect(0x7f656431a000, 4096, PROT_READ|PROT_WRITE <unfinished ...>
2347  mprotect(0x7f655c33e000, 4096, PROT_READ|PROT_WRITE <unfinished ...>
2351  <... mprotect resumed>)           = 0
2350  <... mprotect resumed>)           = 0
2347  <... mprotect resumed>)           = 0
2345  <... mprotect resumed>)           = 0
2349  mprotect(0x7f6554377000, 4096, PROT_READ|PROT_WRITE <unfinished ...>
2348  <... mprotect resumed>)           = 0
2346  <... mprotect resumed>)           = 0
2344  mprotect(0x7f65702e9000, 4096, PROT_READ|PROT_WRITE <unfinished ...>
2349  <... mprotect resumed>)           = 0
2345  mprotect(0x7f65682f4000, 4096, PROT_READ|PROT_WRITE <unfinished ...>
2351  mprotect(0x7f654c3c2000, 4096, PROT_READ|PROT_WRITE <unfinished ...>
2350  mprotect(0x7f6558390000, 4096, PROT_READ|PROT_WRITE <unfinished ...>
2348  mprotect(0x7f656035f000, 4096, PROT_READ|PROT_WRITE <unfinished ...>
2347  mprotect(0x7f655c33f000, 4096, PROT_READ|PROT_WRITE <unfinished ...>
2346  mprotect(0x7f656431b000, 4096, PROT_READ|PROT_WRITE <unfinished ...>
2344  <... mprotect resumed>)           = 0
2351  <... mprotect resumed>)           = 0
2345  <... mprotect resumed>)           = 0
2350  <... mprotect resumed>)           = 0
2347  <... mprotect resumed>)           = 0
2346  <... mprotect resumed>)           = 0
2348  <... mprotect resumed>)           = 0
2344  mprotect(0x7f65702ea000, 4096, PROT_READ|PROT_WRITE <unfinished ...>
2349  mprotect(0x7f6554378000, 4096, PROT_READ|PROT_WRITE <unfinished ...>
2346  mprotect(0x7f656431c000, 4096, PROT_READ|PROT_WRITE <unfinished ...>
2351  mprotect(0x7f654c3c3000, 4096, PROT_READ|PROT_WRITE <unfinished ...>
2349  <... mprotect resumed>)           = 0
2347  mprotect(0x7f655c340000, 4096, PROT_READ|PROT_WRITE <unfinished ...>
2344  <... mprotect resumed>)           = 0
2351  <... mprotect resumed>)           = 0
2350  mprotect(0x7f6558391000, 4096, PROT_READ|PROT_WRITE <unfinished ...>
2348  mprotect(0x7f6560360000, 4096, PROT_READ|PROT_WRITE <unfinished ...>
2345  mprotect(0x7f65682f5000, 4096, PROT_READ|PROT_WRITE <unfinished ...>
2347  <... mprotect resumed>)           = 0
2346  <... mprotect resumed>)           = 0
2350  <... mprotect resumed>)           = 0
2344  mprotect(0x7f65702eb000, 4096, PROT_READ|PROT_WRITE <unfinished ...>
2345  <... mprotect resumed>)           = 0
2349  mprotect(0x7f6554379000, 4096, PROT_READ|PROT_WRITE <unfinished ...>
2348  <... mprotect resumed>)           = 0
2344  <... mprotect resumed>)           = 0
2349  <... mprotect resumed>)           = 0
2347  mprotect(0x7f655c341000, 4096, PROT_READ|PROT_WRITE <unfinished ...>
2351  mprotect(0x7f654c3c4000, 4096, PROT_READ|PROT_WRITE <unfinished ...>
2346  mprotect(0x7f656431d000, 4096, PROT_READ|PROT_WRITE <unfinished ...>
2345  mprotect(0x7f65682f6000, 4096, PROT_READ|PROT_WRITE <unfinished ...>
2351  <... mprotect resumed>)           = 0
2344  mprotect(0x7f65702ec000, 4096, PROT_READ|PROT_WRITE <unfinished ...>
2348  mprotect(0x7f6560361000, 4096, PROT_READ|PROT_WRITE <unfinished ...>
2346  <... mprotect resumed>)           = 0
2348  <... mprotect resumed>)           = 0
2344  <... mprotect resumed>)           = 0
2350  mprotect(0x7f6558392000, 4096, PROT_READ|PROT_WRITE <unfinished ...>
2347  <... mprotect resumed>)           = 0
2349  mprotect(0x7f655437a000, 4096, PROT_READ|PROT_WRITE <unfinished ...>
2348  mprotect(0x7f6560362000, 4096, PROT_READ|PROT_WRITE <unfinished ...>
2346  mprotect(0x7f656431e000, 4096, PROT_READ|PROT_WRITE <unfinished ...>
2345  <... mprotect resumed>)           = 0
2344  mprotect(0x7f65702ed000, 4096, PROT_READ|PROT_WRITE <unfinished ...>
2350  <... mprotect resumed>)           = 0
2349  <... mprotect resumed>)           = 0
2348  <... mprotect resumed>)           = 0
2346  <... mprotect resumed>)           = 0
2351  mprotect(0x7f654c3c5000, 4096, PROT_READ|PROT_WRITE <unfinished ...>
2347  mprotect(0x7f655c342000, 4096, PROT_READ|PROT_WRITE <unfinished ...>
2344  <... mprotect resumed>)           = 0
2345  mprotect(0x7f65682f7000, 4096, PROT_READ|PROT_WRITE <unfinished ...>
2351  <... mprotect resumed>)           = 0
2347  <... mprotect resumed>)           = 0
2345  <... mprotect resumed>)           = 0
2350  mprotect(0x7f6558393000, 4096, PROT_READ|PROT_WRITE <unfinished ...>
2349  mprotect(0x7f655437b000, 4096, PROT_READ|PROT_WRITE <unfinished ...>
2348  mprotect(0x7f6560363000, 4096, PROT_READ|PROT_WRITE <unfinished ...>
2346  mprotect(0x7f656431f000, 4096, PROT_READ|PROT_WRITE <unfinished ...>
2350  <... mprotect resumed>)           = 0
2349  <... mprotect resumed>)           = 0
2348  <... mprotect resumed>)           = 0
2347  mprotect(0x7f655c343000, 4096, PROT_READ|PROT_WRITE <unfinished ...>
2346  <... mprotect resumed>)           = 0
2344  mprotect(0x7f65702ee000, 4096, PROT_READ|PROT_WRITE <unfinished ...>
2347  <... mprotect resumed>)           = 0
2345  mprotect(0x7f65682f8000, 4096, PROT_READ|PROT_WRITE <unfinished ...>
2351  mprotect(0x7f654c3c6000, 4096, PROT_READ|PROT_WRITE <unfinished ...>
2349  mprotect(0x7f655437c000, 4096, PROT_READ|PROT_WRITE <unfinished ...>
2348  mprotect(0x7f6560364000, 4096, PROT_READ|PROT_WRITE <unfinished ...>
2344  <... mprotect resumed>)           = 0
2345  <... mprotect resumed>)           = 0
2350  mprotect(0x7f6558394000, 4096, PROT_READ|PROT_WRITE <unfinished ...>
2349  <... mprotect resumed>)           = 0
2347  mprotect(0x7f655c344000, 4096, PROT_READ|PROT_WRITE <unfinished ...>
2351  <... mprotect resumed>)           = 0
2350  <... mprotect resumed>)           = 0
2348  <... mprotect resumed>)           = 0
2346  mprotect(0x7f6564320000, 4096, PROT_READ|PROT_WRITE <unfinished ...>
2347  <... mprotect resumed>)           = 0
2345  mprotect(0x7f65682f9000, 4096, PROT_READ|PROT_WRITE <unfinished ...>
2346  <... mprotect resumed>)           = 0
2345  <... mprotect resumed>)           = 0
2350  mprotect(0x7f6558395000, 4096, PROT_READ|PROT_WRITE <unfinished ...>
2344  mprotect(0x7f65702ef000, 4096, PROT_READ|PROT_WRITE <unfinished ...>
2350  <... mprotect resumed>)           = 0
2347  mprotect(0x7f655c345000, 4096, PROT_READ|PROT_WRITE <unfinished ...>
2345  mprotect(0x7f65682fa000, 4096, PROT_READ|PROT_WRITE <unfinished ...>
2347  <... mprotect resumed>)           = 0
2348  mprotect(0x7f6560365000, 4096, PROT_READ|PROT_WRITE <unfinished ...>
2344  <... mprotect resumed>)           = 0
2349  mprotect(0x7f655437d000, 4096, PROT_READ|PROT_WRITE <unfinished ...>
2346  mprotect(0x7f6564321000, 4096, PROT_READ|PROT_WRITE <unfinished ...>
2345  <... mprotect resumed>)           = 0
2348  <... mprotect resumed>)           = 0
2346  <... mprotect resumed>)           = 0
2349  <... mprotect resumed>)           = 0
2344  mprotect(0x7f65702f0000, 4096, PROT_READ|PROT_WRITE <unfinished ...>
2351  mprotect(0x7f654c3c7000, 4096, PROT_READ|PROT_WRITE <unfinished ...>
2345  mprotect(0x7f65682fb000, 4096, PROT_READ|PROT_WRITE <unfinished ...>
2351  <... mprotect resumed>)           = 0
2348  mprotect(0x7f6560366000, 4096, PROT_READ|PROT_WRITE <unfinished ...>
2347  mprotect(0x7f655c346000, 4096, PROT_READ|PROT_WRITE <unfinished ...>
2345  <... mprotect resumed>)           = 0
2344  <... mprotect resumed>)           = 0
2350  mprotect(0x7f6558396000, 4096, PROT_READ|PROT_WRITE <unfinished ...>
2349  mprotect(0x7f655437e000, 4096, PROT_READ|PROT_WRITE <unfinished ...>
2348  <... mprotect resumed>)           = 0
2346  mprotect(0x7f6564322000, 4096, PROT_READ|PROT_WRITE <unfinished ...>
2350  <... mprotect resumed>)           = 0
2349  <... mprotect resumed>)           = 0
2347  <... mprotect resumed>)           = 0
2345  mprotect(0x7f65682fc000, 4096, PROT_READ|PROT_WRITE <unfinished ...>
2344  mprotect(0x7f65702f1000, 4096, PROT_READ|PROT_WRITE <unfinished ...>
2348  mprotect(0x7f6560367000, 4096, PROT_READ|PROT_WRITE <unfinished ...>
2346  <... mprotect resumed>)           = 0
2349  mprotect(0x7f655437f000, 4096, PROT_READ|PROT_WRITE <unfinished ...>
2347  mprotect(0x7f655c347000, 4096, PROT_READ|PROT_WRITE <unfinished ...>
2345  <... mprotect resumed>)           = 0
2344  <... mprotect resumed>)           = 0
2347  <... mprotect resumed>)           = 0
2346  mprotect(0x7f6564323000, 4096, PROT_READ|PROT_WRITE <unfinished ...>
2349  <... mprotect resumed>)           = 0
2348  <... mprotect resumed>)           = 0
2347  mprotect(0x7f655c348000, 4096, PROT_READ|PROT_WRITE <unfinished ...>
2346  <... mprotect resumed>)           = 0
2345  mprotect(0x7f65682fd000, 4096, PROT_READ|PROT_WRITE <unfinished ...>
2344  mprotect(0x7f65702f2000, 4096, PROT_READ|PROT_WRITE <unfinished ...>
2351  mprotect(0x7f654c3c8000, 4096, PROT_READ|PROT_WRITE <unfinished ...>
2349  mprotect(0x7f6554380000, 4096, PROT_READ|PROT_WRITE <unfinished ...>
2348  mprotect(0x7f6560368000, 4096, PROT_READ|PROT_WRITE <unfinished ...>
2347  <... mprotect resumed>)           = 0
2346  mprotect(0x7f6564324000, 4096, PROT_READ|PROT_WRITE <unfinished ...>
2345  <... mprotect resumed>)           = 0
2344  <... mprotect resumed>)           = 0
2351  <... mprotect resumed>)           = 0
2350  mprotect(0x7f6558397000, 4096, PROT_READ|PROT_WRITE <unfinished ...>
2349  <... mprotect resumed>)           = 0
2348  <... mprotect resumed>)           = 0
2346  <... mprotect resumed>)           = 0
2345  mprotect(0x7f65682fe000, 4096, PROT_READ|PROT_WRITE <unfinished ...>
2347  mprotect(0x7f655c349000, 4096, PROT_READ|PROT_WRITE) = 0
2350  <... mprotect resumed>)           = 0
2344  mprotect(0x7f65702f3000, 4096, PROT_READ|PROT_WRITE <unfinished ...>
2349  mprotect(0x7f6554381000, 4096, PROT_READ|PROT_WRITE <unfinished ...>
2348  mprotect(0x7f6560369000, 4096, PROT_READ|PROT_WRITE <unfinished ...>
2345  <... mprotect resumed>)           = 0
2344  <... mprotect resumed>)           = 0
2351  mprotect(0x7f654c3c9000, 4096, PROT_READ|PROT_WRITE <unfinished ...>
2346  mprotect(0x7f6564325000, 4096, PROT_READ|PROT_WRITE <unfinished ...>
2351  <... mprotect resumed>)           = 0
2349  <... mprotect resumed>)           = 0
2348  <... mprotect resumed>)           = 0
2347  mprotect(0x7f655c34a000, 4096, PROT_READ|PROT_WRITE <unfinished ...>
2345  mprotect(0x7f65682ff000, 4096, PROT_READ|PROT_WRITE <unfinished ...>
2347  <... mprotect resumed>)           = 0
2347  mprotect(0x7f655c34b000, 4096, PROT_READ|PROT_WRITE <unfinished ...>
2344  mprotect(0x7f65702f4000, 4096, PROT_READ|PROT_WRITE <unfinished ...>
2347  <... mprotect resumed>)           = 0
2350  mprotect(0x7f6558398000, 4096, PROT_READ|PROT_WRITE <unfinished ...>
2349  mprotect(0x7f6554382000, 4096, PROT_READ|PROT_WRITE <unfinished ...>
2348  mprotect(0x7f656036a000, 4096, PROT_READ|PROT_WRITE <unfinished ...>
2346  <... mprotect resumed>)           = 0
2345  <... mprotect resumed>)           = 0
2344  <... mprotect resumed>)           = 0
2351  mprotect(0x7f654c3ca000, 4096, PROT_READ|PROT_WRITE <unfinished ...>
2350  <... mprotect resumed>)           = 0
2349  <... mprotect resumed>)           = 0
2347  mprotect(0x7f655c34c000, 4096, PROT_READ|PROT_WRITE <unfinished ...>
2348  <... mprotect resumed>)           = 0
2347  <... mprotect resumed>)           = 0
2346  mprotect(0x7f6564326000, 4096, PROT_READ|PROT_WRITE <unfinished ...>
2351  <... mprotect resumed>)           = 0
2345  mprotect(0x7f6568300000, 4096, PROT_READ|PROT_WRITE <unfinished ...>
2344  mprotect(0x7f65702f5000, 4096, PROT_READ|PROT_WRITE <unfinished ...>
2349  mprotect(0x7f6554383000, 4096, PROT_READ|PROT_WRITE <unfinished ...>
2346  <... mprotect resumed>)           = 0
2345  <... mprotect resumed>)           = 0
2344  <... mprotect resumed>)           = 0
2350  mprotect(0x7f6558399000, 4096, PROT_READ|PROT_WRITE <unfinished ...>
2349  <... mprotect resumed>)           = 0
2348  mprotect(0x7f656036b000, 4096, PROT_READ|PROT_WRITE <unfinished ...>
2350  <... mprotect resumed>)           = 0
2348  <... mprotect resumed>)           = 0
2347  mprotect(0x7f655c34d000, 4096, PROT_READ|PROT_WRITE <unfinished ...>
2346  mprotect(0x7f6564327000, 4096, PROT_READ|PROT_WRITE <unfinished ...>
2345  mprotect(0x7f6568301000, 4096, PROT_READ|PROT_WRITE <unfinished ...>
2351  mprotect(0x7f654c3cb000, 4096, PROT_READ|PROT_WRITE <unfinished ...>
2349  mprotect(0x7f6554384000, 4096, PROT_READ|PROT_WRITE <unfinished ...>
2348  mprotect(0x7f656036c000, 4096, PROT_READ|PROT_WRITE <unfinished ...>
2347  <... mprotect resumed>)           = 0
2345  <... mprotect resumed>)           = 0
2344  mprotect(0x7f65702f6000, 4096, PROT_READ|PROT_WRITE <unfinished ...>
2351  <... mprotect resumed>)           = 0
2350  mprotect(0x7f655839a000, 4096, PROT_READ|PROT_WRITE <unfinished ...>
2349  <... mprotect resumed>)           = 0
2348  <... mprotect resumed>)           = 0
2346  <... mprotect resumed>)           = 0
2350  <... mprotect resumed>)           = 0
2347  mprotect(0x7f655c34e000, 4096, PROT_READ|PROT_WRITE <unfinished ...>
2344  <... mprotect resumed>)           = 0
2345  mprotect(0x7f6568302000, 4096, PROT_READ|PROT_WRITE <unfinished ...>
2347  <... mprotect resumed>)           = 0
2349  mprotect(0x7f6554385000, 4096, PROT_READ|PROT_WRITE <unfinished ...>
2346  mprotect(0x7f6564328000, 4096, PROT_READ|PROT_WRITE <unfinished ...>
2349  <... mprotect resumed>)           = 0
2347  mprotect(0x7f655c34f000, 4096, PROT_READ|PROT_WRITE <unfinished ...>
2346  <... mprotect resumed>)           = 0
2348  mprotect(0x7f656036d000, 4096, PROT_READ|PROT_WRITE <unfinished ...>
2345  <... mprotect resumed>)           = 0
2347  <... mprotect resumed>)           = 0
2344  mprotect(0x7f65702f7000, 4096, PROT_READ|PROT_WRITE <unfinished ...>
2351  mprotect(0x7f654c3cc000, 4096, PROT_READ|PROT_WRITE <unfinished ...>
2350  mprotect(0x7f655839b000, 4096, PROT_READ|PROT_WRITE <unfinished ...>
2349  mprotect(0x7f6554386000, 4096, PROT_READ|PROT_WRITE <unfinished ...>
2348  <... mprotect resumed>)           = 0
2346  mprotect(0x7f6564329000, 4096, PROT_READ|PROT_WRITE <unfinished ...>
2345  mprotect(0x7f6568303000, 4096, PROT_READ|PROT_WRITE <unfinished ...>
2351  <... mprotect resumed>)           = 0
2350  <... mprotect resumed>)           = 0
2349  <... mprotect resumed>)           = 0
2345  <... mprotect resumed>)           = 0
2344  <... mprotect resumed>)           = 0
2346  <... mprotect resumed>)           = 0
2348  mprotect(0x7f656036e000, 4096, PROT_READ|PROT_WRITE) = 0
2345  mprotect(0x7f6568304000, 4096, PROT_READ|PROT_WRITE <unfinished ...>
2344  mprotect(0x7f65702f8000, 4096, PROT_READ|PROT_WRITE <unfinished ...>
2349  mprotect(0x7f6554387000, 4096, PROT_READ|PROT_WRITE <unfinished ...>
2347  mprotect(0x7f655c350000, 4096, PROT_READ|PROT_WRITE <unfinished ...>
2351  mprotect(0x7f654c3cd000, 4096, PROT_READ|PROT_WRITE <unfinished ...>
2350  mprotect(0x7f655839c000, 4096, PROT_READ|PROT_WRITE <unfinished ...>
2349  <... mprotect resumed>)           = 0
2348  mprotect(0x7f656036f000, 4096, PROT_READ|PROT_WRITE <unfinished ...>
2346  mprotect(0x7f656432a000, 4096, PROT_READ|PROT_WRITE <unfinished ...>
2345  <... mprotect resumed>)           = 0
2344  <... mprotect resumed>)           = 0
2351  <... mprotect resumed>)           = 0
2350  <... mprotect resumed>)           = 0
2347  <... mprotect resumed>)           = 0
2346  <... mprotect resumed>)           = 0
2348  <... mprotect resumed>)           = 0
2349  mprotect(0x7f6554388000, 4096, PROT_READ|PROT_WRITE <unfinished ...>
2345  mprotect(0x7f6568305000, 4096, PROT_READ|PROT_WRITE <unfinished ...>
2344  mprotect(0x7f65702f9000, 4096, PROT_READ|PROT_WRITE <unfinished ...>
2349  <... mprotect resumed>)           = 0
2348  mprotect(0x7f6560370000, 4096, PROT_READ|PROT_WRITE <unfinished ...>
2347  mprotect(0x7f655c351000, 4096, PROT_READ|PROT_WRITE <unfinished ...>
2345  <... mprotect resumed>)           = 0
2344  <... mprotect resumed>)           = 0
2348  <... mprotect resumed>)           = 0
2347  <... mprotect resumed>)           = 0
2346  mprotect(0x7f656432b000, 4096, PROT_READ|PROT_WRITE <unfinished ...>
2350  mprotect(0x7f655839d000, 4096, PROT_READ|PROT_WRITE) = 0
2348  mprotect(0x7f6560371000, 4096, PROT_READ|PROT_WRITE <unfinished ...>
2346  <... mprotect resumed>)           = 0
2345  mprotect(0x7f6568306000, 4096, PROT_READ|PROT_WRITE <unfinished ...>
2344  mprotect(0x7f65702fa000, 4096, PROT_READ|PROT_WRITE <unfinished ...>
2351  mprotect(0x7f654c3ce000, 4096, PROT_READ|PROT_WRITE <unfinished ...>
2349  mprotect(0x7f6554389000, 4096, PROT_READ|PROT_WRITE <unfinished ...>
2348  <... mprotect resumed>)           = 0
2347  mprotect(0x7f655c352000, 4096, PROT_READ|PROT_WRITE <unfinished ...>
2351  <... mprotect resumed>)           = 0
2345  <... mprotect resumed>)           = 0
2344  <... mprotect resumed>)           = 0
2346  mprotect(0x7f656432c000, 4096, PROT_READ|PROT_WRITE <unfinished ...>
2351  mprotect(0x7f654c3cf000, 4096, PROT_READ|PROT_WRITE <unfinished ...>
2348  mprotect(0x7f6560372000, 4096, PROT_READ|PROT_WRITE <unfinished ...>
2347  <... mprotect resumed>)           = 0
2346  <... mprotect resumed>)           = 0
2344  mprotect(0x7f65702fb000, 4096, PROT_READ|PROT_WRITE <unfinished ...>
2349  <... mprotect resumed>)           = 0
2351  <... mprotect resumed>)           = 0
2350  mprotect(0x7f655839e000, 4096, PROT_READ|PROT_WRITE <unfinished ...>
2348  <... mprotect resumed>)           = 0
2345  mprotect(0x7f6568307000, 4096, PROT_READ|PROT_WRITE <unfinished ...>
2350  <... mprotect resumed>)           = 0
2344  <... mprotect resumed>)           = 0
2349  mprotect(0x7f655438a000, 4096, PROT_READ|PROT_WRITE <unfinished ...>
2347  mprotect(0x7f655c353000, 4096, PROT_READ|PROT_WRITE <unfinished ...>
2346  mprotect(0x7f656432d000, 4096, PROT_READ|PROT_WRITE <unfinished ...>
2345  <... mprotect resumed>)           = 0
2349  <... mprotect resumed>)           = 0
2348  mprotect(0x7f6560373000, 4096, PROT_READ|PROT_WRITE <unfinished ...>
2347  <... mprotect resumed>)           = 0
2346  <... mprotect resumed>)           = 0
2350  mprotect(0x7f655839f000, 4096, PROT_READ|PROT_WRITE <unfinished ...>
2348  <... mprotect resumed>)           = 0
2345  mprotect(0x7f6568308000, 4096, PROT_READ|PROT_WRITE <unfinished ...>
2344  mprotect(0x7f65702fc000, 4096, PROT_READ|PROT_WRITE <unfinished ...>
2350  <... mprotect resumed>)           = 0
2349  mprotect(0x7f655438b000, 4096, PROT_READ|PROT_WRITE <unfinished ...>
2347  mprotect(0x7f655c354000, 4096, PROT_READ|PROT_WRITE <unfinished ...>
2344  <... mprotect resumed>)           = 0
2345  <... mprotect resumed>)           = 0
2349  <... mprotect resumed>)           = 0
2347  <... mprotect resumed>)           = 0
2348  mprotect(0x7f6560374000, 4096, PROT_READ|PROT_WRITE <unfinished ...>
2346  mprotect(0x7f656432e000, 4096, PROT_READ|PROT_WRITE <unfinished ...>
2348  <... mprotect resumed>)           = 0
2345  mprotect(0x7f6568309000, 4096, PROT_READ|PROT_WRITE <unfinished ...>
2344  mprotect(0x7f65702fd000, 4096, PROT_READ|PROT_WRITE <unfinished ...>
2351  mprotect(0x7f654c3d0000, 4096, PROT_READ|PROT_WRITE <unfinished ...>
2346  <... mprotect resumed>)           = 0
2350  mprotect(0x7f65583a0000, 4096, PROT_READ|PROT_WRITE <unfinished ...>
2344  <... mprotect resumed>)           = 0
2345  <... mprotect resumed>)           = 0
2350  <... mprotect resumed>)           = 0
2351  <... mprotect resumed>)           = 0
2349  mprotect(0x7f655438c000, 4096, PROT_READ|PROT_WRITE <unfinished ...>
2347  mprotect(0x7f655c355000, 4096, PROT_READ|PROT_WRITE <unfinished ...>
2348  mprotect(0x7f6560375000, 4096, PROT_READ|PROT_WRITE <unfinished ...>
2345  mprotect(0x7f656830a000, 4096, PROT_READ|PROT_WRITE <unfinished ...>
2349  <... mprotect resumed>)           = 0
2348  <... mprotect resumed>)           = 0
2347  <... mprotect resumed>)           = 0
2346  mprotect(0x7f656432f000, 4096, PROT_READ|PROT_WRITE <unfinished ...>
2345  <... mprotect resumed>)           = 0
2344  mprotect(0x7f65702fe000, 4096, PROT_READ|PROT_WRITE <unfinished ...>
2350  mprotect(0x7f65583a1000, 4096, PROT_READ|PROT_WRITE <unfinished ...>
2349  mprotect(0x7f655438d000, 4096, PROT_READ|PROT_WRITE <unfinished ...>
2351  mprotect(0x7f654c3d1000, 4096, PROT_READ|PROT_WRITE <unfinished ...>
2349  <... mprotect resumed>)           = 0
2348  mprotect(0x7f6560376000, 4096, PROT_READ|PROT_WRITE <unfinished ...>
2347  mprotect(0x7f655c356000, 4096, PROT_READ|PROT_WRITE <unfinished ...>
2346  <... mprotect resumed>)           = 0
2345  mprotect(0x7f656830b000, 4096, PROT_READ|PROT_WRITE <unfinished ...>
2351  <... mprotect resumed>)           = 0
2348  <... mprotect resumed>)           = 0
2344  <... mprotect resumed>)           = 0
2345  <... mprotect resumed>)           = 0
2350  <... mprotect resumed>)           = 0
2347  <... mprotect resumed>)           = 0
2345  mprotect(0x7f656830c000, 4096, PROT_READ|PROT_WRITE <unfinished ...>
2349  mprotect(0x7f655438e000, 4096, PROT_READ|PROT_WRITE) = 0
2345  <... mprotect resumed>)           = 0
2348  mprotect(0x7f6560377000, 4096, PROT_READ|PROT_WRITE <unfinished ...>
2345  mprotect(0x7f656830d000, 4096, PROT_READ|PROT_WRITE <unfinished ...>
2349  mprotect(0x7f655438f000, 4096, PROT_READ|PROT_WRITE <unfinished ...>
2348  <... mprotect resumed>)           = 0
2346  mprotect(0x7f6564330000, 4096, PROT_READ|PROT_WRITE <unfinished ...>
2345  <... mprotect resumed>)           = 0
2347  mprotect(0x7f655c357000, 4096, PROT_READ|PROT_WRITE <unfinished ...>
2349  <... mprotect resumed>)           = 0
2350  mprotect(0x7f65583a2000, 4096, PROT_READ|PROT_WRITE <unfinished ...>
2349  mprotect(0x7f6554390000, 4096, PROT_READ|PROT_WRITE <unfinished ...>
2347  <... mprotect resumed>)           = 0
2346  <... mprotect resumed>)           = 0
2345  mprotect(0x7f656830e000, 4096, PROT_READ|PROT_WRITE <unfinished ...>
2350  <... mprotect resumed>)           = 0
2348  mprotect(0x7f6560378000, 4096, PROT_READ|PROT_WRITE <unfinished ...>
2344  mprotect(0x7f65702ff000, 4096, PROT_READ|PROT_WRITE <unfinished ...>
2351  mprotect(0x7f654c3d2000, 4096, PROT_READ|PROT_WRITE <unfinished ...>
2349  <... mprotect resumed>)           = 0
2348  <... mprotect resumed>)           = 0
2346  mprotect(0x7f6564331000, 4096, PROT_READ|PROT_WRITE <unfinished ...>
2345  <... mprotect resumed>)           = 0
2344  <... mprotect resumed>)           = 0
2351  <... mprotect resumed>)           = 0
2347  mprotect(0x7f655c358000, 4096, PROT_READ|PROT_WRITE <unfinished ...>
2346  <... mprotect resumed>)           = 0
2350  mprotect(0x7f65583a3000, 4096, PROT_READ|PROT_WRITE) = 0
2348  mprotect(0x7f6560379000, 4096, PROT_READ|PROT_WRITE <unfinished ...>
2345  mprotect(0x7f656830f000, 4096, PROT_READ|PROT_WRITE <unfinished ...>
2347  <... mprotect resumed>)           = 0
2344  mprotect(0x7f6570300000, 4096, PROT_READ|PROT_WRITE <unfinished ...>
2348  <... mprotect resumed>)           = 0
2345  <... mprotect resumed>)           = 0
2344  <... mprotect resumed>)           = 0
2347  mprotect(0x7f655c359000, 4096, PROT_READ|PROT_WRITE <unfinished ...>
2349  mprotect(0x7f6554391000, 4096, PROT_READ|PROT_WRITE) = 0
2348  mprotect(0x7f656037a000, 4096, PROT_READ|PROT_WRITE <unfinished ...>
2347  <... mprotect resumed>)           = 0
2346  mprotect(0x7f6564332000, 4096, PROT_READ|PROT_WRITE <unfinished ...>
2345  mprotect(0x7f6568310000, 4096, PROT_READ|PROT_WRITE <unfinished ...>
2344  mprotect(0x7f6570301000, 4096, PROT_READ|PROT_WRITE <unfinished ...>
2348  <... mprotect resumed>)           = 0
2346  <... mprotect resumed>)           = 0
2350  mprotect(0x7f65583a4000, 4096, PROT_READ|PROT_WRITE <unfinished ...>
2345  <... mprotect resumed>)           = 0
2351  mprotect(0x7f654c3d3000, 4096, PROT_READ|PROT_WRITE <unfinished ...>
2350  <... mprotect resumed>)           = 0
2348  mprotect(0x7f656037b000, 4096, PROT_READ|PROT_WRITE <unfinished ...>
2349  mprotect(0x7f6554392000, 4096, PROT_READ|PROT_WRITE <unfinished ...>
2347  mprotect(0x7f655c35a000, 4096, PROT_READ|PROT_WRITE <unfinished ...>
2346  mprotect(0x7f6564333000, 4096, PROT_READ|PROT_WRITE <unfinished ...>
2344  <... mprotect resumed>)           = 0
2351  <... mprotect resumed>)           = 0
2349  <... mprotect resumed>)           = 0
2348  <... mprotect resumed>)           = 0
2345  mprotect(0x7f6568311000, 4096, PROT_READ|PROT_WRITE <unfinished ...>
2347  <... mprotect resumed>)           = 0
2346  <... mprotect resumed>)           = 0
2345  <... mprotect resumed>)           = 0
2344  mprotect(0x7f6570302000, 4096, PROT_READ|PROT_WRITE <unfinished ...>
2345  mprotect(0x7f6568312000, 4096, PROT_READ|PROT_WRITE <unfinished ...>
2344  <... mprotect resumed>)           = 0
2345  <... mprotect resumed>)           = 0
2350  mprotect(0x7f65583a5000, 4096, PROT_READ|PROT_WRITE <unfinished ...>
2347  mprotect(0x7f655c35b000, 4096, PROT_READ|PROT_WRITE <unfinished ...>
2346  mprotect(0x7f6564334000, 4096, PROT_READ|PROT_WRITE <unfinished ...>
2344  mprotect(0x7f6570303000, 4096, PROT_READ|PROT_WRITE <unfinished ...>
2350  <... mprotect resumed>)           = 0
2349  mprotect(0x7f6554393000, 4096, PROT_READ|PROT_WRITE <unfinished ...>
2348  mprotect(0x7f656037c000, 4096, PROT_READ|PROT_WRITE <unfinished ...>
2347  <... mprotect resumed>)           = 0
2346  <... mprotect resumed>)           = 0
2344  <... mprotect resumed>)           = 0
2348  <... mprotect resumed>)           = 0
2349  <... mprotect resumed>)           = 0
2348  mprotect(0x7f656037d000, 4096, PROT_READ|PROT_WRITE <unfinished ...>
2345  mprotect(0x7f6568313000, 4096, PROT_READ|PROT_WRITE <unfinished ...>
2344  mprotect(0x7f6570304000, 4096, PROT_READ|PROT_WRITE <unfinished ...>
2350  mprotect(0x7f65583a6000, 4096, PROT_READ|PROT_WRITE <unfinished ...>
2348  <... mprotect resumed>)           = 0
2347  mprotect(0x7f655c35c000, 4096, PROT_READ|PROT_WRITE <unfinished ...>
2346  mprotect(0x7f6564335000, 4096, PROT_READ|PROT_WRITE <unfinished ...>
2345  <... mprotect resumed>)           = 0
2351  mprotect(0x7f654c3d4000, 4096, PROT_READ|PROT_WRITE <unfinished ...>
2350  <... mprotect resumed>)           = 0
2347  <... mprotect resumed>)           = 0
2346  <... mprotect resumed>)           = 0
2345  mprotect(0x7f6568314000, 4096, PROT_READ|PROT_WRITE <unfinished ...>
2344  <... mprotect resumed>)           = 0
2351  <... mprotect resumed>)           = 0
2345  <... mprotect resumed>)           = 0
2348  mprotect(0x7f656037e000, 4096, PROT_READ|PROT_WRITE <unfinished ...>
2344  mprotect(0x7f6570305000, 4096, PROT_READ|PROT_WRITE <unfinished ...>
2350  mprotect(0x7f65583a7000, 4096, PROT_READ|PROT_WRITE <unfinished ...>
2349  mprotect(0x7f6554394000, 4096, PROT_READ|PROT_WRITE <unfinished ...>
2348  <... mprotect resumed>)           = 0
2344  <... mprotect resumed>)           = 0
2350  <... mprotect resumed>)           = 0
2349  <... mprotect resumed>)           = 0
2347  mprotect(0x7f655c35d000, 4096, PROT_READ|PROT_WRITE <unfinished ...>
2346  mprotect(0x7f6564336000, 4096, PROT_READ|PROT_WRITE <unfinished ...>
2345  mprotect(0x7f6568315000, 4096, PROT_READ|PROT_WRITE <unfinished ...>
2348  mprotect(0x7f656037f000, 4096, PROT_READ|PROT_WRITE <unfinished ...>
2344  mprotect(0x7f6570306000, 4096, PROT_READ|PROT_WRITE <unfinished ...>
2346  <... mprotect resumed>)           = 0
2347  <... mprotect resumed>)           = 0
2345  <... mprotect resumed>)           = 0
2348  <... mprotect resumed>)           = 0
2344  <... mprotect resumed>)           = 0
2349  mprotect(0x7f6554395000, 4096, PROT_READ|PROT_WRITE) = 0
2351  mprotect(0x7f654c3d5000, 4096, PROT_READ|PROT_WRITE) = 0
2350  mprotect(0x7f65583a8000, 4096, PROT_READ|PROT_WRITE <unfinished ...>
2345  mprotect(0x7f6568316000, 4096, PROT_READ|PROT_WRITE <unfinished ...>
2348  mprotect(0x7f6560380000, 4096, PROT_READ|PROT_WRITE) = 0
2350  <... mprotect resumed>)           = 0
2346  mprotect(0x7f6564337000, 4096, PROT_READ|PROT_WRITE <unfinished ...>
2349  mprotect(0x7f6554396000, 4096, PROT_READ|PROT_WRITE <unfinished ...>
2345  <... mprotect resumed>)           = 0
2344  mprotect(0x7f6570307000, 4096, PROT_READ|PROT_WRITE <unfinished ...>
2348  mprotect(0x7f6560381000, 4096, PROT_READ|PROT_WRITE) = 0
2347  mprotect(0x7f655c35e000, 4096, PROT_READ|PROT_WRITE <unfinished ...>
2351  mprotect(0x7f654c3d6000, 4096, PROT_READ|PROT_WRITE <unfinished ...>
2349  <... mprotect resumed>)           = 0
2348  mprotect(0x7f6560382000, 4096, PROT_READ|PROT_WRITE <unfinished ...>
2347  <... mprotect resumed>)           = 0
2346  <... mprotect resumed>)           = 0
2344  <... mprotect resumed>)           = 0
2351  <... mprotect resumed>)           = 0
2350  mprotect(0x7f65583a9000, 4096, PROT_READ|PROT_WRITE <unfinished ...>
2348  <... mprotect resumed>)           = 0
2345  mprotect(0x7f6568317000, 4096, PROT_READ|PROT_WRITE <unfinished ...>
2350  <... mprotect resumed>)           = 0
2344  mprotect(0x7f6570308000, 4096, PROT_READ|PROT_WRITE <unfinished ...>
2345  <... mprotect resumed>)           = 0
2347  mprotect(0x7f655c35f000, 4096, PROT_READ|PROT_WRITE <unfinished ...>
2346  mprotect(0x7f6564338000, 4096, PROT_READ|PROT_WRITE <unfinished ...>
2344  <... mprotect resumed>)           = 0
2349  mprotect(0x7f6554397000, 4096, PROT_READ|PROT_WRITE <unfinished ...>
2347  <... mprotect resumed>)           = 0
2346  <... mprotect resumed>)           = 0
2345  mprotect(0x7f6568318000, 4096, PROT_READ|PROT_WRITE <unfinished ...>
2349  <... mprotect resumed>)           = 0
2348  mprotect(0x7f6560383000, 4096, PROT_READ|PROT_WRITE <unfinished ...>
2344  mprotect(0x7f6570309000, 4096, PROT_READ|PROT_WRITE <unfinished ...>
2351  mprotect(0x7f654c3d7000, 4096, PROT_READ|PROT_WRITE <unfinished ...>
2348  <... mprotect resumed>)           = 0
2346  mprotect(0x7f6564339000, 4096, PROT_READ|PROT_WRITE <unfinished ...>
2345  <... mprotect resumed>)           = 0
2344  <... mprotect resumed>)           = 0
2347  mprotect(0x7f655c360000, 4096, PROT_READ|PROT_WRITE <unfinished ...>
2351  <... mprotect resumed>)           = 0
2346  <... mprotect resumed>)           = 0
2347  <... mprotect resumed>)           = 0
2350  mprotect(0x7f65583aa000, 4096, PROT_READ|PROT_WRITE <unfinished ...>
2349  mprotect(0x7f6554398000, 4096, PROT_READ|PROT_WRITE <unfinished ...>
2346  mprotect(0x7f656433a000, 4096, PROT_READ|PROT_WRITE <unfinished ...>
2345  mprotect(0x7f6568319000, 4096, PROT_READ|PROT_WRITE <unfinished ...>
2350  <... mprotect resumed>)           = 0
2349  <... mprotect resumed>)           = 0
2348  mprotect(0x7f6560384000, 4096, PROT_READ|PROT_WRITE <unfinished ...>
2344  mprotect(0x7f657030a000, 4096, PROT_READ|PROT_WRITE <unfinished ...>
2347  mprotect(0x7f655c361000, 4096, PROT_READ|PROT_WRITE <unfinished ...>
2346  <... mprotect resumed>)           = 0
2345  <... mprotect resumed>)           = 0
2348  <... mprotect resumed>)           = 0
2347  <... mprotect resumed>)           = 0
2344  <... mprotect resumed>)           = 0
2351  mprotect(0x7f654c3d8000, 4096, PROT_READ|PROT_WRITE <unfinished ...>
2349  mprotect(0x7f6554399000, 4096, PROT_READ|PROT_WRITE <unfinished ...>
2346  mprotect(0x7f656433b000, 4096, PROT_READ|PROT_WRITE <unfinished ...>
2351  <... mprotect resumed>)           = 0
2345  mprotect(0x7f656831a000, 4096, PROT_READ|PROT_WRITE <unfinished ...>
2344  mprotect(0x7f657030b000, 4096, PROT_READ|PROT_WRITE <unfinished ...>
2349  <... mprotect resumed>)           = 0
2348  mprotect(0x7f6560385000, 4096, PROT_READ|PROT_WRITE <unfinished ...>
2347  mprotect(0x7f655c362000, 4096, PROT_READ|PROT_WRITE <unfinished ...>
2346  <... mprotect resumed>)           = 0
2345  <... mprotect resumed>)           = 0
2350  mprotect(0x7f65583ab000, 4096, PROT_READ|PROT_WRITE <unfinished ...>
2344  <... mprotect resumed>)           = 0
2350  <... mprotect resumed>)           = 0
2348  <... mprotect resumed>)           = 0
2347  <... mprotect resumed>)           = 0
2346  mprotect(0x7f656433c000, 4096, PROT_READ|PROT_WRITE <unfinished ...>
2349  mprotect(0x7f655439a000, 4096, PROT_READ|PROT_WRITE <unfinished ...>
2346  <... mprotect resumed>)           = 0
2345  mprotect(0x7f656831b000, 4096, PROT_READ|PROT_WRITE <unfinished ...>
2344  mprotect(0x7f657030c000, 4096, PROT_READ|PROT_WRITE <unfinished ...>
2351  mprotect(0x7f654c3d9000, 4096, PROT_READ|PROT_WRITE <unfinished ...>
2349  <... mprotect resumed>)           = 0
2348  mprotect(0x7f6560386000, 4096, PROT_READ|PROT_WRITE <unfinished ...>
2347  mprotect(0x7f655c363000, 4096, PROT_READ|PROT_WRITE <unfinished ...>
2351  <... mprotect resumed>)           = 0
2350  mprotect(0x7f65583ac000, 4096, PROT_READ|PROT_WRITE <unfinished ...>
2345  <... mprotect resumed>)           = 0
2344  <... mprotect resumed>)           = 0
2348  <... mprotect resumed>)           = 0
2347  <... mprotect resumed>)           = 0
2346  mprotect(0x7f656433d000, 4096, PROT_READ|PROT_WRITE <unfinished ...>
2350  <... mprotect resumed>)           = 0
2349  mprotect(0x7f655439b000, 4096, PROT_READ|PROT_WRITE) = 0
2348  mprotect(0x7f6560387000, 4096, PROT_READ|PROT_WRITE <unfinished ...>
2345  mprotect(0x7f656831c000, 4096, PROT_READ|PROT_WRITE <unfinished ...>
2344  mprotect(0x7f657030d000, 4096, PROT_READ|PROT_WRITE <unfinished ...>
2347  mprotect(0x7f655c364000, 4096, PROT_READ|PROT_WRITE <unfinished ...>
2346  <... mprotect resumed>)           = 0
2350  mprotect(0x7f65583ad000, 4096, PROT_READ|PROT_WRITE <unfinished ...>
2348  <... mprotect resumed>)           = 0
2345  <... mprotect resumed>)           = 0
2344  <... mprotect resumed>)           = 0
2350  <... mprotect resumed>)           = 0
2347  <... mprotect resumed>)           = 0
2349  mprotect(0x7f655439c000, 4096, PROT_READ|PROT_WRITE <unfinished ...>
2346  mprotect(0x7f656433e000, 4096, PROT_READ|PROT_WRITE <unfinished ...>
2351  mprotect(0x7f654c3da000, 4096, PROT_READ|PROT_WRITE <unfinished ...>
2349  <... mprotect resumed>)           = 0
2348  mprotect(0x7f6560388000, 4096, PROT_READ|PROT_WRITE <unfinished ...>
2347  mprotect(0x7f655c365000, 4096, PROT_READ|PROT_WRITE <unfinished ...>
2346  <... mprotect resumed>)           = 0
2345  mprotect(0x7f656831d000, 4096, PROT_READ|PROT_WRITE <unfinished ...>
2344  mprotect(0x7f657030e000, 4096, PROT_READ|PROT_WRITE <unfinished ...>
2351  <... mprotect resumed>)           = 0
2350  mprotect(0x7f65583ae000, 4096, PROT_READ|PROT_WRITE <unfinished ...>
2348  <... mprotect resumed>)           = 0
2347  <... mprotect resumed>)           = 0
2349  mprotect(0x7f655439d000, 4096, PROT_READ|PROT_WRITE <unfinished ...>
2345  <... mprotect resumed>)           = 0
2344  <... mprotect resumed>)           = 0
2348  mprotect(0x7f6560389000, 4096, PROT_READ|PROT_WRITE <unfinished ...>
2349  <... mprotect resumed>)           = 0
2348  <... mprotect resumed>)           = 0
2350  <... mprotect resumed>)           = 0
2351  mprotect(0x7f654c3db000, 4096, PROT_READ|PROT_WRITE <unfinished ...>
2346  mprotect(0x7f656433f000, 4096, PROT_READ|PROT_WRITE <unfinished ...>
2351  <... mprotect resumed>)           = 0
2345  mprotect(0x7f656831e000, 4096, PROT_READ|PROT_WRITE <unfinished ...>
2350  mprotect(0x7f65583af000, 4096, PROT_READ|PROT_WRITE <unfinished ...>
2349  mprotect(0x7f655439e000, 4096, PROT_READ|PROT_WRITE <unfinished ...>
2348  mprotect(0x7f656038a000, 4096, PROT_READ|PROT_WRITE <unfinished ...>
2346  <... mprotect resumed>)           = 0
2350  <... mprotect resumed>)           = 0
2349  <... mprotect resumed>)           = 0
2348  <... mprotect resumed>)           = 0
2347  mprotect(0x7f655c366000, 4096, PROT_READ|PROT_WRITE <unfinished ...>
2345  <... mprotect resumed>)           = 0
2344  mprotect(0x7f657030f000, 4096, PROT_READ|PROT_WRITE <unfinished ...>
2346  mprotect(0x7f6564340000, 4096, PROT_READ|PROT_WRITE <unfinished ...>
2347  <... mprotect resumed>)           = 0
2344  <... mprotect resumed>)           = 0
2345  mprotect(0x7f656831f000, 4096, PROT_READ|PROT_WRITE <unfinished ...>
2347  mprotect(0x7f655c367000, 4096, PROT_READ|PROT_WRITE <unfinished ...>
2346  <... mprotect resumed>)           = 0
2348  mprotect(0x7f656038b000, 4096, PROT_READ|PROT_WRITE <unfinished ...>
2345  <... mprotect resumed>)           = 0
2347  <... mprotect resumed>)           = 0
2348  <... mprotect resumed>)           = 0
2344  mprotect(0x7f6570310000, 4096, PROT_READ|PROT_WRITE <unfinished ...>
2349  mprotect(0x7f655439f000, 4096, PROT_READ|PROT_WRITE <unfinished ...>
2351  mprotect(0x7f654c3dc000, 4096, PROT_READ|PROT_WRITE <unfinished ...>
2349  <... mprotect resumed>)           = 0
2344  <... mprotect resumed>)           = 0
2351  <... mprotect resumed>)           = 0
2350  mprotect(0x7f65583b0000, 4096, PROT_READ|PROT_WRITE <unfinished ...>
2346  mprotect(0x7f6564341000, 4096, PROT_READ|PROT_WRITE <unfinished ...>
2350  <... mprotect resumed>)           = 0
2347  mprotect(0x7f655c368000, 4096, PROT_READ|PROT_WRITE <unfinished ...>
2348  mprotect(0x7f656038c000, 4096, PROT_READ|PROT_WRITE) = 0
2348  mprotect(0x7f656038d000, 4096, PROT_READ|PROT_WRITE <unfinished ...>
2347  <... mprotect resumed>)           = 0
2346  <... mprotect resumed>)           = 0
2345  mprotect(0x7f6568320000, 4096, PROT_READ|PROT_WRITE <unfinished ...>
2344  mprotect(0x7f6570311000, 4096, PROT_READ|PROT_WRITE <unfinished ...>
2351  mprotect(0x7f654c3dd000, 4096, PROT_READ|PROT_WRITE <unfinished ...>
2349  mprotect(0x7f65543a0000, 4096, PROT_READ|PROT_WRITE <unfinished ...>
2348  <... mprotect resumed>)           = 0
2347  mprotect(0x7f655c369000, 4096, PROT_READ|PROT_WRITE <unfinished ...>
2344  <... mprotect resumed>)           = 0
2351  <... mprotect resumed>)           = 0
2350  mprotect(0x7f65583b1000, 4096, PROT_READ|PROT_WRITE <unfinished ...>
2345  <... mprotect resumed>)           = 0
2349  <... mprotect resumed>)           = 0
2350  <... mprotect resumed>)           = 0
2347  <... mprotect resumed>)           = 0
2346  mprotect(0x7f6564342000, 4096, PROT_READ|PROT_WRITE <unfinished ...>
2344  mprotect(0x7f6570312000, 4096, PROT_READ|PROT_WRITE <unfinished ...>
2348  mprotect(0x7f656038e000, 4096, PROT_READ|PROT_WRITE <unfinished ...>
2346  <... mprotect resumed>)           = 0
2348  <... mprotect resumed>)           = 0
2345  mprotect(0x7f6568321000, 4096, PROT_READ|PROT_WRITE <unfinished ...>
2344  <... mprotect resumed>)           = 0
2347  mprotect(0x7f655c36a000, 4096, PROT_READ|PROT_WRITE <unfinished ...>
2346  mprotect(0x7f6564343000, 4096, PROT_READ|PROT_WRITE <unfinished ...>
2345  <... mprotect resumed>)           = 0
2349  mprotect(0x7f65543a1000, 4096, PROT_READ|PROT_WRITE <unfinished ...>
2347  <... mprotect resumed>)           = 0
2349  <... mprotect resumed>)           = 0
2346  <... mprotect resumed>)           = 0
2344  mprotect(0x7f6570313000, 4096, PROT_READ|PROT_WRITE <unfinished ...>
2351  mprotect(0x7f654c3de000, 4096, PROT_READ|PROT_WRITE <unfinished ...>
2350  mprotect(0x7f65583b2000, 4096, PROT_READ|PROT_WRITE <unfinished ...>
2348  mprotect(0x7f656038f000, 4096, PROT_READ|PROT_WRITE <unfinished ...>
2345  mprotect(0x7f6568322000, 4096, PROT_READ|PROT_WRITE <unfinished ...>
2351  <... mprotect resumed>)           = 0
2350  <... mprotect resumed>)           = 0
2348  <... mprotect resumed>)           = 0
2347  mprotect(0x7f655c36b000, 4096, PROT_READ|PROT_WRITE <unfinished ...>
2345  <... mprotect resumed>)           = 0
2344  <... mprotect resumed>)           = 0
2349  mprotect(0x7f65543a2000, 4096, PROT_READ|PROT_WRITE <unfinished ...>
2347  <... mprotect resumed>)           = 0
2346  mprotect(0x7f6564344000, 4096, PROT_READ|PROT_WRITE <unfinished ...>
2349  <... mprotect resumed>)           = 0
2348  mprotect(0x7f6560390000, 4096, PROT_READ|PROT_WRITE <unfinished ...>
2346  <... mprotect resumed>)           = 0
2344  mprotect(0x7f6570314000, 4096, PROT_READ|PROT_WRITE <unfinished ...>
2348  <... mprotect resumed>)           = 0
2347  mprotect(0x7f655c36c000, 4096, PROT_READ|PROT_WRITE <unfinished ...>
2345  mprotect(0x7f6568323000, 4096, PROT_READ|PROT_WRITE <unfinished ...>
2344  <... mprotect resumed>)           = 0
2350  mprotect(0x7f65583b3000, 4096, PROT_READ|PROT_WRITE <unfinished ...>
2347  <... mprotect resumed>)           = 0
2346  mprotect(0x7f6564345000, 4096, PROT_READ|PROT_WRITE <unfinished ...>
2345  <... mprotect resumed>)           = 0
2350  <... mprotect resumed>)           = 0
2349  mprotect(0x7f65543a3000, 4096, PROT_READ|PROT_WRITE <unfinished ...>
2346  <... mprotect resumed>)           = 0
2344  mprotect(0x7f6570315000, 4096, PROT_READ|PROT_WRITE <unfinished ...>
2351  mprotect(0x7f654c3df000, 4096, PROT_READ|PROT_WRITE <unfinished ...>
2349  <... mprotect resumed>)           = 0
2348  mprotect(0x7f6560391000, 4096, PROT_READ|PROT_WRITE <unfinished ...>
2347  mprotect(0x7f655c36d000, 4096, PROT_READ|PROT_WRITE <unfinished ...>
2345  mprotect(0x7f6568324000, 4096, PROT_READ|PROT_WRITE <unfinished ...>
2344  <... mprotect resumed>)           = 0
2351  <... mprotect resumed>)           = 0
2350  mprotect(0x7f65583b4000, 4096, PROT_READ|PROT_WRITE <unfinished ...>
2348  <... mprotect resumed>)           = 0
2347  <... mprotect resumed>)           = 0
2346  mprotect(0x7f6564346000, 4096, PROT_READ|PROT_WRITE <unfinished ...>
2345  <... mprotect resumed>)           = 0
2350  <... mprotect resumed>)           = 0
2344  mprotect(0x7f6570316000, 4096, PROT_READ|PROT_WRITE <unfinished ...>
2346  <... mprotect resumed>)           = 0
2344  <... mprotect resumed>)           = 0
2349  mprotect(0x7f65543a4000, 4096, PROT_READ|PROT_WRITE <unfinished ...>
2347  mprotect(0x7f655c36e000, 4096, PROT_READ|PROT_WRITE <unfinished ...>
2345  mprotect(0x7f6568325000, 4096, PROT_READ|PROT_WRITE <unfinished ...>
2349  <... mprotect resumed>)           = 0
2348  mprotect(0x7f6560392000, 4096, PROT_READ|PROT_WRITE <unfinished ...>
2347  <... mprotect resumed>)           = 0
2346  mprotect(0x7f6564347000, 4096, PROT_READ|PROT_WRITE <unfinished ...>
2344  mprotect(0x7f6570317000, 4096, PROT_READ|PROT_WRITE <unfinished ...>
2345  <... mprotect resumed>)           = 0
2348  <... mprotect resumed>)           = 0
2346  <... mprotect resumed>)           = 0
2344  <... mprotect resumed>)           = 0
2350  mprotect(0x7f65583b5000, 4096, PROT_READ|PROT_WRITE <unfinished ...>
2349  mprotect(0x7f65543a5000, 4096, PROT_READ|PROT_WRITE <unfinished ...>
2347  mprotect(0x7f655c36f000, 4096, PROT_READ|PROT_WRITE <unfinished ...>
2345  mprotect(0x7f6568326000, 4096, PROT_READ|PROT_WRITE <unfinished ...>
2351  mprotect(0x7f654c3e0000, 4096, PROT_READ|PROT_WRITE <unfinished ...>
2350  <... mprotect resumed>)           = 0
2346  mprotect(0x7f6564348000, 4096, PROT_READ|PROT_WRITE <unfinished ...>
2344  mprotect(0x7f6570318000, 4096, PROT_READ|PROT_WRITE <unfinished ...>
2351  <... mprotect resumed>)           = 0
2349  <... mprotect resumed>)           = 0
2348  mprotect(0x7f6560393000, 4096, PROT_READ|PROT_WRITE <unfinished ...>
2347  <... mprotect resumed>)           = 0
2345  <... mprotect resumed>)           = 0
2346  <... mprotect resumed>)           = 0
2344  <... mprotect resumed>)           = 0
2348  <... mprotect resumed>)           = 0
2347  mprotect(0x7f655c370000, 4096, PROT_READ|PROT_WRITE <unfinished ...>
2345  mprotect(0x7f6568327000, 4096, PROT_READ|PROT_WRITE <unfinished ...>
2349  mprotect(0x7f65543a6000, 4096, PROT_READ|PROT_WRITE <unfinished ...>
2346  mprotect(0x7f6564349000, 4096, PROT_READ|PROT_WRITE <unfinished ...>
2350  mprotect(0x7f65583b6000, 4096, PROT_READ|PROT_WRITE <unfinished ...>
2347  <... mprotect resumed>)           = 0
2345  <... mprotect resumed>)           = 0
2344  mprotect(0x7f6570319000, 4096, PROT_READ|PROT_WRITE <unfinished ...>
2349  <... mprotect resumed>)           = 0
2350  <... mprotect resumed>)           = 0
2346  <... mprotect resumed>)           = 0
2344  <... mprotect resumed>)           = 0
2348  mprotect(0x7f6560394000, 4096, PROT_READ|PROT_WRITE) = 0
2345  mprotect(0x7f6568328000, 4096, PROT_READ|PROT_WRITE <unfinished ...>
2347  mprotect(0x7f655c371000, 4096, PROT_READ|PROT_WRITE <unfinished ...>
2346  mprotect(0x7f656434a000, 4096, PROT_READ|PROT_WRITE <unfinished ...>
2351  mprotect(0x7f654c3e1000, 4096, PROT_READ|PROT_WRITE <unfinished ...>
2349  mprotect(0x7f65543a7000, 4096, PROT_READ|PROT_WRITE <unfinished ...>
2348  mprotect(0x7f6560395000, 4096, PROT_READ|PROT_WRITE <unfinished ...>
2345  <... mprotect resumed>)           = 0
2350  mprotect(0x7f65583b7000, 4096, PROT_READ|PROT_WRITE <unfinished ...>
2349  <... mprotect resumed>)           = 0
2347  <... mprotect resumed>)           = 0
2346  <... mprotect resumed>)           = 0
2344  mprotect(0x7f657031a000, 4096, PROT_READ|PROT_WRITE <unfinished ...>
2351  <... mprotect resumed>)           = 0
2350  <... mprotect resumed>)           = 0
2348  <... mprotect resumed>)           = 0
2345  mprotect(0x7f6568329000, 4096, PROT_READ|PROT_WRITE <unfinished ...>
2344  <... mprotect resumed>)           = 0
2345  <... mprotect resumed>)           = 0
2349  mprotect(0x7f65543a8000, 4096, PROT_READ|PROT_WRITE) = 0
2347  mprotect(0x7f655c372000, 4096, PROT_READ|PROT_WRITE <unfinished ...>
2346  mprotect(0x7f656434b000, 4096, PROT_READ|PROT_WRITE <unfinished ...>
2344  mprotect(0x7f657031b000, 4096, PROT_READ|PROT_WRITE <unfinished ...>
2345  mprotect(0x7f656832a000, 4096, PROT_READ|PROT_WRITE <unfinished ...>
2350  mprotect(0x7f65583b8000, 4096, PROT_READ|PROT_WRITE) = 0
2347  <... mprotect resumed>)           = 0
2346  <... mprotect resumed>)           = 0
2345  <... mprotect resumed>)           = 0
2348  mprotect(0x7f6560396000, 4096, PROT_READ|PROT_WRITE <unfinished ...>
2344  <... mprotect resumed>)           = 0
2348  <... mprotect resumed>)           = 0
2349  mprotect(0x7f65543a9000, 4096, PROT_READ|PROT_WRITE <unfinished ...>
2345  mprotect(0x7f656832b000, 4096, PROT_READ|PROT_WRITE <unfinished ...>
2347  mprotect(0x7f655c373000, 4096, PROT_READ|PROT_WRITE <unfinished ...>
2345  <... mprotect resumed>)           = 0
2349  <... mprotect resumed>)           = 0
2348  mprotect(0x7f6560397000, 4096, PROT_READ|PROT_WRITE <unfinished ...>
2346  mprotect(0x7f656434c000, 4096, PROT_READ|PROT_WRITE <unfinished ...>
2344  mprotect(0x7f657031c000, 4096, PROT_READ|PROT_WRITE <unfinished ...>
2351  mprotect(0x7f654c3e2000, 4096, PROT_READ|PROT_WRITE <unfinished ...>
2347  <... mprotect resumed>)           = 0
2348  <... mprotect resumed>)           = 0
2345  mprotect(0x7f656832c000, 4096, PROT_READ|PROT_WRITE <unfinished ...>
2351  <... mprotect resumed>)           = 0
2350  mprotect(0x7f65583b9000, 4096, PROT_READ|PROT_WRITE <unfinished ...>
2346  <... mprotect resumed>)           = 0
2345  <... mprotect resumed>)           = 0
2350  <... mprotect resumed>)           = 0
2349  mprotect(0x7f65543aa000, 4096, PROT_READ|PROT_WRITE <unfinished ...>
2344  <... mprotect resumed>)           = 0
2349  <... mprotect resumed>)           = 0
2348  mprotect(0x7f6560398000, 4096, PROT_READ|PROT_WRITE <unfinished ...>
2344  mprotect(0x7f657031d000, 4096, PROT_READ|PROT_WRITE <unfinished ...>
2348  <... mprotect resumed>)           = 0
2347  mprotect(0x7f655c374000, 4096, PROT_READ|PROT_WRITE <unfinished ...>
2346  mprotect(0x7f656434d000, 4096, PROT_READ|PROT_WRITE <unfinished ...>
2345  mprotect(0x7f656832d000, 4096, PROT_READ|PROT_WRITE <unfinished ...>
2344  <... mprotect resumed>)           = 0
2346  <... mprotect resumed>)           = 0
2347  <... mprotect resumed>)           = 0
2349  mprotect(0x7f65543ab000, 4096, PROT_READ|PROT_WRITE <unfinished ...>
2345  <... mprotect resumed>)           = 0
2350  mprotect(0x7f65583ba000, 4096, PROT_READ|PROT_WRITE <unfinished ...>
2348  mprotect(0x7f6560399000, 4096, PROT_READ|PROT_WRITE <unfinished ...>
2344  mprotect(0x7f657031e000, 4096, PROT_READ|PROT_WRITE <unfinished ...>
2349  <... mprotect resumed>)           = 0
2350  <... mprotect resumed>)           = 0
2348  <... mprotect resumed>)           = 0
2344  <... mprotect resumed>)           = 0
2347  mprotect(0x7f655c375000, 4096, PROT_READ|PROT_WRITE <unfinished ...>
2346  mprotect(0x7f656434e000, 4096, PROT_READ|PROT_WRITE <unfinished ...>
2345  mprotect(0x7f656832e000, 4096, PROT_READ|PROT_WRITE <unfinished ...>
2349  mprotect(0x7f65543ac000, 4096, PROT_READ|PROT_WRITE <unfinished ...>
2348  mprotect(0x7f656039a000, 4096, PROT_READ|PROT_WRITE <unfinished ...>
2347  <... mprotect resumed>)           = 0
2346  <... mprotect resumed>)           = 0
2345  <... mprotect resumed>)           = 0
2344  mprotect(0x7f657031f000, 4096, PROT_READ|PROT_WRITE <unfinished ...>
2351  mprotect(0x7f654c3e3000, 4096, PROT_READ|PROT_WRITE <unfinished ...>
2350  mprotect(0x7f65583bb000, 4096, PROT_READ|PROT_WRITE <unfinished ...>
2349  <... mprotect resumed>)           = 0
2348  <... mprotect resumed>)           = 0
2351  <... mprotect resumed>)           = 0
2350  <... mprotect resumed>)           = 0
2344  <... mprotect resumed>)           = 0
2345  mprotect(0x7f656832f000, 4096, PROT_READ|PROT_WRITE <unfinished ...>
2347  mprotect(0x7f655c376000, 4096, PROT_READ|PROT_WRITE <unfinished ...>
2346  mprotect(0x7f656434f000, 4096, PROT_READ|PROT_WRITE <unfinished ...>
2345  <... mprotect resumed>)           = 0
2347  <... mprotect resumed>)           = 0
2346  <... mprotect resumed>)           = 0
2349  mprotect(0x7f65543ad000, 4096, PROT_READ|PROT_WRITE <unfinished ...>
2348  mprotect(0x7f656039b000, 4096, PROT_READ|PROT_WRITE <unfinished ...>
2349  <... mprotect resumed>)           = 0
2347  mprotect(0x7f655c377000, 4096, PROT_READ|PROT_WRITE <unfinished ...>
2346  mprotect(0x7f6564350000, 4096, PROT_READ|PROT_WRITE <unfinished ...>
2345  mprotect(0x7f6568330000, 4096, PROT_READ|PROT_WRITE <unfinished ...>
2350  mprotect(0x7f65583bc000, 4096, PROT_READ|PROT_WRITE <unfinished ...>
2348  <... mprotect resumed>)           = 0
2344  mprotect(0x7f6570320000, 4096, PROT_READ|PROT_WRITE <unfinished ...>
2347  <... mprotect resumed>)           = 0
2346  <... mprotect resumed>)           = 0
2345  <... mprotect resumed>)           = 0
2350  <... mprotect resumed>)           = 0
2344  <... mprotect resumed>)           = 0
2349  mprotect(0x7f65543ae000, 4096, PROT_READ|PROT_WRITE <unfinished ...>
2347  mprotect(0x7f655c378000, 4096, PROT_READ|PROT_WRITE <unfinished ...>
2346  mprotect(0x7f6564351000, 4096, PROT_READ|PROT_WRITE <unfinished ...>
2351  mprotect(0x7f654c3e4000, 4096, PROT_READ|PROT_WRITE <unfinished ...>
2349  <... mprotect resumed>)           = 0
2345  mprotect(0x7f6568331000, 4096, PROT_READ|PROT_WRITE <unfinished ...>
2344  mprotect(0x7f6570321000, 4096, PROT_READ|PROT_WRITE <unfinished ...>
2347  <... mprotect resumed>)           = 0
2346  <... mprotect resumed>)           = 0
2351  <... mprotect resumed>)           = 0
2348  mprotect(0x7f656039c000, 4096, PROT_READ|PROT_WRITE <unfinished ...>
2345  <... mprotect resumed>)           = 0
2344  <... mprotect resumed>)           = 0
2350  mprotect(0x7f65583bd000, 4096, PROT_READ|PROT_WRITE <unfinished ...>
2348  <... mprotect resumed>)           = 0
2346  mprotect(0x7f6564352000, 4096, PROT_READ|PROT_WRITE <unfinished ...>
2350  <... mprotect resumed>)           = 0
2349  mprotect(0x7f65543af000, 4096, PROT_READ|PROT_WRITE <unfinished ...>
2346  <... mprotect resumed>)           = 0
2347  mprotect(0x7f655c379000, 4096, PROT_READ|PROT_WRITE <unfinished ...>
2345  mprotect(0x7f6568332000, 4096, PROT_READ|PROT_WRITE <unfinished ...>
2349  <... mprotect resumed>)           = 0
2344  mprotect(0x7f6570322000, 4096, PROT_READ|PROT_WRITE <unfinished ...>
2347  <... mprotect resumed>)           = 0
2345  <... mprotect resumed>)           = 0
2346  mprotect(0x7f6564353000, 4096, PROT_READ|PROT_WRITE) = 0
2348  mprotect(0x7f656039d000, 4096, PROT_READ|PROT_WRITE <unfinished ...>
2347  mprotect(0x7f655c37a000, 4096, PROT_READ|PROT_WRITE <unfinished ...>
2345  mprotect(0x7f6568333000, 4096, PROT_READ|PROT_WRITE <unfinished ...>
2344  <... mprotect resumed>)           = 0
2349  mprotect(0x7f65543b0000, 4096, PROT_READ|PROT_WRITE <unfinished ...>
2348  <... mprotect resumed>)           = 0
2347  <... mprotect resumed>)           = 0
2345  <... mprotect resumed>)           = 0
2349  <... mprotect resumed>)           = 0
2346  mprotect(0x7f6564354000, 4096, PROT_READ|PROT_WRITE <unfinished ...>
2350  mprotect(0x7f65583be000, 4096, PROT_READ|PROT_WRITE <unfinished ...>
2347  mprotect(0x7f655c37b000, 4096, PROT_READ|PROT_WRITE <unfinished ...>
2345  mprotect(0x7f6568334000, 4096, PROT_READ|PROT_WRITE <unfinished ...>
2344  mprotect(0x7f6570323000, 4096, PROT_READ|PROT_WRITE <unfinished ...>
2350  <... mprotect resumed>)           = 0
2347  <... mprotect resumed>)           = 0
2346  <... mprotect resumed>)           = 0
2351  mprotect(0x7f654c3e5000, 4096, PROT_READ|PROT_WRITE <unfinished ...>
2345  <... mprotect resumed>)           = 0
2351  <... mprotect resumed>)           = 0
2348  mprotect(0x7f656039e000, 4096, PROT_READ|PROT_WRITE <unfinished ...>
2344  <... mprotect resumed>)           = 0
2349  mprotect(0x7f65543b1000, 4096, PROT_READ|PROT_WRITE) = 0
2348  <... mprotect resumed>)           = 0
2345  mprotect(0x7f6568335000, 4096, PROT_READ|PROT_WRITE) = 0
2344  mprotect(0x7f6570324000, 4096, PROT_READ|PROT_WRITE <unfinished ...>
2347  mprotect(0x7f655c37c000, 4096, PROT_READ|PROT_WRITE <unfinished ...>
2346  mprotect(0x7f6564355000, 4096, PROT_READ|PROT_WRITE <unfinished ...>
2350  mprotect(0x7f65583bf000, 4096, PROT_READ|PROT_WRITE <unfinished ...>
2347  <... mprotect resumed>)           = 0
2346  <... mprotect resumed>)           = 0
2344  <... mprotect resumed>)           = 0
2349  mprotect(0x7f65543b2000, 4096, PROT_READ|PROT_WRITE <unfinished ...>
2348  mprotect(0x7f656039f000, 4096, PROT_READ|PROT_WRITE <unfinished ...>
2345  mprotect(0x7f6568336000, 4096, PROT_READ|PROT_WRITE <unfinished ...>
2350  <... mprotect resumed>)           = 0
2349  <... mprotect resumed>)           = 0
2348  <... mprotect resumed>)           = 0
2346  mprotect(0x7f6564356000, 4096, PROT_READ|PROT_WRITE <unfinished ...>
2345  <... mprotect resumed>)           = 0
2344  mprotect(0x7f6570325000, 4096, PROT_READ|PROT_WRITE <unfinished ...>
2347  mprotect(0x7f655c37d000, 4096, PROT_READ|PROT_WRITE <unfinished ...>
2346  <... mprotect resumed>)           = 0
2344  <... mprotect resumed>)           = 0
2347  <... mprotect resumed>)           = 0
2345  mprotect(0x7f6568337000, 4096, PROT_READ|PROT_WRITE <unfinished ...>
2348  mprotect(0x7f65603a0000, 4096, PROT_READ|PROT_WRITE <unfinished ...>
2344  mprotect(0x7f6570326000, 4096, PROT_READ|PROT_WRITE <unfinished ...>
2351  mprotect(0x7f654c3e6000, 4096, PROT_READ|PROT_WRITE <unfinished ...>
2346  mprotect(0x7f6564357000, 4096, PROT_READ|PROT_WRITE <unfinished ...>
2345  <... mprotect resumed>)           = 0
2350  mprotect(0x7f65583c0000, 4096, PROT_READ|PROT_WRITE <unfinished ...>
2348  <... mprotect resumed>)           = 0
2344  <... mprotect resumed>)           = 0
2351  <... mprotect resumed>)           = 0
2349  mprotect(0x7f65543b3000, 4096, PROT_READ|PROT_WRITE <unfinished ...>
2350  <... mprotect resumed>)           = 0
2346  <... mprotect resumed>)           = 0
2345  mprotect(0x7f6568338000, 4096, PROT_READ|PROT_WRITE <unfinished ...>
2349  <... mprotect resumed>)           = 0
2347  mprotect(0x7f655c37e000, 4096, PROT_READ|PROT_WRITE <unfinished ...>
2346  mprotect(0x7f6564358000, 4096, PROT_READ|PROT_WRITE <unfinished ...>
2345  <... mprotect resumed>)           = 0
2344  mprotect(0x7f6570327000, 4096, PROT_READ|PROT_WRITE <unfinished ...>
2348  mprotect(0x7f65603a1000, 4096, PROT_READ|PROT_WRITE <unfinished ...>
2347  <... mprotect resumed>)           = 0
2346  <... mprotect resumed>)           = 0
2349  mprotect(0x7f65543b4000, 4096, PROT_READ|PROT_WRITE <unfinished ...>
2348  <... mprotect resumed>)           = 0
2344  <... mprotect resumed>)           = 0
2350  mprotect(0x7f65583c1000, 4096, PROT_READ|PROT_WRITE <unfinished ...>
2349  <... mprotect resumed>)           = 0
2350  <... mprotect resumed>)           = 0
2346  mprotect(0x7f6564359000, 4096, PROT_READ|PROT_WRITE <unfinished ...>
2345  mprotect(0x7f6568339000, 4096, PROT_READ|PROT_WRITE <unfinished ...>
2348  mprotect(0x7f65603a2000, 4096, PROT_READ|PROT_WRITE <unfinished ...>
2346  <... mprotect resumed>)           = 0
2345  <... mprotect resumed>)           = 0
2348  <... mprotect resumed>)           = 0
2347  mprotect(0x7f655c37f000, 4096, PROT_READ|PROT_WRITE <unfinished ...>
2346  mprotect(0x7f656435a000, 4096, PROT_READ|PROT_WRITE <unfinished ...>
2344  mprotect(0x7f6570328000, 4096, PROT_READ|PROT_WRITE <unfinished ...>
2350  mprotect(0x7f65583c2000, 4096, PROT_READ|PROT_WRITE <unfinished ...>
2346  <... mprotect resumed>)           = 0
2350  <... mprotect resumed>)           = 0
2349  mprotect(0x7f65543b5000, 4096, PROT_READ|PROT_WRITE <unfinished ...>
2347  <... mprotect resumed>)           = 0
2345  mprotect(0x7f656833a000, 4096, PROT_READ|PROT_WRITE <unfinished ...>
2349  <... mprotect resumed>)           = 0
2348  mprotect(0x7f65603a3000, 4096, PROT_READ|PROT_WRITE <unfinished ...>
2346  mprotect(0x7f656435b000, 4096, PROT_READ|PROT_WRITE <unfinished ...>
2344  <... mprotect resumed>)           = 0
2345  <... mprotect resumed>)           = 0
2350  mprotect(0x7f65583c3000, 4096, PROT_READ|PROT_WRITE <unfinished ...>
2348  <... mprotect resumed>)           = 0
2346  <... mprotect resumed>)           = 0
2350  <... mprotect resumed>)           = 0
2349  mprotect(0x7f65543b6000, 4096, PROT_READ|PROT_WRITE <unfinished ...>
2347  mprotect(0x7f655c380000, 4096, PROT_READ|PROT_WRITE <unfinished ...>
2345  mprotect(0x7f656833b000, 4096, PROT_READ|PROT_WRITE <unfinished ...>
2351  mprotect(0x7f654c3e7000, 4096, PROT_READ|PROT_WRITE <unfinished ...>
2344  mprotect(0x7f6570329000, 4096, PROT_READ|PROT_WRITE <unfinished ...>
2351  <... mprotect resumed>)           = 0
2349  <... mprotect resumed>)           = 0
2345  <... mprotect resumed>)           = 0
2348  mprotect(0x7f65603a4000, 4096, PROT_READ|PROT_WRITE <unfinished ...>
2347  <... mprotect resumed>)           = 0
2344  <... mprotect resumed>)           = 0
2348  <... mprotect resumed>)           = 0
2346  mprotect(0x7f656435c000, 4096, PROT_READ|PROT_WRITE) = 0
2345  mprotect(0x7f656833c000, 4096, PROT_READ|PROT_WRITE <unfinished ...>
2347  mprotect(0x7f655c381000, 4096, PROT_READ|PROT_WRITE <unfinished ...>
2344  mprotect(0x7f657032a000, 4096, PROT_READ|PROT_WRITE <unfinished ...>
2348  mprotect(0x7f65603a5000, 4096, PROT_READ|PROT_WRITE <unfinished ...>
2347  <... mprotect resumed>)           = 0
2345  <... mprotect resumed>)           = 0
2348  <... mprotect resumed>)           = 0
2344  <... mprotect resumed>)           = 0
2350  mprotect(0x7f65583c4000, 4096, PROT_READ|PROT_WRITE) = 0
2346  mprotect(0x7f656435d000, 4096, PROT_READ|PROT_WRITE <unfinished ...>
2349  mprotect(0x7f65543b7000, 4096, PROT_READ|PROT_WRITE <unfinished ...>
2345  mprotect(0x7f656833d000, 4096, PROT_READ|PROT_WRITE <unfinished ...>
2349  <... mprotect resumed>)           = 0
2348  mprotect(0x7f65603a6000, 4096, PROT_READ|PROT_WRITE <unfinished ...>
2347  mprotect(0x7f655c382000, 4096, PROT_READ|PROT_WRITE <unfinished ...>
2348  <... mprotect resumed>)           = 0
2346  <... mprotect resumed>)           = 0
2345  <... mprotect resumed>)           = 0
2344  mprotect(0x7f657032b000, 4096, PROT_READ|PROT_WRITE <unfinished ...>
2347  <... mprotect resumed>)           = 0
2349  mprotect(0x7f65543b8000, 4096, PROT_READ|PROT_WRITE <unfinished ...>
2347  mprotect(0x7f655c383000, 4096, PROT_READ|PROT_WRITE <unfinished ...>
2345  mprotect(0x7f656833e000, 4096, PROT_READ|PROT_WRITE <unfinished ...>
2351  mprotect(0x7f654c3e8000, 4096, PROT_READ|PROT_WRITE <unfinished ...>
2350  mprotect(0x7f65583c5000, 4096, PROT_READ|PROT_WRITE <unfinished ...>
2349  <... mprotect resumed>)           = 0
2348  mprotect(0x7f65603a7000, 4096, PROT_READ|PROT_WRITE <unfinished ...>
2347  <... mprotect resumed>)           = 0
2346  mprotect(0x7f656435e000, 4096, PROT_READ|PROT_WRITE <unfinished ...>
2345  <... mprotect resumed>)           = 0
2344  <... mprotect resumed>)           = 0
2351  <... mprotect resumed>)           = 0
2350  <... mprotect resumed>)           = 0
2346  <... mprotect resumed>)           = 0
2348  <... mprotect resumed>)           = 0
2345  mprotect(0x7f656833f000, 4096, PROT_READ|PROT_WRITE <unfinished ...>
2344  mprotect(0x7f657032c000, 4096, PROT_READ|PROT_WRITE <unfinished ...>
2347  mprotect(0x7f655c384000, 4096, PROT_READ|PROT_WRITE <unfinished ...>
2345  <... mprotect resumed>)           = 0
2349  mprotect(0x7f65543b9000, 4096, PROT_READ|PROT_WRITE <unfinished ...>
2346  mprotect(0x7f656435f000, 4096, PROT_READ|PROT_WRITE <unfinished ...>
2344  <... mprotect resumed>)           = 0
2349  <... mprotect resumed>)           = 0
2346  <... mprotect resumed>)           = 0
2348  mprotect(0x7f65603a8000, 4096, PROT_READ|PROT_WRITE <unfinished ...>
2347  <... mprotect resumed>)           = 0
2345  mprotect(0x7f6568340000, 4096, PROT_READ|PROT_WRITE <unfinished ...>
2344  mprotect(0x7f657032d000, 4096, PROT_READ|PROT_WRITE <unfinished ...>
2346  mprotect(0x7f6564360000, 4096, PROT_READ|PROT_WRITE <unfinished ...>
2350  mprotect(0x7f65583c6000, 4096, PROT_READ|PROT_WRITE <unfinished ...>
2348  <... mprotect resumed>)           = 0
2346  <... mprotect resumed>)           = 0
2345  <... mprotect resumed>)           = 0
2344  <... mprotect resumed>)           = 0
2350  <... mprotect resumed>)           = 0
2349  mprotect(0x7f65543ba000, 4096, PROT_READ|PROT_WRITE) = 0
2347  mprotect(0x7f655c385000, 4096, PROT_READ|PROT_WRITE) = 0
2344  mprotect(0x7f657032e000, 4096, PROT_READ|PROT_WRITE <unfinished ...>
2350  mprotect(0x7f65583c7000, 4096, PROT_READ|PROT_WRITE <unfinished ...>
2346  mprotect(0x7f6564361000, 4096, PROT_READ|PROT_WRITE <unfinished ...>
2345  mprotect(0x7f6568341000, 4096, PROT_READ|PROT_WRITE <unfinished ...>
2350  <... mprotect resumed>)           = 0
2346  <... mprotect resumed>)           = 0
2345  <... mprotect resumed>)           = 0
2348  mprotect(0x7f65603a9000, 4096, PROT_READ|PROT_WRITE <unfinished ...>
2347  mprotect(0x7f655c386000, 4096, PROT_READ|PROT_WRITE <unfinished ...>
2348  <... mprotect resumed>)           = 0
2344  <... mprotect resumed>)           = 0
2347  <... mprotect resumed>)           = 0
2351  mprotect(0x7f654c3e9000, 4096, PROT_READ|PROT_WRITE <unfinished ...>
2346  mprotect(0x7f6564362000, 4096, PROT_READ|PROT_WRITE <unfinished ...>
2345  mprotect(0x7f6568342000, 4096, PROT_READ|PROT_WRITE <unfinished ...>
2344  mprotect(0x7f657032f000, 4096, PROT_READ|PROT_WRITE <unfinished ...>
2350  mprotect(0x7f65583c8000, 4096, PROT_READ|PROT_WRITE <unfinished ...>
2349  mprotect(0x7f65543bb000, 4096, PROT_READ|PROT_WRITE <unfinished ...>
2348  mprotect(0x7f65603aa000, 4096, PROT_READ|PROT_WRITE <unfinished ...>
2347  mprotect(0x7f655c387000, 4096, PROT_READ|PROT_WRITE <unfinished ...>
2346  <... mprotect resumed>)           = 0
2351  <... mprotect resumed>)           = 0
2345  <... mprotect resumed>)           = 0
2350  <... mprotect resumed>)           = 0
2349  <... mprotect resumed>)           = 0
2348  <... mprotect resumed>)           = 0
2347  <... mprotect resumed>)           = 0
2346  mprotect(0x7f6564363000, 4096, PROT_READ|PROT_WRITE <unfinished ...>
2345  mprotect(0x7f6568343000, 4096, PROT_READ|PROT_WRITE <unfinished ...>
2344  <... mprotect resumed>)           = 0
2347  mprotect(0x7f655c388000, 4096, PROT_READ|PROT_WRITE <unfinished ...>
2346  <... mprotect resumed>)           = 0
2345  <... mprotect resumed>)           = 0
2344  mprotect(0x7f6570330000, 4096, PROT_READ|PROT_WRITE <unfinished ...>
2349  mprotect(0x7f65543bc000, 4096, PROT_READ|PROT_WRITE <unfinished ...>
2348  mprotect(0x7f65603ab000, 4096, PROT_READ|PROT_WRITE <unfinished ...>
2349  <... mprotect resumed>)           = 0
2348  <... mprotect resumed>)           = 0
2347  <... mprotect resumed>)           = 0
2346  mprotect(0x7f6564364000, 4096, PROT_READ|PROT_WRITE <unfinished ...>
2344  <... mprotect resumed>)           = 0
2346  <... mprotect resumed>)           = 0
2345  mprotect(0x7f6568344000, 4096, PROT_READ|PROT_WRITE <unfinished ...>
2350  mprotect(0x7f65583c9000, 4096, PROT_READ|PROT_WRITE <unfinished ...>
2347  mprotect(0x7f655c389000, 4096, PROT_READ|PROT_WRITE <unfinished ...>
2350  <... mprotect resumed>)           = 0
2348  mprotect(0x7f65603ac000, 4096, PROT_READ|PROT_WRITE) = 0
2344  mprotect(0x7f6570331000, 4096, PROT_READ|PROT_WRITE <unfinished ...>
2345  <... mprotect resumed>)           = 0
2346  mprotect(0x7f6564365000, 4096, PROT_READ|PROT_WRITE <unfinished ...>
2344  <... mprotect resumed>)           = 0
2348  mprotect(0x7f65603ad000, 4096, PROT_READ|PROT_WRITE <unfinished ...>
2347  <... mprotect resumed>)           = 0
2349  mprotect(0x7f65543bd000, 4096, PROT_READ|PROT_WRITE <unfinished ...>
2348  <... mprotect resumed>)           = 0
2347  mprotect(0x7f655c38a000, 4096, PROT_READ|PROT_WRITE <unfinished ...>
2346  <... mprotect resumed>)           = 0
2345  mprotect(0x7f6568345000, 4096, PROT_READ|PROT_WRITE <unfinished ...>
2344  mprotect(0x7f6570332000, 4096, PROT_READ|PROT_WRITE <unfinished ...>
2350  mprotect(0x7f65583ca000, 4096, PROT_READ|PROT_WRITE <unfinished ...>
2349  <... mprotect resumed>)           = 0
2347  <... mprotect resumed>)           = 0
2345  <... mprotect resumed>)           = 0
2351  mprotect(0x7f654c3ea000, 4096, PROT_READ|PROT_WRITE <unfinished ...>
2348  mprotect(0x7f65603ae000, 4096, PROT_READ|PROT_WRITE <unfinished ...>
2344  <... mprotect resumed>)           = 0
2350  <... mprotect resumed>)           = 0
2351  <... mprotect resumed>)           = 0
2348  <... mprotect resumed>)           = 0
2347  mprotect(0x7f655c38b000, 4096, PROT_READ|PROT_WRITE <unfinished ...>
2346  mprotect(0x7f6564366000, 4096, PROT_READ|PROT_WRITE <unfinished ...>
2344  mprotect(0x7f6570333000, 4096, PROT_READ|PROT_WRITE <unfinished ...>
2349  mprotect(0x7f65543be000, 4096, PROT_READ|PROT_WRITE <unfinished ...>
2347  <... mprotect resumed>)           = 0
2346  <... mprotect resumed>)           = 0
2345  mprotect(0x7f6568346000, 4096, PROT_READ|PROT_WRITE <unfinished ...>
2344  <... mprotect resumed>)           = 0
2350  mprotect(0x7f65583cb000, 4096, PROT_READ|PROT_WRITE <unfinished ...>
2349  <... mprotect resumed>)           = 0
2347  mprotect(0x7f655c38c000, 4096, PROT_READ|PROT_WRITE <unfinished ...>
2346  mprotect(0x7f6564367000, 4096, PROT_READ|PROT_WRITE <unfinished ...>
2345  <... mprotect resumed>)           = 0
2351  mprotect(0x7f654c3eb000, 4096, PROT_READ|PROT_WRITE <unfinished ...>
2350  <... mprotect resumed>)           = 0
2348  mprotect(0x7f65603af000, 4096, PROT_READ|PROT_WRITE <unfinished ...>
2344  mprotect(0x7f6570334000, 4096, PROT_READ|PROT_WRITE <unfinished ...>
2351  <... mprotect resumed>)           = 0
2347  <... mprotect resumed>)           = 0
2345  mprotect(0x7f6568347000, 4096, PROT_READ|PROT_WRITE) = 0
2344  <... mprotect resumed>)           = 0
2348  <... mprotect resumed>)           = 0
2349  mprotect(0x7f65543bf000, 4096, PROT_READ|PROT_WRITE <unfinished ...>
2347  mprotect(0x7f655c38d000, 4096, PROT_READ|PROT_WRITE <unfinished ...>
2346  <... mprotect resumed>)           = 0
2350  mprotect(0x7f65583cc000, 4096, PROT_READ|PROT_WRITE <unfinished ...>
2344  mprotect(0x7f6570335000, 4096, PROT_READ|PROT_WRITE <unfinished ...>
2350  <... mprotect resumed>)           = 0
2349  <... mprotect resumed>)           = 0
2345  mprotect(0x7f6568348000, 4096, PROT_READ|PROT_WRITE <unfinished ...>
2344  <... mprotect resumed>)           = 0
2347  <... mprotect resumed>)           = 0
2348  mprotect(0x7f65603b0000, 4096, PROT_READ|PROT_WRITE <unfinished ...>
2346  mprotect(0x7f6564368000, 4096, PROT_READ|PROT_WRITE <unfinished ...>
2347  mprotect(0x7f655c38e000, 4096, PROT_READ|PROT_WRITE <unfinished ...>
2345  <... mprotect resumed>)           = 0
2351  mprotect(0x7f654c3ec000, 4096, PROT_READ|PROT_WRITE <unfinished ...>
2349  mprotect(0x7f65543c0000, 4096, PROT_READ|PROT_WRITE <unfinished ...>
2348  <... mprotect resumed>)           = 0
2347  <... mprotect resumed>)           = 0
2346  <... mprotect resumed>)           = 0
2344  mprotect(0x7f6570336000, 4096, PROT_READ|PROT_WRITE <unfinished ...>
2351  <... mprotect resumed>)           = 0
2350  mprotect(0x7f65583cd000, 4096, PROT_READ|PROT_WRITE <unfinished ...>
2345  mprotect(0x7f6568349000, 4096, PROT_READ|PROT_WRITE <unfinished ...>
2349  <... mprotect resumed>)           = 0
2347  mprotect(0x7f655c38f000, 4096, PROT_READ|PROT_WRITE <unfinished ...>
2350  <... mprotect resumed>)           = 0
2347  <... mprotect resumed>)           = 0
2345  <... mprotect resumed>)           = 0
2349  mprotect(0x7f65543c1000, 4096, PROT_READ|PROT_WRITE <unfinished ...>
2348  mprotect(0x7f65603b1000, 4096, PROT_READ|PROT_WRITE <unfinished ...>
2346  mprotect(0x7f6564369000, 4096, PROT_READ|PROT_WRITE <unfinished ...>
2345  mprotect(0x7f656834a000, 4096, PROT_READ|PROT_WRITE <unfinished ...>
2344  <... mprotect resumed>)           = 0
2349  <... mprotect resumed>)           = 0
2350  mprotect(0x7f65583ce000, 4096, PROT_READ|PROT_WRITE <unfinished ...>
2349  mprotect(0x7f65543c2000, 4096, PROT_READ|PROT_WRITE <unfinished ...>
2348  <... mprotect resumed>)           = 0
2347  mprotect(0x7f655c390000, 4096, PROT_READ|PROT_WRITE <unfinished ...>
2346  <... mprotect resumed>)           = 0
2345  <... mprotect resumed>)           = 0
2344  mprotect(0x7f6570337000, 4096, PROT_READ|PROT_WRITE <unfinished ...>
2350  <... mprotect resumed>)           = 0
2349  <... mprotect resumed>)           = 0
2347  <... mprotect resumed>)           = 0
2344  <... mprotect resumed>)           = 0
2351  mprotect(0x7f654c3ed000, 4096, PROT_READ|PROT_WRITE <unfinished ...>
2348  mprotect(0x7f65603b2000, 4096, PROT_READ|PROT_WRITE <unfinished ...>
2345  mprotect(0x7f656834b000, 4096, PROT_READ|PROT_WRITE <unfinished ...>
2351  <... mprotect resumed>)           = 0
2349  mprotect(0x7f65543c3000, 4096, PROT_READ|PROT_WRITE <unfinished ...>
2348  <... mprotect resumed>)           = 0
2346  mprotect(0x7f656436a000, 4096, PROT_READ|PROT_WRITE <unfinished ...>
2345  <... mprotect resumed>)           = 0
2347  mprotect(0x7f655c391000, 4096, PROT_READ|PROT_WRITE <unfinished ...>
2349  <... mprotect resumed>)           = 0
2347  <... mprotect resumed>)           = 0
2346  <... mprotect resumed>)           = 0
2345  mprotect(0x7f656834c000, 4096, PROT_READ|PROT_WRITE <unfinished ...>
2344  mprotect(0x7f6570338000, 4096, PROT_READ|PROT_WRITE <unfinished ...>
2350  mprotect(0x7f65583cf000, 4096, PROT_READ|PROT_WRITE <unfinished ...>
2348  mprotect(0x7f65603b3000, 4096, PROT_READ|PROT_WRITE <unfinished ...>
2345  <... mprotect resumed>)           = 0
2350  <... mprotect resumed>)           = 0
2344  <... mprotect resumed>)           = 0
2348  <... mprotect resumed>)           = 0
2349  mprotect(0x7f65543c4000, 4096, PROT_READ|PROT_WRITE) = 0
2346  mprotect(0x7f656436b000, 4096, PROT_READ|PROT_WRITE <unfinished ...>
2345  mprotect(0x7f656834d000, 4096, PROT_READ|PROT_WRITE <unfinished ...>
2347  mprotect(0x7f655c392000, 4096, PROT_READ|PROT_WRITE <unfinished ...>
2348  mprotect(0x7f65603b4000, 4096, PROT_READ|PROT_WRITE <unfinished ...>
2347  <... mprotect resumed>)           = 0
2346  <... mprotect resumed>)           = 0
2345  <... mprotect resumed>)           = 0
2348  <... mprotect resumed>)           = 0
2345  mprotect(0x7f656834e000, 4096, PROT_READ|PROT_WRITE <unfinished ...>
2349  mprotect(0x7f65543c5000, 4096, PROT_READ|PROT_WRITE <unfinished ...>
2345  <... mprotect resumed>)           = 0
2349  <... mprotect resumed>)           = 0
2351  mprotect(0x7f654c3ee000, 4096, PROT_READ|PROT_WRITE <unfinished ...>
2350  mprotect(0x7f65583d0000, 4096, PROT_READ|PROT_WRITE <unfinished ...>
2347  mprotect(0x7f655c393000, 4096, PROT_READ|PROT_WRITE <unfinished ...>
2348  mprotect(0x7f65603b5000, 4096, PROT_READ|PROT_WRITE <unfinished ...>
2351  <... mprotect resumed>)           = 0
2346  mprotect(0x7f656436c000, 4096, PROT_READ|PROT_WRITE <unfinished ...>
2345  mprotect(0x7f656834f000, 4096, PROT_READ|PROT_WRITE <unfinished ...>
2350  <... mprotect resumed>)           = 0
2349  mprotect(0x7f65543c6000, 4096, PROT_READ|PROT_WRITE <unfinished ...>
2345  <... mprotect resumed>)           = 0
2344  mprotect(0x7f6570339000, 4096, PROT_READ|PROT_WRITE <unfinished ...>
2346  <... mprotect resumed>)           = 0
2348  <... mprotect resumed>)           = 0
2349  <... mprotect resumed>)           = 0
2347  <... mprotect resumed>)           = 0
2345  mprotect(0x7f6568350000, 4096, PROT_READ|PROT_WRITE <unfinished ...>
2344  <... mprotect resumed>)           = 0
2348  mprotect(0x7f65603b6000, 4096, PROT_READ|PROT_WRITE <unfinished ...>
2347  mprotect(0x7f655c394000, 4096, PROT_READ|PROT_WRITE <unfinished ...>
2346  mprotect(0x7f656436d000, 4096, PROT_READ|PROT_WRITE <unfinished ...>
2345  <... mprotect resumed>)           = 0
2347  <... mprotect resumed>)           = 0
2346  <... mprotect resumed>)           = 0
2348  <... mprotect resumed>)           = 0
2344  mprotect(0x7f657033a000, 4096, PROT_READ|PROT_WRITE <unfinished ...>
2349  mprotect(0x7f65543c7000, 4096, PROT_READ|PROT_WRITE <unfinished ...>
2350  mprotect(0x7f65583d1000, 4096, PROT_READ|PROT_WRITE <unfinished ...>
2346  mprotect(0x7f656436e000, 4096, PROT_READ|PROT_WRITE <unfinished ...>
2345  mprotect(0x7f6568351000, 4096, PROT_READ|PROT_WRITE <unfinished ...>
2351  mprotect(0x7f654c3ef000, 4096, PROT_READ|PROT_WRITE <unfinished ...>
2350  <... mprotect resumed>)           = 0
2347  mprotect(0x7f655c395000, 4096, PROT_READ|PROT_WRITE <unfinished ...>
2351  <... mprotect resumed>)           = 0
2349  <... mprotect resumed>)           = 0
2348  mprotect(0x7f65603b7000, 4096, PROT_READ|PROT_WRITE <unfinished ...>
2346  <... mprotect resumed>)           = 0
2345  <... mprotect resumed>)           = 0
2344  <... mprotect resumed>)           = 0
2348  <... mprotect resumed>)           = 0
2347  <... mprotect resumed>)           = 0
2345  mprotect(0x7f6568352000, 4096, PROT_READ|PROT_WRITE) = 0
2350  mprotect(0x7f65583d2000, 4096, PROT_READ|PROT_WRITE <unfinished ...>
2349  mprotect(0x7f65543c8000, 4096, PROT_READ|PROT_WRITE <unfinished ...>
2348  mprotect(0x7f65603b8000, 4096, PROT_READ|PROT_WRITE <unfinished ...>
2347  mprotect(0x7f655c396000, 4096, PROT_READ|PROT_WRITE <unfinished ...>
2346  mprotect(0x7f656436f000, 4096, PROT_READ|PROT_WRITE <unfinished ...>
2344  mprotect(0x7f657033b000, 4096, PROT_READ|PROT_WRITE <unfinished ...>
2350  <... mprotect resumed>)           = 0
2349  <... mprotect resumed>)           = 0
2345  mprotect(0x7f6568353000, 4096, PROT_READ|PROT_WRITE <unfinished ...>
2348  <... mprotect resumed>)           = 0
2344  <... mprotect resumed>)           = 0
2347  <... mprotect resumed>)           = 0
2345  <... mprotect resumed>)           = 0
2346  <... mprotect resumed>)           = 0
2348  mprotect(0x7f65603b9000, 4096, PROT_READ|PROT_WRITE <unfinished ...>
2345  mprotect(0x7f6568354000, 4096, PROT_READ|PROT_WRITE <unfinished ...>
2344  mprotect(0x7f657033c000, 4096, PROT_READ|PROT_WRITE <unfinished ...>
2348  <... mprotect resumed>)           = 0
2347  mprotect(0x7f655c397000, 4096, PROT_READ|PROT_WRITE <unfinished ...>
2346  mprotect(0x7f6564370000, 4096, PROT_READ|PROT_WRITE <unfinished ...>
2347  <... mprotect resumed>)           = 0
2345  <... mprotect resumed>)           = 0
2344  <... mprotect resumed>)           = 0
2350  mprotect(0x7f65583d3000, 4096, PROT_READ|PROT_WRITE <unfinished ...>
2349  mprotect(0x7f65543c9000, 4096, PROT_READ|PROT_WRITE <unfinished ...>
2346  <... mprotect resumed>)           = 0
2351  mprotect(0x7f654c3f0000, 4096, PROT_READ|PROT_WRITE <unfinished ...>
2350  <... mprotect resumed>)           = 0
2351  <... mprotect resumed>)           = 0
2349  <... mprotect resumed>)           = 0
2347  mprotect(0x7f655c398000, 4096, PROT_READ|PROT_WRITE <unfinished ...>
2350  mprotect(0x7f65583d4000, 4096, PROT_READ|PROT_WRITE <unfinished ...>
2348  mprotect(0x7f65603ba000, 4096, PROT_READ|PROT_WRITE <unfinished ...>
2347  <... mprotect resumed>)           = 0
2345  mprotect(0x7f6568355000, 4096, PROT_READ|PROT_WRITE <unfinished ...>
2344  mprotect(0x7f657033d000, 4096, PROT_READ|PROT_WRITE <unfinished ...>
2350  <... mprotect resumed>)           = 0
2348  <... mprotect resumed>)           = 0
2346  mprotect(0x7f6564371000, 4096, PROT_READ|PROT_WRITE <unfinished ...>
2345  <... mprotect resumed>)           = 0
2344  <... mprotect resumed>)           = 0
2347  mprotect(0x7f655c399000, 4096, PROT_READ|PROT_WRITE <unfinished ...>
2346  <... mprotect resumed>)           = 0
2349  mprotect(0x7f65543ca000, 4096, PROT_READ|PROT_WRITE <unfinished ...>
2347  <... mprotect resumed>)           = 0
2345  mprotect(0x7f6568356000, 4096, PROT_READ|PROT_WRITE <unfinished ...>
2349  <... mprotect resumed>)           = 0
2345  <... mprotect resumed>)           = 0
2344  mprotect(0x7f657033e000, 4096, PROT_READ|PROT_WRITE <unfinished ...>
2348  mprotect(0x7f65603bb000, 4096, PROT_READ|PROT_WRITE <unfinished ...>
2346  mprotect(0x7f6564372000, 4096, PROT_READ|PROT_WRITE <unfinished ...>
2349  mprotect(0x7f65543cb000, 4096, PROT_READ|PROT_WRITE <unfinished ...>
2348  <... mprotect resumed>)           = 0
2347  mprotect(0x7f655c39a000, 4096, PROT_READ|PROT_WRITE <unfinished ...>
2346  <... mprotect resumed>)           = 0
2345  mprotect(0x7f6568357000, 4096, PROT_READ|PROT_WRITE <unfinished ...>
2350  mprotect(0x7f65583d5000, 4096, PROT_READ|PROT_WRITE <unfinished ...>
2349  <... mprotect resumed>)           = 0
2347  <... mprotect resumed>)           = 0
2344  <... mprotect resumed>)           = 0
2345  <... mprotect resumed>)           = 0
2351  mprotect(0x7f654c3f1000, 4096, PROT_READ|PROT_WRITE) = 0
2350  <... mprotect resumed>)           = 0
2349  mprotect(0x7f65543cc000, 4096, PROT_READ|PROT_WRITE <unfinished ...>
2348  mprotect(0x7f65603bc000, 4096, PROT_READ|PROT_WRITE <unfinished ...>
2347  mprotect(0x7f655c39b000, 4096, PROT_READ|PROT_WRITE <unfinished ...>
2346  mprotect(0x7f6564373000, 4096, PROT_READ|PROT_WRITE <unfinished ...>
2348  <... mprotect resumed>)           = 0
2347  <... mprotect resumed>)           = 0
2346  <... mprotect resumed>)           = 0
2344  mprotect(0x7f657033f000, 4096, PROT_READ|PROT_WRITE <unfinished ...>
2349  <... mprotect resumed>)           = 0
2344  <... mprotect resumed>)           = 0
2345  mprotect(0x7f6568358000, 4096, PROT_READ|PROT_WRITE <unfinished ...>
2344  mprotect(0x7f6570340000, 4096, PROT_READ|PROT_WRITE <unfinished ...>
2345  <... mprotect resumed>)           = 0
2348  mprotect(0x7f65603bd000, 4096, PROT_READ|PROT_WRITE <unfinished ...>
2346  mprotect(0x7f6564374000, 4096, PROT_READ|PROT_WRITE <unfinished ...>
2348  <... mprotect resumed>)           = 0
2347  mprotect(0x7f655c39c000, 4096, PROT_READ|PROT_WRITE <unfinished ...>
2344  <... mprotect resumed>)           = 0
2346  <... mprotect resumed>)           = 0
2345  mprotect(0x7f6568359000, 4096, PROT_READ|PROT_WRITE <unfinished ...>
2347  <... mprotect resumed>)           = 0
2350  mprotect(0x7f65583d6000, 4096, PROT_READ|PROT_WRITE <unfinished ...>
2349  mprotect(0x7f65543cd000, 4096, PROT_READ|PROT_WRITE <unfinished ...>
2346  mprotect(0x7f6564375000, 4096, PROT_READ|PROT_WRITE <unfinished ...>
2345  <... mprotect resumed>)           = 0
2344  mprotect(0x7f6570341000, 4096, PROT_READ|PROT_WRITE <unfinished ...>
2350  <... mprotect resumed>)           = 0
2351  mprotect(0x7f654c3f2000, 4096, PROT_READ|PROT_WRITE <unfinished ...>
2349  <... mprotect resumed>)           = 0
2348  mprotect(0x7f65603be000, 4096, PROT_READ|PROT_WRITE <unfinished ...>
2347  mprotect(0x7f655c39d000, 4096, PROT_READ|PROT_WRITE <unfinished ...>
2346  <... mprotect resumed>)           = 0
2344  <... mprotect resumed>)           = 0
2351  <... mprotect resumed>)           = 0
2348  <... mprotect resumed>)           = 0
2347  <... mprotect resumed>)           = 0
2345  mprotect(0x7f656835a000, 4096, PROT_READ|PROT_WRITE <unfinished ...>
2350  mprotect(0x7f65583d7000, 4096, PROT_READ|PROT_WRITE <unfinished ...>
2346  mprotect(0x7f6564376000, 4096, PROT_READ|PROT_WRITE <unfinished ...>
2344  mprotect(0x7f6570342000, 4096, PROT_READ|PROT_WRITE <unfinished ...>
2346  <... mprotect resumed>)           = 0
2344  <... mprotect resumed>)           = 0
2349  mprotect(0x7f65543ce000, 4096, PROT_READ|PROT_WRITE) = 0
2345  <... mprotect resumed>)           = 0
2348  mprotect(0x7f65603bf000, 4096, PROT_READ|PROT_WRITE <unfinished ...>
2350  <... mprotect resumed>)           = 0
2348  <... mprotect resumed>)           = 0
2347  mprotect(0x7f655c39e000, 4096, PROT_READ|PROT_WRITE) = 0
2345  mprotect(0x7f656835b000, 4096, PROT_READ|PROT_WRITE <unfinished ...>
2349  mprotect(0x7f65543cf000, 4096, PROT_READ|PROT_WRITE <unfinished ...>
2345  <... mprotect resumed>)           = 0
2344  mprotect(0x7f6570343000, 4096, PROT_READ|PROT_WRITE <unfinished ...>
2350  mprotect(0x7f65583d8000, 4096, PROT_READ|PROT_WRITE <unfinished ...>
2349  <... mprotect resumed>)           = 0
2346  mprotect(0x7f6564377000, 4096, PROT_READ|PROT_WRITE <unfinished ...>
2348  mprotect(0x7f65603c0000, 4096, PROT_READ|PROT_WRITE <unfinished ...>
2344  <... mprotect resumed>)           = 0
2350  <... mprotect resumed>)           = 0
2348  <... mprotect resumed>)           = 0
2347  mprotect(0x7f655c39f000, 4096, PROT_READ|PROT_WRITE <unfinished ...>
2346  <... mprotect resumed>)           = 0
2345  mprotect(0x7f656835c000, 4096, PROT_READ|PROT_WRITE <unfinished ...>
2344  mprotect(0x7f6570344000, 4096, PROT_READ|PROT_WRITE <unfinished ...>
2347  <... mprotect resumed>)           = 0
2349  mprotect(0x7f65543d0000, 4096, PROT_READ|PROT_WRITE <unfinished ...>
2348  mprotect(0x7f65603c1000, 4096, PROT_READ|PROT_WRITE <unfinished ...>
2346  mprotect(0x7f6564378000, 4096, PROT_READ|PROT_WRITE <unfinished ...>
2345  <... mprotect resumed>)           = 0
2344  <... mprotect resumed>)           = 0
2351  mprotect(0x7f654c3f3000, 4096, PROT_READ|PROT_WRITE <unfinished ...>
2349  <... mprotect resumed>)           = 0
2348  <... mprotect resumed>)           = 0
2346  <... mprotect resumed>)           = 0
2351  <... mprotect resumed>)           = 0
2348  mprotect(0x7f65603c2000, 4096, PROT_READ|PROT_WRITE <unfinished ...>
2347  mprotect(0x7f655c3a0000, 4096, PROT_READ|PROT_WRITE <unfinished ...>
2345  mprotect(0x7f656835d000, 4096, PROT_READ|PROT_WRITE <unfinished ...>
2344  mprotect(0x7f6570345000, 4096, PROT_READ|PROT_WRITE <unfinished ...>
2348  <... mprotect resumed>)           = 0
2347  <... mprotect resumed>)           = 0
2344  <... mprotect resumed>)           = 0
2349  mprotect(0x7f65543d1000, 4096, PROT_READ|PROT_WRITE <unfinished ...>
2350  mprotect(0x7f65583d9000, 4096, PROT_READ|PROT_WRITE <unfinished ...>
2346  mprotect(0x7f6564379000, 4096, PROT_READ|PROT_WRITE <unfinished ...>
2350  <... mprotect resumed>)           = 0
2349  <... mprotect resumed>)           = 0
2345  <... mprotect resumed>)           = 0
2346  <... mprotect resumed>)           = 0
2348  mprotect(0x7f65603c3000, 4096, PROT_READ|PROT_WRITE) = 0
2347  mprotect(0x7f655c3a1000, 4096, PROT_READ|PROT_WRITE <unfinished ...>
2344  mprotect(0x7f6570346000, 4096, PROT_READ|PROT_WRITE <unfinished ...>
2347  <... mprotect resumed>)           = 0
2344  <... mprotect resumed>)           = 0
2347  mprotect(0x7f655c3a2000, 4096, PROT_READ|PROT_WRITE <unfinished ...>
2346  mprotect(0x7f656437a000, 4096, PROT_READ|PROT_WRITE <unfinished ...>
2345  mprotect(0x7f656835e000, 4096, PROT_READ|PROT_WRITE <unfinished ...>
2348  mprotect(0x7f65603c4000, 4096, PROT_READ|PROT_WRITE <unfinished ...>
2350  mprotect(0x7f65583da000, 4096, PROT_READ|PROT_WRITE <unfinished ...>
2348  <... mprotect resumed>)           = 0
2347  <... mprotect resumed>)           = 0
2346  <... mprotect resumed>)           = 0
2345  <... mprotect resumed>)           = 0
2350  <... mprotect resumed>)           = 0
2349  mprotect(0x7f65543d2000, 4096, PROT_READ|PROT_WRITE <unfinished ...>
2344  mprotect(0x7f6570347000, 4096, PROT_READ|PROT_WRITE <unfinished ...>
2349  <... mprotect resumed>)           = 0
2346  mprotect(0x7f656437b000, 4096, PROT_READ|PROT_WRITE <unfinished ...>
2344  <... mprotect resumed>)           = 0
2348  mprotect(0x7f65603c5000, 4096, PROT_READ|PROT_WRITE <unfinished ...>
2347  mprotect(0x7f655c3a3000, 4096, PROT_READ|PROT_WRITE) = 0
2346  <... mprotect resumed>)           = 0
2345  mprotect(0x7f656835f000, 4096, PROT_READ|PROT_WRITE <unfinished ...>
2348  <... mprotect resumed>)           = 0
2351  mprotect(0x7f654c3f4000, 4096, PROT_READ|PROT_WRITE <unfinished ...>
2346  mprotect(0x7f656437c000, 4096, PROT_READ|PROT_WRITE <unfinished ...>
2345  <... mprotect resumed>)           = 0
2344  mprotect(0x7f6570348000, 4096, PROT_READ|PROT_WRITE <unfinished ...>
2351  <... mprotect resumed>)           = 0
2346  <... mprotect resumed>)           = 0
2348  mprotect(0x7f65603c6000, 4096, PROT_READ|PROT_WRITE <unfinished ...>
2349  mprotect(0x7f65543d3000, 4096, PROT_READ|PROT_WRITE <unfinished ...>
2344  <... mprotect resumed>)           = 0
2348  <... mprotect resumed>)           = 0
2350  mprotect(0x7f65583db000, 4096, PROT_READ|PROT_WRITE <unfinished ...>
2349  <... mprotect resumed>)           = 0
2347  mprotect(0x7f655c3a4000, 4096, PROT_READ|PROT_WRITE <unfinished ...>
2350  <... mprotect resumed>)           = 0
2347  <... mprotect resumed>)           = 0
2346  mprotect(0x7f656437d000, 4096, PROT_READ|PROT_WRITE <unfinished ...>
2345  mprotect(0x7f6568360000, 4096, PROT_READ|PROT_WRITE <unfinished ...>
2346  <... mprotect resumed>)           = 0
2344  mprotect(0x7f6570349000, 4096, PROT_READ|PROT_WRITE <unfinished ...>
2345  <... mprotect resumed>)           = 0
2350  mprotect(0x7f65583dc000, 4096, PROT_READ|PROT_WRITE <unfinished ...>
2348  mprotect(0x7f65603c7000, 4096, PROT_READ|PROT_WRITE <unfinished ...>
2346  mprotect(0x7f656437e000, 4096, PROT_READ|PROT_WRITE <unfinished ...>
2344  <... mprotect resumed>)           = 0
2350  <... mprotect resumed>)           = 0
2349  mprotect(0x7f65543d4000, 4096, PROT_READ|PROT_WRITE <unfinished ...>
2347  mprotect(0x7f655c3a5000, 4096, PROT_READ|PROT_WRITE <unfinished ...>
2346  <... mprotect resumed>)           = 0
2349  <... mprotect resumed>)           = 0
2348  <... mprotect resumed>)           = 0
2345  mprotect(0x7f6568361000, 4096, PROT_READ|PROT_WRITE <unfinished ...>
2347  <... mprotect resumed>)           = 0
2345  <... mprotect resumed>)           = 0
2344  mprotect(0x7f657034a000, 4096, PROT_READ|PROT_WRITE <unfinished ...>
2346  mprotect(0x7f656437f000, 4096, PROT_READ|PROT_WRITE) = 0
2349  mprotect(0x7f65543d5000, 4096, PROT_READ|PROT_WRITE <unfinished ...>
2347  mprotect(0x7f655c3a6000, 4096, PROT_READ|PROT_WRITE <unfinished ...>
2345  mprotect(0x7f6568362000, 4096, PROT_READ|PROT_WRITE <unfinished ...>
2344  <... mprotect resumed>)           = 0
2347  <... mprotect resumed>)           = 0
2349  <... mprotect resumed>)           = 0
2345  <... mprotect resumed>)           = 0
2348  mprotect(0x7f65603c8000, 4096, PROT_READ|PROT_WRITE <unfinished ...>
2344  mprotect(0x7f657034b000, 4096, PROT_READ|PROT_WRITE <unfinished ...>
2350  mprotect(0x7f65583dd000, 4096, PROT_READ|PROT_WRITE <unfinished ...>
2348  <... mprotect resumed>)           = 0
2346  mprotect(0x7f6564380000, 4096, PROT_READ|PROT_WRITE <unfinished ...>
2345  mprotect(0x7f6568363000, 4096, PROT_READ|PROT_WRITE <unfinished ...>
2344  <... mprotect resumed>)           = 0
2350  <... mprotect resumed>)           = 0
2347  mprotect(0x7f655c3a7000, 4096, PROT_READ|PROT_WRITE) = 0
2346  <... mprotect resumed>)           = 0
2345  <... mprotect resumed>)           = 0
2351  mprotect(0x7f654c3f5000, 4096, PROT_READ|PROT_WRITE <unfinished ...>
2344  mprotect(0x7f657034c000, 4096, PROT_READ|PROT_WRITE <unfinished ...>
2351  <... mprotect resumed>)           = 0
2349  mprotect(0x7f65543d6000, 4096, PROT_READ|PROT_WRITE <unfinished ...>
2344  <... mprotect resumed>)           = 0
2349  <... mprotect resumed>)           = 0
2348  mprotect(0x7f65603c9000, 4096, PROT_READ|PROT_WRITE) = 0
2346  mprotect(0x7f6564381000, 4096, PROT_READ|PROT_WRITE <unfinished ...>
2347  mprotect(0x7f655c3a8000, 4096, PROT_READ|PROT_WRITE <unfinished ...>
2345  mprotect(0x7f6568364000, 4096, PROT_READ|PROT_WRITE <unfinished ...>
2347  <... mprotect resumed>)           = 0
2346  <... mprotect resumed>)           = 0
2345  <... mprotect resumed>)           = 0
2344  mprotect(0x7f657034d000, 4096, PROT_READ|PROT_WRITE <unfinished ...>
2350  mprotect(0x7f65583de000, 4096, PROT_READ|PROT_WRITE) = 0
2349  mprotect(0x7f65543d7000, 4096, PROT_READ|PROT_WRITE <unfinished ...>
2348  mprotect(0x7f65603ca000, 4096, PROT_READ|PROT_WRITE <unfinished ...>
2346  mprotect(0x7f6564382000, 4096, PROT_READ|PROT_WRITE <unfinished ...>
2345  mprotect(0x7f6568365000, 4096, PROT_READ|PROT_WRITE <unfinished ...>
2344  <... mprotect resumed>)           = 0
2346  <... mprotect resumed>)           = 0
2349  <... mprotect resumed>)           = 0
2348  <... mprotect resumed>)           = 0
2347  mprotect(0x7f655c3a9000, 4096, PROT_READ|PROT_WRITE) = 0
2346  mprotect(0x7f6564383000, 4096, PROT_READ|PROT_WRITE <unfinished ...>
2345  <... mprotect resumed>)           = 0
2346  <... mprotect resumed>)           = 0
2348  mprotect(0x7f65603cb000, 4096, PROT_READ|PROT_WRITE) = 0
2347  mprotect(0x7f655c3aa000, 4096, PROT_READ|PROT_WRITE <unfinished ...>
2344  mprotect(0x7f657034e000, 4096, PROT_READ|PROT_WRITE <unfinished ...>
2349  mprotect(0x7f65543d8000, 4096, PROT_READ|PROT_WRITE <unfinished ...>
2347  <... mprotect resumed>)           = 0
2346  mprotect(0x7f6564384000, 4096, PROT_READ|PROT_WRITE <unfinished ...>
2345  mprotect(0x7f6568366000, 4096, PROT_READ|PROT_WRITE <unfinished ...>
2350  mprotect(0x7f65583df000, 4096, PROT_READ|PROT_WRITE <unfinished ...>
2349  <... mprotect resumed>)           = 0
2344  <... mprotect resumed>)           = 0
2346  <... mprotect resumed>)           = 0
2350  <... mprotect resumed>)           = 0
2351  mprotect(0x7f654c3f6000, 4096, PROT_READ|PROT_WRITE <unfinished ...>
2348  mprotect(0x7f65603cc000, 4096, PROT_READ|PROT_WRITE <unfinished ...>
2347  mprotect(0x7f655c3ab000, 4096, PROT_READ|PROT_WRITE <unfinished ...>
2346  mprotect(0x7f6564385000, 4096, PROT_READ|PROT_WRITE <unfinished ...>
2351  <... mprotect resumed>)           = 0
2347  <... mprotect resumed>)           = 0
2346  <... mprotect resumed>)           = 0
2345  <... mprotect resumed>)           = 0
2349  mprotect(0x7f65543d9000, 4096, PROT_READ|PROT_WRITE <unfinished ...>
2347  mprotect(0x7f655c3ac000, 4096, PROT_READ|PROT_WRITE <unfinished ...>
2346  mprotect(0x7f6564386000, 4096, PROT_READ|PROT_WRITE <unfinished ...>
2347  <... mprotect resumed>)           = 0
2350  mprotect(0x7f65583e0000, 4096, PROT_READ|PROT_WRITE <unfinished ...>
2349  <... mprotect resumed>)           = 0
2348  <... mprotect resumed>)           = 0
2346  <... mprotect resumed>)           = 0
2345  mprotect(0x7f6568367000, 4096, PROT_READ|PROT_WRITE <unfinished ...>
2344  mprotect(0x7f657034f000, 4096, PROT_READ|PROT_WRITE <unfinished ...>
2350  <... mprotect resumed>)           = 0
2345  <... mprotect resumed>)           = 0
2344  <... mprotect resumed>)           = 0
2348  mprotect(0x7f65603cd000, 4096, PROT_READ|PROT_WRITE <unfinished ...>
2345  mprotect(0x7f6568368000, 4096, PROT_READ|PROT_WRITE <unfinished ...>
2348  <... mprotect resumed>)           = 0
2347  mprotect(0x7f655c3ad000, 4096, PROT_READ|PROT_WRITE <unfinished ...>
2346  mprotect(0x7f6564387000, 4096, PROT_READ|PROT_WRITE <unfinished ...>
2345  <... mprotect resumed>)           = 0
2347  <... mprotect resumed>)           = 0
2344  mprotect(0x7f6570350000, 4096, PROT_READ|PROT_WRITE <unfinished ...>
2349  mprotect(0x7f65543da000, 4096, PROT_READ|PROT_WRITE <unfinished ...>
2346  <... mprotect resumed>)           = 0
2349  <... mprotect resumed>)           = 0
2348  mprotect(0x7f65603ce000, 4096, PROT_READ|PROT_WRITE <unfinished ...>
2344  <... mprotect resumed>)           = 0
2345  mprotect(0x7f6568369000, 4096, PROT_READ|PROT_WRITE <unfinished ...>
2348  <... mprotect resumed>)           = 0
2347  mprotect(0x7f655c3ae000, 4096, PROT_READ|PROT_WRITE <unfinished ...>
2345  <... mprotect resumed>)           = 0
2344  mprotect(0x7f6570351000, 4096, PROT_READ|PROT_WRITE <unfinished ...>
2350  mprotect(0x7f65583e1000, 4096, PROT_READ|PROT_WRITE <unfinished ...>
2347  <... mprotect resumed>)           = 0
2346  mprotect(0x7f6564388000, 4096, PROT_READ|PROT_WRITE <unfinished ...>
2350  <... mprotect resumed>)           = 0
2346  <... mprotect resumed>)           = 0
2348  mprotect(0x7f65603cf000, 4096, PROT_READ|PROT_WRITE <unfinished ...>
2345  mprotect(0x7f656836a000, 4096, PROT_READ|PROT_WRITE <unfinished ...>
2344  <... mprotect resumed>)           = 0
2347  mprotect(0x7f655c3af000, 4096, PROT_READ|PROT_WRITE <unfinished ...>
2345  <... mprotect resumed>)           = 0
2349  mprotect(0x7f65543db000, 4096, PROT_READ|PROT_WRITE <unfinished ...>
2348  <... mprotect resumed>)           = 0
2346  mprotect(0x7f6564389000, 4096, PROT_READ|PROT_WRITE <unfinished ...>
2347  <... mprotect resumed>)           = 0
2346  <... mprotect resumed>)           = 0
2344  mprotect(0x7f6570352000, 4096, PROT_READ|PROT_WRITE <unfinished ...>
2346  mprotect(0x7f656438a000, 4096, PROT_READ|PROT_WRITE <unfinished ...>
2347  mprotect(0x7f655c3b0000, 4096, PROT_READ|PROT_WRITE <unfinished ...>
2351  mprotect(0x7f654c3f7000, 4096, PROT_READ|PROT_WRITE <unfinished ...>
2347  <... mprotect resumed>)           = 0
2346  <... mprotect resumed>)           = 0
2344  <... mprotect resumed>)           = 0
2349  <... mprotect resumed>)           = 0
2348  mprotect(0x7f65603d0000, 4096, PROT_READ|PROT_WRITE <unfinished ...>
2345  mprotect(0x7f656836b000, 4096, PROT_READ|PROT_WRITE <unfinished ...>
2351  <... mprotect resumed>)           = 0
2348  <... mprotect resumed>)           = 0
2348  mprotect(0x7f65603d1000, 4096, PROT_READ|PROT_WRITE <unfinished ...>
2346  mprotect(0x7f656438b000, 4096, PROT_READ|PROT_WRITE <unfinished ...>
2345  <... mprotect resumed>)           = 0
2344  mprotect(0x7f6570353000, 4096, PROT_READ|PROT_WRITE <unfinished ...>
2347  mprotect(0x7f655c3b1000, 4096, PROT_READ|PROT_WRITE <unfinished ...>
2350  mprotect(0x7f65583e2000, 4096, PROT_READ|PROT_WRITE <unfinished ...>
2346  <... mprotect resumed>)           = 0
2344  <... mprotect resumed>)           = 0
2349  mprotect(0x7f65543dc000, 4096, PROT_READ|PROT_WRITE <unfinished ...>
2348  <... mprotect resumed>)           = 0
2347  <... mprotect resumed>)           = 0
2350  <... mprotect resumed>)           = 0
2345  mprotect(0x7f656836c000, 4096, PROT_READ|PROT_WRITE <unfinished ...>
2349  <... mprotect resumed>)           = 0
2345  <... mprotect resumed>)           = 0
2344  mprotect(0x7f6570354000, 4096, PROT_READ|PROT_WRITE <unfinished ...>
2346  mprotect(0x7f656438c000, 4096, PROT_READ|PROT_WRITE) = 0
2344  <... mprotect resumed>)           = 0
2346  mprotect(0x7f656438d000, 4096, PROT_READ|PROT_WRITE <unfinished ...>
2345  mprotect(0x7f656836d000, 4096, PROT_READ|PROT_WRITE <unfinished ...>
2344  mprotect(0x7f6570355000, 4096, PROT_READ|PROT_WRITE <unfinished ...>
2348  mprotect(0x7f65603d2000, 4096, PROT_READ|PROT_WRITE <unfinished ...>
2346  <... mprotect resumed>)           = 0
2344  <... mprotect resumed>)           = 0
2348  <... mprotect resumed>)           = 0
2345  <... mprotect resumed>)           = 0
2349  mprotect(0x7f65543dd000, 4096, PROT_READ|PROT_WRITE <unfinished ...>
2344  mprotect(0x7f6570356000, 4096, PROT_READ|PROT_WRITE <unfinished ...>
2349  <... mprotect resumed>)           = 0
2346  mprotect(0x7f656438e000, 4096, PROT_READ|PROT_WRITE <unfinished ...>
2345  mprotect(0x7f656836e000, 4096, PROT_READ|PROT_WRITE <unfinished ...>
2344  <... mprotect resumed>)           = 0
2347  mprotect(0x7f655c3b2000, 4096, PROT_READ|PROT_WRITE <unfinished ...>
2346  <... mprotect resumed>)           = 0
2345  <... mprotect resumed>)           = 0
2347  <... mprotect resumed>)           = 0
2344  mprotect(0x7f6570357000, 4096, PROT_READ|PROT_WRITE) = 0
2350  mprotect(0x7f65583e3000, 4096, PROT_READ|PROT_WRITE <unfinished ...>
2349  mprotect(0x7f65543de000, 4096, PROT_READ|PROT_WRITE <unfinished ...>
2348  mprotect(0x7f65603d3000, 4096, PROT_READ|PROT_WRITE <unfinished ...>
2346  mprotect(0x7f656438f000, 4096, PROT_READ|PROT_WRITE <unfinished ...>
2345  mprotect(0x7f656836f000, 4096, PROT_READ|PROT_WRITE <unfinished ...>
2349  <... mprotect resumed>)           = 0
2347  mprotect(0x7f655c3b3000, 4096, PROT_READ|PROT_WRITE <unfinished ...>
2350  <... mprotect resumed>)           = 0
2348  <... mprotect resumed>)           = 0
2347  <... mprotect resumed>)           = 0
2346  <... mprotect resumed>)           = 0
2345  <... mprotect resumed>)           = 0
2344  mprotect(0x7f6570358000, 4096, PROT_READ|PROT_WRITE <unfinished ...>
2345  mprotect(0x7f6568370000, 4096, PROT_READ|PROT_WRITE <unfinished ...>
2344  <... mprotect resumed>)           = 0
2346  mprotect(0x7f6564390000, 4096, PROT_READ|PROT_WRITE) = 0
2345  <... mprotect resumed>)           = 0
2347  mprotect(0x7f655c3b4000, 4096, PROT_READ|PROT_WRITE) = 0
2348  mprotect(0x7f65603d4000, 4096, PROT_READ|PROT_WRITE <unfinished ...>
2344  mprotect(0x7f6570359000, 4096, PROT_READ|PROT_WRITE <unfinished ...>
2349  mprotect(0x7f65543df000, 4096, PROT_READ|PROT_WRITE <unfinished ...>
2348  <... mprotect resumed>)           = 0
2349  <... mprotect resumed>)           = 0
2346  mprotect(0x7f6564391000, 4096, PROT_READ|PROT_WRITE <unfinished ...>
2347  mprotect(0x7f655c3b5000, 4096, PROT_READ|PROT_WRITE <unfinished ...>
2344  <... mprotect resumed>)           = 0
2347  <... mprotect resumed>)           = 0
2346  <... mprotect resumed>)           = 0
2344  mprotect(0x7f657035a000, 4096, PROT_READ|PROT_WRITE <unfinished ...>
2345  mprotect(0x7f6568371000, 4096, PROT_READ|PROT_WRITE <unfinished ...>
2344  <... mprotect resumed>)           = 0
2349  mprotect(0x7f65543e0000, 4096, PROT_READ|PROT_WRITE <unfinished ...>
2345  <... mprotect resumed>)           = 0
2350  mprotect(0x7f65583e4000, 4096, PROT_READ|PROT_WRITE <unfinished ...>
2349  <... mprotect resumed>)           = 0
2348  mprotect(0x7f65603d5000, 4096, PROT_READ|PROT_WRITE <unfinished ...>
2347  mprotect(0x7f655c3b6000, 4096, PROT_READ|PROT_WRITE <unfinished ...>
2346  mprotect(0x7f6564392000, 4096, PROT_READ|PROT_WRITE <unfinished ...>
2350  <... mprotect resumed>)           = 0
2351  mprotect(0x7f654c3f8000, 4096, PROT_READ|PROT_WRITE <unfinished ...>
2344  mprotect(0x7f657035b000, 4096, PROT_READ|PROT_WRITE <unfinished ...>
2345  mprotect(0x7f6568372000, 4096, PROT_READ|PROT_WRITE <unfinished ...>
2351  <... mprotect resumed>)           = 0
2348  <... mprotect resumed>)           = 0
2347  <... mprotect resumed>)           = 0
2346  <... mprotect resumed>)           = 0
2345  <... mprotect resumed>)           = 0
2344  <... mprotect resumed>)           = 0
2344  mprotect(0x7f657035c000, 4096, PROT_READ|PROT_WRITE <unfinished ...>
2349  mprotect(0x7f65543e1000, 4096, PROT_READ|PROT_WRITE <unfinished ...>
2344  <... mprotect resumed>)           = 0
2349  <... mprotect resumed>)           = 0
2347  mprotect(0x7f655c3b7000, 4096, PROT_READ|PROT_WRITE) = 0
2345  mprotect(0x7f6568373000, 4096, PROT_READ|PROT_WRITE <unfinished ...>
2348  mprotect(0x7f65603d6000, 4096, PROT_READ|PROT_WRITE <unfinished ...>
2346  mprotect(0x7f6564393000, 4096, PROT_READ|PROT_WRITE <unfinished ...>
2345  <... mprotect resumed>)           = 0
2344  mprotect(0x7f657035d000, 4096, PROT_READ|PROT_WRITE <unfinished ...>
2346  <... mprotect resumed>)           = 0
2350  mprotect(0x7f65583e5000, 4096, PROT_READ|PROT_WRITE <unfinished ...>
2347  mprotect(0x7f655c3b8000, 4096, PROT_READ|PROT_WRITE <unfinished ...>
2344  <... mprotect resumed>)           = 0
2350  <... mprotect resumed>)           = 0
2348  <... mprotect resumed>)           = 0
2347  <... mprotect resumed>)           = 0
2349  mprotect(0x7f65543e2000, 4096, PROT_READ|PROT_WRITE <unfinished ...>
2345  mprotect(0x7f6568374000, 4096, PROT_READ|PROT_WRITE <unfinished ...>
2349  <... mprotect resumed>)           = 0
2345  <... mprotect resumed>)           = 0
2344  mprotect(0x7f657035e000, 4096, PROT_READ|PROT_WRITE <unfinished ...>
2346  mprotect(0x7f6564394000, 4096, PROT_READ|PROT_WRITE) = 0
2344  <... mprotect resumed>)           = 0
2345  mprotect(0x7f6568375000, 4096, PROT_READ|PROT_WRITE <unfinished ...>
2348  mprotect(0x7f65603d7000, 4096, PROT_READ|PROT_WRITE <unfinished ...>
2345  <... mprotect resumed>)           = 0
2344  mprotect(0x7f657035f000, 4096, PROT_READ|PROT_WRITE <unfinished ...>
2348  <... mprotect resumed>)           = 0
2347  mprotect(0x7f655c3b9000, 4096, PROT_READ|PROT_WRITE <unfinished ...>
2346  mprotect(0x7f6564395000, 4096, PROT_READ|PROT_WRITE <unfinished ...>
2344  <... mprotect resumed>)           = 0
2349  mprotect(0x7f65543e3000, 4096, PROT_READ|PROT_WRITE <unfinished ...>
2347  <... mprotect resumed>)           = 0
2346  <... mprotect resumed>)           = 0
2349  <... mprotect resumed>)           = 0
2345  mprotect(0x7f6568376000, 4096, PROT_READ|PROT_WRITE) = 0
2344  mprotect(0x7f6570360000, 4096, PROT_READ|PROT_WRITE <unfinished ...>
2350  mprotect(0x7f65583e6000, 4096, PROT_READ|PROT_WRITE <unfinished ...>
2348  mprotect(0x7f65603d8000, 4096, PROT_READ|PROT_WRITE <unfinished ...>
2346  mprotect(0x7f6564396000, 4096, PROT_READ|PROT_WRITE <unfinished ...>
2344  <... mprotect resumed>)           = 0
2350  <... mprotect resumed>)           = 0
2348  <... mprotect resumed>)           = 0
2345  mprotect(0x7f6568377000, 4096, PROT_READ|PROT_WRITE <unfinished ...>
2347  mprotect(0x7f655c3ba000, 4096, PROT_READ|PROT_WRITE <unfinished ...>
2346  <... mprotect resumed>)           = 0
2351  mprotect(0x7f654c3f9000, 4096, PROT_READ|PROT_WRITE) = 0
2347  <... mprotect resumed>)           = 0
2345  <... mprotect resumed>)           = 0
2344  mprotect(0x7f6570361000, 4096, PROT_READ|PROT_WRITE <unfinished ...>
2349  mprotect(0x7f65543e4000, 4096, PROT_READ|PROT_WRITE) = 0
2345  mprotect(0x7f6568378000, 4096, PROT_READ|PROT_WRITE <unfinished ...>
2344  <... mprotect resumed>)           = 0
2345  <... mprotect resumed>)           = 0
2348  mprotect(0x7f65603d9000, 4096, PROT_READ|PROT_WRITE <unfinished ...>
2346  mprotect(0x7f6564397000, 4096, PROT_READ|PROT_WRITE <unfinished ...>
2344  mprotect(0x7f6570362000, 4096, PROT_READ|PROT_WRITE <unfinished ...>
2348  <... mprotect resumed>)           = 0
2346  <... mprotect resumed>)           = 0
2345  mprotect(0x7f6568379000, 4096, PROT_READ|PROT_WRITE <unfinished ...>
2344  <... mprotect resumed>)           = 0
2347  mprotect(0x7f655c3bb000, 4096, PROT_READ|PROT_WRITE <unfinished ...>
2345  <... mprotect resumed>)           = 0
2347  <... mprotect resumed>)           = 0
2346  mprotect(0x7f6564398000, 4096, PROT_READ|PROT_WRITE <unfinished ...>
2350  mprotect(0x7f65583e7000, 4096, PROT_READ|PROT_WRITE <unfinished ...>
2349  mprotect(0x7f65543e5000, 4096, PROT_READ|PROT_WRITE <unfinished ...>
2348  mprotect(0x7f65603da000, 4096, PROT_READ|PROT_WRITE <unfinished ...>
2346  <... mprotect resumed>)           = 0
2345  mprotect(0x7f656837a000, 4096, PROT_READ|PROT_WRITE <unfinished ...>
2344  mprotect(0x7f6570363000, 4096, PROT_READ|PROT_WRITE <unfinished ...>
2350  <... mprotect resumed>)           = 0
2349  <... mprotect resumed>)           = 0
2348  <... mprotect resumed>)           = 0
2347  mprotect(0x7f655c3bc000, 4096, PROT_READ|PROT_WRITE <unfinished ...>
2345  <... mprotect resumed>)           = 0
2344  <... mprotect resumed>)           = 0
2347  <... mprotect resumed>)           = 0
2348  mprotect(0x7f65603db000, 4096, PROT_READ|PROT_WRITE <unfinished ...>
2346  mprotect(0x7f6564399000, 4096, PROT_READ|PROT_WRITE <unfinished ...>
2345  mprotect(0x7f656837b000, 4096, PROT_READ|PROT_WRITE <unfinished ...>
2344  mprotect(0x7f6570364000, 4096, PROT_READ|PROT_WRITE <unfinished ...>
2348  <... mprotect resumed>)           = 0
2347  mprotect(0x7f655c3bd000, 4096, PROT_READ|PROT_WRITE <unfinished ...>
2344  <... mprotect resumed>)           = 0
2345  <... mprotect resumed>)           = 0
2347  <... mprotect resumed>)           = 0
2350  mprotect(0x7f65583e8000, 4096, PROT_READ|PROT_WRITE <unfinished ...>
2347  mprotect(0x7f655c3be000, 4096, PROT_READ|PROT_WRITE <unfinished ...>
2346  <... mprotect resumed>)           = 0
2345  mprotect(0x7f656837c000, 4096, PROT_READ|PROT_WRITE <unfinished ...>
2344  mprotect(0x7f6570365000, 4096, PROT_READ|PROT_WRITE <unfinished ...>
2350  <... mprotect resumed>)           = 0
2347  <... mprotect resumed>)           = 0
2349  mprotect(0x7f65543e6000, 4096, PROT_READ|PROT_WRITE <unfinished ...>
2348  mprotect(0x7f65603dc000, 4096, PROT_READ|PROT_WRITE <unfinished ...>
2345  <... mprotect resumed>)           = 0
2344  <... mprotect resumed>)           = 0
2348  <... mprotect resumed>)           = 0
2349  <... mprotect resumed>)           = 0
2346  mprotect(0x7f656439a000, 4096, PROT_READ|PROT_WRITE <unfinished ...>
2345  mprotect(0x7f656837d000, 4096, PROT_READ|PROT_WRITE <unfinished ...>
2344  mprotect(0x7f6570366000, 4096, PROT_READ|PROT_WRITE <unfinished ...>
2348  mprotect(0x7f65603dd000, 4096, PROT_READ|PROT_WRITE <unfinished ...>
2347  mprotect(0x7f655c3bf000, 4096, PROT_READ|PROT_WRITE <unfinished ...>
2346  <... mprotect resumed>)           = 0
2345  <... mprotect resumed>)           = 0
2344  <... mprotect resumed>)           = 0
2348  <... mprotect resumed>)           = 0
2347  <... mprotect resumed>)           = 0
2346  mprotect(0x7f656439b000, 4096, PROT_READ|PROT_WRITE <unfinished ...>
2345  mprotect(0x7f656837e000, 4096, PROT_READ|PROT_WRITE <unfinished ...>
2344  mprotect(0x7f6570367000, 4096, PROT_READ|PROT_WRITE <unfinished ...>
2346  <... mprotect resumed>)           = 0
2345  <... mprotect resumed>)           = 0
2344  <... mprotect resumed>)           = 0
2349  mprotect(0x7f65543e7000, 4096, PROT_READ|PROT_WRITE <unfinished ...>
2350  mprotect(0x7f65583e9000, 4096, PROT_READ|PROT_WRITE <unfinished ...>
2344  mprotect(0x7f6570368000, 4096, PROT_READ|PROT_WRITE <unfinished ...>
2349  <... mprotect resumed>)           = 0
2351  mprotect(0x7f654c3fa000, 4096, PROT_READ|PROT_WRITE <unfinished ...>
2350  <... mprotect resumed>)           = 0
2351  <... mprotect resumed>)           = 0
2348  mprotect(0x7f65603de000, 4096, PROT_READ|PROT_WRITE <unfinished ...>
2344  <... mprotect resumed>)           = 0
2348  <... mprotect resumed>)           = 0
2346  mprotect(0x7f656439c000, 4096, PROT_READ|PROT_WRITE <unfinished ...>
2347  mprotect(0x7f655c3c0000, 4096, PROT_READ|PROT_WRITE <unfinished ...>
2346  <... mprotect resumed>)           = 0
2347  <... mprotect resumed>)           = 0
2345  mprotect(0x7f656837f000, 4096, PROT_READ|PROT_WRITE) = 0
2346  mprotect(0x7f656439d000, 4096, PROT_READ|PROT_WRITE <unfinished ...>
2344  mprotect(0x7f6570369000, 4096, PROT_READ|PROT_WRITE <unfinished ...>
2346  <... mprotect resumed>)           = 0
2345  mprotect(0x7f6568380000, 4096, PROT_READ|PROT_WRITE <unfinished ...>
2349  mprotect(0x7f65543e8000, 4096, PROT_READ|PROT_WRITE <unfinished ...>
2348  mprotect(0x7f65603df000, 4096, PROT_READ|PROT_WRITE <unfinished ...>
2345  <... mprotect resumed>)           = 0
2344  <... mprotect resumed>)           = 0
2349  <... mprotect resumed>)           = 0
2347  mprotect(0x7f655c3c1000, 4096, PROT_READ|PROT_WRITE <unfinished ...>
2348  <... mprotect resumed>)           = 0
2347  <... mprotect resumed>)           = 0
2346  mprotect(0x7f656439e000, 4096, PROT_READ|PROT_WRITE) = 0
2344  mprotect(0x7f657036a000, 4096, PROT_READ|PROT_WRITE <unfinished ...>
2345  mprotect(0x7f6568381000, 4096, PROT_READ|PROT_WRITE) = 0
2344  <... mprotect resumed>)           = 0
2348  mprotect(0x7f65603e0000, 4096, PROT_READ|PROT_WRITE) = 0
2350  mprotect(0x7f65583ea000, 4096, PROT_READ|PROT_WRITE <unfinished ...>
2347  mprotect(0x7f655c3c2000, 4096, PROT_READ|PROT_WRITE <unfinished ...>
2346  mprotect(0x7f656439f000, 4096, PROT_READ|PROT_WRITE <unfinished ...>
2345  mprotect(0x7f6568382000, 4096, PROT_READ|PROT_WRITE <unfinished ...>
2344  mprotect(0x7f657036b000, 4096, PROT_READ|PROT_WRITE <unfinished ...>
2350  <... mprotect resumed>)           = 0
2347  <... mprotect resumed>)           = 0
2346  <... mprotect resumed>)           = 0
2345  <... mprotect resumed>)           = 0
2344  <... mprotect resumed>)           = 0
2349  mprotect(0x7f65543e9000, 4096, PROT_READ|PROT_WRITE) = 0
2346  mprotect(0x7f65643a0000, 4096, PROT_READ|PROT_WRITE) = 0
2344  mprotect(0x7f657036c000, 4096, PROT_READ|PROT_WRITE) = 0
2348  mprotect(0x7f65603e1000, 4096, PROT_READ|PROT_WRITE) = 0
2345  mprotect(0x7f6568383000, 4096, PROT_READ|PROT_WRITE) = 0
2344  mprotect(0x7f657036d000, 4096, PROT_READ|PROT_WRITE <unfinished ...>
2347  mprotect(0x7f655c3c3000, 4096, PROT_READ|PROT_WRITE <unfinished ...>
2344  <... mprotect resumed>)           = 0
2347  <... mprotect resumed>)           = 0
2346  mprotect(0x7f65643a1000, 4096, PROT_READ|PROT_WRITE) = 0
2345  mprotect(0x7f6568384000, 4096, PROT_READ|PROT_WRITE) = 0
2344  mprotect(0x7f657036e000, 4096, PROT_READ|PROT_WRITE <unfinished ...>
2350  mprotect(0x7f65583eb000, 4096, PROT_READ|PROT_WRITE <unfinished ...>
2349  mprotect(0x7f65543ea000, 4096, PROT_READ|PROT_WRITE <unfinished ...>
2347  mprotect(0x7f655c3c4000, 4096, PROT_READ|PROT_WRITE <unfinished ...>
2344  <... mprotect resumed>)           = 0
2349  <... mprotect resumed>)           = 0
2350  <... mprotect resumed>)           = 0
2348  mprotect(0x7f65603e2000, 4096, PROT_READ|PROT_WRITE <unfinished ...>
2347  <... mprotect resumed>)           = 0
2346  mprotect(0x7f65643a2000, 4096, PROT_READ|PROT_WRITE <unfinished ...>
2345  mprotect(0x7f6568385000, 4096, PROT_READ|PROT_WRITE <unfinished ...>
2344  mprotect(0x7f657036f000, 4096, PROT_READ|PROT_WRITE <unfinished ...>
2348  <... mprotect resumed>)           = 0
2346  <... mprotect resumed>)           = 0
2345  <... mprotect resumed>)           = 0
2351  mprotect(0x7f654c3fb000, 4096, PROT_READ|PROT_WRITE <unfinished ...>
2346  mprotect(0x7f65643a3000, 4096, PROT_READ|PROT_WRITE <unfinished ...>
2349  mprotect(0x7f65543eb000, 4096, PROT_READ|PROT_WRITE <unfinished ...>
2347  mprotect(0x7f655c3c5000, 4096, PROT_READ|PROT_WRITE <unfinished ...>
2344  <... mprotect resumed>)           = 0
2351  <... mprotect resumed>)           = 0
2349  <... mprotect resumed>)           = 0
2347  <... mprotect resumed>)           = 0
2346  <... mprotect resumed>)           = 0
2345  mprotect(0x7f6568386000, 4096, PROT_READ|PROT_WRITE <unfinished ...>
2344  mprotect(0x7f6570370000, 4096, PROT_READ|PROT_WRITE) = 0
2348  mprotect(0x7f65603e3000, 4096, PROT_READ|PROT_WRITE <unfinished ...>
2345  <... mprotect resumed>)           = 0
2348  <... mprotect resumed>)           = 0
2350  mprotect(0x7f65583ec000, 4096, PROT_READ|PROT_WRITE) = 0
2346  mprotect(0x7f65643a4000, 4096, PROT_READ|PROT_WRITE <unfinished ...>
2347  mprotect(0x7f655c3c6000, 4096, PROT_READ|PROT_WRITE <unfinished ...>
2346  <... mprotect resumed>)           = 0
2344  mprotect(0x7f6570371000, 4096, PROT_READ|PROT_WRITE <unfinished ...>
2347  <... mprotect resumed>)           = 0
2345  mprotect(0x7f6568387000, 4096, PROT_READ|PROT_WRITE <unfinished ...>
2344  <... mprotect resumed>)           = 0
2345  <... mprotect resumed>)           = 0
2349  mprotect(0x7f65543ec000, 4096, PROT_READ|PROT_WRITE) = 0
2345  mprotect(0x7f6568388000, 4096, PROT_READ|PROT_WRITE) = 0
2348  mprotect(0x7f65603e4000, 4096, PROT_READ|PROT_WRITE <unfinished ...>
2346  mprotect(0x7f65643a5000, 4096, PROT_READ|PROT_WRITE <unfinished ...>
2348  <... mprotect resumed>)           = 0
2346  <... mprotect resumed>)           = 0
2344  mprotect(0x7f6570372000, 4096, PROT_READ|PROT_WRITE) = 0
2345  mprotect(0x7f6568389000, 4096, PROT_READ|PROT_WRITE) = 0
2346  mprotect(0x7f65643a6000, 4096, PROT_READ|PROT_WRITE <unfinished ...>
2344  mprotect(0x7f6570373000, 4096, PROT_READ|PROT_WRITE <unfinished ...>
2346  <... mprotect resumed>)           = 0
2344  <... mprotect resumed>)           = 0
2345  mprotect(0x7f656838a000, 4096, PROT_READ|PROT_WRITE) = 0
2349  mprotect(0x7f65543ed000, 4096, PROT_READ|PROT_WRITE) = 0
2344  mprotect(0x7f6570374000, 4096, PROT_READ|PROT_WRITE) = 0
2346  mprotect(0x7f65643a7000, 4096, PROT_READ|PROT_WRITE <unfinished ...>
2348  mprotect(0x7f65603e5000, 4096, PROT_READ|PROT_WRITE <unfinished ...>
2346  <... mprotect resumed>)           = 0
2348  <... mprotect resumed>)           = 0
2347  mprotect(0x7f655c3c7000, 4096, PROT_READ|PROT_WRITE <unfinished ...>
2345  mprotect(0x7f656838b000, 4096, PROT_READ|PROT_WRITE) = 0
2344  mprotect(0x7f6570375000, 4096, PROT_READ|PROT_WRITE <unfinished ...>
2347  <... mprotect resumed>)           = 0
2344  <... mprotect resumed>)           = 0
2350  mprotect(0x7f65583ed000, 4096, PROT_READ|PROT_WRITE <unfinished ...>
2345  mprotect(0x7f656838c000, 4096, PROT_READ|PROT_WRITE <unfinished ...>
2346  mprotect(0x7f65643a8000, 4096, PROT_READ|PROT_WRITE <unfinished ...>
2350  <... mprotect resumed>)           = 0
2346  <... mprotect resumed>)           = 0
2345  <... mprotect resumed>)           = 0
2345  mprotect(0x7f656838d000, 4096, PROT_READ|PROT_WRITE) = 0
2348  mprotect(0x7f65603e6000, 4096, PROT_READ|PROT_WRITE <unfinished ...>
2347  mprotect(0x7f655c3c8000, 4096, PROT_READ|PROT_WRITE <unfinished ...>
2345  mprotect(0x7f656838e000, 4096, PROT_READ|PROT_WRITE <unfinished ...>
2344  mprotect(0x7f6570376000, 4096, PROT_READ|PROT_WRITE <unfinished ...>
2347  <... mprotect resumed>)           = 0
2348  <... mprotect resumed>)           = 0
2344  <... mprotect resumed>)           = 0
2346  mprotect(0x7f65643a9000, 4096, PROT_READ|PROT_WRITE) = 0
2345  <... mprotect resumed>)           = 0
2349  mprotect(0x7f65543ee000, 4096, PROT_READ|PROT_WRITE) = 0
2346  mprotect(0x7f65643aa000, 4096, PROT_READ|PROT_WRITE <unfinished ...>
2345  mprotect(0x7f656838f000, 4096, PROT_READ|PROT_WRITE <unfinished ...>
2344  mprotect(0x7f6570377000, 4096, PROT_READ|PROT_WRITE <unfinished ...>
2346  <... mprotect resumed>)           = 0
2344  <... mprotect resumed>)           = 0
2347  mprotect(0x7f655c3c9000, 4096, PROT_READ|PROT_WRITE <unfinished ...>
2345  <... mprotect resumed>)           = 0
2347  <... mprotect resumed>)           = 0
2348  mprotect(0x7f65603e7000, 4096, PROT_READ|PROT_WRITE) = 0
2344  mprotect(0x7f6570378000, 4096, PROT_READ|PROT_WRITE) = 0
2345  mprotect(0x7f6568390000, 4096, PROT_READ|PROT_WRITE <unfinished ...>
2351  mprotect(0x7f654c3fc000, 4096, PROT_READ|PROT_WRITE <unfinished ...>
2345  <... mprotect resumed>)           = 0
2350  mprotect(0x7f65583ee000, 4096, PROT_READ|PROT_WRITE <unfinished ...>
2347  mprotect(0x7f655c3ca000, 4096, PROT_READ|PROT_WRITE <unfinished ...>
2346  mprotect(0x7f65643ab000, 4096, PROT_READ|PROT_WRITE <unfinished ...>
2344  mprotect(0x7f6570379000, 4096, PROT_READ|PROT_WRITE <unfinished ...>
2351  <... mprotect resumed>)           = 0
2350  <... mprotect resumed>)           = 0
2347  <... mprotect resumed>)           = 0
2346  <... mprotect resumed>)           = 0
2344  <... mprotect resumed>)           = 0
2345  mprotect(0x7f6568391000, 4096, PROT_READ|PROT_WRITE <unfinished ...>
2349  mprotect(0x7f65543ef000, 4096, PROT_READ|PROT_WRITE <unfinished ...>
2345  <... mprotect resumed>)           = 0
2349  <... mprotect resumed>)           = 0
2348  mprotect(0x7f65603e8000, 4096, PROT_READ|PROT_WRITE) = 0
2344  mprotect(0x7f657037a000, 4096, PROT_READ|PROT_WRITE <unfinished ...>
2346  mprotect(0x7f65643ac000, 4096, PROT_READ|PROT_WRITE) = 0
2344  <... mprotect resumed>)           = 0
2345  mprotect(0x7f6568392000, 4096, PROT_READ|PROT_WRITE <unfinished ...>
2344  mprotect(0x7f657037b000, 4096, PROT_READ|PROT_WRITE) = 0
2347  mprotect(0x7f655c3cb000, 4096, PROT_READ|PROT_WRITE <unfinished ...>
2346  mprotect(0x7f65643ad000, 4096, PROT_READ|PROT_WRITE <unfinished ...>
2347  <... mprotect resumed>)           = 0
2346  <... mprotect resumed>)           = 0
2345  <... mprotect resumed>)           = 0
2344  mprotect(0x7f657037c000, 4096, PROT_READ|PROT_WRITE <unfinished ...>
2350  mprotect(0x7f65583ef000, 4096, PROT_READ|PROT_WRITE <unfinished ...>
2344  <... mprotect resumed>)           = 0
2350  <... mprotect resumed>)           = 0
2349  mprotect(0x7f65543f0000, 4096, PROT_READ|PROT_WRITE) = 0
2345  mprotect(0x7f6568393000, 4096, PROT_READ|PROT_WRITE <unfinished ...>
2346  mprotect(0x7f65643ae000, 4096, PROT_READ|PROT_WRITE <unfinished ...>
2347  mprotect(0x7f655c3cc000, 4096, PROT_READ|PROT_WRITE <unfinished ...>
2345  <... mprotect resumed>)           = 0
2348  mprotect(0x7f65603e9000, 4096, PROT_READ|PROT_WRITE <unfinished ...>
2347  <... mprotect resumed>)           = 0
2346  <... mprotect resumed>)           = 0
2344  mprotect(0x7f657037d000, 4096, PROT_READ|PROT_WRITE <unfinished ...>
2348  <... mprotect resumed>)           = 0
2345  mprotect(0x7f6568394000, 4096, PROT_READ|PROT_WRITE <unfinished ...>
2344  <... mprotect resumed>)           = 0
2345  <... mprotect resumed>)           = 0
2346  mprotect(0x7f65643af000, 4096, PROT_READ|PROT_WRITE) = 0
2344  mprotect(0x7f657037e000, 4096, PROT_READ|PROT_WRITE) = 0
2347  mprotect(0x7f655c3cd000, 4096, PROT_READ|PROT_WRITE) = 0
2345  mprotect(0x7f6568395000, 4096, PROT_READ|PROT_WRITE) = 0
2344  mprotect(0x7f657037f000, 4096, PROT_READ|PROT_WRITE) = 0
2344  mprotect(0x7f6570380000, 4096, PROT_READ|PROT_WRITE <unfinished ...>
2346  mprotect(0x7f65643b0000, 4096, PROT_READ|PROT_WRITE <unfinished ...>
2345  mprotect(0x7f6568396000, 4096, PROT_READ|PROT_WRITE <unfinished ...>
2344  <... mprotect resumed>)           = 0
2346  <... mprotect resumed>)           = 0
2345  <... mprotect resumed>)           = 0
2348  mprotect(0x7f65603ea000, 4096, PROT_READ|PROT_WRITE) = 0
2347  mprotect(0x7f655c3ce000, 4096, PROT_READ|PROT_WRITE <unfinished ...>
2349  mprotect(0x7f65543f1000, 4096, PROT_READ|PROT_WRITE <unfinished ...>
2347  <... mprotect resumed>)           = 0
2344  mprotect(0x7f6570381000, 4096, PROT_READ|PROT_WRITE <unfinished ...>
2350  mprotect(0x7f65583f0000, 4096, PROT_READ|PROT_WRITE <unfinished ...>
2349  <... mprotect resumed>)           = 0
2345  mprotect(0x7f6568397000, 4096, PROT_READ|PROT_WRITE <unfinished ...>
2344  <... mprotect resumed>)           = 0
2350  <... mprotect resumed>)           = 0
2347  mprotect(0x7f655c3cf000, 4096, PROT_READ|PROT_WRITE <unfinished ...>
2346  mprotect(0x7f65643b1000, 4096, PROT_READ|PROT_WRITE <unfinished ...>
2345  <... mprotect resumed>)           = 0
2344  mprotect(0x7f6570382000, 4096, PROT_READ|PROT_WRITE <unfinished ...>
2347  <... mprotect resumed>)           = 0
2346  <... mprotect resumed>)           = 0
2344  <... mprotect resumed>)           = 0
2348  mprotect(0x7f65603eb000, 4096, PROT_READ|PROT_WRITE) = 0
2345  mprotect(0x7f6568398000, 4096, PROT_READ|PROT_WRITE) = 0
2344  mprotect(0x7f6570383000, 4096, PROT_READ|PROT_WRITE) = 0
2346  mprotect(0x7f65643b2000, 4096, PROT_READ|PROT_WRITE) = 0
2350  mprotect(0x7f65583f1000, 4096, PROT_READ|PROT_WRITE <unfinished ...>
2345  mprotect(0x7f6568399000, 4096, PROT_READ|PROT_WRITE <unfinished ...>
2344  mprotect(0x7f6570384000, 4096, PROT_READ|PROT_WRITE <unfinished ...>
2350  <... mprotect resumed>)           = 0
2345  <... mprotect resumed>)           = 0
2344  <... mprotect resumed>)           = 0
2347  mprotect(0x7f655c3d0000, 4096, PROT_READ|PROT_WRITE) = 0
2348  mprotect(0x7f65603ec000, 4096, PROT_READ|PROT_WRITE) = 0
2345  mprotect(0x7f656839a000, 4096, PROT_READ|PROT_WRITE <unfinished ...>
2346  mprotect(0x7f65643b3000, 4096, PROT_READ|PROT_WRITE <unfinished ...>
2345  <... mprotect resumed>)           = 0
2346  <... mprotect resumed>)           = 0
2344  mprotect(0x7f6570385000, 4096, PROT_READ|PROT_WRITE) = 0
2349  mprotect(0x7f65543f2000, 4096, PROT_READ|PROT_WRITE) = 0
2344  mprotect(0x7f6570386000, 4096, PROT_READ|PROT_WRITE <unfinished ...>
2347  mprotect(0x7f655c3d1000, 4096, PROT_READ|PROT_WRITE <unfinished ...>
2344  <... mprotect resumed>)           = 0
2347  <... mprotect resumed>)           = 0
2344  mprotect(0x7f6570387000, 4096, PROT_READ|PROT_WRITE) = 0
2346  mprotect(0x7f65643b4000, 4096, PROT_READ|PROT_WRITE) = 0
2345  mprotect(0x7f656839b000, 4096, PROT_READ|PROT_WRITE) = 0
2344  mprotect(0x7f6570388000, 4096, PROT_READ|PROT_WRITE <unfinished ...>
2346  mprotect(0x7f65643b5000, 4096, PROT_READ|PROT_WRITE <unfinished ...>
2344  <... mprotect resumed>)           = 0
2346  <... mprotect resumed>)           = 0
2347  mprotect(0x7f655c3d2000, 4096, PROT_READ|PROT_WRITE) = 0
2351  mprotect(0x7f654c3fd000, 4096, PROT_READ|PROT_WRITE <unfinished ...>
2348  mprotect(0x7f65603ed000, 4096, PROT_READ|PROT_WRITE <unfinished ...>
2345  mprotect(0x7f656839c000, 4096, PROT_READ|PROT_WRITE <unfinished ...>
2346  mprotect(0x7f65643b6000, 4096, PROT_READ|PROT_WRITE <unfinished ...>
2344  mprotect(0x7f6570389000, 4096, PROT_READ|PROT_WRITE <unfinished ...>
2351  <... mprotect resumed>)           = 0
2348  <... mprotect resumed>)           = 0
2346  <... mprotect resumed>)           = 0
2345  <... mprotect resumed>)           = 0
2344  <... mprotect resumed>)           = 0
2350  mprotect(0x7f65583f2000, 4096, PROT_READ|PROT_WRITE <unfinished ...>
2344  mprotect(0x7f657038a000, 4096, PROT_READ|PROT_WRITE <unfinished ...>
2347  mprotect(0x7f655c3d3000, 4096, PROT_READ|PROT_WRITE <unfinished ...>
2350  <... mprotect resumed>)           = 0
2347  <... mprotect resumed>)           = 0
2346  mprotect(0x7f65643b7000, 4096, PROT_READ|PROT_WRITE <unfinished ...>
2344  <... mprotect resumed>)           = 0
2345  mprotect(0x7f656839d000, 4096, PROT_READ|PROT_WRITE <unfinished ...>
2349  mprotect(0x7f65543f3000, 4096, PROT_READ|PROT_WRITE <unfinished ...>
2346  <... mprotect resumed>)           = 0
2345  <... mprotect resumed>)           = 0
2349  <... mprotect resumed>)           = 0
2344  mprotect(0x7f657038b000, 4096, PROT_READ|PROT_WRITE) = 0
2348  mprotect(0x7f65603ee000, 4096, PROT_READ|PROT_WRITE <unfinished ...>
2344  mprotect(0x7f657038c000, 4096, PROT_READ|PROT_WRITE <unfinished ...>
2347  mprotect(0x7f655c3d4000, 4096, PROT_READ|PROT_WRITE <unfinished ...>
2344  <... mprotect resumed>)           = 0
2346  mprotect(0x7f65643b8000, 4096, PROT_READ|PROT_WRITE <unfinished ...>
2345  mprotect(0x7f656839e000, 4096, PROT_READ|PROT_WRITE <unfinished ...>
2347  <... mprotect resumed>)           = 0
2346  <... mprotect resumed>)           = 0
2348  <... mprotect resumed>)           = 0
2345  <... mprotect resumed>)           = 0
2344  mprotect(0x7f657038d000, 4096, PROT_READ|PROT_WRITE) = 0
2345  mprotect(0x7f656839f000, 4096, PROT_READ|PROT_WRITE) = 0
2346  mprotect(0x7f65643b9000, 4096, PROT_READ|PROT_WRITE) = 0
2344  mprotect(0x7f657038e000, 4096, PROT_READ|PROT_WRITE) = 0
2347  mprotect(0x7f655c3d5000, 4096, PROT_READ|PROT_WRITE) = 0
2345  mprotect(0x7f65683a0000, 4096, PROT_READ|PROT_WRITE) = 0
2349  mprotect(0x7f65543f4000, 4096, PROT_READ|PROT_WRITE) = 0
2346  mprotect(0x7f65643ba000, 4096, PROT_READ|PROT_WRITE) = 0
2344  mprotect(0x7f657038f000, 4096, PROT_READ|PROT_WRITE) = 0
2345  mprotect(0x7f65683a1000, 4096, PROT_READ|PROT_WRITE) = 0
2344  mprotect(0x7f6570390000, 4096, PROT_READ|PROT_WRITE) = 0
2346  mprotect(0x7f65643bb000, 4096, PROT_READ|PROT_WRITE) = 0
2350  mprotect(0x7f65583f3000, 4096, PROT_READ|PROT_WRITE <unfinished ...>
2347  mprotect(0x7f655c3d6000, 4096, PROT_READ|PROT_WRITE <unfinished ...>
2350  <... mprotect resumed>)           = 0
2347  <... mprotect resumed>)           = 0
2345  mprotect(0x7f65683a2000, 4096, PROT_READ|PROT_WRITE <unfinished ...>
2348  mprotect(0x7f65603ef000, 4096, PROT_READ|PROT_WRITE <unfinished ...>
2344  mprotect(0x7f6570391000, 4096, PROT_READ|PROT_WRITE <unfinished ...>
2345  <... mprotect resumed>)           = 0
2348  <... mprotect resumed>)           = 0
2344  <... mprotect resumed>)           = 0
2345  mprotect(0x7f65683a3000, 4096, PROT_READ|PROT_WRITE) = 0
2346  mprotect(0x7f65643bc000, 4096, PROT_READ|PROT_WRITE) = 0
2344  mprotect(0x7f6570392000, 4096, PROT_READ|PROT_WRITE) = 0
2345  mprotect(0x7f65683a4000, 4096, PROT_READ|PROT_WRITE) = 0
2344  mprotect(0x7f6570393000, 4096, PROT_READ|PROT_WRITE) = 0
2346  mprotect(0x7f65643bd000, 4096, PROT_READ|PROT_WRITE) = 0
2347  mprotect(0x7f655c3d7000, 4096, PROT_READ|PROT_WRITE <unfinished ...>
2345  mprotect(0x7f65683a5000, 4096, PROT_READ|PROT_WRITE <unfinished ...>
2347  <... mprotect resumed>)           = 0
2345  <... mprotect resumed>)           = 0
2344  mprotect(0x7f6570394000, 4096, PROT_READ|PROT_WRITE) = 0
2349  mprotect(0x7f65543f5000, 4096, PROT_READ|PROT_WRITE) = 0
2346  mprotect(0x7f65643be000, 4096, PROT_READ|PROT_WRITE <unfinished ...>
2345  mprotect(0x7f65683a6000, 4096, PROT_READ|PROT_WRITE) = 0
2346  <... mprotect resumed>)           = 0
2344  mprotect(0x7f6570395000, 4096, PROT_READ|PROT_WRITE) = 0
2348  mprotect(0x7f65603f0000, 4096, PROT_READ|PROT_WRITE) = 0
2345  mprotect(0x7f65683a7000, 4096, PROT_READ|PROT_WRITE) = 0
2344  mprotect(0x7f6570396000, 4096, PROT_READ|PROT_WRITE) = 0
2347  mprotect(0x7f655c3d8000, 4096, PROT_READ|PROT_WRITE) = 0
2344  mprotect(0x7f6570397000, 4096, PROT_READ|PROT_WRITE) = 0
2345  mprotect(0x7f65683a8000, 4096, PROT_READ|PROT_WRITE <unfinished ...>
2346  mprotect(0x7f65643bf000, 4096, PROT_READ|PROT_WRITE <unfinished ...>
2345  <... mprotect resumed>)           = 0
2346  <... mprotect resumed>)           = 0
2350  mprotect(0x7f65583f4000, 4096, PROT_READ|PROT_WRITE) = 0
2344  mprotect(0x7f6570398000, 4096, PROT_READ|PROT_WRITE) = 0
2345  mprotect(0x7f65683a9000, 4096, PROT_READ|PROT_WRITE) = 0
2347  mprotect(0x7f655c3d9000, 4096, PROT_READ|PROT_WRITE) = 0
2345  mprotect(0x7f65683aa000, 4096, PROT_READ|PROT_WRITE) = 0
2344  mprotect(0x7f6570399000, 4096, PROT_READ|PROT_WRITE) = 0
2348  mprotect(0x7f65603f1000, 4096, PROT_READ|PROT_WRITE) = 0
2346  mprotect(0x7f65643c0000, 4096, PROT_READ|PROT_WRITE <unfinished ...>
2344  mprotect(0x7f657039a000, 4096, PROT_READ|PROT_WRITE <unfinished ...>
2346  <... mprotect resumed>)           = 0
2345  mprotect(0x7f65683ab000, 4096, PROT_READ|PROT_WRITE <unfinished ...>
2344  <... mprotect resumed>)           = 0
2349  mprotect(0x7f65543f6000, 4096, PROT_READ|PROT_WRITE <unfinished ...>
2345  <... mprotect resumed>)           = 0
2349  <... mprotect resumed>)           = 0
2347  mprotect(0x7f655c3da000, 4096, PROT_READ|PROT_WRITE <unfinished ...>
2345  mprotect(0x7f65683ac000, 4096, PROT_READ|PROT_WRITE <unfinished ...>
2344  mprotect(0x7f657039b000, 4096, PROT_READ|PROT_WRITE <unfinished ...>
2346  mprotect(0x7f65643c1000, 4096, PROT_READ|PROT_WRITE <unfinished ...>
2345  <... mprotect resumed>)           = 0
2347  <... mprotect resumed>)           = 0
2346  <... mprotect resumed>)           = 0
2344  <... mprotect resumed>)           = 0
2350  mprotect(0x7f65583f5000, 4096, PROT_READ|PROT_WRITE <unfinished ...>
2344  mprotect(0x7f657039c000, 4096, PROT_READ|PROT_WRITE <unfinished ...>
2345  mprotect(0x7f65683ad000, 4096, PROT_READ|PROT_WRITE <unfinished ...>
2344  <... mprotect resumed>)           = 0
2350  <... mprotect resumed>)           = 0
2345  <... mprotect resumed>)           = 0
2351  mprotect(0x7f654c3fe000, 4096, PROT_READ|PROT_WRITE <unfinished ...>
2347  mprotect(0x7f655c3db000, 4096, PROT_READ|PROT_WRITE <unfinished ...>
2346  mprotect(0x7f65643c2000, 4096, PROT_READ|PROT_WRITE <unfinished ...>
2344  mprotect(0x7f657039d000, 4096, PROT_READ|PROT_WRITE <unfinished ...>
2351  <... mprotect resumed>)           = 0
2348  mprotect(0x7f65603f2000, 4096, PROT_READ|PROT_WRITE <unfinished ...>
2347  <... mprotect resumed>)           = 0
2346  <... mprotect resumed>)           = 0
2344  <... mprotect resumed>)           = 0
2348  <... mprotect resumed>)           = 0
2345  mprotect(0x7f65683ae000, 4096, PROT_READ|PROT_WRITE <unfinished ...>
2344  mprotect(0x7f657039e000, 4096, PROT_READ|PROT_WRITE <unfinished ...>
2345  <... mprotect resumed>)           = 0
2344  <... mprotect resumed>)           = 0
2345  mprotect(0x7f65683af000, 4096, PROT_READ|PROT_WRITE) = 0
2344  mprotect(0x7f657039f000, 4096, PROT_READ|PROT_WRITE) = 0
2346  mprotect(0x7f65643c3000, 4096, PROT_READ|PROT_WRITE <unfinished ...>
2347  mprotect(0x7f655c3dc000, 4096, PROT_READ|PROT_WRITE) = 0
2346  <... mprotect resumed>)           = 0
2345  mprotect(0x7f65683b0000, 4096, PROT_READ|PROT_WRITE <unfinished ...>
2349  mprotect(0x7f65543f7000, 4096, PROT_READ|PROT_WRITE <unfinished ...>
2345  <... mprotect resumed>)           = 0
2348  mprotect(0x7f65603f3000, 4096, PROT_READ|PROT_WRITE <unfinished ...>
2344  mprotect(0x7f65703a0000, 4096, PROT_READ|PROT_WRITE <unfinished ...>
2349  <... mprotect resumed>)           = 0
2348  <... mprotect resumed>)           = 0
2344  <... mprotect resumed>)           = 0
2346  mprotect(0x7f65643c4000, 4096, PROT_READ|PROT_WRITE <unfinished ...>
2344  mprotect(0x7f65703a1000, 4096, PROT_READ|PROT_WRITE) = 0
2347  mprotect(0x7f655c3dd000, 4096, PROT_READ|PROT_WRITE) = 0
2347  mprotect(0x7f655c3de000, 4096, PROT_READ|PROT_WRITE <unfinished ...>
2346  <... mprotect resumed>)           = 0
2345  mprotect(0x7f65683b1000, 4096, PROT_READ|PROT_WRITE <unfinished ...>
2344  mprotect(0x7f65703a2000, 4096, PROT_READ|PROT_WRITE <unfinished ...>
2347  <... mprotect resumed>)           = 0
2344  <... mprotect resumed>)           = 0
2345  <... mprotect resumed>)           = 0
2348  mprotect(0x7f65603f4000, 4096, PROT_READ|PROT_WRITE) = 0
2344  mprotect(0x7f65703a3000, 4096, PROT_READ|PROT_WRITE) = 0
2345  mprotect(0x7f65683b2000, 4096, PROT_READ|PROT_WRITE) = 0
2350  mprotect(0x7f65583f6000, 4096, PROT_READ|PROT_WRITE) = 0
2349  mprotect(0x7f65543f8000, 4096, PROT_READ|PROT_WRITE <unfinished ...>
2346  mprotect(0x7f65643c5000, 4096, PROT_READ|PROT_WRITE <unfinished ...>
2345  mprotect(0x7f65683b3000, 4096, PROT_READ|PROT_WRITE <unfinished ...>
2344  mprotect(0x7f65703a4000, 4096, PROT_READ|PROT_WRITE <unfinished ...>
2349  <... mprotect resumed>)           = 0
2347  mprotect(0x7f655c3df000, 4096, PROT_READ|PROT_WRITE <unfinished ...>
2346  <... mprotect resumed>)           = 0
2345  <... mprotect resumed>)           = 0
2344  <... mprotect resumed>)           = 0
2347  <... mprotect resumed>)           = 0
2344  mprotect(0x7f65703a5000, 4096, PROT_READ|PROT_WRITE) = 0
2345  mprotect(0x7f65683b4000, 4096, PROT_READ|PROT_WRITE) = 0
2344  mprotect(0x7f65703a6000, 4096, PROT_READ|PROT_WRITE) = 0
2348  mprotect(0x7f65603f5000, 4096, PROT_READ|PROT_WRITE) = 0
2345  mprotect(0x7f65683b5000, 4096, PROT_READ|PROT_WRITE) = 0
2344  mprotect(0x7f65703a7000, 4096, PROT_READ|PROT_WRITE) = 0
2346  mprotect(0x7f65643c6000, 4096, PROT_READ|PROT_WRITE) = 0
2344  mprotect(0x7f65703a8000, 4096, PROT_READ|PROT_WRITE) = 0
2347  mprotect(0x7f655c3e0000, 4096, PROT_READ|PROT_WRITE) = 0
2345  mprotect(0x7f65683b6000, 4096, PROT_READ|PROT_WRITE) = 0
2346  mprotect(0x7f65643c7000, 4096, PROT_READ|PROT_WRITE <unfinished ...>
2344  mprotect(0x7f65703a9000, 4096, PROT_READ|PROT_WRITE) = 0
2346  <... mprotect resumed>)           = 0
2345  mprotect(0x7f65683b7000, 4096, PROT_READ|PROT_WRITE) = 0
2344  mprotect(0x7f65703aa000, 4096, PROT_READ|PROT_WRITE) = 0
2348  mprotect(0x7f65603f6000, 4096, PROT_READ|PROT_WRITE) = 0
2350  mprotect(0x7f65583f7000, 4096, PROT_READ|PROT_WRITE <unfinished ...>
2346  mprotect(0x7f65643c8000, 4096, PROT_READ|PROT_WRITE <unfinished ...>
2347  mprotect(0x7f655c3e1000, 4096, PROT_READ|PROT_WRITE <unfinished ...>
2344  mprotect(0x7f65703ab000, 4096, PROT_READ|PROT_WRITE <unfinished ...>
2350  <... mprotect resumed>)           = 0
2349  mprotect(0x7f65543f9000, 4096, PROT_READ|PROT_WRITE <unfinished ...>
2347  <... mprotect resumed>)           = 0
2346  <... mprotect resumed>)           = 0
2345  mprotect(0x7f65683b8000, 4096, PROT_READ|PROT_WRITE <unfinished ...>
2344  <... mprotect resumed>)           = 0
2349  <... mprotect resumed>)           = 0
2345  <... mprotect resumed>)           = 0
2348  mprotect(0x7f65603f7000, 4096, PROT_READ|PROT_WRITE <unfinished ...>
2344  mprotect(0x7f65703ac000, 4096, PROT_READ|PROT_WRITE) = 0
2346  mprotect(0x7f65643c9000, 4096, PROT_READ|PROT_WRITE <unfinished ...>
2348  <... mprotect resumed>)           = 0
2346  <... mprotect resumed>)           = 0
2345  mprotect(0x7f65683b9000, 4096, PROT_READ|PROT_WRITE <unfinished ...>
2344  mprotect(0x7f65703ad000, 4096, PROT_READ|PROT_WRITE) = 0
2347  mprotect(0x7f655c3e2000, 4096, PROT_READ|PROT_WRITE) = 0
2345  <... mprotect resumed>)           = 0
2345  mprotect(0x7f65683ba000, 4096, PROT_READ|PROT_WRITE) = 0
2347  mprotect(0x7f655c3e3000, 4096, PROT_READ|PROT_WRITE <unfinished ...>
2344  mprotect(0x7f65703ae000, 4096, PROT_READ|PROT_WRITE <unfinished ...>
2347  <... mprotect resumed>)           = 0
2344  <... mprotect resumed>)           = 0
2346  mprotect(0x7f65643ca000, 4096, PROT_READ|PROT_WRITE) = 0
2347  mprotect(0x7f655c3e4000, 4096, PROT_READ|PROT_WRITE <unfinished ...>
2345  mprotect(0x7f65683bb000, 4096, PROT_READ|PROT_WRITE <unfinished ...>
2349  mprotect(0x7f65543fa000, 4096, PROT_READ|PROT_WRITE) = 0
2347  <... mprotect resumed>)           = 0
2345  <... mprotect resumed>)           = 0
2344  mprotect(0x7f65703af000, 4096, PROT_READ|PROT_WRITE) = 0
2346  mprotect(0x7f65643cb000, 4096, PROT_READ|PROT_WRITE <unfinished ...>
2345  mprotect(0x7f65683bc000, 4096, PROT_READ|PROT_WRITE <unfinished ...>
2346  <... mprotect resumed>)           = 0
2345  <... mprotect resumed>)           = 0
2344  mprotect(0x7f65703b0000, 4096, PROT_READ|PROT_WRITE <unfinished ...>
2351  mprotect(0x7f654c3ff000, 4096, PROT_READ|PROT_WRITE <unfinished ...>
2344  <... mprotect resumed>)           = 0
2351  <... mprotect resumed>)           = 0
2347  mprotect(0x7f655c3e5000, 4096, PROT_READ|PROT_WRITE) = 0
2348  mprotect(0x7f65603f8000, 4096, PROT_READ|PROT_WRITE) = 0
2345  mprotect(0x7f65683bd000, 4096, PROT_READ|PROT_WRITE <unfinished ...>
2346  mprotect(0x7f65643cc000, 4096, PROT_READ|PROT_WRITE <unfinished ...>
2344  mprotect(0x7f65703b1000, 4096, PROT_READ|PROT_WRITE <unfinished ...>
2345  <... mprotect resumed>)           = 0
2346  <... mprotect resumed>)           = 0
2344  <... mprotect resumed>)           = 0
2350  mprotect(0x7f65583f8000, 4096, PROT_READ|PROT_WRITE <unfinished ...>
2347  mprotect(0x7f655c3e6000, 4096, PROT_READ|PROT_WRITE <unfinished ...>
2345  mprotect(0x7f65683be000, 4096, PROT_READ|PROT_WRITE <unfinished ...>
2350  <... mprotect resumed>)           = 0
2347  <... mprotect resumed>)           = 0
2345  <... mprotect resumed>)           = 0
2344  mprotect(0x7f65703b2000, 4096, PROT_READ|PROT_WRITE) = 0
2344  mprotect(0x7f65703b3000, 4096, PROT_READ|PROT_WRITE) = 0
2344  mprotect(0x7f65703b4000, 4096, PROT_READ|PROT_WRITE) = 0
2345  mprotect(0x7f65683bf000, 4096, PROT_READ|PROT_WRITE) = 0
2346  mprotect(0x7f65643cd000, 4096, PROT_READ|PROT_WRITE) = 0
2344  mprotect(0x7f65703b5000, 4096, PROT_READ|PROT_WRITE) = 0
2347  mprotect(0x7f655c3e7000, 4096, PROT_READ|PROT_WRITE <unfinished ...>
2348  mprotect(0x7f65603f9000, 4096, PROT_READ|PROT_WRITE <unfinished ...>
2347  <... mprotect resumed>)           = 0
2345  mprotect(0x7f65683c0000, 4096, PROT_READ|PROT_WRITE <unfinished ...>
2348  <... mprotect resumed>)           = 0
2346  mprotect(0x7f65643ce000, 4096, PROT_READ|PROT_WRITE <unfinished ...>
2344  mprotect(0x7f65703b6000, 4096, PROT_READ|PROT_WRITE <unfinished ...>
2346  <... mprotect resumed>)           = 0
2344  <... mprotect resumed>)           = 0
2345  <... mprotect resumed>)           = 0
2344  mprotect(0x7f65703b7000, 4096, PROT_READ|PROT_WRITE) = 0
2349  mprotect(0x7f65543fb000, 4096, PROT_READ|PROT_WRITE) = 0
2346  mprotect(0x7f65643cf000, 4096, PROT_READ|PROT_WRITE <unfinished ...>
2344  mprotect(0x7f65703b8000, 4096, PROT_READ|PROT_WRITE) = 0
2347  mprotect(0x7f655c3e8000, 4096, PROT_READ|PROT_WRITE <unfinished ...>
2346  <... mprotect resumed>)           = 0
2345  mprotect(0x7f65683c1000, 4096, PROT_READ|PROT_WRITE <unfinished ...>
2344  mprotect(0x7f65703b9000, 4096, PROT_READ|PROT_WRITE <unfinished ...>
2347  <... mprotect resumed>)           = 0
2350  mprotect(0x7f65583f9000, 4096, PROT_READ|PROT_WRITE <unfinished ...>
2345  <... mprotect resumed>)           = 0
2344  <... mprotect resumed>)           = 0
2346  mprotect(0x7f65643d0000, 4096, PROT_READ|PROT_WRITE) = 0
2350  <... mprotect resumed>)           = 0
2348  mprotect(0x7f65603fa000, 4096, PROT_READ|PROT_WRITE <unfinished ...>
2347  mprotect(0x7f655c3e9000, 4096, PROT_READ|PROT_WRITE <unfinished ...>
2346  mprotect(0x7f65643d1000, 4096, PROT_READ|PROT_WRITE <unfinished ...>
2344  mprotect(0x7f65703ba000, 4096, PROT_READ|PROT_WRITE <unfinished ...>
2348  <... mprotect resumed>)           = 0
2346  <... mprotect resumed>)           = 0
2345  mprotect(0x7f65683c2000, 4096, PROT_READ|PROT_WRITE <unfinished ...>
2344  <... mprotect resumed>)           = 0
2345  <... mprotect resumed>)           = 0
2347  <... mprotect resumed>)           = 0
2346  mprotect(0x7f65643d2000, 4096, PROT_READ|PROT_WRITE <unfinished ...>
2345  mprotect(0x7f65683c3000, 4096, PROT_READ|PROT_WRITE <unfinished ...>
2344  mprotect(0x7f65703bb000, 4096, PROT_READ|PROT_WRITE <unfinished ...>
2346  <... mprotect resumed>)           = 0
2345  <... mprotect resumed>)           = 0
2344  <... mprotect resumed>)           = 0
2349  mprotect(0x7f65543fc000, 4096, PROT_READ|PROT_WRITE) = 0
2345  mprotect(0x7f65683c4000, 4096, PROT_READ|PROT_WRITE <unfinished ...>
2346  mprotect(0x7f65643d3000, 4096, PROT_READ|PROT_WRITE) = 0
2345  <... mprotect resumed>)           = 0
2344  mprotect(0x7f65703bc000, 4096, PROT_READ|PROT_WRITE) = 0
2347  mprotect(0x7f655c3ea000, 4096, PROT_READ|PROT_WRITE <unfinished ...>
2346  mprotect(0x7f65643d4000, 4096, PROT_READ|PROT_WRITE <unfinished ...>
2347  <... mprotect resumed>)           = 0
2346  <... mprotect resumed>)           = 0
2344  mprotect(0x7f65703bd000, 4096, PROT_READ|PROT_WRITE <unfinished ...>
2348  mprotect(0x7f65603fb000, 4096, PROT_READ|PROT_WRITE) = 0
2344  <... mprotect resumed>)           = 0
2345  mprotect(0x7f65683c5000, 4096, PROT_READ|PROT_WRITE <unfinished ...>
2346  mprotect(0x7f65643d5000, 4096, PROT_READ|PROT_WRITE <unfinished ...>
2345  <... mprotect resumed>)           = 0
2344  mprotect(0x7f65703be000, 4096, PROT_READ|PROT_WRITE) = 0
2346  <... mprotect resumed>)           = 0
2344  mprotect(0x7f65703bf000, 4096, PROT_READ|PROT_WRITE) = 0
2345  mprotect(0x7f65683c6000, 4096, PROT_READ|PROT_WRITE <unfinished ...>
2350  mprotect(0x7f65583fa000, 4096, PROT_READ|PROT_WRITE) = 0
2347  mprotect(0x7f655c3eb000, 4096, PROT_READ|PROT_WRITE <unfinished ...>
2345  <... mprotect resumed>)           = 0
2344  mprotect(0x7f65703c0000, 4096, PROT_READ|PROT_WRITE <unfinished ...>
2346  mprotect(0x7f65643d6000, 4096, PROT_READ|PROT_WRITE <unfinished ...>
2347  <... mprotect resumed>)           = 0
2346  <... mprotect resumed>)           = 0
2344  <... mprotect resumed>)           = 0
2345  mprotect(0x7f65683c7000, 4096, PROT_READ|PROT_WRITE) = 0
2344  mprotect(0x7f65703c1000, 4096, PROT_READ|PROT_WRITE) = 0
2349  mprotect(0x7f65543fd000, 4096, PROT_READ|PROT_WRITE) = 0
2344  mprotect(0x7f65703c2000, 4096, PROT_READ|PROT_WRITE <unfinished ...>
2346  mprotect(0x7f65643d7000, 4096, PROT_READ|PROT_WRITE <unfinished ...>
2348  mprotect(0x7f65603fc000, 4096, PROT_READ|PROT_WRITE <unfinished ...>
2344  <... mprotect resumed>)           = 0
2348  <... mprotect resumed>)           = 0
2346  <... mprotect resumed>)           = 0
2345  mprotect(0x7f65683c8000, 4096, PROT_READ|PROT_WRITE) = 0
2344  mprotect(0x7f65703c3000, 4096, PROT_READ|PROT_WRITE) = 0
2347  mprotect(0x7f655c3ec000, 4096, PROT_READ|PROT_WRITE) = 0
2345  mprotect(0x7f65683c9000, 4096, PROT_READ|PROT_WRITE <unfinished ...>
2346  mprotect(0x7f65643d8000, 4096, PROT_READ|PROT_WRITE <unfinished ...>
2345  <... mprotect resumed>)           = 0
2346  <... mprotect resumed>)           = 0
2344  mprotect(0x7f65703c4000, 4096, PROT_READ|PROT_WRITE <unfinished ...>
2345  mprotect(0x7f65683ca000, 4096, PROT_READ|PROT_WRITE <unfinished ...>
2344  <... mprotect resumed>)           = 0
2345  <... mprotect resumed>)           = 0
2346  mprotect(0x7f65643d9000, 4096, PROT_READ|PROT_WRITE) = 0
2345  mprotect(0x7f65683cb000, 4096, PROT_READ|PROT_WRITE <unfinished ...>
2344  mprotect(0x7f65703c5000, 4096, PROT_READ|PROT_WRITE <unfinished ...>
2345  <... mprotect resumed>)           = 0
2347  mprotect(0x7f655c3ed000, 4096, PROT_READ|PROT_WRITE <unfinished ...>
2344  <... mprotect resumed>)           = 0
2347  <... mprotect resumed>)           = 0
2346  mprotect(0x7f65643da000, 4096, PROT_READ|PROT_WRITE) = 0
2345  mprotect(0x7f65683cc000, 4096, PROT_READ|PROT_WRITE) = 0
2344  mprotect(0x7f65703c6000, 4096, PROT_READ|PROT_WRITE) = 0
2350  mprotect(0x7f65583fb000, 4096, PROT_READ|PROT_WRITE) = 0
2346  mprotect(0x7f65643db000, 4096, PROT_READ|PROT_WRITE <unfinished ...>
2344  mprotect(0x7f65703c7000, 4096, PROT_READ|PROT_WRITE <unfinished ...>
2347  mprotect(0x7f655c3ee000, 4096, PROT_READ|PROT_WRITE <unfinished ...>
2346  <... mprotect resumed>)           = 0
2345  mprotect(0x7f65683cd000, 4096, PROT_READ|PROT_WRITE <unfinished ...>
2344  <... mprotect resumed>)           = 0
2347  <... mprotect resumed>)           = 0
2345  <... mprotect resumed>)           = 0
2344  mprotect(0x7f65703c8000, 4096, PROT_READ|PROT_WRITE) = 0
2348  mprotect(0x7f65603fd000, 4096, PROT_READ|PROT_WRITE) = 0
2345  mprotect(0x7f65683ce000, 4096, PROT_READ|PROT_WRITE <unfinished ...>
2349  mprotect(0x7f65543fe000, 4096, PROT_READ|PROT_WRITE <unfinished ...>
2345  <... mprotect resumed>)           = 0
2349  <... mprotect resumed>)           = 0
2346  mprotect(0x7f65643dc000, 4096, PROT_READ|PROT_WRITE <unfinished ...>
2344  mprotect(0x7f65703c9000, 4096, PROT_READ|PROT_WRITE <unfinished ...>
2346  <... mprotect resumed>)           = 0
2344  <... mprotect resumed>)           = 0
2344  mprotect(0x7f65703ca000, 4096, PROT_READ|PROT_WRITE) = 0
2345  mprotect(0x7f65683cf000, 4096, PROT_READ|PROT_WRITE) = 0
2344  mprotect(0x7f65703cb000, 4096, PROT_READ|PROT_WRITE) = 0
2347  mprotect(0x7f655c3ef000, 4096, PROT_READ|PROT_WRITE <unfinished ...>
2346  mprotect(0x7f65643dd000, 4096, PROT_READ|PROT_WRITE <unfinished ...>
2347  <... mprotect resumed>)           = 0
2346  <... mprotect resumed>)           = 0
2344  mprotect(0x7f65703cc000, 4096, PROT_READ|PROT_WRITE) = 0
2345  mprotect(0x7f65683d0000, 4096, PROT_READ|PROT_WRITE) = 0
2344  mprotect(0x7f65703cd000, 4096, PROT_READ|PROT_WRITE) = 0
2346  mprotect(0x7f65643de000, 4096, PROT_READ|PROT_WRITE) = 0
2344  mprotect(0x7f65703ce000, 4096, PROT_READ|PROT_WRITE) = 0
2346  mprotect(0x7f65643df000, 4096, PROT_READ|PROT_WRITE) = 0
2345  mprotect(0x7f65683d1000, 4096, PROT_READ|PROT_WRITE) = 0
2347  mprotect(0x7f655c3f0000, 4096, PROT_READ|PROT_WRITE) = 0
2344  mprotect(0x7f65703cf000, 4096, PROT_READ|PROT_WRITE) = 0
2345  mprotect(0x7f65683d2000, 4096, PROT_READ|PROT_WRITE) = 0
2350  mprotect(0x7f65583fc000, 4096, PROT_READ|PROT_WRITE) = 0
2346  mprotect(0x7f65643e0000, 4096, PROT_READ|PROT_WRITE) = 0
2344  mprotect(0x7f65703d0000, 4096, PROT_READ|PROT_WRITE <unfinished ...>
2348  mprotect(0x7f65603fe000, 4096, PROT_READ|PROT_WRITE <unfinished ...>
2344  <... mprotect resumed>)           = 0
2348  <... mprotect resumed>)           = 0
2345  mprotect(0x7f65683d3000, 4096, PROT_READ|PROT_WRITE <unfinished ...>
2344  mprotect(0x7f65703d1000, 4096, PROT_READ|PROT_WRITE) = 0
2346  mprotect(0x7f65643e1000, 4096, PROT_READ|PROT_WRITE <unfinished ...>
2345  <... mprotect resumed>)           = 0
2347  mprotect(0x7f655c3f1000, 4096, PROT_READ|PROT_WRITE <unfinished ...>
2346  <... mprotect resumed>)           = 0
2346  mprotect(0x7f65643e2000, 4096, PROT_READ|PROT_WRITE) = 0
2347  <... mprotect resumed>)           = 0
2345  mprotect(0x7f65683d4000, 4096, PROT_READ|PROT_WRITE) = 0
2344  mprotect(0x7f65703d2000, 4096, PROT_READ|PROT_WRITE <unfinished ...>
2346  mprotect(0x7f65643e3000, 4096, PROT_READ|PROT_WRITE) = 0
2345  mprotect(0x7f65683d5000, 4096, PROT_READ|PROT_WRITE) = 0
2344  <... mprotect resumed>)           = 0
2349  mprotect(0x7f65543ff000, 4096, PROT_READ|PROT_WRITE) = 0
2351  mprotect(0x7f654c400000, 4096, PROT_READ|PROT_WRITE <unfinished ...>
2346  mprotect(0x7f65643e4000, 4096, PROT_READ|PROT_WRITE <unfinished ...>
2351  <... mprotect resumed>)           = 0
2346  <... mprotect resumed>)           = 0
2344  mprotect(0x7f65703d3000, 4096, PROT_READ|PROT_WRITE <unfinished ...>
2345  mprotect(0x7f65683d6000, 4096, PROT_READ|PROT_WRITE <unfinished ...>
2344  <... mprotect resumed>)           = 0
2347  mprotect(0x7f655c3f2000, 4096, PROT_READ|PROT_WRITE <unfinished ...>
2345  <... mprotect resumed>)           = 0
2347  <... mprotect resumed>)           = 0
2346  mprotect(0x7f65643e5000, 4096, PROT_READ|PROT_WRITE <unfinished ...>
2344  mprotect(0x7f65703d4000, 4096, PROT_READ|PROT_WRITE <unfinished ...>
2346  <... mprotect resumed>)           = 0
2346  mprotect(0x7f65643e6000, 4096, PROT_READ|PROT_WRITE <unfinished ...>
2345  mprotect(0x7f65683d7000, 4096, PROT_READ|PROT_WRITE <unfinished ...>
2344  <... mprotect resumed>)           = 0
2346  <... mprotect resumed>)           = 0
2345  <... mprotect resumed>)           = 0
2347  mprotect(0x7f655c3f3000, 4096, PROT_READ|PROT_WRITE) = 0
2350  mprotect(0x7f65583fd000, 4096, PROT_READ|PROT_WRITE) = 0
2345  mprotect(0x7f65683d8000, 4096, PROT_READ|PROT_WRITE <unfinished ...>
2344  mprotect(0x7f65703d5000, 4096, PROT_READ|PROT_WRITE <unfinished ...>
2348  mprotect(0x7f65603ff000, 4096, PROT_READ|PROT_WRITE <unfinished ...>
2345  <... mprotect resumed>)           = 0
2344  <... mprotect resumed>)           = 0
2348  <... mprotect resumed>)           = 0
2344  mprotect(0x7f65703d6000, 4096, PROT_READ|PROT_WRITE) = 0
2346  mprotect(0x7f65643e7000, 4096, PROT_READ|PROT_WRITE <unfinished ...>
2347  mprotect(0x7f655c3f4000, 4096, PROT_READ|PROT_WRITE <unfinished ...>
2346  <... mprotect resumed>)           = 0
2347  <... mprotect resumed>)           = 0
2345  mprotect(0x7f65683d9000, 4096, PROT_READ|PROT_WRITE) = 0
2344  mprotect(0x7f65703d7000, 4096, PROT_READ|PROT_WRITE) = 0
2344  mprotect(0x7f65703d8000, 4096, PROT_READ|PROT_WRITE) = 0
2346  mprotect(0x7f65643e8000, 4096, PROT_READ|PROT_WRITE) = 0
2345  mprotect(0x7f65683da000, 4096, PROT_READ|PROT_WRITE) = 0
2344  mprotect(0x7f65703d9000, 4096, PROT_READ|PROT_WRITE) = 0
2346  mprotect(0x7f65643e9000, 4096, PROT_READ|PROT_WRITE) = 0
2344  mprotect(0x7f65703da000, 4096, PROT_READ|PROT_WRITE) = 0
2347  mprotect(0x7f655c3f5000, 4096, PROT_READ|PROT_WRITE) = 0
2345  mprotect(0x7f65683db000, 4096, PROT_READ|PROT_WRITE) = 0
2344  mprotect(0x7f65703db000, 4096, PROT_READ|PROT_WRITE) = 0
2346  mprotect(0x7f65643ea000, 4096, PROT_READ|PROT_WRITE) = 0
2345  mprotect(0x7f65683dc000, 4096, PROT_READ|PROT_WRITE) = 0
2344  mprotect(0x7f65703dc000, 4096, PROT_READ|PROT_WRITE) = 0
2347  mprotect(0x7f655c3f6000, 4096, PROT_READ|PROT_WRITE) = 0
2345  mprotect(0x7f65683dd000, 4096, PROT_READ|PROT_WRITE <unfinished ...>
2344  mprotect(0x7f65703dd000, 4096, PROT_READ|PROT_WRITE <unfinished ...>
2345  <... mprotect resumed>)           = 0
2346  mprotect(0x7f65643eb000, 4096, PROT_READ|PROT_WRITE <unfinished ...>
2344  <... mprotect resumed>)           = 0
2346  <... mprotect resumed>)           = 0
2345  mprotect(0x7f65683de000, 4096, PROT_READ|PROT_WRITE) = 0
2344  mprotect(0x7f65703de000, 4096, PROT_READ|PROT_WRITE) = 0
2344  mprotect(0x7f65703df000, 4096, PROT_READ|PROT_WRITE) = 0
2345  mprotect(0x7f65683df000, 4096, PROT_READ|PROT_WRITE) = 0
2346  mprotect(0x7f65643ec000, 4096, PROT_READ|PROT_WRITE) = 0
2344  mprotect(0x7f65703e0000, 4096, PROT_READ|PROT_WRITE <unfinished ...>
2345  mprotect(0x7f65683e0000, 4096, PROT_READ|PROT_WRITE <unfinished ...>
2344  <... mprotect resumed>)           = 0
2345  <... mprotect resumed>)           = 0
2350  mprotect(0x7f65583fe000, 4096, PROT_READ|PROT_WRITE) = 0
2347  mprotect(0x7f655c3f7000, 4096, PROT_READ|PROT_WRITE) = 0
2344  mprotect(0x7f65703e1000, 4096, PROT_READ|PROT_WRITE <unfinished ...>
2346  mprotect(0x7f65643ed000, 4096, PROT_READ|PROT_WRITE) = 0
2344  <... mprotect resumed>)           = 0
2345  mprotect(0x7f65683e1000, 4096, PROT_READ|PROT_WRITE) = 0
2344  mprotect(0x7f65703e2000, 4096, PROT_READ|PROT_WRITE) = 0
2345  mprotect(0x7f65683e2000, 4096, PROT_READ|PROT_WRITE) = 0
2346  mprotect(0x7f65643ee000, 4096, PROT_READ|PROT_WRITE) = 0
2344  mprotect(0x7f65703e3000, 4096, PROT_READ|PROT_WRITE) = 0
2345  mprotect(0x7f65683e3000, 4096, PROT_READ|PROT_WRITE) = 0
2344  mprotect(0x7f65703e4000, 4096, PROT_READ|PROT_WRITE) = 0
2347  mprotect(0x7f655c3f8000, 4096, PROT_READ|PROT_WRITE) = 0
2345  mprotect(0x7f65683e4000, 4096, PROT_READ|PROT_WRITE) = 0
2346  mprotect(0x7f65643ef000, 4096, PROT_READ|PROT_WRITE) = 0
2344  mprotect(0x7f65703e5000, 4096, PROT_READ|PROT_WRITE) = 0
2345  mprotect(0x7f65683e5000, 4096, PROT_READ|PROT_WRITE) = 0
2344  mprotect(0x7f65703e6000, 4096, PROT_READ|PROT_WRITE <unfinished ...>
2345  mprotect(0x7f65683e6000, 4096, PROT_READ|PROT_WRITE <unfinished ...>
2344  <... mprotect resumed>)           = 0
2345  <... mprotect resumed>)           = 0
2348  mprotect(0x7f6560400000, 4096, PROT_READ|PROT_WRITE) = 0
2349  mprotect(0x7f6554400000, 4096, PROT_READ|PROT_WRITE) = 0
2346  mprotect(0x7f65643f0000, 4096, PROT_READ|PROT_WRITE <unfinished ...>
2347  mprotect(0x7f655c3f9000, 4096, PROT_READ|PROT_WRITE <unfinished ...>
2346  <... mprotect resumed>)           = 0
2347  <... mprotect resumed>)           = 0
2345  mprotect(0x7f65683e7000, 4096, PROT_READ|PROT_WRITE) = 0
2344  mprotect(0x7f65703e7000, 4096, PROT_READ|PROT_WRITE) = 0
2346  mprotect(0x7f65643f1000, 4096, PROT_READ|PROT_WRITE) = 0
2345  mprotect(0x7f65683e8000, 4096, PROT_READ|PROT_WRITE <unfinished ...>
2344  mprotect(0x7f65703e8000, 4096, PROT_READ|PROT_WRITE <unfinished ...>
2345  <... mprotect resumed>)           = 0
2344  <... mprotect resumed>)           = 0
2344  mprotect(0x7f65703e9000, 4096, PROT_READ|PROT_WRITE) = 0
2345  mprotect(0x7f65683e9000, 4096, PROT_READ|PROT_WRITE) = 0
2346  mprotect(0x7f65643f2000, 4096, PROT_READ|PROT_WRITE) = 0
2350  mprotect(0x7f65583ff000, 4096, PROT_READ|PROT_WRITE <unfinished ...>
2347  mprotect(0x7f655c3fa000, 4096, PROT_READ|PROT_WRITE <unfinished ...>
2350  <... mprotect resumed>)           = 0
2347  <... mprotect resumed>)           = 0
2345  mprotect(0x7f65683ea000, 4096, PROT_READ|PROT_WRITE <unfinished ...>
2344  mprotect(0x7f65703ea000, 4096, PROT_READ|PROT_WRITE <unfinished ...>
2345  <... mprotect resumed>)           = 0
2344  <... mprotect resumed>)           = 0
2345  mprotect(0x7f65683eb000, 4096, PROT_READ|PROT_WRITE) = 0
2346  mprotect(0x7f65643f3000, 4096, PROT_READ|PROT_WRITE) = 0
2345  mprotect(0x7f65683ec000, 4096, PROT_READ|PROT_WRITE) = 0
2344  mprotect(0x7f65703eb000, 4096, PROT_READ|PROT_WRITE <unfinished ...>
2347  mprotect(0x7f655c3fb000, 4096, PROT_READ|PROT_WRITE) = 0
2344  <... mprotect resumed>)           = 0
2345  mprotect(0x7f65683ed000, 4096, PROT_READ|PROT_WRITE) = 0
2345  mprotect(0x7f65683ee000, 4096, PROT_READ|PROT_WRITE) = 0
2344  mprotect(0x7f65703ec000, 4096, PROT_READ|PROT_WRITE) = 0
2345  mprotect(0x7f65683ef000, 4096, PROT_READ|PROT_WRITE) = 0
2346  mprotect(0x7f65643f4000, 4096, PROT_READ|PROT_WRITE) = 0
2344  mprotect(0x7f65703ed000, 4096, PROT_READ|PROT_WRITE) = 0
2344  mprotect(0x7f65703ee000, 4096, PROT_READ|PROT_WRITE) = 0
2347  mprotect(0x7f655c3fc000, 4096, PROT_READ|PROT_WRITE <unfinished ...>
2345  mprotect(0x7f65683f0000, 4096, PROT_READ|PROT_WRITE <unfinished ...>
2347  <... mprotect resumed>)           = 0
2345  <... mprotect resumed>)           = 0
2344  mprotect(0x7f65703ef000, 4096, PROT_READ|PROT_WRITE) = 0
2346  mprotect(0x7f65643f5000, 4096, PROT_READ|PROT_WRITE) = 0
2345  mprotect(0x7f65683f1000, 4096, PROT_READ|PROT_WRITE) = 0
2344  mprotect(0x7f65703f0000, 4096, PROT_READ|PROT_WRITE) = 0
2345  mprotect(0x7f65683f2000, 4096, PROT_READ|PROT_WRITE) = 0
2346  mprotect(0x7f65643f6000, 4096, PROT_READ|PROT_WRITE) = 0
2344  mprotect(0x7f65703f1000, 4096, PROT_READ|PROT_WRITE) = 0
2344  mprotect(0x7f65703f2000, 4096, PROT_READ|PROT_WRITE) = 0
2345  mprotect(0x7f65683f3000, 4096, PROT_READ|PROT_WRITE) = 0
2344  mprotect(0x7f65703f3000, 4096, PROT_READ|PROT_WRITE) = 0
2346  mprotect(0x7f65643f7000, 4096, PROT_READ|PROT_WRITE) = 0
2345  mprotect(0x7f65683f4000, 4096, PROT_READ|PROT_WRITE <unfinished ...>
2347  mprotect(0x7f655c3fd000, 4096, PROT_READ|PROT_WRITE <unfinished ...>
2345  <... mprotect resumed>)           = 0
2347  <... mprotect resumed>)           = 0
2344  mprotect(0x7f65703f4000, 4096, PROT_READ|PROT_WRITE) = 0
2350  mprotect(0x7f6558400000, 4096, PROT_READ|PROT_WRITE) = 0
2345  mprotect(0x7f65683f5000, 4096, PROT_READ|PROT_WRITE) = 0
2346  mprotect(0x7f65643f8000, 4096, PROT_READ|PROT_WRITE <unfinished ...>
2344  mprotect(0x7f65703f5000, 4096, PROT_READ|PROT_WRITE <unfinished ...>
2346  <... mprotect resumed>)           = 0
2344  <... mprotect resumed>)           = 0
2344  mprotect(0x7f65703f6000, 4096, PROT_READ|PROT_WRITE <unfinished ...>
2345  mprotect(0x7f65683f6000, 4096, PROT_READ|PROT_WRITE <unfinished ...>
2344  <... mprotect resumed>)           = 0
2345  <... mprotect resumed>)           = 0
2346  mprotect(0x7f65643f9000, 4096, PROT_READ|PROT_WRITE) = 0
2344  mprotect(0x7f65703f7000, 4096, PROT_READ|PROT_WRITE) = 0
2345  mprotect(0x7f65683f7000, 4096, PROT_READ|PROT_WRITE) = 0
2347  mprotect(0x7f655c3fe000, 4096, PROT_READ|PROT_WRITE) = 0
2344  mprotect(0x7f65703f8000, 4096, PROT_READ|PROT_WRITE) = 0
2346  mprotect(0x7f65643fa000, 4096, PROT_READ|PROT_WRITE) = 0
2345  mprotect(0x7f65683f8000, 4096, PROT_READ|PROT_WRITE) = 0
2344  mprotect(0x7f65703f9000, 4096, PROT_READ|PROT_WRITE) = 0
2345  mprotect(0x7f65683f9000, 4096, PROT_READ|PROT_WRITE) = 0
2344  mprotect(0x7f65703fa000, 4096, PROT_READ|PROT_WRITE) = 0
2346  mprotect(0x7f65643fb000, 4096, PROT_READ|PROT_WRITE) = 0
2345  mprotect(0x7f65683fa000, 4096, PROT_READ|PROT_WRITE) = 0
2344  mprotect(0x7f65703fb000, 4096, PROT_READ|PROT_WRITE) = 0
2347  mprotect(0x7f655c3ff000, 4096, PROT_READ|PROT_WRITE) = 0
2346  mprotect(0x7f65643fc000, 4096, PROT_READ|PROT_WRITE) = 0
2345  mprotect(0x7f65683fb000, 4096, PROT_READ|PROT_WRITE) = 0
2344  mprotect(0x7f65703fc000, 4096, PROT_READ|PROT_WRITE) = 0
2345  mprotect(0x7f65683fc000, 4096, PROT_READ|PROT_WRITE) = 0
2346  mprotect(0x7f65643fd000, 4096, PROT_READ|PROT_WRITE) = 0
2344  mprotect(0x7f65703fd000, 4096, PROT_READ|PROT_WRITE) = 0
2345  mprotect(0x7f65683fd000, 4096, PROT_READ|PROT_WRITE) = 0
2344  mprotect(0x7f65703fe000, 4096, PROT_READ|PROT_WRITE) = 0
2346  mprotect(0x7f65643fe000, 4096, PROT_READ|PROT_WRITE) = 0
2345  mprotect(0x7f65683fe000, 4096, PROT_READ|PROT_WRITE) = 0
2344  mprotect(0x7f65703ff000, 4096, PROT_READ|PROT_WRITE) = 0
2347  mprotect(0x7f655c400000, 4096, PROT_READ|PROT_WRITE) = 0
2345  mprotect(0x7f65683ff000, 4096, PROT_READ|PROT_WRITE <unfinished ...>
2346  mprotect(0x7f65643ff000, 4096, PROT_READ|PROT_WRITE <unfinished ...>
2345  <... mprotect resumed>)           = 0
2346  <... mprotect resumed>)           = 0
2344  mprotect(0x7f6570400000, 4096, PROT_READ|PROT_WRITE) = 0
2345  mprotect(0x7f6568400000, 4096, PROT_READ|PROT_WRITE) = 0
2346  mprotect(0x7f6564400000, 4096, PROT_READ|PROT_WRITE) = 0
2349  madvise(0x7f65b4318000, 33554434, MADV_DONTNEED) = 0
2348  madvise(0x7f65a7b18000, 33554432, MADV_DONTNEED) = 0
2351  madvise(0x7f65cd318000, 33554433, MADV_DONTNEED) = 0
2350  madvise(0x7f65c0b18000, 33554435, MADV_DONTNEED) = 0
2343  <... futex resumed>)              = ? ERESTARTSYS (To be restarted if SA_RESTART is set)
2343  --- SIGINT {si_signo=SIGINT, si_code=SI_USER, si_pid=595, si_uid=0} ---
2343  futex(0x7f6575a30990, FUTEX_WAIT_BITSET|FUTEX_CLOCK_REALTIME, 2344, NULL, FUTEX_BITSET_MATCH_ANY <unfinished ...>
2344  madvise(0x7f6575b18000, 33554432, MADV_DONTNEED) = 0
2347  madvise(0x7f659b318000, 33554436, MADV_DONTNEED) = 0
2345  madvise(0x7f6582318000, 33554432, MADV_DONTNEED) = 0
2349  madvise(0x7f65b6318000, 33554435, MADV_DONTNEED) = 0
2346  madvise(0x7f658eb18000, 33554434, MADV_DONTNEED) = 0
2348  madvise(0x7f65a9b18000, 33554434, MADV_DONTNEED) = 0
