18510 execve("/root/m4t12/bin/mmbench_dyn", ["/root/m4t12/bin/mmbench_dyn", "mmap-pf", "high", "4", "1", "20262048"], 0x7ffd7725e548 /* 30 vars */) = 0
18510 brk(NULL)                         = 0x55dfab5de000
18510 mmap(NULL, 8192, PROT_READ|PROT_WRITE, MAP_PRIVATE|MAP_ANONYMOUS, -1, 0) = 0x7f32c0f01000
18510 access("/etc/ld.so.preload", R_OK) = -1 ENOENT (No such file or directory)
18510 openat(AT_FDCWD, "/etc/ld.so.cache", O_RDONLY|O_CLOEXEC) = 3
18510 fstat(3, {st_mode=S_IFREG|0644, st_size=27983, ...}) = 0
18510 mmap(NULL, 27983, PROT_READ, MAP_PRIVATE, 3, 0) = 0x7f32c0efa000
18510 close(3)                          = 0
18510 openat(AT_FDCWD, "/lib/x86_64-linux-gnu/libc.so.6", O_RDONLY|O_CLOEXEC) = 3
18510 read(3, "\177ELF\2\1\1\3\0\0\0\0\0\0\0\0\3\0>\0\1\0\0\0p\236\2\0\0\0\0\0@\0\0\0\0\0\0\0\220b\36\0\0\0\0\0\0\0\0\0@\08\0\17\0@\0=\0<\0\6\0\0\0\4\0\0\0@\0\0\0\0\0\0\0@\0\0\0\0\0\0\0@\0\0\0\0\0\0\0"..., 832) = 832
18510 pread64(3, "\6\0\0\0\4\0\0\0@\0\0\0\0\0\0\0@\0\0\0\0\0\0\0@\0\0\0\0\0\0\0H\3\0\0\0\0\0\0H\3\0\0\0\0\0\0\10\0\0\0\0\0\0\0\3\0\0\0\4\0\0\0\240\1\36\0\0\0\0\0\240\1\36\0\0\0\0\0\240\1\36\0\0\0\0\0\34\0\0\0\0\0\0\0"..., 840, 64) = 840
18510 fstat(3, {st_mode=S_IFREG|0755, st_size=1995216, ...}) = 0
18510 pread64(3, "\6\0\0\0\4\0\0\0@\0\0\0\0\0\0\0@\0\0\0\0\0\0\0@\0\0\0\0\0\0\0H\3\0\0\0\0\0\0H\3\0\0\0\0\0\0\10\0\0\0\0\0\0\0\3\0\0\0\4\0\0\0\240\1\36\0\0\0\0\0\240\1\36\0\0\0\0\0\240\1\36\0\0\0\0\0\34\0\0\0\0\0\0\0"..., 840, 64) = 840
18510 mmap(NULL, 2047568, PROT_READ, MAP_PRIVATE|MAP_DENYWRITE, 3, 0) = 0x7f32c0d06000
18510 mmap(0x7f32c0d2e000, 1454080, PROT_READ|PROT_EXEC, MAP_PRIVATE|MAP_FIXED|MAP_DENYWRITE, 3, 0x28000) = 0x7f32c0d2e000
18510 mmap(0x7f32c0e91000, 352256, PROT_READ, MAP_PRIVATE|MAP_FIXED|MAP_DENYWRITE, 3, 0x18b000) = 0x7f32c0e91000
18510 mmap(0x7f32c0ee7000, 24576, PROT_READ|PROT_WRITE, MAP_PRIVATE|MAP_FIXED|MAP_DENYWRITE, 3, 0x1e0000) = 0x7f32c0ee7000
18510 mmap(0x7f32c0eed000, 52816, PROT_READ|PROT_WRITE, MAP_PRIVATE|MAP_FIXED|MAP_ANONYMOUS, -1, 0) = 0x7f32c0eed000
18510 close(3)                          = 0
18510 mmap(NULL, 12288, PROT_READ|PROT_WRITE, MAP_PRIVATE|MAP_ANONYMOUS, -1, 0) = 0x7f32c0d03000
18510 arch_prctl(ARCH_SET_FS, 0x7f32c0d03740) = 0
18510 set_tid_address(0x7f32c0d03a10)   = 18510
18510 set_robust_list(0x7f32c0d03a20, 24) = 0
18510 rseq(0x7f32c0d03680, 0x20, 0, 0x53053053) = 0
18510 mprotect(0x7f32c0ee7000, 16384, PROT_READ) = 0
18510 mprotect(0x55dfa76ec000, 4096, PROT_READ) = 0
18510 mprotect(0x7f32c0f53000, 8192, PROT_READ) = 0
18510 prlimit64(0, RLIMIT_STACK, NULL, {rlim_cur=8192*1024, rlim_max=RLIM64_INFINITY}) = 0
18510 munmap(0x7f32c0efa000, 27983)     = 0
18510 prlimit64(0, RLIMIT_AS, NULL, {rlim_cur=RLIM64_INFINITY, rlim_max=RLIM64_INFINITY}) = 0
18510 getrandom("\xaa\xf7\x25\x36\x44\xe9\x1d\xd2", 8, GRND_NONBLOCK) = 8
18510 brk(NULL)                         = 0x55dfab5de000
18510 brk(0x55dfab5ff000)               = 0x55dfab5ff000
18510 rt_sigaction(SIGRT_1, {sa_handler=0x7f32c0d964b0, sa_mask=[], sa_flags=SA_RESTORER|SA_ONSTACK|SA_RESTART|SA_SIGINFO, sa_restorer=0x7f32c0d45df0}, NULL, 8) = 0
18510 rt_sigprocmask(SIG_UNBLOCK, [RTMIN RT_1], NULL, 8) = 0
18510 mmap(NULL, 8392704, PROT_NONE, MAP_PRIVATE|MAP_ANONYMOUS|MAP_STACK, -1, 0) = 0x7f32c0502000
18510 mprotect(0x7f32c0503000, 8388608, PROT_READ|PROT_WRITE) = 0
18510 rt_sigprocmask(SIG_BLOCK, ~[], [], 8) = 0
18510 clone3({flags=CLONE_VM|CLONE_FS|CLONE_FILES|CLONE_SIGHAND|CLONE_THREAD|CLONE_SYSVSEM|CLONE_SETTLS|CLONE_PARENT_SETTID|CLONE_CHILD_CLEARTID, child_tid=0x7f32c0d02990, parent_tid=0x7f32c0d02990, exit_signal=0, stack=0x7f32c0502000, stack_size=0x7fff80, tls=0x7f32c0d026c0} => {parent_tid=[18511]}, 88) = 18511
18510 rt_sigprocmask(SIG_SETMASK, [],  <unfinished ...>
18511 rseq(0x7f32c0d02600, 0x20, 0, 0x53053053) = 0
18510 <... rt_sigprocmask resumed>NULL, 8) = 0
18511 set_robust_list(0x7f32c0d029a0, 24 <unfinished ...>
18510 mmap(NULL, 8392704, PROT_NONE, MAP_PRIVATE|MAP_ANONYMOUS|MAP_STACK, -1, 0 <unfinished ...>
18511 <... set_robust_list resumed>)    = 0
18510 <... mmap resumed>)               = 0x7f32bfd01000
18511 rt_sigprocmask(SIG_SETMASK, [],  <unfinished ...>
18510 mprotect(0x7f32bfd02000, 8388608, PROT_READ|PROT_WRITE) = 0
18511 <... rt_sigprocmask resumed>NULL, 8) = 0
18510 rt_sigprocmask(SIG_BLOCK, ~[], [], 8) = 0
18511 futex(0x7ffc8e9031e4, FUTEX_WAIT_PRIVATE, 0, NULL <unfinished ...>
18510 clone3({flags=CLONE_VM|CLONE_FS|CLONE_FILES|CLONE_SIGHAND|CLONE_THREAD|CLONE_SYSVSEM|CLONE_SETTLS|CLONE_PARENT_SETTID|CLONE_CHILD_CLEARTID, child_tid=0x7f32c0501990, parent_tid=0x7f32c0501990, exit_signal=0, stack=0x7f32bfd01000, stack_size=0x7fff80, tls=0x7f32c05016c0} <unfinished ...>
18512 rseq(0x7f32c0501600, 0x20, 0, 0x53053053 <unfinished ...>
18510 <... clone3 resumed> => {parent_tid=[18512]}, 88) = 18512
18512 <... rseq resumed>)               = 0
18510 rt_sigprocmask(SIG_SETMASK, [], NULL, 8) = 0
18512 set_robust_list(0x7f32c05019a0, 24 <unfinished ...>
18510 mmap(NULL, 8392704, PROT_NONE, MAP_PRIVATE|MAP_ANONYMOUS|MAP_STACK, -1, 0 <unfinished ...>
18512 <... set_robust_list resumed>)    = 0
18510 <... mmap resumed>)               = 0x7f32bf500000
18512 rt_sigprocmask(SIG_SETMASK, [],  <unfinished ...>
18510 mprotect(0x7f32bf501000, 8388608, PROT_READ|PROT_WRITE <unfinished ...>
18512 <... rt_sigprocmask resumed>NULL, 8) = 0
18510 <... mprotect resumed>)           = 0
18512 futex(0x7ffc8e9031e4, FUTEX_WAIT_PRIVATE, 0, NULL <unfinished ...>
18510 rt_sigprocmask(SIG_BLOCK, ~[], [], 8) = 0
18510 clone3({flags=CLONE_VM|CLONE_FS|CLONE_FILES|CLONE_SIGHAND|CLONE_THREAD|CLONE_SYSVSEM|CLONE_SETTLS|CLONE_PARENT_SETTID|CLONE_CHILD_CLEARTID, child_tid=0x7f32bfd00990, parent_tid=0x7f32bfd00990, exit_signal=0, stack=0x7f32bf500000, stack_size=0x7fff80, tls=0x7f32bfd006c0} => {parent_tid=[18513]}, 88) = 18513
18513 rseq(0x7f32bfd00600, 0x20, 0, 0x53053053 <unfinished ...>
18510 rt_sigprocmask(SIG_SETMASK, [],  <unfinished ...>
18513 <... rseq resumed>)               = 0
18510 <... rt_sigprocmask resumed>NULL, 8) = 0
18510 mmap(NULL, 8392704, PROT_NONE, MAP_PRIVATE|MAP_ANONYMOUS|MAP_STACK, -1, 0) = 0x7f32becff000
18510 mprotect(0x7f32bed00000, 8388608, PROT_READ|PROT_WRITE) = 0
18513 set_robust_list(0x7f32bfd009a0, 24 <unfinished ...>
18510 rt_sigprocmask(SIG_BLOCK, ~[],  <unfinished ...>
18513 <... set_robust_list resumed>)    = 0
18510 <... rt_sigprocmask resumed>[], 8) = 0
18513 rt_sigprocmask(SIG_SETMASK, [],  <unfinished ...>
18510 clone3({flags=CLONE_VM|CLONE_FS|CLONE_FILES|CLONE_SIGHAND|CLONE_THREAD|CLONE_SYSVSEM|CLONE_SETTLS|CLONE_PARENT_SETTID|CLONE_CHILD_CLEARTID, child_tid=0x7f32bf4ff990, parent_tid=0x7f32bf4ff990, exit_signal=0, stack=0x7f32becff000, stack_size=0x7fff80, tls=0x7f32bf4ff6c0} => {parent_tid=[18514]}, 88) = 18514
18513 <... rt_sigprocmask resumed>NULL, 8) = 0
18514 rseq(0x7f32bf4ff600, 0x20, 0, 0x53053053 <unfinished ...>
18510 rt_sigprocmask(SIG_SETMASK, [],  <unfinished ...>
18513 futex(0x7ffc8e9031e4, FUTEX_WAIT_PRIVATE, 0, NULL <unfinished ...>
18510 <... rt_sigprocmask resumed>NULL, 8) = 0
18514 <... rseq resumed>)               = 0
18510 futex(0x7ffc8e9031e4, FUTEX_WAIT_PRIVATE, 0, NULL <unfinished ...>
18514 set_robust_list(0x7f32bf4ff9a0, 24) = 0
18514 rt_sigprocmask(SIG_SETMASK, [], NULL, 8) = 0
18514 futex(0x7ffc8e9031e4, FUTEX_WAKE_PRIVATE, 2147483647 <unfinished ...>
18510 <... futex resumed>)              = 0
18514 <... futex resumed>)              = 4
18513 <... futex resumed>)              = 0
18512 <... futex resumed>)              = 0
18511 <... futex resumed>)              = 0
18510 futex(0x7ffc8e903204, FUTEX_WAIT_PRIVATE, 0, NULL <unfinished ...>
18514 mmap(NULL, 16384, PROT_READ|PROT_WRITE, MAP_PRIVATE|MAP_ANONYMOUS|MAP_NORESERVE, -1, 0 <unfinished ...>
18513 mmap(NULL, 16384, PROT_READ|PROT_WRITE, MAP_PRIVATE|MAP_ANONYMOUS|MAP_NORESERVE, -1, 0 <unfinished ...>
18512 mmap(NULL, 16384, PROT_READ|PROT_WRITE, MAP_PRIVATE|MAP_ANONYMOUS|MAP_NORESERVE, -1, 0 <unfinished ...>
18514 <... mmap resumed>)               = 0x7f32c0efd000
18511 mmap(NULL, 16384, PROT_READ|PROT_WRITE, MAP_PRIVATE|MAP_ANONYMOUS|MAP_NORESERVE, -1, 0 <unfinished ...>
18514 munmap(0x7f32c0efd000, 16384 <unfinished ...>
18513 <... mmap resumed>)               = 0x7f32becfb000
18512 <... mmap resumed>)               = 0x7f32becf7000
18511 <... mmap resumed>)               = 0x7f32becf3000
18512 munmap(0x7f32becf7000, 16384 <unfinished ...>
18513 munmap(0x7f32becfb000, 16384 <unfinished ...>
18514 <... munmap resumed>)             = 0
18514 mmap(NULL, 16384, PROT_READ|PROT_WRITE, MAP_PRIVATE|MAP_ANONYMOUS|MAP_NORESERVE, -1, 0 <unfinished ...>
18511 munmap(0x7f32becf3000, 16384 <unfinished ...>
18514 <... mmap resumed>)               = 0x7f32c0efd000
18513 <... munmap resumed>)             = 0
18512 <... munmap resumed>)             = 0
18511 <... munmap resumed>)             = 0
18514 munmap(0x7f32c0efd000, 16384 <unfinished ...>
18513 mmap(NULL, 16384, PROT_READ|PROT_WRITE, MAP_PRIVATE|MAP_ANONYMOUS|MAP_NORESERVE, -1, 0 <unfinished ...>
18512 mmap(NULL, 16384, PROT_READ|PROT_WRITE, MAP_PRIVATE|MAP_ANONYMOUS|MAP_NORESERVE, -1, 0 <unfinished ...>
18511 mmap(NULL, 16384, PROT_READ|PROT_WRITE, MAP_PRIVATE|MAP_ANONYMOUS|MAP_NORESERVE, -1, 0 <unfinished ...>
18514 <... munmap resumed>)             = 0
18514 mmap(NULL, 16384, PROT_READ|PROT_WRITE, MAP_PRIVATE|MAP_ANONYMOUS|MAP_NORESERVE, -1, 0 <unfinished ...>
18513 <... mmap resumed>)               = 0x7f32c0efd000
18512 <... mmap resumed>)               = 0x7f32becfb000
18514 <... mmap resumed>)               = 0x7f32becf7000
18512 munmap(0x7f32becfb000, 16384 <unfinished ...>
18511 <... mmap resumed>)               = 0x7f32becf3000
18514 munmap(0x7f32becf7000, 16384 <unfinished ...>
18513 munmap(0x7f32c0efd000, 16384 <unfinished ...>
18512 <... munmap resumed>)             = 0
18512 mmap(NULL, 16384, PROT_READ|PROT_WRITE, MAP_PRIVATE|MAP_ANONYMOUS|MAP_NORESERVE, -1, 0 <unfinished ...>
18514 <... munmap resumed>)             = 0
18513 <... munmap resumed>)             = 0
18512 <... mmap resumed>)               = 0x7f32becfb000
18511 munmap(0x7f32becf3000, 16384 <unfinished ...>
18514 mmap(NULL, 16384, PROT_READ|PROT_WRITE, MAP_PRIVATE|MAP_ANONYMOUS|MAP_NORESERVE, -1, 0 <unfinished ...>
18513 mmap(NULL, 16384, PROT_READ|PROT_WRITE, MAP_PRIVATE|MAP_ANONYMOUS|MAP_NORESERVE, -1, 0 <unfinished ...>
18514 <... mmap resumed>)               = 0x7f32c0efd000
18512 munmap(0x7f32becfb000, 16384 <unfinished ...>
18514 munmap(0x7f32c0efd000, 16384 <unfinished ...>
18513 <... mmap resumed>)               = 0x7f32becf7000
18511 <... munmap resumed>)             = 0
18512 <... munmap resumed>)             = 0
18514 <... munmap resumed>)             = 0
18513 munmap(0x7f32becf7000, 16384 <unfinished ...>
18514 mmap(NULL, 16384, PROT_READ|PROT_WRITE, MAP_PRIVATE|MAP_ANONYMOUS|MAP_NORESERVE, -1, 0 <unfinished ...>
18511 mmap(NULL, 16384, PROT_READ|PROT_WRITE, MAP_PRIVATE|MAP_ANONYMOUS|MAP_NORESERVE, -1, 0 <unfinished ...>
18514 <... mmap resumed>)               = 0x7f32c0efd000
18513 <... munmap resumed>)             = 0
18512 mmap(NULL, 16384, PROT_READ|PROT_WRITE, MAP_PRIVATE|MAP_ANONYMOUS|MAP_NORESERVE, -1, 0 <unfinished ...>
18511 <... mmap resumed>)               = 0x7f32becfb000
18514 munmap(0x7f32c0efd000, 16384 <unfinished ...>
18512 <... mmap resumed>)               = 0x7f32becf7000
18511 munmap(0x7f32becfb000, 16384 <unfinished ...>
18513 mmap(NULL, 16384, PROT_READ|PROT_WRITE, MAP_PRIVATE|MAP_ANONYMOUS|MAP_NORESERVE, -1, 0 <unfinished ...>
18514 <... munmap resumed>)             = 0
18512 munmap(0x7f32becf7000, 16384 <unfinished ...>
18514 mmap(NULL, 16384, PROT_READ|PROT_WRITE, MAP_PRIVATE|MAP_ANONYMOUS|MAP_NORESERVE, -1, 0) = 0x7f32becf3000
18513 <... mmap resumed>)               = 0x7f32c0efd000
18514 munmap(0x7f32becf3000, 16384 <unfinished ...>
18512 <... munmap resumed>)             = 0
18511 <... munmap resumed>)             = 0
18513 munmap(0x7f32c0efd000, 16384 <unfinished ...>
18512 mmap(NULL, 16384, PROT_READ|PROT_WRITE, MAP_PRIVATE|MAP_ANONYMOUS|MAP_NORESERVE, -1, 0 <unfinished ...>
18514 <... munmap resumed>)             = 0
18511 mmap(NULL, 16384, PROT_READ|PROT_WRITE, MAP_PRIVATE|MAP_ANONYMOUS|MAP_NORESERVE, -1, 0 <unfinished ...>
18513 <... munmap resumed>)             = 0
18513 mmap(NULL, 16384, PROT_READ|PROT_WRITE, MAP_PRIVATE|MAP_ANONYMOUS|MAP_NORESERVE, -1, 0 <unfinished ...>
18514 mmap(NULL, 16384, PROT_READ|PROT_WRITE, MAP_PRIVATE|MAP_ANONYMOUS|MAP_NORESERVE, -1, 0 <unfinished ...>
18512 <... mmap resumed>)               = 0x7f32c0efd000
18511 <... mmap resumed>)               = 0x7f32becfb000
18513 <... mmap resumed>)               = 0x7f32becf7000
18514 <... mmap resumed>)               = 0x7f32becf3000
18514 munmap(0x7f32becf3000, 16384 <unfinished ...>
18513 munmap(0x7f32becf7000, 16384 <unfinished ...>
18512 munmap(0x7f32c0efd000, 16384 <unfinished ...>
18511 munmap(0x7f32becfb000, 16384 <unfinished ...>
18514 <... munmap resumed>)             = 0
18513 <... munmap resumed>)             = 0
18514 mmap(NULL, 16384, PROT_READ|PROT_WRITE, MAP_PRIVATE|MAP_ANONYMOUS|MAP_NORESERVE, -1, 0 <unfinished ...>
18513 mmap(NULL, 16384, PROT_READ|PROT_WRITE, MAP_PRIVATE|MAP_ANONYMOUS|MAP_NORESERVE, -1, 0 <unfinished ...>
18512 <... munmap resumed>)             = 0
18511 <... munmap resumed>)             = 0
18513 <... mmap resumed>)               = 0x7f32c0efd000
18514 <... mmap resumed>)               = 0x7f32becfb000
18512 mmap(NULL, 16384, PROT_READ|PROT_WRITE, MAP_PRIVATE|MAP_ANONYMOUS|MAP_NORESERVE, -1, 0 <unfinished ...>
18511 mmap(NULL, 16384, PROT_READ|PROT_WRITE, MAP_PRIVATE|MAP_ANONYMOUS|MAP_NORESERVE, -1, 0 <unfinished ...>
18514 munmap(0x7f32becfb000, 16384 <unfinished ...>
18513 munmap(0x7f32c0efd000, 16384 <unfinished ...>
18512 <... mmap resumed>)               = 0x7f32becf7000
18511 <... mmap resumed>)               = 0x7f32becf3000
18514 <... munmap resumed>)             = 0
18512 munmap(0x7f32becf7000, 16384 <unfinished ...>
18514 mmap(NULL, 16384, PROT_READ|PROT_WRITE, MAP_PRIVATE|MAP_ANONYMOUS|MAP_NORESERVE, -1, 0 <unfinished ...>
18511 munmap(0x7f32becf3000, 16384 <unfinished ...>
18514 <... mmap resumed>)               = 0x7f32c0efd000
18513 <... munmap resumed>)             = 0
18514 munmap(0x7f32c0efd000, 16384 <unfinished ...>
18513 mmap(NULL, 16384, PROT_READ|PROT_WRITE, MAP_PRIVATE|MAP_ANONYMOUS|MAP_NORESERVE, -1, 0) = 0x7f32becfb000
18512 <... munmap resumed>)             = 0
18512 mmap(NULL, 16384, PROT_READ|PROT_WRITE, MAP_PRIVATE|MAP_ANONYMOUS|MAP_NORESERVE, -1, 0 <unfinished ...>
18511 <... munmap resumed>)             = 0
18512 <... mmap resumed>)               = 0x7f32becf7000
18514 <... munmap resumed>)             = 0
18513 munmap(0x7f32becfb000, 16384 <unfinished ...>
18512 munmap(0x7f32becf7000, 16384 <unfinished ...>
18514 mmap(NULL, 16384, PROT_READ|PROT_WRITE, MAP_PRIVATE|MAP_ANONYMOUS|MAP_NORESERVE, -1, 0) = 0x7f32c0efd000
18513 <... munmap resumed>)             = 0
18514 munmap(0x7f32c0efd000, 16384 <unfinished ...>
18513 mmap(NULL, 16384, PROT_READ|PROT_WRITE, MAP_PRIVATE|MAP_ANONYMOUS|MAP_NORESERVE, -1, 0 <unfinished ...>
18511 mmap(NULL, 16384, PROT_READ|PROT_WRITE, MAP_PRIVATE|MAP_ANONYMOUS|MAP_NORESERVE, -1, 0 <unfinished ...>
18514 <... munmap resumed>)             = 0
18512 <... munmap resumed>)             = 0
18513 <... mmap resumed>)               = 0x7f32c0efd000
18511 <... mmap resumed>)               = 0x7f32becfb000
18514 mmap(NULL, 16384, PROT_READ|PROT_WRITE, MAP_PRIVATE|MAP_ANONYMOUS|MAP_NORESERVE, -1, 0 <unfinished ...>
18513 munmap(0x7f32c0efd000, 16384 <unfinished ...>
18512 mmap(NULL, 16384, PROT_READ|PROT_WRITE, MAP_PRIVATE|MAP_ANONYMOUS|MAP_NORESERVE, -1, 0 <unfinished ...>
18511 munmap(0x7f32becfb000, 16384 <unfinished ...>
18514 <... mmap resumed>)               = 0x7f32becf7000
18514 munmap(0x7f32becf7000, 16384 <unfinished ...>
18513 <... munmap resumed>)             = 0
18512 <... mmap resumed>)               = 0x7f32c0efd000
18514 <... munmap resumed>)             = 0
18513 mmap(NULL, 16384, PROT_READ|PROT_WRITE, MAP_PRIVATE|MAP_ANONYMOUS|MAP_NORESERVE, -1, 0 <unfinished ...>
18512 munmap(0x7f32c0efd000, 16384 <unfinished ...>
18514 mmap(NULL, 16384, PROT_READ|PROT_WRITE, MAP_PRIVATE|MAP_ANONYMOUS|MAP_NORESERVE, -1, 0 <unfinished ...>
18511 <... munmap resumed>)             = 0
18513 <... mmap resumed>)               = 0x7f32becfb000
18514 <... mmap resumed>)               = 0x7f32becf7000
18514 munmap(0x7f32becf7000, 16384 <unfinished ...>
18513 munmap(0x7f32becfb000, 16384 <unfinished ...>
18512 <... munmap resumed>)             = 0
18514 <... munmap resumed>)             = 0
18511 mmap(NULL, 16384, PROT_READ|PROT_WRITE, MAP_PRIVATE|MAP_ANONYMOUS|MAP_NORESERVE, -1, 0 <unfinished ...>
18512 mmap(NULL, 16384, PROT_READ|PROT_WRITE, MAP_PRIVATE|MAP_ANONYMOUS|MAP_NORESERVE, -1, 0 <unfinished ...>
18514 mmap(NULL, 16384, PROT_READ|PROT_WRITE, MAP_PRIVATE|MAP_ANONYMOUS|MAP_NORESERVE, -1, 0) = 0x7f32c0efd000
18513 <... munmap resumed>)             = 0
18511 <... mmap resumed>)               = 0x7f32becfb000
18514 munmap(0x7f32c0efd000, 16384 <unfinished ...>
18513 mmap(NULL, 16384, PROT_READ|PROT_WRITE, MAP_PRIVATE|MAP_ANONYMOUS|MAP_NORESERVE, -1, 0 <unfinished ...>
18512 <... mmap resumed>)               = 0x7f32becf7000
18511 munmap(0x7f32becfb000, 16384 <unfinished ...>
18514 <... munmap resumed>)             = 0
18514 mmap(NULL, 16384, PROT_READ|PROT_WRITE, MAP_PRIVATE|MAP_ANONYMOUS|MAP_NORESERVE, -1, 0 <unfinished ...>
18513 <... mmap resumed>)               = 0x7f32c0efd000
18512 munmap(0x7f32becf7000, 16384 <unfinished ...>
18511 <... munmap resumed>)             = 0
18514 <... mmap resumed>)               = 0x7f32becfb000
18513 munmap(0x7f32c0efd000, 16384 <unfinished ...>
18512 <... munmap resumed>)             = 0
18511 mmap(NULL, 16384, PROT_READ|PROT_WRITE, MAP_PRIVATE|MAP_ANONYMOUS|MAP_NORESERVE, -1, 0 <unfinished ...>
18514 munmap(0x7f32becfb000, 16384 <unfinished ...>
18513 <... munmap resumed>)             = 0
18512 mmap(NULL, 16384, PROT_READ|PROT_WRITE, MAP_PRIVATE|MAP_ANONYMOUS|MAP_NORESERVE, -1, 0 <unfinished ...>
18514 <... munmap resumed>)             = 0
18511 <... mmap resumed>)               = 0x7f32c0efd000
18514 mmap(NULL, 16384, PROT_READ|PROT_WRITE, MAP_PRIVATE|MAP_ANONYMOUS|MAP_NORESERVE, -1, 0 <unfinished ...>
18513 mmap(NULL, 16384, PROT_READ|PROT_WRITE, MAP_PRIVATE|MAP_ANONYMOUS|MAP_NORESERVE, -1, 0 <unfinished ...>
18512 <... mmap resumed>)               = 0x7f32becfb000
18514 <... mmap resumed>)               = 0x7f32becf7000
18514 munmap(0x7f32becf7000, 16384 <unfinished ...>
18513 <... mmap resumed>)               = 0x7f32becf3000
18512 munmap(0x7f32becfb000, 16384 <unfinished ...>
18511 munmap(0x7f32c0efd000, 16384 <unfinished ...>
18514 <... munmap resumed>)             = 0
18513 munmap(0x7f32becf3000, 16384 <unfinished ...>
18514 mmap(NULL, 16384, PROT_READ|PROT_WRITE, MAP_PRIVATE|MAP_ANONYMOUS|MAP_NORESERVE, -1, 0 <unfinished ...>
18512 <... munmap resumed>)             = 0
18514 <... mmap resumed>)               = 0x7f32c0efd000
18513 <... munmap resumed>)             = 0
18512 mmap(NULL, 16384, PROT_READ|PROT_WRITE, MAP_PRIVATE|MAP_ANONYMOUS|MAP_NORESERVE, -1, 0 <unfinished ...>
18511 <... munmap resumed>)             = 0
18514 munmap(0x7f32c0efd000, 16384 <unfinished ...>
18513 mmap(NULL, 16384, PROT_READ|PROT_WRITE, MAP_PRIVATE|MAP_ANONYMOUS|MAP_NORESERVE, -1, 0 <unfinished ...>
18511 mmap(NULL, 16384, PROT_READ|PROT_WRITE, MAP_PRIVATE|MAP_ANONYMOUS|MAP_NORESERVE, -1, 0 <unfinished ...>
18514 <... munmap resumed>)             = 0
18513 <... mmap resumed>)               = 0x7f32becfb000
18512 <... mmap resumed>)               = 0x7f32becf3000
18511 <... mmap resumed>)               = 0x7f32becf7000
18514 mmap(NULL, 16384, PROT_READ|PROT_WRITE, MAP_PRIVATE|MAP_ANONYMOUS|MAP_NORESERVE, -1, 0) = 0x7f32c0efd000
18513 munmap(0x7f32becfb000, 16384 <unfinished ...>
18512 munmap(0x7f32becf3000, 16384 <unfinished ...>
18511 munmap(0x7f32becf7000, 16384 <unfinished ...>
18514 munmap(0x7f32c0efd000, 16384 <unfinished ...>
18513 <... munmap resumed>)             = 0
18514 <... munmap resumed>)             = 0
18514 mmap(NULL, 16384, PROT_READ|PROT_WRITE, MAP_PRIVATE|MAP_ANONYMOUS|MAP_NORESERVE, -1, 0 <unfinished ...>
18513 mmap(NULL, 16384, PROT_READ|PROT_WRITE, MAP_PRIVATE|MAP_ANONYMOUS|MAP_NORESERVE, -1, 0 <unfinished ...>
18514 <... mmap resumed>)               = 0x7f32c0efd000
18512 <... munmap resumed>)             = 0
18511 <... munmap resumed>)             = 0
18514 munmap(0x7f32c0efd000, 16384 <unfinished ...>
18513 <... mmap resumed>)               = 0x7f32becfb000
18512 mmap(NULL, 16384, PROT_READ|PROT_WRITE, MAP_PRIVATE|MAP_ANONYMOUS|MAP_NORESERVE, -1, 0 <unfinished ...>
18511 mmap(NULL, 16384, PROT_READ|PROT_WRITE, MAP_PRIVATE|MAP_ANONYMOUS|MAP_NORESERVE, -1, 0 <unfinished ...>
18514 <... munmap resumed>)             = 0
18514 mmap(NULL, 16384, PROT_READ|PROT_WRITE, MAP_PRIVATE|MAP_ANONYMOUS|MAP_NORESERVE, -1, 0 <unfinished ...>
18513 munmap(0x7f32becfb000, 16384 <unfinished ...>
18512 <... mmap resumed>)               = 0x7f32c0efd000
18511 <... mmap resumed>)               = 0x7f32becf7000
18512 munmap(0x7f32c0efd000, 16384 <unfinished ...>
18511 munmap(0x7f32becf7000, 16384 <unfinished ...>
18514 <... mmap resumed>)               = 0x7f32becfb000
18513 <... munmap resumed>)             = 0
18514 munmap(0x7f32becfb000, 16384 <unfinished ...>
18513 mmap(NULL, 16384, PROT_READ|PROT_WRITE, MAP_PRIVATE|MAP_ANONYMOUS|MAP_NORESERVE, -1, 0 <unfinished ...>
18512 <... munmap resumed>)             = 0
18511 <... munmap resumed>)             = 0
18514 <... munmap resumed>)             = 0
18513 <... mmap resumed>)               = 0x7f32c0efd000
18512 mmap(NULL, 16384, PROT_READ|PROT_WRITE, MAP_PRIVATE|MAP_ANONYMOUS|MAP_NORESERVE, -1, 0 <unfinished ...>
18511 mmap(NULL, 16384, PROT_READ|PROT_WRITE, MAP_PRIVATE|MAP_ANONYMOUS|MAP_NORESERVE, -1, 0 <unfinished ...>
18514 mmap(NULL, 16384, PROT_READ|PROT_WRITE, MAP_PRIVATE|MAP_ANONYMOUS|MAP_NORESERVE, -1, 0 <unfinished ...>
18513 munmap(0x7f32c0efd000, 16384 <unfinished ...>
18512 <... mmap resumed>)               = 0x7f32becfb000
18514 <... mmap resumed>)               = 0x7f32becf7000
18511 <... mmap resumed>)               = 0x7f32becf3000
18513 <... munmap resumed>)             = 0
18514 munmap(0x7f32becf7000, 16384 <unfinished ...>
18512 munmap(0x7f32becfb000, 16384 <unfinished ...>
18511 munmap(0x7f32becf3000, 16384 <unfinished ...>
18514 <... munmap resumed>)             = 0
18513 mmap(NULL, 16384, PROT_READ|PROT_WRITE, MAP_PRIVATE|MAP_ANONYMOUS|MAP_NORESERVE, -1, 0 <unfinished ...>
18514 mmap(NULL, 16384, PROT_READ|PROT_WRITE, MAP_PRIVATE|MAP_ANONYMOUS|MAP_NORESERVE, -1, 0 <unfinished ...>
18512 <... munmap resumed>)             = 0
18512 mmap(NULL, 16384, PROT_READ|PROT_WRITE, MAP_PRIVATE|MAP_ANONYMOUS|MAP_NORESERVE, -1, 0 <unfinished ...>
18511 <... munmap resumed>)             = 0
18514 <... mmap resumed>)               = 0x7f32c0efd000
18513 <... mmap resumed>)               = 0x7f32becfb000
18514 munmap(0x7f32c0efd000, 16384 <unfinished ...>
18512 <... mmap resumed>)               = 0x7f32becf7000
18511 mmap(NULL, 16384, PROT_READ|PROT_WRITE, MAP_PRIVATE|MAP_ANONYMOUS|MAP_NORESERVE, -1, 0 <unfinished ...>
18514 <... munmap resumed>)             = 0
18513 munmap(0x7f32becfb000, 16384 <unfinished ...>
18514 mmap(NULL, 16384, PROT_READ|PROT_WRITE, MAP_PRIVATE|MAP_ANONYMOUS|MAP_NORESERVE, -1, 0 <unfinished ...>
18512 munmap(0x7f32becf7000, 16384 <unfinished ...>
18511 <... mmap resumed>)               = 0x7f32c0efd000
18514 <... mmap resumed>)               = 0x7f32becf3000
18514 munmap(0x7f32becf3000, 16384 <unfinished ...>
18513 <... munmap resumed>)             = 0
18512 <... munmap resumed>)             = 0
18511 munmap(0x7f32c0efd000, 16384 <unfinished ...>
18512 mmap(NULL, 16384, PROT_READ|PROT_WRITE, MAP_PRIVATE|MAP_ANONYMOUS|MAP_NORESERVE, -1, 0 <unfinished ...>
18513 mmap(NULL, 16384, PROT_READ|PROT_WRITE, MAP_PRIVATE|MAP_ANONYMOUS|MAP_NORESERVE, -1, 0) = 0x7f32becfb000
18512 <... mmap resumed>)               = 0x7f32c0efd000
18511 <... munmap resumed>)             = 0
18514 <... munmap resumed>)             = 0
18513 munmap(0x7f32becfb000, 16384 <unfinished ...>
18512 munmap(0x7f32c0efd000, 16384 <unfinished ...>
18511 mmap(NULL, 16384, PROT_READ|PROT_WRITE, MAP_PRIVATE|MAP_ANONYMOUS|MAP_NORESERVE, -1, 0 <unfinished ...>
18514 mmap(NULL, 16384, PROT_READ|PROT_WRITE, MAP_PRIVATE|MAP_ANONYMOUS|MAP_NORESERVE, -1, 0 <unfinished ...>
18512 <... munmap resumed>)             = 0
18513 <... munmap resumed>)             = 0
18512 mmap(NULL, 16384, PROT_READ|PROT_WRITE, MAP_PRIVATE|MAP_ANONYMOUS|MAP_NORESERVE, -1, 0 <unfinished ...>
18513 mmap(NULL, 16384, PROT_READ|PROT_WRITE, MAP_PRIVATE|MAP_ANONYMOUS|MAP_NORESERVE, -1, 0 <unfinished ...>
18511 <... mmap resumed>)               = 0x7f32c0efd000
18514 <... mmap resumed>)               = 0x7f32becf3000
18513 <... mmap resumed>)               = 0x7f32becf7000
18512 <... mmap resumed>)               = 0x7f32becfb000
18511 munmap(0x7f32c0efd000, 16384 <unfinished ...>
18514 munmap(0x7f32becf3000, 16384 <unfinished ...>
18513 munmap(0x7f32becf7000, 16384 <unfinished ...>
18512 munmap(0x7f32becfb000, 16384 <unfinished ...>
18511 <... munmap resumed>)             = 0
18514 <... munmap resumed>)             = 0
18513 <... munmap resumed>)             = 0
18512 <... munmap resumed>)             = 0
18514 mmap(NULL, 16384, PROT_READ|PROT_WRITE, MAP_PRIVATE|MAP_ANONYMOUS|MAP_NORESERVE, -1, 0 <unfinished ...>
18513 mmap(NULL, 16384, PROT_READ|PROT_WRITE, MAP_PRIVATE|MAP_ANONYMOUS|MAP_NORESERVE, -1, 0 <unfinished ...>
18511 mmap(NULL, 16384, PROT_READ|PROT_WRITE, MAP_PRIVATE|MAP_ANONYMOUS|MAP_NORESERVE, -1, 0 <unfinished ...>
18512 mmap(NULL, 16384, PROT_READ|PROT_WRITE, MAP_PRIVATE|MAP_ANONYMOUS|MAP_NORESERVE, -1, 0 <unfinished ...>
18514 <... mmap resumed>)               = 0x7f32c0efd000
18513 <... mmap resumed>)               = 0x7f32becf7000
18512 <... mmap resumed>)               = 0x7f32becf3000
18511 <... mmap resumed>)               = 0x7f32becfb000
18513 munmap(0x7f32becf7000, 16384 <unfinished ...>
18514 munmap(0x7f32c0efd000, 16384 <unfinished ...>
18513 <... munmap resumed>)             = 0
18512 munmap(0x7f32becf3000, 16384 <unfinished ...>
18511 munmap(0x7f32becfb000, 16384 <unfinished ...>
18513 mmap(NULL, 16384, PROT_READ|PROT_WRITE, MAP_PRIVATE|MAP_ANONYMOUS|MAP_NORESERVE, -1, 0) = 0x7f32becf7000
18512 <... munmap resumed>)             = 0
18514 <... munmap resumed>)             = 0
18513 munmap(0x7f32becf7000, 16384 <unfinished ...>
18511 <... munmap resumed>)             = 0
18514 mmap(NULL, 16384, PROT_READ|PROT_WRITE, MAP_PRIVATE|MAP_ANONYMOUS|MAP_NORESERVE, -1, 0 <unfinished ...>
18512 mmap(NULL, 16384, PROT_READ|PROT_WRITE, MAP_PRIVATE|MAP_ANONYMOUS|MAP_NORESERVE, -1, 0 <unfinished ...>
18513 <... munmap resumed>)             = 0
18512 <... mmap resumed>)               = 0x7f32c0efd000
18511 mmap(NULL, 16384, PROT_READ|PROT_WRITE, MAP_PRIVATE|MAP_ANONYMOUS|MAP_NORESERVE, -1, 0 <unfinished ...>
18514 <... mmap resumed>)               = 0x7f32becfb000
18513 mmap(NULL, 16384, PROT_READ|PROT_WRITE, MAP_PRIVATE|MAP_ANONYMOUS|MAP_NORESERVE, -1, 0 <unfinished ...>
18511 <... mmap resumed>)               = 0x7f32becf7000
18514 munmap(0x7f32becfb000, 16384 <unfinished ...>
18513 <... mmap resumed>)               = 0x7f32becf3000
18512 munmap(0x7f32c0efd000, 16384 <unfinished ...>
18511 munmap(0x7f32becf7000, 16384 <unfinished ...>
18514 <... munmap resumed>)             = 0
18513 munmap(0x7f32becf3000, 16384 <unfinished ...>
18511 <... munmap resumed>)             = 0
18514 mmap(NULL, 16384, PROT_READ|PROT_WRITE, MAP_PRIVATE|MAP_ANONYMOUS|MAP_NORESERVE, -1, 0 <unfinished ...>
18511 mmap(NULL, 16384, PROT_READ|PROT_WRITE, MAP_PRIVATE|MAP_ANONYMOUS|MAP_NORESERVE, -1, 0 <unfinished ...>
18514 <... mmap resumed>)               = 0x7f32becfb000
18513 <... munmap resumed>)             = 0
18512 <... munmap resumed>)             = 0
18511 <... mmap resumed>)               = 0x7f32c0efd000
18514 munmap(0x7f32becfb000, 16384 <unfinished ...>
18513 mmap(NULL, 16384, PROT_READ|PROT_WRITE, MAP_PRIVATE|MAP_ANONYMOUS|MAP_NORESERVE, -1, 0 <unfinished ...>
18512 mmap(NULL, 16384, PROT_READ|PROT_WRITE, MAP_PRIVATE|MAP_ANONYMOUS|MAP_NORESERVE, -1, 0 <unfinished ...>
18511 munmap(0x7f32c0efd000, 16384 <unfinished ...>
18514 <... munmap resumed>)             = 0
18513 <... mmap resumed>)               = 0x7f32becfb000
18512 <... mmap resumed>)               = 0x7f32becf7000
18514 mmap(NULL, 16384, PROT_READ|PROT_WRITE, MAP_PRIVATE|MAP_ANONYMOUS|MAP_NORESERVE, -1, 0 <unfinished ...>
18513 munmap(0x7f32becfb000, 16384 <unfinished ...>
18512 munmap(0x7f32becf7000, 16384 <unfinished ...>
18511 <... munmap resumed>)             = 0
18514 <... mmap resumed>)               = 0x7f32c0efd000
18514 munmap(0x7f32c0efd000, 16384 <unfinished ...>
18513 <... munmap resumed>)             = 0
18511 mmap(NULL, 16384, PROT_READ|PROT_WRITE, MAP_PRIVATE|MAP_ANONYMOUS|MAP_NORESERVE, -1, 0 <unfinished ...>
18513 mmap(NULL, 16384, PROT_READ|PROT_WRITE, MAP_PRIVATE|MAP_ANONYMOUS|MAP_NORESERVE, -1, 0 <unfinished ...>
18512 <... munmap resumed>)             = 0
18514 <... munmap resumed>)             = 0
18513 <... mmap resumed>)               = 0x7f32c0efd000
18511 <... mmap resumed>)               = 0x7f32becfb000
18514 mmap(NULL, 16384, PROT_READ|PROT_WRITE, MAP_PRIVATE|MAP_ANONYMOUS|MAP_NORESERVE, -1, 0 <unfinished ...>
18512 mmap(NULL, 16384, PROT_READ|PROT_WRITE, MAP_PRIVATE|MAP_ANONYMOUS|MAP_NORESERVE, -1, 0 <unfinished ...>
18511 munmap(0x7f32becfb000, 16384 <unfinished ...>
18513 munmap(0x7f32c0efd000, 16384 <unfinished ...>
18514 <... mmap resumed>)               = 0x7f32becf7000
18513 <... munmap resumed>)             = 0
18511 <... munmap resumed>)             = 0
18514 munmap(0x7f32becf7000, 16384 <unfinished ...>
18512 <... mmap resumed>)               = 0x7f32c0efd000
18511 mmap(NULL, 16384, PROT_READ|PROT_WRITE, MAP_PRIVATE|MAP_ANONYMOUS|MAP_NORESERVE, -1, 0 <unfinished ...>
18514 <... munmap resumed>)             = 0
18513 mmap(NULL, 16384, PROT_READ|PROT_WRITE, MAP_PRIVATE|MAP_ANONYMOUS|MAP_NORESERVE, -1, 0 <unfinished ...>
18514 mmap(NULL, 16384, PROT_READ|PROT_WRITE, MAP_PRIVATE|MAP_ANONYMOUS|MAP_NORESERVE, -1, 0 <unfinished ...>
18512 munmap(0x7f32c0efd000, 16384 <unfinished ...>
18511 <... mmap resumed>)               = 0x7f32becfb000
18513 <... mmap resumed>)               = 0x7f32becf7000
18514 <... mmap resumed>)               = 0x7f32becf3000
18512 <... munmap resumed>)             = 0
18513 munmap(0x7f32becf7000, 16384 <unfinished ...>
18511 munmap(0x7f32becfb000, 16384 <unfinished ...>
18514 munmap(0x7f32becf3000, 16384 <unfinished ...>
18512 mmap(NULL, 16384, PROT_READ|PROT_WRITE, MAP_PRIVATE|MAP_ANONYMOUS|MAP_NORESERVE, -1, 0 <unfinished ...>
18513 <... munmap resumed>)             = 0
18513 mmap(NULL, 16384, PROT_READ|PROT_WRITE, MAP_PRIVATE|MAP_ANONYMOUS|MAP_NORESERVE, -1, 0 <unfinished ...>
18512 <... mmap resumed>)               = 0x7f32c0efd000
18514 <... munmap resumed>)             = 0
18513 <... mmap resumed>)               = 0x7f32becf7000
18512 munmap(0x7f32c0efd000, 16384 <unfinished ...>
18514 mmap(NULL, 16384, PROT_READ|PROT_WRITE, MAP_PRIVATE|MAP_ANONYMOUS|MAP_NORESERVE, -1, 0 <unfinished ...>
18513 munmap(0x7f32becf7000, 16384 <unfinished ...>
18512 <... munmap resumed>)             = 0
18511 <... munmap resumed>)             = 0
18514 <... mmap resumed>)               = 0x7f32c0efd000
18513 <... munmap resumed>)             = 0
18512 mmap(NULL, 16384, PROT_READ|PROT_WRITE, MAP_PRIVATE|MAP_ANONYMOUS|MAP_NORESERVE, -1, 0 <unfinished ...>
18511 mmap(NULL, 16384, PROT_READ|PROT_WRITE, MAP_PRIVATE|MAP_ANONYMOUS|MAP_NORESERVE, -1, 0 <unfinished ...>
18513 mmap(NULL, 16384, PROT_READ|PROT_WRITE, MAP_PRIVATE|MAP_ANONYMOUS|MAP_NORESERVE, -1, 0) = 0x7f32becf7000
18511 <... mmap resumed>)               = 0x7f32becfb000
18512 <... mmap resumed>)               = 0x7f32becf3000
18513 munmap(0x7f32becf7000, 16384 <unfinished ...>
18514 munmap(0x7f32c0efd000, 16384 <unfinished ...>
18512 munmap(0x7f32becf3000, 16384 <unfinished ...>
18513 <... munmap resumed>)             = 0
18511 munmap(0x7f32becfb000, 16384 <unfinished ...>
18514 <... munmap resumed>)             = 0
18512 <... munmap resumed>)             = 0
18513 mmap(NULL, 16384, PROT_READ|PROT_WRITE, MAP_PRIVATE|MAP_ANONYMOUS|MAP_NORESERVE, -1, 0 <unfinished ...>
18511 <... munmap resumed>)             = 0
18514 mmap(NULL, 16384, PROT_READ|PROT_WRITE, MAP_PRIVATE|MAP_ANONYMOUS|MAP_NORESERVE, -1, 0 <unfinished ...>
18513 <... mmap resumed>)               = 0x7f32c0efd000
18512 mmap(NULL, 16384, PROT_READ|PROT_WRITE, MAP_PRIVATE|MAP_ANONYMOUS|MAP_NORESERVE, -1, 0 <unfinished ...>
18511 mmap(NULL, 16384, PROT_READ|PROT_WRITE, MAP_PRIVATE|MAP_ANONYMOUS|MAP_NORESERVE, -1, 0 <unfinished ...>
18514 <... mmap resumed>)               = 0x7f32becfb000
18513 munmap(0x7f32c0efd000, 16384 <unfinished ...>
18514 munmap(0x7f32becfb000, 16384 <unfinished ...>
18513 <... munmap resumed>)             = 0
18512 <... mmap resumed>)               = 0x7f32becf7000
18511 <... mmap resumed>)               = 0x7f32becf3000
18514 <... munmap resumed>)             = 0
18513 mmap(NULL, 16384, PROT_READ|PROT_WRITE, MAP_PRIVATE|MAP_ANONYMOUS|MAP_NORESERVE, -1, 0 <unfinished ...>
18514 mmap(NULL, 16384, PROT_READ|PROT_WRITE, MAP_PRIVATE|MAP_ANONYMOUS|MAP_NORESERVE, -1, 0 <unfinished ...>
18513 <... mmap resumed>)               = 0x7f32c0efd000
18512 munmap(0x7f32becf7000, 16384 <unfinished ...>
18511 munmap(0x7f32becf3000, 16384 <unfinished ...>
18514 <... mmap resumed>)               = 0x7f32becfb000
18513 munmap(0x7f32c0efd000, 16384 <unfinished ...>
18511 <... munmap resumed>)             = 0
18512 <... munmap resumed>)             = 0
18514 munmap(0x7f32becfb000, 16384 <unfinished ...>
18511 mmap(NULL, 16384, PROT_READ|PROT_WRITE, MAP_PRIVATE|MAP_ANONYMOUS|MAP_NORESERVE, -1, 0 <unfinished ...>
18512 mmap(NULL, 16384, PROT_READ|PROT_WRITE, MAP_PRIVATE|MAP_ANONYMOUS|MAP_NORESERVE, -1, 0 <unfinished ...>
18514 <... munmap resumed>)             = 0
18513 <... munmap resumed>)             = 0
18512 <... mmap resumed>)               = 0x7f32becf7000
18511 <... mmap resumed>)               = 0x7f32c0efd000
18514 mmap(NULL, 16384, PROT_READ|PROT_WRITE, MAP_PRIVATE|MAP_ANONYMOUS|MAP_NORESERVE, -1, 0 <unfinished ...>
18512 munmap(0x7f32becf7000, 16384 <unfinished ...>
18514 <... mmap resumed>)               = 0x7f32becfb000
18513 mmap(NULL, 16384, PROT_READ|PROT_WRITE, MAP_PRIVATE|MAP_ANONYMOUS|MAP_NORESERVE, -1, 0 <unfinished ...>
18512 <... munmap resumed>)             = 0
18511 munmap(0x7f32c0efd000, 16384 <unfinished ...>
18514 munmap(0x7f32becfb000, 16384 <unfinished ...>
18513 <... mmap resumed>)               = 0x7f32becf7000
18512 mmap(NULL, 16384, PROT_READ|PROT_WRITE, MAP_PRIVATE|MAP_ANONYMOUS|MAP_NORESERVE, -1, 0 <unfinished ...>
18514 <... munmap resumed>)             = 0
18511 <... munmap resumed>)             = 0
18514 mmap(NULL, 16384, PROT_READ|PROT_WRITE, MAP_PRIVATE|MAP_ANONYMOUS|MAP_NORESERVE, -1, 0 <unfinished ...>
18513 munmap(0x7f32becf7000, 16384 <unfinished ...>
18511 mmap(NULL, 16384, PROT_READ|PROT_WRITE, MAP_PRIVATE|MAP_ANONYMOUS|MAP_NORESERVE, -1, 0 <unfinished ...>
18512 <... mmap resumed>)               = 0x7f32c0efd000
18513 <... munmap resumed>)             = 0
18512 munmap(0x7f32c0efd000, 16384 <unfinished ...>
18511 <... mmap resumed>)               = 0x7f32becfb000
18514 <... mmap resumed>)               = 0x7f32becf7000
18513 mmap(NULL, 16384, PROT_READ|PROT_WRITE, MAP_PRIVATE|MAP_ANONYMOUS|MAP_NORESERVE, -1, 0 <unfinished ...>
18512 <... munmap resumed>)             = 0
18514 munmap(0x7f32becf7000, 16384 <unfinished ...>
18511 munmap(0x7f32becfb000, 16384 <unfinished ...>
18514 <... munmap resumed>)             = 0
18512 mmap(NULL, 16384, PROT_READ|PROT_WRITE, MAP_PRIVATE|MAP_ANONYMOUS|MAP_NORESERVE, -1, 0 <unfinished ...>
18514 mmap(NULL, 16384, PROT_READ|PROT_WRITE, MAP_PRIVATE|MAP_ANONYMOUS|MAP_NORESERVE, -1, 0 <unfinished ...>
18513 <... mmap resumed>)               = 0x7f32c0efd000
18511 <... munmap resumed>)             = 0
18514 <... mmap resumed>)               = 0x7f32becf7000
18512 <... mmap resumed>)               = 0x7f32becfb000
18513 munmap(0x7f32c0efd000, 16384 <unfinished ...>
18511 mmap(NULL, 16384, PROT_READ|PROT_WRITE, MAP_PRIVATE|MAP_ANONYMOUS|MAP_NORESERVE, -1, 0 <unfinished ...>
18514 munmap(0x7f32becf7000, 16384 <unfinished ...>
18513 <... munmap resumed>)             = 0
18512 munmap(0x7f32becfb000, 16384 <unfinished ...>
18511 <... mmap resumed>)               = 0x7f32c0efd000
18514 <... munmap resumed>)             = 0
18513 mmap(NULL, 16384, PROT_READ|PROT_WRITE, MAP_PRIVATE|MAP_ANONYMOUS|MAP_NORESERVE, -1, 0 <unfinished ...>
18512 <... munmap resumed>)             = 0
18511 munmap(0x7f32c0efd000, 16384 <unfinished ...>
18514 mmap(NULL, 16384, PROT_READ|PROT_WRITE, MAP_PRIVATE|MAP_ANONYMOUS|MAP_NORESERVE, -1, 0 <unfinished ...>
18513 <... mmap resumed>)               = 0x7f32becfb000
18511 <... munmap resumed>)             = 0
18514 <... mmap resumed>)               = 0x7f32c0efd000
18512 mmap(NULL, 16384, PROT_READ|PROT_WRITE, MAP_PRIVATE|MAP_ANONYMOUS|MAP_NORESERVE, -1, 0) = 0x7f32becf7000
18511 mmap(NULL, 16384, PROT_READ|PROT_WRITE, MAP_PRIVATE|MAP_ANONYMOUS|MAP_NORESERVE, -1, 0 <unfinished ...>
18514 munmap(0x7f32c0efd000, 16384 <unfinished ...>
18512 munmap(0x7f32becf7000, 16384 <unfinished ...>
18513 munmap(0x7f32becfb000, 16384 <unfinished ...>
18512 <... munmap resumed>)             = 0
18511 <... mmap resumed>)               = 0x7f32becf7000
18513 <... munmap resumed>)             = 0
18512 mmap(NULL, 16384, PROT_READ|PROT_WRITE, MAP_PRIVATE|MAP_ANONYMOUS|MAP_NORESERVE, -1, 0 <unfinished ...>
18513 mmap(NULL, 16384, PROT_READ|PROT_WRITE, MAP_PRIVATE|MAP_ANONYMOUS|MAP_NORESERVE, -1, 0 <unfinished ...>
18514 <... munmap resumed>)             = 0
18511 munmap(0x7f32becf7000, 16384 <unfinished ...>
18512 <... mmap resumed>)               = 0x7f32c0efd000
18513 <... mmap resumed>)               = 0x7f32becfb000
18514 mmap(NULL, 16384, PROT_READ|PROT_WRITE, MAP_PRIVATE|MAP_ANONYMOUS|MAP_NORESERVE, -1, 0 <unfinished ...>
18512 munmap(0x7f32c0efd000, 16384 <unfinished ...>
18513 munmap(0x7f32becfb000, 16384 <unfinished ...>
18511 <... munmap resumed>)             = 0
18514 <... mmap resumed>)               = 0x7f32c0efd000
18512 <... munmap resumed>)             = 0
18511 mmap(NULL, 16384, PROT_READ|PROT_WRITE, MAP_PRIVATE|MAP_ANONYMOUS|MAP_NORESERVE, -1, 0 <unfinished ...>
18514 munmap(0x7f32c0efd000, 16384 <unfinished ...>
18513 <... munmap resumed>)             = 0
18512 mmap(NULL, 16384, PROT_READ|PROT_WRITE, MAP_PRIVATE|MAP_ANONYMOUS|MAP_NORESERVE, -1, 0 <unfinished ...>
18511 <... mmap resumed>)               = 0x7f32becfb000
18514 <... munmap resumed>)             = 0
18514 mmap(NULL, 16384, PROT_READ|PROT_WRITE, MAP_PRIVATE|MAP_ANONYMOUS|MAP_NORESERVE, -1, 0 <unfinished ...>
18513 mmap(NULL, 16384, PROT_READ|PROT_WRITE, MAP_PRIVATE|MAP_ANONYMOUS|MAP_NORESERVE, -1, 0 <unfinished ...>
18512 <... mmap resumed>)               = 0x7f32c0efd000
18511 munmap(0x7f32becfb000, 16384 <unfinished ...>
18512 munmap(0x7f32c0efd000, 16384 <unfinished ...>
18514 <... mmap resumed>)               = 0x7f32becf7000
18511 <... munmap resumed>)             = 0
18513 <... mmap resumed>)               = 0x7f32becfb000
18511 mmap(NULL, 16384, PROT_READ|PROT_WRITE, MAP_PRIVATE|MAP_ANONYMOUS|MAP_NORESERVE, -1, 0 <unfinished ...>
18514 munmap(0x7f32becf7000, 16384 <unfinished ...>
18513 munmap(0x7f32becfb000, 16384 <unfinished ...>
18512 <... munmap resumed>)             = 0
18514 <... munmap resumed>)             = 0
18512 mmap(NULL, 16384, PROT_READ|PROT_WRITE, MAP_PRIVATE|MAP_ANONYMOUS|MAP_NORESERVE, -1, 0 <unfinished ...>
18511 <... mmap resumed>)               = 0x7f32c0efd000
18514 mmap(NULL, 16384, PROT_READ|PROT_WRITE, MAP_PRIVATE|MAP_ANONYMOUS|MAP_NORESERVE, -1, 0) = 0x7f32becfb000
18513 <... munmap resumed>)             = 0
18512 <... mmap resumed>)               = 0x7f32becf7000
18511 munmap(0x7f32c0efd000, 16384 <unfinished ...>
18514 munmap(0x7f32becfb000, 16384 <unfinished ...>
18513 mmap(NULL, 16384, PROT_READ|PROT_WRITE, MAP_PRIVATE|MAP_ANONYMOUS|MAP_NORESERVE, -1, 0 <unfinished ...>
18512 munmap(0x7f32becf7000, 16384 <unfinished ...>
18511 <... munmap resumed>)             = 0
18514 <... munmap resumed>)             = 0
18512 <... munmap resumed>)             = 0
18511 mmap(NULL, 16384, PROT_READ|PROT_WRITE, MAP_PRIVATE|MAP_ANONYMOUS|MAP_NORESERVE, -1, 0 <unfinished ...>
18513 <... mmap resumed>)               = 0x7f32c0efd000
18514 mmap(NULL, 16384, PROT_READ|PROT_WRITE, MAP_PRIVATE|MAP_ANONYMOUS|MAP_NORESERVE, -1, 0 <unfinished ...>
18512 mmap(NULL, 16384, PROT_READ|PROT_WRITE, MAP_PRIVATE|MAP_ANONYMOUS|MAP_NORESERVE, -1, 0 <unfinished ...>
18513 munmap(0x7f32c0efd000, 16384)     = 0
18511 <... mmap resumed>)               = 0x7f32becfb000
18514 <... mmap resumed>)               = 0x7f32c0efd000
18512 <... mmap resumed>)               = 0x7f32becf7000
18511 munmap(0x7f32becfb000, 16384 <unfinished ...>
18514 munmap(0x7f32c0efd000, 16384 <unfinished ...>
18513 mmap(NULL, 16384, PROT_READ|PROT_WRITE, MAP_PRIVATE|MAP_ANONYMOUS|MAP_NORESERVE, -1, 0 <unfinished ...>
18512 munmap(0x7f32becf7000, 16384 <unfinished ...>
18514 <... munmap resumed>)             = 0
18511 <... munmap resumed>)             = 0
18514 mmap(NULL, 16384, PROT_READ|PROT_WRITE, MAP_PRIVATE|MAP_ANONYMOUS|MAP_NORESERVE, -1, 0) = 0x7f32c0efd000
18512 <... munmap resumed>)             = 0
18511 mmap(NULL, 16384, PROT_READ|PROT_WRITE, MAP_PRIVATE|MAP_ANONYMOUS|MAP_NORESERVE, -1, 0 <unfinished ...>
18514 munmap(0x7f32c0efd000, 16384 <unfinished ...>
18512 mmap(NULL, 16384, PROT_READ|PROT_WRITE, MAP_PRIVATE|MAP_ANONYMOUS|MAP_NORESERVE, -1, 0 <unfinished ...>
18514 <... munmap resumed>)             = 0
18513 <... mmap resumed>)               = 0x7f32c0efd000
18511 <... mmap resumed>)               = 0x7f32becfb000
18512 <... mmap resumed>)               = 0x7f32becf7000
18513 munmap(0x7f32c0efd000, 16384 <unfinished ...>
18512 munmap(0x7f32becf7000, 16384 <unfinished ...>
18511 munmap(0x7f32becfb000, 16384 <unfinished ...>
18514 mmap(NULL, 16384, PROT_READ|PROT_WRITE, MAP_PRIVATE|MAP_ANONYMOUS|MAP_NORESERVE, -1, 0 <unfinished ...>
18513 <... munmap resumed>)             = 0
18511 <... munmap resumed>)             = 0
18513 mmap(NULL, 16384, PROT_READ|PROT_WRITE, MAP_PRIVATE|MAP_ANONYMOUS|MAP_NORESERVE, -1, 0 <unfinished ...>
18514 <... mmap resumed>)               = 0x7f32c0efd000
18512 <... munmap resumed>)             = 0
18511 mmap(NULL, 16384, PROT_READ|PROT_WRITE, MAP_PRIVATE|MAP_ANONYMOUS|MAP_NORESERVE, -1, 0 <unfinished ...>
18513 <... mmap resumed>)               = 0x7f32becfb000
18512 mmap(NULL, 16384, PROT_READ|PROT_WRITE, MAP_PRIVATE|MAP_ANONYMOUS|MAP_NORESERVE, -1, 0 <unfinished ...>
18511 <... mmap resumed>)               = 0x7f32becf7000
18512 <... mmap resumed>)               = 0x7f32becf3000
18513 munmap(0x7f32becfb000, 16384 <unfinished ...>
18511 munmap(0x7f32becf7000, 16384 <unfinished ...>
18514 munmap(0x7f32c0efd000, 16384)     = 0
18513 <... munmap resumed>)             = 0
18512 munmap(0x7f32becf3000, 16384 <unfinished ...>
18511 <... munmap resumed>)             = 0
18514 mmap(NULL, 16384, PROT_READ|PROT_WRITE, MAP_PRIVATE|MAP_ANONYMOUS|MAP_NORESERVE, -1, 0 <unfinished ...>
18513 mmap(NULL, 16384, PROT_READ|PROT_WRITE, MAP_PRIVATE|MAP_ANONYMOUS|MAP_NORESERVE, -1, 0 <unfinished ...>
18512 <... munmap resumed>)             = 0
18511 mmap(NULL, 16384, PROT_READ|PROT_WRITE, MAP_PRIVATE|MAP_ANONYMOUS|MAP_NORESERVE, -1, 0 <unfinished ...>
18514 <... mmap resumed>)               = 0x7f32c0efd000
18513 <... mmap resumed>)               = 0x7f32becfb000
18512 mmap(NULL, 16384, PROT_READ|PROT_WRITE, MAP_PRIVATE|MAP_ANONYMOUS|MAP_NORESERVE, -1, 0 <unfinished ...>
18514 munmap(0x7f32c0efd000, 16384 <unfinished ...>
18511 <... mmap resumed>)               = 0x7f32becf7000
18514 <... munmap resumed>)             = 0
18513 munmap(0x7f32becfb000, 16384 <unfinished ...>
18512 <... mmap resumed>)               = 0x7f32c0efd000
18511 munmap(0x7f32becf7000, 16384 <unfinished ...>
18514 mmap(NULL, 16384, PROT_READ|PROT_WRITE, MAP_PRIVATE|MAP_ANONYMOUS|MAP_NORESERVE, -1, 0 <unfinished ...>
18513 <... munmap resumed>)             = 0
18512 munmap(0x7f32c0efd000, 16384 <unfinished ...>
18514 <... mmap resumed>)               = 0x7f32becfb000
18513 mmap(NULL, 16384, PROT_READ|PROT_WRITE, MAP_PRIVATE|MAP_ANONYMOUS|MAP_NORESERVE, -1, 0 <unfinished ...>
18511 <... munmap resumed>)             = 0
18512 <... munmap resumed>)             = 0
18514 munmap(0x7f32becfb000, 16384 <unfinished ...>
18511 mmap(NULL, 16384, PROT_READ|PROT_WRITE, MAP_PRIVATE|MAP_ANONYMOUS|MAP_NORESERVE, -1, 0 <unfinished ...>
18513 <... mmap resumed>)               = 0x7f32c0efd000
18512 mmap(NULL, 16384, PROT_READ|PROT_WRITE, MAP_PRIVATE|MAP_ANONYMOUS|MAP_NORESERVE, -1, 0 <unfinished ...>
18513 munmap(0x7f32c0efd000, 16384 <unfinished ...>
18512 <... mmap resumed>)               = 0x7f32becfb000
18514 <... munmap resumed>)             = 0
18511 <... mmap resumed>)               = 0x7f32becf7000
18512 munmap(0x7f32becfb000, 16384 <unfinished ...>
18514 mmap(NULL, 16384, PROT_READ|PROT_WRITE, MAP_PRIVATE|MAP_ANONYMOUS|MAP_NORESERVE, -1, 0 <unfinished ...>
18511 munmap(0x7f32becf7000, 16384 <unfinished ...>
18514 <... mmap resumed>)               = 0x7f32c0efd000
18513 <... munmap resumed>)             = 0
18512 <... munmap resumed>)             = 0
18514 munmap(0x7f32c0efd000, 16384 <unfinished ...>
18511 <... munmap resumed>)             = 0
18513 mmap(NULL, 16384, PROT_READ|PROT_WRITE, MAP_PRIVATE|MAP_ANONYMOUS|MAP_NORESERVE, -1, 0 <unfinished ...>
18512 mmap(NULL, 16384, PROT_READ|PROT_WRITE, MAP_PRIVATE|MAP_ANONYMOUS|MAP_NORESERVE, -1, 0 <unfinished ...>
18514 <... munmap resumed>)             = 0
18511 mmap(NULL, 16384, PROT_READ|PROT_WRITE, MAP_PRIVATE|MAP_ANONYMOUS|MAP_NORESERVE, -1, 0 <unfinished ...>
18513 <... mmap resumed>)               = 0x7f32becfb000
18512 <... mmap resumed>)               = 0x7f32c0efd000
18514 mmap(NULL, 16384, PROT_READ|PROT_WRITE, MAP_PRIVATE|MAP_ANONYMOUS|MAP_NORESERVE, -1, 0 <unfinished ...>
18513 munmap(0x7f32becfb000, 16384 <unfinished ...>
18511 <... mmap resumed>)               = 0x7f32becf7000
18514 <... mmap resumed>)               = 0x7f32becf3000
18512 munmap(0x7f32c0efd000, 16384 <unfinished ...>
18513 <... munmap resumed>)             = 0
18514 munmap(0x7f32becf3000, 16384 <unfinished ...>
18512 <... munmap resumed>)             = 0
18511 munmap(0x7f32becf7000, 16384 <unfinished ...>
18513 mmap(NULL, 16384, PROT_READ|PROT_WRITE, MAP_PRIVATE|MAP_ANONYMOUS|MAP_NORESERVE, -1, 0 <unfinished ...>
18514 <... munmap resumed>)             = 0
18512 mmap(NULL, 16384, PROT_READ|PROT_WRITE, MAP_PRIVATE|MAP_ANONYMOUS|MAP_NORESERVE, -1, 0 <unfinished ...>
18514 mmap(NULL, 16384, PROT_READ|PROT_WRITE, MAP_PRIVATE|MAP_ANONYMOUS|MAP_NORESERVE, -1, 0 <unfinished ...>
18513 <... mmap resumed>)               = 0x7f32c0efd000
18511 <... munmap resumed>)             = 0
18512 <... mmap resumed>)               = 0x7f32becfb000
18514 <... mmap resumed>)               = 0x7f32becf7000
18513 munmap(0x7f32c0efd000, 16384 <unfinished ...>
18514 munmap(0x7f32becf7000, 16384 <unfinished ...>
18512 munmap(0x7f32becfb000, 16384 <unfinished ...>
18511 mmap(NULL, 16384, PROT_READ|PROT_WRITE, MAP_PRIVATE|MAP_ANONYMOUS|MAP_NORESERVE, -1, 0 <unfinished ...>
18513 <... munmap resumed>)             = 0
18511 <... mmap resumed>)               = 0x7f32c0efd000
18514 <... munmap resumed>)             = 0
18514 mmap(NULL, 16384, PROT_READ|PROT_WRITE, MAP_PRIVATE|MAP_ANONYMOUS|MAP_NORESERVE, -1, 0 <unfinished ...>
18513 mmap(NULL, 16384, PROT_READ|PROT_WRITE, MAP_PRIVATE|MAP_ANONYMOUS|MAP_NORESERVE, -1, 0 <unfinished ...>
18512 <... munmap resumed>)             = 0
18511 munmap(0x7f32c0efd000, 16384 <unfinished ...>
18514 <... mmap resumed>)               = 0x7f32becfb000
18513 <... mmap resumed>)               = 0x7f32becf7000
18512 mmap(NULL, 16384, PROT_READ|PROT_WRITE, MAP_PRIVATE|MAP_ANONYMOUS|MAP_NORESERVE, -1, 0 <unfinished ...>
18511 <... munmap resumed>)             = 0
18514 munmap(0x7f32becfb000, 16384 <unfinished ...>
18513 munmap(0x7f32becf7000, 16384 <unfinished ...>
18512 <... mmap resumed>)               = 0x7f32c0efd000
18511 mmap(NULL, 16384, PROT_READ|PROT_WRITE, MAP_PRIVATE|MAP_ANONYMOUS|MAP_NORESERVE, -1, 0 <unfinished ...>
18514 <... munmap resumed>)             = 0
18512 munmap(0x7f32c0efd000, 16384 <unfinished ...>
18511 <... mmap resumed>)               = 0x7f32becfb000
18514 mmap(NULL, 16384, PROT_READ|PROT_WRITE, MAP_PRIVATE|MAP_ANONYMOUS|MAP_NORESERVE, -1, 0 <unfinished ...>
18513 <... munmap resumed>)             = 0
18512 <... munmap resumed>)             = 0
18514 <... mmap resumed>)               = 0x7f32c0efd000
18514 munmap(0x7f32c0efd000, 16384 <unfinished ...>
18513 mmap(NULL, 16384, PROT_READ|PROT_WRITE, MAP_PRIVATE|MAP_ANONYMOUS|MAP_NORESERVE, -1, 0 <unfinished ...>
18512 mmap(NULL, 16384, PROT_READ|PROT_WRITE, MAP_PRIVATE|MAP_ANONYMOUS|MAP_NORESERVE, -1, 0 <unfinished ...>
18511 munmap(0x7f32becfb000, 16384 <unfinished ...>
18514 <... munmap resumed>)             = 0
18513 <... mmap resumed>)               = 0x7f32becf7000
18512 <... mmap resumed>)               = 0x7f32c0efd000
18511 <... munmap resumed>)             = 0
18514 mmap(NULL, 16384, PROT_READ|PROT_WRITE, MAP_PRIVATE|MAP_ANONYMOUS|MAP_NORESERVE, -1, 0 <unfinished ...>
18512 munmap(0x7f32c0efd000, 16384 <unfinished ...>
18514 <... mmap resumed>)               = 0x7f32becfb000
18511 mmap(NULL, 16384, PROT_READ|PROT_WRITE, MAP_PRIVATE|MAP_ANONYMOUS|MAP_NORESERVE, -1, 0 <unfinished ...>
18513 munmap(0x7f32becf7000, 16384 <unfinished ...>
18512 <... munmap resumed>)             = 0
18514 munmap(0x7f32becfb000, 16384 <unfinished ...>
18513 <... munmap resumed>)             = 0
18512 mmap(NULL, 16384, PROT_READ|PROT_WRITE, MAP_PRIVATE|MAP_ANONYMOUS|MAP_NORESERVE, -1, 0 <unfinished ...>
18513 mmap(NULL, 16384, PROT_READ|PROT_WRITE, MAP_PRIVATE|MAP_ANONYMOUS|MAP_NORESERVE, -1, 0 <unfinished ...>
18511 <... mmap resumed>)               = 0x7f32c0efd000
18514 <... munmap resumed>)             = 0
18512 <... mmap resumed>)               = 0x7f32becfb000
18513 <... mmap resumed>)               = 0x7f32becf7000
18514 mmap(NULL, 16384, PROT_READ|PROT_WRITE, MAP_PRIVATE|MAP_ANONYMOUS|MAP_NORESERVE, -1, 0) = 0x7f32becf3000
18513 munmap(0x7f32becf7000, 16384 <unfinished ...>
18512 munmap(0x7f32becfb000, 16384 <unfinished ...>
18511 munmap(0x7f32c0efd000, 16384 <unfinished ...>
18514 munmap(0x7f32becf3000, 16384 <unfinished ...>
18513 <... munmap resumed>)             = 0
18513 mmap(NULL, 16384, PROT_READ|PROT_WRITE, MAP_PRIVATE|MAP_ANONYMOUS|MAP_NORESERVE, -1, 0 <unfinished ...>
18511 <... munmap resumed>)             = 0
18512 <... munmap resumed>)             = 0
18513 <... mmap resumed>)               = 0x7f32c0efd000
18512 mmap(NULL, 16384, PROT_READ|PROT_WRITE, MAP_PRIVATE|MAP_ANONYMOUS|MAP_NORESERVE, -1, 0 <unfinished ...>
18513 munmap(0x7f32c0efd000, 16384 <unfinished ...>
18512 <... mmap resumed>)               = 0x7f32becfb000
18514 <... munmap resumed>)             = 0
18513 <... munmap resumed>)             = 0
18511 mmap(NULL, 16384, PROT_READ|PROT_WRITE, MAP_PRIVATE|MAP_ANONYMOUS|MAP_NORESERVE, -1, 0 <unfinished ...>
18512 munmap(0x7f32becfb000, 16384 <unfinished ...>
18514 mmap(NULL, 16384, PROT_READ|PROT_WRITE, MAP_PRIVATE|MAP_ANONYMOUS|MAP_NORESERVE, -1, 0 <unfinished ...>
18513 mmap(NULL, 16384, PROT_READ|PROT_WRITE, MAP_PRIVATE|MAP_ANONYMOUS|MAP_NORESERVE, -1, 0 <unfinished ...>
18511 <... mmap resumed>)               = 0x7f32c0efd000
18512 <... munmap resumed>)             = 0
18514 <... mmap resumed>)               = 0x7f32becfb000
18513 <... mmap resumed>)               = 0x7f32becf7000
18511 munmap(0x7f32c0efd000, 16384 <unfinished ...>
18514 munmap(0x7f32becfb000, 16384 <unfinished ...>
18513 munmap(0x7f32becf7000, 16384 <unfinished ...>
18512 mmap(NULL, 16384, PROT_READ|PROT_WRITE, MAP_PRIVATE|MAP_ANONYMOUS|MAP_NORESERVE, -1, 0 <unfinished ...>
18511 <... munmap resumed>)             = 0
18514 <... munmap resumed>)             = 0
18514 mmap(NULL, 16384, PROT_READ|PROT_WRITE, MAP_PRIVATE|MAP_ANONYMOUS|MAP_NORESERVE, -1, 0 <unfinished ...>
18513 <... munmap resumed>)             = 0
18511 mmap(NULL, 16384, PROT_READ|PROT_WRITE, MAP_PRIVATE|MAP_ANONYMOUS|MAP_NORESERVE, -1, 0 <unfinished ...>
18514 <... mmap resumed>)               = 0x7f32becfb000
18513 mmap(NULL, 16384, PROT_READ|PROT_WRITE, MAP_PRIVATE|MAP_ANONYMOUS|MAP_NORESERVE, -1, 0 <unfinished ...>
18512 <... mmap resumed>)               = 0x7f32c0efd000
18511 <... mmap resumed>)               = 0x7f32becf7000
18514 munmap(0x7f32becfb000, 16384 <unfinished ...>
18513 <... mmap resumed>)               = 0x7f32becf3000
18512 munmap(0x7f32c0efd000, 16384 <unfinished ...>
18511 munmap(0x7f32becf7000, 16384 <unfinished ...>
18514 <... munmap resumed>)             = 0
18513 munmap(0x7f32becf3000, 16384 <unfinished ...>
18512 <... munmap resumed>)             = 0
18511 <... munmap resumed>)             = 0
18514 mmap(NULL, 16384, PROT_READ|PROT_WRITE, MAP_PRIVATE|MAP_ANONYMOUS|MAP_NORESERVE, -1, 0) = 0x7f32c0efd000
18513 <... munmap resumed>)             = 0
18512 mmap(NULL, 16384, PROT_READ|PROT_WRITE, MAP_PRIVATE|MAP_ANONYMOUS|MAP_NORESERVE, -1, 0 <unfinished ...>
18511 mmap(NULL, 16384, PROT_READ|PROT_WRITE, MAP_PRIVATE|MAP_ANONYMOUS|MAP_NORESERVE, -1, 0 <unfinished ...>
18514 munmap(0x7f32c0efd000, 16384)     = 0
18513 mmap(NULL, 16384, PROT_READ|PROT_WRITE, MAP_PRIVATE|MAP_ANONYMOUS|MAP_NORESERVE, -1, 0 <unfinished ...>
18512 <... mmap resumed>)               = 0x7f32becfb000
18511 <... mmap resumed>)               = 0x7f32c0efd000
18514 mmap(NULL, 16384, PROT_READ|PROT_WRITE, MAP_PRIVATE|MAP_ANONYMOUS|MAP_NORESERVE, -1, 0 <unfinished ...>
18513 <... mmap resumed>)               = 0x7f32becf7000
18512 munmap(0x7f32becfb000, 16384 <unfinished ...>
18511 munmap(0x7f32c0efd000, 16384 <unfinished ...>
18514 <... mmap resumed>)               = 0x7f32becf3000
18512 <... munmap resumed>)             = 0
18513 munmap(0x7f32becf7000, 16384 <unfinished ...>
18512 mmap(NULL, 16384, PROT_READ|PROT_WRITE, MAP_PRIVATE|MAP_ANONYMOUS|MAP_NORESERVE, -1, 0 <unfinished ...>
18514 munmap(0x7f32becf3000, 16384 <unfinished ...>
18513 <... munmap resumed>)             = 0
18511 <... munmap resumed>)             = 0
18513 mmap(NULL, 16384, PROT_READ|PROT_WRITE, MAP_PRIVATE|MAP_ANONYMOUS|MAP_NORESERVE, -1, 0 <unfinished ...>
18514 <... munmap resumed>)             = 0
18512 <... mmap resumed>)               = 0x7f32c0efd000
18511 mmap(NULL, 16384, PROT_READ|PROT_WRITE, MAP_PRIVATE|MAP_ANONYMOUS|MAP_NORESERVE, -1, 0 <unfinished ...>
18514 mmap(NULL, 16384, PROT_READ|PROT_WRITE, MAP_PRIVATE|MAP_ANONYMOUS|MAP_NORESERVE, -1, 0 <unfinished ...>
18513 <... mmap resumed>)               = 0x7f32becfb000
18512 munmap(0x7f32c0efd000, 16384 <unfinished ...>
18514 <... mmap resumed>)               = 0x7f32becf3000
18511 <... mmap resumed>)               = 0x7f32becf7000
18514 munmap(0x7f32becf3000, 16384)     = 0
18514 mmap(NULL, 16384, PROT_READ|PROT_WRITE, MAP_PRIVATE|MAP_ANONYMOUS|MAP_NORESERVE, -1, 0 <unfinished ...>
18513 munmap(0x7f32becfb000, 16384 <unfinished ...>
18512 <... munmap resumed>)             = 0
18514 <... mmap resumed>)               = 0x7f32c0efd000
18514 munmap(0x7f32c0efd000, 16384 <unfinished ...>
18512 mmap(NULL, 16384, PROT_READ|PROT_WRITE, MAP_PRIVATE|MAP_ANONYMOUS|MAP_NORESERVE, -1, 0 <unfinished ...>
18511 munmap(0x7f32becf7000, 16384 <unfinished ...>
18513 <... munmap resumed>)             = 0
18511 <... munmap resumed>)             = 0
18514 <... munmap resumed>)             = 0
18513 mmap(NULL, 16384, PROT_READ|PROT_WRITE, MAP_PRIVATE|MAP_ANONYMOUS|MAP_NORESERVE, -1, 0 <unfinished ...>
18512 <... mmap resumed>)               = 0x7f32becfb000
18511 mmap(NULL, 16384, PROT_READ|PROT_WRITE, MAP_PRIVATE|MAP_ANONYMOUS|MAP_NORESERVE, -1, 0 <unfinished ...>
18514 mmap(NULL, 16384, PROT_READ|PROT_WRITE, MAP_PRIVATE|MAP_ANONYMOUS|MAP_NORESERVE, -1, 0 <unfinished ...>
18513 <... mmap resumed>)               = 0x7f32c0efd000
18512 munmap(0x7f32becfb000, 16384 <unfinished ...>
18514 <... mmap resumed>)               = 0x7f32becf7000
18513 munmap(0x7f32c0efd000, 16384 <unfinished ...>
18512 <... munmap resumed>)             = 0
18511 <... mmap resumed>)               = 0x7f32becf3000
18512 mmap(NULL, 16384, PROT_READ|PROT_WRITE, MAP_PRIVATE|MAP_ANONYMOUS|MAP_NORESERVE, -1, 0 <unfinished ...>
18514 munmap(0x7f32becf7000, 16384 <unfinished ...>
18513 <... munmap resumed>)             = 0
18512 <... mmap resumed>)               = 0x7f32c0efd000
18511 munmap(0x7f32becf3000, 16384 <unfinished ...>
18514 <... munmap resumed>)             = 0
18513 mmap(NULL, 16384, PROT_READ|PROT_WRITE, MAP_PRIVATE|MAP_ANONYMOUS|MAP_NORESERVE, -1, 0 <unfinished ...>
18514 mmap(NULL, 16384, PROT_READ|PROT_WRITE, MAP_PRIVATE|MAP_ANONYMOUS|MAP_NORESERVE, -1, 0 <unfinished ...>
18512 munmap(0x7f32c0efd000, 16384 <unfinished ...>
18513 <... mmap resumed>)               = 0x7f32becfb000
18511 <... munmap resumed>)             = 0
18514 <... mmap resumed>)               = 0x7f32becf7000
18514 munmap(0x7f32becf7000, 16384 <unfinished ...>
18513 munmap(0x7f32becfb000, 16384 <unfinished ...>
18512 <... munmap resumed>)             = 0
18511 mmap(NULL, 16384, PROT_READ|PROT_WRITE, MAP_PRIVATE|MAP_ANONYMOUS|MAP_NORESERVE, -1, 0 <unfinished ...>
18512 mmap(NULL, 16384, PROT_READ|PROT_WRITE, MAP_PRIVATE|MAP_ANONYMOUS|MAP_NORESERVE, -1, 0 <unfinished ...>
18514 <... munmap resumed>)             = 0
18514 mmap(NULL, 16384, PROT_READ|PROT_WRITE, MAP_PRIVATE|MAP_ANONYMOUS|MAP_NORESERVE, -1, 0 <unfinished ...>
18513 <... munmap resumed>)             = 0
18514 <... mmap resumed>)               = 0x7f32becf7000
18512 <... mmap resumed>)               = 0x7f32c0efd000
18514 munmap(0x7f32becf7000, 16384 <unfinished ...>
18513 mmap(NULL, 16384, PROT_READ|PROT_WRITE, MAP_PRIVATE|MAP_ANONYMOUS|MAP_NORESERVE, -1, 0 <unfinished ...>
18511 <... mmap resumed>)               = 0x7f32becfb000
18514 <... munmap resumed>)             = 0
18514 mmap(NULL, 16384, PROT_READ|PROT_WRITE, MAP_PRIVATE|MAP_ANONYMOUS|MAP_NORESERVE, -1, 0 <unfinished ...>
18513 <... mmap resumed>)               = 0x7f32becf7000
18512 munmap(0x7f32c0efd000, 16384 <unfinished ...>
18511 munmap(0x7f32becfb000, 16384 <unfinished ...>
18514 <... mmap resumed>)               = 0x7f32becf3000
18513 munmap(0x7f32becf7000, 16384 <unfinished ...>
18512 <... munmap resumed>)             = 0
18514 munmap(0x7f32becf3000, 16384 <unfinished ...>
18511 <... munmap resumed>)             = 0
18512 mmap(NULL, 16384, PROT_READ|PROT_WRITE, MAP_PRIVATE|MAP_ANONYMOUS|MAP_NORESERVE, -1, 0 <unfinished ...>
18513 <... munmap resumed>)             = 0
18511 mmap(NULL, 16384, PROT_READ|PROT_WRITE, MAP_PRIVATE|MAP_ANONYMOUS|MAP_NORESERVE, -1, 0 <unfinished ...>
18514 <... munmap resumed>)             = 0
18513 mmap(NULL, 16384, PROT_READ|PROT_WRITE, MAP_PRIVATE|MAP_ANONYMOUS|MAP_NORESERVE, -1, 0 <unfinished ...>
18512 <... mmap resumed>)               = 0x7f32c0efd000
18511 <... mmap resumed>)               = 0x7f32becfb000
18514 mmap(NULL, 16384, PROT_READ|PROT_WRITE, MAP_PRIVATE|MAP_ANONYMOUS|MAP_NORESERVE, -1, 0 <unfinished ...>
18512 munmap(0x7f32c0efd000, 16384 <unfinished ...>
18511 munmap(0x7f32becfb000, 16384 <unfinished ...>
18514 <... mmap resumed>)               = 0x7f32becf7000
18513 <... mmap resumed>)               = 0x7f32becf3000
18512 <... munmap resumed>)             = 0
18511 <... munmap resumed>)             = 0
18512 mmap(NULL, 16384, PROT_READ|PROT_WRITE, MAP_PRIVATE|MAP_ANONYMOUS|MAP_NORESERVE, -1, 0 <unfinished ...>
18511 mmap(NULL, 16384, PROT_READ|PROT_WRITE, MAP_PRIVATE|MAP_ANONYMOUS|MAP_NORESERVE, -1, 0 <unfinished ...>
18513 munmap(0x7f32becf3000, 16384 <unfinished ...>
18514 munmap(0x7f32becf7000, 16384 <unfinished ...>
18512 <... mmap resumed>)               = 0x7f32c0efd000
18511 <... mmap resumed>)               = 0x7f32becfb000
18514 <... munmap resumed>)             = 0
18511 munmap(0x7f32becfb000, 16384 <unfinished ...>
18513 <... munmap resumed>)             = 0
18512 munmap(0x7f32c0efd000, 16384 <unfinished ...>
18514 mmap(NULL, 16384, PROT_READ|PROT_WRITE, MAP_PRIVATE|MAP_ANONYMOUS|MAP_NORESERVE, -1, 0 <unfinished ...>
18513 mmap(NULL, 16384, PROT_READ|PROT_WRITE, MAP_PRIVATE|MAP_ANONYMOUS|MAP_NORESERVE, -1, 0 <unfinished ...>
18511 <... munmap resumed>)             = 0
18514 <... mmap resumed>)               = 0x7f32c0efd000
18512 <... munmap resumed>)             = 0
18514 munmap(0x7f32c0efd000, 16384 <unfinished ...>
18513 <... mmap resumed>)               = 0x7f32becfb000
18511 mmap(NULL, 16384, PROT_READ|PROT_WRITE, MAP_PRIVATE|MAP_ANONYMOUS|MAP_NORESERVE, -1, 0 <unfinished ...>
18514 <... munmap resumed>)             = 0
18513 munmap(0x7f32becfb000, 16384 <unfinished ...>
18512 mmap(NULL, 16384, PROT_READ|PROT_WRITE, MAP_PRIVATE|MAP_ANONYMOUS|MAP_NORESERVE, -1, 0 <unfinished ...>
18511 <... mmap resumed>)               = 0x7f32c0efd000
18514 mmap(NULL, 16384, PROT_READ|PROT_WRITE, MAP_PRIVATE|MAP_ANONYMOUS|MAP_NORESERVE, -1, 0 <unfinished ...>
18513 <... munmap resumed>)             = 0
18512 <... mmap resumed>)               = 0x7f32becfb000
18514 <... mmap resumed>)               = 0x7f32becf7000
18513 mmap(NULL, 16384, PROT_READ|PROT_WRITE, MAP_PRIVATE|MAP_ANONYMOUS|MAP_NORESERVE, -1, 0 <unfinished ...>
18511 munmap(0x7f32c0efd000, 16384 <unfinished ...>
18514 munmap(0x7f32becf7000, 16384 <unfinished ...>
18512 munmap(0x7f32becfb000, 16384 <unfinished ...>
18514 <... munmap resumed>)             = 0
18513 <... mmap resumed>)               = 0x7f32becf3000
18511 <... munmap resumed>)             = 0
18512 <... munmap resumed>)             = 0
18514 mmap(NULL, 16384, PROT_READ|PROT_WRITE, MAP_PRIVATE|MAP_ANONYMOUS|MAP_NORESERVE, -1, 0 <unfinished ...>
18513 munmap(0x7f32becf3000, 16384 <unfinished ...>
18512 mmap(NULL, 16384, PROT_READ|PROT_WRITE, MAP_PRIVATE|MAP_ANONYMOUS|MAP_NORESERVE, -1, 0 <unfinished ...>
18511 mmap(NULL, 16384, PROT_READ|PROT_WRITE, MAP_PRIVATE|MAP_ANONYMOUS|MAP_NORESERVE, -1, 0 <unfinished ...>
18514 <... mmap resumed>)               = 0x7f32c0efd000
18513 <... munmap resumed>)             = 0
18512 <... mmap resumed>)               = 0x7f32becf7000
18511 <... mmap resumed>)               = 0x7f32becfb000
18513 mmap(NULL, 16384, PROT_READ|PROT_WRITE, MAP_PRIVATE|MAP_ANONYMOUS|MAP_NORESERVE, -1, 0 <unfinished ...>
18512 munmap(0x7f32becf7000, 16384 <unfinished ...>
18514 munmap(0x7f32c0efd000, 16384 <unfinished ...>
18511 munmap(0x7f32becfb000, 16384 <unfinished ...>
18513 <... mmap resumed>)               = 0x7f32becf3000
18514 <... munmap resumed>)             = 0
18514 mmap(NULL, 16384, PROT_READ|PROT_WRITE, MAP_PRIVATE|MAP_ANONYMOUS|MAP_NORESERVE, -1, 0 <unfinished ...>
18512 <... munmap resumed>)             = 0
18511 <... munmap resumed>)             = 0
18514 <... mmap resumed>)               = 0x7f32c0efd000
18513 munmap(0x7f32becf3000, 16384 <unfinished ...>
18514 munmap(0x7f32c0efd000, 16384 <unfinished ...>
18513 <... munmap resumed>)             = 0
18512 mmap(NULL, 16384, PROT_READ|PROT_WRITE, MAP_PRIVATE|MAP_ANONYMOUS|MAP_NORESERVE, -1, 0 <unfinished ...>
18511 mmap(NULL, 16384, PROT_READ|PROT_WRITE, MAP_PRIVATE|MAP_ANONYMOUS|MAP_NORESERVE, -1, 0 <unfinished ...>
18514 <... munmap resumed>)             = 0
18512 <... mmap resumed>)               = 0x7f32c0efd000
18513 mmap(NULL, 16384, PROT_READ|PROT_WRITE, MAP_PRIVATE|MAP_ANONYMOUS|MAP_NORESERVE, -1, 0 <unfinished ...>
18511 <... mmap resumed>)               = 0x7f32becfb000
18514 mmap(NULL, 16384, PROT_READ|PROT_WRITE, MAP_PRIVATE|MAP_ANONYMOUS|MAP_NORESERVE, -1, 0 <unfinished ...>
18512 munmap(0x7f32c0efd000, 16384 <unfinished ...>
18513 <... mmap resumed>)               = 0x7f32becf7000
18513 munmap(0x7f32becf7000, 16384 <unfinished ...>
18511 munmap(0x7f32becfb000, 16384 <unfinished ...>
18514 <... mmap resumed>)               = 0x7f32c0efd000
18512 <... munmap resumed>)             = 0
18514 munmap(0x7f32c0efd000, 16384 <unfinished ...>
18513 <... munmap resumed>)             = 0
18512 mmap(NULL, 16384, PROT_READ|PROT_WRITE, MAP_PRIVATE|MAP_ANONYMOUS|MAP_NORESERVE, -1, 0 <unfinished ...>
18514 <... munmap resumed>)             = 0
18513 mmap(NULL, 16384, PROT_READ|PROT_WRITE, MAP_PRIVATE|MAP_ANONYMOUS|MAP_NORESERVE, -1, 0 <unfinished ...>
18511 <... munmap resumed>)             = 0
18514 mmap(NULL, 16384, PROT_READ|PROT_WRITE, MAP_PRIVATE|MAP_ANONYMOUS|MAP_NORESERVE, -1, 0 <unfinished ...>
18512 <... mmap resumed>)               = 0x7f32c0efd000
18513 <... mmap resumed>)               = 0x7f32becfb000
18514 <... mmap resumed>)               = 0x7f32becf7000
18512 munmap(0x7f32c0efd000, 16384 <unfinished ...>
18511 mmap(NULL, 16384, PROT_READ|PROT_WRITE, MAP_PRIVATE|MAP_ANONYMOUS|MAP_NORESERVE, -1, 0 <unfinished ...>
18514 munmap(0x7f32becf7000, 16384 <unfinished ...>
18513 munmap(0x7f32becfb000, 16384 <unfinished ...>
18512 <... munmap resumed>)             = 0
18511 <... mmap resumed>)               = 0x7f32c0efd000
18513 <... munmap resumed>)             = 0
18512 mmap(NULL, 16384, PROT_READ|PROT_WRITE, MAP_PRIVATE|MAP_ANONYMOUS|MAP_NORESERVE, -1, 0 <unfinished ...>
18514 <... munmap resumed>)             = 0
18513 mmap(NULL, 16384, PROT_READ|PROT_WRITE, MAP_PRIVATE|MAP_ANONYMOUS|MAP_NORESERVE, -1, 0 <unfinished ...>
18511 munmap(0x7f32c0efd000, 16384 <unfinished ...>
18514 mmap(NULL, 16384, PROT_READ|PROT_WRITE, MAP_PRIVATE|MAP_ANONYMOUS|MAP_NORESERVE, -1, 0 <unfinished ...>
18512 <... mmap resumed>)               = 0x7f32becfb000
18511 <... munmap resumed>)             = 0
18513 <... mmap resumed>)               = 0x7f32c0efd000
18511 mmap(NULL, 16384, PROT_READ|PROT_WRITE, MAP_PRIVATE|MAP_ANONYMOUS|MAP_NORESERVE, -1, 0 <unfinished ...>
18514 <... mmap resumed>)               = 0x7f32becf7000
18513 munmap(0x7f32c0efd000, 16384 <unfinished ...>
18512 munmap(0x7f32becfb000, 16384 <unfinished ...>
18514 munmap(0x7f32becf7000, 16384 <unfinished ...>
18511 <... mmap resumed>)               = 0x7f32becf3000
18513 <... munmap resumed>)             = 0
18514 <... munmap resumed>)             = 0
18513 mmap(NULL, 16384, PROT_READ|PROT_WRITE, MAP_PRIVATE|MAP_ANONYMOUS|MAP_NORESERVE, -1, 0 <unfinished ...>
18511 munmap(0x7f32becf3000, 16384 <unfinished ...>
18514 mmap(NULL, 16384, PROT_READ|PROT_WRITE, MAP_PRIVATE|MAP_ANONYMOUS|MAP_NORESERVE, -1, 0 <unfinished ...>
18513 <... mmap resumed>)               = 0x7f32c0efd000
18512 <... munmap resumed>)             = 0
18511 <... munmap resumed>)             = 0
18514 <... mmap resumed>)               = 0x7f32becfb000
18511 mmap(NULL, 16384, PROT_READ|PROT_WRITE, MAP_PRIVATE|MAP_ANONYMOUS|MAP_NORESERVE, -1, 0 <unfinished ...>
18513 munmap(0x7f32c0efd000, 16384 <unfinished ...>
18512 mmap(NULL, 16384, PROT_READ|PROT_WRITE, MAP_PRIVATE|MAP_ANONYMOUS|MAP_NORESERVE, -1, 0 <unfinished ...>
18511 <... mmap resumed>)               = 0x7f32becf7000
18514 munmap(0x7f32becfb000, 16384 <unfinished ...>
18513 <... munmap resumed>)             = 0
18511 munmap(0x7f32becf7000, 16384 <unfinished ...>
18513 mmap(NULL, 16384, PROT_READ|PROT_WRITE, MAP_PRIVATE|MAP_ANONYMOUS|MAP_NORESERVE, -1, 0 <unfinished ...>
18512 <... mmap resumed>)               = 0x7f32c0efd000
18514 <... munmap resumed>)             = 0
18513 <... mmap resumed>)               = 0x7f32becfb000
18512 munmap(0x7f32c0efd000, 16384 <unfinished ...>
18514 mmap(NULL, 16384, PROT_READ|PROT_WRITE, MAP_PRIVATE|MAP_ANONYMOUS|MAP_NORESERVE, -1, 0 <unfinished ...>
18513 munmap(0x7f32becfb000, 16384 <unfinished ...>
18512 <... munmap resumed>)             = 0
18511 <... munmap resumed>)             = 0
18512 mmap(NULL, 16384, PROT_READ|PROT_WRITE, MAP_PRIVATE|MAP_ANONYMOUS|MAP_NORESERVE, -1, 0 <unfinished ...>
18511 mmap(NULL, 16384, PROT_READ|PROT_WRITE, MAP_PRIVATE|MAP_ANONYMOUS|MAP_NORESERVE, -1, 0 <unfinished ...>
18514 <... mmap resumed>)               = 0x7f32c0efd000
18513 <... munmap resumed>)             = 0
18514 munmap(0x7f32c0efd000, 16384 <unfinished ...>
18512 <... mmap resumed>)               = 0x7f32becfb000
18514 <... munmap resumed>)             = 0
18513 mmap(NULL, 16384, PROT_READ|PROT_WRITE, MAP_PRIVATE|MAP_ANONYMOUS|MAP_NORESERVE, -1, 0 <unfinished ...>
18512 munmap(0x7f32becfb000, 16384 <unfinished ...>
18511 <... mmap resumed>)               = 0x7f32becf7000
18514 mmap(NULL, 16384, PROT_READ|PROT_WRITE, MAP_PRIVATE|MAP_ANONYMOUS|MAP_NORESERVE, -1, 0 <unfinished ...>
18513 <... mmap resumed>)               = 0x7f32c0efd000
18512 <... munmap resumed>)             = 0
18514 <... mmap resumed>)               = 0x7f32becfb000
18514 munmap(0x7f32becfb000, 16384 <unfinished ...>
18513 munmap(0x7f32c0efd000, 16384 <unfinished ...>
18512 mmap(NULL, 16384, PROT_READ|PROT_WRITE, MAP_PRIVATE|MAP_ANONYMOUS|MAP_NORESERVE, -1, 0 <unfinished ...>
18511 munmap(0x7f32becf7000, 16384 <unfinished ...>
18514 <... munmap resumed>)             = 0
18513 <... munmap resumed>)             = 0
18512 <... mmap resumed>)               = 0x7f32becfb000
18511 <... munmap resumed>)             = 0
18513 mmap(NULL, 16384, PROT_READ|PROT_WRITE, MAP_PRIVATE|MAP_ANONYMOUS|MAP_NORESERVE, -1, 0 <unfinished ...>
18514 mmap(NULL, 16384, PROT_READ|PROT_WRITE, MAP_PRIVATE|MAP_ANONYMOUS|MAP_NORESERVE, -1, 0 <unfinished ...>
18512 munmap(0x7f32becfb000, 16384 <unfinished ...>
18511 mmap(NULL, 16384, PROT_READ|PROT_WRITE, MAP_PRIVATE|MAP_ANONYMOUS|MAP_NORESERVE, -1, 0 <unfinished ...>
18513 <... mmap resumed>)               = 0x7f32c0efd000
18514 <... mmap resumed>)               = 0x7f32becf7000
18513 munmap(0x7f32c0efd000, 16384 <unfinished ...>
18514 munmap(0x7f32becf7000, 16384 <unfinished ...>
18512 <... munmap resumed>)             = 0
18514 <... munmap resumed>)             = 0
18513 <... munmap resumed>)             = 0
18512 mmap(NULL, 16384, PROT_READ|PROT_WRITE, MAP_PRIVATE|MAP_ANONYMOUS|MAP_NORESERVE, -1, 0 <unfinished ...>
18514 mmap(NULL, 16384, PROT_READ|PROT_WRITE, MAP_PRIVATE|MAP_ANONYMOUS|MAP_NORESERVE, -1, 0 <unfinished ...>
18511 <... mmap resumed>)               = 0x7f32c0efd000
18514 <... mmap resumed>)               = 0x7f32becfb000
18513 mmap(NULL, 16384, PROT_READ|PROT_WRITE, MAP_PRIVATE|MAP_ANONYMOUS|MAP_NORESERVE, -1, 0 <unfinished ...>
18512 <... mmap resumed>)               = 0x7f32becf7000
18514 munmap(0x7f32becfb000, 16384 <unfinished ...>
18513 <... mmap resumed>)               = 0x7f32becf3000
18514 <... munmap resumed>)             = 0
18513 munmap(0x7f32becf3000, 16384 <unfinished ...>
18511 munmap(0x7f32c0efd000, 16384 <unfinished ...>
18514 mmap(NULL, 16384, PROT_READ|PROT_WRITE, MAP_PRIVATE|MAP_ANONYMOUS|MAP_NORESERVE, -1, 0 <unfinished ...>
18512 munmap(0x7f32becf7000, 16384 <unfinished ...>
18511 <... munmap resumed>)             = 0
18513 <... munmap resumed>)             = 0
18513 mmap(NULL, 16384, PROT_READ|PROT_WRITE, MAP_PRIVATE|MAP_ANONYMOUS|MAP_NORESERVE, -1, 0 <unfinished ...>
18511 mmap(NULL, 16384, PROT_READ|PROT_WRITE, MAP_PRIVATE|MAP_ANONYMOUS|MAP_NORESERVE, -1, 0 <unfinished ...>
18514 <... mmap resumed>)               = 0x7f32c0efd000
18512 <... munmap resumed>)             = 0
18514 munmap(0x7f32c0efd000, 16384 <unfinished ...>
18513 <... mmap resumed>)               = 0x7f32becfb000
18512 mmap(NULL, 16384, PROT_READ|PROT_WRITE, MAP_PRIVATE|MAP_ANONYMOUS|MAP_NORESERVE, -1, 0 <unfinished ...>
18511 <... mmap resumed>)               = 0x7f32becf7000
18514 <... munmap resumed>)             = 0
18513 munmap(0x7f32becfb000, 16384 <unfinished ...>
18512 <... mmap resumed>)               = 0x7f32c0efd000
18511 munmap(0x7f32becf7000, 16384 <unfinished ...>
18514 mmap(NULL, 16384, PROT_READ|PROT_WRITE, MAP_PRIVATE|MAP_ANONYMOUS|MAP_NORESERVE, -1, 0) = 0x7f32becf3000
18512 munmap(0x7f32c0efd000, 16384 <unfinished ...>
18514 munmap(0x7f32becf3000, 16384 <unfinished ...>
18513 <... munmap resumed>)             = 0
18514 <... munmap resumed>)             = 0
18512 <... munmap resumed>)             = 0
18511 <... munmap resumed>)             = 0
18514 mmap(NULL, 16384, PROT_READ|PROT_WRITE, MAP_PRIVATE|MAP_ANONYMOUS|MAP_NORESERVE, -1, 0 <unfinished ...>
18512 mmap(NULL, 16384, PROT_READ|PROT_WRITE, MAP_PRIVATE|MAP_ANONYMOUS|MAP_NORESERVE, -1, 0 <unfinished ...>
18513 mmap(NULL, 16384, PROT_READ|PROT_WRITE, MAP_PRIVATE|MAP_ANONYMOUS|MAP_NORESERVE, -1, 0 <unfinished ...>
18511 mmap(NULL, 16384, PROT_READ|PROT_WRITE, MAP_PRIVATE|MAP_ANONYMOUS|MAP_NORESERVE, -1, 0 <unfinished ...>
18514 <... mmap resumed>)               = 0x7f32becfb000
18512 <... mmap resumed>)               = 0x7f32c0efd000
18513 <... mmap resumed>)               = 0x7f32becf7000
18511 <... mmap resumed>)               = 0x7f32becf3000
18514 munmap(0x7f32becfb000, 16384 <unfinished ...>
18513 munmap(0x7f32becf7000, 16384 <unfinished ...>
18512 munmap(0x7f32c0efd000, 16384 <unfinished ...>
18511 munmap(0x7f32becf3000, 16384 <unfinished ...>
18512 <... munmap resumed>)             = 0
18513 <... munmap resumed>)             = 0
18514 <... munmap resumed>)             = 0
18513 mmap(NULL, 16384, PROT_READ|PROT_WRITE, MAP_PRIVATE|MAP_ANONYMOUS|MAP_NORESERVE, -1, 0 <unfinished ...>
18512 mmap(NULL, 16384, PROT_READ|PROT_WRITE, MAP_PRIVATE|MAP_ANONYMOUS|MAP_NORESERVE, -1, 0 <unfinished ...>
18513 <... mmap resumed>)               = 0x7f32c0efd000
18511 <... munmap resumed>)             = 0
18514 mmap(NULL, 16384, PROT_READ|PROT_WRITE, MAP_PRIVATE|MAP_ANONYMOUS|MAP_NORESERVE, -1, 0 <unfinished ...>
18513 munmap(0x7f32c0efd000, 16384 <unfinished ...>
18512 <... mmap resumed>)               = 0x7f32becfb000
18514 <... mmap resumed>)               = 0x7f32becf7000
18512 munmap(0x7f32becfb000, 16384 <unfinished ...>
18511 mmap(NULL, 16384, PROT_READ|PROT_WRITE, MAP_PRIVATE|MAP_ANONYMOUS|MAP_NORESERVE, -1, 0 <unfinished ...>
18513 <... munmap resumed>)             = 0
18514 munmap(0x7f32becf7000, 16384 <unfinished ...>
18513 mmap(NULL, 16384, PROT_READ|PROT_WRITE, MAP_PRIVATE|MAP_ANONYMOUS|MAP_NORESERVE, -1, 0 <unfinished ...>
18512 <... munmap resumed>)             = 0
18511 <... mmap resumed>)               = 0x7f32c0efd000
18514 <... munmap resumed>)             = 0
18513 <... mmap resumed>)               = 0x7f32becfb000
18512 mmap(NULL, 16384, PROT_READ|PROT_WRITE, MAP_PRIVATE|MAP_ANONYMOUS|MAP_NORESERVE, -1, 0 <unfinished ...>
18511 munmap(0x7f32c0efd000, 16384 <unfinished ...>
18514 mmap(NULL, 16384, PROT_READ|PROT_WRITE, MAP_PRIVATE|MAP_ANONYMOUS|MAP_NORESERVE, -1, 0 <unfinished ...>
18513 munmap(0x7f32becfb000, 16384 <unfinished ...>
18512 <... mmap resumed>)               = 0x7f32becf7000
18511 <... munmap resumed>)             = 0
18513 <... munmap resumed>)             = 0
18512 munmap(0x7f32becf7000, 16384 <unfinished ...>
18514 <... mmap resumed>)               = 0x7f32c0efd000
18513 mmap(NULL, 16384, PROT_READ|PROT_WRITE, MAP_PRIVATE|MAP_ANONYMOUS|MAP_NORESERVE, -1, 0 <unfinished ...>
18512 <... munmap resumed>)             = 0
18514 munmap(0x7f32c0efd000, 16384 <unfinished ...>
18511 mmap(NULL, 16384, PROT_READ|PROT_WRITE, MAP_PRIVATE|MAP_ANONYMOUS|MAP_NORESERVE, -1, 0 <unfinished ...>
18514 <... munmap resumed>)             = 0
18513 <... mmap resumed>)               = 0x7f32becfb000
18512 mmap(NULL, 16384, PROT_READ|PROT_WRITE, MAP_PRIVATE|MAP_ANONYMOUS|MAP_NORESERVE, -1, 0 <unfinished ...>
18511 <... mmap resumed>)               = 0x7f32c0efd000
18514 mmap(NULL, 16384, PROT_READ|PROT_WRITE, MAP_PRIVATE|MAP_ANONYMOUS|MAP_NORESERVE, -1, 0) = 0x7f32becf7000
18513 munmap(0x7f32becfb000, 16384 <unfinished ...>
18512 <... mmap resumed>)               = 0x7f32becf3000
18511 munmap(0x7f32c0efd000, 16384 <unfinished ...>
18514 munmap(0x7f32becf7000, 16384 <unfinished ...>
18512 munmap(0x7f32becf3000, 16384 <unfinished ...>
18514 <... munmap resumed>)             = 0
18513 <... munmap resumed>)             = 0
18513 mmap(NULL, 16384, PROT_READ|PROT_WRITE, MAP_PRIVATE|MAP_ANONYMOUS|MAP_NORESERVE, -1, 0 <unfinished ...>
18514 mmap(NULL, 16384, PROT_READ|PROT_WRITE, MAP_PRIVATE|MAP_ANONYMOUS|MAP_NORESERVE, -1, 0 <unfinished ...>
18511 <... munmap resumed>)             = 0
18511 mmap(NULL, 16384, PROT_READ|PROT_WRITE, MAP_PRIVATE|MAP_ANONYMOUS|MAP_NORESERVE, -1, 0 <unfinished ...>
18514 <... mmap resumed>)               = 0x7f32c0efd000
18511 <... mmap resumed>)               = 0x7f32becfb000
18513 <... mmap resumed>)               = 0x7f32becf7000
18512 <... munmap resumed>)             = 0
18514 munmap(0x7f32c0efd000, 16384 <unfinished ...>
18511 munmap(0x7f32becfb000, 16384 <unfinished ...>
18513 munmap(0x7f32becf7000, 16384 <unfinished ...>
18514 <... munmap resumed>)             = 0
18512 mmap(NULL, 16384, PROT_READ|PROT_WRITE, MAP_PRIVATE|MAP_ANONYMOUS|MAP_NORESERVE, -1, 0 <unfinished ...>
18514 mmap(NULL, 16384, PROT_READ|PROT_WRITE, MAP_PRIVATE|MAP_ANONYMOUS|MAP_NORESERVE, -1, 0 <unfinished ...>
18513 <... munmap resumed>)             = 0
18514 <... mmap resumed>)               = 0x7f32c0efd000
18513 mmap(NULL, 16384, PROT_READ|PROT_WRITE, MAP_PRIVATE|MAP_ANONYMOUS|MAP_NORESERVE, -1, 0 <unfinished ...>
18514 munmap(0x7f32c0efd000, 16384 <unfinished ...>
18512 <... mmap resumed>)               = 0x7f32becfb000
18511 <... munmap resumed>)             = 0
18514 <... munmap resumed>)             = 0
18513 <... mmap resumed>)               = 0x7f32becf7000
18512 munmap(0x7f32becfb000, 16384 <unfinished ...>
18511 mmap(NULL, 16384, PROT_READ|PROT_WRITE, MAP_PRIVATE|MAP_ANONYMOUS|MAP_NORESERVE, -1, 0 <unfinished ...>
18514 mmap(NULL, 16384, PROT_READ|PROT_WRITE, MAP_PRIVATE|MAP_ANONYMOUS|MAP_NORESERVE, -1, 0 <unfinished ...>
18512 <... munmap resumed>)             = 0
18511 <... mmap resumed>)               = 0x7f32c0efd000
18514 <... mmap resumed>)               = 0x7f32becfb000
18512 mmap(NULL, 16384, PROT_READ|PROT_WRITE, MAP_PRIVATE|MAP_ANONYMOUS|MAP_NORESERVE, -1, 0 <unfinished ...>
18513 munmap(0x7f32becf7000, 16384 <unfinished ...>
18511 munmap(0x7f32c0efd000, 16384 <unfinished ...>
18514 munmap(0x7f32becfb000, 16384 <unfinished ...>
18513 <... munmap resumed>)             = 0
18512 <... mmap resumed>)               = 0x7f32becf3000
18514 <... munmap resumed>)             = 0
18514 mmap(NULL, 16384, PROT_READ|PROT_WRITE, MAP_PRIVATE|MAP_ANONYMOUS|MAP_NORESERVE, -1, 0 <unfinished ...>
18513 mmap(NULL, 16384, PROT_READ|PROT_WRITE, MAP_PRIVATE|MAP_ANONYMOUS|MAP_NORESERVE, -1, 0 <unfinished ...>
18512 munmap(0x7f32becf3000, 16384 <unfinished ...>
18514 <... mmap resumed>)               = 0x7f32becfb000
18513 <... mmap resumed>)               = 0x7f32c0efd000
18511 <... munmap resumed>)             = 0
18512 <... munmap resumed>)             = 0
18512 mmap(NULL, 16384, PROT_READ|PROT_WRITE, MAP_PRIVATE|MAP_ANONYMOUS|MAP_NORESERVE, -1, 0 <unfinished ...>
18511 mmap(NULL, 16384, PROT_READ|PROT_WRITE, MAP_PRIVATE|MAP_ANONYMOUS|MAP_NORESERVE, -1, 0 <unfinished ...>
18514 munmap(0x7f32becfb000, 16384 <unfinished ...>
18513 munmap(0x7f32c0efd000, 16384 <unfinished ...>
18512 <... mmap resumed>)               = 0x7f32becf7000
18511 <... mmap resumed>)               = 0x7f32becf3000
18514 <... munmap resumed>)             = 0
18514 mmap(NULL, 16384, PROT_READ|PROT_WRITE, MAP_PRIVATE|MAP_ANONYMOUS|MAP_NORESERVE, -1, 0 <unfinished ...>
18511 munmap(0x7f32becf3000, 16384 <unfinished ...>
18512 munmap(0x7f32becf7000, 16384 <unfinished ...>
18514 <... mmap resumed>)               = 0x7f32c0efd000
18513 <... munmap resumed>)             = 0
18512 <... munmap resumed>)             = 0
18511 <... munmap resumed>)             = 0
18514 munmap(0x7f32c0efd000, 16384 <unfinished ...>
18513 mmap(NULL, 16384, PROT_READ|PROT_WRITE, MAP_PRIVATE|MAP_ANONYMOUS|MAP_NORESERVE, -1, 0 <unfinished ...>
18511 mmap(NULL, 16384, PROT_READ|PROT_WRITE, MAP_PRIVATE|MAP_ANONYMOUS|MAP_NORESERVE, -1, 0 <unfinished ...>
18512 mmap(NULL, 16384, PROT_READ|PROT_WRITE, MAP_PRIVATE|MAP_ANONYMOUS|MAP_NORESERVE, -1, 0 <unfinished ...>
18514 <... munmap resumed>)             = 0
18513 <... mmap resumed>)               = 0x7f32c0efd000
18512 <... mmap resumed>)               = 0x7f32becf7000
18511 <... mmap resumed>)               = 0x7f32becfb000
18514 mmap(NULL, 16384, PROT_READ|PROT_WRITE, MAP_PRIVATE|MAP_ANONYMOUS|MAP_NORESERVE, -1, 0 <unfinished ...>
18513 munmap(0x7f32c0efd000, 16384 <unfinished ...>
18512 munmap(0x7f32becf7000, 16384 <unfinished ...>
18514 <... mmap resumed>)               = 0x7f32becf3000
18513 <... munmap resumed>)             = 0
18514 munmap(0x7f32becf3000, 16384 <unfinished ...>
18512 <... munmap resumed>)             = 0
18511 munmap(0x7f32becfb000, 16384 <unfinished ...>
18513 mmap(NULL, 16384, PROT_READ|PROT_WRITE, MAP_PRIVATE|MAP_ANONYMOUS|MAP_NORESERVE, -1, 0 <unfinished ...>
18514 <... munmap resumed>)             = 0
18513 <... mmap resumed>)               = 0x7f32c0efd000
18512 mmap(NULL, 16384, PROT_READ|PROT_WRITE, MAP_PRIVATE|MAP_ANONYMOUS|MAP_NORESERVE, -1, 0 <unfinished ...>
18511 <... munmap resumed>)             = 0
18514 mmap(NULL, 16384, PROT_READ|PROT_WRITE, MAP_PRIVATE|MAP_ANONYMOUS|MAP_NORESERVE, -1, 0 <unfinished ...>
18513 munmap(0x7f32c0efd000, 16384 <unfinished ...>
18511 mmap(NULL, 16384, PROT_READ|PROT_WRITE, MAP_PRIVATE|MAP_ANONYMOUS|MAP_NORESERVE, -1, 0 <unfinished ...>
18513 <... munmap resumed>)             = 0
18514 <... mmap resumed>)               = 0x7f32becfb000
18512 <... mmap resumed>)               = 0x7f32c0efd000
18511 <... mmap resumed>)               = 0x7f32becf7000
18512 munmap(0x7f32c0efd000, 16384 <unfinished ...>
18513 mmap(NULL, 16384, PROT_READ|PROT_WRITE, MAP_PRIVATE|MAP_ANONYMOUS|MAP_NORESERVE, -1, 0 <unfinished ...>
18514 munmap(0x7f32becfb000, 16384 <unfinished ...>
18511 munmap(0x7f32becf7000, 16384 <unfinished ...>
18514 <... munmap resumed>)             = 0
18512 <... munmap resumed>)             = 0
18511 <... munmap resumed>)             = 0
18513 <... mmap resumed>)               = 0x7f32c0efd000
18514 mmap(NULL, 16384, PROT_READ|PROT_WRITE, MAP_PRIVATE|MAP_ANONYMOUS|MAP_NORESERVE, -1, 0 <unfinished ...>
18513 munmap(0x7f32c0efd000, 16384 <unfinished ...>
18512 mmap(NULL, 16384, PROT_READ|PROT_WRITE, MAP_PRIVATE|MAP_ANONYMOUS|MAP_NORESERVE, -1, 0 <unfinished ...>
18511 mmap(NULL, 16384, PROT_READ|PROT_WRITE, MAP_PRIVATE|MAP_ANONYMOUS|MAP_NORESERVE, -1, 0 <unfinished ...>
18514 <... mmap resumed>)               = 0x7f32becfb000
18512 <... mmap resumed>)               = 0x7f32becf7000
18513 <... munmap resumed>)             = 0
18512 munmap(0x7f32becf7000, 16384 <unfinished ...>
18511 <... mmap resumed>)               = 0x7f32c0efd000
18514 munmap(0x7f32becfb000, 16384 <unfinished ...>
18513 mmap(NULL, 16384, PROT_READ|PROT_WRITE, MAP_PRIVATE|MAP_ANONYMOUS|MAP_NORESERVE, -1, 0 <unfinished ...>
18512 <... munmap resumed>)             = 0
18512 mmap(NULL, 16384, PROT_READ|PROT_WRITE, MAP_PRIVATE|MAP_ANONYMOUS|MAP_NORESERVE, -1, 0 <unfinished ...>
18511 munmap(0x7f32c0efd000, 16384 <unfinished ...>
18514 <... munmap resumed>)             = 0
18513 <... mmap resumed>)               = 0x7f32becfb000
18512 <... mmap resumed>)               = 0x7f32becf7000
18514 mmap(NULL, 16384, PROT_READ|PROT_WRITE, MAP_PRIVATE|MAP_ANONYMOUS|MAP_NORESERVE, -1, 0 <unfinished ...>
18513 munmap(0x7f32becfb000, 16384 <unfinished ...>
18511 <... munmap resumed>)             = 0
18512 munmap(0x7f32becf7000, 16384 <unfinished ...>
18514 <... mmap resumed>)               = 0x7f32c0efd000
18513 <... munmap resumed>)             = 0
18512 <... munmap resumed>)             = 0
18511 mmap(NULL, 16384, PROT_READ|PROT_WRITE, MAP_PRIVATE|MAP_ANONYMOUS|MAP_NORESERVE, -1, 0 <unfinished ...>
18514 munmap(0x7f32c0efd000, 16384 <unfinished ...>
18513 mmap(NULL, 16384, PROT_READ|PROT_WRITE, MAP_PRIVATE|MAP_ANONYMOUS|MAP_NORESERVE, -1, 0 <unfinished ...>
18512 mmap(NULL, 16384, PROT_READ|PROT_WRITE, MAP_PRIVATE|MAP_ANONYMOUS|MAP_NORESERVE, -1, 0 <unfinished ...>
18514 <... munmap resumed>)             = 0
18512 <... mmap resumed>)               = 0x7f32c0efd000
18513 <... mmap resumed>)               = 0x7f32becfb000
18514 mmap(NULL, 16384, PROT_READ|PROT_WRITE, MAP_PRIVATE|MAP_ANONYMOUS|MAP_NORESERVE, -1, 0 <unfinished ...>
18513 munmap(0x7f32becfb000, 16384 <unfinished ...>
18512 munmap(0x7f32c0efd000, 16384 <unfinished ...>
18514 <... mmap resumed>)               = 0x7f32becf7000
18511 <... mmap resumed>)               = 0x7f32becf3000
18513 <... munmap resumed>)             = 0
18512 <... munmap resumed>)             = 0
18511 munmap(0x7f32becf3000, 16384 <unfinished ...>
18513 mmap(NULL, 16384, PROT_READ|PROT_WRITE, MAP_PRIVATE|MAP_ANONYMOUS|MAP_NORESERVE, -1, 0 <unfinished ...>
18514 munmap(0x7f32becf7000, 16384 <unfinished ...>
18512 mmap(NULL, 16384, PROT_READ|PROT_WRITE, MAP_PRIVATE|MAP_ANONYMOUS|MAP_NORESERVE, -1, 0 <unfinished ...>
18514 <... munmap resumed>)             = 0
18513 <... mmap resumed>)               = 0x7f32c0efd000
18511 <... munmap resumed>)             = 0
18512 <... mmap resumed>)               = 0x7f32becfb000
18514 mmap(NULL, 16384, PROT_READ|PROT_WRITE, MAP_PRIVATE|MAP_ANONYMOUS|MAP_NORESERVE, -1, 0 <unfinished ...>
18511 mmap(NULL, 16384, PROT_READ|PROT_WRITE, MAP_PRIVATE|MAP_ANONYMOUS|MAP_NORESERVE, -1, 0 <unfinished ...>
18513 munmap(0x7f32c0efd000, 16384 <unfinished ...>
18512 munmap(0x7f32becfb000, 16384 <unfinished ...>
18514 <... mmap resumed>)               = 0x7f32becf7000
18513 <... munmap resumed>)             = 0
18511 <... mmap resumed>)               = 0x7f32becf3000
18512 <... munmap resumed>)             = 0
18514 munmap(0x7f32becf7000, 16384)     = 0
18513 mmap(NULL, 16384, PROT_READ|PROT_WRITE, MAP_PRIVATE|MAP_ANONYMOUS|MAP_NORESERVE, -1, 0 <unfinished ...>
18512 mmap(NULL, 16384, PROT_READ|PROT_WRITE, MAP_PRIVATE|MAP_ANONYMOUS|MAP_NORESERVE, -1, 0 <unfinished ...>
18511 munmap(0x7f32becf3000, 16384 <unfinished ...>
18514 mmap(NULL, 16384, PROT_READ|PROT_WRITE, MAP_PRIVATE|MAP_ANONYMOUS|MAP_NORESERVE, -1, 0 <unfinished ...>
18512 <... mmap resumed>)               = 0x7f32c0efd000
18512 munmap(0x7f32c0efd000, 16384 <unfinished ...>
18514 <... mmap resumed>)               = 0x7f32becfb000
18511 <... munmap resumed>)             = 0
18513 <... mmap resumed>)               = 0x7f32becf7000
18512 <... munmap resumed>)             = 0
18514 munmap(0x7f32becfb000, 16384 <unfinished ...>
18513 munmap(0x7f32becf7000, 16384 <unfinished ...>
18512 mmap(NULL, 16384, PROT_READ|PROT_WRITE, MAP_PRIVATE|MAP_ANONYMOUS|MAP_NORESERVE, -1, 0 <unfinished ...>
18511 mmap(NULL, 16384, PROT_READ|PROT_WRITE, MAP_PRIVATE|MAP_ANONYMOUS|MAP_NORESERVE, -1, 0 <unfinished ...>
18514 <... munmap resumed>)             = 0
18513 <... munmap resumed>)             = 0
18514 mmap(NULL, 16384, PROT_READ|PROT_WRITE, MAP_PRIVATE|MAP_ANONYMOUS|MAP_NORESERVE, -1, 0 <unfinished ...>
18513 mmap(NULL, 16384, PROT_READ|PROT_WRITE, MAP_PRIVATE|MAP_ANONYMOUS|MAP_NORESERVE, -1, 0 <unfinished ...>
18512 <... mmap resumed>)               = 0x7f32becfb000
18511 <... mmap resumed>)               = 0x7f32c0efd000
18514 <... mmap resumed>)               = 0x7f32becf3000
18513 <... mmap resumed>)               = 0x7f32becf7000
18512 munmap(0x7f32becfb000, 16384 <unfinished ...>
18511 munmap(0x7f32c0efd000, 16384 <unfinished ...>
18514 munmap(0x7f32becf3000, 16384 <unfinished ...>
18513 munmap(0x7f32becf7000, 16384)     = 0
18512 <... munmap resumed>)             = 0
18511 <... munmap resumed>)             = 0
18514 <... munmap resumed>)             = 0
18513 mmap(NULL, 16384, PROT_READ|PROT_WRITE, MAP_PRIVATE|MAP_ANONYMOUS|MAP_NORESERVE, -1, 0 <unfinished ...>
18511 mmap(NULL, 16384, PROT_READ|PROT_WRITE, MAP_PRIVATE|MAP_ANONYMOUS|MAP_NORESERVE, -1, 0 <unfinished ...>
18512 mmap(NULL, 16384, PROT_READ|PROT_WRITE, MAP_PRIVATE|MAP_ANONYMOUS|MAP_NORESERVE, -1, 0 <unfinished ...>
18514 mmap(NULL, 16384, PROT_READ|PROT_WRITE, MAP_PRIVATE|MAP_ANONYMOUS|MAP_NORESERVE, -1, 0 <unfinished ...>
18513 <... mmap resumed>)               = 0x7f32becf7000
18512 <... mmap resumed>)               = 0x7f32becfb000
18511 <... mmap resumed>)               = 0x7f32c0efd000
18514 <... mmap resumed>)               = 0x7f32becf3000
18513 munmap(0x7f32becf7000, 16384 <unfinished ...>
18512 munmap(0x7f32becfb000, 16384 <unfinished ...>
18511 munmap(0x7f32c0efd000, 16384 <unfinished ...>
18513 <... munmap resumed>)             = 0
18512 <... munmap resumed>)             = 0
18514 munmap(0x7f32becf3000, 16384 <unfinished ...>
18513 mmap(NULL, 16384, PROT_READ|PROT_WRITE, MAP_PRIVATE|MAP_ANONYMOUS|MAP_NORESERVE, -1, 0 <unfinished ...>
18512 mmap(NULL, 16384, PROT_READ|PROT_WRITE, MAP_PRIVATE|MAP_ANONYMOUS|MAP_NORESERVE, -1, 0 <unfinished ...>
18514 <... munmap resumed>)             = 0
18514 mmap(NULL, 16384, PROT_READ|PROT_WRITE, MAP_PRIVATE|MAP_ANONYMOUS|MAP_NORESERVE, -1, 0 <unfinished ...>
18511 <... munmap resumed>)             = 0
18512 <... mmap resumed>)               = 0x7f32c0efd000
18514 <... mmap resumed>)               = 0x7f32becfb000
18514 munmap(0x7f32becfb000, 16384 <unfinished ...>
18511 mmap(NULL, 16384, PROT_READ|PROT_WRITE, MAP_PRIVATE|MAP_ANONYMOUS|MAP_NORESERVE, -1, 0 <unfinished ...>
18512 munmap(0x7f32c0efd000, 16384 <unfinished ...>
18514 <... munmap resumed>)             = 0
18511 <... mmap resumed>)               = 0x7f32becfb000
18514 mmap(NULL, 16384, PROT_READ|PROT_WRITE, MAP_PRIVATE|MAP_ANONYMOUS|MAP_NORESERVE, -1, 0) = 0x7f32becf7000
18512 <... munmap resumed>)             = 0
18511 munmap(0x7f32becfb000, 16384 <unfinished ...>
18514 munmap(0x7f32becf7000, 16384 <unfinished ...>
18513 <... mmap resumed>)               = 0x7f32c0efd000
18512 mmap(NULL, 16384, PROT_READ|PROT_WRITE, MAP_PRIVATE|MAP_ANONYMOUS|MAP_NORESERVE, -1, 0 <unfinished ...>
18511 <... munmap resumed>)             = 0
18514 <... munmap resumed>)             = 0
18512 <... mmap resumed>)               = 0x7f32becfb000
18513 munmap(0x7f32c0efd000, 16384 <unfinished ...>
18511 mmap(NULL, 16384, PROT_READ|PROT_WRITE, MAP_PRIVATE|MAP_ANONYMOUS|MAP_NORESERVE, -1, 0 <unfinished ...>
18514 mmap(NULL, 16384, PROT_READ|PROT_WRITE, MAP_PRIVATE|MAP_ANONYMOUS|MAP_NORESERVE, -1, 0 <unfinished ...>
18512 munmap(0x7f32becfb000, 16384 <unfinished ...>
18513 <... munmap resumed>)             = 0
18513 mmap(NULL, 16384, PROT_READ|PROT_WRITE, MAP_PRIVATE|MAP_ANONYMOUS|MAP_NORESERVE, -1, 0 <unfinished ...>
18512 <... munmap resumed>)             = 0
18514 <... mmap resumed>)               = 0x7f32becf7000
18513 <... mmap resumed>)               = 0x7f32c0efd000
18511 <... mmap resumed>)               = 0x7f32becfb000
18512 mmap(NULL, 16384, PROT_READ|PROT_WRITE, MAP_PRIVATE|MAP_ANONYMOUS|MAP_NORESERVE, -1, 0 <unfinished ...>
18514 munmap(0x7f32becf7000, 16384 <unfinished ...>
18513 munmap(0x7f32c0efd000, 16384 <unfinished ...>
18512 <... mmap resumed>)               = 0x7f32becf3000
18514 <... munmap resumed>)             = 0
18514 mmap(NULL, 16384, PROT_READ|PROT_WRITE, MAP_PRIVATE|MAP_ANONYMOUS|MAP_NORESERVE, -1, 0 <unfinished ...>
18512 munmap(0x7f32becf3000, 16384 <unfinished ...>
18511 munmap(0x7f32becfb000, 16384 <unfinished ...>
18514 <... mmap resumed>)               = 0x7f32becf7000
18513 <... munmap resumed>)             = 0
18512 <... munmap resumed>)             = 0
18511 <... munmap resumed>)             = 0
18514 munmap(0x7f32becf7000, 16384 <unfinished ...>
18513 mmap(NULL, 16384, PROT_READ|PROT_WRITE, MAP_PRIVATE|MAP_ANONYMOUS|MAP_NORESERVE, -1, 0 <unfinished ...>
18512 mmap(NULL, 16384, PROT_READ|PROT_WRITE, MAP_PRIVATE|MAP_ANONYMOUS|MAP_NORESERVE, -1, 0 <unfinished ...>
18511 mmap(NULL, 16384, PROT_READ|PROT_WRITE, MAP_PRIVATE|MAP_ANONYMOUS|MAP_NORESERVE, -1, 0 <unfinished ...>
18514 <... munmap resumed>)             = 0
18513 <... mmap resumed>)               = 0x7f32becf7000
18512 <... mmap resumed>)               = 0x7f32becfb000
18511 <... mmap resumed>)               = 0x7f32c0efd000
18514 mmap(NULL, 16384, PROT_READ|PROT_WRITE, MAP_PRIVATE|MAP_ANONYMOUS|MAP_NORESERVE, -1, 0 <unfinished ...>
18513 munmap(0x7f32becf7000, 16384 <unfinished ...>
18512 munmap(0x7f32becfb000, 16384 <unfinished ...>
18514 <... mmap resumed>)               = 0x7f32becf3000
18511 munmap(0x7f32c0efd000, 16384 <unfinished ...>
18513 <... munmap resumed>)             = 0
18512 <... munmap resumed>)             = 0
18511 <... munmap resumed>)             = 0
18514 munmap(0x7f32becf3000, 16384 <unfinished ...>
18512 mmap(NULL, 16384, PROT_READ|PROT_WRITE, MAP_PRIVATE|MAP_ANONYMOUS|MAP_NORESERVE, -1, 0 <unfinished ...>
18511 mmap(NULL, 16384, PROT_READ|PROT_WRITE, MAP_PRIVATE|MAP_ANONYMOUS|MAP_NORESERVE, -1, 0 <unfinished ...>
18513 mmap(NULL, 16384, PROT_READ|PROT_WRITE, MAP_PRIVATE|MAP_ANONYMOUS|MAP_NORESERVE, -1, 0 <unfinished ...>
18512 <... mmap resumed>)               = 0x7f32c0efd000
18514 <... munmap resumed>)             = 0
18513 <... mmap resumed>)               = 0x7f32becf7000
18512 munmap(0x7f32c0efd000, 16384 <unfinished ...>
18511 <... mmap resumed>)               = 0x7f32becfb000
18514 mmap(NULL, 16384, PROT_READ|PROT_WRITE, MAP_PRIVATE|MAP_ANONYMOUS|MAP_NORESERVE, -1, 0 <unfinished ...>
18513 munmap(0x7f32becf7000, 16384 <unfinished ...>
18511 munmap(0x7f32becfb000, 16384 <unfinished ...>
18512 <... munmap resumed>)             = 0
18513 <... munmap resumed>)             = 0
18512 mmap(NULL, 16384, PROT_READ|PROT_WRITE, MAP_PRIVATE|MAP_ANONYMOUS|MAP_NORESERVE, -1, 0 <unfinished ...>
18513 mmap(NULL, 16384, PROT_READ|PROT_WRITE, MAP_PRIVATE|MAP_ANONYMOUS|MAP_NORESERVE, -1, 0 <unfinished ...>
18511 <... munmap resumed>)             = 0
18514 <... mmap resumed>)               = 0x7f32becf7000
18513 <... mmap resumed>)               = 0x7f32becfb000
18512 <... mmap resumed>)               = 0x7f32c0efd000
18514 munmap(0x7f32becf7000, 16384 <unfinished ...>
18511 mmap(NULL, 16384, PROT_READ|PROT_WRITE, MAP_PRIVATE|MAP_ANONYMOUS|MAP_NORESERVE, -1, 0 <unfinished ...>
18512 munmap(0x7f32c0efd000, 16384 <unfinished ...>
18514 <... munmap resumed>)             = 0
18514 mmap(NULL, 16384, PROT_READ|PROT_WRITE, MAP_PRIVATE|MAP_ANONYMOUS|MAP_NORESERVE, -1, 0 <unfinished ...>
18512 <... munmap resumed>)             = 0
18514 <... mmap resumed>)               = 0x7f32becf7000
18511 <... mmap resumed>)               = 0x7f32c0efd000
18513 munmap(0x7f32becfb000, 16384 <unfinished ...>
18512 mmap(NULL, 16384, PROT_READ|PROT_WRITE, MAP_PRIVATE|MAP_ANONYMOUS|MAP_NORESERVE, -1, 0 <unfinished ...>
18514 munmap(0x7f32becf7000, 16384 <unfinished ...>
18513 <... munmap resumed>)             = 0
18512 <... mmap resumed>)               = 0x7f32becf3000
18511 munmap(0x7f32c0efd000, 16384 <unfinished ...>
18513 mmap(NULL, 16384, PROT_READ|PROT_WRITE, MAP_PRIVATE|MAP_ANONYMOUS|MAP_NORESERVE, -1, 0 <unfinished ...>
18512 munmap(0x7f32becf3000, 16384 <unfinished ...>
18514 <... munmap resumed>)             = 0
18511 <... munmap resumed>)             = 0
18513 <... mmap resumed>)               = 0x7f32c0efd000
18512 <... munmap resumed>)             = 0
18514 mmap(NULL, 16384, PROT_READ|PROT_WRITE, MAP_PRIVATE|MAP_ANONYMOUS|MAP_NORESERVE, -1, 0 <unfinished ...>
18513 munmap(0x7f32c0efd000, 16384 <unfinished ...>
18512 mmap(NULL, 16384, PROT_READ|PROT_WRITE, MAP_PRIVATE|MAP_ANONYMOUS|MAP_NORESERVE, -1, 0 <unfinished ...>
18511 mmap(NULL, 16384, PROT_READ|PROT_WRITE, MAP_PRIVATE|MAP_ANONYMOUS|MAP_NORESERVE, -1, 0 <unfinished ...>
18514 <... mmap resumed>)               = 0x7f32becfb000
18514 munmap(0x7f32becfb000, 16384 <unfinished ...>
18513 <... munmap resumed>)             = 0
18512 <... mmap resumed>)               = 0x7f32becf7000
18511 <... mmap resumed>)               = 0x7f32c0efd000
18514 <... munmap resumed>)             = 0
18513 mmap(NULL, 16384, PROT_READ|PROT_WRITE, MAP_PRIVATE|MAP_ANONYMOUS|MAP_NORESERVE, -1, 0 <unfinished ...>
18512 munmap(0x7f32becf7000, 16384 <unfinished ...>
18511 munmap(0x7f32c0efd000, 16384 <unfinished ...>
18514 mmap(NULL, 16384, PROT_READ|PROT_WRITE, MAP_PRIVATE|MAP_ANONYMOUS|MAP_NORESERVE, -1, 0 <unfinished ...>
18512 <... munmap resumed>)             = 0
18512 mmap(NULL, 16384, PROT_READ|PROT_WRITE, MAP_PRIVATE|MAP_ANONYMOUS|MAP_NORESERVE, -1, 0 <unfinished ...>
18514 <... mmap resumed>)               = 0x7f32becf7000
18513 <... mmap resumed>)               = 0x7f32becfb000
18512 <... mmap resumed>)               = 0x7f32c0efd000
18511 <... munmap resumed>)             = 0
18514 munmap(0x7f32becf7000, 16384 <unfinished ...>
18512 munmap(0x7f32c0efd000, 16384 <unfinished ...>
18514 <... munmap resumed>)             = 0
18513 munmap(0x7f32becfb000, 16384 <unfinished ...>
18512 <... munmap resumed>)             = 0
18511 mmap(NULL, 16384, PROT_READ|PROT_WRITE, MAP_PRIVATE|MAP_ANONYMOUS|MAP_NORESERVE, -1, 0 <unfinished ...>
18514 mmap(NULL, 16384, PROT_READ|PROT_WRITE, MAP_PRIVATE|MAP_ANONYMOUS|MAP_NORESERVE, -1, 0 <unfinished ...>
18513 <... munmap resumed>)             = 0
18511 <... mmap resumed>)               = 0x7f32c0efd000
18514 <... mmap resumed>)               = 0x7f32becfb000
18512 mmap(NULL, 16384, PROT_READ|PROT_WRITE, MAP_PRIVATE|MAP_ANONYMOUS|MAP_NORESERVE, -1, 0 <unfinished ...>
18511 munmap(0x7f32c0efd000, 16384 <unfinished ...>
18514 munmap(0x7f32becfb000, 16384 <unfinished ...>
18513 mmap(NULL, 16384, PROT_READ|PROT_WRITE, MAP_PRIVATE|MAP_ANONYMOUS|MAP_NORESERVE, -1, 0 <unfinished ...>
18512 <... mmap resumed>)               = 0x7f32becf7000
18514 <... munmap resumed>)             = 0
18513 <... mmap resumed>)               = 0x7f32becf3000
18512 munmap(0x7f32becf7000, 16384 <unfinished ...>
18511 <... munmap resumed>)             = 0
18514 mmap(NULL, 16384, PROT_READ|PROT_WRITE, MAP_PRIVATE|MAP_ANONYMOUS|MAP_NORESERVE, -1, 0 <unfinished ...>
18513 munmap(0x7f32becf3000, 16384 <unfinished ...>
18511 mmap(NULL, 16384, PROT_READ|PROT_WRITE, MAP_PRIVATE|MAP_ANONYMOUS|MAP_NORESERVE, -1, 0 <unfinished ...>
18513 <... munmap resumed>)             = 0
18512 <... munmap resumed>)             = 0
18514 <... mmap resumed>)               = 0x7f32c0efd000
18513 mmap(NULL, 16384, PROT_READ|PROT_WRITE, MAP_PRIVATE|MAP_ANONYMOUS|MAP_NORESERVE, -1, 0 <unfinished ...>
18512 mmap(NULL, 16384, PROT_READ|PROT_WRITE, MAP_PRIVATE|MAP_ANONYMOUS|MAP_NORESERVE, -1, 0 <unfinished ...>
18511 <... mmap resumed>)               = 0x7f32becfb000
18513 <... mmap resumed>)               = 0x7f32becf7000
18514 munmap(0x7f32c0efd000, 16384 <unfinished ...>
18513 munmap(0x7f32becf7000, 16384 <unfinished ...>
18512 <... mmap resumed>)               = 0x7f32becf3000
18511 munmap(0x7f32becfb000, 16384 <unfinished ...>
18514 <... munmap resumed>)             = 0
18513 <... munmap resumed>)             = 0
18512 munmap(0x7f32becf3000, 16384 <unfinished ...>
18511 <... munmap resumed>)             = 0
18514 mmap(NULL, 16384, PROT_READ|PROT_WRITE, MAP_PRIVATE|MAP_ANONYMOUS|MAP_NORESERVE, -1, 0 <unfinished ...>
18513 mmap(NULL, 16384, PROT_READ|PROT_WRITE, MAP_PRIVATE|MAP_ANONYMOUS|MAP_NORESERVE, -1, 0 <unfinished ...>
18512 <... munmap resumed>)             = 0
18511 mmap(NULL, 16384, PROT_READ|PROT_WRITE, MAP_PRIVATE|MAP_ANONYMOUS|MAP_NORESERVE, -1, 0 <unfinished ...>
18514 <... mmap resumed>)               = 0x7f32c0efd000
18513 <... mmap resumed>)               = 0x7f32becfb000
18511 <... mmap resumed>)               = 0x7f32becf7000
18514 munmap(0x7f32c0efd000, 16384 <unfinished ...>
18513 munmap(0x7f32becfb000, 16384 <unfinished ...>
18511 munmap(0x7f32becf7000, 16384 <unfinished ...>
18514 <... munmap resumed>)             = 0
18514 mmap(NULL, 16384, PROT_READ|PROT_WRITE, MAP_PRIVATE|MAP_ANONYMOUS|MAP_NORESERVE, -1, 0 <unfinished ...>
18512 mmap(NULL, 16384, PROT_READ|PROT_WRITE, MAP_PRIVATE|MAP_ANONYMOUS|MAP_NORESERVE, -1, 0 <unfinished ...>
18513 <... munmap resumed>)             = 0
18511 <... munmap resumed>)             = 0
18514 <... mmap resumed>)               = 0x7f32c0efd000
18513 mmap(NULL, 16384, PROT_READ|PROT_WRITE, MAP_PRIVATE|MAP_ANONYMOUS|MAP_NORESERVE, -1, 0 <unfinished ...>
18512 <... mmap resumed>)               = 0x7f32becfb000
18511 mmap(NULL, 16384, PROT_READ|PROT_WRITE, MAP_PRIVATE|MAP_ANONYMOUS|MAP_NORESERVE, -1, 0 <unfinished ...>
18514 munmap(0x7f32c0efd000, 16384 <unfinished ...>
18513 <... mmap resumed>)               = 0x7f32becf7000
18511 <... mmap resumed>)               = 0x7f32becf3000
18513 munmap(0x7f32becf7000, 16384 <unfinished ...>
18514 <... munmap resumed>)             = 0
18514 mmap(NULL, 16384, PROT_READ|PROT_WRITE, MAP_PRIVATE|MAP_ANONYMOUS|MAP_NORESERVE, -1, 0 <unfinished ...>
18513 <... munmap resumed>)             = 0
18511 munmap(0x7f32becf3000, 16384 <unfinished ...>
18514 <... mmap resumed>)               = 0x7f32c0efd000
18513 mmap(NULL, 16384, PROT_READ|PROT_WRITE, MAP_PRIVATE|MAP_ANONYMOUS|MAP_NORESERVE, -1, 0 <unfinished ...>
18512 munmap(0x7f32becfb000, 16384 <unfinished ...>
18514 munmap(0x7f32c0efd000, 16384 <unfinished ...>
18512 <... munmap resumed>)             = 0
18511 <... munmap resumed>)             = 0
18514 <... munmap resumed>)             = 0
18513 <... mmap resumed>)               = 0x7f32becfb000
18512 mmap(NULL, 16384, PROT_READ|PROT_WRITE, MAP_PRIVATE|MAP_ANONYMOUS|MAP_NORESERVE, -1, 0 <unfinished ...>
18514 mmap(NULL, 16384, PROT_READ|PROT_WRITE, MAP_PRIVATE|MAP_ANONYMOUS|MAP_NORESERVE, -1, 0 <unfinished ...>
18511 mmap(NULL, 16384, PROT_READ|PROT_WRITE, MAP_PRIVATE|MAP_ANONYMOUS|MAP_NORESERVE, -1, 0 <unfinished ...>
18513 munmap(0x7f32becfb000, 16384 <unfinished ...>
18512 <... mmap resumed>)               = 0x7f32c0efd000
18514 <... mmap resumed>)               = 0x7f32becf7000
18511 <... mmap resumed>)               = 0x7f32becf3000
18512 munmap(0x7f32c0efd000, 16384 <unfinished ...>
18514 munmap(0x7f32becf7000, 16384 <unfinished ...>
18513 <... munmap resumed>)             = 0
18511 munmap(0x7f32becf3000, 16384 <unfinished ...>
18512 <... munmap resumed>)             = 0
18513 mmap(NULL, 16384, PROT_READ|PROT_WRITE, MAP_PRIVATE|MAP_ANONYMOUS|MAP_NORESERVE, -1, 0 <unfinished ...>
18512 mmap(NULL, 16384, PROT_READ|PROT_WRITE, MAP_PRIVATE|MAP_ANONYMOUS|MAP_NORESERVE, -1, 0 <unfinished ...>
18514 <... munmap resumed>)             = 0
18513 <... mmap resumed>)               = 0x7f32c0efd000
18511 <... munmap resumed>)             = 0
18514 mmap(NULL, 16384, PROT_READ|PROT_WRITE, MAP_PRIVATE|MAP_ANONYMOUS|MAP_NORESERVE, -1, 0 <unfinished ...>
18512 <... mmap resumed>)               = 0x7f32becfb000
18513 munmap(0x7f32c0efd000, 16384 <unfinished ...>
18514 <... mmap resumed>)               = 0x7f32becf7000
18511 mmap(NULL, 16384, PROT_READ|PROT_WRITE, MAP_PRIVATE|MAP_ANONYMOUS|MAP_NORESERVE, -1, 0 <unfinished ...>
18514 munmap(0x7f32becf7000, 16384 <unfinished ...>
18513 <... munmap resumed>)             = 0
18512 munmap(0x7f32becfb000, 16384 <unfinished ...>
18511 <... mmap resumed>)               = 0x7f32becf3000
18513 mmap(NULL, 16384, PROT_READ|PROT_WRITE, MAP_PRIVATE|MAP_ANONYMOUS|MAP_NORESERVE, -1, 0 <unfinished ...>
18514 <... munmap resumed>)             = 0
18513 <... mmap resumed>)               = 0x7f32c0efd000
18511 munmap(0x7f32becf3000, 16384 <unfinished ...>
18514 mmap(NULL, 16384, PROT_READ|PROT_WRITE, MAP_PRIVATE|MAP_ANONYMOUS|MAP_NORESERVE, -1, 0 <unfinished ...>
18513 munmap(0x7f32c0efd000, 16384 <unfinished ...>
18512 <... munmap resumed>)             = 0
18514 <... mmap resumed>)               = 0x7f32becfb000
18511 <... munmap resumed>)             = 0
18513 <... munmap resumed>)             = 0
18512 mmap(NULL, 16384, PROT_READ|PROT_WRITE, MAP_PRIVATE|MAP_ANONYMOUS|MAP_NORESERVE, -1, 0 <unfinished ...>
18514 munmap(0x7f32becfb000, 16384 <unfinished ...>
18511 mmap(NULL, 16384, PROT_READ|PROT_WRITE, MAP_PRIVATE|MAP_ANONYMOUS|MAP_NORESERVE, -1, 0 <unfinished ...>
18513 mmap(NULL, 16384, PROT_READ|PROT_WRITE, MAP_PRIVATE|MAP_ANONYMOUS|MAP_NORESERVE, -1, 0 <unfinished ...>
18514 <... munmap resumed>)             = 0
18514 mmap(NULL, 16384, PROT_READ|PROT_WRITE, MAP_PRIVATE|MAP_ANONYMOUS|MAP_NORESERVE, -1, 0 <unfinished ...>
18513 <... mmap resumed>)               = 0x7f32c0efd000
18514 <... mmap resumed>)               = 0x7f32becfb000
18514 munmap(0x7f32becfb000, 16384)     = 0
18514 mmap(NULL, 16384, PROT_READ|PROT_WRITE, MAP_PRIVATE|MAP_ANONYMOUS|MAP_NORESERVE, -1, 0 <unfinished ...>
18511 <... mmap resumed>)               = 0x7f32becfb000
18514 <... mmap resumed>)               = 0x7f32becf3000
18513 munmap(0x7f32c0efd000, 16384 <unfinished ...>
18512 <... mmap resumed>)               = 0x7f32becf7000
18511 munmap(0x7f32becfb000, 16384 <unfinished ...>
18514 munmap(0x7f32becf3000, 16384 <unfinished ...>
18513 <... munmap resumed>)             = 0
18511 <... munmap resumed>)             = 0
18512 munmap(0x7f32becf7000, 16384 <unfinished ...>
18513 mmap(NULL, 16384, PROT_READ|PROT_WRITE, MAP_PRIVATE|MAP_ANONYMOUS|MAP_NORESERVE, -1, 0 <unfinished ...>
18511 mmap(NULL, 16384, PROT_READ|PROT_WRITE, MAP_PRIVATE|MAP_ANONYMOUS|MAP_NORESERVE, -1, 0 <unfinished ...>
18514 <... munmap resumed>)             = 0
18511 <... mmap resumed>)               = 0x7f32c0efd000
18514 mmap(NULL, 16384, PROT_READ|PROT_WRITE, MAP_PRIVATE|MAP_ANONYMOUS|MAP_NORESERVE, -1, 0 <unfinished ...>
18512 <... munmap resumed>)             = 0
18512 mmap(NULL, 16384, PROT_READ|PROT_WRITE, MAP_PRIVATE|MAP_ANONYMOUS|MAP_NORESERVE, -1, 0 <unfinished ...>
18513 <... mmap resumed>)               = 0x7f32becfb000
18511 munmap(0x7f32c0efd000, 16384 <unfinished ...>
18513 munmap(0x7f32becfb000, 16384 <unfinished ...>
18512 <... mmap resumed>)               = 0x7f32becf7000
18514 <... mmap resumed>)               = 0x7f32becf3000
18514 munmap(0x7f32becf3000, 16384 <unfinished ...>
18513 <... munmap resumed>)             = 0
18512 munmap(0x7f32becf7000, 16384 <unfinished ...>
18511 <... munmap resumed>)             = 0
18514 <... munmap resumed>)             = 0
18513 mmap(NULL, 16384, PROT_READ|PROT_WRITE, MAP_PRIVATE|MAP_ANONYMOUS|MAP_NORESERVE, -1, 0 <unfinished ...>
18512 <... munmap resumed>)             = 0
18511 mmap(NULL, 16384, PROT_READ|PROT_WRITE, MAP_PRIVATE|MAP_ANONYMOUS|MAP_NORESERVE, -1, 0 <unfinished ...>
18514 mmap(NULL, 16384, PROT_READ|PROT_WRITE, MAP_PRIVATE|MAP_ANONYMOUS|MAP_NORESERVE, -1, 0 <unfinished ...>
18513 <... mmap resumed>)               = 0x7f32c0efd000
18512 mmap(NULL, 16384, PROT_READ|PROT_WRITE, MAP_PRIVATE|MAP_ANONYMOUS|MAP_NORESERVE, -1, 0 <unfinished ...>
18514 <... mmap resumed>)               = 0x7f32becf7000
18513 munmap(0x7f32c0efd000, 16384 <unfinished ...>
18511 <... mmap resumed>)               = 0x7f32becfb000
18514 munmap(0x7f32becf7000, 16384 <unfinished ...>
18512 <... mmap resumed>)               = 0x7f32becf3000
18513 <... munmap resumed>)             = 0
18513 mmap(NULL, 16384, PROT_READ|PROT_WRITE, MAP_PRIVATE|MAP_ANONYMOUS|MAP_NORESERVE, -1, 0 <unfinished ...>
18512 munmap(0x7f32becf3000, 16384 <unfinished ...>
18511 munmap(0x7f32becfb000, 16384 <unfinished ...>
18514 <... munmap resumed>)             = 0
18513 <... mmap resumed>)               = 0x7f32c0efd000
18512 <... munmap resumed>)             = 0
18511 <... munmap resumed>)             = 0
18514 mmap(NULL, 16384, PROT_READ|PROT_WRITE, MAP_PRIVATE|MAP_ANONYMOUS|MAP_NORESERVE, -1, 0 <unfinished ...>
18512 mmap(NULL, 16384, PROT_READ|PROT_WRITE, MAP_PRIVATE|MAP_ANONYMOUS|MAP_NORESERVE, -1, 0 <unfinished ...>
18511 mmap(NULL, 16384, PROT_READ|PROT_WRITE, MAP_PRIVATE|MAP_ANONYMOUS|MAP_NORESERVE, -1, 0 <unfinished ...>
18514 <... mmap resumed>)               = 0x7f32becfb000
18513 munmap(0x7f32c0efd000, 16384 <unfinished ...>
18514 munmap(0x7f32becfb000, 16384 <unfinished ...>
18512 <... mmap resumed>)               = 0x7f32becf7000
18511 <... mmap resumed>)               = 0x7f32becf3000
18513 <... munmap resumed>)             = 0
18511 munmap(0x7f32becf3000, 16384 <unfinished ...>
18514 <... munmap resumed>)             = 0
18512 munmap(0x7f32becf7000, 16384 <unfinished ...>
18513 mmap(NULL, 16384, PROT_READ|PROT_WRITE, MAP_PRIVATE|MAP_ANONYMOUS|MAP_NORESERVE, -1, 0 <unfinished ...>
18514 mmap(NULL, 16384, PROT_READ|PROT_WRITE, MAP_PRIVATE|MAP_ANONYMOUS|MAP_NORESERVE, -1, 0 <unfinished ...>
18512 <... munmap resumed>)             = 0
18511 <... munmap resumed>)             = 0
18514 <... mmap resumed>)               = 0x7f32becfb000
18513 <... mmap resumed>)               = 0x7f32c0efd000
18512 mmap(NULL, 16384, PROT_READ|PROT_WRITE, MAP_PRIVATE|MAP_ANONYMOUS|MAP_NORESERVE, -1, 0 <unfinished ...>
18514 munmap(0x7f32becfb000, 16384 <unfinished ...>
18513 munmap(0x7f32c0efd000, 16384 <unfinished ...>
18511 mmap(NULL, 16384, PROT_READ|PROT_WRITE, MAP_PRIVATE|MAP_ANONYMOUS|MAP_NORESERVE, -1, 0 <unfinished ...>
18514 <... munmap resumed>)             = 0
18513 <... munmap resumed>)             = 0
18512 <... mmap resumed>)               = 0x7f32becfb000
18511 <... mmap resumed>)               = 0x7f32c0efd000
18514 mmap(NULL, 16384, PROT_READ|PROT_WRITE, MAP_PRIVATE|MAP_ANONYMOUS|MAP_NORESERVE, -1, 0) = 0x7f32becf7000
18513 mmap(NULL, 16384, PROT_READ|PROT_WRITE, MAP_PRIVATE|MAP_ANONYMOUS|MAP_NORESERVE, -1, 0 <unfinished ...>
18512 munmap(0x7f32becfb000, 16384 <unfinished ...>
18511 munmap(0x7f32c0efd000, 16384 <unfinished ...>
18514 munmap(0x7f32becf7000, 16384 <unfinished ...>
18513 <... mmap resumed>)               = 0x7f32becf3000
18514 <... munmap resumed>)             = 0
18513 munmap(0x7f32becf3000, 16384 <unfinished ...>
18512 <... munmap resumed>)             = 0
18511 <... munmap resumed>)             = 0
18514 mmap(NULL, 16384, PROT_READ|PROT_WRITE, MAP_PRIVATE|MAP_ANONYMOUS|MAP_NORESERVE, -1, 0 <unfinished ...>
18512 mmap(NULL, 16384, PROT_READ|PROT_WRITE, MAP_PRIVATE|MAP_ANONYMOUS|MAP_NORESERVE, -1, 0 <unfinished ...>
18511 mmap(NULL, 16384, PROT_READ|PROT_WRITE, MAP_PRIVATE|MAP_ANONYMOUS|MAP_NORESERVE, -1, 0 <unfinished ...>
18513 <... munmap resumed>)             = 0
18514 <... mmap resumed>)               = 0x7f32becfb000
18513 mmap(NULL, 16384, PROT_READ|PROT_WRITE, MAP_PRIVATE|MAP_ANONYMOUS|MAP_NORESERVE, -1, 0 <unfinished ...>
18512 <... mmap resumed>)               = 0x7f32c0efd000
18511 <... mmap resumed>)               = 0x7f32becf7000
18514 munmap(0x7f32becfb000, 16384 <unfinished ...>
18513 <... mmap resumed>)               = 0x7f32becf3000
18512 munmap(0x7f32c0efd000, 16384 <unfinished ...>
18511 munmap(0x7f32becf7000, 16384 <unfinished ...>
18514 <... munmap resumed>)             = 0
18512 <... munmap resumed>)             = 0
18513 munmap(0x7f32becf3000, 16384 <unfinished ...>
18511 <... munmap resumed>)             = 0
18514 mmap(NULL, 16384, PROT_READ|PROT_WRITE, MAP_PRIVATE|MAP_ANONYMOUS|MAP_NORESERVE, -1, 0 <unfinished ...>
18512 mmap(NULL, 16384, PROT_READ|PROT_WRITE, MAP_PRIVATE|MAP_ANONYMOUS|MAP_NORESERVE, -1, 0 <unfinished ...>
18513 <... munmap resumed>)             = 0
18512 <... mmap resumed>)               = 0x7f32c0efd000
18511 mmap(NULL, 16384, PROT_READ|PROT_WRITE, MAP_PRIVATE|MAP_ANONYMOUS|MAP_NORESERVE, -1, 0 <unfinished ...>
18514 <... mmap resumed>)               = 0x7f32becfb000
18513 mmap(NULL, 16384, PROT_READ|PROT_WRITE, MAP_PRIVATE|MAP_ANONYMOUS|MAP_NORESERVE, -1, 0 <unfinished ...>
18514 munmap(0x7f32becfb000, 16384 <unfinished ...>
18512 munmap(0x7f32c0efd000, 16384 <unfinished ...>
18511 <... mmap resumed>)               = 0x7f32becf7000
18514 <... munmap resumed>)             = 0
18514 mmap(NULL, 16384, PROT_READ|PROT_WRITE, MAP_PRIVATE|MAP_ANONYMOUS|MAP_NORESERVE, -1, 0 <unfinished ...>
18513 <... mmap resumed>)               = 0x7f32c0efd000
18512 <... munmap resumed>)             = 0
18511 munmap(0x7f32becf7000, 16384 <unfinished ...>
18514 <... mmap resumed>)               = 0x7f32becfb000
18513 munmap(0x7f32c0efd000, 16384 <unfinished ...>
18512 mmap(NULL, 16384, PROT_READ|PROT_WRITE, MAP_PRIVATE|MAP_ANONYMOUS|MAP_NORESERVE, -1, 0 <unfinished ...>
18514 munmap(0x7f32becfb000, 16384 <unfinished ...>
18511 <... munmap resumed>)             = 0
18513 <... munmap resumed>)             = 0
18511 mmap(NULL, 16384, PROT_READ|PROT_WRITE, MAP_PRIVATE|MAP_ANONYMOUS|MAP_NORESERVE, -1, 0 <unfinished ...>
18514 <... munmap resumed>)             = 0
18513 mmap(NULL, 16384, PROT_READ|PROT_WRITE, MAP_PRIVATE|MAP_ANONYMOUS|MAP_NORESERVE, -1, 0 <unfinished ...>
18512 <... mmap resumed>)               = 0x7f32c0efd000
18514 mmap(NULL, 16384, PROT_READ|PROT_WRITE, MAP_PRIVATE|MAP_ANONYMOUS|MAP_NORESERVE, -1, 0 <unfinished ...>
18513 <... mmap resumed>)               = 0x7f32becf7000
18511 <... mmap resumed>)               = 0x7f32becfb000
18514 <... mmap resumed>)               = 0x7f32becf3000
18512 munmap(0x7f32c0efd000, 16384 <unfinished ...>
18511 munmap(0x7f32becfb000, 16384 <unfinished ...>
18514 munmap(0x7f32becf3000, 16384 <unfinished ...>
18513 munmap(0x7f32becf7000, 16384 <unfinished ...>
18511 <... munmap resumed>)             = 0
18511 mmap(NULL, 16384, PROT_READ|PROT_WRITE, MAP_PRIVATE|MAP_ANONYMOUS|MAP_NORESERVE, -1, 0 <unfinished ...>
18512 <... munmap resumed>)             = 0
18514 <... munmap resumed>)             = 0
18514 mmap(NULL, 16384, PROT_READ|PROT_WRITE, MAP_PRIVATE|MAP_ANONYMOUS|MAP_NORESERVE, -1, 0 <unfinished ...>
18513 <... munmap resumed>)             = 0
18512 mmap(NULL, 16384, PROT_READ|PROT_WRITE, MAP_PRIVATE|MAP_ANONYMOUS|MAP_NORESERVE, -1, 0 <unfinished ...>
18511 <... mmap resumed>)               = 0x7f32c0efd000
18514 <... mmap resumed>)               = 0x7f32becfb000
18513 mmap(NULL, 16384, PROT_READ|PROT_WRITE, MAP_PRIVATE|MAP_ANONYMOUS|MAP_NORESERVE, -1, 0 <unfinished ...>
18512 <... mmap resumed>)               = 0x7f32becf7000
18514 munmap(0x7f32becfb000, 16384 <unfinished ...>
18511 munmap(0x7f32c0efd000, 16384 <unfinished ...>
18513 <... mmap resumed>)               = 0x7f32becf3000
18514 <... munmap resumed>)             = 0
18512 munmap(0x7f32becf7000, 16384 <unfinished ...>
18511 <... munmap resumed>)             = 0
18513 munmap(0x7f32becf3000, 16384 <unfinished ...>
18514 mmap(NULL, 16384, PROT_READ|PROT_WRITE, MAP_PRIVATE|MAP_ANONYMOUS|MAP_NORESERVE, -1, 0 <unfinished ...>
18511 mmap(NULL, 16384, PROT_READ|PROT_WRITE, MAP_PRIVATE|MAP_ANONYMOUS|MAP_NORESERVE, -1, 0 <unfinished ...>
18513 <... munmap resumed>)             = 0
18514 <... mmap resumed>)               = 0x7f32c0efd000
18513 mmap(NULL, 16384, PROT_READ|PROT_WRITE, MAP_PRIVATE|MAP_ANONYMOUS|MAP_NORESERVE, -1, 0 <unfinished ...>
18512 <... munmap resumed>)             = 0
18511 <... mmap resumed>)               = 0x7f32becfb000
18514 munmap(0x7f32c0efd000, 16384 <unfinished ...>
18512 mmap(NULL, 16384, PROT_READ|PROT_WRITE, MAP_PRIVATE|MAP_ANONYMOUS|MAP_NORESERVE, -1, 0 <unfinished ...>
18511 munmap(0x7f32becfb000, 16384 <unfinished ...>
18514 <... munmap resumed>)             = 0
18511 <... munmap resumed>)             = 0
18514 mmap(NULL, 16384, PROT_READ|PROT_WRITE, MAP_PRIVATE|MAP_ANONYMOUS|MAP_NORESERVE, -1, 0) = 0x7f32becf7000
18513 <... mmap resumed>)               = 0x7f32c0efd000
18512 <... mmap resumed>)               = 0x7f32becfb000
18511 mmap(NULL, 16384, PROT_READ|PROT_WRITE, MAP_PRIVATE|MAP_ANONYMOUS|MAP_NORESERVE, -1, 0 <unfinished ...>
18514 munmap(0x7f32becf7000, 16384 <unfinished ...>
18513 munmap(0x7f32c0efd000, 16384 <unfinished ...>
18512 munmap(0x7f32becfb000, 16384 <unfinished ...>
18511 <... mmap resumed>)               = 0x7f32becf3000
18514 <... munmap resumed>)             = 0
18511 munmap(0x7f32becf3000, 16384 <unfinished ...>
18514 mmap(NULL, 16384, PROT_READ|PROT_WRITE, MAP_PRIVATE|MAP_ANONYMOUS|MAP_NORESERVE, -1, 0 <unfinished ...>
18513 <... munmap resumed>)             = 0
18512 <... munmap resumed>)             = 0
18514 <... mmap resumed>)               = 0x7f32c0efd000
18511 <... munmap resumed>)             = 0
18512 mmap(NULL, 16384, PROT_READ|PROT_WRITE, MAP_PRIVATE|MAP_ANONYMOUS|MAP_NORESERVE, -1, 0 <unfinished ...>
18513 mmap(NULL, 16384, PROT_READ|PROT_WRITE, MAP_PRIVATE|MAP_ANONYMOUS|MAP_NORESERVE, -1, 0 <unfinished ...>
18511 mmap(NULL, 16384, PROT_READ|PROT_WRITE, MAP_PRIVATE|MAP_ANONYMOUS|MAP_NORESERVE, -1, 0 <unfinished ...>
18514 munmap(0x7f32c0efd000, 16384 <unfinished ...>
18513 <... mmap resumed>)               = 0x7f32becf7000
18512 <... mmap resumed>)               = 0x7f32becfb000
18511 <... mmap resumed>)               = 0x7f32becf3000
18514 <... munmap resumed>)             = 0
18512 munmap(0x7f32becfb000, 16384 <unfinished ...>
18514 mmap(NULL, 16384, PROT_READ|PROT_WRITE, MAP_PRIVATE|MAP_ANONYMOUS|MAP_NORESERVE, -1, 0 <unfinished ...>
18513 munmap(0x7f32becf7000, 16384 <unfinished ...>
18511 munmap(0x7f32becf3000, 16384 <unfinished ...>
18513 <... munmap resumed>)             = 0
18512 <... munmap resumed>)             = 0
18514 <... mmap resumed>)               = 0x7f32c0efd000
18513 mmap(NULL, 16384, PROT_READ|PROT_WRITE, MAP_PRIVATE|MAP_ANONYMOUS|MAP_NORESERVE, -1, 0 <unfinished ...>
18512 mmap(NULL, 16384, PROT_READ|PROT_WRITE, MAP_PRIVATE|MAP_ANONYMOUS|MAP_NORESERVE, -1, 0 <unfinished ...>
18511 <... munmap resumed>)             = 0
18514 munmap(0x7f32c0efd000, 16384 <unfinished ...>
18513 <... mmap resumed>)               = 0x7f32becf7000
18512 <... mmap resumed>)               = 0x7f32becfb000
18511 mmap(NULL, 16384, PROT_READ|PROT_WRITE, MAP_PRIVATE|MAP_ANONYMOUS|MAP_NORESERVE, -1, 0 <unfinished ...>
18514 <... munmap resumed>)             = 0
18513 munmap(0x7f32becf7000, 16384 <unfinished ...>
18511 <... mmap resumed>)               = 0x7f32c0efd000
18514 mmap(NULL, 16384, PROT_READ|PROT_WRITE, MAP_PRIVATE|MAP_ANONYMOUS|MAP_NORESERVE, -1, 0 <unfinished ...>
18512 munmap(0x7f32becfb000, 16384 <unfinished ...>
18514 <... mmap resumed>)               = 0x7f32becf7000
18513 <... munmap resumed>)             = 0
18511 munmap(0x7f32c0efd000, 16384 <unfinished ...>
18514 munmap(0x7f32becf7000, 16384 <unfinished ...>
18512 <... munmap resumed>)             = 0
18514 <... munmap resumed>)             = 0
18512 mmap(NULL, 16384, PROT_READ|PROT_WRITE, MAP_PRIVATE|MAP_ANONYMOUS|MAP_NORESERVE, -1, 0 <unfinished ...>
18514 mmap(NULL, 16384, PROT_READ|PROT_WRITE, MAP_PRIVATE|MAP_ANONYMOUS|MAP_NORESERVE, -1, 0 <unfinished ...>
18513 mmap(NULL, 16384, PROT_READ|PROT_WRITE, MAP_PRIVATE|MAP_ANONYMOUS|MAP_NORESERVE, -1, 0 <unfinished ...>
18511 <... munmap resumed>)             = 0
18514 <... mmap resumed>)               = 0x7f32becfb000
18512 <... mmap resumed>)               = 0x7f32c0efd000
18513 <... mmap resumed>)               = 0x7f32becf7000
18511 mmap(NULL, 16384, PROT_READ|PROT_WRITE, MAP_PRIVATE|MAP_ANONYMOUS|MAP_NORESERVE, -1, 0 <unfinished ...>
18513 munmap(0x7f32becf7000, 16384 <unfinished ...>
18512 munmap(0x7f32c0efd000, 16384 <unfinished ...>
18514 munmap(0x7f32becfb000, 16384 <unfinished ...>
18511 <... mmap resumed>)               = 0x7f32becf3000
18512 <... munmap resumed>)             = 0
18514 <... munmap resumed>)             = 0
18512 mmap(NULL, 16384, PROT_READ|PROT_WRITE, MAP_PRIVATE|MAP_ANONYMOUS|MAP_NORESERVE, -1, 0 <unfinished ...>
18511 munmap(0x7f32becf3000, 16384 <unfinished ...>
18514 mmap(NULL, 16384, PROT_READ|PROT_WRITE, MAP_PRIVATE|MAP_ANONYMOUS|MAP_NORESERVE, -1, 0 <unfinished ...>
18513 <... munmap resumed>)             = 0
18512 <... mmap resumed>)               = 0x7f32c0efd000
18511 <... munmap resumed>)             = 0
18514 <... mmap resumed>)               = 0x7f32becfb000
18511 mmap(NULL, 16384, PROT_READ|PROT_WRITE, MAP_PRIVATE|MAP_ANONYMOUS|MAP_NORESERVE, -1, 0 <unfinished ...>
18514 munmap(0x7f32becfb000, 16384 <unfinished ...>
18512 munmap(0x7f32c0efd000, 16384 <unfinished ...>
18513 mmap(NULL, 16384, PROT_READ|PROT_WRITE, MAP_PRIVATE|MAP_ANONYMOUS|MAP_NORESERVE, -1, 0 <unfinished ...>
18511 <... mmap resumed>)               = 0x7f32becf7000
18512 <... munmap resumed>)             = 0
18512 mmap(NULL, 16384, PROT_READ|PROT_WRITE, MAP_PRIVATE|MAP_ANONYMOUS|MAP_NORESERVE, -1, 0 <unfinished ...>
18514 <... munmap resumed>)             = 0
18512 <... mmap resumed>)               = 0x7f32c0efd000
18511 munmap(0x7f32becf7000, 16384 <unfinished ...>
18513 <... mmap resumed>)               = 0x7f32becfb000
18512 munmap(0x7f32c0efd000, 16384 <unfinished ...>
18514 mmap(NULL, 16384, PROT_READ|PROT_WRITE, MAP_PRIVATE|MAP_ANONYMOUS|MAP_NORESERVE, -1, 0 <unfinished ...>
18512 <... munmap resumed>)             = 0
18514 <... mmap resumed>)               = 0x7f32c0efd000
18514 munmap(0x7f32c0efd000, 16384 <unfinished ...>
18513 munmap(0x7f32becfb000, 16384 <unfinished ...>
18512 mmap(NULL, 16384, PROT_READ|PROT_WRITE, MAP_PRIVATE|MAP_ANONYMOUS|MAP_NORESERVE, -1, 0 <unfinished ...>
18511 <... munmap resumed>)             = 0
18511 mmap(NULL, 16384, PROT_READ|PROT_WRITE, MAP_PRIVATE|MAP_ANONYMOUS|MAP_NORESERVE, -1, 0 <unfinished ...>
18513 <... munmap resumed>)             = 0
18513 mmap(NULL, 16384, PROT_READ|PROT_WRITE, MAP_PRIVATE|MAP_ANONYMOUS|MAP_NORESERVE, -1, 0 <unfinished ...>
18511 <... mmap resumed>)               = 0x7f32becfb000
18514 <... munmap resumed>)             = 0
18514 mmap(NULL, 16384, PROT_READ|PROT_WRITE, MAP_PRIVATE|MAP_ANONYMOUS|MAP_NORESERVE, -1, 0 <unfinished ...>
18512 <... mmap resumed>)               = 0x7f32c0efd000
18514 <... mmap resumed>)               = 0x7f32becf3000
18513 <... mmap resumed>)               = 0x7f32becf7000
18511 munmap(0x7f32becfb000, 16384 <unfinished ...>
18512 munmap(0x7f32c0efd000, 16384 <unfinished ...>
18514 munmap(0x7f32becf3000, 16384 <unfinished ...>
18513 munmap(0x7f32becf7000, 16384 <unfinished ...>
18512 <... munmap resumed>)             = 0
18511 <... munmap resumed>)             = 0
18512 mmap(NULL, 16384, PROT_READ|PROT_WRITE, MAP_PRIVATE|MAP_ANONYMOUS|MAP_NORESERVE, -1, 0 <unfinished ...>
18514 <... munmap resumed>)             = 0
18511 mmap(NULL, 16384, PROT_READ|PROT_WRITE, MAP_PRIVATE|MAP_ANONYMOUS|MAP_NORESERVE, -1, 0 <unfinished ...>
18514 mmap(NULL, 16384, PROT_READ|PROT_WRITE, MAP_PRIVATE|MAP_ANONYMOUS|MAP_NORESERVE, -1, 0 <unfinished ...>
18513 <... munmap resumed>)             = 0
18512 <... mmap resumed>)               = 0x7f32becfb000
18511 <... mmap resumed>)               = 0x7f32c0efd000
18514 <... mmap resumed>)               = 0x7f32becf7000
18512 munmap(0x7f32becfb000, 16384 <unfinished ...>
18511 munmap(0x7f32c0efd000, 16384 <unfinished ...>
18513 mmap(NULL, 16384, PROT_READ|PROT_WRITE, MAP_PRIVATE|MAP_ANONYMOUS|MAP_NORESERVE, -1, 0 <unfinished ...>
18514 munmap(0x7f32becf7000, 16384 <unfinished ...>
18512 <... munmap resumed>)             = 0
18512 mmap(NULL, 16384, PROT_READ|PROT_WRITE, MAP_PRIVATE|MAP_ANONYMOUS|MAP_NORESERVE, -1, 0 <unfinished ...>
18511 <... munmap resumed>)             = 0
18513 <... mmap resumed>)               = 0x7f32c0efd000
18511 mmap(NULL, 16384, PROT_READ|PROT_WRITE, MAP_PRIVATE|MAP_ANONYMOUS|MAP_NORESERVE, -1, 0 <unfinished ...>
18514 <... munmap resumed>)             = 0
18513 munmap(0x7f32c0efd000, 16384 <unfinished ...>
18512 <... mmap resumed>)               = 0x7f32becfb000
18511 <... mmap resumed>)               = 0x7f32becf7000
18514 mmap(NULL, 16384, PROT_READ|PROT_WRITE, MAP_PRIVATE|MAP_ANONYMOUS|MAP_NORESERVE, -1, 0 <unfinished ...>
18513 <... munmap resumed>)             = 0
18512 munmap(0x7f32becfb000, 16384 <unfinished ...>
18511 munmap(0x7f32becf7000, 16384 <unfinished ...>
18514 <... mmap resumed>)               = 0x7f32c0efd000
18513 mmap(NULL, 16384, PROT_READ|PROT_WRITE, MAP_PRIVATE|MAP_ANONYMOUS|MAP_NORESERVE, -1, 0 <unfinished ...>
18514 munmap(0x7f32c0efd000, 16384 <unfinished ...>
18512 <... munmap resumed>)             = 0
18513 <... mmap resumed>)               = 0x7f32becfb000
18511 <... munmap resumed>)             = 0
18514 <... munmap resumed>)             = 0
18513 munmap(0x7f32becfb000, 16384 <unfinished ...>
18512 mmap(NULL, 16384, PROT_READ|PROT_WRITE, MAP_PRIVATE|MAP_ANONYMOUS|MAP_NORESERVE, -1, 0 <unfinished ...>
18511 mmap(NULL, 16384, PROT_READ|PROT_WRITE, MAP_PRIVATE|MAP_ANONYMOUS|MAP_NORESERVE, -1, 0 <unfinished ...>
18514 mmap(NULL, 16384, PROT_READ|PROT_WRITE, MAP_PRIVATE|MAP_ANONYMOUS|MAP_NORESERVE, -1, 0 <unfinished ...>
18513 <... munmap resumed>)             = 0
18513 mmap(NULL, 16384, PROT_READ|PROT_WRITE, MAP_PRIVATE|MAP_ANONYMOUS|MAP_NORESERVE, -1, 0 <unfinished ...>
18512 <... mmap resumed>)               = 0x7f32c0efd000
18511 <... mmap resumed>)               = 0x7f32becfb000
18514 <... mmap resumed>)               = 0x7f32becf3000
18513 <... mmap resumed>)               = 0x7f32becf7000
18512 munmap(0x7f32c0efd000, 16384 <unfinished ...>
18514 munmap(0x7f32becf3000, 16384 <unfinished ...>
18511 munmap(0x7f32becfb000, 16384 <unfinished ...>
18513 munmap(0x7f32becf7000, 16384 <unfinished ...>
18512 <... munmap resumed>)             = 0
18514 <... munmap resumed>)             = 0
18513 <... munmap resumed>)             = 0
18512 mmap(NULL, 16384, PROT_READ|PROT_WRITE, MAP_PRIVATE|MAP_ANONYMOUS|MAP_NORESERVE, -1, 0 <unfinished ...>
18511 <... munmap resumed>)             = 0
18514 mmap(NULL, 16384, PROT_READ|PROT_WRITE, MAP_PRIVATE|MAP_ANONYMOUS|MAP_NORESERVE, -1, 0) = 0x7f32c0efd000
18513 mmap(NULL, 16384, PROT_READ|PROT_WRITE, MAP_PRIVATE|MAP_ANONYMOUS|MAP_NORESERVE, -1, 0 <unfinished ...>
18512 <... mmap resumed>)               = 0x7f32becfb000
18511 mmap(NULL, 16384, PROT_READ|PROT_WRITE, MAP_PRIVATE|MAP_ANONYMOUS|MAP_NORESERVE, -1, 0 <unfinished ...>
18514 munmap(0x7f32c0efd000, 16384 <unfinished ...>
18511 <... mmap resumed>)               = 0x7f32becf7000
18512 munmap(0x7f32becfb000, 16384 <unfinished ...>
18513 <... mmap resumed>)               = 0x7f32becf3000
18514 <... munmap resumed>)             = 0
18513 munmap(0x7f32becf3000, 16384 <unfinished ...>
18512 <... munmap resumed>)             = 0
18511 munmap(0x7f32becf7000, 16384 <unfinished ...>
18514 mmap(NULL, 16384, PROT_READ|PROT_WRITE, MAP_PRIVATE|MAP_ANONYMOUS|MAP_NORESERVE, -1, 0 <unfinished ...>
18512 mmap(NULL, 16384, PROT_READ|PROT_WRITE, MAP_PRIVATE|MAP_ANONYMOUS|MAP_NORESERVE, -1, 0 <unfinished ...>
18513 <... munmap resumed>)             = 0
18511 <... munmap resumed>)             = 0
18514 <... mmap resumed>)               = 0x7f32becfb000
18512 <... mmap resumed>)               = 0x7f32c0efd000
18514 munmap(0x7f32becfb000, 16384 <unfinished ...>
18513 mmap(NULL, 16384, PROT_READ|PROT_WRITE, MAP_PRIVATE|MAP_ANONYMOUS|MAP_NORESERVE, -1, 0 <unfinished ...>
18512 munmap(0x7f32c0efd000, 16384 <unfinished ...>
18511 mmap(NULL, 16384, PROT_READ|PROT_WRITE, MAP_PRIVATE|MAP_ANONYMOUS|MAP_NORESERVE, -1, 0 <unfinished ...>
18513 <... mmap resumed>)               = 0x7f32becf7000
18513 munmap(0x7f32becf7000, 16384 <unfinished ...>
18512 <... munmap resumed>)             = 0
18512 mmap(NULL, 16384, PROT_READ|PROT_WRITE, MAP_PRIVATE|MAP_ANONYMOUS|MAP_NORESERVE, -1, 0 <unfinished ...>
18514 <... munmap resumed>)             = 0
18511 <... mmap resumed>)               = 0x7f32c0efd000
18514 mmap(NULL, 16384, PROT_READ|PROT_WRITE, MAP_PRIVATE|MAP_ANONYMOUS|MAP_NORESERVE, -1, 0 <unfinished ...>
18513 <... munmap resumed>)             = 0
18512 <... mmap resumed>)               = 0x7f32becfb000
18511 munmap(0x7f32c0efd000, 16384 <unfinished ...>
18514 <... mmap resumed>)               = 0x7f32becf7000
18513 mmap(NULL, 16384, PROT_READ|PROT_WRITE, MAP_PRIVATE|MAP_ANONYMOUS|MAP_NORESERVE, -1, 0 <unfinished ...>
18512 munmap(0x7f32becfb000, 16384 <unfinished ...>
18511 <... munmap resumed>)             = 0
18514 munmap(0x7f32becf7000, 16384 <unfinished ...>
18513 <... mmap resumed>)               = 0x7f32c0efd000
18513 munmap(0x7f32c0efd000, 16384 <unfinished ...>
18511 mmap(NULL, 16384, PROT_READ|PROT_WRITE, MAP_PRIVATE|MAP_ANONYMOUS|MAP_NORESERVE, -1, 0 <unfinished ...>
18513 <... munmap resumed>)             = 0
18512 <... munmap resumed>)             = 0
18514 <... munmap resumed>)             = 0
18513 mmap(NULL, 16384, PROT_READ|PROT_WRITE, MAP_PRIVATE|MAP_ANONYMOUS|MAP_NORESERVE, -1, 0 <unfinished ...>
18512 mmap(NULL, 16384, PROT_READ|PROT_WRITE, MAP_PRIVATE|MAP_ANONYMOUS|MAP_NORESERVE, -1, 0 <unfinished ...>
18513 <... mmap resumed>)               = 0x7f32becfb000
18511 <... mmap resumed>)               = 0x7f32c0efd000
18514 mmap(NULL, 16384, PROT_READ|PROT_WRITE, MAP_PRIVATE|MAP_ANONYMOUS|MAP_NORESERVE, -1, 0 <unfinished ...>
18512 <... mmap resumed>)               = 0x7f32becf7000
18511 munmap(0x7f32c0efd000, 16384 <unfinished ...>
18514 <... mmap resumed>)               = 0x7f32becf3000
18513 munmap(0x7f32becfb000, 16384 <unfinished ...>
18512 munmap(0x7f32becf7000, 16384 <unfinished ...>
18514 munmap(0x7f32becf3000, 16384 <unfinished ...>
18513 <... munmap resumed>)             = 0
18511 <... munmap resumed>)             = 0
18514 <... munmap resumed>)             = 0
18513 mmap(NULL, 16384, PROT_READ|PROT_WRITE, MAP_PRIVATE|MAP_ANONYMOUS|MAP_NORESERVE, -1, 0 <unfinished ...>
18512 <... munmap resumed>)             = 0
18511 mmap(NULL, 16384, PROT_READ|PROT_WRITE, MAP_PRIVATE|MAP_ANONYMOUS|MAP_NORESERVE, -1, 0 <unfinished ...>
18514 mmap(NULL, 16384, PROT_READ|PROT_WRITE, MAP_PRIVATE|MAP_ANONYMOUS|MAP_NORESERVE, -1, 0 <unfinished ...>
18513 <... mmap resumed>)               = 0x7f32c0efd000
18512 mmap(NULL, 16384, PROT_READ|PROT_WRITE, MAP_PRIVATE|MAP_ANONYMOUS|MAP_NORESERVE, -1, 0 <unfinished ...>
18511 <... mmap resumed>)               = 0x7f32becfb000
18514 <... mmap resumed>)               = 0x7f32becf7000
18513 munmap(0x7f32c0efd000, 16384 <unfinished ...>
18512 <... mmap resumed>)               = 0x7f32becf3000
18511 munmap(0x7f32becfb000, 16384 <unfinished ...>
18514 munmap(0x7f32becf7000, 16384 <unfinished ...>
18513 <... munmap resumed>)             = 0
18512 munmap(0x7f32becf3000, 16384 <unfinished ...>
18514 <... munmap resumed>)             = 0
18513 mmap(NULL, 16384, PROT_READ|PROT_WRITE, MAP_PRIVATE|MAP_ANONYMOUS|MAP_NORESERVE, -1, 0 <unfinished ...>
18512 <... munmap resumed>)             = 0
18511 <... munmap resumed>)             = 0
18514 mmap(NULL, 16384, PROT_READ|PROT_WRITE, MAP_PRIVATE|MAP_ANONYMOUS|MAP_NORESERVE, -1, 0 <unfinished ...>
18512 mmap(NULL, 16384, PROT_READ|PROT_WRITE, MAP_PRIVATE|MAP_ANONYMOUS|MAP_NORESERVE, -1, 0 <unfinished ...>
18511 mmap(NULL, 16384, PROT_READ|PROT_WRITE, MAP_PRIVATE|MAP_ANONYMOUS|MAP_NORESERVE, -1, 0 <unfinished ...>
18513 <... mmap resumed>)               = 0x7f32c0efd000
18514 <... mmap resumed>)               = 0x7f32becfb000
18514 munmap(0x7f32becfb000, 16384 <unfinished ...>
18513 munmap(0x7f32c0efd000, 16384 <unfinished ...>
18512 <... mmap resumed>)               = 0x7f32becf3000
18511 <... mmap resumed>)               = 0x7f32becf7000
18513 <... munmap resumed>)             = 0
18512 munmap(0x7f32becf3000, 16384 <unfinished ...>
18514 <... munmap resumed>)             = 0
18513 mmap(NULL, 16384, PROT_READ|PROT_WRITE, MAP_PRIVATE|MAP_ANONYMOUS|MAP_NORESERVE, -1, 0 <unfinished ...>
18512 <... munmap resumed>)             = 0
18511 munmap(0x7f32becf7000, 16384 <unfinished ...>
18514 mmap(NULL, 16384, PROT_READ|PROT_WRITE, MAP_PRIVATE|MAP_ANONYMOUS|MAP_NORESERVE, -1, 0 <unfinished ...>
18513 <... mmap resumed>)               = 0x7f32c0efd000
18513 munmap(0x7f32c0efd000, 16384 <unfinished ...>
18512 mmap(NULL, 16384, PROT_READ|PROT_WRITE, MAP_PRIVATE|MAP_ANONYMOUS|MAP_NORESERVE, -1, 0 <unfinished ...>
18511 <... munmap resumed>)             = 0
18514 <... mmap resumed>)               = 0x7f32becfb000
18513 <... munmap resumed>)             = 0
18512 <... mmap resumed>)               = 0x7f32c0efd000
18511 mmap(NULL, 16384, PROT_READ|PROT_WRITE, MAP_PRIVATE|MAP_ANONYMOUS|MAP_NORESERVE, -1, 0 <unfinished ...>
18514 munmap(0x7f32becfb000, 16384 <unfinished ...>
18513 mmap(NULL, 16384, PROT_READ|PROT_WRITE, MAP_PRIVATE|MAP_ANONYMOUS|MAP_NORESERVE, -1, 0 <unfinished ...>
18512 munmap(0x7f32c0efd000, 16384 <unfinished ...>
18511 <... mmap resumed>)               = 0x7f32becf7000
18513 <... mmap resumed>)               = 0x7f32becf3000
18513 munmap(0x7f32becf3000, 16384 <unfinished ...>
18512 <... munmap resumed>)             = 0
18514 <... munmap resumed>)             = 0
18511 munmap(0x7f32becf7000, 16384 <unfinished ...>
18513 <... munmap resumed>)             = 0
18513 mmap(NULL, 16384, PROT_READ|PROT_WRITE, MAP_PRIVATE|MAP_ANONYMOUS|MAP_NORESERVE, -1, 0 <unfinished ...>
18512 mmap(NULL, 16384, PROT_READ|PROT_WRITE, MAP_PRIVATE|MAP_ANONYMOUS|MAP_NORESERVE, -1, 0 <unfinished ...>
18514 mmap(NULL, 16384, PROT_READ|PROT_WRITE, MAP_PRIVATE|MAP_ANONYMOUS|MAP_NORESERVE, -1, 0 <unfinished ...>
18512 <... mmap resumed>)               = 0x7f32c0efd000
18511 <... munmap resumed>)             = 0
18514 <... mmap resumed>)               = 0x7f32becfb000
18513 <... mmap resumed>)               = 0x7f32becf7000
18514 munmap(0x7f32becfb000, 16384 <unfinished ...>
18512 munmap(0x7f32c0efd000, 16384 <unfinished ...>
18511 mmap(NULL, 16384, PROT_READ|PROT_WRITE, MAP_PRIVATE|MAP_ANONYMOUS|MAP_NORESERVE, -1, 0 <unfinished ...>
18513 munmap(0x7f32becf7000, 16384 <unfinished ...>
18512 <... munmap resumed>)             = 0
18513 <... munmap resumed>)             = 0
18513 mmap(NULL, 16384, PROT_READ|PROT_WRITE, MAP_PRIVATE|MAP_ANONYMOUS|MAP_NORESERVE, -1, 0 <unfinished ...>
18512 mmap(NULL, 16384, PROT_READ|PROT_WRITE, MAP_PRIVATE|MAP_ANONYMOUS|MAP_NORESERVE, -1, 0 <unfinished ...>
18514 <... munmap resumed>)             = 0
18513 <... mmap resumed>)               = 0x7f32c0efd000
18512 <... mmap resumed>)               = 0x7f32becf7000
18511 <... mmap resumed>)               = 0x7f32becfb000
18514 mmap(NULL, 16384, PROT_READ|PROT_WRITE, MAP_PRIVATE|MAP_ANONYMOUS|MAP_NORESERVE, -1, 0 <unfinished ...>
18513 munmap(0x7f32c0efd000, 16384 <unfinished ...>
18512 munmap(0x7f32becf7000, 16384 <unfinished ...>
18514 <... mmap resumed>)               = 0x7f32becf3000
18511 munmap(0x7f32becfb000, 16384 <unfinished ...>
18514 munmap(0x7f32becf3000, 16384 <unfinished ...>
18512 <... munmap resumed>)             = 0
18513 <... munmap resumed>)             = 0
18511 <... munmap resumed>)             = 0
18513 mmap(NULL, 16384, PROT_READ|PROT_WRITE, MAP_PRIVATE|MAP_ANONYMOUS|MAP_NORESERVE, -1, 0 <unfinished ...>
18512 mmap(NULL, 16384, PROT_READ|PROT_WRITE, MAP_PRIVATE|MAP_ANONYMOUS|MAP_NORESERVE, -1, 0 <unfinished ...>
18514 <... munmap resumed>)             = 0
18513 <... mmap resumed>)               = 0x7f32becfb000
18512 <... mmap resumed>)               = 0x7f32c0efd000
18511 mmap(NULL, 16384, PROT_READ|PROT_WRITE, MAP_PRIVATE|MAP_ANONYMOUS|MAP_NORESERVE, -1, 0 <unfinished ...>
18514 mmap(NULL, 16384, PROT_READ|PROT_WRITE, MAP_PRIVATE|MAP_ANONYMOUS|MAP_NORESERVE, -1, 0 <unfinished ...>
18513 munmap(0x7f32becfb000, 16384 <unfinished ...>
18514 <... mmap resumed>)               = 0x7f32becf7000
18512 munmap(0x7f32c0efd000, 16384 <unfinished ...>
18513 <... munmap resumed>)             = 0
18511 <... mmap resumed>)               = 0x7f32becfb000
18514 munmap(0x7f32becf7000, 16384 <unfinished ...>
18512 <... munmap resumed>)             = 0
18514 <... munmap resumed>)             = 0
18512 mmap(NULL, 16384, PROT_READ|PROT_WRITE, MAP_PRIVATE|MAP_ANONYMOUS|MAP_NORESERVE, -1, 0 <unfinished ...>
18513 mmap(NULL, 16384, PROT_READ|PROT_WRITE, MAP_PRIVATE|MAP_ANONYMOUS|MAP_NORESERVE, -1, 0 <unfinished ...>
18514 mmap(NULL, 16384, PROT_READ|PROT_WRITE, MAP_PRIVATE|MAP_ANONYMOUS|MAP_NORESERVE, -1, 0 <unfinished ...>
18511 munmap(0x7f32becfb000, 16384 <unfinished ...>
18513 <... mmap resumed>)               = 0x7f32becf7000
18512 <... mmap resumed>)               = 0x7f32c0efd000
18514 <... mmap resumed>)               = 0x7f32becfb000
18513 munmap(0x7f32becf7000, 16384 <unfinished ...>
18512 munmap(0x7f32c0efd000, 16384 <unfinished ...>
18511 <... munmap resumed>)             = 0
18514 munmap(0x7f32becfb000, 16384)     = 0
18511 mmap(NULL, 16384, PROT_READ|PROT_WRITE, MAP_PRIVATE|MAP_ANONYMOUS|MAP_NORESERVE, -1, 0 <unfinished ...>
18514 mmap(NULL, 16384, PROT_READ|PROT_WRITE, MAP_PRIVATE|MAP_ANONYMOUS|MAP_NORESERVE, -1, 0 <unfinished ...>
18513 <... munmap resumed>)             = 0
18512 <... munmap resumed>)             = 0
18514 <... mmap resumed>)               = 0x7f32c0efd000
18511 <... mmap resumed>)               = 0x7f32becfb000
18513 mmap(NULL, 16384, PROT_READ|PROT_WRITE, MAP_PRIVATE|MAP_ANONYMOUS|MAP_NORESERVE, -1, 0 <unfinished ...>
18512 mmap(NULL, 16384, PROT_READ|PROT_WRITE, MAP_PRIVATE|MAP_ANONYMOUS|MAP_NORESERVE, -1, 0 <unfinished ...>
18513 <... mmap resumed>)               = 0x7f32becf7000
18511 munmap(0x7f32becfb000, 16384 <unfinished ...>
18514 munmap(0x7f32c0efd000, 16384 <unfinished ...>
18512 <... mmap resumed>)               = 0x7f32becf3000
18513 munmap(0x7f32becf7000, 16384 <unfinished ...>
18512 munmap(0x7f32becf3000, 16384 <unfinished ...>
18514 <... munmap resumed>)             = 0
18511 <... munmap resumed>)             = 0
18514 mmap(NULL, 16384, PROT_READ|PROT_WRITE, MAP_PRIVATE|MAP_ANONYMOUS|MAP_NORESERVE, -1, 0 <unfinished ...>
18512 <... munmap resumed>)             = 0
18511 mmap(NULL, 16384, PROT_READ|PROT_WRITE, MAP_PRIVATE|MAP_ANONYMOUS|MAP_NORESERVE, -1, 0 <unfinished ...>
18512 mmap(NULL, 16384, PROT_READ|PROT_WRITE, MAP_PRIVATE|MAP_ANONYMOUS|MAP_NORESERVE, -1, 0 <unfinished ...>
18514 <... mmap resumed>)               = 0x7f32c0efd000
18513 <... munmap resumed>)             = 0
18512 <... mmap resumed>)               = 0x7f32becf7000
18511 <... mmap resumed>)               = 0x7f32becfb000
18514 munmap(0x7f32c0efd000, 16384 <unfinished ...>
18513 mmap(NULL, 16384, PROT_READ|PROT_WRITE, MAP_PRIVATE|MAP_ANONYMOUS|MAP_NORESERVE, -1, 0 <unfinished ...>
18512 munmap(0x7f32becf7000, 16384 <unfinished ...>
18511 munmap(0x7f32becfb000, 16384)     = 0
18514 <... munmap resumed>)             = 0
18512 <... munmap resumed>)             = 0
18511 mmap(NULL, 16384, PROT_READ|PROT_WRITE, MAP_PRIVATE|MAP_ANONYMOUS|MAP_NORESERVE, -1, 0 <unfinished ...>
18513 <... mmap resumed>)               = 0x7f32c0efd000
18514 mmap(NULL, 16384, PROT_READ|PROT_WRITE, MAP_PRIVATE|MAP_ANONYMOUS|MAP_NORESERVE, -1, 0) = 0x7f32becf7000
18513 munmap(0x7f32c0efd000, 16384 <unfinished ...>
18512 mmap(NULL, 16384, PROT_READ|PROT_WRITE, MAP_PRIVATE|MAP_ANONYMOUS|MAP_NORESERVE, -1, 0 <unfinished ...>
18511 <... mmap resumed>)               = 0x7f32becfb000
18513 <... munmap resumed>)             = 0
18513 mmap(NULL, 16384, PROT_READ|PROT_WRITE, MAP_PRIVATE|MAP_ANONYMOUS|MAP_NORESERVE, -1, 0 <unfinished ...>
18514 munmap(0x7f32becf7000, 16384 <unfinished ...>
18513 <... mmap resumed>)               = 0x7f32c0efd000
18512 <... mmap resumed>)               = 0x7f32becf3000
18513 munmap(0x7f32c0efd000, 16384 <unfinished ...>
18512 munmap(0x7f32becf3000, 16384 <unfinished ...>
18514 <... munmap resumed>)             = 0
18514 mmap(NULL, 16384, PROT_READ|PROT_WRITE, MAP_PRIVATE|MAP_ANONYMOUS|MAP_NORESERVE, -1, 0 <unfinished ...>
18512 <... munmap resumed>)             = 0
18511 munmap(0x7f32becfb000, 16384 <unfinished ...>
18513 <... munmap resumed>)             = 0
18513 mmap(NULL, 16384, PROT_READ|PROT_WRITE, MAP_PRIVATE|MAP_ANONYMOUS|MAP_NORESERVE, -1, 0 <unfinished ...>
18512 mmap(NULL, 16384, PROT_READ|PROT_WRITE, MAP_PRIVATE|MAP_ANONYMOUS|MAP_NORESERVE, -1, 0 <unfinished ...>
18511 <... munmap resumed>)             = 0
18512 <... mmap resumed>)               = 0x7f32c0efd000
18511 mmap(NULL, 16384, PROT_READ|PROT_WRITE, MAP_PRIVATE|MAP_ANONYMOUS|MAP_NORESERVE, -1, 0 <unfinished ...>
18514 <... mmap resumed>)               = 0x7f32becfb000
18513 <... mmap resumed>)               = 0x7f32becf7000
18514 munmap(0x7f32becfb000, 16384 <unfinished ...>
18512 munmap(0x7f32c0efd000, 16384 <unfinished ...>
18511 <... mmap resumed>)               = 0x7f32becf3000
18514 <... munmap resumed>)             = 0
18513 munmap(0x7f32becf7000, 16384 <unfinished ...>
18512 <... munmap resumed>)             = 0
18511 munmap(0x7f32becf3000, 16384 <unfinished ...>
18514 mmap(NULL, 16384, PROT_READ|PROT_WRITE, MAP_PRIVATE|MAP_ANONYMOUS|MAP_NORESERVE, -1, 0) = 0x7f32c0efd000
18512 mmap(NULL, 16384, PROT_READ|PROT_WRITE, MAP_PRIVATE|MAP_ANONYMOUS|MAP_NORESERVE, -1, 0 <unfinished ...>
18513 <... munmap resumed>)             = 0
18514 munmap(0x7f32c0efd000, 16384 <unfinished ...>
18512 <... mmap resumed>)               = 0x7f32becfb000
18514 <... munmap resumed>)             = 0
18513 mmap(NULL, 16384, PROT_READ|PROT_WRITE, MAP_PRIVATE|MAP_ANONYMOUS|MAP_NORESERVE, -1, 0 <unfinished ...>
18512 munmap(0x7f32becfb000, 16384 <unfinished ...>
18511 <... munmap resumed>)             = 0
18514 mmap(NULL, 16384, PROT_READ|PROT_WRITE, MAP_PRIVATE|MAP_ANONYMOUS|MAP_NORESERVE, -1, 0 <unfinished ...>
18513 <... mmap resumed>)               = 0x7f32c0efd000
18512 <... munmap resumed>)             = 0
18513 munmap(0x7f32c0efd000, 16384 <unfinished ...>
18512 mmap(NULL, 16384, PROT_READ|PROT_WRITE, MAP_PRIVATE|MAP_ANONYMOUS|MAP_NORESERVE, -1, 0 <unfinished ...>
18511 mmap(NULL, 16384, PROT_READ|PROT_WRITE, MAP_PRIVATE|MAP_ANONYMOUS|MAP_NORESERVE, -1, 0 <unfinished ...>
18514 <... mmap resumed>)               = 0x7f32c0efd000
18513 <... munmap resumed>)             = 0
18512 <... mmap resumed>)               = 0x7f32becf7000
18511 <... mmap resumed>)               = 0x7f32becfb000
18514 munmap(0x7f32c0efd000, 16384 <unfinished ...>
18512 munmap(0x7f32becf7000, 16384 <unfinished ...>
18513 mmap(NULL, 16384, PROT_READ|PROT_WRITE, MAP_PRIVATE|MAP_ANONYMOUS|MAP_NORESERVE, -1, 0 <unfinished ...>
18514 <... munmap resumed>)             = 0
18513 <... mmap resumed>)               = 0x7f32c0efd000
18514 mmap(NULL, 16384, PROT_READ|PROT_WRITE, MAP_PRIVATE|MAP_ANONYMOUS|MAP_NORESERVE, -1, 0 <unfinished ...>
18512 <... munmap resumed>)             = 0
18511 munmap(0x7f32becfb000, 16384 <unfinished ...>
18514 <... mmap resumed>)               = 0x7f32becf7000
18513 munmap(0x7f32c0efd000, 16384 <unfinished ...>
18512 mmap(NULL, 16384, PROT_READ|PROT_WRITE, MAP_PRIVATE|MAP_ANONYMOUS|MAP_NORESERVE, -1, 0 <unfinished ...>
18511 <... munmap resumed>)             = 0
18513 <... munmap resumed>)             = 0
18512 <... mmap resumed>)               = 0x7f32c0efd000
18511 mmap(NULL, 16384, PROT_READ|PROT_WRITE, MAP_PRIVATE|MAP_ANONYMOUS|MAP_NORESERVE, -1, 0 <unfinished ...>
18514 munmap(0x7f32becf7000, 16384 <unfinished ...>
18513 mmap(NULL, 16384, PROT_READ|PROT_WRITE, MAP_PRIVATE|MAP_ANONYMOUS|MAP_NORESERVE, -1, 0 <unfinished ...>
18512 munmap(0x7f32c0efd000, 16384 <unfinished ...>
18513 <... mmap resumed>)               = 0x7f32becfb000
18514 <... munmap resumed>)             = 0
18513 munmap(0x7f32becfb000, 16384 <unfinished ...>
18514 mmap(NULL, 16384, PROT_READ|PROT_WRITE, MAP_PRIVATE|MAP_ANONYMOUS|MAP_NORESERVE, -1, 0 <unfinished ...>
18513 <... munmap resumed>)             = 0
18512 <... munmap resumed>)             = 0
18511 <... mmap resumed>)               = 0x7f32c0efd000
18514 <... mmap resumed>)               = 0x7f32becfb000
18514 munmap(0x7f32becfb000, 16384 <unfinished ...>
18513 mmap(NULL, 16384, PROT_READ|PROT_WRITE, MAP_PRIVATE|MAP_ANONYMOUS|MAP_NORESERVE, -1, 0 <unfinished ...>
18512 mmap(NULL, 16384, PROT_READ|PROT_WRITE, MAP_PRIVATE|MAP_ANONYMOUS|MAP_NORESERVE, -1, 0 <unfinished ...>
18511 munmap(0x7f32c0efd000, 16384 <unfinished ...>
18514 <... munmap resumed>)             = 0
18513 <... mmap resumed>)               = 0x7f32becfb000
18511 <... munmap resumed>)             = 0
18513 munmap(0x7f32becfb000, 16384 <unfinished ...>
18512 <... mmap resumed>)               = 0x7f32c0efd000
18514 mmap(NULL, 16384, PROT_READ|PROT_WRITE, MAP_PRIVATE|MAP_ANONYMOUS|MAP_NORESERVE, -1, 0 <unfinished ...>
18511 mmap(NULL, 16384, PROT_READ|PROT_WRITE, MAP_PRIVATE|MAP_ANONYMOUS|MAP_NORESERVE, -1, 0 <unfinished ...>
18514 <... mmap resumed>)               = 0x7f32becfb000
18513 <... munmap resumed>)             = 0
18512 munmap(0x7f32c0efd000, 16384 <unfinished ...>
18514 munmap(0x7f32becfb000, 16384 <unfinished ...>
18513 mmap(NULL, 16384, PROT_READ|PROT_WRITE, MAP_PRIVATE|MAP_ANONYMOUS|MAP_NORESERVE, -1, 0 <unfinished ...>
18511 <... mmap resumed>)               = 0x7f32becf7000
18514 <... munmap resumed>)             = 0
18512 <... munmap resumed>)             = 0
18511 munmap(0x7f32becf7000, 16384 <unfinished ...>
18513 <... mmap resumed>)               = 0x7f32c0efd000
18512 mmap(NULL, 16384, PROT_READ|PROT_WRITE, MAP_PRIVATE|MAP_ANONYMOUS|MAP_NORESERVE, -1, 0 <unfinished ...>
18511 <... munmap resumed>)             = 0
18514 mmap(NULL, 16384, PROT_READ|PROT_WRITE, MAP_PRIVATE|MAP_ANONYMOUS|MAP_NORESERVE, -1, 0 <unfinished ...>
18513 munmap(0x7f32c0efd000, 16384 <unfinished ...>
18512 <... mmap resumed>)               = 0x7f32becfb000
18511 mmap(NULL, 16384, PROT_READ|PROT_WRITE, MAP_PRIVATE|MAP_ANONYMOUS|MAP_NORESERVE, -1, 0 <unfinished ...>
18514 <... mmap resumed>)               = 0x7f32becf7000
18513 <... munmap resumed>)             = 0
18514 munmap(0x7f32becf7000, 16384 <unfinished ...>
18513 mmap(NULL, 16384, PROT_READ|PROT_WRITE, MAP_PRIVATE|MAP_ANONYMOUS|MAP_NORESERVE, -1, 0 <unfinished ...>
18512 munmap(0x7f32becfb000, 16384 <unfinished ...>
18511 <... mmap resumed>)               = 0x7f32c0efd000
18514 <... munmap resumed>)             = 0
18513 <... mmap resumed>)               = 0x7f32becf7000
18512 <... munmap resumed>)             = 0
18511 munmap(0x7f32c0efd000, 16384 <unfinished ...>
18514 mmap(NULL, 16384, PROT_READ|PROT_WRITE, MAP_PRIVATE|MAP_ANONYMOUS|MAP_NORESERVE, -1, 0 <unfinished ...>
18513 munmap(0x7f32becf7000, 16384 <unfinished ...>
18512 mmap(NULL, 16384, PROT_READ|PROT_WRITE, MAP_PRIVATE|MAP_ANONYMOUS|MAP_NORESERVE, -1, 0 <unfinished ...>
18514 <... mmap resumed>)               = 0x7f32c0efd000
18511 <... munmap resumed>)             = 0
18513 <... munmap resumed>)             = 0
18514 munmap(0x7f32c0efd000, 16384 <unfinished ...>
18513 mmap(NULL, 16384, PROT_READ|PROT_WRITE, MAP_PRIVATE|MAP_ANONYMOUS|MAP_NORESERVE, -1, 0 <unfinished ...>
18512 <... mmap resumed>)               = 0x7f32becfb000
18514 <... munmap resumed>)             = 0
18513 <... mmap resumed>)               = 0x7f32c0efd000
18512 munmap(0x7f32becfb000, 16384 <unfinished ...>
18511 mmap(NULL, 16384, PROT_READ|PROT_WRITE, MAP_PRIVATE|MAP_ANONYMOUS|MAP_NORESERVE, -1, 0 <unfinished ...>
18514 mmap(NULL, 16384, PROT_READ|PROT_WRITE, MAP_PRIVATE|MAP_ANONYMOUS|MAP_NORESERVE, -1, 0 <unfinished ...>
18513 munmap(0x7f32c0efd000, 16384 <unfinished ...>
18514 <... mmap resumed>)               = 0x7f32becfb000
18512 <... munmap resumed>)             = 0
18514 munmap(0x7f32becfb000, 16384 <unfinished ...>
18512 mmap(NULL, 16384, PROT_READ|PROT_WRITE, MAP_PRIVATE|MAP_ANONYMOUS|MAP_NORESERVE, -1, 0 <unfinished ...>
18513 <... munmap resumed>)             = 0
18512 <... mmap resumed>)               = 0x7f32c0efd000
18511 <... mmap resumed>)               = 0x7f32becf7000
18513 mmap(NULL, 16384, PROT_READ|PROT_WRITE, MAP_PRIVATE|MAP_ANONYMOUS|MAP_NORESERVE, -1, 0 <unfinished ...>
18512 munmap(0x7f32c0efd000, 16384 <unfinished ...>
18514 <... munmap resumed>)             = 0
18512 <... munmap resumed>)             = 0
18513 <... mmap resumed>)               = 0x7f32c0efd000
18511 munmap(0x7f32becf7000, 16384 <unfinished ...>
18514 mmap(NULL, 16384, PROT_READ|PROT_WRITE, MAP_PRIVATE|MAP_ANONYMOUS|MAP_NORESERVE, -1, 0 <unfinished ...>
18512 mmap(NULL, 16384, PROT_READ|PROT_WRITE, MAP_PRIVATE|MAP_ANONYMOUS|MAP_NORESERVE, -1, 0 <unfinished ...>
18511 <... munmap resumed>)             = 0
18514 <... mmap resumed>)               = 0x7f32becfb000
18512 <... mmap resumed>)               = 0x7f32becf7000
18511 mmap(NULL, 16384, PROT_READ|PROT_WRITE, MAP_PRIVATE|MAP_ANONYMOUS|MAP_NORESERVE, -1, 0 <unfinished ...>
18514 munmap(0x7f32becfb000, 16384 <unfinished ...>
18513 munmap(0x7f32c0efd000, 16384 <unfinished ...>
18514 <... munmap resumed>)             = 0
18511 <... mmap resumed>)               = 0x7f32becfb000
18513 <... munmap resumed>)             = 0
18512 munmap(0x7f32becf7000, 16384 <unfinished ...>
18514 mmap(NULL, 16384, PROT_READ|PROT_WRITE, MAP_PRIVATE|MAP_ANONYMOUS|MAP_NORESERVE, -1, 0 <unfinished ...>
18513 mmap(NULL, 16384, PROT_READ|PROT_WRITE, MAP_PRIVATE|MAP_ANONYMOUS|MAP_NORESERVE, -1, 0 <unfinished ...>
18511 munmap(0x7f32becfb000, 16384 <unfinished ...>
18512 <... munmap resumed>)             = 0
18511 <... munmap resumed>)             = 0
18511 mmap(NULL, 16384, PROT_READ|PROT_WRITE, MAP_PRIVATE|MAP_ANONYMOUS|MAP_NORESERVE, -1, 0 <unfinished ...>
18513 <... mmap resumed>)               = 0x7f32c0efd000
18514 <... mmap resumed>)               = 0x7f32becfb000
18512 mmap(NULL, 16384, PROT_READ|PROT_WRITE, MAP_PRIVATE|MAP_ANONYMOUS|MAP_NORESERVE, -1, 0 <unfinished ...>
18511 <... mmap resumed>)               = 0x7f32becf7000
18514 munmap(0x7f32becfb000, 16384 <unfinished ...>
18511 munmap(0x7f32becf7000, 16384 <unfinished ...>
18513 munmap(0x7f32c0efd000, 16384 <unfinished ...>
18514 <... munmap resumed>)             = 0
18514 mmap(NULL, 16384, PROT_READ|PROT_WRITE, MAP_PRIVATE|MAP_ANONYMOUS|MAP_NORESERVE, -1, 0) = 0x7f32becf3000
18512 <... mmap resumed>)               = 0x7f32becfb000
18514 munmap(0x7f32becf3000, 16384 <unfinished ...>
18512 munmap(0x7f32becfb000, 16384 <unfinished ...>
18511 <... munmap resumed>)             = 0
18514 <... munmap resumed>)             = 0
18514 mmap(NULL, 16384, PROT_READ|PROT_WRITE, MAP_PRIVATE|MAP_ANONYMOUS|MAP_NORESERVE, -1, 0 <unfinished ...>
18512 <... munmap resumed>)             = 0
18511 mmap(NULL, 16384, PROT_READ|PROT_WRITE, MAP_PRIVATE|MAP_ANONYMOUS|MAP_NORESERVE, -1, 0 <unfinished ...>
18514 <... mmap resumed>)               = 0x7f32c0efd000
18514 munmap(0x7f32c0efd000, 16384 <unfinished ...>
18513 <... munmap resumed>)             = 0
18512 mmap(NULL, 16384, PROT_READ|PROT_WRITE, MAP_PRIVATE|MAP_ANONYMOUS|MAP_NORESERVE, -1, 0 <unfinished ...>
18511 <... mmap resumed>)               = 0x7f32becfb000
18514 <... munmap resumed>)             = 0
18513 mmap(NULL, 16384, PROT_READ|PROT_WRITE, MAP_PRIVATE|MAP_ANONYMOUS|MAP_NORESERVE, -1, 0 <unfinished ...>
18512 <... mmap resumed>)               = 0x7f32c0efd000
18514 mmap(NULL, 16384, PROT_READ|PROT_WRITE, MAP_PRIVATE|MAP_ANONYMOUS|MAP_NORESERVE, -1, 0 <unfinished ...>
18511 munmap(0x7f32becfb000, 16384 <unfinished ...>
18514 <... mmap resumed>)               = 0x7f32becf3000
18513 <... mmap resumed>)               = 0x7f32becf7000
18512 munmap(0x7f32c0efd000, 16384 <unfinished ...>
18514 munmap(0x7f32becf3000, 16384 <unfinished ...>
18513 munmap(0x7f32becf7000, 16384 <unfinished ...>
18511 <... munmap resumed>)             = 0
18511 mmap(NULL, 16384, PROT_READ|PROT_WRITE, MAP_PRIVATE|MAP_ANONYMOUS|MAP_NORESERVE, -1, 0 <unfinished ...>
18514 <... munmap resumed>)             = 0
18514 mmap(NULL, 16384, PROT_READ|PROT_WRITE, MAP_PRIVATE|MAP_ANONYMOUS|MAP_NORESERVE, -1, 0 <unfinished ...>
18513 <... munmap resumed>)             = 0
18512 <... munmap resumed>)             = 0
18513 mmap(NULL, 16384, PROT_READ|PROT_WRITE, MAP_PRIVATE|MAP_ANONYMOUS|MAP_NORESERVE, -1, 0 <unfinished ...>
18512 mmap(NULL, 16384, PROT_READ|PROT_WRITE, MAP_PRIVATE|MAP_ANONYMOUS|MAP_NORESERVE, -1, 0 <unfinished ...>
18514 <... mmap resumed>)               = 0x7f32becfb000
18513 <... mmap resumed>)               = 0x7f32becf7000
18512 <... mmap resumed>)               = 0x7f32becf3000
18511 <... mmap resumed>)               = 0x7f32c0efd000
18514 munmap(0x7f32becfb000, 16384 <unfinished ...>
18512 munmap(0x7f32becf3000, 16384 <unfinished ...>
18511 munmap(0x7f32c0efd000, 16384 <unfinished ...>
18514 <... munmap resumed>)             = 0
18513 munmap(0x7f32becf7000, 16384 <unfinished ...>
18514 mmap(NULL, 16384, PROT_READ|PROT_WRITE, MAP_PRIVATE|MAP_ANONYMOUS|MAP_NORESERVE, -1, 0 <unfinished ...>
18512 <... munmap resumed>)             = 0
18511 <... munmap resumed>)             = 0
18512 mmap(NULL, 16384, PROT_READ|PROT_WRITE, MAP_PRIVATE|MAP_ANONYMOUS|MAP_NORESERVE, -1, 0 <unfinished ...>
18513 <... munmap resumed>)             = 0
18511 mmap(NULL, 16384, PROT_READ|PROT_WRITE, MAP_PRIVATE|MAP_ANONYMOUS|MAP_NORESERVE, -1, 0 <unfinished ...>
18514 <... mmap resumed>)               = 0x7f32c0efd000
18512 <... mmap resumed>)               = 0x7f32becfb000
18513 mmap(NULL, 16384, PROT_READ|PROT_WRITE, MAP_PRIVATE|MAP_ANONYMOUS|MAP_NORESERVE, -1, 0 <unfinished ...>
18511 <... mmap resumed>)               = 0x7f32becf7000
18514 munmap(0x7f32c0efd000, 16384 <unfinished ...>
18512 munmap(0x7f32becfb000, 16384 <unfinished ...>
18513 <... mmap resumed>)               = 0x7f32becf3000
18511 munmap(0x7f32becf7000, 16384 <unfinished ...>
18514 <... munmap resumed>)             = 0
18513 munmap(0x7f32becf3000, 16384 <unfinished ...>
18512 <... munmap resumed>)             = 0
18514 mmap(NULL, 16384, PROT_READ|PROT_WRITE, MAP_PRIVATE|MAP_ANONYMOUS|MAP_NORESERVE, -1, 0 <unfinished ...>
18511 <... munmap resumed>)             = 0
18514 <... mmap resumed>)               = 0x7f32c0efd000
18513 <... munmap resumed>)             = 0
18512 mmap(NULL, 16384, PROT_READ|PROT_WRITE, MAP_PRIVATE|MAP_ANONYMOUS|MAP_NORESERVE, -1, 0 <unfinished ...>
18514 munmap(0x7f32c0efd000, 16384 <unfinished ...>
18513 mmap(NULL, 16384, PROT_READ|PROT_WRITE, MAP_PRIVATE|MAP_ANONYMOUS|MAP_NORESERVE, -1, 0 <unfinished ...>
18511 mmap(NULL, 16384, PROT_READ|PROT_WRITE, MAP_PRIVATE|MAP_ANONYMOUS|MAP_NORESERVE, -1, 0 <unfinished ...>
18514 <... munmap resumed>)             = 0
18512 <... mmap resumed>)               = 0x7f32becfb000
18514 mmap(NULL, 16384, PROT_READ|PROT_WRITE, MAP_PRIVATE|MAP_ANONYMOUS|MAP_NORESERVE, -1, 0 <unfinished ...>
18513 <... mmap resumed>)               = 0x7f32c0efd000
18514 <... mmap resumed>)               = 0x7f32becf7000
18511 <... mmap resumed>)               = 0x7f32becf3000
18513 munmap(0x7f32c0efd000, 16384 <unfinished ...>
18512 munmap(0x7f32becfb000, 16384 <unfinished ...>
18514 munmap(0x7f32becf7000, 16384 <unfinished ...>
18513 <... munmap resumed>)             = 0
18512 <... munmap resumed>)             = 0
18511 munmap(0x7f32becf3000, 16384 <unfinished ...>
18514 <... munmap resumed>)             = 0
18513 mmap(NULL, 16384, PROT_READ|PROT_WRITE, MAP_PRIVATE|MAP_ANONYMOUS|MAP_NORESERVE, -1, 0 <unfinished ...>
18512 mmap(NULL, 16384, PROT_READ|PROT_WRITE, MAP_PRIVATE|MAP_ANONYMOUS|MAP_NORESERVE, -1, 0 <unfinished ...>
18511 <... munmap resumed>)             = 0
18514 mmap(NULL, 16384, PROT_READ|PROT_WRITE, MAP_PRIVATE|MAP_ANONYMOUS|MAP_NORESERVE, -1, 0 <unfinished ...>
18513 <... mmap resumed>)               = 0x7f32c0efd000
18512 <... mmap resumed>)               = 0x7f32becfb000
18511 mmap(NULL, 16384, PROT_READ|PROT_WRITE, MAP_PRIVATE|MAP_ANONYMOUS|MAP_NORESERVE, -1, 0 <unfinished ...>
18514 <... mmap resumed>)               = 0x7f32becf7000
18513 munmap(0x7f32c0efd000, 16384 <unfinished ...>
18512 munmap(0x7f32becfb000, 16384 <unfinished ...>
18511 <... mmap resumed>)               = 0x7f32becf3000
18514 munmap(0x7f32becf7000, 16384 <unfinished ...>
18511 munmap(0x7f32becf3000, 16384 <unfinished ...>
18513 <... munmap resumed>)             = 0
18512 <... munmap resumed>)             = 0
18514 <... munmap resumed>)             = 0
18511 <... munmap resumed>)             = 0
18514 mmap(NULL, 16384, PROT_READ|PROT_WRITE, MAP_PRIVATE|MAP_ANONYMOUS|MAP_NORESERVE, -1, 0 <unfinished ...>
18513 mmap(NULL, 16384, PROT_READ|PROT_WRITE, MAP_PRIVATE|MAP_ANONYMOUS|MAP_NORESERVE, -1, 0 <unfinished ...>
18512 mmap(NULL, 16384, PROT_READ|PROT_WRITE, MAP_PRIVATE|MAP_ANONYMOUS|MAP_NORESERVE, -1, 0 <unfinished ...>
18511 mmap(NULL, 16384, PROT_READ|PROT_WRITE, MAP_PRIVATE|MAP_ANONYMOUS|MAP_NORESERVE, -1, 0 <unfinished ...>
18514 <... mmap resumed>)               = 0x7f32becfb000
18513 <... mmap resumed>)               = 0x7f32c0efd000
18513 munmap(0x7f32c0efd000, 16384 <unfinished ...>
18511 <... mmap resumed>)               = 0x7f32becf7000
18514 munmap(0x7f32becfb000, 16384 <unfinished ...>
18511 munmap(0x7f32becf7000, 16384 <unfinished ...>
18513 <... munmap resumed>)             = 0
18513 mmap(NULL, 16384, PROT_READ|PROT_WRITE, MAP_PRIVATE|MAP_ANONYMOUS|MAP_NORESERVE, -1, 0 <unfinished ...>
18512 <... mmap resumed>)               = 0x7f32c0efd000
18511 <... munmap resumed>)             = 0
18514 <... munmap resumed>)             = 0
18513 <... mmap resumed>)               = 0x7f32becfb000
18511 mmap(NULL, 16384, PROT_READ|PROT_WRITE, MAP_PRIVATE|MAP_ANONYMOUS|MAP_NORESERVE, -1, 0 <unfinished ...>
18514 mmap(NULL, 16384, PROT_READ|PROT_WRITE, MAP_PRIVATE|MAP_ANONYMOUS|MAP_NORESERVE, -1, 0 <unfinished ...>
18513 munmap(0x7f32becfb000, 16384 <unfinished ...>
18512 munmap(0x7f32c0efd000, 16384 <unfinished ...>
18511 <... mmap resumed>)               = 0x7f32becf7000
18514 <... mmap resumed>)               = 0x7f32becf3000
18513 <... munmap resumed>)             = 0
18514 munmap(0x7f32becf3000, 16384 <unfinished ...>
18512 <... munmap resumed>)             = 0
18511 munmap(0x7f32becf7000, 16384 <unfinished ...>
18513 mmap(NULL, 16384, PROT_READ|PROT_WRITE, MAP_PRIVATE|MAP_ANONYMOUS|MAP_NORESERVE, -1, 0 <unfinished ...>
18512 mmap(NULL, 16384, PROT_READ|PROT_WRITE, MAP_PRIVATE|MAP_ANONYMOUS|MAP_NORESERVE, -1, 0 <unfinished ...>
18514 <... munmap resumed>)             = 0
18512 <... mmap resumed>)               = 0x7f32c0efd000
18511 <... munmap resumed>)             = 0
18514 mmap(NULL, 16384, PROT_READ|PROT_WRITE, MAP_PRIVATE|MAP_ANONYMOUS|MAP_NORESERVE, -1, 0 <unfinished ...>
18513 <... mmap resumed>)               = 0x7f32becfb000
18512 munmap(0x7f32c0efd000, 16384 <unfinished ...>
18514 <... mmap resumed>)               = 0x7f32becf7000
18511 mmap(NULL, 16384, PROT_READ|PROT_WRITE, MAP_PRIVATE|MAP_ANONYMOUS|MAP_NORESERVE, -1, 0 <unfinished ...>
18514 munmap(0x7f32becf7000, 16384 <unfinished ...>
18513 munmap(0x7f32becfb000, 16384 <unfinished ...>
18511 <... mmap resumed>)               = 0x7f32becf3000
18512 <... munmap resumed>)             = 0
18511 munmap(0x7f32becf3000, 16384 <unfinished ...>
18513 <... munmap resumed>)             = 0
18513 mmap(NULL, 16384, PROT_READ|PROT_WRITE, MAP_PRIVATE|MAP_ANONYMOUS|MAP_NORESERVE, -1, 0 <unfinished ...>
18512 mmap(NULL, 16384, PROT_READ|PROT_WRITE, MAP_PRIVATE|MAP_ANONYMOUS|MAP_NORESERVE, -1, 0 <unfinished ...>
18514 <... munmap resumed>)             = 0
18512 <... mmap resumed>)               = 0x7f32c0efd000
18511 <... munmap resumed>)             = 0
18514 mmap(NULL, 16384, PROT_READ|PROT_WRITE, MAP_PRIVATE|MAP_ANONYMOUS|MAP_NORESERVE, -1, 0 <unfinished ...>
18513 <... mmap resumed>)               = 0x7f32becfb000
18512 munmap(0x7f32c0efd000, 16384 <unfinished ...>
18511 mmap(NULL, 16384, PROT_READ|PROT_WRITE, MAP_PRIVATE|MAP_ANONYMOUS|MAP_NORESERVE, -1, 0 <unfinished ...>
18514 <... mmap resumed>)               = 0x7f32c0efd000
18513 munmap(0x7f32becfb000, 16384 <unfinished ...>
18512 <... munmap resumed>)             = 0
18511 <... mmap resumed>)               = 0x7f32becf7000
18514 munmap(0x7f32c0efd000, 16384 <unfinished ...>
18513 <... munmap resumed>)             = 0
18512 mmap(NULL, 16384, PROT_READ|PROT_WRITE, MAP_PRIVATE|MAP_ANONYMOUS|MAP_NORESERVE, -1, 0 <unfinished ...>
18511 munmap(0x7f32becf7000, 16384 <unfinished ...>
18514 <... munmap resumed>)             = 0
18513 mmap(NULL, 16384, PROT_READ|PROT_WRITE, MAP_PRIVATE|MAP_ANONYMOUS|MAP_NORESERVE, -1, 0 <unfinished ...>
18512 <... mmap resumed>)               = 0x7f32c0efd000
18511 <... munmap resumed>)             = 0
18514 mmap(NULL, 16384, PROT_READ|PROT_WRITE, MAP_PRIVATE|MAP_ANONYMOUS|MAP_NORESERVE, -1, 0 <unfinished ...>
18511 mmap(NULL, 16384, PROT_READ|PROT_WRITE, MAP_PRIVATE|MAP_ANONYMOUS|MAP_NORESERVE, -1, 0 <unfinished ...>
18512 munmap(0x7f32c0efd000, 16384 <unfinished ...>
18514 <... mmap resumed>)               = 0x7f32becf7000
18513 <... mmap resumed>)               = 0x7f32becfb000
18511 <... mmap resumed>)               = 0x7f32becf3000
18514 munmap(0x7f32becf7000, 16384 <unfinished ...>
18513 munmap(0x7f32becfb000, 16384 <unfinished ...>
18512 <... munmap resumed>)             = 0
18511 munmap(0x7f32becf3000, 16384 <unfinished ...>
18513 <... munmap resumed>)             = 0
18512 mmap(NULL, 16384, PROT_READ|PROT_WRITE, MAP_PRIVATE|MAP_ANONYMOUS|MAP_NORESERVE, -1, 0 <unfinished ...>
18514 <... munmap resumed>)             = 0
18513 mmap(NULL, 16384, PROT_READ|PROT_WRITE, MAP_PRIVATE|MAP_ANONYMOUS|MAP_NORESERVE, -1, 0 <unfinished ...>
18514 mmap(NULL, 16384, PROT_READ|PROT_WRITE, MAP_PRIVATE|MAP_ANONYMOUS|MAP_NORESERVE, -1, 0 <unfinished ...>
18512 <... mmap resumed>)               = 0x7f32c0efd000
18511 <... munmap resumed>)             = 0
18514 <... mmap resumed>)               = 0x7f32becf7000
18513 <... mmap resumed>)               = 0x7f32becfb000
18512 munmap(0x7f32c0efd000, 16384 <unfinished ...>
18514 munmap(0x7f32becf7000, 16384 <unfinished ...>
18511 mmap(NULL, 16384, PROT_READ|PROT_WRITE, MAP_PRIVATE|MAP_ANONYMOUS|MAP_NORESERVE, -1, 0 <unfinished ...>
18513 munmap(0x7f32becfb000, 16384 <unfinished ...>
18512 <... munmap resumed>)             = 0
18514 <... munmap resumed>)             = 0
18513 <... munmap resumed>)             = 0
18513 mmap(NULL, 16384, PROT_READ|PROT_WRITE, MAP_PRIVATE|MAP_ANONYMOUS|MAP_NORESERVE, -1, 0 <unfinished ...>
18512 mmap(NULL, 16384, PROT_READ|PROT_WRITE, MAP_PRIVATE|MAP_ANONYMOUS|MAP_NORESERVE, -1, 0 <unfinished ...>
18511 <... mmap resumed>)               = 0x7f32c0efd000
18513 <... mmap resumed>)               = 0x7f32becfb000
18514 mmap(NULL, 16384, PROT_READ|PROT_WRITE, MAP_PRIVATE|MAP_ANONYMOUS|MAP_NORESERVE, -1, 0 <unfinished ...>
18512 <... mmap resumed>)               = 0x7f32becf7000
18514 <... mmap resumed>)               = 0x7f32becf3000
18513 munmap(0x7f32becfb000, 16384 <unfinished ...>
18512 munmap(0x7f32becf7000, 16384 <unfinished ...>
18511 munmap(0x7f32c0efd000, 16384 <unfinished ...>
18514 munmap(0x7f32becf3000, 16384 <unfinished ...>
18513 <... munmap resumed>)             = 0
18513 mmap(NULL, 16384, PROT_READ|PROT_WRITE, MAP_PRIVATE|MAP_ANONYMOUS|MAP_NORESERVE, -1, 0 <unfinished ...>
18512 <... munmap resumed>)             = 0
18511 <... munmap resumed>)             = 0
18513 <... mmap resumed>)               = 0x7f32c0efd000
18512 mmap(NULL, 16384, PROT_READ|PROT_WRITE, MAP_PRIVATE|MAP_ANONYMOUS|MAP_NORESERVE, -1, 0 <unfinished ...>
18511 mmap(NULL, 16384, PROT_READ|PROT_WRITE, MAP_PRIVATE|MAP_ANONYMOUS|MAP_NORESERVE, -1, 0 <unfinished ...>
18513 munmap(0x7f32c0efd000, 16384 <unfinished ...>
18512 <... mmap resumed>)               = 0x7f32becfb000
18514 <... munmap resumed>)             = 0
18513 <... munmap resumed>)             = 0
18514 mmap(NULL, 16384, PROT_READ|PROT_WRITE, MAP_PRIVATE|MAP_ANONYMOUS|MAP_NORESERVE, -1, 0 <unfinished ...>
18513 mmap(NULL, 16384, PROT_READ|PROT_WRITE, MAP_PRIVATE|MAP_ANONYMOUS|MAP_NORESERVE, -1, 0 <unfinished ...>
18512 munmap(0x7f32becfb000, 16384 <unfinished ...>
18511 <... mmap resumed>)               = 0x7f32c0efd000
18513 <... mmap resumed>)               = 0x7f32becf3000
18514 <... mmap resumed>)               = 0x7f32becf7000
18514 munmap(0x7f32becf7000, 16384 <unfinished ...>
18513 munmap(0x7f32becf3000, 16384 <unfinished ...>
18512 <... munmap resumed>)             = 0
18511 munmap(0x7f32c0efd000, 16384 <unfinished ...>
18512 mmap(NULL, 16384, PROT_READ|PROT_WRITE, MAP_PRIVATE|MAP_ANONYMOUS|MAP_NORESERVE, -1, 0 <unfinished ...>
18513 <... munmap resumed>)             = 0
18513 mmap(NULL, 16384, PROT_READ|PROT_WRITE, MAP_PRIVATE|MAP_ANONYMOUS|MAP_NORESERVE, -1, 0 <unfinished ...>
18514 <... munmap resumed>)             = 0
18514 mmap(NULL, 16384, PROT_READ|PROT_WRITE, MAP_PRIVATE|MAP_ANONYMOUS|MAP_NORESERVE, -1, 0 <unfinished ...>
18513 <... mmap resumed>)               = 0x7f32becf7000
18512 <... mmap resumed>)               = 0x7f32becfb000
18511 <... munmap resumed>)             = 0
18514 <... mmap resumed>)               = 0x7f32c0efd000
18513 munmap(0x7f32becf7000, 16384 <unfinished ...>
18514 munmap(0x7f32c0efd000, 16384 <unfinished ...>
18512 munmap(0x7f32becfb000, 16384 <unfinished ...>
18513 <... munmap resumed>)             = 0
18513 mmap(NULL, 16384, PROT_READ|PROT_WRITE, MAP_PRIVATE|MAP_ANONYMOUS|MAP_NORESERVE, -1, 0 <unfinished ...>
18511 mmap(NULL, 16384, PROT_READ|PROT_WRITE, MAP_PRIVATE|MAP_ANONYMOUS|MAP_NORESERVE, -1, 0 <unfinished ...>
18514 <... munmap resumed>)             = 0
18513 <... mmap resumed>)               = 0x7f32c0efd000
18512 <... munmap resumed>)             = 0
18514 mmap(NULL, 16384, PROT_READ|PROT_WRITE, MAP_PRIVATE|MAP_ANONYMOUS|MAP_NORESERVE, -1, 0 <unfinished ...>
18511 <... mmap resumed>)               = 0x7f32becfb000
18514 <... mmap resumed>)               = 0x7f32becf7000
18512 mmap(NULL, 16384, PROT_READ|PROT_WRITE, MAP_PRIVATE|MAP_ANONYMOUS|MAP_NORESERVE, -1, 0 <unfinished ...>
18513 munmap(0x7f32c0efd000, 16384 <unfinished ...>
18514 munmap(0x7f32becf7000, 16384 <unfinished ...>
18512 <... mmap resumed>)               = 0x7f32becf3000
18511 munmap(0x7f32becfb000, 16384 <unfinished ...>
18512 munmap(0x7f32becf3000, 16384 <unfinished ...>
18513 <... munmap resumed>)             = 0
18513 mmap(NULL, 16384, PROT_READ|PROT_WRITE, MAP_PRIVATE|MAP_ANONYMOUS|MAP_NORESERVE, -1, 0 <unfinished ...>
18514 <... munmap resumed>)             = 0
18513 <... mmap resumed>)               = 0x7f32c0efd000
18514 mmap(NULL, 16384, PROT_READ|PROT_WRITE, MAP_PRIVATE|MAP_ANONYMOUS|MAP_NORESERVE, -1, 0 <unfinished ...>
18511 <... munmap resumed>)             = 0
18512 <... munmap resumed>)             = 0
18514 <... mmap resumed>)               = 0x7f32becfb000
18513 munmap(0x7f32c0efd000, 16384 <unfinished ...>
18511 mmap(NULL, 16384, PROT_READ|PROT_WRITE, MAP_PRIVATE|MAP_ANONYMOUS|MAP_NORESERVE, -1, 0 <unfinished ...>
18512 mmap(NULL, 16384, PROT_READ|PROT_WRITE, MAP_PRIVATE|MAP_ANONYMOUS|MAP_NORESERVE, -1, 0 <unfinished ...>
18514 munmap(0x7f32becfb000, 16384 <unfinished ...>
18513 <... munmap resumed>)             = 0
18513 mmap(NULL, 16384, PROT_READ|PROT_WRITE, MAP_PRIVATE|MAP_ANONYMOUS|MAP_NORESERVE, -1, 0 <unfinished ...>
18511 <... mmap resumed>)               = 0x7f32c0efd000
18513 <... mmap resumed>)               = 0x7f32becfb000
18514 <... munmap resumed>)             = 0
18513 munmap(0x7f32becfb000, 16384 <unfinished ...>
18512 <... mmap resumed>)               = 0x7f32becf7000
18511 munmap(0x7f32c0efd000, 16384 <unfinished ...>
18514 mmap(NULL, 16384, PROT_READ|PROT_WRITE, MAP_PRIVATE|MAP_ANONYMOUS|MAP_NORESERVE, -1, 0 <unfinished ...>
18513 <... munmap resumed>)             = 0
18512 munmap(0x7f32becf7000, 16384 <unfinished ...>
18511 <... munmap resumed>)             = 0
18514 <... mmap resumed>)               = 0x7f32c0efd000
18513 mmap(NULL, 16384, PROT_READ|PROT_WRITE, MAP_PRIVATE|MAP_ANONYMOUS|MAP_NORESERVE, -1, 0 <unfinished ...>
18512 <... munmap resumed>)             = 0
18511 mmap(NULL, 16384, PROT_READ|PROT_WRITE, MAP_PRIVATE|MAP_ANONYMOUS|MAP_NORESERVE, -1, 0 <unfinished ...>
18514 munmap(0x7f32c0efd000, 16384 <unfinished ...>
18513 <... mmap resumed>)               = 0x7f32becfb000
18512 mmap(NULL, 16384, PROT_READ|PROT_WRITE, MAP_PRIVATE|MAP_ANONYMOUS|MAP_NORESERVE, -1, 0 <unfinished ...>
18511 <... mmap resumed>)               = 0x7f32becf7000
18514 <... munmap resumed>)             = 0
18513 munmap(0x7f32becfb000, 16384 <unfinished ...>
18512 <... mmap resumed>)               = 0x7f32c0efd000
18511 munmap(0x7f32becf7000, 16384 <unfinished ...>
18514 mmap(NULL, 16384, PROT_READ|PROT_WRITE, MAP_PRIVATE|MAP_ANONYMOUS|MAP_NORESERVE, -1, 0 <unfinished ...>
18513 <... munmap resumed>)             = 0
18512 munmap(0x7f32c0efd000, 16384 <unfinished ...>
18511 <... munmap resumed>)             = 0
18514 <... mmap resumed>)               = 0x7f32c0efd000
18513 mmap(NULL, 16384, PROT_READ|PROT_WRITE, MAP_PRIVATE|MAP_ANONYMOUS|MAP_NORESERVE, -1, 0 <unfinished ...>
18512 <... munmap resumed>)             = 0
18511 mmap(NULL, 16384, PROT_READ|PROT_WRITE, MAP_PRIVATE|MAP_ANONYMOUS|MAP_NORESERVE, -1, 0 <unfinished ...>
18513 <... mmap resumed>)               = 0x7f32becfb000
18512 mmap(NULL, 16384, PROT_READ|PROT_WRITE, MAP_PRIVATE|MAP_ANONYMOUS|MAP_NORESERVE, -1, 0 <unfinished ...>
18511 <... mmap resumed>)               = 0x7f32becf7000
18514 munmap(0x7f32c0efd000, 16384 <unfinished ...>
18512 <... mmap resumed>)               = 0x7f32becf3000
18513 munmap(0x7f32becfb000, 16384 <unfinished ...>
18514 <... munmap resumed>)             = 0
18512 munmap(0x7f32becf3000, 16384 <unfinished ...>
18511 munmap(0x7f32becf7000, 16384 <unfinished ...>
18514 mmap(NULL, 16384, PROT_READ|PROT_WRITE, MAP_PRIVATE|MAP_ANONYMOUS|MAP_NORESERVE, -1, 0 <unfinished ...>
18513 <... munmap resumed>)             = 0
18512 <... munmap resumed>)             = 0
18511 <... munmap resumed>)             = 0
18514 <... mmap resumed>)               = 0x7f32c0efd000
18513 mmap(NULL, 16384, PROT_READ|PROT_WRITE, MAP_PRIVATE|MAP_ANONYMOUS|MAP_NORESERVE, -1, 0 <unfinished ...>
18512 mmap(NULL, 16384, PROT_READ|PROT_WRITE, MAP_PRIVATE|MAP_ANONYMOUS|MAP_NORESERVE, -1, 0 <unfinished ...>
18514 munmap(0x7f32c0efd000, 16384 <unfinished ...>
18511 mmap(NULL, 16384, PROT_READ|PROT_WRITE, MAP_PRIVATE|MAP_ANONYMOUS|MAP_NORESERVE, -1, 0 <unfinished ...>
18513 <... mmap resumed>)               = 0x7f32becfb000
18514 <... munmap resumed>)             = 0
18512 <... mmap resumed>)               = 0x7f32becf7000
18511 <... mmap resumed>)               = 0x7f32c0efd000
18514 mmap(NULL, 16384, PROT_READ|PROT_WRITE, MAP_PRIVATE|MAP_ANONYMOUS|MAP_NORESERVE, -1, 0 <unfinished ...>
18513 munmap(0x7f32becfb000, 16384 <unfinished ...>
18512 munmap(0x7f32becf7000, 16384 <unfinished ...>
18511 munmap(0x7f32c0efd000, 16384 <unfinished ...>
18513 <... munmap resumed>)             = 0
18512 <... munmap resumed>)             = 0
18511 <... munmap resumed>)             = 0
18514 <... mmap resumed>)               = 0x7f32c0efd000
18513 mmap(NULL, 16384, PROT_READ|PROT_WRITE, MAP_PRIVATE|MAP_ANONYMOUS|MAP_NORESERVE, -1, 0 <unfinished ...>
18512 mmap(NULL, 16384, PROT_READ|PROT_WRITE, MAP_PRIVATE|MAP_ANONYMOUS|MAP_NORESERVE, -1, 0 <unfinished ...>
18511 mmap(NULL, 16384, PROT_READ|PROT_WRITE, MAP_PRIVATE|MAP_ANONYMOUS|MAP_NORESERVE, -1, 0 <unfinished ...>
18514 munmap(0x7f32c0efd000, 16384 <unfinished ...>
18513 <... mmap resumed>)               = 0x7f32becfb000
18512 <... mmap resumed>)               = 0x7f32becf7000
18511 <... mmap resumed>)               = 0x7f32becf3000
18514 <... munmap resumed>)             = 0
18513 munmap(0x7f32becfb000, 16384 <unfinished ...>
18514 mmap(NULL, 16384, PROT_READ|PROT_WRITE, MAP_PRIVATE|MAP_ANONYMOUS|MAP_NORESERVE, -1, 0 <unfinished ...>
18512 munmap(0x7f32becf7000, 16384 <unfinished ...>
18513 <... munmap resumed>)             = 0
18511 munmap(0x7f32becf3000, 16384 <unfinished ...>
18514 <... mmap resumed>)               = 0x7f32c0efd000
18513 mmap(NULL, 16384, PROT_READ|PROT_WRITE, MAP_PRIVATE|MAP_ANONYMOUS|MAP_NORESERVE, -1, 0 <unfinished ...>
18514 munmap(0x7f32c0efd000, 16384 <unfinished ...>
18512 <... munmap resumed>)             = 0
18514 <... munmap resumed>)             = 0
18512 mmap(NULL, 16384, PROT_READ|PROT_WRITE, MAP_PRIVATE|MAP_ANONYMOUS|MAP_NORESERVE, -1, 0 <unfinished ...>
18514 mmap(NULL, 16384, PROT_READ|PROT_WRITE, MAP_PRIVATE|MAP_ANONYMOUS|MAP_NORESERVE, -1, 0 <unfinished ...>
18511 <... munmap resumed>)             = 0
18514 <... mmap resumed>)               = 0x7f32becfb000
18513 <... mmap resumed>)               = 0x7f32c0efd000
18513 munmap(0x7f32c0efd000, 16384 <unfinished ...>
18514 munmap(0x7f32becfb000, 16384 <unfinished ...>
18511 mmap(NULL, 16384, PROT_READ|PROT_WRITE, MAP_PRIVATE|MAP_ANONYMOUS|MAP_NORESERVE, -1, 0 <unfinished ...>
18514 <... munmap resumed>)             = 0
18513 <... munmap resumed>)             = 0
18512 <... mmap resumed>)               = 0x7f32c0efd000
18511 <... mmap resumed>)               = 0x7f32becfb000
18514 mmap(NULL, 16384, PROT_READ|PROT_WRITE, MAP_PRIVATE|MAP_ANONYMOUS|MAP_NORESERVE, -1, 0 <unfinished ...>
18513 mmap(NULL, 16384, PROT_READ|PROT_WRITE, MAP_PRIVATE|MAP_ANONYMOUS|MAP_NORESERVE, -1, 0 <unfinished ...>
18512 munmap(0x7f32c0efd000, 16384 <unfinished ...>
18511 munmap(0x7f32becfb000, 16384 <unfinished ...>
18514 <... mmap resumed>)               = 0x7f32c0efd000
18513 <... mmap resumed>)               = 0x7f32becfb000
18512 <... munmap resumed>)             = 0
18511 <... munmap resumed>)             = 0
18514 munmap(0x7f32c0efd000, 16384 <unfinished ...>
18513 munmap(0x7f32becfb000, 16384 <unfinished ...>
18512 mmap(NULL, 16384, PROT_READ|PROT_WRITE, MAP_PRIVATE|MAP_ANONYMOUS|MAP_NORESERVE, -1, 0 <unfinished ...>
18514 <... munmap resumed>)             = 0
18511 mmap(NULL, 16384, PROT_READ|PROT_WRITE, MAP_PRIVATE|MAP_ANONYMOUS|MAP_NORESERVE, -1, 0 <unfinished ...>
18514 mmap(NULL, 16384, PROT_READ|PROT_WRITE, MAP_PRIVATE|MAP_ANONYMOUS|MAP_NORESERVE, -1, 0 <unfinished ...>
18512 <... mmap resumed>)               = 0x7f32c0efd000
18513 <... munmap resumed>)             = 0
18513 mmap(NULL, 16384, PROT_READ|PROT_WRITE, MAP_PRIVATE|MAP_ANONYMOUS|MAP_NORESERVE, -1, 0 <unfinished ...>
18514 <... mmap resumed>)               = 0x7f32becf7000
18511 <... mmap resumed>)               = 0x7f32becfb000
18512 munmap(0x7f32c0efd000, 16384 <unfinished ...>
18513 <... mmap resumed>)               = 0x7f32becf3000
18514 munmap(0x7f32becf7000, 16384 <unfinished ...>
18513 munmap(0x7f32becf3000, 16384)     = 0
18512 <... munmap resumed>)             = 0
18511 munmap(0x7f32becfb000, 16384 <unfinished ...>
18514 <... munmap resumed>)             = 0
18514 mmap(NULL, 16384, PROT_READ|PROT_WRITE, MAP_PRIVATE|MAP_ANONYMOUS|MAP_NORESERVE, -1, 0 <unfinished ...>
18513 mmap(NULL, 16384, PROT_READ|PROT_WRITE, MAP_PRIVATE|MAP_ANONYMOUS|MAP_NORESERVE, -1, 0 <unfinished ...>
18514 <... mmap resumed>)               = 0x7f32c0efd000
18512 mmap(NULL, 16384, PROT_READ|PROT_WRITE, MAP_PRIVATE|MAP_ANONYMOUS|MAP_NORESERVE, -1, 0 <unfinished ...>
18511 <... munmap resumed>)             = 0
18514 munmap(0x7f32c0efd000, 16384 <unfinished ...>
18513 <... mmap resumed>)               = 0x7f32becfb000
18511 mmap(NULL, 16384, PROT_READ|PROT_WRITE, MAP_PRIVATE|MAP_ANONYMOUS|MAP_NORESERVE, -1, 0 <unfinished ...>
18514 <... munmap resumed>)             = 0
18512 <... mmap resumed>)               = 0x7f32c0efd000
18514 mmap(NULL, 16384, PROT_READ|PROT_WRITE, MAP_PRIVATE|MAP_ANONYMOUS|MAP_NORESERVE, -1, 0 <unfinished ...>
18513 munmap(0x7f32becfb000, 16384 <unfinished ...>
18512 munmap(0x7f32c0efd000, 16384 <unfinished ...>
18511 <... mmap resumed>)               = 0x7f32becf7000
18514 <... mmap resumed>)               = 0x7f32becf3000
18513 <... munmap resumed>)             = 0
18512 <... munmap resumed>)             = 0
18511 munmap(0x7f32becf7000, 16384 <unfinished ...>
18514 munmap(0x7f32becf3000, 16384 <unfinished ...>
18512 mmap(NULL, 16384, PROT_READ|PROT_WRITE, MAP_PRIVATE|MAP_ANONYMOUS|MAP_NORESERVE, -1, 0 <unfinished ...>
18513 mmap(NULL, 16384, PROT_READ|PROT_WRITE, MAP_PRIVATE|MAP_ANONYMOUS|MAP_NORESERVE, -1, 0 <unfinished ...>
18514 <... munmap resumed>)             = 0
18511 <... munmap resumed>)             = 0
18512 <... mmap resumed>)               = 0x7f32c0efd000
18514 mmap(NULL, 16384, PROT_READ|PROT_WRITE, MAP_PRIVATE|MAP_ANONYMOUS|MAP_NORESERVE, -1, 0 <unfinished ...>
18513 <... mmap resumed>)               = 0x7f32becfb000
18512 munmap(0x7f32c0efd000, 16384 <unfinished ...>
18511 mmap(NULL, 16384, PROT_READ|PROT_WRITE, MAP_PRIVATE|MAP_ANONYMOUS|MAP_NORESERVE, -1, 0 <unfinished ...>
18514 <... mmap resumed>)               = 0x7f32becf7000
18513 munmap(0x7f32becfb000, 16384 <unfinished ...>
18514 munmap(0x7f32becf7000, 16384 <unfinished ...>
18512 <... munmap resumed>)             = 0
18512 mmap(NULL, 16384, PROT_READ|PROT_WRITE, MAP_PRIVATE|MAP_ANONYMOUS|MAP_NORESERVE, -1, 0 <unfinished ...>
18514 <... munmap resumed>)             = 0
18511 <... mmap resumed>)               = 0x7f32c0efd000
18514 mmap(NULL, 16384, PROT_READ|PROT_WRITE, MAP_PRIVATE|MAP_ANONYMOUS|MAP_NORESERVE, -1, 0 <unfinished ...>
18513 <... munmap resumed>)             = 0
18512 <... mmap resumed>)               = 0x7f32becfb000
18514 <... mmap resumed>)               = 0x7f32becf7000
18511 munmap(0x7f32c0efd000, 16384 <unfinished ...>
18513 mmap(NULL, 16384, PROT_READ|PROT_WRITE, MAP_PRIVATE|MAP_ANONYMOUS|MAP_NORESERVE, -1, 0 <unfinished ...>
18514 munmap(0x7f32becf7000, 16384 <unfinished ...>
18512 munmap(0x7f32becfb000, 16384 <unfinished ...>
18514 <... munmap resumed>)             = 0
18513 <... mmap resumed>)               = 0x7f32c0efd000
18512 <... munmap resumed>)             = 0
18511 <... munmap resumed>)             = 0
18514 mmap(NULL, 16384, PROT_READ|PROT_WRITE, MAP_PRIVATE|MAP_ANONYMOUS|MAP_NORESERVE, -1, 0 <unfinished ...>
18513 munmap(0x7f32c0efd000, 16384 <unfinished ...>
18512 mmap(NULL, 16384, PROT_READ|PROT_WRITE, MAP_PRIVATE|MAP_ANONYMOUS|MAP_NORESERVE, -1, 0 <unfinished ...>
18514 <... mmap resumed>)               = 0x7f32becfb000
18511 mmap(NULL, 16384, PROT_READ|PROT_WRITE, MAP_PRIVATE|MAP_ANONYMOUS|MAP_NORESERVE, -1, 0 <unfinished ...>
18513 <... munmap resumed>)             = 0
18512 <... mmap resumed>)               = 0x7f32c0efd000
18514 munmap(0x7f32becfb000, 16384 <unfinished ...>
18513 mmap(NULL, 16384, PROT_READ|PROT_WRITE, MAP_PRIVATE|MAP_ANONYMOUS|MAP_NORESERVE, -1, 0 <unfinished ...>
18512 munmap(0x7f32c0efd000, 16384 <unfinished ...>
18511 <... mmap resumed>)               = 0x7f32becf7000
18514 <... munmap resumed>)             = 0
18513 <... mmap resumed>)               = 0x7f32becfb000
18512 <... munmap resumed>)             = 0
18514 mmap(NULL, 16384, PROT_READ|PROT_WRITE, MAP_PRIVATE|MAP_ANONYMOUS|MAP_NORESERVE, -1, 0 <unfinished ...>
18511 munmap(0x7f32becf7000, 16384 <unfinished ...>
18514 <... mmap resumed>)               = 0x7f32c0efd000
18513 munmap(0x7f32becfb000, 16384 <unfinished ...>
18512 mmap(NULL, 16384, PROT_READ|PROT_WRITE, MAP_PRIVATE|MAP_ANONYMOUS|MAP_NORESERVE, -1, 0 <unfinished ...>
18511 <... munmap resumed>)             = 0
18514 munmap(0x7f32c0efd000, 16384 <unfinished ...>
18513 <... munmap resumed>)             = 0
18512 <... mmap resumed>)               = 0x7f32becfb000
18511 mmap(NULL, 16384, PROT_READ|PROT_WRITE, MAP_PRIVATE|MAP_ANONYMOUS|MAP_NORESERVE, -1, 0 <unfinished ...>
18513 mmap(NULL, 16384, PROT_READ|PROT_WRITE, MAP_PRIVATE|MAP_ANONYMOUS|MAP_NORESERVE, -1, 0 <unfinished ...>
18512 munmap(0x7f32becfb000, 16384 <unfinished ...>
18514 <... munmap resumed>)             = 0
18513 <... mmap resumed>)               = 0x7f32c0efd000
18512 <... munmap resumed>)             = 0
18511 <... mmap resumed>)               = 0x7f32becf7000
18513 munmap(0x7f32c0efd000, 16384 <unfinished ...>
18512 mmap(NULL, 16384, PROT_READ|PROT_WRITE, MAP_PRIVATE|MAP_ANONYMOUS|MAP_NORESERVE, -1, 0 <unfinished ...>
18514 mmap(NULL, 16384, PROT_READ|PROT_WRITE, MAP_PRIVATE|MAP_ANONYMOUS|MAP_NORESERVE, -1, 0 <unfinished ...>
18513 <... munmap resumed>)             = 0
18512 <... mmap resumed>)               = 0x7f32c0efd000
18511 munmap(0x7f32becf7000, 16384 <unfinished ...>
18514 <... mmap resumed>)               = 0x7f32becfb000
18514 munmap(0x7f32becfb000, 16384 <unfinished ...>
18513 mmap(NULL, 16384, PROT_READ|PROT_WRITE, MAP_PRIVATE|MAP_ANONYMOUS|MAP_NORESERVE, -1, 0 <unfinished ...>
18512 munmap(0x7f32c0efd000, 16384 <unfinished ...>
18511 <... munmap resumed>)             = 0
18514 <... munmap resumed>)             = 0
18513 <... mmap resumed>)               = 0x7f32becf7000
18511 mmap(NULL, 16384, PROT_READ|PROT_WRITE, MAP_PRIVATE|MAP_ANONYMOUS|MAP_NORESERVE, -1, 0 <unfinished ...>
18514 mmap(NULL, 16384, PROT_READ|PROT_WRITE, MAP_PRIVATE|MAP_ANONYMOUS|MAP_NORESERVE, -1, 0 <unfinished ...>
18513 munmap(0x7f32becf7000, 16384 <unfinished ...>
18512 <... munmap resumed>)             = 0
18511 <... mmap resumed>)               = 0x7f32c0efd000
18514 <... mmap resumed>)               = 0x7f32becfb000
18513 <... munmap resumed>)             = 0
18512 mmap(NULL, 16384, PROT_READ|PROT_WRITE, MAP_PRIVATE|MAP_ANONYMOUS|MAP_NORESERVE, -1, 0 <unfinished ...>
18511 munmap(0x7f32c0efd000, 16384 <unfinished ...>
18514 munmap(0x7f32becfb000, 16384 <unfinished ...>
18513 mmap(NULL, 16384, PROT_READ|PROT_WRITE, MAP_PRIVATE|MAP_ANONYMOUS|MAP_NORESERVE, -1, 0 <unfinished ...>
18512 <... mmap resumed>)               = 0x7f32c0efd000
18511 <... munmap resumed>)             = 0
18514 <... munmap resumed>)             = 0
18513 <... mmap resumed>)               = 0x7f32becfb000
18511 mmap(NULL, 16384, PROT_READ|PROT_WRITE, MAP_PRIVATE|MAP_ANONYMOUS|MAP_NORESERVE, -1, 0 <unfinished ...>
18512 munmap(0x7f32c0efd000, 16384 <unfinished ...>
18514 mmap(NULL, 16384, PROT_READ|PROT_WRITE, MAP_PRIVATE|MAP_ANONYMOUS|MAP_NORESERVE, -1, 0 <unfinished ...>
18513 munmap(0x7f32becfb000, 16384 <unfinished ...>
18511 <... mmap resumed>)               = 0x7f32becf7000
18514 <... mmap resumed>)               = 0x7f32c0efd000
18513 <... munmap resumed>)             = 0
18512 <... munmap resumed>)             = 0
18514 munmap(0x7f32c0efd000, 16384 <unfinished ...>
18513 mmap(NULL, 16384, PROT_READ|PROT_WRITE, MAP_PRIVATE|MAP_ANONYMOUS|MAP_NORESERVE, -1, 0 <unfinished ...>
18512 mmap(NULL, 16384, PROT_READ|PROT_WRITE, MAP_PRIVATE|MAP_ANONYMOUS|MAP_NORESERVE, -1, 0 <unfinished ...>
18514 <... munmap resumed>)             = 0
18513 <... mmap resumed>)               = 0x7f32c0efd000
18511 munmap(0x7f32becf7000, 16384 <unfinished ...>
18514 mmap(NULL, 16384, PROT_READ|PROT_WRITE, MAP_PRIVATE|MAP_ANONYMOUS|MAP_NORESERVE, -1, 0) = 0x7f32becfb000
18513 munmap(0x7f32c0efd000, 16384 <unfinished ...>
18512 <... mmap resumed>)               = 0x7f32becf3000
18511 <... munmap resumed>)             = 0
18514 munmap(0x7f32becfb000, 16384 <unfinished ...>
18513 <... munmap resumed>)             = 0
18512 munmap(0x7f32becf3000, 16384 <unfinished ...>
18511 mmap(NULL, 16384, PROT_READ|PROT_WRITE, MAP_PRIVATE|MAP_ANONYMOUS|MAP_NORESERVE, -1, 0 <unfinished ...>
18514 <... munmap resumed>)             = 0
18513 mmap(NULL, 16384, PROT_READ|PROT_WRITE, MAP_PRIVATE|MAP_ANONYMOUS|MAP_NORESERVE, -1, 0 <unfinished ...>
18512 <... munmap resumed>)             = 0
18514 mmap(NULL, 16384, PROT_READ|PROT_WRITE, MAP_PRIVATE|MAP_ANONYMOUS|MAP_NORESERVE, -1, 0 <unfinished ...>
18513 <... mmap resumed>)               = 0x7f32becfb000
18512 mmap(NULL, 16384, PROT_READ|PROT_WRITE, MAP_PRIVATE|MAP_ANONYMOUS|MAP_NORESERVE, -1, 0 <unfinished ...>
18511 <... mmap resumed>)               = 0x7f32c0efd000
18514 <... mmap resumed>)               = 0x7f32becf7000
18514 munmap(0x7f32becf7000, 16384 <unfinished ...>
18513 munmap(0x7f32becfb000, 16384 <unfinished ...>
18512 <... mmap resumed>)               = 0x7f32becf3000
18511 munmap(0x7f32c0efd000, 16384 <unfinished ...>
18512 munmap(0x7f32becf3000, 16384 <unfinished ...>
18514 <... munmap resumed>)             = 0
18513 <... munmap resumed>)             = 0
18512 <... munmap resumed>)             = 0
18514 mmap(NULL, 16384, PROT_READ|PROT_WRITE, MAP_PRIVATE|MAP_ANONYMOUS|MAP_NORESERVE, -1, 0 <unfinished ...>
18511 <... munmap resumed>)             = 0
18513 mmap(NULL, 16384, PROT_READ|PROT_WRITE, MAP_PRIVATE|MAP_ANONYMOUS|MAP_NORESERVE, -1, 0 <unfinished ...>
18512 mmap(NULL, 16384, PROT_READ|PROT_WRITE, MAP_PRIVATE|MAP_ANONYMOUS|MAP_NORESERVE, -1, 0 <unfinished ...>
18514 <... mmap resumed>)               = 0x7f32c0efd000
18513 <... mmap resumed>)               = 0x7f32becfb000
18512 <... mmap resumed>)               = 0x7f32becf7000
18511 mmap(NULL, 16384, PROT_READ|PROT_WRITE, MAP_PRIVATE|MAP_ANONYMOUS|MAP_NORESERVE, -1, 0 <unfinished ...>
18514 munmap(0x7f32c0efd000, 16384 <unfinished ...>
18513 munmap(0x7f32becfb000, 16384 <unfinished ...>
18512 munmap(0x7f32becf7000, 16384 <unfinished ...>
18514 <... munmap resumed>)             = 0
18513 <... munmap resumed>)             = 0
18514 mmap(NULL, 16384, PROT_READ|PROT_WRITE, MAP_PRIVATE|MAP_ANONYMOUS|MAP_NORESERVE, -1, 0 <unfinished ...>
18512 <... munmap resumed>)             = 0
18511 <... mmap resumed>)               = 0x7f32c0efd000
18514 <... mmap resumed>)               = 0x7f32becfb000
18513 mmap(NULL, 16384, PROT_READ|PROT_WRITE, MAP_PRIVATE|MAP_ANONYMOUS|MAP_NORESERVE, -1, 0 <unfinished ...>
18512 mmap(NULL, 16384, PROT_READ|PROT_WRITE, MAP_PRIVATE|MAP_ANONYMOUS|MAP_NORESERVE, -1, 0 <unfinished ...>
18514 munmap(0x7f32becfb000, 16384 <unfinished ...>
18511 munmap(0x7f32c0efd000, 16384 <unfinished ...>
18513 <... mmap resumed>)               = 0x7f32becf7000
18514 <... munmap resumed>)             = 0
18513 munmap(0x7f32becf7000, 16384 <unfinished ...>
18514 mmap(NULL, 16384, PROT_READ|PROT_WRITE, MAP_PRIVATE|MAP_ANONYMOUS|MAP_NORESERVE, -1, 0 <unfinished ...>
18512 <... mmap resumed>)               = 0x7f32becfb000
18514 <... mmap resumed>)               = 0x7f32becf3000
18514 munmap(0x7f32becf3000, 16384 <unfinished ...>
18513 <... munmap resumed>)             = 0
18512 munmap(0x7f32becfb000, 16384 <unfinished ...>
18511 <... munmap resumed>)             = 0
18514 <... munmap resumed>)             = 0
18513 mmap(NULL, 16384, PROT_READ|PROT_WRITE, MAP_PRIVATE|MAP_ANONYMOUS|MAP_NORESERVE, -1, 0 <unfinished ...>
18511 mmap(NULL, 16384, PROT_READ|PROT_WRITE, MAP_PRIVATE|MAP_ANONYMOUS|MAP_NORESERVE, -1, 0 <unfinished ...>
18514 mmap(NULL, 16384, PROT_READ|PROT_WRITE, MAP_PRIVATE|MAP_ANONYMOUS|MAP_NORESERVE, -1, 0 <unfinished ...>
18512 <... munmap resumed>)             = 0
18511 <... mmap resumed>)               = 0x7f32c0efd000
18513 <... mmap resumed>)               = 0x7f32becfb000
18514 <... mmap resumed>)               = 0x7f32becf7000
18512 mmap(NULL, 16384, PROT_READ|PROT_WRITE, MAP_PRIVATE|MAP_ANONYMOUS|MAP_NORESERVE, -1, 0 <unfinished ...>
18511 munmap(0x7f32c0efd000, 16384 <unfinished ...>
18513 munmap(0x7f32becfb000, 16384 <unfinished ...>
18514 munmap(0x7f32becf7000, 16384 <unfinished ...>
18513 <... munmap resumed>)             = 0
18512 <... mmap resumed>)               = 0x7f32becf3000
18513 mmap(NULL, 16384, PROT_READ|PROT_WRITE, MAP_PRIVATE|MAP_ANONYMOUS|MAP_NORESERVE, -1, 0 <unfinished ...>
18512 munmap(0x7f32becf3000, 16384 <unfinished ...>
18511 <... munmap resumed>)             = 0
18514 <... munmap resumed>)             = 0
18514 mmap(NULL, 16384, PROT_READ|PROT_WRITE, MAP_PRIVATE|MAP_ANONYMOUS|MAP_NORESERVE, -1, 0 <unfinished ...>
18513 <... mmap resumed>)               = 0x7f32c0efd000
18512 <... munmap resumed>)             = 0
18511 mmap(NULL, 16384, PROT_READ|PROT_WRITE, MAP_PRIVATE|MAP_ANONYMOUS|MAP_NORESERVE, -1, 0 <unfinished ...>
18514 <... mmap resumed>)               = 0x7f32becfb000
18513 munmap(0x7f32c0efd000, 16384 <unfinished ...>
18514 munmap(0x7f32becfb000, 16384 <unfinished ...>
18512 mmap(NULL, 16384, PROT_READ|PROT_WRITE, MAP_PRIVATE|MAP_ANONYMOUS|MAP_NORESERVE, -1, 0 <unfinished ...>
18513 <... munmap resumed>)             = 0
18514 <... munmap resumed>)             = 0
18513 mmap(NULL, 16384, PROT_READ|PROT_WRITE, MAP_PRIVATE|MAP_ANONYMOUS|MAP_NORESERVE, -1, 0 <unfinished ...>
18512 <... mmap resumed>)               = 0x7f32becfb000
18511 <... mmap resumed>)               = 0x7f32c0efd000
18514 mmap(NULL, 16384, PROT_READ|PROT_WRITE, MAP_PRIVATE|MAP_ANONYMOUS|MAP_NORESERVE, -1, 0) = 0x7f32becf7000
18513 <... mmap resumed>)               = 0x7f32becf3000
18514 munmap(0x7f32becf7000, 16384)     = 0
18513 munmap(0x7f32becf3000, 16384 <unfinished ...>
18512 munmap(0x7f32becfb000, 16384 <unfinished ...>
18511 munmap(0x7f32c0efd000, 16384 <unfinished ...>
18514 mmap(NULL, 16384, PROT_READ|PROT_WRITE, MAP_PRIVATE|MAP_ANONYMOUS|MAP_NORESERVE, -1, 0 <unfinished ...>
18513 <... munmap resumed>)             = 0
18512 <... munmap resumed>)             = 0
18511 <... munmap resumed>)             = 0
18514 <... mmap resumed>)               = 0x7f32c0efd000
18511 mmap(NULL, 16384, PROT_READ|PROT_WRITE, MAP_PRIVATE|MAP_ANONYMOUS|MAP_NORESERVE, -1, 0 <unfinished ...>
18514 munmap(0x7f32c0efd000, 16384 <unfinished ...>
18511 <... mmap resumed>)               = 0x7f32becfb000
18513 mmap(NULL, 16384, PROT_READ|PROT_WRITE, MAP_PRIVATE|MAP_ANONYMOUS|MAP_NORESERVE, -1, 0 <unfinished ...>
18512 mmap(NULL, 16384, PROT_READ|PROT_WRITE, MAP_PRIVATE|MAP_ANONYMOUS|MAP_NORESERVE, -1, 0 <unfinished ...>
18514 <... munmap resumed>)             = 0
18513 <... mmap resumed>)               = 0x7f32c0efd000
18511 munmap(0x7f32becfb000, 16384 <unfinished ...>
18514 mmap(NULL, 16384, PROT_READ|PROT_WRITE, MAP_PRIVATE|MAP_ANONYMOUS|MAP_NORESERVE, -1, 0 <unfinished ...>
18512 <... mmap resumed>)               = 0x7f32becf7000
18513 munmap(0x7f32c0efd000, 16384 <unfinished ...>
18514 <... mmap resumed>)               = 0x7f32becf3000
18511 <... munmap resumed>)             = 0
18514 munmap(0x7f32becf3000, 16384 <unfinished ...>
18513 <... munmap resumed>)             = 0
18512 munmap(0x7f32becf7000, 16384 <unfinished ...>
18511 mmap(NULL, 16384, PROT_READ|PROT_WRITE, MAP_PRIVATE|MAP_ANONYMOUS|MAP_NORESERVE, -1, 0 <unfinished ...>
18514 <... munmap resumed>)             = 0
18513 mmap(NULL, 16384, PROT_READ|PROT_WRITE, MAP_PRIVATE|MAP_ANONYMOUS|MAP_NORESERVE, -1, 0 <unfinished ...>
18514 mmap(NULL, 16384, PROT_READ|PROT_WRITE, MAP_PRIVATE|MAP_ANONYMOUS|MAP_NORESERVE, -1, 0 <unfinished ...>
18513 <... mmap resumed>)               = 0x7f32c0efd000
18512 <... munmap resumed>)             = 0
18511 <... mmap resumed>)               = 0x7f32becfb000
18514 <... mmap resumed>)               = 0x7f32becf7000
18513 munmap(0x7f32c0efd000, 16384 <unfinished ...>
18512 mmap(NULL, 16384, PROT_READ|PROT_WRITE, MAP_PRIVATE|MAP_ANONYMOUS|MAP_NORESERVE, -1, 0 <unfinished ...>
18514 munmap(0x7f32becf7000, 16384 <unfinished ...>
18513 <... munmap resumed>)             = 0
18512 <... mmap resumed>)               = 0x7f32becf3000
18511 munmap(0x7f32becfb000, 16384 <unfinished ...>
18514 <... munmap resumed>)             = 0
18513 mmap(NULL, 16384, PROT_READ|PROT_WRITE, MAP_PRIVATE|MAP_ANONYMOUS|MAP_NORESERVE, -1, 0 <unfinished ...>
18511 <... munmap resumed>)             = 0
18514 mmap(NULL, 16384, PROT_READ|PROT_WRITE, MAP_PRIVATE|MAP_ANONYMOUS|MAP_NORESERVE, -1, 0 <unfinished ...>
18513 <... mmap resumed>)               = 0x7f32c0efd000
18512 munmap(0x7f32becf3000, 16384 <unfinished ...>
18511 mmap(NULL, 16384, PROT_READ|PROT_WRITE, MAP_PRIVATE|MAP_ANONYMOUS|MAP_NORESERVE, -1, 0 <unfinished ...>
18514 <... mmap resumed>)               = 0x7f32becf7000
18513 munmap(0x7f32c0efd000, 16384 <unfinished ...>
18512 <... munmap resumed>)             = 0
18511 <... mmap resumed>)               = 0x7f32becfb000
18514 munmap(0x7f32becf7000, 16384 <unfinished ...>
18513 <... munmap resumed>)             = 0
18512 mmap(NULL, 16384, PROT_READ|PROT_WRITE, MAP_PRIVATE|MAP_ANONYMOUS|MAP_NORESERVE, -1, 0 <unfinished ...>
18511 munmap(0x7f32becfb000, 16384 <unfinished ...>
18514 <... munmap resumed>)             = 0
18514 mmap(NULL, 16384, PROT_READ|PROT_WRITE, MAP_PRIVATE|MAP_ANONYMOUS|MAP_NORESERVE, -1, 0 <unfinished ...>
18513 mmap(NULL, 16384, PROT_READ|PROT_WRITE, MAP_PRIVATE|MAP_ANONYMOUS|MAP_NORESERVE, -1, 0 <unfinished ...>
18514 <... mmap resumed>)               = 0x7f32c0efd000
18512 <... mmap resumed>)               = 0x7f32becfb000
18511 <... munmap resumed>)             = 0
18513 <... mmap resumed>)               = 0x7f32becf7000
18514 munmap(0x7f32c0efd000, 16384 <unfinished ...>
18512 munmap(0x7f32becfb000, 16384 <unfinished ...>
18511 mmap(NULL, 16384, PROT_READ|PROT_WRITE, MAP_PRIVATE|MAP_ANONYMOUS|MAP_NORESERVE, -1, 0 <unfinished ...>
18514 <... munmap resumed>)             = 0
18513 munmap(0x7f32becf7000, 16384 <unfinished ...>
18512 <... munmap resumed>)             = 0
18511 <... mmap resumed>)               = 0x7f32c0efd000
18514 mmap(NULL, 16384, PROT_READ|PROT_WRITE, MAP_PRIVATE|MAP_ANONYMOUS|MAP_NORESERVE, -1, 0 <unfinished ...>
18512 mmap(NULL, 16384, PROT_READ|PROT_WRITE, MAP_PRIVATE|MAP_ANONYMOUS|MAP_NORESERVE, -1, 0 <unfinished ...>
18514 <... mmap resumed>)               = 0x7f32becf7000
18513 <... munmap resumed>)             = 0
18512 <... mmap resumed>)               = 0x7f32becfb000
18511 munmap(0x7f32c0efd000, 16384 <unfinished ...>
18514 munmap(0x7f32becf7000, 16384 <unfinished ...>
18513 mmap(NULL, 16384, PROT_READ|PROT_WRITE, MAP_PRIVATE|MAP_ANONYMOUS|MAP_NORESERVE, -1, 0 <unfinished ...>
18512 munmap(0x7f32becfb000, 16384 <unfinished ...>
18514 <... munmap resumed>)             = 0
18513 <... mmap resumed>)               = 0x7f32becf7000
18512 <... munmap resumed>)             = 0
18514 mmap(NULL, 16384, PROT_READ|PROT_WRITE, MAP_PRIVATE|MAP_ANONYMOUS|MAP_NORESERVE, -1, 0 <unfinished ...>
18513 munmap(0x7f32becf7000, 16384 <unfinished ...>
18511 <... munmap resumed>)             = 0
18512 mmap(NULL, 16384, PROT_READ|PROT_WRITE, MAP_PRIVATE|MAP_ANONYMOUS|MAP_NORESERVE, -1, 0 <unfinished ...>
18513 <... munmap resumed>)             = 0
18512 <... mmap resumed>)               = 0x7f32c0efd000
18511 mmap(NULL, 16384, PROT_READ|PROT_WRITE, MAP_PRIVATE|MAP_ANONYMOUS|MAP_NORESERVE, -1, 0 <unfinished ...>
18514 <... mmap resumed>)               = 0x7f32becfb000
18513 mmap(NULL, 16384, PROT_READ|PROT_WRITE, MAP_PRIVATE|MAP_ANONYMOUS|MAP_NORESERVE, -1, 0 <unfinished ...>
18514 munmap(0x7f32becfb000, 16384 <unfinished ...>
18512 munmap(0x7f32c0efd000, 16384 <unfinished ...>
18511 <... mmap resumed>)               = 0x7f32becf7000
18511 munmap(0x7f32becf7000, 16384 <unfinished ...>
18514 <... munmap resumed>)             = 0
18511 <... munmap resumed>)             = 0
18514 mmap(NULL, 16384, PROT_READ|PROT_WRITE, MAP_PRIVATE|MAP_ANONYMOUS|MAP_NORESERVE, -1, 0 <unfinished ...>
18513 <... mmap resumed>)               = 0x7f32becfb000
18512 <... munmap resumed>)             = 0
18511 mmap(NULL, 16384, PROT_READ|PROT_WRITE, MAP_PRIVATE|MAP_ANONYMOUS|MAP_NORESERVE, -1, 0 <unfinished ...>
18514 <... mmap resumed>)               = 0x7f32c0efd000
18513 munmap(0x7f32becfb000, 16384 <unfinished ...>
18512 mmap(NULL, 16384, PROT_READ|PROT_WRITE, MAP_PRIVATE|MAP_ANONYMOUS|MAP_NORESERVE, -1, 0 <unfinished ...>
18511 <... mmap resumed>)               = 0x7f32becf7000
18514 munmap(0x7f32c0efd000, 16384 <unfinished ...>
18513 <... munmap resumed>)             = 0
18512 <... mmap resumed>)               = 0x7f32becfb000
18514 <... munmap resumed>)             = 0
18513 mmap(NULL, 16384, PROT_READ|PROT_WRITE, MAP_PRIVATE|MAP_ANONYMOUS|MAP_NORESERVE, -1, 0) = 0x7f32c0efd000
18514 mmap(NULL, 16384, PROT_READ|PROT_WRITE, MAP_PRIVATE|MAP_ANONYMOUS|MAP_NORESERVE, -1, 0 <unfinished ...>
18513 munmap(0x7f32c0efd000, 16384 <unfinished ...>
18512 munmap(0x7f32becfb000, 16384 <unfinished ...>
18511 munmap(0x7f32becf7000, 16384 <unfinished ...>
18514 <... mmap resumed>)               = 0x7f32becf3000
18513 <... munmap resumed>)             = 0
18512 <... munmap resumed>)             = 0
18513 mmap(NULL, 16384, PROT_READ|PROT_WRITE, MAP_PRIVATE|MAP_ANONYMOUS|MAP_NORESERVE, -1, 0 <unfinished ...>
18514 munmap(0x7f32becf3000, 16384 <unfinished ...>
18512 mmap(NULL, 16384, PROT_READ|PROT_WRITE, MAP_PRIVATE|MAP_ANONYMOUS|MAP_NORESERVE, -1, 0 <unfinished ...>
18511 <... munmap resumed>)             = 0
18513 <... mmap resumed>)               = 0x7f32c0efd000
18512 <... mmap resumed>)               = 0x7f32becfb000
18513 munmap(0x7f32c0efd000, 16384 <unfinished ...>
18512 munmap(0x7f32becfb000, 16384 <unfinished ...>
18511 mmap(NULL, 16384, PROT_READ|PROT_WRITE, MAP_PRIVATE|MAP_ANONYMOUS|MAP_NORESERVE, -1, 0 <unfinished ...>
18514 <... munmap resumed>)             = 0
18514 mmap(NULL, 16384, PROT_READ|PROT_WRITE, MAP_PRIVATE|MAP_ANONYMOUS|MAP_NORESERVE, -1, 0) = 0x7f32becfb000
18512 <... munmap resumed>)             = 0
18513 <... munmap resumed>)             = 0
18514 munmap(0x7f32becfb000, 16384 <unfinished ...>
18512 mmap(NULL, 16384, PROT_READ|PROT_WRITE, MAP_PRIVATE|MAP_ANONYMOUS|MAP_NORESERVE, -1, 0 <unfinished ...>
18511 <... mmap resumed>)               = 0x7f32c0efd000
18513 mmap(NULL, 16384, PROT_READ|PROT_WRITE, MAP_PRIVATE|MAP_ANONYMOUS|MAP_NORESERVE, -1, 0 <unfinished ...>
18514 <... munmap resumed>)             = 0
18513 <... mmap resumed>)               = 0x7f32becfb000
18514 mmap(NULL, 16384, PROT_READ|PROT_WRITE, MAP_PRIVATE|MAP_ANONYMOUS|MAP_NORESERVE, -1, 0 <unfinished ...>
18513 munmap(0x7f32becfb000, 16384 <unfinished ...>
18512 <... mmap resumed>)               = 0x7f32becf7000
18511 munmap(0x7f32c0efd000, 16384 <unfinished ...>
18512 munmap(0x7f32becf7000, 16384 <unfinished ...>
18514 <... mmap resumed>)               = 0x7f32becfb000
18513 <... munmap resumed>)             = 0
18511 <... munmap resumed>)             = 0
18514 munmap(0x7f32becfb000, 16384 <unfinished ...>
18513 mmap(NULL, 16384, PROT_READ|PROT_WRITE, MAP_PRIVATE|MAP_ANONYMOUS|MAP_NORESERVE, -1, 0 <unfinished ...>
18512 <... munmap resumed>)             = 0
18514 <... munmap resumed>)             = 0
18511 mmap(NULL, 16384, PROT_READ|PROT_WRITE, MAP_PRIVATE|MAP_ANONYMOUS|MAP_NORESERVE, -1, 0 <unfinished ...>
18514 mmap(NULL, 16384, PROT_READ|PROT_WRITE, MAP_PRIVATE|MAP_ANONYMOUS|MAP_NORESERVE, -1, 0 <unfinished ...>
18512 mmap(NULL, 16384, PROT_READ|PROT_WRITE, MAP_PRIVATE|MAP_ANONYMOUS|MAP_NORESERVE, -1, 0 <unfinished ...>
18513 <... mmap resumed>)               = 0x7f32becfb000
18511 <... mmap resumed>)               = 0x7f32c0efd000
18514 <... mmap resumed>)               = 0x7f32becf7000
18513 munmap(0x7f32becfb000, 16384 <unfinished ...>
18512 <... mmap resumed>)               = 0x7f32becf3000
18511 munmap(0x7f32c0efd000, 16384 <unfinished ...>
18513 <... munmap resumed>)             = 0
18514 munmap(0x7f32becf7000, 16384 <unfinished ...>
18513 mmap(NULL, 16384, PROT_READ|PROT_WRITE, MAP_PRIVATE|MAP_ANONYMOUS|MAP_NORESERVE, -1, 0 <unfinished ...>
18512 munmap(0x7f32becf3000, 16384 <unfinished ...>
18514 <... munmap resumed>)             = 0
18513 <... mmap resumed>)               = 0x7f32becfb000
18511 <... munmap resumed>)             = 0
18514 mmap(NULL, 16384, PROT_READ|PROT_WRITE, MAP_PRIVATE|MAP_ANONYMOUS|MAP_NORESERVE, -1, 0 <unfinished ...>
18513 munmap(0x7f32becfb000, 16384 <unfinished ...>
18511 mmap(NULL, 16384, PROT_READ|PROT_WRITE, MAP_PRIVATE|MAP_ANONYMOUS|MAP_NORESERVE, -1, 0 <unfinished ...>
18514 <... mmap resumed>)               = 0x7f32c0efd000
18512 <... munmap resumed>)             = 0
18513 <... munmap resumed>)             = 0
18511 <... mmap resumed>)               = 0x7f32becfb000
18514 munmap(0x7f32c0efd000, 16384 <unfinished ...>
18511 munmap(0x7f32becfb000, 16384 <unfinished ...>
18513 mmap(NULL, 16384, PROT_READ|PROT_WRITE, MAP_PRIVATE|MAP_ANONYMOUS|MAP_NORESERVE, -1, 0 <unfinished ...>
18512 mmap(NULL, 16384, PROT_READ|PROT_WRITE, MAP_PRIVATE|MAP_ANONYMOUS|MAP_NORESERVE, -1, 0) = 0x7f32becfb000
18511 <... munmap resumed>)             = 0
18514 <... munmap resumed>)             = 0
18513 <... mmap resumed>)               = 0x7f32becf7000
18512 munmap(0x7f32becfb000, 16384 <unfinished ...>
18514 mmap(NULL, 16384, PROT_READ|PROT_WRITE, MAP_PRIVATE|MAP_ANONYMOUS|MAP_NORESERVE, -1, 0 <unfinished ...>
18512 <... munmap resumed>)             = 0
18511 mmap(NULL, 16384, PROT_READ|PROT_WRITE, MAP_PRIVATE|MAP_ANONYMOUS|MAP_NORESERVE, -1, 0 <unfinished ...>
18513 munmap(0x7f32becf7000, 16384 <unfinished ...>
18514 <... mmap resumed>)               = 0x7f32c0efd000
18512 mmap(NULL, 16384, PROT_READ|PROT_WRITE, MAP_PRIVATE|MAP_ANONYMOUS|MAP_NORESERVE, -1, 0 <unfinished ...>
18511 <... mmap resumed>)               = 0x7f32becfb000
18513 <... munmap resumed>)             = 0
18514 munmap(0x7f32c0efd000, 16384 <unfinished ...>
18513 mmap(NULL, 16384, PROT_READ|PROT_WRITE, MAP_PRIVATE|MAP_ANONYMOUS|MAP_NORESERVE, -1, 0 <unfinished ...>
18512 <... mmap resumed>)               = 0x7f32becf7000
18513 <... mmap resumed>)               = 0x7f32becf3000
18511 munmap(0x7f32becfb000, 16384 <unfinished ...>
18514 <... munmap resumed>)             = 0
18512 munmap(0x7f32becf7000, 16384 <unfinished ...>
18513 munmap(0x7f32becf3000, 16384 <unfinished ...>
18514 mmap(NULL, 16384, PROT_READ|PROT_WRITE, MAP_PRIVATE|MAP_ANONYMOUS|MAP_NORESERVE, -1, 0 <unfinished ...>
18511 <... munmap resumed>)             = 0
18512 <... munmap resumed>)             = 0
18514 <... mmap resumed>)               = 0x7f32c0efd000
18513 <... munmap resumed>)             = 0
18512 mmap(NULL, 16384, PROT_READ|PROT_WRITE, MAP_PRIVATE|MAP_ANONYMOUS|MAP_NORESERVE, -1, 0 <unfinished ...>
18511 mmap(NULL, 16384, PROT_READ|PROT_WRITE, MAP_PRIVATE|MAP_ANONYMOUS|MAP_NORESERVE, -1, 0 <unfinished ...>
18514 munmap(0x7f32c0efd000, 16384 <unfinished ...>
18513 mmap(NULL, 16384, PROT_READ|PROT_WRITE, MAP_PRIVATE|MAP_ANONYMOUS|MAP_NORESERVE, -1, 0 <unfinished ...>
18512 <... mmap resumed>)               = 0x7f32becfb000
18513 <... mmap resumed>)               = 0x7f32becf7000
18512 munmap(0x7f32becfb000, 16384 <unfinished ...>
18513 munmap(0x7f32becf7000, 16384 <unfinished ...>
18514 <... munmap resumed>)             = 0
18511 <... mmap resumed>)               = 0x7f32c0efd000
18514 mmap(NULL, 16384, PROT_READ|PROT_WRITE, MAP_PRIVATE|MAP_ANONYMOUS|MAP_NORESERVE, -1, 0 <unfinished ...>
18512 <... munmap resumed>)             = 0
18511 munmap(0x7f32c0efd000, 16384 <unfinished ...>
18512 mmap(NULL, 16384, PROT_READ|PROT_WRITE, MAP_PRIVATE|MAP_ANONYMOUS|MAP_NORESERVE, -1, 0 <unfinished ...>
18513 <... munmap resumed>)             = 0
18514 <... mmap resumed>)               = 0x7f32c0efd000
18513 mmap(NULL, 16384, PROT_READ|PROT_WRITE, MAP_PRIVATE|MAP_ANONYMOUS|MAP_NORESERVE, -1, 0 <unfinished ...>
18511 <... munmap resumed>)             = 0
18512 <... mmap resumed>)               = 0x7f32becfb000
18514 munmap(0x7f32c0efd000, 16384 <unfinished ...>
18513 <... mmap resumed>)               = 0x7f32becf7000
18512 munmap(0x7f32becfb000, 16384 <unfinished ...>
18511 mmap(NULL, 16384, PROT_READ|PROT_WRITE, MAP_PRIVATE|MAP_ANONYMOUS|MAP_NORESERVE, -1, 0 <unfinished ...>
18513 munmap(0x7f32becf7000, 16384 <unfinished ...>
18514 <... munmap resumed>)             = 0
18513 <... munmap resumed>)             = 0
18512 <... munmap resumed>)             = 0
18511 <... mmap resumed>)               = 0x7f32c0efd000
18514 mmap(NULL, 16384, PROT_READ|PROT_WRITE, MAP_PRIVATE|MAP_ANONYMOUS|MAP_NORESERVE, -1, 0) = 0x7f32becfb000
18512 mmap(NULL, 16384, PROT_READ|PROT_WRITE, MAP_PRIVATE|MAP_ANONYMOUS|MAP_NORESERVE, -1, 0 <unfinished ...>
18511 munmap(0x7f32c0efd000, 16384 <unfinished ...>
18514 munmap(0x7f32becfb000, 16384)     = 0
18513 mmap(NULL, 16384, PROT_READ|PROT_WRITE, MAP_PRIVATE|MAP_ANONYMOUS|MAP_NORESERVE, -1, 0 <unfinished ...>
18512 <... mmap resumed>)               = 0x7f32becfb000
18514 mmap(NULL, 16384, PROT_READ|PROT_WRITE, MAP_PRIVATE|MAP_ANONYMOUS|MAP_NORESERVE, -1, 0) = 0x7f32c0efd000
18512 munmap(0x7f32becfb000, 16384 <unfinished ...>
18511 <... munmap resumed>)             = 0
18514 munmap(0x7f32c0efd000, 16384 <unfinished ...>
18513 <... mmap resumed>)               = 0x7f32becf7000
18512 <... munmap resumed>)             = 0
18511 mmap(NULL, 16384, PROT_READ|PROT_WRITE, MAP_PRIVATE|MAP_ANONYMOUS|MAP_NORESERVE, -1, 0 <unfinished ...>
18514 <... munmap resumed>)             = 0
18512 mmap(NULL, 16384, PROT_READ|PROT_WRITE, MAP_PRIVATE|MAP_ANONYMOUS|MAP_NORESERVE, -1, 0 <unfinished ...>
18513 munmap(0x7f32becf7000, 16384 <unfinished ...>
18514 mmap(NULL, 16384, PROT_READ|PROT_WRITE, MAP_PRIVATE|MAP_ANONYMOUS|MAP_NORESERVE, -1, 0 <unfinished ...>
18511 <... mmap resumed>)               = 0x7f32c0efd000
18512 <... mmap resumed>)               = 0x7f32becfb000
18512 munmap(0x7f32becfb000, 16384 <unfinished ...>
18513 <... munmap resumed>)             = 0
18514 <... mmap resumed>)               = 0x7f32becf7000
18511 munmap(0x7f32c0efd000, 16384 <unfinished ...>
18514 munmap(0x7f32becf7000, 16384 <unfinished ...>
18512 <... munmap resumed>)             = 0
18514 <... munmap resumed>)             = 0
18513 mmap(NULL, 16384, PROT_READ|PROT_WRITE, MAP_PRIVATE|MAP_ANONYMOUS|MAP_NORESERVE, -1, 0 <unfinished ...>
18512 mmap(NULL, 16384, PROT_READ|PROT_WRITE, MAP_PRIVATE|MAP_ANONYMOUS|MAP_NORESERVE, -1, 0 <unfinished ...>
18514 mmap(NULL, 16384, PROT_READ|PROT_WRITE, MAP_PRIVATE|MAP_ANONYMOUS|MAP_NORESERVE, -1, 0 <unfinished ...>
18511 <... munmap resumed>)             = 0
18513 <... mmap resumed>)               = 0x7f32becfb000
18512 <... mmap resumed>)               = 0x7f32c0efd000
18514 <... mmap resumed>)               = 0x7f32becf7000
18512 munmap(0x7f32c0efd000, 16384 <unfinished ...>
18511 mmap(NULL, 16384, PROT_READ|PROT_WRITE, MAP_PRIVATE|MAP_ANONYMOUS|MAP_NORESERVE, -1, 0 <unfinished ...>
18513 munmap(0x7f32becfb000, 16384 <unfinished ...>
18514 munmap(0x7f32becf7000, 16384 <unfinished ...>
18512 <... munmap resumed>)             = 0
18513 <... munmap resumed>)             = 0
18511 <... mmap resumed>)               = 0x7f32c0efd000
18514 <... munmap resumed>)             = 0
18513 mmap(NULL, 16384, PROT_READ|PROT_WRITE, MAP_PRIVATE|MAP_ANONYMOUS|MAP_NORESERVE, -1, 0 <unfinished ...>
18512 mmap(NULL, 16384, PROT_READ|PROT_WRITE, MAP_PRIVATE|MAP_ANONYMOUS|MAP_NORESERVE, -1, 0 <unfinished ...>
18514 mmap(NULL, 16384, PROT_READ|PROT_WRITE, MAP_PRIVATE|MAP_ANONYMOUS|MAP_NORESERVE, -1, 0 <unfinished ...>
18511 munmap(0x7f32c0efd000, 16384 <unfinished ...>
18513 <... mmap resumed>)               = 0x7f32becfb000
18512 <... mmap resumed>)               = 0x7f32becf7000
18514 <... mmap resumed>)               = 0x7f32becf3000
18511 <... munmap resumed>)             = 0
18513 munmap(0x7f32becfb000, 16384 <unfinished ...>
18512 munmap(0x7f32becf7000, 16384 <unfinished ...>
18511 mmap(NULL, 16384, PROT_READ|PROT_WRITE, MAP_PRIVATE|MAP_ANONYMOUS|MAP_NORESERVE, -1, 0 <unfinished ...>
18514 munmap(0x7f32becf3000, 16384 <unfinished ...>
18513 <... munmap resumed>)             = 0
18512 <... munmap resumed>)             = 0
18514 <... munmap resumed>)             = 0
18511 <... mmap resumed>)               = 0x7f32c0efd000
18513 mmap(NULL, 16384, PROT_READ|PROT_WRITE, MAP_PRIVATE|MAP_ANONYMOUS|MAP_NORESERVE, -1, 0 <unfinished ...>
18514 mmap(NULL, 16384, PROT_READ|PROT_WRITE, MAP_PRIVATE|MAP_ANONYMOUS|MAP_NORESERVE, -1, 0 <unfinished ...>
18512 mmap(NULL, 16384, PROT_READ|PROT_WRITE, MAP_PRIVATE|MAP_ANONYMOUS|MAP_NORESERVE, -1, 0 <unfinished ...>
18511 munmap(0x7f32c0efd000, 16384 <unfinished ...>
18513 <... mmap resumed>)               = 0x7f32becfb000
18512 <... mmap resumed>)               = 0x7f32becf7000
18511 <... munmap resumed>)             = 0
18514 <... mmap resumed>)               = 0x7f32c0efd000
18513 munmap(0x7f32becfb000, 16384 <unfinished ...>
18512 munmap(0x7f32becf7000, 16384 <unfinished ...>
18511 mmap(NULL, 16384, PROT_READ|PROT_WRITE, MAP_PRIVATE|MAP_ANONYMOUS|MAP_NORESERVE, -1, 0 <unfinished ...>
18514 munmap(0x7f32c0efd000, 16384 <unfinished ...>
18513 <... munmap resumed>)             = 0
18511 <... mmap resumed>)               = 0x7f32becfb000
18513 mmap(NULL, 16384, PROT_READ|PROT_WRITE, MAP_PRIVATE|MAP_ANONYMOUS|MAP_NORESERVE, -1, 0 <unfinished ...>
18512 <... munmap resumed>)             = 0
18511 munmap(0x7f32becfb000, 16384 <unfinished ...>
18514 <... munmap resumed>)             = 0
18513 <... mmap resumed>)               = 0x7f32c0efd000
18512 mmap(NULL, 16384, PROT_READ|PROT_WRITE, MAP_PRIVATE|MAP_ANONYMOUS|MAP_NORESERVE, -1, 0 <unfinished ...>
18511 <... munmap resumed>)             = 0
18514 mmap(NULL, 16384, PROT_READ|PROT_WRITE, MAP_PRIVATE|MAP_ANONYMOUS|MAP_NORESERVE, -1, 0 <unfinished ...>
18512 <... mmap resumed>)               = 0x7f32becfb000
18514 <... mmap resumed>)               = 0x7f32becf7000
18513 munmap(0x7f32c0efd000, 16384 <unfinished ...>
18511 mmap(NULL, 16384, PROT_READ|PROT_WRITE, MAP_PRIVATE|MAP_ANONYMOUS|MAP_NORESERVE, -1, 0 <unfinished ...>
18514 munmap(0x7f32becf7000, 16384 <unfinished ...>
18512 munmap(0x7f32becfb000, 16384 <unfinished ...>
18511 <... mmap resumed>)               = 0x7f32becf3000
18511 munmap(0x7f32becf3000, 16384 <unfinished ...>
18513 <... munmap resumed>)             = 0
18514 <... munmap resumed>)             = 0
18512 <... munmap resumed>)             = 0
18513 mmap(NULL, 16384, PROT_READ|PROT_WRITE, MAP_PRIVATE|MAP_ANONYMOUS|MAP_NORESERVE, -1, 0 <unfinished ...>
18511 <... munmap resumed>)             = 0
18512 mmap(NULL, 16384, PROT_READ|PROT_WRITE, MAP_PRIVATE|MAP_ANONYMOUS|MAP_NORESERVE, -1, 0 <unfinished ...>
18513 <... mmap resumed>)               = 0x7f32c0efd000
18511 mmap(NULL, 16384, PROT_READ|PROT_WRITE, MAP_PRIVATE|MAP_ANONYMOUS|MAP_NORESERVE, -1, 0 <unfinished ...>
18514 mmap(NULL, 16384, PROT_READ|PROT_WRITE, MAP_PRIVATE|MAP_ANONYMOUS|MAP_NORESERVE, -1, 0 <unfinished ...>
18513 munmap(0x7f32c0efd000, 16384 <unfinished ...>
18512 <... mmap resumed>)               = 0x7f32becfb000
18512 munmap(0x7f32becfb000, 16384 <unfinished ...>
18511 <... mmap resumed>)               = 0x7f32becf7000
18513 <... munmap resumed>)             = 0
18514 <... mmap resumed>)               = 0x7f32c0efd000
18512 <... munmap resumed>)             = 0
18514 munmap(0x7f32c0efd000, 16384 <unfinished ...>
18513 mmap(NULL, 16384, PROT_READ|PROT_WRITE, MAP_PRIVATE|MAP_ANONYMOUS|MAP_NORESERVE, -1, 0 <unfinished ...>
18511 munmap(0x7f32becf7000, 16384 <unfinished ...>
18514 <... munmap resumed>)             = 0
18513 <... mmap resumed>)               = 0x7f32becfb000
18512 mmap(NULL, 16384, PROT_READ|PROT_WRITE, MAP_PRIVATE|MAP_ANONYMOUS|MAP_NORESERVE, -1, 0 <unfinished ...>
18514 mmap(NULL, 16384, PROT_READ|PROT_WRITE, MAP_PRIVATE|MAP_ANONYMOUS|MAP_NORESERVE, -1, 0 <unfinished ...>
18513 munmap(0x7f32becfb000, 16384 <unfinished ...>
18511 <... munmap resumed>)             = 0
18514 <... mmap resumed>)               = 0x7f32c0efd000
18512 <... mmap resumed>)               = 0x7f32becf7000
18514 munmap(0x7f32c0efd000, 16384 <unfinished ...>
18511 mmap(NULL, 16384, PROT_READ|PROT_WRITE, MAP_PRIVATE|MAP_ANONYMOUS|MAP_NORESERVE, -1, 0 <unfinished ...>
18513 <... munmap resumed>)             = 0
18512 munmap(0x7f32becf7000, 16384 <unfinished ...>
18514 <... munmap resumed>)             = 0
18513 mmap(NULL, 16384, PROT_READ|PROT_WRITE, MAP_PRIVATE|MAP_ANONYMOUS|MAP_NORESERVE, -1, 0 <unfinished ...>
18511 <... mmap resumed>)               = 0x7f32c0efd000
18514 mmap(NULL, 16384, PROT_READ|PROT_WRITE, MAP_PRIVATE|MAP_ANONYMOUS|MAP_NORESERVE, -1, 0 <unfinished ...>
18513 <... mmap resumed>)               = 0x7f32becfb000
18512 <... munmap resumed>)             = 0
18514 <... mmap resumed>)               = 0x7f32becf7000
18511 munmap(0x7f32c0efd000, 16384 <unfinished ...>
18512 mmap(NULL, 16384, PROT_READ|PROT_WRITE, MAP_PRIVATE|MAP_ANONYMOUS|MAP_NORESERVE, -1, 0 <unfinished ...>
18514 munmap(0x7f32becf7000, 16384 <unfinished ...>
18513 munmap(0x7f32becfb000, 16384 <unfinished ...>
18514 <... munmap resumed>)             = 0
18512 <... mmap resumed>)               = 0x7f32c0efd000
18511 <... munmap resumed>)             = 0
18514 mmap(NULL, 16384, PROT_READ|PROT_WRITE, MAP_PRIVATE|MAP_ANONYMOUS|MAP_NORESERVE, -1, 0 <unfinished ...>
18513 <... munmap resumed>)             = 0
18514 <... mmap resumed>)               = 0x7f32becfb000
18512 munmap(0x7f32c0efd000, 16384 <unfinished ...>
18511 mmap(NULL, 16384, PROT_READ|PROT_WRITE, MAP_PRIVATE|MAP_ANONYMOUS|MAP_NORESERVE, -1, 0 <unfinished ...>
18513 mmap(NULL, 16384, PROT_READ|PROT_WRITE, MAP_PRIVATE|MAP_ANONYMOUS|MAP_NORESERVE, -1, 0 <unfinished ...>
18514 munmap(0x7f32becfb000, 16384)     = 0
18511 <... mmap resumed>)               = 0x7f32becfb000
18514 mmap(NULL, 16384, PROT_READ|PROT_WRITE, MAP_PRIVATE|MAP_ANONYMOUS|MAP_NORESERVE, -1, 0 <unfinished ...>
18513 <... mmap resumed>)               = 0x7f32c0efd000
18512 <... munmap resumed>)             = 0
18511 munmap(0x7f32becfb000, 16384 <unfinished ...>
18514 <... mmap resumed>)               = 0x7f32becf7000
18513 munmap(0x7f32c0efd000, 16384 <unfinished ...>
18512 mmap(NULL, 16384, PROT_READ|PROT_WRITE, MAP_PRIVATE|MAP_ANONYMOUS|MAP_NORESERVE, -1, 0 <unfinished ...>
18514 munmap(0x7f32becf7000, 16384 <unfinished ...>
18511 <... munmap resumed>)             = 0
18513 <... munmap resumed>)             = 0
18514 <... munmap resumed>)             = 0
18513 mmap(NULL, 16384, PROT_READ|PROT_WRITE, MAP_PRIVATE|MAP_ANONYMOUS|MAP_NORESERVE, -1, 0 <unfinished ...>
18512 <... mmap resumed>)               = 0x7f32c0efd000
18511 mmap(NULL, 16384, PROT_READ|PROT_WRITE, MAP_PRIVATE|MAP_ANONYMOUS|MAP_NORESERVE, -1, 0 <unfinished ...>
18513 <... mmap resumed>)               = 0x7f32becfb000
18514 mmap(NULL, 16384, PROT_READ|PROT_WRITE, MAP_PRIVATE|MAP_ANONYMOUS|MAP_NORESERVE, -1, 0 <unfinished ...>
18513 munmap(0x7f32becfb000, 16384 <unfinished ...>
18512 munmap(0x7f32c0efd000, 16384 <unfinished ...>
18514 <... mmap resumed>)               = 0x7f32becf3000
18513 <... munmap resumed>)             = 0
18511 <... mmap resumed>)               = 0x7f32becf7000
18514 munmap(0x7f32becf3000, 16384 <unfinished ...>
18513 mmap(NULL, 16384, PROT_READ|PROT_WRITE, MAP_PRIVATE|MAP_ANONYMOUS|MAP_NORESERVE, -1, 0 <unfinished ...>
18512 <... munmap resumed>)             = 0
18511 munmap(0x7f32becf7000, 16384 <unfinished ...>
18513 <... mmap resumed>)               = 0x7f32c0efd000
18512 mmap(NULL, 16384, PROT_READ|PROT_WRITE, MAP_PRIVATE|MAP_ANONYMOUS|MAP_NORESERVE, -1, 0 <unfinished ...>
18514 <... munmap resumed>)             = 0
18511 <... munmap resumed>)             = 0
18513 munmap(0x7f32c0efd000, 16384 <unfinished ...>
18512 <... mmap resumed>)               = 0x7f32becfb000
18514 mmap(NULL, 16384, PROT_READ|PROT_WRITE, MAP_PRIVATE|MAP_ANONYMOUS|MAP_NORESERVE, -1, 0 <unfinished ...>
18513 <... munmap resumed>)             = 0
18511 mmap(NULL, 16384, PROT_READ|PROT_WRITE, MAP_PRIVATE|MAP_ANONYMOUS|MAP_NORESERVE, -1, 0 <unfinished ...>
18514 <... mmap resumed>)               = 0x7f32c0efd000
18513 mmap(NULL, 16384, PROT_READ|PROT_WRITE, MAP_PRIVATE|MAP_ANONYMOUS|MAP_NORESERVE, -1, 0 <unfinished ...>
18512 munmap(0x7f32becfb000, 16384 <unfinished ...>
18511 <... mmap resumed>)               = 0x7f32becf7000
18514 munmap(0x7f32c0efd000, 16384 <unfinished ...>
18513 <... mmap resumed>)               = 0x7f32becf3000
18514 <... munmap resumed>)             = 0
18513 munmap(0x7f32becf3000, 16384 <unfinished ...>
18512 <... munmap resumed>)             = 0
18511 munmap(0x7f32becf7000, 16384 <unfinished ...>
18514 mmap(NULL, 16384, PROT_READ|PROT_WRITE, MAP_PRIVATE|MAP_ANONYMOUS|MAP_NORESERVE, -1, 0 <unfinished ...>
18512 mmap(NULL, 16384, PROT_READ|PROT_WRITE, MAP_PRIVATE|MAP_ANONYMOUS|MAP_NORESERVE, -1, 0 <unfinished ...>
18513 <... munmap resumed>)             = 0
18513 mmap(NULL, 16384, PROT_READ|PROT_WRITE, MAP_PRIVATE|MAP_ANONYMOUS|MAP_NORESERVE, -1, 0 <unfinished ...>
18512 <... mmap resumed>)               = 0x7f32c0efd000
18513 <... mmap resumed>)               = 0x7f32becfb000
18511 <... munmap resumed>)             = 0
18514 <... mmap resumed>)               = 0x7f32becf7000
18512 munmap(0x7f32c0efd000, 16384 <unfinished ...>
18513 munmap(0x7f32becfb000, 16384 <unfinished ...>
18514 munmap(0x7f32becf7000, 16384 <unfinished ...>
18512 <... munmap resumed>)             = 0
18511 mmap(NULL, 16384, PROT_READ|PROT_WRITE, MAP_PRIVATE|MAP_ANONYMOUS|MAP_NORESERVE, -1, 0 <unfinished ...>
18514 <... munmap resumed>)             = 0
18513 <... munmap resumed>)             = 0
18512 mmap(NULL, 16384, PROT_READ|PROT_WRITE, MAP_PRIVATE|MAP_ANONYMOUS|MAP_NORESERVE, -1, 0 <unfinished ...>
18514 mmap(NULL, 16384, PROT_READ|PROT_WRITE, MAP_PRIVATE|MAP_ANONYMOUS|MAP_NORESERVE, -1, 0 <unfinished ...>
18511 <... mmap resumed>)               = 0x7f32c0efd000
18513 mmap(NULL, 16384, PROT_READ|PROT_WRITE, MAP_PRIVATE|MAP_ANONYMOUS|MAP_NORESERVE, -1, 0 <unfinished ...>
18512 <... mmap resumed>)               = 0x7f32becfb000
18514 <... mmap resumed>)               = 0x7f32becf7000
18513 <... mmap resumed>)               = 0x7f32becf3000
18511 munmap(0x7f32c0efd000, 16384 <unfinished ...>
18514 munmap(0x7f32becf7000, 16384 <unfinished ...>
18513 munmap(0x7f32becf3000, 16384 <unfinished ...>
18512 munmap(0x7f32becfb000, 16384 <unfinished ...>
18514 <... munmap resumed>)             = 0
18513 <... munmap resumed>)             = 0
18512 <... munmap resumed>)             = 0
18511 <... munmap resumed>)             = 0
18514 mmap(NULL, 16384, PROT_READ|PROT_WRITE, MAP_PRIVATE|MAP_ANONYMOUS|MAP_NORESERVE, -1, 0 <unfinished ...>
18513 mmap(NULL, 16384, PROT_READ|PROT_WRITE, MAP_PRIVATE|MAP_ANONYMOUS|MAP_NORESERVE, -1, 0 <unfinished ...>
18512 mmap(NULL, 16384, PROT_READ|PROT_WRITE, MAP_PRIVATE|MAP_ANONYMOUS|MAP_NORESERVE, -1, 0 <unfinished ...>
18514 <... mmap resumed>)               = 0x7f32c0efd000
18511 mmap(NULL, 16384, PROT_READ|PROT_WRITE, MAP_PRIVATE|MAP_ANONYMOUS|MAP_NORESERVE, -1, 0 <unfinished ...>
18514 munmap(0x7f32c0efd000, 16384 <unfinished ...>
18513 <... mmap resumed>)               = 0x7f32becf7000
18512 <... mmap resumed>)               = 0x7f32becfb000
18511 <... mmap resumed>)               = 0x7f32becf3000
18514 <... munmap resumed>)             = 0
18513 munmap(0x7f32becf7000, 16384 <unfinished ...>
18512 munmap(0x7f32becfb000, 16384 <unfinished ...>
18511 munmap(0x7f32becf3000, 16384 <unfinished ...>
18514 mmap(NULL, 16384, PROT_READ|PROT_WRITE, MAP_PRIVATE|MAP_ANONYMOUS|MAP_NORESERVE, -1, 0) = 0x7f32c0efd000
18513 <... munmap resumed>)             = 0
18512 <... munmap resumed>)             = 0
18514 munmap(0x7f32c0efd000, 16384 <unfinished ...>
18513 mmap(NULL, 16384, PROT_READ|PROT_WRITE, MAP_PRIVATE|MAP_ANONYMOUS|MAP_NORESERVE, -1, 0 <unfinished ...>
18511 <... munmap resumed>)             = 0
18512 mmap(NULL, 16384, PROT_READ|PROT_WRITE, MAP_PRIVATE|MAP_ANONYMOUS|MAP_NORESERVE, -1, 0 <unfinished ...>
18514 <... munmap resumed>)             = 0
18513 <... mmap resumed>)               = 0x7f32becfb000
18512 <... mmap resumed>)               = 0x7f32c0efd000
18511 mmap(NULL, 16384, PROT_READ|PROT_WRITE, MAP_PRIVATE|MAP_ANONYMOUS|MAP_NORESERVE, -1, 0 <unfinished ...>
18514 mmap(NULL, 16384, PROT_READ|PROT_WRITE, MAP_PRIVATE|MAP_ANONYMOUS|MAP_NORESERVE, -1, 0 <unfinished ...>
18513 munmap(0x7f32becfb000, 16384 <unfinished ...>
18514 <... mmap resumed>)               = 0x7f32becf3000
18512 munmap(0x7f32c0efd000, 16384 <unfinished ...>
18511 <... mmap resumed>)               = 0x7f32becf7000
18514 munmap(0x7f32becf3000, 16384 <unfinished ...>
18513 <... munmap resumed>)             = 0
18514 <... munmap resumed>)             = 0
18512 <... munmap resumed>)             = 0
18511 munmap(0x7f32becf7000, 16384 <unfinished ...>
18514 mmap(NULL, 16384, PROT_READ|PROT_WRITE, MAP_PRIVATE|MAP_ANONYMOUS|MAP_NORESERVE, -1, 0 <unfinished ...>
18512 mmap(NULL, 16384, PROT_READ|PROT_WRITE, MAP_PRIVATE|MAP_ANONYMOUS|MAP_NORESERVE, -1, 0 <unfinished ...>
18513 mmap(NULL, 16384, PROT_READ|PROT_WRITE, MAP_PRIVATE|MAP_ANONYMOUS|MAP_NORESERVE, -1, 0 <unfinished ...>
18511 <... munmap resumed>)             = 0
18514 <... mmap resumed>)               = 0x7f32c0efd000
18512 <... mmap resumed>)               = 0x7f32becfb000
18511 mmap(NULL, 16384, PROT_READ|PROT_WRITE, MAP_PRIVATE|MAP_ANONYMOUS|MAP_NORESERVE, -1, 0 <unfinished ...>
18514 munmap(0x7f32c0efd000, 16384 <unfinished ...>
18513 <... mmap resumed>)               = 0x7f32becf7000
18514 <... munmap resumed>)             = 0
18511 <... mmap resumed>)               = 0x7f32c0efd000
18514 mmap(NULL, 16384, PROT_READ|PROT_WRITE, MAP_PRIVATE|MAP_ANONYMOUS|MAP_NORESERVE, -1, 0 <unfinished ...>
18513 munmap(0x7f32becf7000, 16384 <unfinished ...>
18512 munmap(0x7f32becfb000, 16384 <unfinished ...>
18511 munmap(0x7f32c0efd000, 16384 <unfinished ...>
18514 <... mmap resumed>)               = 0x7f32becf3000
18514 munmap(0x7f32becf3000, 16384 <unfinished ...>
18511 <... munmap resumed>)             = 0
18513 <... munmap resumed>)             = 0
18511 mmap(NULL, 16384, PROT_READ|PROT_WRITE, MAP_PRIVATE|MAP_ANONYMOUS|MAP_NORESERVE, -1, 0 <unfinished ...>
18514 <... munmap resumed>)             = 0
18513 mmap(NULL, 16384, PROT_READ|PROT_WRITE, MAP_PRIVATE|MAP_ANONYMOUS|MAP_NORESERVE, -1, 0 <unfinished ...>
18512 <... munmap resumed>)             = 0
18511 <... mmap resumed>)               = 0x7f32c0efd000
18514 mmap(NULL, 16384, PROT_READ|PROT_WRITE, MAP_PRIVATE|MAP_ANONYMOUS|MAP_NORESERVE, -1, 0) = 0x7f32becfb000
18512 mmap(NULL, 16384, PROT_READ|PROT_WRITE, MAP_PRIVATE|MAP_ANONYMOUS|MAP_NORESERVE, -1, 0 <unfinished ...>
18513 <... mmap resumed>)               = 0x7f32becf7000
18511 munmap(0x7f32c0efd000, 16384 <unfinished ...>
18514 munmap(0x7f32becfb000, 16384 <unfinished ...>
18512 <... mmap resumed>)               = 0x7f32becf3000
18513 munmap(0x7f32becf7000, 16384 <unfinished ...>
18512 munmap(0x7f32becf3000, 16384 <unfinished ...>
18513 <... munmap resumed>)             = 0
18511 <... munmap resumed>)             = 0
18514 <... munmap resumed>)             = 0
18513 mmap(NULL, 16384, PROT_READ|PROT_WRITE, MAP_PRIVATE|MAP_ANONYMOUS|MAP_NORESERVE, -1, 0 <unfinished ...>
18511 mmap(NULL, 16384, PROT_READ|PROT_WRITE, MAP_PRIVATE|MAP_ANONYMOUS|MAP_NORESERVE, -1, 0 <unfinished ...>
18514 mmap(NULL, 16384, PROT_READ|PROT_WRITE, MAP_PRIVATE|MAP_ANONYMOUS|MAP_NORESERVE, -1, 0 <unfinished ...>
18512 <... munmap resumed>)             = 0
18513 <... mmap resumed>)               = 0x7f32c0efd000
18511 <... mmap resumed>)               = 0x7f32becfb000
18514 <... mmap resumed>)               = 0x7f32becf7000
18512 mmap(NULL, 16384, PROT_READ|PROT_WRITE, MAP_PRIVATE|MAP_ANONYMOUS|MAP_NORESERVE, -1, 0 <unfinished ...>
18513 munmap(0x7f32c0efd000, 16384 <unfinished ...>
18514 munmap(0x7f32becf7000, 16384 <unfinished ...>
18511 munmap(0x7f32becfb000, 16384 <unfinished ...>
18514 <... munmap resumed>)             = 0
18511 <... munmap resumed>)             = 0
18514 mmap(NULL, 16384, PROT_READ|PROT_WRITE, MAP_PRIVATE|MAP_ANONYMOUS|MAP_NORESERVE, -1, 0 <unfinished ...>
18513 <... munmap resumed>)             = 0
18511 mmap(NULL, 16384, PROT_READ|PROT_WRITE, MAP_PRIVATE|MAP_ANONYMOUS|MAP_NORESERVE, -1, 0 <unfinished ...>
18514 <... mmap resumed>)               = 0x7f32c0efd000
18511 <... mmap resumed>)               = 0x7f32becfb000
18514 munmap(0x7f32c0efd000, 16384 <unfinished ...>
18513 mmap(NULL, 16384, PROT_READ|PROT_WRITE, MAP_PRIVATE|MAP_ANONYMOUS|MAP_NORESERVE, -1, 0 <unfinished ...>
18514 <... munmap resumed>)             = 0
18513 <... mmap resumed>)               = 0x7f32becf7000
18511 munmap(0x7f32becfb000, 16384 <unfinished ...>
18512 <... mmap resumed>)               = 0x7f32c0efd000
18514 mmap(NULL, 16384, PROT_READ|PROT_WRITE, MAP_PRIVATE|MAP_ANONYMOUS|MAP_NORESERVE, -1, 0 <unfinished ...>
18513 munmap(0x7f32becf7000, 16384 <unfinished ...>
18512 munmap(0x7f32c0efd000, 16384 <unfinished ...>
18511 <... munmap resumed>)             = 0
18513 <... munmap resumed>)             = 0
18511 mmap(NULL, 16384, PROT_READ|PROT_WRITE, MAP_PRIVATE|MAP_ANONYMOUS|MAP_NORESERVE, -1, 0 <unfinished ...>
18512 <... munmap resumed>)             = 0
18514 <... mmap resumed>)               = 0x7f32c0efd000
18511 <... mmap resumed>)               = 0x7f32becfb000
18514 munmap(0x7f32c0efd000, 16384 <unfinished ...>
18513 mmap(NULL, 16384, PROT_READ|PROT_WRITE, MAP_PRIVATE|MAP_ANONYMOUS|MAP_NORESERVE, -1, 0 <unfinished ...>
18512 mmap(NULL, 16384, PROT_READ|PROT_WRITE, MAP_PRIVATE|MAP_ANONYMOUS|MAP_NORESERVE, -1, 0 <unfinished ...>
18511 munmap(0x7f32becfb000, 16384 <unfinished ...>
18514 <... munmap resumed>)             = 0
18514 mmap(NULL, 16384, PROT_READ|PROT_WRITE, MAP_PRIVATE|MAP_ANONYMOUS|MAP_NORESERVE, -1, 0 <unfinished ...>
18512 <... mmap resumed>)               = 0x7f32c0efd000
18514 <... mmap resumed>)               = 0x7f32becf7000
18513 <... mmap resumed>)               = 0x7f32becfb000
18511 <... munmap resumed>)             = 0
18514 munmap(0x7f32becf7000, 16384 <unfinished ...>
18512 munmap(0x7f32c0efd000, 16384 <unfinished ...>
18513 munmap(0x7f32becfb000, 16384 <unfinished ...>
18514 <... munmap resumed>)             = 0
18514 mmap(NULL, 16384, PROT_READ|PROT_WRITE, MAP_PRIVATE|MAP_ANONYMOUS|MAP_NORESERVE, -1, 0 <unfinished ...>
18512 <... munmap resumed>)             = 0
18511 mmap(NULL, 16384, PROT_READ|PROT_WRITE, MAP_PRIVATE|MAP_ANONYMOUS|MAP_NORESERVE, -1, 0 <unfinished ...>
18512 mmap(NULL, 16384, PROT_READ|PROT_WRITE, MAP_PRIVATE|MAP_ANONYMOUS|MAP_NORESERVE, -1, 0 <unfinished ...>
18513 <... munmap resumed>)             = 0
18514 <... mmap resumed>)               = 0x7f32c0efd000
18514 munmap(0x7f32c0efd000, 16384 <unfinished ...>
18513 mmap(NULL, 16384, PROT_READ|PROT_WRITE, MAP_PRIVATE|MAP_ANONYMOUS|MAP_NORESERVE, -1, 0 <unfinished ...>
18512 <... mmap resumed>)               = 0x7f32becf7000
18511 <... mmap resumed>)               = 0x7f32becfb000
18514 <... munmap resumed>)             = 0
18513 <... mmap resumed>)               = 0x7f32c0efd000
18511 munmap(0x7f32becfb000, 16384 <unfinished ...>
18513 munmap(0x7f32c0efd000, 16384 <unfinished ...>
18512 munmap(0x7f32becf7000, 16384 <unfinished ...>
18514 mmap(NULL, 16384, PROT_READ|PROT_WRITE, MAP_PRIVATE|MAP_ANONYMOUS|MAP_NORESERVE, -1, 0 <unfinished ...>
18513 <... munmap resumed>)             = 0
18511 <... munmap resumed>)             = 0
18513 mmap(NULL, 16384, PROT_READ|PROT_WRITE, MAP_PRIVATE|MAP_ANONYMOUS|MAP_NORESERVE, -1, 0 <unfinished ...>
18512 <... munmap resumed>)             = 0
18511 mmap(NULL, 16384, PROT_READ|PROT_WRITE, MAP_PRIVATE|MAP_ANONYMOUS|MAP_NORESERVE, -1, 0 <unfinished ...>
18514 <... mmap resumed>)               = 0x7f32c0efd000
18514 munmap(0x7f32c0efd000, 16384 <unfinished ...>
18513 <... mmap resumed>)               = 0x7f32becfb000
18512 mmap(NULL, 16384, PROT_READ|PROT_WRITE, MAP_PRIVATE|MAP_ANONYMOUS|MAP_NORESERVE, -1, 0 <unfinished ...>
18511 <... mmap resumed>)               = 0x7f32becf7000
18514 <... munmap resumed>)             = 0
18513 munmap(0x7f32becfb000, 16384 <unfinished ...>
18512 <... mmap resumed>)               = 0x7f32c0efd000
18511 munmap(0x7f32becf7000, 16384 <unfinished ...>
18514 mmap(NULL, 16384, PROT_READ|PROT_WRITE, MAP_PRIVATE|MAP_ANONYMOUS|MAP_NORESERVE, -1, 0) = 0x7f32becfb000
18513 <... munmap resumed>)             = 0
18512 munmap(0x7f32c0efd000, 16384 <unfinished ...>
18511 <... munmap resumed>)             = 0
18514 munmap(0x7f32becfb000, 16384 <unfinished ...>
18513 mmap(NULL, 16384, PROT_READ|PROT_WRITE, MAP_PRIVATE|MAP_ANONYMOUS|MAP_NORESERVE, -1, 0 <unfinished ...>
18512 <... munmap resumed>)             = 0
18511 mmap(NULL, 16384, PROT_READ|PROT_WRITE, MAP_PRIVATE|MAP_ANONYMOUS|MAP_NORESERVE, -1, 0 <unfinished ...>
18514 <... munmap resumed>)             = 0
18513 <... mmap resumed>)               = 0x7f32c0efd000
18512 mmap(NULL, 16384, PROT_READ|PROT_WRITE, MAP_PRIVATE|MAP_ANONYMOUS|MAP_NORESERVE, -1, 0 <unfinished ...>
18514 mmap(NULL, 16384, PROT_READ|PROT_WRITE, MAP_PRIVATE|MAP_ANONYMOUS|MAP_NORESERVE, -1, 0 <unfinished ...>
18511 <... mmap resumed>)               = 0x7f32becfb000
18512 <... mmap resumed>)               = 0x7f32becf7000
18514 <... mmap resumed>)               = 0x7f32becf3000
18513 munmap(0x7f32c0efd000, 16384 <unfinished ...>
18511 munmap(0x7f32becfb000, 16384 <unfinished ...>
18514 munmap(0x7f32becf3000, 16384 <unfinished ...>
18512 munmap(0x7f32becf7000, 16384 <unfinished ...>
18513 <... munmap resumed>)             = 0
18511 <... munmap resumed>)             = 0
18513 mmap(NULL, 16384, PROT_READ|PROT_WRITE, MAP_PRIVATE|MAP_ANONYMOUS|MAP_NORESERVE, -1, 0 <unfinished ...>
18514 <... munmap resumed>)             = 0
18512 <... munmap resumed>)             = 0
18513 <... mmap resumed>)               = 0x7f32c0efd000
18511 mmap(NULL, 16384, PROT_READ|PROT_WRITE, MAP_PRIVATE|MAP_ANONYMOUS|MAP_NORESERVE, -1, 0 <unfinished ...>
18514 mmap(NULL, 16384, PROT_READ|PROT_WRITE, MAP_PRIVATE|MAP_ANONYMOUS|MAP_NORESERVE, -1, 0 <unfinished ...>
18512 mmap(NULL, 16384, PROT_READ|PROT_WRITE, MAP_PRIVATE|MAP_ANONYMOUS|MAP_NORESERVE, -1, 0 <unfinished ...>
18511 <... mmap resumed>)               = 0x7f32becfb000
18514 <... mmap resumed>)               = 0x7f32becf7000
18514 munmap(0x7f32becf7000, 16384 <unfinished ...>
18513 munmap(0x7f32c0efd000, 16384 <unfinished ...>
18512 <... mmap resumed>)               = 0x7f32becf3000
18511 munmap(0x7f32becfb000, 16384 <unfinished ...>
18514 <... munmap resumed>)             = 0
18512 munmap(0x7f32becf3000, 16384 <unfinished ...>
18513 <... munmap resumed>)             = 0
18514 mmap(NULL, 16384, PROT_READ|PROT_WRITE, MAP_PRIVATE|MAP_ANONYMOUS|MAP_NORESERVE, -1, 0 <unfinished ...>
18511 <... munmap resumed>)             = 0
18513 mmap(NULL, 16384, PROT_READ|PROT_WRITE, MAP_PRIVATE|MAP_ANONYMOUS|MAP_NORESERVE, -1, 0 <unfinished ...>
18512 <... munmap resumed>)             = 0
18514 <... mmap resumed>)               = 0x7f32c0efd000
18513 <... mmap resumed>)               = 0x7f32becfb000
18512 mmap(NULL, 16384, PROT_READ|PROT_WRITE, MAP_PRIVATE|MAP_ANONYMOUS|MAP_NORESERVE, -1, 0 <unfinished ...>
18511 mmap(NULL, 16384, PROT_READ|PROT_WRITE, MAP_PRIVATE|MAP_ANONYMOUS|MAP_NORESERVE, -1, 0 <unfinished ...>
18513 munmap(0x7f32becfb000, 16384 <unfinished ...>
18514 munmap(0x7f32c0efd000, 16384 <unfinished ...>
18512 <... mmap resumed>)               = 0x7f32becf7000
18511 <... mmap resumed>)               = 0x7f32becf3000
18514 <... munmap resumed>)             = 0
18513 <... munmap resumed>)             = 0
18514 mmap(NULL, 16384, PROT_READ|PROT_WRITE, MAP_PRIVATE|MAP_ANONYMOUS|MAP_NORESERVE, -1, 0 <unfinished ...>
18512 munmap(0x7f32becf7000, 16384 <unfinished ...>
18511 munmap(0x7f32becf3000, 16384 <unfinished ...>
18514 <... mmap resumed>)               = 0x7f32c0efd000
18514 munmap(0x7f32c0efd000, 16384 <unfinished ...>
18513 mmap(NULL, 16384, PROT_READ|PROT_WRITE, MAP_PRIVATE|MAP_ANONYMOUS|MAP_NORESERVE, -1, 0 <unfinished ...>
18512 <... munmap resumed>)             = 0
18514 <... munmap resumed>)             = 0
18513 <... mmap resumed>)               = 0x7f32becfb000
18512 mmap(NULL, 16384, PROT_READ|PROT_WRITE, MAP_PRIVATE|MAP_ANONYMOUS|MAP_NORESERVE, -1, 0 <unfinished ...>
18511 <... munmap resumed>)             = 0
18514 mmap(NULL, 16384, PROT_READ|PROT_WRITE, MAP_PRIVATE|MAP_ANONYMOUS|MAP_NORESERVE, -1, 0 <unfinished ...>
18513 munmap(0x7f32becfb000, 16384 <unfinished ...>
18512 <... mmap resumed>)               = 0x7f32c0efd000
18511 mmap(NULL, 16384, PROT_READ|PROT_WRITE, MAP_PRIVATE|MAP_ANONYMOUS|MAP_NORESERVE, -1, 0 <unfinished ...>
18514 <... mmap resumed>)               = 0x7f32becf7000
18513 <... munmap resumed>)             = 0
18514 munmap(0x7f32becf7000, 16384 <unfinished ...>
18513 mmap(NULL, 16384, PROT_READ|PROT_WRITE, MAP_PRIVATE|MAP_ANONYMOUS|MAP_NORESERVE, -1, 0 <unfinished ...>
18512 munmap(0x7f32c0efd000, 16384 <unfinished ...>
18511 <... mmap resumed>)               = 0x7f32becfb000
18514 <... munmap resumed>)             = 0
18513 <... mmap resumed>)               = 0x7f32c0efd000
18512 <... munmap resumed>)             = 0
18511 munmap(0x7f32becfb000, 16384 <unfinished ...>
18514 mmap(NULL, 16384, PROT_READ|PROT_WRITE, MAP_PRIVATE|MAP_ANONYMOUS|MAP_NORESERVE, -1, 0 <unfinished ...>
18513 munmap(0x7f32c0efd000, 16384 <unfinished ...>
18512 mmap(NULL, 16384, PROT_READ|PROT_WRITE, MAP_PRIVATE|MAP_ANONYMOUS|MAP_NORESERVE, -1, 0 <unfinished ...>
18511 <... munmap resumed>)             = 0
18514 <... mmap resumed>)               = 0x7f32becfb000
18513 <... munmap resumed>)             = 0
18512 <... mmap resumed>)               = 0x7f32becf7000
18511 mmap(NULL, 16384, PROT_READ|PROT_WRITE, MAP_PRIVATE|MAP_ANONYMOUS|MAP_NORESERVE, -1, 0 <unfinished ...>
18514 munmap(0x7f32becfb000, 16384 <unfinished ...>
18513 mmap(NULL, 16384, PROT_READ|PROT_WRITE, MAP_PRIVATE|MAP_ANONYMOUS|MAP_NORESERVE, -1, 0 <unfinished ...>
18512 munmap(0x7f32becf7000, 16384 <unfinished ...>
18511 <... mmap resumed>)               = 0x7f32c0efd000
18514 <... munmap resumed>)             = 0
18512 <... munmap resumed>)             = 0
18514 mmap(NULL, 16384, PROT_READ|PROT_WRITE, MAP_PRIVATE|MAP_ANONYMOUS|MAP_NORESERVE, -1, 0 <unfinished ...>
18513 <... mmap resumed>)               = 0x7f32becfb000
18511 munmap(0x7f32c0efd000, 16384 <unfinished ...>
18514 <... mmap resumed>)               = 0x7f32becf7000
18514 munmap(0x7f32becf7000, 16384 <unfinished ...>
18513 munmap(0x7f32becfb000, 16384 <unfinished ...>
18514 <... munmap resumed>)             = 0
18512 mmap(NULL, 16384, PROT_READ|PROT_WRITE, MAP_PRIVATE|MAP_ANONYMOUS|MAP_NORESERVE, -1, 0 <unfinished ...>
18514 mmap(NULL, 16384, PROT_READ|PROT_WRITE, MAP_PRIVATE|MAP_ANONYMOUS|MAP_NORESERVE, -1, 0 <unfinished ...>
18511 <... munmap resumed>)             = 0
18512 <... mmap resumed>)               = 0x7f32c0efd000
18511 mmap(NULL, 16384, PROT_READ|PROT_WRITE, MAP_PRIVATE|MAP_ANONYMOUS|MAP_NORESERVE, -1, 0 <unfinished ...>
18514 <... mmap resumed>)               = 0x7f32becfb000
18513 <... munmap resumed>)             = 0
18514 munmap(0x7f32becfb000, 16384 <unfinished ...>
18512 munmap(0x7f32c0efd000, 16384 <unfinished ...>
18513 mmap(NULL, 16384, PROT_READ|PROT_WRITE, MAP_PRIVATE|MAP_ANONYMOUS|MAP_NORESERVE, -1, 0 <unfinished ...>
18511 <... mmap resumed>)               = 0x7f32becf7000
18514 <... munmap resumed>)             = 0
18514 mmap(NULL, 16384, PROT_READ|PROT_WRITE, MAP_PRIVATE|MAP_ANONYMOUS|MAP_NORESERVE, -1, 0 <unfinished ...>
18513 <... mmap resumed>)               = 0x7f32becfb000
18514 <... mmap resumed>)               = 0x7f32c0efd000
18512 <... munmap resumed>)             = 0
18511 munmap(0x7f32becf7000, 16384 <unfinished ...>
18513 munmap(0x7f32becfb000, 16384 <unfinished ...>
18514 munmap(0x7f32c0efd000, 16384 <unfinished ...>
18512 mmap(NULL, 16384, PROT_READ|PROT_WRITE, MAP_PRIVATE|MAP_ANONYMOUS|MAP_NORESERVE, -1, 0 <unfinished ...>
18514 <... munmap resumed>)             = 0
18512 <... mmap resumed>)               = 0x7f32c0efd000
18511 <... munmap resumed>)             = 0
18513 <... munmap resumed>)             = 0
18514 mmap(NULL, 16384, PROT_READ|PROT_WRITE, MAP_PRIVATE|MAP_ANONYMOUS|MAP_NORESERVE, -1, 0 <unfinished ...>
18512 munmap(0x7f32c0efd000, 16384 <unfinished ...>
18511 mmap(NULL, 16384, PROT_READ|PROT_WRITE, MAP_PRIVATE|MAP_ANONYMOUS|MAP_NORESERVE, -1, 0 <unfinished ...>
18514 <... mmap resumed>)               = 0x7f32becfb000
18513 mmap(NULL, 16384, PROT_READ|PROT_WRITE, MAP_PRIVATE|MAP_ANONYMOUS|MAP_NORESERVE, -1, 0 <unfinished ...>
18512 <... munmap resumed>)             = 0
18511 <... mmap resumed>)               = 0x7f32c0efd000
18514 munmap(0x7f32becfb000, 16384 <unfinished ...>
18513 <... mmap resumed>)               = 0x7f32becf7000
18512 mmap(NULL, 16384, PROT_READ|PROT_WRITE, MAP_PRIVATE|MAP_ANONYMOUS|MAP_NORESERVE, -1, 0 <unfinished ...>
18511 munmap(0x7f32c0efd000, 16384 <unfinished ...>
18514 <... munmap resumed>)             = 0
18513 munmap(0x7f32becf7000, 16384 <unfinished ...>
18512 <... mmap resumed>)               = 0x7f32becf3000
18511 <... munmap resumed>)             = 0
18514 mmap(NULL, 16384, PROT_READ|PROT_WRITE, MAP_PRIVATE|MAP_ANONYMOUS|MAP_NORESERVE, -1, 0 <unfinished ...>
18513 <... munmap resumed>)             = 0
18511 mmap(NULL, 16384, PROT_READ|PROT_WRITE, MAP_PRIVATE|MAP_ANONYMOUS|MAP_NORESERVE, -1, 0 <unfinished ...>
18514 <... mmap resumed>)               = 0x7f32c0efd000
18513 mmap(NULL, 16384, PROT_READ|PROT_WRITE, MAP_PRIVATE|MAP_ANONYMOUS|MAP_NORESERVE, -1, 0 <unfinished ...>
18512 munmap(0x7f32becf3000, 16384 <unfinished ...>
18511 <... mmap resumed>)               = 0x7f32becfb000
18514 munmap(0x7f32c0efd000, 16384 <unfinished ...>
18513 <... mmap resumed>)               = 0x7f32becf7000
18512 <... munmap resumed>)             = 0
18514 <... munmap resumed>)             = 0
18514 mmap(NULL, 16384, PROT_READ|PROT_WRITE, MAP_PRIVATE|MAP_ANONYMOUS|MAP_NORESERVE, -1, 0 <unfinished ...>
18512 mmap(NULL, 16384, PROT_READ|PROT_WRITE, MAP_PRIVATE|MAP_ANONYMOUS|MAP_NORESERVE, -1, 0 <unfinished ...>
18514 <... mmap resumed>)               = 0x7f32c0efd000
18513 munmap(0x7f32becf7000, 16384 <unfinished ...>
18512 <... mmap resumed>)               = 0x7f32becf3000
18511 munmap(0x7f32becfb000, 16384 <unfinished ...>
18514 munmap(0x7f32c0efd000, 16384 <unfinished ...>
18512 munmap(0x7f32becf3000, 16384 <unfinished ...>
18514 <... munmap resumed>)             = 0
18514 mmap(NULL, 16384, PROT_READ|PROT_WRITE, MAP_PRIVATE|MAP_ANONYMOUS|MAP_NORESERVE, -1, 0 <unfinished ...>
18512 <... munmap resumed>)             = 0
18513 <... munmap resumed>)             = 0
18511 <... munmap resumed>)             = 0
18514 <... mmap resumed>)               = 0x7f32c0efd000
18514 munmap(0x7f32c0efd000, 16384 <unfinished ...>
18513 mmap(NULL, 16384, PROT_READ|PROT_WRITE, MAP_PRIVATE|MAP_ANONYMOUS|MAP_NORESERVE, -1, 0 <unfinished ...>
18512 mmap(NULL, 16384, PROT_READ|PROT_WRITE, MAP_PRIVATE|MAP_ANONYMOUS|MAP_NORESERVE, -1, 0 <unfinished ...>
18511 mmap(NULL, 16384, PROT_READ|PROT_WRITE, MAP_PRIVATE|MAP_ANONYMOUS|MAP_NORESERVE, -1, 0 <unfinished ...>
18513 <... mmap resumed>)               = 0x7f32c0efd000
18514 <... munmap resumed>)             = 0
18513 munmap(0x7f32c0efd000, 16384 <unfinished ...>
18514 mmap(NULL, 16384, PROT_READ|PROT_WRITE, MAP_PRIVATE|MAP_ANONYMOUS|MAP_NORESERVE, -1, 0 <unfinished ...>
18512 <... mmap resumed>)               = 0x7f32becfb000
18514 <... mmap resumed>)               = 0x7f32c0efd000
18513 <... munmap resumed>)             = 0
18512 munmap(0x7f32becfb000, 16384 <unfinished ...>
18511 <... mmap resumed>)               = 0x7f32becf7000
18513 mmap(NULL, 16384, PROT_READ|PROT_WRITE, MAP_PRIVATE|MAP_ANONYMOUS|MAP_NORESERVE, -1, 0 <unfinished ...>
18514 munmap(0x7f32c0efd000, 16384 <unfinished ...>
18513 <... mmap resumed>)               = 0x7f32becf3000
18513 munmap(0x7f32becf3000, 16384 <unfinished ...>
18512 <... munmap resumed>)             = 0
18511 munmap(0x7f32becf7000, 16384 <unfinished ...>
18514 <... munmap resumed>)             = 0
18513 <... munmap resumed>)             = 0
18513 mmap(NULL, 16384, PROT_READ|PROT_WRITE, MAP_PRIVATE|MAP_ANONYMOUS|MAP_NORESERVE, -1, 0 <unfinished ...>
18514 mmap(NULL, 16384, PROT_READ|PROT_WRITE, MAP_PRIVATE|MAP_ANONYMOUS|MAP_NORESERVE, -1, 0 <unfinished ...>
18513 <... mmap resumed>)               = 0x7f32c0efd000
18514 <... mmap resumed>)               = 0x7f32becfb000
18513 munmap(0x7f32c0efd000, 16384 <unfinished ...>
18512 mmap(NULL, 16384, PROT_READ|PROT_WRITE, MAP_PRIVATE|MAP_ANONYMOUS|MAP_NORESERVE, -1, 0 <unfinished ...>
18511 <... munmap resumed>)             = 0
18514 munmap(0x7f32becfb000, 16384 <unfinished ...>
18511 mmap(NULL, 16384, PROT_READ|PROT_WRITE, MAP_PRIVATE|MAP_ANONYMOUS|MAP_NORESERVE, -1, 0 <unfinished ...>
18513 <... munmap resumed>)             = 0
18512 <... mmap resumed>)               = 0x7f32c0efd000
18514 <... munmap resumed>)             = 0
18513 mmap(NULL, 16384, PROT_READ|PROT_WRITE, MAP_PRIVATE|MAP_ANONYMOUS|MAP_NORESERVE, -1, 0 <unfinished ...>
18512 munmap(0x7f32c0efd000, 16384 <unfinished ...>
18511 <... mmap resumed>)               = 0x7f32becfb000
18513 <... mmap resumed>)               = 0x7f32becf7000
18512 <... munmap resumed>)             = 0
18514 mmap(NULL, 16384, PROT_READ|PROT_WRITE, MAP_PRIVATE|MAP_ANONYMOUS|MAP_NORESERVE, -1, 0 <unfinished ...>
18511 munmap(0x7f32becfb000, 16384 <unfinished ...>
18513 munmap(0x7f32becf7000, 16384 <unfinished ...>
18512 mmap(NULL, 16384, PROT_READ|PROT_WRITE, MAP_PRIVATE|MAP_ANONYMOUS|MAP_NORESERVE, -1, 0 <unfinished ...>
18514 <... mmap resumed>)               = 0x7f32c0efd000
18511 <... munmap resumed>)             = 0
18513 <... munmap resumed>)             = 0
18512 <... mmap resumed>)               = 0x7f32becfb000
18511 mmap(NULL, 16384, PROT_READ|PROT_WRITE, MAP_PRIVATE|MAP_ANONYMOUS|MAP_NORESERVE, -1, 0 <unfinished ...>
18514 munmap(0x7f32c0efd000, 16384 <unfinished ...>
18513 mmap(NULL, 16384, PROT_READ|PROT_WRITE, MAP_PRIVATE|MAP_ANONYMOUS|MAP_NORESERVE, -1, 0 <unfinished ...>
18512 munmap(0x7f32becfb000, 16384 <unfinished ...>
18514 <... munmap resumed>)             = 0
18513 <... mmap resumed>)               = 0x7f32c0efd000
18514 mmap(NULL, 16384, PROT_READ|PROT_WRITE, MAP_PRIVATE|MAP_ANONYMOUS|MAP_NORESERVE, -1, 0 <unfinished ...>
18511 <... mmap resumed>)               = 0x7f32becf7000
18513 munmap(0x7f32c0efd000, 16384 <unfinished ...>
18512 <... munmap resumed>)             = 0
18511 munmap(0x7f32becf7000, 16384 <unfinished ...>
18514 <... mmap resumed>)               = 0x7f32becfb000
18513 <... munmap resumed>)             = 0
18512 mmap(NULL, 16384, PROT_READ|PROT_WRITE, MAP_PRIVATE|MAP_ANONYMOUS|MAP_NORESERVE, -1, 0 <unfinished ...>
18511 <... munmap resumed>)             = 0
18514 munmap(0x7f32becfb000, 16384 <unfinished ...>
18512 <... mmap resumed>)               = 0x7f32c0efd000
18513 mmap(NULL, 16384, PROT_READ|PROT_WRITE, MAP_PRIVATE|MAP_ANONYMOUS|MAP_NORESERVE, -1, 0 <unfinished ...>
18511 mmap(NULL, 16384, PROT_READ|PROT_WRITE, MAP_PRIVATE|MAP_ANONYMOUS|MAP_NORESERVE, -1, 0 <unfinished ...>
18514 <... munmap resumed>)             = 0
18513 <... mmap resumed>)               = 0x7f32becfb000
18514 mmap(NULL, 16384, PROT_READ|PROT_WRITE, MAP_PRIVATE|MAP_ANONYMOUS|MAP_NORESERVE, -1, 0 <unfinished ...>
18512 munmap(0x7f32c0efd000, 16384 <unfinished ...>
18511 <... mmap resumed>)               = 0x7f32becf7000
18514 <... mmap resumed>)               = 0x7f32c0efd000
18513 munmap(0x7f32becfb000, 16384 <unfinished ...>
18512 <... munmap resumed>)             = 0
18511 munmap(0x7f32becf7000, 16384 <unfinished ...>
18514 munmap(0x7f32c0efd000, 16384 <unfinished ...>
18513 <... munmap resumed>)             = 0
18514 <... munmap resumed>)             = 0
18513 mmap(NULL, 16384, PROT_READ|PROT_WRITE, MAP_PRIVATE|MAP_ANONYMOUS|MAP_NORESERVE, -1, 0 <unfinished ...>
18514 mmap(NULL, 16384, PROT_READ|PROT_WRITE, MAP_PRIVATE|MAP_ANONYMOUS|MAP_NORESERVE, -1, 0 <unfinished ...>
18513 <... mmap resumed>)               = 0x7f32c0efd000
18511 <... munmap resumed>)             = 0
18512 mmap(NULL, 16384, PROT_READ|PROT_WRITE, MAP_PRIVATE|MAP_ANONYMOUS|MAP_NORESERVE, -1, 0 <unfinished ...>
18511 mmap(NULL, 16384, PROT_READ|PROT_WRITE, MAP_PRIVATE|MAP_ANONYMOUS|MAP_NORESERVE, -1, 0 <unfinished ...>
18514 <... mmap resumed>)               = 0x7f32becfb000
18512 <... mmap resumed>)               = 0x7f32becf7000
18513 munmap(0x7f32c0efd000, 16384 <unfinished ...>
18511 <... mmap resumed>)               = 0x7f32becf3000
18514 munmap(0x7f32becfb000, 16384)     = 0
18512 munmap(0x7f32becf7000, 16384 <unfinished ...>
18514 mmap(NULL, 16384, PROT_READ|PROT_WRITE, MAP_PRIVATE|MAP_ANONYMOUS|MAP_NORESERVE, -1, 0 <unfinished ...>
18513 <... munmap resumed>)             = 0
18513 mmap(NULL, 16384, PROT_READ|PROT_WRITE, MAP_PRIVATE|MAP_ANONYMOUS|MAP_NORESERVE, -1, 0 <unfinished ...>
18511 munmap(0x7f32becf3000, 16384 <unfinished ...>
18513 <... mmap resumed>)               = 0x7f32c0efd000
18512 <... munmap resumed>)             = 0
18514 <... mmap resumed>)               = 0x7f32becfb000
18511 <... munmap resumed>)             = 0
18513 munmap(0x7f32c0efd000, 16384 <unfinished ...>
18512 mmap(NULL, 16384, PROT_READ|PROT_WRITE, MAP_PRIVATE|MAP_ANONYMOUS|MAP_NORESERVE, -1, 0 <unfinished ...>
18514 munmap(0x7f32becfb000, 16384 <unfinished ...>
18512 <... mmap resumed>)               = 0x7f32becf7000
18514 <... munmap resumed>)             = 0
18513 <... munmap resumed>)             = 0
18511 mmap(NULL, 16384, PROT_READ|PROT_WRITE, MAP_PRIVATE|MAP_ANONYMOUS|MAP_NORESERVE, -1, 0 <unfinished ...>
18514 mmap(NULL, 16384, PROT_READ|PROT_WRITE, MAP_PRIVATE|MAP_ANONYMOUS|MAP_NORESERVE, -1, 0 <unfinished ...>
18512 munmap(0x7f32becf7000, 16384 <unfinished ...>
18514 <... mmap resumed>)               = 0x7f32c0efd000
18513 mmap(NULL, 16384, PROT_READ|PROT_WRITE, MAP_PRIVATE|MAP_ANONYMOUS|MAP_NORESERVE, -1, 0 <unfinished ...>
18514 munmap(0x7f32c0efd000, 16384 <unfinished ...>
18512 <... munmap resumed>)             = 0
18513 <... mmap resumed>)               = 0x7f32becfb000
18514 <... munmap resumed>)             = 0
18512 mmap(NULL, 16384, PROT_READ|PROT_WRITE, MAP_PRIVATE|MAP_ANONYMOUS|MAP_NORESERVE, -1, 0 <unfinished ...>
18514 mmap(NULL, 16384, PROT_READ|PROT_WRITE, MAP_PRIVATE|MAP_ANONYMOUS|MAP_NORESERVE, -1, 0 <unfinished ...>
18513 munmap(0x7f32becfb000, 16384 <unfinished ...>
18512 <... mmap resumed>)               = 0x7f32c0efd000
18514 <... mmap resumed>)               = 0x7f32becf7000
18514 munmap(0x7f32becf7000, 16384 <unfinished ...>
18512 munmap(0x7f32c0efd000, 16384 <unfinished ...>
18513 <... munmap resumed>)             = 0
18514 <... munmap resumed>)             = 0
18511 <... mmap resumed>)               = 0x7f32becfb000
18512 <... munmap resumed>)             = 0
18511 munmap(0x7f32becfb000, 16384 <unfinished ...>
18513 mmap(NULL, 16384, PROT_READ|PROT_WRITE, MAP_PRIVATE|MAP_ANONYMOUS|MAP_NORESERVE, -1, 0 <unfinished ...>
18514 mmap(NULL, 16384, PROT_READ|PROT_WRITE, MAP_PRIVATE|MAP_ANONYMOUS|MAP_NORESERVE, -1, 0) = 0x7f32c0efd000
18513 <... mmap resumed>)               = 0x7f32becf7000
18512 mmap(NULL, 16384, PROT_READ|PROT_WRITE, MAP_PRIVATE|MAP_ANONYMOUS|MAP_NORESERVE, -1, 0 <unfinished ...>
18511 <... munmap resumed>)             = 0
18514 munmap(0x7f32c0efd000, 16384 <unfinished ...>
18512 <... mmap resumed>)               = 0x7f32becfb000
18513 munmap(0x7f32becf7000, 16384 <unfinished ...>
18511 mmap(NULL, 16384, PROT_READ|PROT_WRITE, MAP_PRIVATE|MAP_ANONYMOUS|MAP_NORESERVE, -1, 0 <unfinished ...>
18514 <... munmap resumed>)             = 0
18514 mmap(NULL, 16384, PROT_READ|PROT_WRITE, MAP_PRIVATE|MAP_ANONYMOUS|MAP_NORESERVE, -1, 0) = 0x7f32c0efd000
18513 <... munmap resumed>)             = 0
18512 munmap(0x7f32becfb000, 16384 <unfinished ...>
18511 <... mmap resumed>)               = 0x7f32becf7000
18514 munmap(0x7f32c0efd000, 16384 <unfinished ...>
18513 mmap(NULL, 16384, PROT_READ|PROT_WRITE, MAP_PRIVATE|MAP_ANONYMOUS|MAP_NORESERVE, -1, 0 <unfinished ...>
18512 <... munmap resumed>)             = 0
18512 mmap(NULL, 16384, PROT_READ|PROT_WRITE, MAP_PRIVATE|MAP_ANONYMOUS|MAP_NORESERVE, -1, 0 <unfinished ...>
18511 munmap(0x7f32becf7000, 16384 <unfinished ...>
18514 <... munmap resumed>)             = 0
18513 <... mmap resumed>)               = 0x7f32c0efd000
18512 <... mmap resumed>)               = 0x7f32becfb000
18513 munmap(0x7f32c0efd000, 16384 <unfinished ...>
18511 <... munmap resumed>)             = 0
18512 munmap(0x7f32becfb000, 16384 <unfinished ...>
18514 mmap(NULL, 16384, PROT_READ|PROT_WRITE, MAP_PRIVATE|MAP_ANONYMOUS|MAP_NORESERVE, -1, 0 <unfinished ...>
18513 <... munmap resumed>)             = 0
18511 mmap(NULL, 16384, PROT_READ|PROT_WRITE, MAP_PRIVATE|MAP_ANONYMOUS|MAP_NORESERVE, -1, 0 <unfinished ...>
18514 <... mmap resumed>)               = 0x7f32c0efd000
18512 <... munmap resumed>)             = 0
18513 mmap(NULL, 16384, PROT_READ|PROT_WRITE, MAP_PRIVATE|MAP_ANONYMOUS|MAP_NORESERVE, -1, 0 <unfinished ...>
18514 munmap(0x7f32c0efd000, 16384 <unfinished ...>
18513 <... mmap resumed>)               = 0x7f32becf7000
18511 <... mmap resumed>)               = 0x7f32becfb000
18514 <... munmap resumed>)             = 0
18513 munmap(0x7f32becf7000, 16384 <unfinished ...>
18514 mmap(NULL, 16384, PROT_READ|PROT_WRITE, MAP_PRIVATE|MAP_ANONYMOUS|MAP_NORESERVE, -1, 0) = 0x7f32c0efd000
18513 <... munmap resumed>)             = 0
18512 mmap(NULL, 16384, PROT_READ|PROT_WRITE, MAP_PRIVATE|MAP_ANONYMOUS|MAP_NORESERVE, -1, 0 <unfinished ...>
18511 munmap(0x7f32becfb000, 16384 <unfinished ...>
18514 munmap(0x7f32c0efd000, 16384 <unfinished ...>
18513 mmap(NULL, 16384, PROT_READ|PROT_WRITE, MAP_PRIVATE|MAP_ANONYMOUS|MAP_NORESERVE, -1, 0 <unfinished ...>
18512 <... mmap resumed>)               = 0x7f32becf7000
18511 <... munmap resumed>)             = 0
18514 <... munmap resumed>)             = 0
18513 <... mmap resumed>)               = 0x7f32becfb000
18512 munmap(0x7f32becf7000, 16384 <unfinished ...>
18511 mmap(NULL, 16384, PROT_READ|PROT_WRITE, MAP_PRIVATE|MAP_ANONYMOUS|MAP_NORESERVE, -1, 0 <unfinished ...>
18514 mmap(NULL, 16384, PROT_READ|PROT_WRITE, MAP_PRIVATE|MAP_ANONYMOUS|MAP_NORESERVE, -1, 0) = 0x7f32c0efd000
18514 munmap(0x7f32c0efd000, 16384)     = 0
18514 mmap(NULL, 16384, PROT_READ|PROT_WRITE, MAP_PRIVATE|MAP_ANONYMOUS|MAP_NORESERVE, -1, 0) = 0x7f32becf7000
18513 munmap(0x7f32becfb000, 16384 <unfinished ...>
18512 <... munmap resumed>)             = 0
18511 <... mmap resumed>)               = 0x7f32c0efd000
18514 munmap(0x7f32becf7000, 16384)     = 0
18513 <... munmap resumed>)             = 0
18512 mmap(NULL, 16384, PROT_READ|PROT_WRITE, MAP_PRIVATE|MAP_ANONYMOUS|MAP_NORESERVE, -1, 0 <unfinished ...>
18511 munmap(0x7f32c0efd000, 16384 <unfinished ...>
18514 mmap(NULL, 16384, PROT_READ|PROT_WRITE, MAP_PRIVATE|MAP_ANONYMOUS|MAP_NORESERVE, -1, 0 <unfinished ...>
18513 mmap(NULL, 16384, PROT_READ|PROT_WRITE, MAP_PRIVATE|MAP_ANONYMOUS|MAP_NORESERVE, -1, 0 <unfinished ...>
18514 <... mmap resumed>)               = 0x7f32becfb000
18514 munmap(0x7f32becfb000, 16384 <unfinished ...>
18513 <... mmap resumed>)               = 0x7f32c0efd000
18512 <... mmap resumed>)               = 0x7f32becf7000
18511 <... munmap resumed>)             = 0
18514 <... munmap resumed>)             = 0
18513 munmap(0x7f32c0efd000, 16384 <unfinished ...>
18512 munmap(0x7f32becf7000, 16384 <unfinished ...>
18511 mmap(NULL, 16384, PROT_READ|PROT_WRITE, MAP_PRIVATE|MAP_ANONYMOUS|MAP_NORESERVE, -1, 0 <unfinished ...>
18514 mmap(NULL, 16384, PROT_READ|PROT_WRITE, MAP_PRIVATE|MAP_ANONYMOUS|MAP_NORESERVE, -1, 0 <unfinished ...>
18512 <... munmap resumed>)             = 0
18512 mmap(NULL, 16384, PROT_READ|PROT_WRITE, MAP_PRIVATE|MAP_ANONYMOUS|MAP_NORESERVE, -1, 0 <unfinished ...>
18513 <... munmap resumed>)             = 0
18511 <... mmap resumed>)               = 0x7f32c0efd000
18514 <... mmap resumed>)               = 0x7f32becfb000
18512 <... mmap resumed>)               = 0x7f32becf7000
18511 munmap(0x7f32c0efd000, 16384 <unfinished ...>
18513 mmap(NULL, 16384, PROT_READ|PROT_WRITE, MAP_PRIVATE|MAP_ANONYMOUS|MAP_NORESERVE, -1, 0 <unfinished ...>
18514 munmap(0x7f32becfb000, 16384 <unfinished ...>
18511 <... munmap resumed>)             = 0
18512 munmap(0x7f32becf7000, 16384 <unfinished ...>
18513 <... mmap resumed>)               = 0x7f32c0efd000
18514 <... munmap resumed>)             = 0
18511 mmap(NULL, 16384, PROT_READ|PROT_WRITE, MAP_PRIVATE|MAP_ANONYMOUS|MAP_NORESERVE, -1, 0 <unfinished ...>
18514 mmap(NULL, 16384, PROT_READ|PROT_WRITE, MAP_PRIVATE|MAP_ANONYMOUS|MAP_NORESERVE, -1, 0 <unfinished ...>
18512 <... munmap resumed>)             = 0
18514 <... mmap resumed>)               = 0x7f32becf7000
18513 munmap(0x7f32c0efd000, 16384 <unfinished ...>
18511 <... mmap resumed>)               = 0x7f32becfb000
18514 munmap(0x7f32becf7000, 16384)     = 0
18513 <... munmap resumed>)             = 0
18512 mmap(NULL, 16384, PROT_READ|PROT_WRITE, MAP_PRIVATE|MAP_ANONYMOUS|MAP_NORESERVE, -1, 0 <unfinished ...>
18511 munmap(0x7f32becfb000, 16384 <unfinished ...>
18514 mmap(NULL, 16384, PROT_READ|PROT_WRITE, MAP_PRIVATE|MAP_ANONYMOUS|MAP_NORESERVE, -1, 0) = 0x7f32c0efd000
18513 mmap(NULL, 16384, PROT_READ|PROT_WRITE, MAP_PRIVATE|MAP_ANONYMOUS|MAP_NORESERVE, -1, 0) = 0x7f32becf7000
18512 <... mmap resumed>)               = 0x7f32becfb000
18511 <... munmap resumed>)             = 0
18514 munmap(0x7f32c0efd000, 16384 <unfinished ...>
18513 munmap(0x7f32becf7000, 16384 <unfinished ...>
18514 <... munmap resumed>)             = 0
18512 munmap(0x7f32becfb000, 16384 <unfinished ...>
18511 mmap(NULL, 16384, PROT_READ|PROT_WRITE, MAP_PRIVATE|MAP_ANONYMOUS|MAP_NORESERVE, -1, 0 <unfinished ...>
18513 <... munmap resumed>)             = 0
18514 mmap(NULL, 16384, PROT_READ|PROT_WRITE, MAP_PRIVATE|MAP_ANONYMOUS|MAP_NORESERVE, -1, 0) = 0x7f32c0efd000
18513 mmap(NULL, 16384, PROT_READ|PROT_WRITE, MAP_PRIVATE|MAP_ANONYMOUS|MAP_NORESERVE, -1, 0 <unfinished ...>
18512 <... munmap resumed>)             = 0
18511 <... mmap resumed>)               = 0x7f32becfb000
18514 munmap(0x7f32c0efd000, 16384 <unfinished ...>
18513 <... mmap resumed>)               = 0x7f32becf7000
18511 munmap(0x7f32becfb000, 16384 <unfinished ...>
18514 <... munmap resumed>)             = 0
18513 munmap(0x7f32becf7000, 16384 <unfinished ...>
18512 mmap(NULL, 16384, PROT_READ|PROT_WRITE, MAP_PRIVATE|MAP_ANONYMOUS|MAP_NORESERVE, -1, 0 <unfinished ...>
18511 <... munmap resumed>)             = 0
18514 mmap(NULL, 16384, PROT_READ|PROT_WRITE, MAP_PRIVATE|MAP_ANONYMOUS|MAP_NORESERVE, -1, 0 <unfinished ...>
18513 <... munmap resumed>)             = 0
18514 <... mmap resumed>)               = 0x7f32c0efd000
18513 mmap(NULL, 16384, PROT_READ|PROT_WRITE, MAP_PRIVATE|MAP_ANONYMOUS|MAP_NORESERVE, -1, 0 <unfinished ...>
18512 <... mmap resumed>)               = 0x7f32becfb000
18511 mmap(NULL, 16384, PROT_READ|PROT_WRITE, MAP_PRIVATE|MAP_ANONYMOUS|MAP_NORESERVE, -1, 0 <unfinished ...>
18513 <... mmap resumed>)               = 0x7f32becf7000
18514 munmap(0x7f32c0efd000, 16384 <unfinished ...>
18511 <... mmap resumed>)               = 0x7f32becf3000
18513 munmap(0x7f32becf7000, 16384 <unfinished ...>
18512 munmap(0x7f32becfb000, 16384 <unfinished ...>
18514 <... munmap resumed>)             = 0
18511 munmap(0x7f32becf3000, 16384 <unfinished ...>
18514 mmap(NULL, 16384, PROT_READ|PROT_WRITE, MAP_PRIVATE|MAP_ANONYMOUS|MAP_NORESERVE, -1, 0 <unfinished ...>
18513 <... munmap resumed>)             = 0
18511 <... munmap resumed>)             = 0
18514 <... mmap resumed>)               = 0x7f32c0efd000
18512 <... munmap resumed>)             = 0
18513 mmap(NULL, 16384, PROT_READ|PROT_WRITE, MAP_PRIVATE|MAP_ANONYMOUS|MAP_NORESERVE, -1, 0 <unfinished ...>
18511 mmap(NULL, 16384, PROT_READ|PROT_WRITE, MAP_PRIVATE|MAP_ANONYMOUS|MAP_NORESERVE, -1, 0 <unfinished ...>
18514 munmap(0x7f32c0efd000, 16384 <unfinished ...>
18513 <... mmap resumed>)               = 0x7f32becf7000
18512 mmap(NULL, 16384, PROT_READ|PROT_WRITE, MAP_PRIVATE|MAP_ANONYMOUS|MAP_NORESERVE, -1, 0 <unfinished ...>
18511 <... mmap resumed>)               = 0x7f32becfb000
18514 <... munmap resumed>)             = 0
18514 mmap(NULL, 16384, PROT_READ|PROT_WRITE, MAP_PRIVATE|MAP_ANONYMOUS|MAP_NORESERVE, -1, 0 <unfinished ...>
18513 munmap(0x7f32becf7000, 16384 <unfinished ...>
18512 <... mmap resumed>)               = 0x7f32c0efd000
18513 <... munmap resumed>)             = 0
18511 munmap(0x7f32becfb000, 16384 <unfinished ...>
18513 mmap(NULL, 16384, PROT_READ|PROT_WRITE, MAP_PRIVATE|MAP_ANONYMOUS|MAP_NORESERVE, -1, 0 <unfinished ...>
18514 <... mmap resumed>)               = 0x7f32becf7000
18512 munmap(0x7f32c0efd000, 16384 <unfinished ...>
18513 <... mmap resumed>)               = 0x7f32becfb000
18511 <... munmap resumed>)             = 0
18514 munmap(0x7f32becf7000, 16384 <unfinished ...>
18513 munmap(0x7f32becfb000, 16384 <unfinished ...>
18512 <... munmap resumed>)             = 0
18511 mmap(NULL, 16384, PROT_READ|PROT_WRITE, MAP_PRIVATE|MAP_ANONYMOUS|MAP_NORESERVE, -1, 0 <unfinished ...>
18514 <... munmap resumed>)             = 0
18512 mmap(NULL, 16384, PROT_READ|PROT_WRITE, MAP_PRIVATE|MAP_ANONYMOUS|MAP_NORESERVE, -1, 0 <unfinished ...>
18511 <... mmap resumed>)               = 0x7f32c0efd000
18514 mmap(NULL, 16384, PROT_READ|PROT_WRITE, MAP_PRIVATE|MAP_ANONYMOUS|MAP_NORESERVE, -1, 0 <unfinished ...>
18512 <... mmap resumed>)               = 0x7f32becf7000
18514 <... mmap resumed>)               = 0x7f32becfb000
18513 <... munmap resumed>)             = 0
18511 munmap(0x7f32c0efd000, 16384 <unfinished ...>
18514 munmap(0x7f32becfb000, 16384 <unfinished ...>
18513 mmap(NULL, 16384, PROT_READ|PROT_WRITE, MAP_PRIVATE|MAP_ANONYMOUS|MAP_NORESERVE, -1, 0 <unfinished ...>
18512 munmap(0x7f32becf7000, 16384 <unfinished ...>
18514 <... munmap resumed>)             = 0
18513 <... mmap resumed>)               = 0x7f32c0efd000
18511 <... munmap resumed>)             = 0
18513 munmap(0x7f32c0efd000, 16384)     = 0
18513 mmap(NULL, 16384, PROT_READ|PROT_WRITE, MAP_PRIVATE|MAP_ANONYMOUS|MAP_NORESERVE, -1, 0) = 0x7f32c0efd000
18513 munmap(0x7f32c0efd000, 16384 <unfinished ...>
18514 mmap(NULL, 16384, PROT_READ|PROT_WRITE, MAP_PRIVATE|MAP_ANONYMOUS|MAP_NORESERVE, -1, 0 <unfinished ...>
18512 <... munmap resumed>)             = 0
18511 mmap(NULL, 16384, PROT_READ|PROT_WRITE, MAP_PRIVATE|MAP_ANONYMOUS|MAP_NORESERVE, -1, 0 <unfinished ...>
18514 <... mmap resumed>)               = 0x7f32c0efd000
18513 <... munmap resumed>)             = 0
18512 mmap(NULL, 16384, PROT_READ|PROT_WRITE, MAP_PRIVATE|MAP_ANONYMOUS|MAP_NORESERVE, -1, 0 <unfinished ...>
18513 mmap(NULL, 16384, PROT_READ|PROT_WRITE, MAP_PRIVATE|MAP_ANONYMOUS|MAP_NORESERVE, -1, 0 <unfinished ...>
18512 <... mmap resumed>)               = 0x7f32becf7000
18511 <... mmap resumed>)               = 0x7f32becfb000
18514 munmap(0x7f32c0efd000, 16384 <unfinished ...>
18513 <... mmap resumed>)               = 0x7f32becf3000
18512 munmap(0x7f32becf7000, 16384 <unfinished ...>
18511 munmap(0x7f32becfb000, 16384 <unfinished ...>
18514 <... munmap resumed>)             = 0
18513 munmap(0x7f32becf3000, 16384 <unfinished ...>
18514 mmap(NULL, 16384, PROT_READ|PROT_WRITE, MAP_PRIVATE|MAP_ANONYMOUS|MAP_NORESERVE, -1, 0 <unfinished ...>
18513 <... munmap resumed>)             = 0
18511 <... munmap resumed>)             = 0
18514 <... mmap resumed>)               = 0x7f32c0efd000
18513 mmap(NULL, 16384, PROT_READ|PROT_WRITE, MAP_PRIVATE|MAP_ANONYMOUS|MAP_NORESERVE, -1, 0 <unfinished ...>
18512 <... munmap resumed>)             = 0
18511 mmap(NULL, 16384, PROT_READ|PROT_WRITE, MAP_PRIVATE|MAP_ANONYMOUS|MAP_NORESERVE, -1, 0 <unfinished ...>
18514 munmap(0x7f32c0efd000, 16384 <unfinished ...>
18512 mmap(NULL, 16384, PROT_READ|PROT_WRITE, MAP_PRIVATE|MAP_ANONYMOUS|MAP_NORESERVE, -1, 0 <unfinished ...>
18513 <... mmap resumed>)               = 0x7f32becfb000
18511 <... mmap resumed>)               = 0x7f32becf7000
18514 <... munmap resumed>)             = 0
18514 mmap(NULL, 16384, PROT_READ|PROT_WRITE, MAP_PRIVATE|MAP_ANONYMOUS|MAP_NORESERVE, -1, 0 <unfinished ...>
18512 <... mmap resumed>)               = 0x7f32c0efd000
18514 <... mmap resumed>)               = 0x7f32becf3000
18513 munmap(0x7f32becfb000, 16384 <unfinished ...>
18512 munmap(0x7f32c0efd000, 16384 <unfinished ...>
18511 munmap(0x7f32becf7000, 16384 <unfinished ...>
18514 munmap(0x7f32becf3000, 16384 <unfinished ...>
18513 <... munmap resumed>)             = 0
18514 <... munmap resumed>)             = 0
18513 mmap(NULL, 16384, PROT_READ|PROT_WRITE, MAP_PRIVATE|MAP_ANONYMOUS|MAP_NORESERVE, -1, 0 <unfinished ...>
18514 mmap(NULL, 16384, PROT_READ|PROT_WRITE, MAP_PRIVATE|MAP_ANONYMOUS|MAP_NORESERVE, -1, 0 <unfinished ...>
18513 <... mmap resumed>)               = 0x7f32c0efd000
18512 <... munmap resumed>)             = 0
18514 <... mmap resumed>)               = 0x7f32becfb000
18512 mmap(NULL, 16384, PROT_READ|PROT_WRITE, MAP_PRIVATE|MAP_ANONYMOUS|MAP_NORESERVE, -1, 0 <unfinished ...>
18511 <... munmap resumed>)             = 0
18513 munmap(0x7f32c0efd000, 16384 <unfinished ...>
18514 munmap(0x7f32becfb000, 16384 <unfinished ...>
18512 <... mmap resumed>)               = 0x7f32becf7000
18514 <... munmap resumed>)             = 0
18511 mmap(NULL, 16384, PROT_READ|PROT_WRITE, MAP_PRIVATE|MAP_ANONYMOUS|MAP_NORESERVE, -1, 0 <unfinished ...>
18514 mmap(NULL, 16384, PROT_READ|PROT_WRITE, MAP_PRIVATE|MAP_ANONYMOUS|MAP_NORESERVE, -1, 0 <unfinished ...>
18512 munmap(0x7f32becf7000, 16384 <unfinished ...>
18513 <... munmap resumed>)             = 0
18511 <... mmap resumed>)               = 0x7f32c0efd000
18514 <... mmap resumed>)               = 0x7f32becfb000
18513 mmap(NULL, 16384, PROT_READ|PROT_WRITE, MAP_PRIVATE|MAP_ANONYMOUS|MAP_NORESERVE, -1, 0 <unfinished ...>
18514 munmap(0x7f32becfb000, 16384 <unfinished ...>
18512 <... munmap resumed>)             = 0
18511 munmap(0x7f32c0efd000, 16384 <unfinished ...>
18514 <... munmap resumed>)             = 0
18513 <... mmap resumed>)               = 0x7f32becfb000
18512 mmap(NULL, 16384, PROT_READ|PROT_WRITE, MAP_PRIVATE|MAP_ANONYMOUS|MAP_NORESERVE, -1, 0 <unfinished ...>
18511 <... munmap resumed>)             = 0
18514 mmap(NULL, 16384, PROT_READ|PROT_WRITE, MAP_PRIVATE|MAP_ANONYMOUS|MAP_NORESERVE, -1, 0 <unfinished ...>
18513 munmap(0x7f32becfb000, 16384 <unfinished ...>
18514 <... mmap resumed>)               = 0x7f32c0efd000
18511 mmap(NULL, 16384, PROT_READ|PROT_WRITE, MAP_PRIVATE|MAP_ANONYMOUS|MAP_NORESERVE, -1, 0 <unfinished ...>
18512 <... mmap resumed>)               = 0x7f32becf7000
18512 munmap(0x7f32becf7000, 16384 <unfinished ...>
18513 <... munmap resumed>)             = 0
18514 munmap(0x7f32c0efd000, 16384 <unfinished ...>
18512 <... munmap resumed>)             = 0
18511 <... mmap resumed>)               = 0x7f32becfb000
18514 <... munmap resumed>)             = 0
18513 mmap(NULL, 16384, PROT_READ|PROT_WRITE, MAP_PRIVATE|MAP_ANONYMOUS|MAP_NORESERVE, -1, 0 <unfinished ...>
18512 mmap(NULL, 16384, PROT_READ|PROT_WRITE, MAP_PRIVATE|MAP_ANONYMOUS|MAP_NORESERVE, -1, 0 <unfinished ...>
18511 munmap(0x7f32becfb000, 16384 <unfinished ...>
18514 mmap(NULL, 16384, PROT_READ|PROT_WRITE, MAP_PRIVATE|MAP_ANONYMOUS|MAP_NORESERVE, -1, 0) = 0x7f32becfb000
18513 <... mmap resumed>)               = 0x7f32c0efd000
18511 <... munmap resumed>)             = 0
18512 <... mmap resumed>)               = 0x7f32becf7000
18514 munmap(0x7f32becfb000, 16384 <unfinished ...>
18513 munmap(0x7f32c0efd000, 16384 <unfinished ...>
18511 mmap(NULL, 16384, PROT_READ|PROT_WRITE, MAP_PRIVATE|MAP_ANONYMOUS|MAP_NORESERVE, -1, 0 <unfinished ...>
18514 <... munmap resumed>)             = 0
18513 <... munmap resumed>)             = 0
18511 <... mmap resumed>)               = 0x7f32c0efd000
18514 mmap(NULL, 16384, PROT_READ|PROT_WRITE, MAP_PRIVATE|MAP_ANONYMOUS|MAP_NORESERVE, -1, 0 <unfinished ...>
18512 munmap(0x7f32becf7000, 16384 <unfinished ...>
18513 mmap(NULL, 16384, PROT_READ|PROT_WRITE, MAP_PRIVATE|MAP_ANONYMOUS|MAP_NORESERVE, -1, 0 <unfinished ...>
18511 munmap(0x7f32c0efd000, 16384 <unfinished ...>
18514 <... mmap resumed>)               = 0x7f32becfb000
18513 <... mmap resumed>)               = 0x7f32becf7000
18512 <... munmap resumed>)             = 0
18511 <... munmap resumed>)             = 0
18514 munmap(0x7f32becfb000, 16384 <unfinished ...>
18513 munmap(0x7f32becf7000, 16384 <unfinished ...>
18512 mmap(NULL, 16384, PROT_READ|PROT_WRITE, MAP_PRIVATE|MAP_ANONYMOUS|MAP_NORESERVE, -1, 0 <unfinished ...>
18511 mmap(NULL, 16384, PROT_READ|PROT_WRITE, MAP_PRIVATE|MAP_ANONYMOUS|MAP_NORESERVE, -1, 0 <unfinished ...>
18514 <... munmap resumed>)             = 0
18513 <... munmap resumed>)             = 0
18512 <... mmap resumed>)               = 0x7f32c0efd000
18514 mmap(NULL, 16384, PROT_READ|PROT_WRITE, MAP_PRIVATE|MAP_ANONYMOUS|MAP_NORESERVE, -1, 0 <unfinished ...>
18511 <... mmap resumed>)               = 0x7f32becfb000
18513 mmap(NULL, 16384, PROT_READ|PROT_WRITE, MAP_PRIVATE|MAP_ANONYMOUS|MAP_NORESERVE, -1, 0 <unfinished ...>
18514 <... mmap resumed>)               = 0x7f32becf7000
18512 munmap(0x7f32c0efd000, 16384 <unfinished ...>
18511 munmap(0x7f32becfb000, 16384 <unfinished ...>
18513 <... mmap resumed>)               = 0x7f32becf3000
18514 munmap(0x7f32becf7000, 16384 <unfinished ...>
18512 <... munmap resumed>)             = 0
18514 <... munmap resumed>)             = 0
18514 mmap(NULL, 16384, PROT_READ|PROT_WRITE, MAP_PRIVATE|MAP_ANONYMOUS|MAP_NORESERVE, -1, 0 <unfinished ...>
18513 munmap(0x7f32becf3000, 16384 <unfinished ...>
18512 mmap(NULL, 16384, PROT_READ|PROT_WRITE, MAP_PRIVATE|MAP_ANONYMOUS|MAP_NORESERVE, -1, 0 <unfinished ...>
18511 <... munmap resumed>)             = 0
18514 <... mmap resumed>)               = 0x7f32c0efd000
18513 <... munmap resumed>)             = 0
18512 <... mmap resumed>)               = 0x7f32becfb000
18511 mmap(NULL, 16384, PROT_READ|PROT_WRITE, MAP_PRIVATE|MAP_ANONYMOUS|MAP_NORESERVE, -1, 0 <unfinished ...>
18514 munmap(0x7f32c0efd000, 16384 <unfinished ...>
18513 mmap(NULL, 16384, PROT_READ|PROT_WRITE, MAP_PRIVATE|MAP_ANONYMOUS|MAP_NORESERVE, -1, 0 <unfinished ...>
18512 munmap(0x7f32becfb000, 16384 <unfinished ...>
18514 <... munmap resumed>)             = 0
18513 <... mmap resumed>)               = 0x7f32becf3000
18511 <... mmap resumed>)               = 0x7f32becf7000
18514 mmap(NULL, 16384, PROT_READ|PROT_WRITE, MAP_PRIVATE|MAP_ANONYMOUS|MAP_NORESERVE, -1, 0 <unfinished ...>
18512 <... munmap resumed>)             = 0
18511 munmap(0x7f32becf7000, 16384 <unfinished ...>
18514 <... mmap resumed>)               = 0x7f32c0efd000
18513 munmap(0x7f32becf3000, 16384 <unfinished ...>
18512 mmap(NULL, 16384, PROT_READ|PROT_WRITE, MAP_PRIVATE|MAP_ANONYMOUS|MAP_NORESERVE, -1, 0 <unfinished ...>
18511 <... munmap resumed>)             = 0
18514 munmap(0x7f32c0efd000, 16384 <unfinished ...>
18511 mmap(NULL, 16384, PROT_READ|PROT_WRITE, MAP_PRIVATE|MAP_ANONYMOUS|MAP_NORESERVE, -1, 0 <unfinished ...>
18513 <... munmap resumed>)             = 0
18512 <... mmap resumed>)               = 0x7f32becf7000
18511 <... mmap resumed>)               = 0x7f32becfb000
18514 <... munmap resumed>)             = 0
18512 munmap(0x7f32becf7000, 16384 <unfinished ...>
18513 mmap(NULL, 16384, PROT_READ|PROT_WRITE, MAP_PRIVATE|MAP_ANONYMOUS|MAP_NORESERVE, -1, 0 <unfinished ...>
18511 munmap(0x7f32becfb000, 16384 <unfinished ...>
18514 mmap(NULL, 16384, PROT_READ|PROT_WRITE, MAP_PRIVATE|MAP_ANONYMOUS|MAP_NORESERVE, -1, 0) = 0x7f32becfb000
18513 <... mmap resumed>)               = 0x7f32c0efd000
18512 <... munmap resumed>)             = 0
18511 <... munmap resumed>)             = 0
18514 munmap(0x7f32becfb000, 16384 <unfinished ...>
18513 munmap(0x7f32c0efd000, 16384 <unfinished ...>
18512 mmap(NULL, 16384, PROT_READ|PROT_WRITE, MAP_PRIVATE|MAP_ANONYMOUS|MAP_NORESERVE, -1, 0 <unfinished ...>
18513 <... munmap resumed>)             = 0
18511 mmap(NULL, 16384, PROT_READ|PROT_WRITE, MAP_PRIVATE|MAP_ANONYMOUS|MAP_NORESERVE, -1, 0 <unfinished ...>
18513 mmap(NULL, 16384, PROT_READ|PROT_WRITE, MAP_PRIVATE|MAP_ANONYMOUS|MAP_NORESERVE, -1, 0 <unfinished ...>
18514 <... munmap resumed>)             = 0
18511 <... mmap resumed>)               = 0x7f32c0efd000
18514 mmap(NULL, 16384, PROT_READ|PROT_WRITE, MAP_PRIVATE|MAP_ANONYMOUS|MAP_NORESERVE, -1, 0 <unfinished ...>
18513 <... mmap resumed>)               = 0x7f32becfb000
18512 <... mmap resumed>)               = 0x7f32becf7000
18514 <... mmap resumed>)               = 0x7f32becf3000
18511 munmap(0x7f32c0efd000, 16384 <unfinished ...>
18513 munmap(0x7f32becfb000, 16384 <unfinished ...>
18514 munmap(0x7f32becf3000, 16384 <unfinished ...>
18511 <... munmap resumed>)             = 0
18512 munmap(0x7f32becf7000, 16384 <unfinished ...>
18511 mmap(NULL, 16384, PROT_READ|PROT_WRITE, MAP_PRIVATE|MAP_ANONYMOUS|MAP_NORESERVE, -1, 0 <unfinished ...>
18514 <... munmap resumed>)             = 0
18513 <... munmap resumed>)             = 0
18512 <... munmap resumed>)             = 0
18511 <... mmap resumed>)               = 0x7f32c0efd000
18514 mmap(NULL, 16384, PROT_READ|PROT_WRITE, MAP_PRIVATE|MAP_ANONYMOUS|MAP_NORESERVE, -1, 0 <unfinished ...>
18513 mmap(NULL, 16384, PROT_READ|PROT_WRITE, MAP_PRIVATE|MAP_ANONYMOUS|MAP_NORESERVE, -1, 0 <unfinished ...>
18514 <... mmap resumed>)               = 0x7f32becfb000
18512 mmap(NULL, 16384, PROT_READ|PROT_WRITE, MAP_PRIVATE|MAP_ANONYMOUS|MAP_NORESERVE, -1, 0 <unfinished ...>
18511 munmap(0x7f32c0efd000, 16384 <unfinished ...>
18514 munmap(0x7f32becfb000, 16384 <unfinished ...>
18513 <... mmap resumed>)               = 0x7f32becf3000
18512 <... mmap resumed>)               = 0x7f32becf7000
18511 <... munmap resumed>)             = 0
18514 <... munmap resumed>)             = 0
18514 mmap(NULL, 16384, PROT_READ|PROT_WRITE, MAP_PRIVATE|MAP_ANONYMOUS|MAP_NORESERVE, -1, 0 <unfinished ...>
18513 munmap(0x7f32becf3000, 16384 <unfinished ...>
18512 munmap(0x7f32becf7000, 16384 <unfinished ...>
18511 mmap(NULL, 16384, PROT_READ|PROT_WRITE, MAP_PRIVATE|MAP_ANONYMOUS|MAP_NORESERVE, -1, 0 <unfinished ...>
18513 <... munmap resumed>)             = 0
18514 <... mmap resumed>)               = 0x7f32c0efd000
18514 munmap(0x7f32c0efd000, 16384 <unfinished ...>
18513 mmap(NULL, 16384, PROT_READ|PROT_WRITE, MAP_PRIVATE|MAP_ANONYMOUS|MAP_NORESERVE, -1, 0 <unfinished ...>
18512 <... munmap resumed>)             = 0
18514 <... munmap resumed>)             = 0
18513 <... mmap resumed>)               = 0x7f32becfb000
18511 <... mmap resumed>)               = 0x7f32c0efd000
18514 mmap(NULL, 16384, PROT_READ|PROT_WRITE, MAP_PRIVATE|MAP_ANONYMOUS|MAP_NORESERVE, -1, 0) = 0x7f32becf7000
18513 munmap(0x7f32becfb000, 16384 <unfinished ...>
18512 mmap(NULL, 16384, PROT_READ|PROT_WRITE, MAP_PRIVATE|MAP_ANONYMOUS|MAP_NORESERVE, -1, 0 <unfinished ...>
18511 munmap(0x7f32c0efd000, 16384 <unfinished ...>
18513 <... munmap resumed>)             = 0
18513 mmap(NULL, 16384, PROT_READ|PROT_WRITE, MAP_PRIVATE|MAP_ANONYMOUS|MAP_NORESERVE, -1, 0 <unfinished ...>
18514 munmap(0x7f32becf7000, 16384 <unfinished ...>
18513 <... mmap resumed>)               = 0x7f32c0efd000
18512 <... mmap resumed>)               = 0x7f32becfb000
18511 <... munmap resumed>)             = 0
18514 <... munmap resumed>)             = 0
18513 munmap(0x7f32c0efd000, 16384 <unfinished ...>
18512 munmap(0x7f32becfb000, 16384 <unfinished ...>
18511 mmap(NULL, 16384, PROT_READ|PROT_WRITE, MAP_PRIVATE|MAP_ANONYMOUS|MAP_NORESERVE, -1, 0 <unfinished ...>
18514 mmap(NULL, 16384, PROT_READ|PROT_WRITE, MAP_PRIVATE|MAP_ANONYMOUS|MAP_NORESERVE, -1, 0) = 0x7f32becf7000
18512 <... munmap resumed>)             = 0
18511 <... mmap resumed>)               = 0x7f32becfb000
18514 munmap(0x7f32becf7000, 16384 <unfinished ...>
18513 <... munmap resumed>)             = 0
18512 mmap(NULL, 16384, PROT_READ|PROT_WRITE, MAP_PRIVATE|MAP_ANONYMOUS|MAP_NORESERVE, -1, 0 <unfinished ...>
18511 munmap(0x7f32becfb000, 16384 <unfinished ...>
18514 <... munmap resumed>)             = 0
18513 mmap(NULL, 16384, PROT_READ|PROT_WRITE, MAP_PRIVATE|MAP_ANONYMOUS|MAP_NORESERVE, -1, 0 <unfinished ...>
18512 <... mmap resumed>)               = 0x7f32c0efd000
18511 <... munmap resumed>)             = 0
18514 mmap(NULL, 16384, PROT_READ|PROT_WRITE, MAP_PRIVATE|MAP_ANONYMOUS|MAP_NORESERVE, -1, 0 <unfinished ...>
18513 <... mmap resumed>)               = 0x7f32becfb000
18512 munmap(0x7f32c0efd000, 16384 <unfinished ...>
18511 mmap(NULL, 16384, PROT_READ|PROT_WRITE, MAP_PRIVATE|MAP_ANONYMOUS|MAP_NORESERVE, -1, 0 <unfinished ...>
18514 <... mmap resumed>)               = 0x7f32becf7000
18513 munmap(0x7f32becfb000, 16384 <unfinished ...>
18514 munmap(0x7f32becf7000, 16384 <unfinished ...>
18513 <... munmap resumed>)             = 0
18512 <... munmap resumed>)             = 0
18514 <... munmap resumed>)             = 0
18513 mmap(NULL, 16384, PROT_READ|PROT_WRITE, MAP_PRIVATE|MAP_ANONYMOUS|MAP_NORESERVE, -1, 0 <unfinished ...>
18511 <... mmap resumed>)               = 0x7f32c0efd000
18514 mmap(NULL, 16384, PROT_READ|PROT_WRITE, MAP_PRIVATE|MAP_ANONYMOUS|MAP_NORESERVE, -1, 0 <unfinished ...>
18512 mmap(NULL, 16384, PROT_READ|PROT_WRITE, MAP_PRIVATE|MAP_ANONYMOUS|MAP_NORESERVE, -1, 0 <unfinished ...>
18513 <... mmap resumed>)               = 0x7f32becfb000
18511 munmap(0x7f32c0efd000, 16384 <unfinished ...>
18514 <... mmap resumed>)               = 0x7f32becf7000
18513 munmap(0x7f32becfb000, 16384 <unfinished ...>
18512 <... mmap resumed>)               = 0x7f32becf3000
18514 munmap(0x7f32becf7000, 16384 <unfinished ...>
18511 <... munmap resumed>)             = 0
18513 <... munmap resumed>)             = 0
18513 mmap(NULL, 16384, PROT_READ|PROT_WRITE, MAP_PRIVATE|MAP_ANONYMOUS|MAP_NORESERVE, -1, 0 <unfinished ...>
18512 munmap(0x7f32becf3000, 16384 <unfinished ...>
18511 mmap(NULL, 16384, PROT_READ|PROT_WRITE, MAP_PRIVATE|MAP_ANONYMOUS|MAP_NORESERVE, -1, 0 <unfinished ...>
18514 <... munmap resumed>)             = 0
18513 <... mmap resumed>)               = 0x7f32c0efd000
18512 <... munmap resumed>)             = 0
18514 mmap(NULL, 16384, PROT_READ|PROT_WRITE, MAP_PRIVATE|MAP_ANONYMOUS|MAP_NORESERVE, -1, 0 <unfinished ...>
18513 munmap(0x7f32c0efd000, 16384 <unfinished ...>
18511 <... mmap resumed>)               = 0x7f32becfb000
18512 mmap(NULL, 16384, PROT_READ|PROT_WRITE, MAP_PRIVATE|MAP_ANONYMOUS|MAP_NORESERVE, -1, 0 <unfinished ...>
18514 <... mmap resumed>)               = 0x7f32c0efd000
18513 <... munmap resumed>)             = 0
18514 munmap(0x7f32c0efd000, 16384 <unfinished ...>
18513 mmap(NULL, 16384, PROT_READ|PROT_WRITE, MAP_PRIVATE|MAP_ANONYMOUS|MAP_NORESERVE, -1, 0 <unfinished ...>
18512 <... mmap resumed>)               = 0x7f32becf7000
18511 munmap(0x7f32becfb000, 16384 <unfinished ...>
18514 <... munmap resumed>)             = 0
18513 <... mmap resumed>)               = 0x7f32becf3000
18514 mmap(NULL, 16384, PROT_READ|PROT_WRITE, MAP_PRIVATE|MAP_ANONYMOUS|MAP_NORESERVE, -1, 0 <unfinished ...>
18512 munmap(0x7f32becf7000, 16384 <unfinished ...>
18511 <... munmap resumed>)             = 0
18514 <... mmap resumed>)               = 0x7f32c0efd000
18513 munmap(0x7f32becf3000, 16384 <unfinished ...>
18512 <... munmap resumed>)             = 0
18511 mmap(NULL, 16384, PROT_READ|PROT_WRITE, MAP_PRIVATE|MAP_ANONYMOUS|MAP_NORESERVE, -1, 0 <unfinished ...>
18514 munmap(0x7f32c0efd000, 16384 <unfinished ...>
18513 <... munmap resumed>)             = 0
18512 mmap(NULL, 16384, PROT_READ|PROT_WRITE, MAP_PRIVATE|MAP_ANONYMOUS|MAP_NORESERVE, -1, 0 <unfinished ...>
18514 <... munmap resumed>)             = 0
18513 mmap(NULL, 16384, PROT_READ|PROT_WRITE, MAP_PRIVATE|MAP_ANONYMOUS|MAP_NORESERVE, -1, 0 <unfinished ...>
18512 <... mmap resumed>)               = 0x7f32c0efd000
18514 mmap(NULL, 16384, PROT_READ|PROT_WRITE, MAP_PRIVATE|MAP_ANONYMOUS|MAP_NORESERVE, -1, 0) = 0x7f32becf7000
18513 <... mmap resumed>)               = 0x7f32becf3000
18512 munmap(0x7f32c0efd000, 16384 <unfinished ...>
18511 <... mmap resumed>)               = 0x7f32becfb000
18514 munmap(0x7f32becf7000, 16384 <unfinished ...>
18513 munmap(0x7f32becf3000, 16384 <unfinished ...>
18512 <... munmap resumed>)             = 0
18512 mmap(NULL, 16384, PROT_READ|PROT_WRITE, MAP_PRIVATE|MAP_ANONYMOUS|MAP_NORESERVE, -1, 0 <unfinished ...>
18511 munmap(0x7f32becfb000, 16384 <unfinished ...>
18514 <... munmap resumed>)             = 0
18513 <... munmap resumed>)             = 0
18512 <... mmap resumed>)               = 0x7f32c0efd000
18511 <... munmap resumed>)             = 0
18514 mmap(NULL, 16384, PROT_READ|PROT_WRITE, MAP_PRIVATE|MAP_ANONYMOUS|MAP_NORESERVE, -1, 0 <unfinished ...>
18513 mmap(NULL, 16384, PROT_READ|PROT_WRITE, MAP_PRIVATE|MAP_ANONYMOUS|MAP_NORESERVE, -1, 0 <unfinished ...>
18512 munmap(0x7f32c0efd000, 16384 <unfinished ...>
18514 <... mmap resumed>)               = 0x7f32becf7000
18513 <... mmap resumed>)               = 0x7f32becfb000
18511 mmap(NULL, 16384, PROT_READ|PROT_WRITE, MAP_PRIVATE|MAP_ANONYMOUS|MAP_NORESERVE, -1, 0 <unfinished ...>
18514 munmap(0x7f32becf7000, 16384 <unfinished ...>
18513 munmap(0x7f32becfb000, 16384 <unfinished ...>
18512 <... munmap resumed>)             = 0
18514 <... munmap resumed>)             = 0
18511 <... mmap resumed>)               = 0x7f32c0efd000
18514 mmap(NULL, 16384, PROT_READ|PROT_WRITE, MAP_PRIVATE|MAP_ANONYMOUS|MAP_NORESERVE, -1, 0 <unfinished ...>
18512 mmap(NULL, 16384, PROT_READ|PROT_WRITE, MAP_PRIVATE|MAP_ANONYMOUS|MAP_NORESERVE, -1, 0 <unfinished ...>
18511 munmap(0x7f32c0efd000, 16384 <unfinished ...>
18514 <... mmap resumed>)               = 0x7f32becfb000
18513 <... munmap resumed>)             = 0
18512 <... mmap resumed>)               = 0x7f32becf7000
18514 munmap(0x7f32becfb000, 16384 <unfinished ...>
18513 mmap(NULL, 16384, PROT_READ|PROT_WRITE, MAP_PRIVATE|MAP_ANONYMOUS|MAP_NORESERVE, -1, 0 <unfinished ...>
18511 <... munmap resumed>)             = 0
18512 munmap(0x7f32becf7000, 16384 <unfinished ...>
18513 <... mmap resumed>)               = 0x7f32c0efd000
18511 mmap(NULL, 16384, PROT_READ|PROT_WRITE, MAP_PRIVATE|MAP_ANONYMOUS|MAP_NORESERVE, -1, 0 <unfinished ...>
18514 <... munmap resumed>)             = 0
18512 <... munmap resumed>)             = 0
18514 mmap(NULL, 16384, PROT_READ|PROT_WRITE, MAP_PRIVATE|MAP_ANONYMOUS|MAP_NORESERVE, -1, 0 <unfinished ...>
18513 munmap(0x7f32c0efd000, 16384 <unfinished ...>
18512 mmap(NULL, 16384, PROT_READ|PROT_WRITE, MAP_PRIVATE|MAP_ANONYMOUS|MAP_NORESERVE, -1, 0 <unfinished ...>
18511 <... mmap resumed>)               = 0x7f32becfb000
18514 <... mmap resumed>)               = 0x7f32becf7000
18513 <... munmap resumed>)             = 0
18512 <... mmap resumed>)               = 0x7f32c0efd000
18514 munmap(0x7f32becf7000, 16384 <unfinished ...>
18513 mmap(NULL, 16384, PROT_READ|PROT_WRITE, MAP_PRIVATE|MAP_ANONYMOUS|MAP_NORESERVE, -1, 0 <unfinished ...>
18511 munmap(0x7f32becfb000, 16384 <unfinished ...>
18514 <... munmap resumed>)             = 0
18513 <... mmap resumed>)               = 0x7f32becf7000
18514 mmap(NULL, 16384, PROT_READ|PROT_WRITE, MAP_PRIVATE|MAP_ANONYMOUS|MAP_NORESERVE, -1, 0 <unfinished ...>
18512 munmap(0x7f32c0efd000, 16384 <unfinished ...>
18513 munmap(0x7f32becf7000, 16384 <unfinished ...>
18514 <... mmap resumed>)               = 0x7f32becfb000
18511 <... munmap resumed>)             = 0
18511 mmap(NULL, 16384, PROT_READ|PROT_WRITE, MAP_PRIVATE|MAP_ANONYMOUS|MAP_NORESERVE, -1, 0 <unfinished ...>
18514 munmap(0x7f32becfb000, 16384 <unfinished ...>
18512 <... munmap resumed>)             = 0
18513 <... munmap resumed>)             = 0
18511 <... mmap resumed>)               = 0x7f32c0efd000
18514 <... munmap resumed>)             = 0
18514 mmap(NULL, 16384, PROT_READ|PROT_WRITE, MAP_PRIVATE|MAP_ANONYMOUS|MAP_NORESERVE, -1, 0) = 0x7f32becfb000
18512 mmap(NULL, 16384, PROT_READ|PROT_WRITE, MAP_PRIVATE|MAP_ANONYMOUS|MAP_NORESERVE, -1, 0 <unfinished ...>
18511 munmap(0x7f32c0efd000, 16384 <unfinished ...>
18514 munmap(0x7f32becfb000, 16384 <unfinished ...>
18513 mmap(NULL, 16384, PROT_READ|PROT_WRITE, MAP_PRIVATE|MAP_ANONYMOUS|MAP_NORESERVE, -1, 0 <unfinished ...>
18514 <... munmap resumed>)             = 0
18513 <... mmap resumed>)               = 0x7f32becfb000
18514 mmap(NULL, 16384, PROT_READ|PROT_WRITE, MAP_PRIVATE|MAP_ANONYMOUS|MAP_NORESERVE, -1, 0 <unfinished ...>
18513 munmap(0x7f32becfb000, 16384 <unfinished ...>
18512 <... mmap resumed>)               = 0x7f32becf7000
18511 <... munmap resumed>)             = 0
18514 <... mmap resumed>)               = 0x7f32c0efd000
18513 <... munmap resumed>)             = 0
18511 mmap(NULL, 16384, PROT_READ|PROT_WRITE, MAP_PRIVATE|MAP_ANONYMOUS|MAP_NORESERVE, -1, 0 <unfinished ...>
18512 munmap(0x7f32becf7000, 16384 <unfinished ...>
18513 mmap(NULL, 16384, PROT_READ|PROT_WRITE, MAP_PRIVATE|MAP_ANONYMOUS|MAP_NORESERVE, -1, 0 <unfinished ...>
18514 munmap(0x7f32c0efd000, 16384)     = 0
18513 <... mmap resumed>)               = 0x7f32c0efd000
18514 mmap(NULL, 16384, PROT_READ|PROT_WRITE, MAP_PRIVATE|MAP_ANONYMOUS|MAP_NORESERVE, -1, 0) = 0x7f32becf3000
18513 munmap(0x7f32c0efd000, 16384 <unfinished ...>
18511 <... mmap resumed>)               = 0x7f32becfb000
18514 munmap(0x7f32becf3000, 16384 <unfinished ...>
18512 <... munmap resumed>)             = 0
18512 mmap(NULL, 16384, PROT_READ|PROT_WRITE, MAP_PRIVATE|MAP_ANONYMOUS|MAP_NORESERVE, -1, 0 <unfinished ...>
18511 munmap(0x7f32becfb000, 16384 <unfinished ...>
18513 <... munmap resumed>)             = 0
18514 <... munmap resumed>)             = 0
18513 mmap(NULL, 16384, PROT_READ|PROT_WRITE, MAP_PRIVATE|MAP_ANONYMOUS|MAP_NORESERVE, -1, 0 <unfinished ...>
18514 mmap(NULL, 16384, PROT_READ|PROT_WRITE, MAP_PRIVATE|MAP_ANONYMOUS|MAP_NORESERVE, -1, 0 <unfinished ...>
18512 <... mmap resumed>)               = 0x7f32c0efd000
18511 <... munmap resumed>)             = 0
18514 <... mmap resumed>)               = 0x7f32becf7000
18513 <... mmap resumed>)               = 0x7f32becfb000
18512 munmap(0x7f32c0efd000, 16384 <unfinished ...>
18511 mmap(NULL, 16384, PROT_READ|PROT_WRITE, MAP_PRIVATE|MAP_ANONYMOUS|MAP_NORESERVE, -1, 0 <unfinished ...>
18514 munmap(0x7f32becf7000, 16384 <unfinished ...>
18512 <... munmap resumed>)             = 0
18511 <... mmap resumed>)               = 0x7f32c0efd000
18514 <... munmap resumed>)             = 0
18513 munmap(0x7f32becfb000, 16384 <unfinished ...>
18512 mmap(NULL, 16384, PROT_READ|PROT_WRITE, MAP_PRIVATE|MAP_ANONYMOUS|MAP_NORESERVE, -1, 0 <unfinished ...>
18514 mmap(NULL, 16384, PROT_READ|PROT_WRITE, MAP_PRIVATE|MAP_ANONYMOUS|MAP_NORESERVE, -1, 0 <unfinished ...>
18511 munmap(0x7f32c0efd000, 16384 <unfinished ...>
18514 <... mmap resumed>)               = 0x7f32becfb000
18513 <... munmap resumed>)             = 0
18512 <... mmap resumed>)               = 0x7f32becf7000
18514 munmap(0x7f32becfb000, 16384 <unfinished ...>
18513 mmap(NULL, 16384, PROT_READ|PROT_WRITE, MAP_PRIVATE|MAP_ANONYMOUS|MAP_NORESERVE, -1, 0 <unfinished ...>
18512 munmap(0x7f32becf7000, 16384 <unfinished ...>
18511 <... munmap resumed>)             = 0
18514 <... munmap resumed>)             = 0
18513 <... mmap resumed>)               = 0x7f32c0efd000
18511 mmap(NULL, 16384, PROT_READ|PROT_WRITE, MAP_PRIVATE|MAP_ANONYMOUS|MAP_NORESERVE, -1, 0 <unfinished ...>
18514 mmap(NULL, 16384, PROT_READ|PROT_WRITE, MAP_PRIVATE|MAP_ANONYMOUS|MAP_NORESERVE, -1, 0 <unfinished ...>
18513 munmap(0x7f32c0efd000, 16384 <unfinished ...>
18512 <... munmap resumed>)             = 0
18511 <... mmap resumed>)               = 0x7f32becfb000
18514 <... mmap resumed>)               = 0x7f32becf7000
18512 mmap(NULL, 16384, PROT_READ|PROT_WRITE, MAP_PRIVATE|MAP_ANONYMOUS|MAP_NORESERVE, -1, 0 <unfinished ...>
18513 <... munmap resumed>)             = 0
18511 munmap(0x7f32becfb000, 16384 <unfinished ...>
18514 munmap(0x7f32becf7000, 16384 <unfinished ...>
18513 mmap(NULL, 16384, PROT_READ|PROT_WRITE, MAP_PRIVATE|MAP_ANONYMOUS|MAP_NORESERVE, -1, 0 <unfinished ...>
18512 <... mmap resumed>)               = 0x7f32c0efd000
18514 <... munmap resumed>)             = 0
18513 <... mmap resumed>)               = 0x7f32becfb000
18511 <... munmap resumed>)             = 0
18512 munmap(0x7f32c0efd000, 16384 <unfinished ...>
18514 mmap(NULL, 16384, PROT_READ|PROT_WRITE, MAP_PRIVATE|MAP_ANONYMOUS|MAP_NORESERVE, -1, 0 <unfinished ...>
18513 munmap(0x7f32becfb000, 16384 <unfinished ...>
18512 <... munmap resumed>)             = 0
18511 mmap(NULL, 16384, PROT_READ|PROT_WRITE, MAP_PRIVATE|MAP_ANONYMOUS|MAP_NORESERVE, -1, 0 <unfinished ...>
18514 <... mmap resumed>)               = 0x7f32c0efd000
18514 munmap(0x7f32c0efd000, 16384 <unfinished ...>
18513 <... munmap resumed>)             = 0
18512 mmap(NULL, 16384, PROT_READ|PROT_WRITE, MAP_PRIVATE|MAP_ANONYMOUS|MAP_NORESERVE, -1, 0 <unfinished ...>
18514 <... munmap resumed>)             = 0
18513 mmap(NULL, 16384, PROT_READ|PROT_WRITE, MAP_PRIVATE|MAP_ANONYMOUS|MAP_NORESERVE, -1, 0 <unfinished ...>
18512 <... mmap resumed>)               = 0x7f32c0efd000
18511 <... mmap resumed>)               = 0x7f32becfb000
18514 mmap(NULL, 16384, PROT_READ|PROT_WRITE, MAP_PRIVATE|MAP_ANONYMOUS|MAP_NORESERVE, -1, 0 <unfinished ...>
18513 <... mmap resumed>)               = 0x7f32becf7000
18512 munmap(0x7f32c0efd000, 16384 <unfinished ...>
18511 munmap(0x7f32becfb000, 16384 <unfinished ...>
18514 <... mmap resumed>)               = 0x7f32becf3000
18513 munmap(0x7f32becf7000, 16384 <unfinished ...>
18512 <... munmap resumed>)             = 0
18512 mmap(NULL, 16384, PROT_READ|PROT_WRITE, MAP_PRIVATE|MAP_ANONYMOUS|MAP_NORESERVE, -1, 0 <unfinished ...>
18514 munmap(0x7f32becf3000, 16384 <unfinished ...>
18513 <... munmap resumed>)             = 0
18511 <... munmap resumed>)             = 0
18514 <... munmap resumed>)             = 0
18513 mmap(NULL, 16384, PROT_READ|PROT_WRITE, MAP_PRIVATE|MAP_ANONYMOUS|MAP_NORESERVE, -1, 0 <unfinished ...>
18512 <... mmap resumed>)               = 0x7f32c0efd000
18511 mmap(NULL, 16384, PROT_READ|PROT_WRITE, MAP_PRIVATE|MAP_ANONYMOUS|MAP_NORESERVE, -1, 0 <unfinished ...>
18514 mmap(NULL, 16384, PROT_READ|PROT_WRITE, MAP_PRIVATE|MAP_ANONYMOUS|MAP_NORESERVE, -1, 0 <unfinished ...>
18513 <... mmap resumed>)               = 0x7f32becfb000
18514 <... mmap resumed>)               = 0x7f32becf7000
18511 <... mmap resumed>)               = 0x7f32becf3000
18513 munmap(0x7f32becfb000, 16384 <unfinished ...>
18514 munmap(0x7f32becf7000, 16384 <unfinished ...>
18512 munmap(0x7f32c0efd000, 16384 <unfinished ...>
18511 munmap(0x7f32becf3000, 16384 <unfinished ...>
18514 <... munmap resumed>)             = 0
18513 <... munmap resumed>)             = 0
18512 <... munmap resumed>)             = 0
18511 <... munmap resumed>)             = 0
18514 mmap(NULL, 16384, PROT_READ|PROT_WRITE, MAP_PRIVATE|MAP_ANONYMOUS|MAP_NORESERVE, -1, 0 <unfinished ...>
18513 mmap(NULL, 16384, PROT_READ|PROT_WRITE, MAP_PRIVATE|MAP_ANONYMOUS|MAP_NORESERVE, -1, 0 <unfinished ...>
18514 <... mmap resumed>)               = 0x7f32becfb000
18513 <... mmap resumed>)               = 0x7f32c0efd000
18512 mmap(NULL, 16384, PROT_READ|PROT_WRITE, MAP_PRIVATE|MAP_ANONYMOUS|MAP_NORESERVE, -1, 0 <unfinished ...>
18511 mmap(NULL, 16384, PROT_READ|PROT_WRITE, MAP_PRIVATE|MAP_ANONYMOUS|MAP_NORESERVE, -1, 0 <unfinished ...>
18514 munmap(0x7f32becfb000, 16384 <unfinished ...>
18513 munmap(0x7f32c0efd000, 16384 <unfinished ...>
18512 <... mmap resumed>)               = 0x7f32becf7000
18514 <... munmap resumed>)             = 0
18512 munmap(0x7f32becf7000, 16384 <unfinished ...>
18514 mmap(NULL, 16384, PROT_READ|PROT_WRITE, MAP_PRIVATE|MAP_ANONYMOUS|MAP_NORESERVE, -1, 0 <unfinished ...>
18513 <... munmap resumed>)             = 0
18512 <... munmap resumed>)             = 0
18514 <... mmap resumed>)               = 0x7f32becfb000
18511 <... mmap resumed>)               = 0x7f32c0efd000
18512 mmap(NULL, 16384, PROT_READ|PROT_WRITE, MAP_PRIVATE|MAP_ANONYMOUS|MAP_NORESERVE, -1, 0 <unfinished ...>
18514 munmap(0x7f32becfb000, 16384 <unfinished ...>
18513 mmap(NULL, 16384, PROT_READ|PROT_WRITE, MAP_PRIVATE|MAP_ANONYMOUS|MAP_NORESERVE, -1, 0 <unfinished ...>
18512 <... mmap resumed>)               = 0x7f32becf7000
18512 munmap(0x7f32becf7000, 16384 <unfinished ...>
18511 munmap(0x7f32c0efd000, 16384 <unfinished ...>
18514 <... munmap resumed>)             = 0
18514 mmap(NULL, 16384, PROT_READ|PROT_WRITE, MAP_PRIVATE|MAP_ANONYMOUS|MAP_NORESERVE, -1, 0 <unfinished ...>
18511 <... munmap resumed>)             = 0
18512 <... munmap resumed>)             = 0
18514 <... mmap resumed>)               = 0x7f32c0efd000
18513 <... mmap resumed>)               = 0x7f32becfb000
18512 mmap(NULL, 16384, PROT_READ|PROT_WRITE, MAP_PRIVATE|MAP_ANONYMOUS|MAP_NORESERVE, -1, 0 <unfinished ...>
18511 mmap(NULL, 16384, PROT_READ|PROT_WRITE, MAP_PRIVATE|MAP_ANONYMOUS|MAP_NORESERVE, -1, 0 <unfinished ...>
18514 munmap(0x7f32c0efd000, 16384 <unfinished ...>
18513 munmap(0x7f32becfb000, 16384 <unfinished ...>
18512 <... mmap resumed>)               = 0x7f32becf7000
18511 <... mmap resumed>)               = 0x7f32becf3000
18513 <... munmap resumed>)             = 0
18512 munmap(0x7f32becf7000, 16384 <unfinished ...>
18514 <... munmap resumed>)             = 0
18513 mmap(NULL, 16384, PROT_READ|PROT_WRITE, MAP_PRIVATE|MAP_ANONYMOUS|MAP_NORESERVE, -1, 0 <unfinished ...>
18511 munmap(0x7f32becf3000, 16384 <unfinished ...>
18514 mmap(NULL, 16384, PROT_READ|PROT_WRITE, MAP_PRIVATE|MAP_ANONYMOUS|MAP_NORESERVE, -1, 0 <unfinished ...>
18512 <... munmap resumed>)             = 0
18513 <... mmap resumed>)               = 0x7f32c0efd000
18511 <... munmap resumed>)             = 0
18513 munmap(0x7f32c0efd000, 16384 <unfinished ...>
18514 <... mmap resumed>)               = 0x7f32becfb000
18512 mmap(NULL, 16384, PROT_READ|PROT_WRITE, MAP_PRIVATE|MAP_ANONYMOUS|MAP_NORESERVE, -1, 0 <unfinished ...>
18511 mmap(NULL, 16384, PROT_READ|PROT_WRITE, MAP_PRIVATE|MAP_ANONYMOUS|MAP_NORESERVE, -1, 0 <unfinished ...>
18514 munmap(0x7f32becfb000, 16384 <unfinished ...>
18513 <... munmap resumed>)             = 0
18514 <... munmap resumed>)             = 0
18512 <... mmap resumed>)               = 0x7f32becf7000
18511 <... mmap resumed>)               = 0x7f32c0efd000
18514 mmap(NULL, 16384, PROT_READ|PROT_WRITE, MAP_PRIVATE|MAP_ANONYMOUS|MAP_NORESERVE, -1, 0 <unfinished ...>
18513 mmap(NULL, 16384, PROT_READ|PROT_WRITE, MAP_PRIVATE|MAP_ANONYMOUS|MAP_NORESERVE, -1, 0 <unfinished ...>
18512 munmap(0x7f32becf7000, 16384 <unfinished ...>
18511 munmap(0x7f32c0efd000, 16384 <unfinished ...>
18514 <... mmap resumed>)               = 0x7f32becfb000
18513 <... mmap resumed>)               = 0x7f32becf3000
18512 <... munmap resumed>)             = 0
18511 <... munmap resumed>)             = 0
18514 munmap(0x7f32becfb000, 16384 <unfinished ...>
18512 mmap(NULL, 16384, PROT_READ|PROT_WRITE, MAP_PRIVATE|MAP_ANONYMOUS|MAP_NORESERVE, -1, 0 <unfinished ...>
18513 munmap(0x7f32becf3000, 16384 <unfinished ...>
18511 mmap(NULL, 16384, PROT_READ|PROT_WRITE, MAP_PRIVATE|MAP_ANONYMOUS|MAP_NORESERVE, -1, 0 <unfinished ...>
18514 <... munmap resumed>)             = 0
18513 <... munmap resumed>)             = 0
18512 <... mmap resumed>)               = 0x7f32c0efd000
18511 <... mmap resumed>)               = 0x7f32becfb000
18514 mmap(NULL, 16384, PROT_READ|PROT_WRITE, MAP_PRIVATE|MAP_ANONYMOUS|MAP_NORESERVE, -1, 0 <unfinished ...>
18513 mmap(NULL, 16384, PROT_READ|PROT_WRITE, MAP_PRIVATE|MAP_ANONYMOUS|MAP_NORESERVE, -1, 0 <unfinished ...>
18512 munmap(0x7f32c0efd000, 16384 <unfinished ...>
18511 munmap(0x7f32becfb000, 16384 <unfinished ...>
18514 <... mmap resumed>)               = 0x7f32becf7000
18513 <... mmap resumed>)               = 0x7f32becf3000
18514 munmap(0x7f32becf7000, 16384)     = 0
18513 munmap(0x7f32becf3000, 16384 <unfinished ...>
18512 <... munmap resumed>)             = 0
18511 <... munmap resumed>)             = 0
18514 mmap(NULL, 16384, PROT_READ|PROT_WRITE, MAP_PRIVATE|MAP_ANONYMOUS|MAP_NORESERVE, -1, 0 <unfinished ...>
18511 mmap(NULL, 16384, PROT_READ|PROT_WRITE, MAP_PRIVATE|MAP_ANONYMOUS|MAP_NORESERVE, -1, 0 <unfinished ...>
18512 mmap(NULL, 16384, PROT_READ|PROT_WRITE, MAP_PRIVATE|MAP_ANONYMOUS|MAP_NORESERVE, -1, 0 <unfinished ...>
18514 <... mmap resumed>)               = 0x7f32c0efd000
18513 <... munmap resumed>)             = 0
18511 <... mmap resumed>)               = 0x7f32becfb000
18514 munmap(0x7f32c0efd000, 16384 <unfinished ...>
18513 mmap(NULL, 16384, PROT_READ|PROT_WRITE, MAP_PRIVATE|MAP_ANONYMOUS|MAP_NORESERVE, -1, 0 <unfinished ...>
18512 <... mmap resumed>)               = 0x7f32becf7000
18514 <... munmap resumed>)             = 0
18511 munmap(0x7f32becfb000, 16384 <unfinished ...>
18513 <... mmap resumed>)               = 0x7f32c0efd000
18514 mmap(NULL, 16384, PROT_READ|PROT_WRITE, MAP_PRIVATE|MAP_ANONYMOUS|MAP_NORESERVE, -1, 0 <unfinished ...>
18512 munmap(0x7f32becf7000, 16384 <unfinished ...>
18514 <... mmap resumed>)               = 0x7f32becfb000
18511 <... munmap resumed>)             = 0
18513 munmap(0x7f32c0efd000, 16384 <unfinished ...>
18514 munmap(0x7f32becfb000, 16384 <unfinished ...>
18511 mmap(NULL, 16384, PROT_READ|PROT_WRITE, MAP_PRIVATE|MAP_ANONYMOUS|MAP_NORESERVE, -1, 0 <unfinished ...>
18513 <... munmap resumed>)             = 0
18512 <... munmap resumed>)             = 0
18514 <... munmap resumed>)             = 0
18513 mmap(NULL, 16384, PROT_READ|PROT_WRITE, MAP_PRIVATE|MAP_ANONYMOUS|MAP_NORESERVE, -1, 0 <unfinished ...>
18511 <... mmap resumed>)               = 0x7f32c0efd000
18514 mmap(NULL, 16384, PROT_READ|PROT_WRITE, MAP_PRIVATE|MAP_ANONYMOUS|MAP_NORESERVE, -1, 0 <unfinished ...>
18513 <... mmap resumed>)               = 0x7f32becfb000
18512 mmap(NULL, 16384, PROT_READ|PROT_WRITE, MAP_PRIVATE|MAP_ANONYMOUS|MAP_NORESERVE, -1, 0 <unfinished ...>
18514 <... mmap resumed>)               = 0x7f32becf7000
18511 munmap(0x7f32c0efd000, 16384 <unfinished ...>
18513 munmap(0x7f32becfb000, 16384 <unfinished ...>
18514 munmap(0x7f32becf7000, 16384 <unfinished ...>
18513 <... munmap resumed>)             = 0
18512 <... mmap resumed>)               = 0x7f32becf3000
18514 <... munmap resumed>)             = 0
18513 mmap(NULL, 16384, PROT_READ|PROT_WRITE, MAP_PRIVATE|MAP_ANONYMOUS|MAP_NORESERVE, -1, 0 <unfinished ...>
18512 munmap(0x7f32becf3000, 16384 <unfinished ...>
18511 <... munmap resumed>)             = 0
18514 mmap(NULL, 16384, PROT_READ|PROT_WRITE, MAP_PRIVATE|MAP_ANONYMOUS|MAP_NORESERVE, -1, 0 <unfinished ...>
18512 <... munmap resumed>)             = 0
18513 <... mmap resumed>)               = 0x7f32c0efd000
18511 mmap(NULL, 16384, PROT_READ|PROT_WRITE, MAP_PRIVATE|MAP_ANONYMOUS|MAP_NORESERVE, -1, 0 <unfinished ...>
18514 <... mmap resumed>)               = 0x7f32becfb000
18513 munmap(0x7f32c0efd000, 16384 <unfinished ...>
18512 mmap(NULL, 16384, PROT_READ|PROT_WRITE, MAP_PRIVATE|MAP_ANONYMOUS|MAP_NORESERVE, -1, 0 <unfinished ...>
18511 <... mmap resumed>)               = 0x7f32becf7000
18512 <... mmap resumed>)               = 0x7f32becf3000
18511 munmap(0x7f32becf7000, 16384 <unfinished ...>
18514 munmap(0x7f32becfb000, 16384 <unfinished ...>
18513 <... munmap resumed>)             = 0
18513 mmap(NULL, 16384, PROT_READ|PROT_WRITE, MAP_PRIVATE|MAP_ANONYMOUS|MAP_NORESERVE, -1, 0 <unfinished ...>
18512 munmap(0x7f32becf3000, 16384 <unfinished ...>
18511 <... munmap resumed>)             = 0
18514 <... munmap resumed>)             = 0
18513 <... mmap resumed>)               = 0x7f32c0efd000
18512 <... munmap resumed>)             = 0
18514 mmap(NULL, 16384, PROT_READ|PROT_WRITE, MAP_PRIVATE|MAP_ANONYMOUS|MAP_NORESERVE, -1, 0 <unfinished ...>
18513 munmap(0x7f32c0efd000, 16384 <unfinished ...>
18511 mmap(NULL, 16384, PROT_READ|PROT_WRITE, MAP_PRIVATE|MAP_ANONYMOUS|MAP_NORESERVE, -1, 0 <unfinished ...>
18512 mmap(NULL, 16384, PROT_READ|PROT_WRITE, MAP_PRIVATE|MAP_ANONYMOUS|MAP_NORESERVE, -1, 0 <unfinished ...>
18514 <... mmap resumed>)               = 0x7f32c0efd000
18513 <... munmap resumed>)             = 0
18513 mmap(NULL, 16384, PROT_READ|PROT_WRITE, MAP_PRIVATE|MAP_ANONYMOUS|MAP_NORESERVE, -1, 0 <unfinished ...>
18511 <... mmap resumed>)               = 0x7f32becfb000
18514 munmap(0x7f32c0efd000, 16384 <unfinished ...>
18513 <... mmap resumed>)               = 0x7f32becf7000
18512 <... mmap resumed>)               = 0x7f32becf3000
18514 <... munmap resumed>)             = 0
18511 munmap(0x7f32becfb000, 16384 <unfinished ...>
18514 mmap(NULL, 16384, PROT_READ|PROT_WRITE, MAP_PRIVATE|MAP_ANONYMOUS|MAP_NORESERVE, -1, 0 <unfinished ...>
18513 munmap(0x7f32becf7000, 16384 <unfinished ...>
18512 munmap(0x7f32becf3000, 16384 <unfinished ...>
18514 <... mmap resumed>)               = 0x7f32c0efd000
18511 <... munmap resumed>)             = 0
18513 <... munmap resumed>)             = 0
18512 <... munmap resumed>)             = 0
18514 munmap(0x7f32c0efd000, 16384 <unfinished ...>
18513 mmap(NULL, 16384, PROT_READ|PROT_WRITE, MAP_PRIVATE|MAP_ANONYMOUS|MAP_NORESERVE, -1, 0 <unfinished ...>
18512 mmap(NULL, 16384, PROT_READ|PROT_WRITE, MAP_PRIVATE|MAP_ANONYMOUS|MAP_NORESERVE, -1, 0 <unfinished ...>
18511 mmap(NULL, 16384, PROT_READ|PROT_WRITE, MAP_PRIVATE|MAP_ANONYMOUS|MAP_NORESERVE, -1, 0 <unfinished ...>
18514 <... munmap resumed>)             = 0
18513 <... mmap resumed>)               = 0x7f32c0efd000
18512 <... mmap resumed>)               = 0x7f32becfb000
18511 <... mmap resumed>)               = 0x7f32becf7000
18514 mmap(NULL, 16384, PROT_READ|PROT_WRITE, MAP_PRIVATE|MAP_ANONYMOUS|MAP_NORESERVE, -1, 0 <unfinished ...>
18513 munmap(0x7f32c0efd000, 16384)     = 0
18512 munmap(0x7f32becfb000, 16384 <unfinished ...>
18511 munmap(0x7f32becf7000, 16384 <unfinished ...>
18514 <... mmap resumed>)               = 0x7f32c0efd000
18514 munmap(0x7f32c0efd000, 16384 <unfinished ...>
18513 mmap(NULL, 16384, PROT_READ|PROT_WRITE, MAP_PRIVATE|MAP_ANONYMOUS|MAP_NORESERVE, -1, 0 <unfinished ...>
18512 <... munmap resumed>)             = 0
18512 mmap(NULL, 16384, PROT_READ|PROT_WRITE, MAP_PRIVATE|MAP_ANONYMOUS|MAP_NORESERVE, -1, 0 <unfinished ...>
18514 <... munmap resumed>)             = 0
18514 mmap(NULL, 16384, PROT_READ|PROT_WRITE, MAP_PRIVATE|MAP_ANONYMOUS|MAP_NORESERVE, -1, 0 <unfinished ...>
18512 <... mmap resumed>)               = 0x7f32c0efd000
18514 <... mmap resumed>)               = 0x7f32becfb000
18511 <... munmap resumed>)             = 0
18513 <... mmap resumed>)               = 0x7f32becf7000
18514 munmap(0x7f32becfb000, 16384 <unfinished ...>
18512 munmap(0x7f32c0efd000, 16384 <unfinished ...>
18513 munmap(0x7f32becf7000, 16384 <unfinished ...>
18511 mmap(NULL, 16384, PROT_READ|PROT_WRITE, MAP_PRIVATE|MAP_ANONYMOUS|MAP_NORESERVE, -1, 0 <unfinished ...>
18514 <... munmap resumed>)             = 0
18514 mmap(NULL, 16384, PROT_READ|PROT_WRITE, MAP_PRIVATE|MAP_ANONYMOUS|MAP_NORESERVE, -1, 0) = 0x7f32c0efd000
18513 <... munmap resumed>)             = 0
18512 <... munmap resumed>)             = 0
18511 <... mmap resumed>)               = 0x7f32becfb000
18513 mmap(NULL, 16384, PROT_READ|PROT_WRITE, MAP_PRIVATE|MAP_ANONYMOUS|MAP_NORESERVE, -1, 0 <unfinished ...>
18512 mmap(NULL, 16384, PROT_READ|PROT_WRITE, MAP_PRIVATE|MAP_ANONYMOUS|MAP_NORESERVE, -1, 0 <unfinished ...>
18511 munmap(0x7f32becfb000, 16384 <unfinished ...>
18513 <... mmap resumed>)               = 0x7f32becf7000
18514 munmap(0x7f32c0efd000, 16384 <unfinished ...>
18511 <... munmap resumed>)             = 0
18513 munmap(0x7f32becf7000, 16384 <unfinished ...>
18512 <... mmap resumed>)               = 0x7f32becfb000
18512 munmap(0x7f32becfb000, 16384 <unfinished ...>
18511 mmap(NULL, 16384, PROT_READ|PROT_WRITE, MAP_PRIVATE|MAP_ANONYMOUS|MAP_NORESERVE, -1, 0 <unfinished ...>
18513 <... munmap resumed>)             = 0
18514 <... munmap resumed>)             = 0
18513 mmap(NULL, 16384, PROT_READ|PROT_WRITE, MAP_PRIVATE|MAP_ANONYMOUS|MAP_NORESERVE, -1, 0 <unfinished ...>
18514 mmap(NULL, 16384, PROT_READ|PROT_WRITE, MAP_PRIVATE|MAP_ANONYMOUS|MAP_NORESERVE, -1, 0 <unfinished ...>
18513 <... mmap resumed>)               = 0x7f32c0efd000
18512 <... munmap resumed>)             = 0
18511 <... mmap resumed>)               = 0x7f32becfb000
18514 <... mmap resumed>)               = 0x7f32becf7000
18513 munmap(0x7f32c0efd000, 16384 <unfinished ...>
18512 mmap(NULL, 16384, PROT_READ|PROT_WRITE, MAP_PRIVATE|MAP_ANONYMOUS|MAP_NORESERVE, -1, 0 <unfinished ...>
18514 munmap(0x7f32becf7000, 16384 <unfinished ...>
18511 munmap(0x7f32becfb000, 16384 <unfinished ...>
18513 <... munmap resumed>)             = 0
18512 <... mmap resumed>)               = 0x7f32c0efd000
18513 mmap(NULL, 16384, PROT_READ|PROT_WRITE, MAP_PRIVATE|MAP_ANONYMOUS|MAP_NORESERVE, -1, 0 <unfinished ...>
18511 <... munmap resumed>)             = 0
18513 <... mmap resumed>)               = 0x7f32becfb000
18512 munmap(0x7f32c0efd000, 16384 <unfinished ...>
18513 munmap(0x7f32becfb000, 16384 <unfinished ...>
18514 <... munmap resumed>)             = 0
18514 mmap(NULL, 16384, PROT_READ|PROT_WRITE, MAP_PRIVATE|MAP_ANONYMOUS|MAP_NORESERVE, -1, 0 <unfinished ...>
18513 <... munmap resumed>)             = 0
18511 mmap(NULL, 16384, PROT_READ|PROT_WRITE, MAP_PRIVATE|MAP_ANONYMOUS|MAP_NORESERVE, -1, 0 <unfinished ...>
18513 mmap(NULL, 16384, PROT_READ|PROT_WRITE, MAP_PRIVATE|MAP_ANONYMOUS|MAP_NORESERVE, -1, 0 <unfinished ...>
18512 <... munmap resumed>)             = 0
18514 <... mmap resumed>)               = 0x7f32c0efd000
18511 <... mmap resumed>)               = 0x7f32becfb000
18513 <... mmap resumed>)               = 0x7f32becf7000
18514 munmap(0x7f32c0efd000, 16384 <unfinished ...>
18512 mmap(NULL, 16384, PROT_READ|PROT_WRITE, MAP_PRIVATE|MAP_ANONYMOUS|MAP_NORESERVE, -1, 0 <unfinished ...>
18513 munmap(0x7f32becf7000, 16384 <unfinished ...>
18511 munmap(0x7f32becfb000, 16384 <unfinished ...>
18514 <... munmap resumed>)             = 0
18511 <... munmap resumed>)             = 0
18514 mmap(NULL, 16384, PROT_READ|PROT_WRITE, MAP_PRIVATE|MAP_ANONYMOUS|MAP_NORESERVE, -1, 0 <unfinished ...>
18511 mmap(NULL, 16384, PROT_READ|PROT_WRITE, MAP_PRIVATE|MAP_ANONYMOUS|MAP_NORESERVE, -1, 0 <unfinished ...>
18514 <... mmap resumed>)               = 0x7f32c0efd000
18513 <... munmap resumed>)             = 0
18511 <... mmap resumed>)               = 0x7f32becfb000
18513 mmap(NULL, 16384, PROT_READ|PROT_WRITE, MAP_PRIVATE|MAP_ANONYMOUS|MAP_NORESERVE, -1, 0 <unfinished ...>
18514 munmap(0x7f32c0efd000, 16384 <unfinished ...>
18512 <... mmap resumed>)               = 0x7f32becf7000
18513 <... mmap resumed>)               = 0x7f32becf3000
18511 munmap(0x7f32becfb000, 16384 <unfinished ...>
18514 <... munmap resumed>)             = 0
18514 mmap(NULL, 16384, PROT_READ|PROT_WRITE, MAP_PRIVATE|MAP_ANONYMOUS|MAP_NORESERVE, -1, 0) = 0x7f32c0efd000
18513 munmap(0x7f32becf3000, 16384 <unfinished ...>
18511 <... munmap resumed>)             = 0
18514 munmap(0x7f32c0efd000, 16384 <unfinished ...>
18513 <... munmap resumed>)             = 0
18511 mmap(NULL, 16384, PROT_READ|PROT_WRITE, MAP_PRIVATE|MAP_ANONYMOUS|MAP_NORESERVE, -1, 0 <unfinished ...>
18514 <... munmap resumed>)             = 0
18513 mmap(NULL, 16384, PROT_READ|PROT_WRITE, MAP_PRIVATE|MAP_ANONYMOUS|MAP_NORESERVE, -1, 0 <unfinished ...>
18512 munmap(0x7f32becf7000, 16384 <unfinished ...>
18511 <... mmap resumed>)               = 0x7f32c0efd000
18514 mmap(NULL, 16384, PROT_READ|PROT_WRITE, MAP_PRIVATE|MAP_ANONYMOUS|MAP_NORESERVE, -1, 0 <unfinished ...>
18512 <... munmap resumed>)             = 0
18511 munmap(0x7f32c0efd000, 16384 <unfinished ...>
18512 mmap(NULL, 16384, PROT_READ|PROT_WRITE, MAP_PRIVATE|MAP_ANONYMOUS|MAP_NORESERVE, -1, 0 <unfinished ...>
18511 <... munmap resumed>)             = 0
18512 <... mmap resumed>)               = 0x7f32c0efd000
18511 mmap(NULL, 16384, PROT_READ|PROT_WRITE, MAP_PRIVATE|MAP_ANONYMOUS|MAP_NORESERVE, -1, 0 <unfinished ...>
18512 munmap(0x7f32c0efd000, 16384 <unfinished ...>
18514 <... mmap resumed>)               = 0x7f32becfb000
18513 <... mmap resumed>)               = 0x7f32becf7000
18514 munmap(0x7f32becfb000, 16384 <unfinished ...>
18513 munmap(0x7f32becf7000, 16384 <unfinished ...>
18512 <... munmap resumed>)             = 0
18511 <... mmap resumed>)               = 0x7f32c0efd000
18514 <... munmap resumed>)             = 0
18511 munmap(0x7f32c0efd000, 16384 <unfinished ...>
18513 <... munmap resumed>)             = 0
18514 mmap(NULL, 16384, PROT_READ|PROT_WRITE, MAP_PRIVATE|MAP_ANONYMOUS|MAP_NORESERVE, -1, 0 <unfinished ...>
18513 mmap(NULL, 16384, PROT_READ|PROT_WRITE, MAP_PRIVATE|MAP_ANONYMOUS|MAP_NORESERVE, -1, 0 <unfinished ...>
18512 mmap(NULL, 16384, PROT_READ|PROT_WRITE, MAP_PRIVATE|MAP_ANONYMOUS|MAP_NORESERVE, -1, 0 <unfinished ...>
18514 <... mmap resumed>)               = 0x7f32c0efd000
18513 <... mmap resumed>)               = 0x7f32becfb000
18512 <... mmap resumed>)               = 0x7f32becf7000
18511 <... munmap resumed>)             = 0
18514 munmap(0x7f32c0efd000, 16384 <unfinished ...>
18513 munmap(0x7f32becfb000, 16384 <unfinished ...>
18511 mmap(NULL, 16384, PROT_READ|PROT_WRITE, MAP_PRIVATE|MAP_ANONYMOUS|MAP_NORESERVE, -1, 0 <unfinished ...>
18514 <... munmap resumed>)             = 0
18513 <... munmap resumed>)             = 0
18512 munmap(0x7f32becf7000, 16384 <unfinished ...>
18511 <... mmap resumed>)               = 0x7f32c0efd000
18514 mmap(NULL, 16384, PROT_READ|PROT_WRITE, MAP_PRIVATE|MAP_ANONYMOUS|MAP_NORESERVE, -1, 0 <unfinished ...>
18513 mmap(NULL, 16384, PROT_READ|PROT_WRITE, MAP_PRIVATE|MAP_ANONYMOUS|MAP_NORESERVE, -1, 0 <unfinished ...>
18514 <... mmap resumed>)               = 0x7f32becfb000
18513 <... mmap resumed>)               = 0x7f32becf7000
18512 <... munmap resumed>)             = 0
18511 munmap(0x7f32c0efd000, 16384 <unfinished ...>
18513 munmap(0x7f32becf7000, 16384 <unfinished ...>
18514 munmap(0x7f32becfb000, 16384 <unfinished ...>
18512 mmap(NULL, 16384, PROT_READ|PROT_WRITE, MAP_PRIVATE|MAP_ANONYMOUS|MAP_NORESERVE, -1, 0 <unfinished ...>
18513 <... munmap resumed>)             = 0
18514 <... munmap resumed>)             = 0
18513 mmap(NULL, 16384, PROT_READ|PROT_WRITE, MAP_PRIVATE|MAP_ANONYMOUS|MAP_NORESERVE, -1, 0 <unfinished ...>
18511 <... munmap resumed>)             = 0
18514 mmap(NULL, 16384, PROT_READ|PROT_WRITE, MAP_PRIVATE|MAP_ANONYMOUS|MAP_NORESERVE, -1, 0 <unfinished ...>
18512 <... mmap resumed>)               = 0x7f32c0efd000
18513 <... mmap resumed>)               = 0x7f32becfb000
18514 <... mmap resumed>)               = 0x7f32becf7000
18513 munmap(0x7f32becfb000, 16384 <unfinished ...>
18512 munmap(0x7f32c0efd000, 16384 <unfinished ...>
18511 mmap(NULL, 16384, PROT_READ|PROT_WRITE, MAP_PRIVATE|MAP_ANONYMOUS|MAP_NORESERVE, -1, 0 <unfinished ...>
18514 munmap(0x7f32becf7000, 16384 <unfinished ...>
18513 <... munmap resumed>)             = 0
18512 <... munmap resumed>)             = 0
18511 <... mmap resumed>)               = 0x7f32c0efd000
18513 mmap(NULL, 16384, PROT_READ|PROT_WRITE, MAP_PRIVATE|MAP_ANONYMOUS|MAP_NORESERVE, -1, 0 <unfinished ...>
18511 munmap(0x7f32c0efd000, 16384 <unfinished ...>
18512 mmap(NULL, 16384, PROT_READ|PROT_WRITE, MAP_PRIVATE|MAP_ANONYMOUS|MAP_NORESERVE, -1, 0 <unfinished ...>
18514 <... munmap resumed>)             = 0
18512 <... mmap resumed>)               = 0x7f32becfb000
18514 mmap(NULL, 16384, PROT_READ|PROT_WRITE, MAP_PRIVATE|MAP_ANONYMOUS|MAP_NORESERVE, -1, 0 <unfinished ...>
18512 munmap(0x7f32becfb000, 16384 <unfinished ...>
18511 <... munmap resumed>)             = 0
18514 <... mmap resumed>)               = 0x7f32becf7000
18513 <... mmap resumed>)               = 0x7f32c0efd000
18512 <... munmap resumed>)             = 0
18511 mmap(NULL, 16384, PROT_READ|PROT_WRITE, MAP_PRIVATE|MAP_ANONYMOUS|MAP_NORESERVE, -1, 0 <unfinished ...>
18513 munmap(0x7f32c0efd000, 16384 <unfinished ...>
18512 mmap(NULL, 16384, PROT_READ|PROT_WRITE, MAP_PRIVATE|MAP_ANONYMOUS|MAP_NORESERVE, -1, 0 <unfinished ...>
18511 <... mmap resumed>)               = 0x7f32becfb000
18514 munmap(0x7f32becf7000, 16384)     = 0
18513 <... munmap resumed>)             = 0
18514 mmap(NULL, 16384, PROT_READ|PROT_WRITE, MAP_PRIVATE|MAP_ANONYMOUS|MAP_NORESERVE, -1, 0 <unfinished ...>
18512 <... mmap resumed>)               = 0x7f32c0efd000
18511 munmap(0x7f32becfb000, 16384 <unfinished ...>
18513 mmap(NULL, 16384, PROT_READ|PROT_WRITE, MAP_PRIVATE|MAP_ANONYMOUS|MAP_NORESERVE, -1, 0 <unfinished ...>
18514 <... mmap resumed>)               = 0x7f32becf7000
18514 munmap(0x7f32becf7000, 16384 <unfinished ...>
18513 <... mmap resumed>)               = 0x7f32becf3000
18513 munmap(0x7f32becf3000, 16384 <unfinished ...>
18512 munmap(0x7f32c0efd000, 16384 <unfinished ...>
18511 <... munmap resumed>)             = 0
18511 mmap(NULL, 16384, PROT_READ|PROT_WRITE, MAP_PRIVATE|MAP_ANONYMOUS|MAP_NORESERVE, -1, 0 <unfinished ...>
18514 <... munmap resumed>)             = 0
18514 mmap(NULL, 16384, PROT_READ|PROT_WRITE, MAP_PRIVATE|MAP_ANONYMOUS|MAP_NORESERVE, -1, 0 <unfinished ...>
18513 <... munmap resumed>)             = 0
18514 <... mmap resumed>)               = 0x7f32becf7000
18511 <... mmap resumed>)               = 0x7f32becfb000
18514 munmap(0x7f32becf7000, 16384 <unfinished ...>
18513 mmap(NULL, 16384, PROT_READ|PROT_WRITE, MAP_PRIVATE|MAP_ANONYMOUS|MAP_NORESERVE, -1, 0 <unfinished ...>
18511 munmap(0x7f32becfb000, 16384 <unfinished ...>
18514 <... munmap resumed>)             = 0
18512 <... munmap resumed>)             = 0
18514 mmap(NULL, 16384, PROT_READ|PROT_WRITE, MAP_PRIVATE|MAP_ANONYMOUS|MAP_NORESERVE, -1, 0 <unfinished ...>
18511 <... munmap resumed>)             = 0
18513 <... mmap resumed>)               = 0x7f32c0efd000
18512 mmap(NULL, 16384, PROT_READ|PROT_WRITE, MAP_PRIVATE|MAP_ANONYMOUS|MAP_NORESERVE, -1, 0 <unfinished ...>
18511 mmap(NULL, 16384, PROT_READ|PROT_WRITE, MAP_PRIVATE|MAP_ANONYMOUS|MAP_NORESERVE, -1, 0 <unfinished ...>
18514 <... mmap resumed>)               = 0x7f32becfb000
18513 munmap(0x7f32c0efd000, 16384 <unfinished ...>
18512 <... mmap resumed>)               = 0x7f32becf3000
18511 <... mmap resumed>)               = 0x7f32becf7000
18513 <... munmap resumed>)             = 0
18512 munmap(0x7f32becf3000, 16384 <unfinished ...>
18514 munmap(0x7f32becfb000, 16384 <unfinished ...>
18513 mmap(NULL, 16384, PROT_READ|PROT_WRITE, MAP_PRIVATE|MAP_ANONYMOUS|MAP_NORESERVE, -1, 0 <unfinished ...>
18511 munmap(0x7f32becf7000, 16384 <unfinished ...>
18512 <... munmap resumed>)             = 0
18514 <... munmap resumed>)             = 0
18513 <... mmap resumed>)               = 0x7f32c0efd000
18512 mmap(NULL, 16384, PROT_READ|PROT_WRITE, MAP_PRIVATE|MAP_ANONYMOUS|MAP_NORESERVE, -1, 0 <unfinished ...>
18511 <... munmap resumed>)             = 0
18514 mmap(NULL, 16384, PROT_READ|PROT_WRITE, MAP_PRIVATE|MAP_ANONYMOUS|MAP_NORESERVE, -1, 0 <unfinished ...>
18513 munmap(0x7f32c0efd000, 16384 <unfinished ...>
18512 <... mmap resumed>)               = 0x7f32becfb000
18511 mmap(NULL, 16384, PROT_READ|PROT_WRITE, MAP_PRIVATE|MAP_ANONYMOUS|MAP_NORESERVE, -1, 0 <unfinished ...>
18513 <... munmap resumed>)             = 0
18511 <... mmap resumed>)               = 0x7f32becf7000
18513 mmap(NULL, 16384, PROT_READ|PROT_WRITE, MAP_PRIVATE|MAP_ANONYMOUS|MAP_NORESERVE, -1, 0 <unfinished ...>
18512 munmap(0x7f32becfb000, 16384 <unfinished ...>
18513 <... mmap resumed>)               = 0x7f32c0efd000
18513 munmap(0x7f32c0efd000, 16384 <unfinished ...>
18511 munmap(0x7f32becf7000, 16384 <unfinished ...>
18514 <... mmap resumed>)               = 0x7f32becfb000
18513 <... munmap resumed>)             = 0
18512 <... munmap resumed>)             = 0
18511 <... munmap resumed>)             = 0
18514 munmap(0x7f32becfb000, 16384 <unfinished ...>
18513 mmap(NULL, 16384, PROT_READ|PROT_WRITE, MAP_PRIVATE|MAP_ANONYMOUS|MAP_NORESERVE, -1, 0 <unfinished ...>
18512 mmap(NULL, 16384, PROT_READ|PROT_WRITE, MAP_PRIVATE|MAP_ANONYMOUS|MAP_NORESERVE, -1, 0 <unfinished ...>
18511 mmap(NULL, 16384, PROT_READ|PROT_WRITE, MAP_PRIVATE|MAP_ANONYMOUS|MAP_NORESERVE, -1, 0 <unfinished ...>
18514 <... munmap resumed>)             = 0
18514 mmap(NULL, 16384, PROT_READ|PROT_WRITE, MAP_PRIVATE|MAP_ANONYMOUS|MAP_NORESERVE, -1, 0 <unfinished ...>
18512 <... mmap resumed>)               = 0x7f32c0efd000
18511 <... mmap resumed>)               = 0x7f32becfb000
18514 <... mmap resumed>)               = 0x7f32becf7000
18513 <... mmap resumed>)               = 0x7f32becf3000
18512 munmap(0x7f32c0efd000, 16384 <unfinished ...>
18511 munmap(0x7f32becfb000, 16384 <unfinished ...>
18514 munmap(0x7f32becf7000, 16384 <unfinished ...>
18513 munmap(0x7f32becf3000, 16384 <unfinished ...>
18514 <... munmap resumed>)             = 0
18513 <... munmap resumed>)             = 0
18512 <... munmap resumed>)             = 0
18511 <... munmap resumed>)             = 0
18514 mmap(NULL, 16384, PROT_READ|PROT_WRITE, MAP_PRIVATE|MAP_ANONYMOUS|MAP_NORESERVE, -1, 0 <unfinished ...>
18513 mmap(NULL, 16384, PROT_READ|PROT_WRITE, MAP_PRIVATE|MAP_ANONYMOUS|MAP_NORESERVE, -1, 0 <unfinished ...>
18512 mmap(NULL, 16384, PROT_READ|PROT_WRITE, MAP_PRIVATE|MAP_ANONYMOUS|MAP_NORESERVE, -1, 0 <unfinished ...>
18511 mmap(NULL, 16384, PROT_READ|PROT_WRITE, MAP_PRIVATE|MAP_ANONYMOUS|MAP_NORESERVE, -1, 0 <unfinished ...>
18513 <... mmap resumed>)               = 0x7f32c0efd000
18514 <... mmap resumed>)               = 0x7f32becfb000
18512 <... mmap resumed>)               = 0x7f32becf7000
18514 munmap(0x7f32becfb000, 16384 <unfinished ...>
18513 munmap(0x7f32c0efd000, 16384 <unfinished ...>
18511 <... mmap resumed>)               = 0x7f32becf3000
18512 munmap(0x7f32becf7000, 16384)     = 0
18511 munmap(0x7f32becf3000, 16384 <unfinished ...>
18514 <... munmap resumed>)             = 0
18512 mmap(NULL, 16384, PROT_READ|PROT_WRITE, MAP_PRIVATE|MAP_ANONYMOUS|MAP_NORESERVE, -1, 0 <unfinished ...>
18513 <... munmap resumed>)             = 0
18511 <... munmap resumed>)             = 0
18513 mmap(NULL, 16384, PROT_READ|PROT_WRITE, MAP_PRIVATE|MAP_ANONYMOUS|MAP_NORESERVE, -1, 0 <unfinished ...>
18514 mmap(NULL, 16384, PROT_READ|PROT_WRITE, MAP_PRIVATE|MAP_ANONYMOUS|MAP_NORESERVE, -1, 0 <unfinished ...>
18513 <... mmap resumed>)               = 0x7f32c0efd000
18512 <... mmap resumed>)               = 0x7f32becfb000
18511 mmap(NULL, 16384, PROT_READ|PROT_WRITE, MAP_PRIVATE|MAP_ANONYMOUS|MAP_NORESERVE, -1, 0 <unfinished ...>
18514 <... mmap resumed>)               = 0x7f32becf7000
18513 munmap(0x7f32c0efd000, 16384 <unfinished ...>
18512 munmap(0x7f32becfb000, 16384 <unfinished ...>
18511 <... mmap resumed>)               = 0x7f32becf3000
18514 munmap(0x7f32becf7000, 16384 <unfinished ...>
18513 <... munmap resumed>)             = 0
18511 munmap(0x7f32becf3000, 16384 <unfinished ...>
18513 mmap(NULL, 16384, PROT_READ|PROT_WRITE, MAP_PRIVATE|MAP_ANONYMOUS|MAP_NORESERVE, -1, 0 <unfinished ...>
18514 <... munmap resumed>)             = 0
18513 <... mmap resumed>)               = 0x7f32c0efd000
18514 mmap(NULL, 16384, PROT_READ|PROT_WRITE, MAP_PRIVATE|MAP_ANONYMOUS|MAP_NORESERVE, -1, 0 <unfinished ...>
18512 <... munmap resumed>)             = 0
18514 <... mmap resumed>)               = 0x7f32becfb000
18511 <... munmap resumed>)             = 0
18511 mmap(NULL, 16384, PROT_READ|PROT_WRITE, MAP_PRIVATE|MAP_ANONYMOUS|MAP_NORESERVE, -1, 0 <unfinished ...>
18514 munmap(0x7f32becfb000, 16384 <unfinished ...>
18513 munmap(0x7f32c0efd000, 16384 <unfinished ...>
18511 <... mmap resumed>)               = 0x7f32becf7000
18512 mmap(NULL, 16384, PROT_READ|PROT_WRITE, MAP_PRIVATE|MAP_ANONYMOUS|MAP_NORESERVE, -1, 0 <unfinished ...>
18514 <... munmap resumed>)             = 0
18513 <... munmap resumed>)             = 0
18512 <... mmap resumed>)               = 0x7f32c0efd000
18511 munmap(0x7f32becf7000, 16384 <unfinished ...>
18514 mmap(NULL, 16384, PROT_READ|PROT_WRITE, MAP_PRIVATE|MAP_ANONYMOUS|MAP_NORESERVE, -1, 0 <unfinished ...>
18513 mmap(NULL, 16384, PROT_READ|PROT_WRITE, MAP_PRIVATE|MAP_ANONYMOUS|MAP_NORESERVE, -1, 0 <unfinished ...>
18512 munmap(0x7f32c0efd000, 16384 <unfinished ...>
18514 <... mmap resumed>)               = 0x7f32becfb000
18511 <... munmap resumed>)             = 0
18513 <... mmap resumed>)               = 0x7f32becf7000
18512 <... munmap resumed>)             = 0
18514 munmap(0x7f32becfb000, 16384 <unfinished ...>
18513 munmap(0x7f32becf7000, 16384 <unfinished ...>
18512 mmap(NULL, 16384, PROT_READ|PROT_WRITE, MAP_PRIVATE|MAP_ANONYMOUS|MAP_NORESERVE, -1, 0 <unfinished ...>
18511 mmap(NULL, 16384, PROT_READ|PROT_WRITE, MAP_PRIVATE|MAP_ANONYMOUS|MAP_NORESERVE, -1, 0 <unfinished ...>
18514 <... munmap resumed>)             = 0
18513 <... munmap resumed>)             = 0
18512 <... mmap resumed>)               = 0x7f32becfb000
18511 <... mmap resumed>)               = 0x7f32c0efd000
18514 mmap(NULL, 16384, PROT_READ|PROT_WRITE, MAP_PRIVATE|MAP_ANONYMOUS|MAP_NORESERVE, -1, 0 <unfinished ...>
18513 mmap(NULL, 16384, PROT_READ|PROT_WRITE, MAP_PRIVATE|MAP_ANONYMOUS|MAP_NORESERVE, -1, 0 <unfinished ...>
18512 munmap(0x7f32becfb000, 16384 <unfinished ...>
18511 munmap(0x7f32c0efd000, 16384 <unfinished ...>
18514 <... mmap resumed>)               = 0x7f32becf7000
18514 munmap(0x7f32becf7000, 16384 <unfinished ...>
18513 <... mmap resumed>)               = 0x7f32becf3000
18512 <... munmap resumed>)             = 0
18511 <... munmap resumed>)             = 0
18513 munmap(0x7f32becf3000, 16384 <unfinished ...>
18512 mmap(NULL, 16384, PROT_READ|PROT_WRITE, MAP_PRIVATE|MAP_ANONYMOUS|MAP_NORESERVE, -1, 0 <unfinished ...>
18511 mmap(NULL, 16384, PROT_READ|PROT_WRITE, MAP_PRIVATE|MAP_ANONYMOUS|MAP_NORESERVE, -1, 0 <unfinished ...>
18514 <... munmap resumed>)             = 0
18513 <... munmap resumed>)             = 0
18514 mmap(NULL, 16384, PROT_READ|PROT_WRITE, MAP_PRIVATE|MAP_ANONYMOUS|MAP_NORESERVE, -1, 0 <unfinished ...>
18512 <... mmap resumed>)               = 0x7f32c0efd000
18514 <... mmap resumed>)               = 0x7f32becf7000
18513 mmap(NULL, 16384, PROT_READ|PROT_WRITE, MAP_PRIVATE|MAP_ANONYMOUS|MAP_NORESERVE, -1, 0 <unfinished ...>
18511 <... mmap resumed>)               = 0x7f32becfb000
18514 munmap(0x7f32becf7000, 16384 <unfinished ...>
18512 munmap(0x7f32c0efd000, 16384 <unfinished ...>
18513 <... mmap resumed>)               = 0x7f32becf3000
18511 munmap(0x7f32becfb000, 16384 <unfinished ...>
18513 munmap(0x7f32becf3000, 16384 <unfinished ...>
18512 <... munmap resumed>)             = 0
18514 <... munmap resumed>)             = 0
18512 mmap(NULL, 16384, PROT_READ|PROT_WRITE, MAP_PRIVATE|MAP_ANONYMOUS|MAP_NORESERVE, -1, 0 <unfinished ...>
18511 <... munmap resumed>)             = 0
18514 mmap(NULL, 16384, PROT_READ|PROT_WRITE, MAP_PRIVATE|MAP_ANONYMOUS|MAP_NORESERVE, -1, 0 <unfinished ...>
18512 <... mmap resumed>)               = 0x7f32c0efd000
18511 mmap(NULL, 16384, PROT_READ|PROT_WRITE, MAP_PRIVATE|MAP_ANONYMOUS|MAP_NORESERVE, -1, 0 <unfinished ...>
18513 <... munmap resumed>)             = 0
18512 munmap(0x7f32c0efd000, 16384 <unfinished ...>
18514 <... mmap resumed>)               = 0x7f32becfb000
18513 mmap(NULL, 16384, PROT_READ|PROT_WRITE, MAP_PRIVATE|MAP_ANONYMOUS|MAP_NORESERVE, -1, 0 <unfinished ...>
18511 <... mmap resumed>)               = 0x7f32becf7000
18513 <... mmap resumed>)               = 0x7f32becf3000
18514 munmap(0x7f32becfb000, 16384 <unfinished ...>
18511 munmap(0x7f32becf7000, 16384 <unfinished ...>
18513 munmap(0x7f32becf3000, 16384 <unfinished ...>
18512 <... munmap resumed>)             = 0
18511 <... munmap resumed>)             = 0
18513 <... munmap resumed>)             = 0
18514 <... munmap resumed>)             = 0
18512 mmap(NULL, 16384, PROT_READ|PROT_WRITE, MAP_PRIVATE|MAP_ANONYMOUS|MAP_NORESERVE, -1, 0 <unfinished ...>
18511 mmap(NULL, 16384, PROT_READ|PROT_WRITE, MAP_PRIVATE|MAP_ANONYMOUS|MAP_NORESERVE, -1, 0 <unfinished ...>
18513 mmap(NULL, 16384, PROT_READ|PROT_WRITE, MAP_PRIVATE|MAP_ANONYMOUS|MAP_NORESERVE, -1, 0 <unfinished ...>
18514 mmap(NULL, 16384, PROT_READ|PROT_WRITE, MAP_PRIVATE|MAP_ANONYMOUS|MAP_NORESERVE, -1, 0 <unfinished ...>
18512 <... mmap resumed>)               = 0x7f32c0efd000
18511 <... mmap resumed>)               = 0x7f32becfb000
18514 <... mmap resumed>)               = 0x7f32becf3000
18513 <... mmap resumed>)               = 0x7f32becf7000
18512 munmap(0x7f32c0efd000, 16384 <unfinished ...>
18511 munmap(0x7f32becfb000, 16384 <unfinished ...>
18514 munmap(0x7f32becf3000, 16384 <unfinished ...>
18513 munmap(0x7f32becf7000, 16384 <unfinished ...>
18512 <... munmap resumed>)             = 0
18511 <... munmap resumed>)             = 0
18514 <... munmap resumed>)             = 0
18513 <... munmap resumed>)             = 0
18512 mmap(NULL, 16384, PROT_READ|PROT_WRITE, MAP_PRIVATE|MAP_ANONYMOUS|MAP_NORESERVE, -1, 0 <unfinished ...>
18514 mmap(NULL, 16384, PROT_READ|PROT_WRITE, MAP_PRIVATE|MAP_ANONYMOUS|MAP_NORESERVE, -1, 0 <unfinished ...>
18513 mmap(NULL, 16384, PROT_READ|PROT_WRITE, MAP_PRIVATE|MAP_ANONYMOUS|MAP_NORESERVE, -1, 0 <unfinished ...>
18511 mmap(NULL, 16384, PROT_READ|PROT_WRITE, MAP_PRIVATE|MAP_ANONYMOUS|MAP_NORESERVE, -1, 0 <unfinished ...>
18512 <... mmap resumed>)               = 0x7f32c0efd000
18513 <... mmap resumed>)               = 0x7f32becfb000
18514 <... mmap resumed>)               = 0x7f32becf7000
18514 munmap(0x7f32becf7000, 16384 <unfinished ...>
18513 munmap(0x7f32becfb000, 16384 <unfinished ...>
18512 munmap(0x7f32c0efd000, 16384 <unfinished ...>
18511 <... mmap resumed>)               = 0x7f32becf3000
18514 <... munmap resumed>)             = 0
18514 mmap(NULL, 16384, PROT_READ|PROT_WRITE, MAP_PRIVATE|MAP_ANONYMOUS|MAP_NORESERVE, -1, 0 <unfinished ...>
18513 <... munmap resumed>)             = 0
18511 munmap(0x7f32becf3000, 16384 <unfinished ...>
18514 <... mmap resumed>)               = 0x7f32c0efd000
18513 mmap(NULL, 16384, PROT_READ|PROT_WRITE, MAP_PRIVATE|MAP_ANONYMOUS|MAP_NORESERVE, -1, 0 <unfinished ...>
18512 <... munmap resumed>)             = 0
18514 munmap(0x7f32c0efd000, 16384 <unfinished ...>
18511 <... munmap resumed>)             = 0
18513 <... mmap resumed>)               = 0x7f32becfb000
18512 mmap(NULL, 16384, PROT_READ|PROT_WRITE, MAP_PRIVATE|MAP_ANONYMOUS|MAP_NORESERVE, -1, 0 <unfinished ...>
18511 mmap(NULL, 16384, PROT_READ|PROT_WRITE, MAP_PRIVATE|MAP_ANONYMOUS|MAP_NORESERVE, -1, 0 <unfinished ...>
18514 <... munmap resumed>)             = 0
18513 munmap(0x7f32becfb000, 16384 <unfinished ...>
18514 mmap(NULL, 16384, PROT_READ|PROT_WRITE, MAP_PRIVATE|MAP_ANONYMOUS|MAP_NORESERVE, -1, 0 <unfinished ...>
18512 <... mmap resumed>)               = 0x7f32c0efd000
18511 <... mmap resumed>)               = 0x7f32becf7000
18514 <... mmap resumed>)               = 0x7f32becf3000
18513 <... munmap resumed>)             = 0
18512 munmap(0x7f32c0efd000, 16384 <unfinished ...>
18514 munmap(0x7f32becf3000, 16384 <unfinished ...>
18511 munmap(0x7f32becf7000, 16384 <unfinished ...>
18514 <... munmap resumed>)             = 0
18513 mmap(NULL, 16384, PROT_READ|PROT_WRITE, MAP_PRIVATE|MAP_ANONYMOUS|MAP_NORESERVE, -1, 0 <unfinished ...>
18512 <... munmap resumed>)             = 0
18514 mmap(NULL, 16384, PROT_READ|PROT_WRITE, MAP_PRIVATE|MAP_ANONYMOUS|MAP_NORESERVE, -1, 0 <unfinished ...>
18512 mmap(NULL, 16384, PROT_READ|PROT_WRITE, MAP_PRIVATE|MAP_ANONYMOUS|MAP_NORESERVE, -1, 0 <unfinished ...>
18511 <... munmap resumed>)             = 0
18514 <... mmap resumed>)               = 0x7f32c0efd000
18512 <... mmap resumed>)               = 0x7f32becfb000
18511 mmap(NULL, 16384, PROT_READ|PROT_WRITE, MAP_PRIVATE|MAP_ANONYMOUS|MAP_NORESERVE, -1, 0 <unfinished ...>
18514 munmap(0x7f32c0efd000, 16384 <unfinished ...>
18512 munmap(0x7f32becfb000, 16384 <unfinished ...>
18511 <... mmap resumed>)               = 0x7f32becf7000
18513 <... mmap resumed>)               = 0x7f32becf3000
18513 munmap(0x7f32becf3000, 16384 <unfinished ...>
18514 <... munmap resumed>)             = 0
18513 <... munmap resumed>)             = 0
18511 munmap(0x7f32becf7000, 16384 <unfinished ...>
18514 mmap(NULL, 16384, PROT_READ|PROT_WRITE, MAP_PRIVATE|MAP_ANONYMOUS|MAP_NORESERVE, -1, 0 <unfinished ...>
18513 mmap(NULL, 16384, PROT_READ|PROT_WRITE, MAP_PRIVATE|MAP_ANONYMOUS|MAP_NORESERVE, -1, 0 <unfinished ...>
18512 <... munmap resumed>)             = 0
18513 <... mmap resumed>)               = 0x7f32c0efd000
18514 <... mmap resumed>)               = 0x7f32becfb000
18513 munmap(0x7f32c0efd000, 16384 <unfinished ...>
18512 mmap(NULL, 16384, PROT_READ|PROT_WRITE, MAP_PRIVATE|MAP_ANONYMOUS|MAP_NORESERVE, -1, 0 <unfinished ...>
18511 <... munmap resumed>)             = 0
18514 munmap(0x7f32becfb000, 16384 <unfinished ...>
18513 <... munmap resumed>)             = 0
18512 <... mmap resumed>)               = 0x7f32c0efd000
18511 mmap(NULL, 16384, PROT_READ|PROT_WRITE, MAP_PRIVATE|MAP_ANONYMOUS|MAP_NORESERVE, -1, 0 <unfinished ...>
18514 <... munmap resumed>)             = 0
18513 mmap(NULL, 16384, PROT_READ|PROT_WRITE, MAP_PRIVATE|MAP_ANONYMOUS|MAP_NORESERVE, -1, 0 <unfinished ...>
18514 mmap(NULL, 16384, PROT_READ|PROT_WRITE, MAP_PRIVATE|MAP_ANONYMOUS|MAP_NORESERVE, -1, 0 <unfinished ...>
18512 munmap(0x7f32c0efd000, 16384 <unfinished ...>
18511 <... mmap resumed>)               = 0x7f32becfb000
18514 <... mmap resumed>)               = 0x7f32becf7000
18514 munmap(0x7f32becf7000, 16384 <unfinished ...>
18513 <... mmap resumed>)               = 0x7f32becf3000
18511 munmap(0x7f32becfb000, 16384 <unfinished ...>
18513 munmap(0x7f32becf3000, 16384 <unfinished ...>
18512 <... munmap resumed>)             = 0
18511 <... munmap resumed>)             = 0
18514 <... munmap resumed>)             = 0
18511 mmap(NULL, 16384, PROT_READ|PROT_WRITE, MAP_PRIVATE|MAP_ANONYMOUS|MAP_NORESERVE, -1, 0 <unfinished ...>
18512 mmap(NULL, 16384, PROT_READ|PROT_WRITE, MAP_PRIVATE|MAP_ANONYMOUS|MAP_NORESERVE, -1, 0 <unfinished ...>
18513 <... munmap resumed>)             = 0
18514 mmap(NULL, 16384, PROT_READ|PROT_WRITE, MAP_PRIVATE|MAP_ANONYMOUS|MAP_NORESERVE, -1, 0) = 0x7f32becfb000
18513 mmap(NULL, 16384, PROT_READ|PROT_WRITE, MAP_PRIVATE|MAP_ANONYMOUS|MAP_NORESERVE, -1, 0 <unfinished ...>
18512 <... mmap resumed>)               = 0x7f32becf7000
18511 <... mmap resumed>)               = 0x7f32c0efd000
18514 munmap(0x7f32becfb000, 16384 <unfinished ...>
18513 <... mmap resumed>)               = 0x7f32becf3000
18511 munmap(0x7f32c0efd000, 16384 <unfinished ...>
18514 <... munmap resumed>)             = 0
18513 munmap(0x7f32becf3000, 16384 <unfinished ...>
18512 munmap(0x7f32becf7000, 16384 <unfinished ...>
18511 <... munmap resumed>)             = 0
18514 mmap(NULL, 16384, PROT_READ|PROT_WRITE, MAP_PRIVATE|MAP_ANONYMOUS|MAP_NORESERVE, -1, 0 <unfinished ...>
18511 mmap(NULL, 16384, PROT_READ|PROT_WRITE, MAP_PRIVATE|MAP_ANONYMOUS|MAP_NORESERVE, -1, 0 <unfinished ...>
18513 <... munmap resumed>)             = 0
18511 <... mmap resumed>)               = 0x7f32c0efd000
18514 <... mmap resumed>)               = 0x7f32becfb000
18513 mmap(NULL, 16384, PROT_READ|PROT_WRITE, MAP_PRIVATE|MAP_ANONYMOUS|MAP_NORESERVE, -1, 0 <unfinished ...>
18511 munmap(0x7f32c0efd000, 16384 <unfinished ...>
18514 munmap(0x7f32becfb000, 16384 <unfinished ...>
18513 <... mmap resumed>)               = 0x7f32becf7000
18512 <... munmap resumed>)             = 0
18511 <... munmap resumed>)             = 0
18514 <... munmap resumed>)             = 0
18513 munmap(0x7f32becf7000, 16384 <unfinished ...>
18512 mmap(NULL, 16384, PROT_READ|PROT_WRITE, MAP_PRIVATE|MAP_ANONYMOUS|MAP_NORESERVE, -1, 0 <unfinished ...>
18511 mmap(NULL, 16384, PROT_READ|PROT_WRITE, MAP_PRIVATE|MAP_ANONYMOUS|MAP_NORESERVE, -1, 0 <unfinished ...>
18514 mmap(NULL, 16384, PROT_READ|PROT_WRITE, MAP_PRIVATE|MAP_ANONYMOUS|MAP_NORESERVE, -1, 0 <unfinished ...>
18513 <... munmap resumed>)             = 0
18511 <... mmap resumed>)               = 0x7f32c0efd000
18514 <... mmap resumed>)               = 0x7f32becf7000
18513 mmap(NULL, 16384, PROT_READ|PROT_WRITE, MAP_PRIVATE|MAP_ANONYMOUS|MAP_NORESERVE, -1, 0 <unfinished ...>
18512 <... mmap resumed>)               = 0x7f32becfb000
18511 munmap(0x7f32c0efd000, 16384 <unfinished ...>
18514 munmap(0x7f32becf7000, 16384 <unfinished ...>
18513 <... mmap resumed>)               = 0x7f32becf3000
18512 munmap(0x7f32becfb000, 16384 <unfinished ...>
18513 munmap(0x7f32becf3000, 16384 <unfinished ...>
18511 <... munmap resumed>)             = 0
18512 <... munmap resumed>)             = 0
18514 <... munmap resumed>)             = 0
18513 <... munmap resumed>)             = 0
18512 mmap(NULL, 16384, PROT_READ|PROT_WRITE, MAP_PRIVATE|MAP_ANONYMOUS|MAP_NORESERVE, -1, 0 <unfinished ...>
18511 mmap(NULL, 16384, PROT_READ|PROT_WRITE, MAP_PRIVATE|MAP_ANONYMOUS|MAP_NORESERVE, -1, 0 <unfinished ...>
18514 mmap(NULL, 16384, PROT_READ|PROT_WRITE, MAP_PRIVATE|MAP_ANONYMOUS|MAP_NORESERVE, -1, 0 <unfinished ...>
18513 mmap(NULL, 16384, PROT_READ|PROT_WRITE, MAP_PRIVATE|MAP_ANONYMOUS|MAP_NORESERVE, -1, 0 <unfinished ...>
18512 <... mmap resumed>)               = 0x7f32c0efd000
18511 <... mmap resumed>)               = 0x7f32becfb000
18514 <... mmap resumed>)               = 0x7f32becf3000
18513 <... mmap resumed>)               = 0x7f32becf7000
18512 munmap(0x7f32c0efd000, 16384 <unfinished ...>
18511 munmap(0x7f32becfb000, 16384 <unfinished ...>
18514 munmap(0x7f32becf3000, 16384 <unfinished ...>
18513 munmap(0x7f32becf7000, 16384 <unfinished ...>
18512 <... munmap resumed>)             = 0
18513 <... munmap resumed>)             = 0
18512 mmap(NULL, 16384, PROT_READ|PROT_WRITE, MAP_PRIVATE|MAP_ANONYMOUS|MAP_NORESERVE, -1, 0 <unfinished ...>
18514 <... munmap resumed>)             = 0
18511 <... munmap resumed>)             = 0
18514 mmap(NULL, 16384, PROT_READ|PROT_WRITE, MAP_PRIVATE|MAP_ANONYMOUS|MAP_NORESERVE, -1, 0 <unfinished ...>
18513 mmap(NULL, 16384, PROT_READ|PROT_WRITE, MAP_PRIVATE|MAP_ANONYMOUS|MAP_NORESERVE, -1, 0 <unfinished ...>
18512 <... mmap resumed>)               = 0x7f32c0efd000
18511 mmap(NULL, 16384, PROT_READ|PROT_WRITE, MAP_PRIVATE|MAP_ANONYMOUS|MAP_NORESERVE, -1, 0 <unfinished ...>
18514 <... mmap resumed>)               = 0x7f32becfb000
18514 munmap(0x7f32becfb000, 16384 <unfinished ...>
18513 <... mmap resumed>)               = 0x7f32becf7000
18512 munmap(0x7f32c0efd000, 16384 <unfinished ...>
18511 <... mmap resumed>)               = 0x7f32becf3000
18514 <... munmap resumed>)             = 0
18513 munmap(0x7f32becf7000, 16384 <unfinished ...>
18512 <... munmap resumed>)             = 0
18511 munmap(0x7f32becf3000, 16384 <unfinished ...>
18514 mmap(NULL, 16384, PROT_READ|PROT_WRITE, MAP_PRIVATE|MAP_ANONYMOUS|MAP_NORESERVE, -1, 0 <unfinished ...>
18512 mmap(NULL, 16384, PROT_READ|PROT_WRITE, MAP_PRIVATE|MAP_ANONYMOUS|MAP_NORESERVE, -1, 0 <unfinished ...>
18513 <... munmap resumed>)             = 0
18514 <... mmap resumed>)               = 0x7f32c0efd000
18513 mmap(NULL, 16384, PROT_READ|PROT_WRITE, MAP_PRIVATE|MAP_ANONYMOUS|MAP_NORESERVE, -1, 0) = 0x7f32becfb000
18512 <... mmap resumed>)               = 0x7f32becf7000
18511 <... munmap resumed>)             = 0
18514 munmap(0x7f32c0efd000, 16384 <unfinished ...>
18513 munmap(0x7f32becfb000, 16384 <unfinished ...>
18512 munmap(0x7f32becf7000, 16384 <unfinished ...>
18513 <... munmap resumed>)             = 0
18514 <... munmap resumed>)             = 0
18512 <... munmap resumed>)             = 0
18511 mmap(NULL, 16384, PROT_READ|PROT_WRITE, MAP_PRIVATE|MAP_ANONYMOUS|MAP_NORESERVE, -1, 0 <unfinished ...>
18514 mmap(NULL, 16384, PROT_READ|PROT_WRITE, MAP_PRIVATE|MAP_ANONYMOUS|MAP_NORESERVE, -1, 0 <unfinished ...>
18512 mmap(NULL, 16384, PROT_READ|PROT_WRITE, MAP_PRIVATE|MAP_ANONYMOUS|MAP_NORESERVE, -1, 0 <unfinished ...>
18513 mmap(NULL, 16384, PROT_READ|PROT_WRITE, MAP_PRIVATE|MAP_ANONYMOUS|MAP_NORESERVE, -1, 0 <unfinished ...>
18514 <... mmap resumed>)               = 0x7f32becfb000
18511 <... mmap resumed>)               = 0x7f32c0efd000
18513 <... mmap resumed>)               = 0x7f32becf3000
18514 munmap(0x7f32becfb000, 16384 <unfinished ...>
18512 <... mmap resumed>)               = 0x7f32becf7000
18513 munmap(0x7f32becf3000, 16384 <unfinished ...>
18511 munmap(0x7f32c0efd000, 16384 <unfinished ...>
18514 <... munmap resumed>)             = 0
18514 mmap(NULL, 16384, PROT_READ|PROT_WRITE, MAP_PRIVATE|MAP_ANONYMOUS|MAP_NORESERVE, -1, 0 <unfinished ...>
18512 munmap(0x7f32becf7000, 16384 <unfinished ...>
18513 <... munmap resumed>)             = 0
18511 <... munmap resumed>)             = 0
18514 <... mmap resumed>)               = 0x7f32c0efd000
18513 mmap(NULL, 16384, PROT_READ|PROT_WRITE, MAP_PRIVATE|MAP_ANONYMOUS|MAP_NORESERVE, -1, 0 <unfinished ...>
18512 <... munmap resumed>)             = 0
18511 mmap(NULL, 16384, PROT_READ|PROT_WRITE, MAP_PRIVATE|MAP_ANONYMOUS|MAP_NORESERVE, -1, 0 <unfinished ...>
18514 munmap(0x7f32c0efd000, 16384 <unfinished ...>
18513 <... mmap resumed>)               = 0x7f32becfb000
18512 mmap(NULL, 16384, PROT_READ|PROT_WRITE, MAP_PRIVATE|MAP_ANONYMOUS|MAP_NORESERVE, -1, 0 <unfinished ...>
18513 munmap(0x7f32becfb000, 16384 <unfinished ...>
18514 <... munmap resumed>)             = 0
18514 mmap(NULL, 16384, PROT_READ|PROT_WRITE, MAP_PRIVATE|MAP_ANONYMOUS|MAP_NORESERVE, -1, 0 <unfinished ...>
18513 <... munmap resumed>)             = 0
18512 <... mmap resumed>)               = 0x7f32c0efd000
18511 <... mmap resumed>)               = 0x7f32becfb000
18514 <... mmap resumed>)               = 0x7f32becf7000
18514 munmap(0x7f32becf7000, 16384 <unfinished ...>
18513 mmap(NULL, 16384, PROT_READ|PROT_WRITE, MAP_PRIVATE|MAP_ANONYMOUS|MAP_NORESERVE, -1, 0 <unfinished ...>
18511 munmap(0x7f32becfb000, 16384 <unfinished ...>
18512 munmap(0x7f32c0efd000, 16384)     = 0
18511 <... munmap resumed>)             = 0
18512 mmap(NULL, 16384, PROT_READ|PROT_WRITE, MAP_PRIVATE|MAP_ANONYMOUS|MAP_NORESERVE, -1, 0 <unfinished ...>
18511 mmap(NULL, 16384, PROT_READ|PROT_WRITE, MAP_PRIVATE|MAP_ANONYMOUS|MAP_NORESERVE, -1, 0 <unfinished ...>
18512 <... mmap resumed>)               = 0x7f32c0efd000
18511 <... mmap resumed>)               = 0x7f32becfb000
18514 <... munmap resumed>)             = 0
18513 <... mmap resumed>)               = 0x7f32becf7000
18512 munmap(0x7f32c0efd000, 16384 <unfinished ...>
18511 munmap(0x7f32becfb000, 16384 <unfinished ...>
18514 mmap(NULL, 16384, PROT_READ|PROT_WRITE, MAP_PRIVATE|MAP_ANONYMOUS|MAP_NORESERVE, -1, 0) = 0x7f32c0efd000
18512 <... munmap resumed>)             = 0
18513 munmap(0x7f32becf7000, 16384 <unfinished ...>
18511 <... munmap resumed>)             = 0
18514 munmap(0x7f32c0efd000, 16384 <unfinished ...>
18513 <... munmap resumed>)             = 0
18512 mmap(NULL, 16384, PROT_READ|PROT_WRITE, MAP_PRIVATE|MAP_ANONYMOUS|MAP_NORESERVE, -1, 0 <unfinished ...>
18511 mmap(NULL, 16384, PROT_READ|PROT_WRITE, MAP_PRIVATE|MAP_ANONYMOUS|MAP_NORESERVE, -1, 0 <unfinished ...>
18514 <... munmap resumed>)             = 0
18513 mmap(NULL, 16384, PROT_READ|PROT_WRITE, MAP_PRIVATE|MAP_ANONYMOUS|MAP_NORESERVE, -1, 0 <unfinished ...>
18512 <... mmap resumed>)               = 0x7f32c0efd000
18514 mmap(NULL, 16384, PROT_READ|PROT_WRITE, MAP_PRIVATE|MAP_ANONYMOUS|MAP_NORESERVE, -1, 0 <unfinished ...>
18511 <... mmap resumed>)               = 0x7f32becfb000
18513 <... mmap resumed>)               = 0x7f32becf7000
18512 munmap(0x7f32c0efd000, 16384 <unfinished ...>
18514 <... mmap resumed>)               = 0x7f32becf3000
18513 munmap(0x7f32becf7000, 16384 <unfinished ...>
18512 <... munmap resumed>)             = 0
18511 munmap(0x7f32becfb000, 16384 <unfinished ...>
18514 munmap(0x7f32becf3000, 16384 <unfinished ...>
18513 <... munmap resumed>)             = 0
18512 mmap(NULL, 16384, PROT_READ|PROT_WRITE, MAP_PRIVATE|MAP_ANONYMOUS|MAP_NORESERVE, -1, 0 <unfinished ...>
18511 <... munmap resumed>)             = 0
18514 <... munmap resumed>)             = 0
18513 mmap(NULL, 16384, PROT_READ|PROT_WRITE, MAP_PRIVATE|MAP_ANONYMOUS|MAP_NORESERVE, -1, 0 <unfinished ...>
18512 <... mmap resumed>)               = 0x7f32c0efd000
18511 mmap(NULL, 16384, PROT_READ|PROT_WRITE, MAP_PRIVATE|MAP_ANONYMOUS|MAP_NORESERVE, -1, 0 <unfinished ...>
18514 mmap(NULL, 16384, PROT_READ|PROT_WRITE, MAP_PRIVATE|MAP_ANONYMOUS|MAP_NORESERVE, -1, 0 <unfinished ...>
18513 <... mmap resumed>)               = 0x7f32becfb000
18514 <... mmap resumed>)               = 0x7f32becf7000
18512 munmap(0x7f32c0efd000, 16384 <unfinished ...>
18511 <... mmap resumed>)               = 0x7f32becf3000
18514 munmap(0x7f32becf7000, 16384 <unfinished ...>
18513 munmap(0x7f32becfb000, 16384 <unfinished ...>
18511 munmap(0x7f32becf3000, 16384 <unfinished ...>
18512 <... munmap resumed>)             = 0
18514 <... munmap resumed>)             = 0
18514 mmap(NULL, 16384, PROT_READ|PROT_WRITE, MAP_PRIVATE|MAP_ANONYMOUS|MAP_NORESERVE, -1, 0 <unfinished ...>
18512 mmap(NULL, 16384, PROT_READ|PROT_WRITE, MAP_PRIVATE|MAP_ANONYMOUS|MAP_NORESERVE, -1, 0 <unfinished ...>
18513 <... munmap resumed>)             = 0
18514 <... mmap resumed>)               = 0x7f32c0efd000
18511 <... munmap resumed>)             = 0
18512 <... mmap resumed>)               = 0x7f32becfb000
18514 munmap(0x7f32c0efd000, 16384)     = 0
18513 mmap(NULL, 16384, PROT_READ|PROT_WRITE, MAP_PRIVATE|MAP_ANONYMOUS|MAP_NORESERVE, -1, 0 <unfinished ...>
18511 mmap(NULL, 16384, PROT_READ|PROT_WRITE, MAP_PRIVATE|MAP_ANONYMOUS|MAP_NORESERVE, -1, 0 <unfinished ...>
18514 mmap(NULL, 16384, PROT_READ|PROT_WRITE, MAP_PRIVATE|MAP_ANONYMOUS|MAP_NORESERVE, -1, 0 <unfinished ...>
18512 munmap(0x7f32becfb000, 16384 <unfinished ...>
18513 <... mmap resumed>)               = 0x7f32c0efd000
18511 <... mmap resumed>)               = 0x7f32becf7000
18514 <... mmap resumed>)               = 0x7f32becf3000
18513 munmap(0x7f32c0efd000, 16384 <unfinished ...>
18512 <... munmap resumed>)             = 0
18514 munmap(0x7f32becf3000, 16384 <unfinished ...>
18512 mmap(NULL, 16384, PROT_READ|PROT_WRITE, MAP_PRIVATE|MAP_ANONYMOUS|MAP_NORESERVE, -1, 0 <unfinished ...>
18514 <... munmap resumed>)             = 0
18513 <... munmap resumed>)             = 0
18512 <... mmap resumed>)               = 0x7f32c0efd000
18511 munmap(0x7f32becf7000, 16384 <unfinished ...>
18514 mmap(NULL, 16384, PROT_READ|PROT_WRITE, MAP_PRIVATE|MAP_ANONYMOUS|MAP_NORESERVE, -1, 0 <unfinished ...>
18513 mmap(NULL, 16384, PROT_READ|PROT_WRITE, MAP_PRIVATE|MAP_ANONYMOUS|MAP_NORESERVE, -1, 0 <unfinished ...>
18512 munmap(0x7f32c0efd000, 16384 <unfinished ...>
18514 <... mmap resumed>)               = 0x7f32becfb000
18511 <... munmap resumed>)             = 0
18514 munmap(0x7f32becfb000, 16384 <unfinished ...>
18513 <... mmap resumed>)               = 0x7f32c0efd000
18512 <... munmap resumed>)             = 0
18511 mmap(NULL, 16384, PROT_READ|PROT_WRITE, MAP_PRIVATE|MAP_ANONYMOUS|MAP_NORESERVE, -1, 0 <unfinished ...>
18513 munmap(0x7f32c0efd000, 16384 <unfinished ...>
18512 mmap(NULL, 16384, PROT_READ|PROT_WRITE, MAP_PRIVATE|MAP_ANONYMOUS|MAP_NORESERVE, -1, 0 <unfinished ...>
18514 <... munmap resumed>)             = 0
18513 <... munmap resumed>)             = 0
18511 <... mmap resumed>)               = 0x7f32becfb000
18512 <... mmap resumed>)               = 0x7f32c0efd000
18514 mmap(NULL, 16384, PROT_READ|PROT_WRITE, MAP_PRIVATE|MAP_ANONYMOUS|MAP_NORESERVE, -1, 0 <unfinished ...>
18511 munmap(0x7f32becfb000, 16384 <unfinished ...>
18514 <... mmap resumed>)               = 0x7f32becf7000
18513 mmap(NULL, 16384, PROT_READ|PROT_WRITE, MAP_PRIVATE|MAP_ANONYMOUS|MAP_NORESERVE, -1, 0 <unfinished ...>
18512 munmap(0x7f32c0efd000, 16384 <unfinished ...>
18514 munmap(0x7f32becf7000, 16384)     = 0
18513 <... mmap resumed>)               = 0x7f32becfb000
18511 <... munmap resumed>)             = 0
18514 mmap(NULL, 16384, PROT_READ|PROT_WRITE, MAP_PRIVATE|MAP_ANONYMOUS|MAP_NORESERVE, -1, 0 <unfinished ...>
18512 <... munmap resumed>)             = 0
18511 mmap(NULL, 16384, PROT_READ|PROT_WRITE, MAP_PRIVATE|MAP_ANONYMOUS|MAP_NORESERVE, -1, 0 <unfinished ...>
18514 <... mmap resumed>)               = 0x7f32c0efd000
18514 munmap(0x7f32c0efd000, 16384 <unfinished ...>
18513 munmap(0x7f32becfb000, 16384 <unfinished ...>
18512 mmap(NULL, 16384, PROT_READ|PROT_WRITE, MAP_PRIVATE|MAP_ANONYMOUS|MAP_NORESERVE, -1, 0 <unfinished ...>
18511 <... mmap resumed>)               = 0x7f32becf7000
18513 <... munmap resumed>)             = 0
18514 <... munmap resumed>)             = 0
18513 mmap(NULL, 16384, PROT_READ|PROT_WRITE, MAP_PRIVATE|MAP_ANONYMOUS|MAP_NORESERVE, -1, 0 <unfinished ...>
18511 munmap(0x7f32becf7000, 16384 <unfinished ...>
18512 <... mmap resumed>)               = 0x7f32c0efd000
18514 mmap(NULL, 16384, PROT_READ|PROT_WRITE, MAP_PRIVATE|MAP_ANONYMOUS|MAP_NORESERVE, -1, 0 <unfinished ...>
18513 <... mmap resumed>)               = 0x7f32becfb000
18511 <... munmap resumed>)             = 0
18514 <... mmap resumed>)               = 0x7f32becf7000
18511 mmap(NULL, 16384, PROT_READ|PROT_WRITE, MAP_PRIVATE|MAP_ANONYMOUS|MAP_NORESERVE, -1, 0 <unfinished ...>
18513 munmap(0x7f32becfb000, 16384 <unfinished ...>
18512 munmap(0x7f32c0efd000, 16384 <unfinished ...>
18511 <... mmap resumed>)               = 0x7f32becf3000
18514 munmap(0x7f32becf7000, 16384 <unfinished ...>
18513 <... munmap resumed>)             = 0
18511 munmap(0x7f32becf3000, 16384 <unfinished ...>
18513 mmap(NULL, 16384, PROT_READ|PROT_WRITE, MAP_PRIVATE|MAP_ANONYMOUS|MAP_NORESERVE, -1, 0) = 0x7f32becfb000
18512 <... munmap resumed>)             = 0
18511 <... munmap resumed>)             = 0
18513 munmap(0x7f32becfb000, 16384 <unfinished ...>
18512 mmap(NULL, 16384, PROT_READ|PROT_WRITE, MAP_PRIVATE|MAP_ANONYMOUS|MAP_NORESERVE, -1, 0 <unfinished ...>
18513 <... munmap resumed>)             = 0
18511 mmap(NULL, 16384, PROT_READ|PROT_WRITE, MAP_PRIVATE|MAP_ANONYMOUS|MAP_NORESERVE, -1, 0 <unfinished ...>
18513 mmap(NULL, 16384, PROT_READ|PROT_WRITE, MAP_PRIVATE|MAP_ANONYMOUS|MAP_NORESERVE, -1, 0 <unfinished ...>
18514 <... munmap resumed>)             = 0
18513 <... mmap resumed>)               = 0x7f32becf7000
18512 <... mmap resumed>)               = 0x7f32c0efd000
18511 <... mmap resumed>)               = 0x7f32becfb000
18514 mmap(NULL, 16384, PROT_READ|PROT_WRITE, MAP_PRIVATE|MAP_ANONYMOUS|MAP_NORESERVE, -1, 0 <unfinished ...>
18513 munmap(0x7f32becf7000, 16384 <unfinished ...>
18512 munmap(0x7f32c0efd000, 16384 <unfinished ...>
18511 munmap(0x7f32becfb000, 16384 <unfinished ...>
18514 <... mmap resumed>)               = 0x7f32becf3000
18513 <... munmap resumed>)             = 0
18513 mmap(NULL, 16384, PROT_READ|PROT_WRITE, MAP_PRIVATE|MAP_ANONYMOUS|MAP_NORESERVE, -1, 0 <unfinished ...>
18514 munmap(0x7f32becf3000, 16384 <unfinished ...>
18512 <... munmap resumed>)             = 0
18511 <... munmap resumed>)             = 0
18514 <... munmap resumed>)             = 0
18513 <... mmap resumed>)               = 0x7f32c0efd000
18512 mmap(NULL, 16384, PROT_READ|PROT_WRITE, MAP_PRIVATE|MAP_ANONYMOUS|MAP_NORESERVE, -1, 0 <unfinished ...>
18511 mmap(NULL, 16384, PROT_READ|PROT_WRITE, MAP_PRIVATE|MAP_ANONYMOUS|MAP_NORESERVE, -1, 0 <unfinished ...>
18514 mmap(NULL, 16384, PROT_READ|PROT_WRITE, MAP_PRIVATE|MAP_ANONYMOUS|MAP_NORESERVE, -1, 0 <unfinished ...>
18513 munmap(0x7f32c0efd000, 16384 <unfinished ...>
18512 <... mmap resumed>)               = 0x7f32becfb000
18514 <... mmap resumed>)               = 0x7f32becf7000
18514 munmap(0x7f32becf7000, 16384 <unfinished ...>
18513 <... munmap resumed>)             = 0
18511 <... mmap resumed>)               = 0x7f32becf3000
18512 munmap(0x7f32becfb000, 16384 <unfinished ...>
18514 <... munmap resumed>)             = 0
18513 mmap(NULL, 16384, PROT_READ|PROT_WRITE, MAP_PRIVATE|MAP_ANONYMOUS|MAP_NORESERVE, -1, 0 <unfinished ...>
18512 <... munmap resumed>)             = 0
18511 munmap(0x7f32becf3000, 16384 <unfinished ...>
18514 mmap(NULL, 16384, PROT_READ|PROT_WRITE, MAP_PRIVATE|MAP_ANONYMOUS|MAP_NORESERVE, -1, 0 <unfinished ...>
18513 <... mmap resumed>)               = 0x7f32c0efd000
18512 mmap(NULL, 16384, PROT_READ|PROT_WRITE, MAP_PRIVATE|MAP_ANONYMOUS|MAP_NORESERVE, -1, 0 <unfinished ...>
18514 <... mmap resumed>)               = 0x7f32becfb000
18513 munmap(0x7f32c0efd000, 16384 <unfinished ...>
18511 <... munmap resumed>)             = 0
18514 munmap(0x7f32becfb000, 16384 <unfinished ...>
18512 <... mmap resumed>)               = 0x7f32becf7000
18514 <... munmap resumed>)             = 0
18513 <... munmap resumed>)             = 0
18512 munmap(0x7f32becf7000, 16384 <unfinished ...>
18511 mmap(NULL, 16384, PROT_READ|PROT_WRITE, MAP_PRIVATE|MAP_ANONYMOUS|MAP_NORESERVE, -1, 0 <unfinished ...>
18514 mmap(NULL, 16384, PROT_READ|PROT_WRITE, MAP_PRIVATE|MAP_ANONYMOUS|MAP_NORESERVE, -1, 0 <unfinished ...>
18513 mmap(NULL, 16384, PROT_READ|PROT_WRITE, MAP_PRIVATE|MAP_ANONYMOUS|MAP_NORESERVE, -1, 0 <unfinished ...>
18512 <... munmap resumed>)             = 0
18511 <... mmap resumed>)               = 0x7f32c0efd000
18514 <... mmap resumed>)               = 0x7f32becfb000
18513 <... mmap resumed>)               = 0x7f32becf7000
18512 mmap(NULL, 16384, PROT_READ|PROT_WRITE, MAP_PRIVATE|MAP_ANONYMOUS|MAP_NORESERVE, -1, 0 <unfinished ...>
18511 munmap(0x7f32c0efd000, 16384 <unfinished ...>
18514 munmap(0x7f32becfb000, 16384 <unfinished ...>
18513 munmap(0x7f32becf7000, 16384 <unfinished ...>
18512 <... mmap resumed>)               = 0x7f32becf3000
18511 <... munmap resumed>)             = 0
18512 munmap(0x7f32becf3000, 16384 <unfinished ...>
18511 mmap(NULL, 16384, PROT_READ|PROT_WRITE, MAP_PRIVATE|MAP_ANONYMOUS|MAP_NORESERVE, -1, 0 <unfinished ...>
18514 <... munmap resumed>)             = 0
18513 <... munmap resumed>)             = 0
18513 mmap(NULL, 16384, PROT_READ|PROT_WRITE, MAP_PRIVATE|MAP_ANONYMOUS|MAP_NORESERVE, -1, 0 <unfinished ...>
18512 <... munmap resumed>)             = 0
18511 <... mmap resumed>)               = 0x7f32c0efd000
18514 mmap(NULL, 16384, PROT_READ|PROT_WRITE, MAP_PRIVATE|MAP_ANONYMOUS|MAP_NORESERVE, -1, 0 <unfinished ...>
18513 <... mmap resumed>)               = 0x7f32becfb000
18512 mmap(NULL, 16384, PROT_READ|PROT_WRITE, MAP_PRIVATE|MAP_ANONYMOUS|MAP_NORESERVE, -1, 0 <unfinished ...>
18511 munmap(0x7f32c0efd000, 16384 <unfinished ...>
18514 <... mmap resumed>)               = 0x7f32becf7000
18512 <... mmap resumed>)               = 0x7f32becf3000
18513 munmap(0x7f32becfb000, 16384 <unfinished ...>
18511 <... munmap resumed>)             = 0
18514 munmap(0x7f32becf7000, 16384 <unfinished ...>
18512 munmap(0x7f32becf3000, 16384 <unfinished ...>
18513 <... munmap resumed>)             = 0
18511 mmap(NULL, 16384, PROT_READ|PROT_WRITE, MAP_PRIVATE|MAP_ANONYMOUS|MAP_NORESERVE, -1, 0 <unfinished ...>
18513 mmap(NULL, 16384, PROT_READ|PROT_WRITE, MAP_PRIVATE|MAP_ANONYMOUS|MAP_NORESERVE, -1, 0 <unfinished ...>
18512 <... munmap resumed>)             = 0
18512 mmap(NULL, 16384, PROT_READ|PROT_WRITE, MAP_PRIVATE|MAP_ANONYMOUS|MAP_NORESERVE, -1, 0 <unfinished ...>
18514 <... munmap resumed>)             = 0
18513 <... mmap resumed>)               = 0x7f32becfb000
18512 <... mmap resumed>)               = 0x7f32becf7000
18511 <... mmap resumed>)               = 0x7f32c0efd000
18514 mmap(NULL, 16384, PROT_READ|PROT_WRITE, MAP_PRIVATE|MAP_ANONYMOUS|MAP_NORESERVE, -1, 0 <unfinished ...>
18512 munmap(0x7f32becf7000, 16384 <unfinished ...>
18511 munmap(0x7f32c0efd000, 16384 <unfinished ...>
18513 munmap(0x7f32becfb000, 16384 <unfinished ...>
18512 <... munmap resumed>)             = 0
18514 <... mmap resumed>)               = 0x7f32becf7000
18512 mmap(NULL, 16384, PROT_READ|PROT_WRITE, MAP_PRIVATE|MAP_ANONYMOUS|MAP_NORESERVE, -1, 0 <unfinished ...>
18511 <... munmap resumed>)             = 0
18513 <... munmap resumed>)             = 0
18514 munmap(0x7f32becf7000, 16384 <unfinished ...>
18513 mmap(NULL, 16384, PROT_READ|PROT_WRITE, MAP_PRIVATE|MAP_ANONYMOUS|MAP_NORESERVE, -1, 0 <unfinished ...>
18512 <... mmap resumed>)               = 0x7f32c0efd000
18511 mmap(NULL, 16384, PROT_READ|PROT_WRITE, MAP_PRIVATE|MAP_ANONYMOUS|MAP_NORESERVE, -1, 0 <unfinished ...>
18514 <... munmap resumed>)             = 0
18513 <... mmap resumed>)               = 0x7f32becfb000
18512 munmap(0x7f32c0efd000, 16384 <unfinished ...>
18511 <... mmap resumed>)               = 0x7f32becf7000
18514 mmap(NULL, 16384, PROT_READ|PROT_WRITE, MAP_PRIVATE|MAP_ANONYMOUS|MAP_NORESERVE, -1, 0) = 0x7f32becf3000
18513 munmap(0x7f32becfb000, 16384 <unfinished ...>
18514 munmap(0x7f32becf3000, 16384 <unfinished ...>
18513 <... munmap resumed>)             = 0
18512 <... munmap resumed>)             = 0
18511 munmap(0x7f32becf7000, 16384 <unfinished ...>
18514 <... munmap resumed>)             = 0
18513 mmap(NULL, 16384, PROT_READ|PROT_WRITE, MAP_PRIVATE|MAP_ANONYMOUS|MAP_NORESERVE, -1, 0 <unfinished ...>
18512 mmap(NULL, 16384, PROT_READ|PROT_WRITE, MAP_PRIVATE|MAP_ANONYMOUS|MAP_NORESERVE, -1, 0 <unfinished ...>
18511 <... munmap resumed>)             = 0
18513 <... mmap resumed>)               = 0x7f32c0efd000
18514 mmap(NULL, 16384, PROT_READ|PROT_WRITE, MAP_PRIVATE|MAP_ANONYMOUS|MAP_NORESERVE, -1, 0 <unfinished ...>
18512 <... mmap resumed>)               = 0x7f32becfb000
18511 mmap(NULL, 16384, PROT_READ|PROT_WRITE, MAP_PRIVATE|MAP_ANONYMOUS|MAP_NORESERVE, -1, 0 <unfinished ...>
18514 <... mmap resumed>)               = 0x7f32becf3000
18513 munmap(0x7f32c0efd000, 16384 <unfinished ...>
18512 munmap(0x7f32becfb000, 16384 <unfinished ...>
18511 <... mmap resumed>)               = 0x7f32becf7000
18514 munmap(0x7f32becf3000, 16384 <unfinished ...>
18513 <... munmap resumed>)             = 0
18512 <... munmap resumed>)             = 0
18514 <... munmap resumed>)             = 0
18511 munmap(0x7f32becf7000, 16384 <unfinished ...>
18513 futex(0x7ffc8e903204, FUTEX_WAIT_PRIVATE, 0, NULL <unfinished ...>
18512 futex(0x7ffc8e903204, FUTEX_WAIT_PRIVATE, 0, NULL <unfinished ...>
18514 futex(0x7ffc8e903204, FUTEX_WAIT_PRIVATE, 0, NULL <unfinished ...>
18511 <... munmap resumed>)             = 0
18511 futex(0x7ffc8e903204, FUTEX_WAKE_PRIVATE, 2147483647 <unfinished ...>
18510 <... futex resumed>)              = 0
18514 <... futex resumed>)              = 0
18513 <... futex resumed>)              = 0
18512 <... futex resumed>)              = 0
18511 <... futex resumed>)              = 4
18514 rt_sigprocmask(SIG_BLOCK, ~[RT_1],  <unfinished ...>
18513 rt_sigprocmask(SIG_BLOCK, ~[RT_1],  <unfinished ...>
18510 futex(0x7f32c0d02990, FUTEX_WAIT_BITSET|FUTEX_CLOCK_REALTIME, 18511, NULL, FUTEX_BITSET_MATCH_ANY <unfinished ...>
18514 <... rt_sigprocmask resumed>NULL, 8) = 0
18512 rt_sigprocmask(SIG_BLOCK, ~[RT_1],  <unfinished ...>
18511 rt_sigprocmask(SIG_BLOCK, ~[RT_1],  <unfinished ...>
18513 <... rt_sigprocmask resumed>NULL, 8) = 0
18512 <... rt_sigprocmask resumed>NULL, 8) = 0
18514 madvise(0x7f32becff000, 8368128, MADV_DONTNEED <unfinished ...>
18513 madvise(0x7f32bf500000, 8368128, MADV_DONTNEED <unfinished ...>
18512 madvise(0x7f32bfd01000, 8368128, MADV_DONTNEED <unfinished ...>
18511 <... rt_sigprocmask resumed>NULL, 8) = 0
18514 <... madvise resumed>)            = 0
18512 <... madvise resumed>)            = 0
18513 <... madvise resumed>)            = 0
18511 madvise(0x7f32c0502000, 8368128, MADV_DONTNEED <unfinished ...>
18514 exit(0 <unfinished ...>
18513 exit(0 <unfinished ...>
18511 <... madvise resumed>)            = 0
18514 <... exit resumed>)               = ?
18513 <... exit resumed>)               = ?
18512 exit(0 <unfinished ...>
18511 exit(0 <unfinished ...>
18512 <... exit resumed>)               = ?
18511 <... exit resumed>)               = ?
18510 <... futex resumed>)              = 0
18510 openat(AT_FDCWD, "/proc/self/statm", O_RDONLY) = 3
18510 fstat(3, {st_mode=S_IFREG|0444, st_size=0, ...}) = 0
18510 read(3, "8858 452 419 2 0 8281 0\n", 1024) = 24
18510 write(2, "mmbench: peak RSS ~1 MB\n", 24) = 24
18510 close(3)                          = 0
18510 uname({sysname="Linux", nodename="syzkaller", ...}) = 0
18510 uname({sysname="Linux", nodename="syzkaller", ...}) = 0
18510 fstat(1, {st_mode=S_IFCHR|0666, st_rdev=makedev(0x1, 0x3), ...}) = 0
18510 ioctl(1, TCGETS, 0x7ffc8e9027b0)  = -1 ENOTTY (Inappropriate ioctl for device)
18510 write(1, "{\"bench\":\"mmap-pf\",\"contention\":\"high\",\"threads\":4,\"ops\":1308,\"elapsed_s\":1.009,\"ops_per_us\":0.0"..., 191) = 191
18510 exit_group(0)                     = ?
