18956 execve("/root/m4t12/bin/mmbench_dyn", ["/root/m4t12/bin/mmbench_dyn", "mmap-pf", "high", "16", "1", "20262132"], 0x7ffc91c6e7a8 /* 32 vars */) = 0
18956 brk(NULL)                         = 0x5648a2c39000
18956 mmap(NULL, 8192, PROT_READ|PROT_WRITE, MAP_PRIVATE|MAP_ANONYMOUS, -1, 0) = 0x7fa2b4072000
18956 openat(AT_FDCWD, "/mnt/t5run5/corten_mode_hook.so", O_RDONLY|O_CLOEXEC) = 3
18956 read(3, "\177ELF\2\1\1\0\0\0\0\0\0\0\0\0\3\0>\0\1\0\0\0\0\0\0\0\0\0\0\0@\0\0\0\0\0\0\0H7\0\0\0\0\0\0\0\0\0\0@\08\0\t\0@\0\34\0\33\0\1\0\0\0\4\0\0\0\0\0\0\0\0\0\0\0\0\0\0\0\0\0\0\0\0\0\0\0\0\0\0\0"..., 832) = 832
18956 fstat(3, {st_mode=S_IFREG|0755, st_size=15944, ...}) = 0
18956 mmap(NULL, 16472, PROT_READ, MAP_PRIVATE|MAP_DENYWRITE, 3, 0) = 0x7fa2b406d000
18956 mmap(0x7fa2b406e000, 4096, PROT_READ|PROT_EXEC, MAP_PRIVATE|MAP_FIXED|MAP_DENYWRITE, 3, 0x1000) = 0x7fa2b406e000
18956 mmap(0x7fa2b406f000, 4096, PROT_READ, MAP_PRIVATE|MAP_FIXED|MAP_DENYWRITE, 3, 0x2000) = 0x7fa2b406f000
18956 mmap(0x7fa2b4070000, 8192, PROT_READ|PROT_WRITE, MAP_PRIVATE|MAP_FIXED|MAP_DENYWRITE, 3, 0x2000) = 0x7fa2b4070000
18956 close(3)                          = 0
18956 access("/etc/ld.so.preload", R_OK) = -1 ENOENT (No such file or directory)
18956 openat(AT_FDCWD, "/etc/ld.so.cache", O_RDONLY|O_CLOEXEC) = 3
18956 fstat(3, {st_mode=S_IFREG|0644, st_size=27983, ...}) = 0
18956 mmap(NULL, 27983, PROT_READ, MAP_PRIVATE, 3, 0) = 0x7fa2b4066000
18956 close(3)                          = 0
18956 openat(AT_FDCWD, "/lib/x86_64-linux-gnu/libc.so.6", O_RDONLY|O_CLOEXEC) = 3
18956 read(3, "\177ELF\2\1\1\3\0\0\0\0\0\0\0\0\3\0>\0\1\0\0\0p\236\2\0\0\0\0\0@\0\0\0\0\0\0\0\220b\36\0\0\0\0\0\0\0\0\0@\08\0\17\0@\0=\0<\0\6\0\0\0\4\0\0\0@\0\0\0\0\0\0\0@\0\0\0\0\0\0\0@\0\0\0\0\0\0\0"..., 832) = 832
18956 pread64(3, "\6\0\0\0\4\0\0\0@\0\0\0\0\0\0\0@\0\0\0\0\0\0\0@\0\0\0\0\0\0\0H\3\0\0\0\0\0\0H\3\0\0\0\0\0\0\10\0\0\0\0\0\0\0\3\0\0\0\4\0\0\0\240\1\36\0\0\0\0\0\240\1\36\0\0\0\0\0\240\1\36\0\0\0\0\0\34\0\0\0\0\0\0\0"..., 840, 64) = 840
18956 fstat(3, {st_mode=S_IFREG|0755, st_size=1995216, ...}) = 0
18956 pread64(3, "\6\0\0\0\4\0\0\0@\0\0\0\0\0\0\0@\0\0\0\0\0\0\0@\0\0\0\0\0\0\0H\3\0\0\0\0\0\0H\3\0\0\0\0\0\0\10\0\0\0\0\0\0\0\3\0\0\0\4\0\0\0\240\1\36\0\0\0\0\0\240\1\36\0\0\0\0\0\240\1\36\0\0\0\0\0\34\0\0\0\0\0\0\0"..., 840, 64) = 840
18956 mmap(NULL, 2047568, PROT_READ, MAP_PRIVATE|MAP_DENYWRITE, 3, 0) = 0x7fa2b3e72000
18956 mmap(0x7fa2b3e9a000, 1454080, PROT_READ|PROT_EXEC, MAP_PRIVATE|MAP_FIXED|MAP_DENYWRITE, 3, 0x28000) = 0x7fa2b3e9a000
18956 mmap(0x7fa2b3ffd000, 352256, PROT_READ, MAP_PRIVATE|MAP_FIXED|MAP_DENYWRITE, 3, 0x18b000) = 0x7fa2b3ffd000
18956 mmap(0x7fa2b4053000, 24576, PROT_READ|PROT_WRITE, MAP_PRIVATE|MAP_FIXED|MAP_DENYWRITE, 3, 0x1e0000) = 0x7fa2b4053000
18956 mmap(0x7fa2b4059000, 52816, PROT_READ|PROT_WRITE, MAP_PRIVATE|MAP_FIXED|MAP_ANONYMOUS, -1, 0) = 0x7fa2b4059000
18956 close(3)                          = 0
18956 mmap(NULL, 12288, PROT_READ|PROT_WRITE, MAP_PRIVATE|MAP_ANONYMOUS, -1, 0) = 0x7fa2b3e6f000
18956 arch_prctl(ARCH_SET_FS, 0x7fa2b3e6f740) = 0
18956 set_tid_address(0x7fa2b3e6fa10)   = 18956
18956 set_robust_list(0x7fa2b3e6fa20, 24) = 0
18956 rseq(0x7fa2b3e6f680, 0x20, 0, 0x53053053) = 0
18956 mprotect(0x7fa2b4053000, 16384, PROT_READ) = 0
18956 mprotect(0x7fa2b4070000, 4096, PROT_READ) = 0
18956 mprotect(0x56487535c000, 4096, PROT_READ) = 0
18956 mprotect(0x7fa2b40c4000, 8192, PROT_READ) = 0
18956 prlimit64(0, RLIMIT_STACK, NULL, {rlim_cur=8192*1024, rlim_max=RLIM64_INFINITY}) = 0
18956 munmap(0x7fa2b4066000, 27983)     = 0
18956 prctl(0x50 /* PR_??? */, 0x1, 0, 0, 0) = 0
18956 prctl(0x50 /* PR_??? */, 0x3, 0, 0, 0) = 1
18956 getpid()                          = 18956
18956 write(2, "corten_mode_hook: MODE on (pid 18956)\n", 38) = 38
18956 prlimit64(0, RLIMIT_AS, NULL, {rlim_cur=RLIM64_INFINITY, rlim_max=RLIM64_INFINITY}) = 0
18956 getrandom("\x9c\x0e\xd4\x35\xe2\x2a\xa4\x5a", 8, GRND_NONBLOCK) = 8
18956 brk(NULL)                         = 0x5648a2c39000
18956 brk(0x5648a2c5a000)               = 0x5648a2c5a000
18956 rt_sigaction(SIGRT_1, {sa_handler=0x7fa2b3f024b0, sa_mask=[], sa_flags=SA_RESTORER|SA_ONSTACK|SA_RESTART|SA_SIGINFO, sa_restorer=0x7fa2b3eb1df0}, NULL, 8) = 0
18956 rt_sigprocmask(SIG_UNBLOCK, [RTMIN RT_1], NULL, 8) = 0
18956 mmap(NULL, 8392704, PROT_NONE, MAP_PRIVATE|MAP_ANONYMOUS|MAP_STACK, -1, 0) = 0x7fa2b366e000
18956 mprotect(0x7fa2b366f000, 8388608, PROT_READ|PROT_WRITE) = 0
18956 rt_sigprocmask(SIG_BLOCK, ~[], [], 8) = 0
18956 clone3({flags=CLONE_VM|CLONE_FS|CLONE_FILES|CLONE_SIGHAND|CLONE_THREAD|CLONE_SYSVSEM|CLONE_SETTLS|CLONE_PARENT_SETTID|CLONE_CHILD_CLEARTID, child_tid=0x7fa2b3e6e990, parent_tid=0x7fa2b3e6e990, exit_signal=0, stack=0x7fa2b366e000, stack_size=0x7fff80, tls=0x7fa2b3e6e6c0} => {parent_tid=[18957]}, 88) = 18957
18957 rseq(0x7fa2b3e6e600, 0x20, 0, 0x53053053 <unfinished ...>
18956 rt_sigprocmask(SIG_SETMASK, [],  <unfinished ...>
18957 <... rseq resumed>)               = 0
18956 <... rt_sigprocmask resumed>NULL, 8) = 0
18956 mmap(NULL, 8392704, PROT_NONE, MAP_PRIVATE|MAP_ANONYMOUS|MAP_STACK, -1, 0 <unfinished ...>
18957 set_robust_list(0x7fa2b3e6e9a0, 24 <unfinished ...>
18956 <... mmap resumed>)               = 0x7fa2b2e6d000
18957 <... set_robust_list resumed>)    = 0
18956 mprotect(0x7fa2b2e6e000, 8388608, PROT_READ|PROT_WRITE <unfinished ...>
18957 rt_sigprocmask(SIG_SETMASK, [],  <unfinished ...>
18956 <... mprotect resumed>)           = 0
18957 <... rt_sigprocmask resumed>NULL, 8) = 0
18956 rt_sigprocmask(SIG_BLOCK, ~[],  <unfinished ...>
18957 futex(0x7ffc4c92d924, FUTEX_WAIT_PRIVATE, 0, NULL <unfinished ...>
18956 <... rt_sigprocmask resumed>[], 8) = 0
18956 clone3({flags=CLONE_VM|CLONE_FS|CLONE_FILES|CLONE_SIGHAND|CLONE_THREAD|CLONE_SYSVSEM|CLONE_SETTLS|CLONE_PARENT_SETTID|CLONE_CHILD_CLEARTID, child_tid=0x7fa2b366d990, parent_tid=0x7fa2b366d990, exit_signal=0, stack=0x7fa2b2e6d000, stack_size=0x7fff80, tls=0x7fa2b366d6c0} => {parent_tid=[18958]}, 88) = 18958
18958 rseq(0x7fa2b366d600, 0x20, 0, 0x53053053 <unfinished ...>
18956 rt_sigprocmask(SIG_SETMASK, [],  <unfinished ...>
18958 <... rseq resumed>)               = 0
18956 <... rt_sigprocmask resumed>NULL, 8) = 0
18956 mmap(NULL, 8392704, PROT_NONE, MAP_PRIVATE|MAP_ANONYMOUS|MAP_STACK, -1, 0) = 0x7fa2b266c000
18958 set_robust_list(0x7fa2b366d9a0, 24 <unfinished ...>
18956 mprotect(0x7fa2b266d000, 8388608, PROT_READ|PROT_WRITE <unfinished ...>
18958 <... set_robust_list resumed>)    = 0
18956 <... mprotect resumed>)           = 0
18956 rt_sigprocmask(SIG_BLOCK, ~[],  <unfinished ...>
18958 rt_sigprocmask(SIG_SETMASK, [],  <unfinished ...>
18956 <... rt_sigprocmask resumed>[], 8) = 0
18956 clone3({flags=CLONE_VM|CLONE_FS|CLONE_FILES|CLONE_SIGHAND|CLONE_THREAD|CLONE_SYSVSEM|CLONE_SETTLS|CLONE_PARENT_SETTID|CLONE_CHILD_CLEARTID, child_tid=0x7fa2b2e6c990, parent_tid=0x7fa2b2e6c990, exit_signal=0, stack=0x7fa2b266c000, stack_size=0x7fff80, tls=0x7fa2b2e6c6c0} <unfinished ...>
18958 <... rt_sigprocmask resumed>NULL, 8) = 0
18958 futex(0x7ffc4c92d924, FUTEX_WAIT_PRIVATE, 0, NULL <unfinished ...>
18956 <... clone3 resumed> => {parent_tid=[18961]}, 88) = 18961
18956 rt_sigprocmask(SIG_SETMASK, [],  <unfinished ...>
18961 rseq(0x7fa2b2e6c600, 0x20, 0, 0x53053053 <unfinished ...>
18956 <... rt_sigprocmask resumed>NULL, 8) = 0
18961 <... rseq resumed>)               = 0
18956 mmap(NULL, 8392704, PROT_NONE, MAP_PRIVATE|MAP_ANONYMOUS|MAP_STACK, -1, 0 <unfinished ...>
18961 set_robust_list(0x7fa2b2e6c9a0, 24 <unfinished ...>
18956 <... mmap resumed>)               = 0x7fa2b1e6b000
18961 <... set_robust_list resumed>)    = 0
18956 mprotect(0x7fa2b1e6c000, 8388608, PROT_READ|PROT_WRITE <unfinished ...>
18961 rt_sigprocmask(SIG_SETMASK, [],  <unfinished ...>
18956 <... mprotect resumed>)           = 0
18961 <... rt_sigprocmask resumed>NULL, 8) = 0
18956 rt_sigprocmask(SIG_BLOCK, ~[],  <unfinished ...>
18961 futex(0x7ffc4c92d924, FUTEX_WAIT_PRIVATE, 0, NULL <unfinished ...>
18956 <... rt_sigprocmask resumed>[], 8) = 0
18956 clone3({flags=CLONE_VM|CLONE_FS|CLONE_FILES|CLONE_SIGHAND|CLONE_THREAD|CLONE_SYSVSEM|CLONE_SETTLS|CLONE_PARENT_SETTID|CLONE_CHILD_CLEARTID, child_tid=0x7fa2b266b990, parent_tid=0x7fa2b266b990, exit_signal=0, stack=0x7fa2b1e6b000, stack_size=0x7fff80, tls=0x7fa2b266b6c0} => {parent_tid=[18962]}, 88) = 18962
18956 rt_sigprocmask(SIG_SETMASK, [],  <unfinished ...>
18962 rseq(0x7fa2b266b600, 0x20, 0, 0x53053053 <unfinished ...>
18956 <... rt_sigprocmask resumed>NULL, 8) = 0
18962 <... rseq resumed>)               = 0
18956 mmap(NULL, 8392704, PROT_NONE, MAP_PRIVATE|MAP_ANONYMOUS|MAP_STACK, -1, 0 <unfinished ...>
18962 set_robust_list(0x7fa2b266b9a0, 24 <unfinished ...>
18956 <... mmap resumed>)               = 0x7fa2b166a000
18962 <... set_robust_list resumed>)    = 0
18956 mprotect(0x7fa2b166b000, 8388608, PROT_READ|PROT_WRITE <unfinished ...>
18962 rt_sigprocmask(SIG_SETMASK, [],  <unfinished ...>
18956 <... mprotect resumed>)           = 0
18962 <... rt_sigprocmask resumed>NULL, 8) = 0
18956 rt_sigprocmask(SIG_BLOCK, ~[],  <unfinished ...>
18962 futex(0x7ffc4c92d924, FUTEX_WAIT_PRIVATE, 0, NULL <unfinished ...>
18956 <... rt_sigprocmask resumed>[], 8) = 0
18956 clone3({flags=CLONE_VM|CLONE_FS|CLONE_FILES|CLONE_SIGHAND|CLONE_THREAD|CLONE_SYSVSEM|CLONE_SETTLS|CLONE_PARENT_SETTID|CLONE_CHILD_CLEARTID, child_tid=0x7fa2b1e6a990, parent_tid=0x7fa2b1e6a990, exit_signal=0, stack=0x7fa2b166a000, stack_size=0x7fff80, tls=0x7fa2b1e6a6c0} => {parent_tid=[18963]}, 88) = 18963
18963 rseq(0x7fa2b1e6a600, 0x20, 0, 0x53053053 <unfinished ...>
18956 rt_sigprocmask(SIG_SETMASK, [],  <unfinished ...>
18963 <... rseq resumed>)               = 0
18956 <... rt_sigprocmask resumed>NULL, 8) = 0
18963 set_robust_list(0x7fa2b1e6a9a0, 24 <unfinished ...>
18956 mmap(NULL, 8392704, PROT_NONE, MAP_PRIVATE|MAP_ANONYMOUS|MAP_STACK, -1, 0 <unfinished ...>
18963 <... set_robust_list resumed>)    = 0
18956 <... mmap resumed>)               = 0x7fa2b0e69000
18963 rt_sigprocmask(SIG_SETMASK, [],  <unfinished ...>
18956 mprotect(0x7fa2b0e6a000, 8388608, PROT_READ|PROT_WRITE) = 0
18963 <... rt_sigprocmask resumed>NULL, 8) = 0
18956 rt_sigprocmask(SIG_BLOCK, ~[],  <unfinished ...>
18963 futex(0x7ffc4c92d924, FUTEX_WAIT_PRIVATE, 0, NULL <unfinished ...>
18956 <... rt_sigprocmask resumed>[], 8) = 0
18956 clone3({flags=CLONE_VM|CLONE_FS|CLONE_FILES|CLONE_SIGHAND|CLONE_THREAD|CLONE_SYSVSEM|CLONE_SETTLS|CLONE_PARENT_SETTID|CLONE_CHILD_CLEARTID, child_tid=0x7fa2b1669990, parent_tid=0x7fa2b1669990, exit_signal=0, stack=0x7fa2b0e69000, stack_size=0x7fff80, tls=0x7fa2b16696c0} => {parent_tid=[18964]}, 88) = 18964
18956 rt_sigprocmask(SIG_SETMASK, [], NULL, 8) = 0
18964 rseq(0x7fa2b1669600, 0x20, 0, 0x53053053 <unfinished ...>
18956 mmap(NULL, 8392704, PROT_NONE, MAP_PRIVATE|MAP_ANONYMOUS|MAP_STACK, -1, 0 <unfinished ...>
18964 <... rseq resumed>)               = 0
18956 <... mmap resumed>)               = 0x7fa2b0668000
18964 set_robust_list(0x7fa2b16699a0, 24 <unfinished ...>
18956 mprotect(0x7fa2b0669000, 8388608, PROT_READ|PROT_WRITE <unfinished ...>
18964 <... set_robust_list resumed>)    = 0
18956 <... mprotect resumed>)           = 0
18964 rt_sigprocmask(SIG_SETMASK, [],  <unfinished ...>
18956 rt_sigprocmask(SIG_BLOCK, ~[],  <unfinished ...>
18964 <... rt_sigprocmask resumed>NULL, 8) = 0
18956 <... rt_sigprocmask resumed>[], 8) = 0
18956 clone3({flags=CLONE_VM|CLONE_FS|CLONE_FILES|CLONE_SIGHAND|CLONE_THREAD|CLONE_SYSVSEM|CLONE_SETTLS|CLONE_PARENT_SETTID|CLONE_CHILD_CLEARTID, child_tid=0x7fa2b0e68990, parent_tid=0x7fa2b0e68990, exit_signal=0, stack=0x7fa2b0668000, stack_size=0x7fff80, tls=0x7fa2b0e686c0} <unfinished ...>
18964 futex(0x7ffc4c92d924, FUTEX_WAIT_PRIVATE, 0, NULL <unfinished ...>
18956 <... clone3 resumed> => {parent_tid=[18965]}, 88) = 18965
18965 rseq(0x7fa2b0e68600, 0x20, 0, 0x53053053 <unfinished ...>
18956 rt_sigprocmask(SIG_SETMASK, [], NULL, 8) = 0
18965 <... rseq resumed>)               = 0
18956 mmap(NULL, 8392704, PROT_NONE, MAP_PRIVATE|MAP_ANONYMOUS|MAP_STACK, -1, 0) = 0x7fa2afe67000
18965 set_robust_list(0x7fa2b0e689a0, 24) = 0
18956 mprotect(0x7fa2afe68000, 8388608, PROT_READ|PROT_WRITE <unfinished ...>
18965 rt_sigprocmask(SIG_SETMASK, [],  <unfinished ...>
18956 <... mprotect resumed>)           = 0
18965 <... rt_sigprocmask resumed>NULL, 8) = 0
18956 rt_sigprocmask(SIG_BLOCK, ~[],  <unfinished ...>
18965 futex(0x7ffc4c92d924, FUTEX_WAIT_PRIVATE, 0, NULL <unfinished ...>
18956 <... rt_sigprocmask resumed>[], 8) = 0
18956 clone3({flags=CLONE_VM|CLONE_FS|CLONE_FILES|CLONE_SIGHAND|CLONE_THREAD|CLONE_SYSVSEM|CLONE_SETTLS|CLONE_PARENT_SETTID|CLONE_CHILD_CLEARTID, child_tid=0x7fa2b0667990, parent_tid=0x7fa2b0667990, exit_signal=0, stack=0x7fa2afe67000, stack_size=0x7fff80, tls=0x7fa2b06676c0} => {parent_tid=[18966]}, 88) = 18966
18966 rseq(0x7fa2b0667600, 0x20, 0, 0x53053053) = 0
18956 rt_sigprocmask(SIG_SETMASK, [],  <unfinished ...>
18966 set_robust_list(0x7fa2b06679a0, 24 <unfinished ...>
18956 <... rt_sigprocmask resumed>NULL, 8) = 0
18956 mmap(NULL, 8392704, PROT_NONE, MAP_PRIVATE|MAP_ANONYMOUS|MAP_STACK, -1, 0 <unfinished ...>
18966 <... set_robust_list resumed>)    = 0
18956 <... mmap resumed>)               = 0x7fa2af666000
18966 rt_sigprocmask(SIG_SETMASK, [],  <unfinished ...>
18956 mprotect(0x7fa2af667000, 8388608, PROT_READ|PROT_WRITE <unfinished ...>
18966 <... rt_sigprocmask resumed>NULL, 8) = 0
18956 <... mprotect resumed>)           = 0
18966 futex(0x7ffc4c92d924, FUTEX_WAIT_PRIVATE, 0, NULL <unfinished ...>
18956 rt_sigprocmask(SIG_BLOCK, ~[], [], 8) = 0
18956 clone3({flags=CLONE_VM|CLONE_FS|CLONE_FILES|CLONE_SIGHAND|CLONE_THREAD|CLONE_SYSVSEM|CLONE_SETTLS|CLONE_PARENT_SETTID|CLONE_CHILD_CLEARTID, child_tid=0x7fa2afe66990, parent_tid=0x7fa2afe66990, exit_signal=0, stack=0x7fa2af666000, stack_size=0x7fff80, tls=0x7fa2afe666c0} => {parent_tid=[18967]}, 88) = 18967
18967 rseq(0x7fa2afe66600, 0x20, 0, 0x53053053 <unfinished ...>
18956 rt_sigprocmask(SIG_SETMASK, [],  <unfinished ...>
18967 <... rseq resumed>)               = 0
18956 <... rt_sigprocmask resumed>NULL, 8) = 0
18967 set_robust_list(0x7fa2afe669a0, 24 <unfinished ...>
18956 mmap(NULL, 8392704, PROT_NONE, MAP_PRIVATE|MAP_ANONYMOUS|MAP_STACK, -1, 0 <unfinished ...>
18967 <... set_robust_list resumed>)    = 0
18956 <... mmap resumed>)               = 0x7fa2aee65000
18967 rt_sigprocmask(SIG_SETMASK, [],  <unfinished ...>
18956 mprotect(0x7fa2aee66000, 8388608, PROT_READ|PROT_WRITE <unfinished ...>
18967 <... rt_sigprocmask resumed>NULL, 8) = 0
18956 <... mprotect resumed>)           = 0
18967 futex(0x7ffc4c92d924, FUTEX_WAIT_PRIVATE, 0, NULL <unfinished ...>
18956 rt_sigprocmask(SIG_BLOCK, ~[], [], 8) = 0
18956 clone3({flags=CLONE_VM|CLONE_FS|CLONE_FILES|CLONE_SIGHAND|CLONE_THREAD|CLONE_SYSVSEM|CLONE_SETTLS|CLONE_PARENT_SETTID|CLONE_CHILD_CLEARTID, child_tid=0x7fa2af665990, parent_tid=0x7fa2af665990, exit_signal=0, stack=0x7fa2aee65000, stack_size=0x7fff80, tls=0x7fa2af6656c0} <unfinished ...>
18968 rseq(0x7fa2af665600, 0x20, 0, 0x53053053 <unfinished ...>
18956 <... clone3 resumed> => {parent_tid=[18968]}, 88) = 18968
18956 rt_sigprocmask(SIG_SETMASK, [],  <unfinished ...>
18968 <... rseq resumed>)               = 0
18956 <... rt_sigprocmask resumed>NULL, 8) = 0
18968 set_robust_list(0x7fa2af6659a0, 24 <unfinished ...>
18956 mmap(NULL, 8392704, PROT_NONE, MAP_PRIVATE|MAP_ANONYMOUS|MAP_STACK, -1, 0) = 0x7fa2ae664000
18968 <... set_robust_list resumed>)    = 0
18956 mprotect(0x7fa2ae665000, 8388608, PROT_READ|PROT_WRITE <unfinished ...>
18968 rt_sigprocmask(SIG_SETMASK, [], NULL, 8) = 0
18956 <... mprotect resumed>)           = 0
18968 futex(0x7ffc4c92d924, FUTEX_WAIT_PRIVATE, 0, NULL <unfinished ...>
18956 rt_sigprocmask(SIG_BLOCK, ~[], [], 8) = 0
18956 clone3({flags=CLONE_VM|CLONE_FS|CLONE_FILES|CLONE_SIGHAND|CLONE_THREAD|CLONE_SYSVSEM|CLONE_SETTLS|CLONE_PARENT_SETTID|CLONE_CHILD_CLEARTID, child_tid=0x7fa2aee64990, parent_tid=0x7fa2aee64990, exit_signal=0, stack=0x7fa2ae664000, stack_size=0x7fff80, tls=0x7fa2aee646c0} => {parent_tid=[18969]}, 88) = 18969
18956 rt_sigprocmask(SIG_SETMASK, [],  <unfinished ...>
18969 rseq(0x7fa2aee64600, 0x20, 0, 0x53053053 <unfinished ...>
18956 <... rt_sigprocmask resumed>NULL, 8) = 0
18956 mmap(NULL, 8392704, PROT_NONE, MAP_PRIVATE|MAP_ANONYMOUS|MAP_STACK, -1, 0 <unfinished ...>
18969 <... rseq resumed>)               = 0
18956 <... mmap resumed>)               = 0x7fa2ade63000
18969 set_robust_list(0x7fa2aee649a0, 24 <unfinished ...>
18956 mprotect(0x7fa2ade64000, 8388608, PROT_READ|PROT_WRITE <unfinished ...>
18969 <... set_robust_list resumed>)    = 0
18956 <... mprotect resumed>)           = 0
18969 rt_sigprocmask(SIG_SETMASK, [],  <unfinished ...>
18956 rt_sigprocmask(SIG_BLOCK, ~[],  <unfinished ...>
18969 <... rt_sigprocmask resumed>NULL, 8) = 0
18956 <... rt_sigprocmask resumed>[], 8) = 0
18969 futex(0x7ffc4c92d924, FUTEX_WAIT_PRIVATE, 0, NULL <unfinished ...>
18956 clone3({flags=CLONE_VM|CLONE_FS|CLONE_FILES|CLONE_SIGHAND|CLONE_THREAD|CLONE_SYSVSEM|CLONE_SETTLS|CLONE_PARENT_SETTID|CLONE_CHILD_CLEARTID, child_tid=0x7fa2ae663990, parent_tid=0x7fa2ae663990, exit_signal=0, stack=0x7fa2ade63000, stack_size=0x7fff80, tls=0x7fa2ae6636c0} => {parent_tid=[18970]}, 88) = 18970
18970 rseq(0x7fa2ae663600, 0x20, 0, 0x53053053 <unfinished ...>
18956 rt_sigprocmask(SIG_SETMASK, [],  <unfinished ...>
18970 <... rseq resumed>)               = 0
18956 <... rt_sigprocmask resumed>NULL, 8) = 0
18970 set_robust_list(0x7fa2ae6639a0, 24 <unfinished ...>
18956 mmap(NULL, 8392704, PROT_NONE, MAP_PRIVATE|MAP_ANONYMOUS|MAP_STACK, -1, 0 <unfinished ...>
18970 <... set_robust_list resumed>)    = 0
18956 <... mmap resumed>)               = 0x7fa2ad662000
18970 rt_sigprocmask(SIG_SETMASK, [],  <unfinished ...>
18956 mprotect(0x7fa2ad663000, 8388608, PROT_READ|PROT_WRITE <unfinished ...>
18970 <... rt_sigprocmask resumed>NULL, 8) = 0
18956 <... mprotect resumed>)           = 0
18970 futex(0x7ffc4c92d924, FUTEX_WAIT_PRIVATE, 0, NULL <unfinished ...>
18956 rt_sigprocmask(SIG_BLOCK, ~[], [], 8) = 0
18956 clone3({flags=CLONE_VM|CLONE_FS|CLONE_FILES|CLONE_SIGHAND|CLONE_THREAD|CLONE_SYSVSEM|CLONE_SETTLS|CLONE_PARENT_SETTID|CLONE_CHILD_CLEARTID, child_tid=0x7fa2ade62990, parent_tid=0x7fa2ade62990, exit_signal=0, stack=0x7fa2ad662000, stack_size=0x7fff80, tls=0x7fa2ade626c0} => {parent_tid=[18971]}, 88) = 18971
18971 rseq(0x7fa2ade62600, 0x20, 0, 0x53053053 <unfinished ...>
18956 rt_sigprocmask(SIG_SETMASK, [],  <unfinished ...>
18971 <... rseq resumed>)               = 0
18956 <... rt_sigprocmask resumed>NULL, 8) = 0
18956 mmap(NULL, 8392704, PROT_NONE, MAP_PRIVATE|MAP_ANONYMOUS|MAP_STACK, -1, 0 <unfinished ...>
18971 set_robust_list(0x7fa2ade629a0, 24 <unfinished ...>
18956 <... mmap resumed>)               = 0x7fa2ace61000
18956 mprotect(0x7fa2ace62000, 8388608, PROT_READ|PROT_WRITE <unfinished ...>
18971 <... set_robust_list resumed>)    = 0
18956 <... mprotect resumed>)           = 0
18956 rt_sigprocmask(SIG_BLOCK, ~[],  <unfinished ...>
18971 rt_sigprocmask(SIG_SETMASK, [],  <unfinished ...>
18956 <... rt_sigprocmask resumed>[], 8) = 0
18971 <... rt_sigprocmask resumed>NULL, 8) = 0
18956 clone3({flags=CLONE_VM|CLONE_FS|CLONE_FILES|CLONE_SIGHAND|CLONE_THREAD|CLONE_SYSVSEM|CLONE_SETTLS|CLONE_PARENT_SETTID|CLONE_CHILD_CLEARTID, child_tid=0x7fa2ad661990, parent_tid=0x7fa2ad661990, exit_signal=0, stack=0x7fa2ace61000, stack_size=0x7fff80, tls=0x7fa2ad6616c0} <unfinished ...>
18971 futex(0x7ffc4c92d924, FUTEX_WAIT_PRIVATE, 0, NULL <unfinished ...>
18956 <... clone3 resumed> => {parent_tid=[18972]}, 88) = 18972
18956 rt_sigprocmask(SIG_SETMASK, [],  <unfinished ...>
18972 rseq(0x7fa2ad661600, 0x20, 0, 0x53053053 <unfinished ...>
18956 <... rt_sigprocmask resumed>NULL, 8) = 0
18972 <... rseq resumed>)               = 0
18956 mmap(NULL, 8392704, PROT_NONE, MAP_PRIVATE|MAP_ANONYMOUS|MAP_STACK, -1, 0 <unfinished ...>
18972 set_robust_list(0x7fa2ad6619a0, 24 <unfinished ...>
18956 <... mmap resumed>)               = 0x7fa2ac660000
18972 <... set_robust_list resumed>)    = 0
18956 mprotect(0x7fa2ac661000, 8388608, PROT_READ|PROT_WRITE <unfinished ...>
18972 rt_sigprocmask(SIG_SETMASK, [],  <unfinished ...>
18956 <... mprotect resumed>)           = 0
18972 <... rt_sigprocmask resumed>NULL, 8) = 0
18956 rt_sigprocmask(SIG_BLOCK, ~[],  <unfinished ...>
18972 futex(0x7ffc4c92d924, FUTEX_WAIT_PRIVATE, 0, NULL <unfinished ...>
18956 <... rt_sigprocmask resumed>[], 8) = 0
18956 clone3({flags=CLONE_VM|CLONE_FS|CLONE_FILES|CLONE_SIGHAND|CLONE_THREAD|CLONE_SYSVSEM|CLONE_SETTLS|CLONE_PARENT_SETTID|CLONE_CHILD_CLEARTID, child_tid=0x7fa2ace60990, parent_tid=0x7fa2ace60990, exit_signal=0, stack=0x7fa2ac660000, stack_size=0x7fff80, tls=0x7fa2ace606c0} => {parent_tid=[18973]}, 88) = 18973
18973 rseq(0x7fa2ace60600, 0x20, 0, 0x53053053 <unfinished ...>
18956 rt_sigprocmask(SIG_SETMASK, [],  <unfinished ...>
18973 <... rseq resumed>)               = 0
18956 <... rt_sigprocmask resumed>NULL, 8) = 0
18973 set_robust_list(0x7fa2ace609a0, 24 <unfinished ...>
18956 mmap(NULL, 8392704, PROT_NONE, MAP_PRIVATE|MAP_ANONYMOUS|MAP_STACK, -1, 0 <unfinished ...>
18973 <... set_robust_list resumed>)    = 0
18956 <... mmap resumed>)               = 0x7fa2abe5f000
18973 rt_sigprocmask(SIG_SETMASK, [],  <unfinished ...>
18956 mprotect(0x7fa2abe60000, 8388608, PROT_READ|PROT_WRITE <unfinished ...>
18973 <... rt_sigprocmask resumed>NULL, 8) = 0
18956 <... mprotect resumed>)           = 0
18956 rt_sigprocmask(SIG_BLOCK, ~[],  <unfinished ...>
18973 futex(0x7ffc4c92d924, FUTEX_WAIT_PRIVATE, 0, NULL <unfinished ...>
18956 <... rt_sigprocmask resumed>[], 8) = 0
18956 clone3({flags=CLONE_VM|CLONE_FS|CLONE_FILES|CLONE_SIGHAND|CLONE_THREAD|CLONE_SYSVSEM|CLONE_SETTLS|CLONE_PARENT_SETTID|CLONE_CHILD_CLEARTID, child_tid=0x7fa2ac65f990, parent_tid=0x7fa2ac65f990, exit_signal=0, stack=0x7fa2abe5f000, stack_size=0x7fff80, tls=0x7fa2ac65f6c0} => {parent_tid=[18974]}, 88) = 18974
18974 rseq(0x7fa2ac65f600, 0x20, 0, 0x53053053 <unfinished ...>
18956 rt_sigprocmask(SIG_SETMASK, [], NULL, 8) = 0
18974 <... rseq resumed>)               = 0
18956 futex(0x7ffc4c92d924, FUTEX_WAIT_PRIVATE, 0, NULL <unfinished ...>
18974 set_robust_list(0x7fa2ac65f9a0, 24) = 0
18974 rt_sigprocmask(SIG_SETMASK, [], NULL, 8) = 0
18974 futex(0x7ffc4c92d924, FUTEX_WAKE_PRIVATE, 2147483647 <unfinished ...>
18965 <... futex resumed>)              = 0
18964 <... futex resumed>)              = 0
18962 <... futex resumed>)              = 0
18961 <... futex resumed>)              = 0
18958 <... futex resumed>)              = 0
18957 <... futex resumed>)              = 0
18974 <... futex resumed>)              = 16
18973 <... futex resumed>)              = 0
18972 <... futex resumed>)              = 0
18971 <... futex resumed>)              = 0
18970 <... futex resumed>)              = 0
18969 <... futex resumed>)              = 0
18968 <... futex resumed>)              = 0
18967 <... futex resumed>)              = 0
18966 <... futex resumed>)              = 0
18965 mmap(NULL, 16384, PROT_READ|PROT_WRITE, MAP_PRIVATE|MAP_ANONYMOUS|MAP_NORESERVE, -1, 0 <unfinished ...>
18964 mmap(NULL, 16384, PROT_READ|PROT_WRITE, MAP_PRIVATE|MAP_ANONYMOUS|MAP_NORESERVE, -1, 0 <unfinished ...>
18963 <... futex resumed>)              = 0
18962 mmap(NULL, 16384, PROT_READ|PROT_WRITE, MAP_PRIVATE|MAP_ANONYMOUS|MAP_NORESERVE, -1, 0 <unfinished ...>
18961 mmap(NULL, 16384, PROT_READ|PROT_WRITE, MAP_PRIVATE|MAP_ANONYMOUS|MAP_NORESERVE, -1, 0 <unfinished ...>
18956 <... futex resumed>)              = 0
18974 mmap(NULL, 16384, PROT_READ|PROT_WRITE, MAP_PRIVATE|MAP_ANONYMOUS|MAP_NORESERVE, -1, 0 <unfinished ...>
18973 mmap(NULL, 16384, PROT_READ|PROT_WRITE, MAP_PRIVATE|MAP_ANONYMOUS|MAP_NORESERVE, -1, 0 <unfinished ...>
18972 mmap(NULL, 16384, PROT_READ|PROT_WRITE, MAP_PRIVATE|MAP_ANONYMOUS|MAP_NORESERVE, -1, 0 <unfinished ...>
18971 mmap(NULL, 16384, PROT_READ|PROT_WRITE, MAP_PRIVATE|MAP_ANONYMOUS|MAP_NORESERVE, -1, 0 <unfinished ...>
18970 mmap(NULL, 16384, PROT_READ|PROT_WRITE, MAP_PRIVATE|MAP_ANONYMOUS|MAP_NORESERVE, -1, 0 <unfinished ...>
18969 mmap(NULL, 16384, PROT_READ|PROT_WRITE, MAP_PRIVATE|MAP_ANONYMOUS|MAP_NORESERVE, -1, 0 <unfinished ...>
18968 mmap(NULL, 16384, PROT_READ|PROT_WRITE, MAP_PRIVATE|MAP_ANONYMOUS|MAP_NORESERVE, -1, 0 <unfinished ...>
18967 mmap(NULL, 16384, PROT_READ|PROT_WRITE, MAP_PRIVATE|MAP_ANONYMOUS|MAP_NORESERVE, -1, 0 <unfinished ...>
18966 mmap(NULL, 16384, PROT_READ|PROT_WRITE, MAP_PRIVATE|MAP_ANONYMOUS|MAP_NORESERVE, -1, 0 <unfinished ...>
18958 mmap(NULL, 16384, PROT_READ|PROT_WRITE, MAP_PRIVATE|MAP_ANONYMOUS|MAP_NORESERVE, -1, 0 <unfinished ...>
18957 mmap(NULL, 16384, PROT_READ|PROT_WRITE, MAP_PRIVATE|MAP_ANONYMOUS|MAP_NORESERVE, -1, 0 <unfinished ...>
18956 futex(0x7ffc4c92d944, FUTEX_WAIT_PRIVATE, 0, NULL <unfinished ...>
18973 <... mmap resumed>)               = 0x1000c0000000
18970 <... mmap resumed>)               = 0x100000200000
18965 <... mmap resumed>)               = 0x100080000000
18964 <... mmap resumed>)               = 0x100000000000
18963 mmap(NULL, 16384, PROT_READ|PROT_WRITE, MAP_PRIVATE|MAP_ANONYMOUS|MAP_NORESERVE, -1, 0 <unfinished ...>
18962 <... mmap resumed>)               = 0x100140000000
18961 <... mmap resumed>)               = 0x100100000000
18958 <... mmap resumed>)               = 0x100040000000
18957 <... mmap resumed>)               = 0x100040200000
18974 <... mmap resumed>)               = 0x100180000000
18973 munmap(0x1000c0000000, 16384 <unfinished ...>
18972 <... mmap resumed>)               = 0x100080200000
18971 <... mmap resumed>)               = 0x100140200000
18970 munmap(0x100000200000, 16384 <unfinished ...>
18969 <... mmap resumed>)               = 0x1001c0000000
18968 <... mmap resumed>)               = 0x100180200000
18967 <... mmap resumed>)               = 0x1000c0200000
18966 <... mmap resumed>)               = 0x100100200000
18965 munmap(0x100080000000, 16384 <unfinished ...>
18964 munmap(0x100000000000, 16384 <unfinished ...>
18963 <... mmap resumed>)               = 0x1001c0200000
18962 munmap(0x100140000000, 16384 <unfinished ...>
18974 munmap(0x100180000000, 16384 <unfinished ...>
18972 munmap(0x100080200000, 16384 <unfinished ...>
18961 munmap(0x100100000000, 16384 <unfinished ...>
18958 munmap(0x100040000000, 16384 <unfinished ...>
18957 munmap(0x100040200000, 16384 <unfinished ...>
18968 munmap(0x100180200000, 16384 <unfinished ...>
18963 munmap(0x1001c0200000, 16384 <unfinished ...>
18966 munmap(0x100100200000, 16384 <unfinished ...>
18971 munmap(0x100140200000, 16384 <unfinished ...>
18969 munmap(0x1001c0000000, 16384 <unfinished ...>
18967 munmap(0x1000c0200000, 16384 <unfinished ...>
18973 <... munmap resumed>)             = 0
18974 <... munmap resumed>)             = 0
18973 mmap(NULL, 16384, PROT_READ|PROT_WRITE, MAP_PRIVATE|MAP_ANONYMOUS|MAP_NORESERVE, -1, 0 <unfinished ...>
18965 <... munmap resumed>)             = 0
18974 mmap(NULL, 16384, PROT_READ|PROT_WRITE, MAP_PRIVATE|MAP_ANONYMOUS|MAP_NORESERVE, -1, 0 <unfinished ...>
18970 <... munmap resumed>)             = 0
18973 <... mmap resumed>)               = 0x100000200000
18965 mmap(NULL, 16384, PROT_READ|PROT_WRITE, MAP_PRIVATE|MAP_ANONYMOUS|MAP_NORESERVE, -1, 0 <unfinished ...>
18974 <... mmap resumed>)               = 0x100180000000
18970 mmap(NULL, 16384, PROT_READ|PROT_WRITE, MAP_PRIVATE|MAP_ANONYMOUS|MAP_NORESERVE, -1, 0 <unfinished ...>
18973 munmap(0x100000200000, 16384 <unfinished ...>
18965 <... mmap resumed>)               = 0x100080000000
18974 munmap(0x100180000000, 16384 <unfinished ...>
18972 <... munmap resumed>)             = 0
18965 munmap(0x100080000000, 16384 <unfinished ...>
18972 mmap(NULL, 16384, PROT_READ|PROT_WRITE, MAP_PRIVATE|MAP_ANONYMOUS|MAP_NORESERVE, -1, 0 <unfinished ...>
18958 <... munmap resumed>)             = 0
18968 <... munmap resumed>)             = 0
18965 <... munmap resumed>)             = 0
18961 <... munmap resumed>)             = 0
18958 mmap(NULL, 16384, PROT_READ|PROT_WRITE, MAP_PRIVATE|MAP_ANONYMOUS|MAP_NORESERVE, -1, 0 <unfinished ...>
18968 mmap(NULL, 16384, PROT_READ|PROT_WRITE, MAP_PRIVATE|MAP_ANONYMOUS|MAP_NORESERVE, -1, 0 <unfinished ...>
18963 <... munmap resumed>)             = 0
18968 <... mmap resumed>)               = 0x100100200000
18966 <... munmap resumed>)             = 0
18965 mmap(NULL, 16384, PROT_READ|PROT_WRITE, MAP_PRIVATE|MAP_ANONYMOUS|MAP_NORESERVE, -1, 0 <unfinished ...>
18963 mmap(NULL, 16384, PROT_READ|PROT_WRITE, MAP_PRIVATE|MAP_ANONYMOUS|MAP_NORESERVE, -1, 0 <unfinished ...>
18961 mmap(NULL, 16384, PROT_READ|PROT_WRITE, MAP_PRIVATE|MAP_ANONYMOUS|MAP_NORESERVE, -1, 0 <unfinished ...>
18968 munmap(0x100100200000, 16384 <unfinished ...>
18964 <... munmap resumed>)             = 0
18966 mmap(NULL, 16384, PROT_READ|PROT_WRITE, MAP_PRIVATE|MAP_ANONYMOUS|MAP_NORESERVE, -1, 0 <unfinished ...>
18957 <... munmap resumed>)             = 0
18963 <... mmap resumed>)               = 0x100000000000
18961 <... mmap resumed>)               = 0x100040200000
18971 <... munmap resumed>)             = 0
18964 mmap(NULL, 16384, PROT_READ|PROT_WRITE, MAP_PRIVATE|MAP_ANONYMOUS|MAP_NORESERVE, -1, 0 <unfinished ...>
18963 munmap(0x100000000000, 16384 <unfinished ...>
18962 <... munmap resumed>)             = 0
18957 mmap(NULL, 16384, PROT_READ|PROT_WRITE, MAP_PRIVATE|MAP_ANONYMOUS|MAP_NORESERVE, -1, 0 <unfinished ...>
18971 mmap(NULL, 16384, PROT_READ|PROT_WRITE, MAP_PRIVATE|MAP_ANONYMOUS|MAP_NORESERVE, -1, 0 <unfinished ...>
18969 <... munmap resumed>)             = 0
18964 <... mmap resumed>)               = 0x1001c0000000
18961 munmap(0x100040200000, 16384 <unfinished ...>
18967 <... munmap resumed>)             = 0
18962 mmap(NULL, 16384, PROT_READ|PROT_WRITE, MAP_PRIVATE|MAP_ANONYMOUS|MAP_NORESERVE, -1, 0 <unfinished ...>
18969 mmap(NULL, 16384, PROT_READ|PROT_WRITE, MAP_PRIVATE|MAP_ANONYMOUS|MAP_NORESERVE, -1, 0 <unfinished ...>
18964 munmap(0x1001c0000000, 16384 <unfinished ...>
18973 <... munmap resumed>)             = 0
18971 <... mmap resumed>)               = 0x100000200000
18967 mmap(NULL, 16384, PROT_READ|PROT_WRITE, MAP_PRIVATE|MAP_ANONYMOUS|MAP_NORESERVE, -1, 0 <unfinished ...>
18973 mmap(NULL, 16384, PROT_READ|PROT_WRITE, MAP_PRIVATE|MAP_ANONYMOUS|MAP_NORESERVE, -1, 0 <unfinished ...>
18971 munmap(0x100000200000, 16384 <unfinished ...>
18974 <... munmap resumed>)             = 0
18969 <... mmap resumed>)               = 0x100180000000
18964 <... munmap resumed>)             = 0
18974 mmap(NULL, 16384, PROT_READ|PROT_WRITE, MAP_PRIVATE|MAP_ANONYMOUS|MAP_NORESERVE, -1, 0 <unfinished ...>
18973 <... mmap resumed>)               = 0x1000c0200000
18971 <... munmap resumed>)             = 0
18970 <... mmap resumed>)               = 0x1001c0000000
18974 <... mmap resumed>)               = 0x100140000000
18973 munmap(0x1000c0200000, 16384 <unfinished ...>
18972 <... mmap resumed>)               = 0x100000200000
18969 munmap(0x100180000000, 16384 <unfinished ...>
18964 mmap(NULL, 16384, PROT_READ|PROT_WRITE, MAP_PRIVATE|MAP_ANONYMOUS|MAP_NORESERVE, -1, 0 <unfinished ...>
18958 <... mmap resumed>)               = 0x100140200000
18974 munmap(0x100140000000, 16384 <unfinished ...>
18973 <... munmap resumed>)             = 0
18971 mmap(NULL, 16384, PROT_READ|PROT_WRITE, MAP_PRIVATE|MAP_ANONYMOUS|MAP_NORESERVE, -1, 0 <unfinished ...>
18970 munmap(0x1001c0000000, 16384 <unfinished ...>
18965 <... mmap resumed>)               = 0x1000c0200000
18974 <... munmap resumed>)             = 0
18973 mmap(NULL, 16384, PROT_READ|PROT_WRITE, MAP_PRIVATE|MAP_ANONYMOUS|MAP_NORESERVE, -1, 0 <unfinished ...>
18972 munmap(0x100000200000, 16384 <unfinished ...>
18969 <... munmap resumed>)             = 0
18958 munmap(0x100140200000, 16384 <unfinished ...>
18974 mmap(NULL, 16384, PROT_READ|PROT_WRITE, MAP_PRIVATE|MAP_ANONYMOUS|MAP_NORESERVE, -1, 0 <unfinished ...>
18973 <... mmap resumed>)               = 0x100180000000
18971 <... mmap resumed>)               = 0x100140000000
18968 <... munmap resumed>)             = 0
18966 <... mmap resumed>)               = 0x100100200000
18965 munmap(0x1000c0200000, 16384 <unfinished ...>
18973 munmap(0x100180000000, 16384 <unfinished ...>
18972 <... munmap resumed>)             = 0
18971 munmap(0x100140000000, 16384 <unfinished ...>
18969 mmap(NULL, 16384, PROT_READ|PROT_WRITE, MAP_PRIVATE|MAP_ANONYMOUS|MAP_NORESERVE, -1, 0 <unfinished ...>
18957 <... mmap resumed>)               = 0x100000200000
18972 mmap(NULL, 16384, PROT_READ|PROT_WRITE, MAP_PRIVATE|MAP_ANONYMOUS|MAP_NORESERVE, -1, 0 <unfinished ...>
18966 munmap(0x100100200000, 16384 <unfinished ...>
18968 mmap(NULL, 16384, PROT_READ|PROT_WRITE, MAP_PRIVATE|MAP_ANONYMOUS|MAP_NORESERVE, -1, 0 <unfinished ...>
18972 <... mmap resumed>)               = 0x100040200000
18963 <... munmap resumed>)             = 0
18961 <... munmap resumed>)             = 0
18957 munmap(0x100000200000, 16384 <unfinished ...>
18972 munmap(0x100040200000, 16384 <unfinished ...>
18968 <... mmap resumed>)               = 0x100100200000
18966 <... munmap resumed>)             = 0
18963 mmap(NULL, 16384, PROT_READ|PROT_WRITE, MAP_PRIVATE|MAP_ANONYMOUS|MAP_NORESERVE, -1, 0 <unfinished ...>
18962 <... mmap resumed>)               = 0x100000000000
18967 <... mmap resumed>)               = 0x1001c0200000
18961 mmap(NULL, 16384, PROT_READ|PROT_WRITE, MAP_PRIVATE|MAP_ANONYMOUS|MAP_NORESERVE, -1, 0 <unfinished ...>
18972 <... munmap resumed>)             = 0
18968 munmap(0x100100200000, 16384 <unfinished ...>
18966 mmap(NULL, 16384, PROT_READ|PROT_WRITE, MAP_PRIVATE|MAP_ANONYMOUS|MAP_NORESERVE, -1, 0 <unfinished ...>
18962 munmap(0x100000000000, 16384 <unfinished ...>
18972 mmap(NULL, 16384, PROT_READ|PROT_WRITE, MAP_PRIVATE|MAP_ANONYMOUS|MAP_NORESERVE, -1, 0 <unfinished ...>
18967 munmap(0x1001c0200000, 16384 <unfinished ...>
18964 <... mmap resumed>)               = 0x100040200000
18961 <... mmap resumed>)               = 0x100100000000
18970 <... munmap resumed>)             = 0
18968 <... munmap resumed>)             = 0
18966 <... mmap resumed>)               = 0x100100200000
18962 <... munmap resumed>)             = 0
18970 mmap(NULL, 16384, PROT_READ|PROT_WRITE, MAP_PRIVATE|MAP_ANONYMOUS|MAP_NORESERVE, -1, 0 <unfinished ...>
18967 <... munmap resumed>)             = 0
18964 munmap(0x100040200000, 16384 <unfinished ...>
18961 munmap(0x100100000000, 16384 <unfinished ...>
18974 <... mmap resumed>)               = 0x1001c0200000
18968 mmap(NULL, 16384, PROT_READ|PROT_WRITE, MAP_PRIVATE|MAP_ANONYMOUS|MAP_NORESERVE, -1, 0 <unfinished ...>
18967 mmap(NULL, 16384, PROT_READ|PROT_WRITE, MAP_PRIVATE|MAP_ANONYMOUS|MAP_NORESERVE, -1, 0 <unfinished ...>
18966 munmap(0x100100200000, 16384 <unfinished ...>
18962 mmap(NULL, 16384, PROT_READ|PROT_WRITE, MAP_PRIVATE|MAP_ANONYMOUS|MAP_NORESERVE, -1, 0 <unfinished ...>
18974 munmap(0x1001c0200000, 16384 <unfinished ...>
18973 <... munmap resumed>)             = 0
18964 <... munmap resumed>)             = 0
18958 <... munmap resumed>)             = 0
18968 <... mmap resumed>)               = 0x100180000000
18958 mmap(NULL, 16384, PROT_READ|PROT_WRITE, MAP_PRIVATE|MAP_ANONYMOUS|MAP_NORESERVE, -1, 0 <unfinished ...>
18974 <... munmap resumed>)             = 0
18973 mmap(NULL, 16384, PROT_READ|PROT_WRITE, MAP_PRIVATE|MAP_ANONYMOUS|MAP_NORESERVE, -1, 0 <unfinished ...>
18974 mmap(NULL, 16384, PROT_READ|PROT_WRITE, MAP_PRIVATE|MAP_ANONYMOUS|MAP_NORESERVE, -1, 0 <unfinished ...>
18968 munmap(0x100180000000, 16384 <unfinished ...>
18974 <... mmap resumed>)               = 0x1001c0200000
18974 munmap(0x1001c0200000, 16384 <unfinished ...>
18967 <... mmap resumed>)               = 0x100140200000
18958 <... mmap resumed>)               = 0x100040200000
18973 <... mmap resumed>)               = 0x100140000000
18971 <... munmap resumed>)             = 0
18964 mmap(NULL, 16384, PROT_READ|PROT_WRITE, MAP_PRIVATE|MAP_ANONYMOUS|MAP_NORESERVE, -1, 0 <unfinished ...>
18974 <... munmap resumed>)             = 0
18969 <... mmap resumed>)               = 0x1001c0200000
18973 munmap(0x100140000000, 16384 <unfinished ...>
18964 <... mmap resumed>)               = 0x100000000000
18958 munmap(0x100040200000, 16384 <unfinished ...>
18971 mmap(NULL, 16384, PROT_READ|PROT_WRITE, MAP_PRIVATE|MAP_ANONYMOUS|MAP_NORESERVE, -1, 0 <unfinished ...>
18974 mmap(NULL, 16384, PROT_READ|PROT_WRITE, MAP_PRIVATE|MAP_ANONYMOUS|MAP_NORESERVE, -1, 0 <unfinished ...>
18967 munmap(0x100140200000, 16384 <unfinished ...>
18964 munmap(0x100000000000, 16384 <unfinished ...>
18969 munmap(0x1001c0200000, 16384 <unfinished ...>
18973 <... munmap resumed>)             = 0
18969 <... munmap resumed>)             = 0
18973 mmap(NULL, 16384, PROT_READ|PROT_WRITE, MAP_PRIVATE|MAP_ANONYMOUS|MAP_NORESERVE, -1, 0 <unfinished ...>
18965 <... munmap resumed>)             = 0
18969 mmap(NULL, 16384, PROT_READ|PROT_WRITE, MAP_PRIVATE|MAP_ANONYMOUS|MAP_NORESERVE, -1, 0 <unfinished ...>
18973 <... mmap resumed>)               = 0x1000c0200000
18957 <... munmap resumed>)             = 0
18963 <... mmap resumed>)               = 0x100000200000
18973 munmap(0x1000c0200000, 16384 <unfinished ...>
18969 <... mmap resumed>)               = 0x1001c0200000
18965 mmap(NULL, 16384, PROT_READ|PROT_WRITE, MAP_PRIVATE|MAP_ANONYMOUS|MAP_NORESERVE, -1, 0 <unfinished ...>
18957 mmap(NULL, 16384, PROT_READ|PROT_WRITE, MAP_PRIVATE|MAP_ANONYMOUS|MAP_NORESERVE, -1, 0 <unfinished ...>
18973 <... munmap resumed>)             = 0
18972 <... mmap resumed>)               = 0x100140000000
18970 <... mmap resumed>)               = 0x1001c0000000
18963 munmap(0x100000200000, 16384 <unfinished ...>
18969 munmap(0x1001c0200000, 16384 <unfinished ...>
18965 <... mmap resumed>)               = 0x1000c0200000
18961 <... munmap resumed>)             = 0
18957 <... mmap resumed>)               = 0x100100000000
18973 mmap(NULL, 16384, PROT_READ|PROT_WRITE, MAP_PRIVATE|MAP_ANONYMOUS|MAP_NORESERVE, -1, 0 <unfinished ...>
18972 munmap(0x100140000000, 16384 <unfinished ...>
18970 munmap(0x1001c0000000, 16384 <unfinished ...>
18965 munmap(0x1000c0200000, 16384 <unfinished ...>
18961 mmap(NULL, 16384, PROT_READ|PROT_WRITE, MAP_PRIVATE|MAP_ANONYMOUS|MAP_NORESERVE, -1, 0 <unfinished ...>
18973 <... mmap resumed>)               = 0x100100200000
18966 <... munmap resumed>)             = 0
18965 <... munmap resumed>)             = 0
18957 munmap(0x100100000000, 16384 <unfinished ...>
18972 <... munmap resumed>)             = 0
18970 <... munmap resumed>)             = 0
18968 <... munmap resumed>)             = 0
18966 mmap(NULL, 16384, PROT_READ|PROT_WRITE, MAP_PRIVATE|MAP_ANONYMOUS|MAP_NORESERVE, -1, 0 <unfinished ...>
18962 <... mmap resumed>)               = 0x100140000000
18974 <... mmap resumed>)               = 0x1001c0000000
18973 munmap(0x100100200000, 16384 <unfinished ...>
18972 mmap(NULL, 16384, PROT_READ|PROT_WRITE, MAP_PRIVATE|MAP_ANONYMOUS|MAP_NORESERVE, -1, 0 <unfinished ...>
18965 mmap(NULL, 16384, PROT_READ|PROT_WRITE, MAP_PRIVATE|MAP_ANONYMOUS|MAP_NORESERVE, -1, 0 <unfinished ...>
18957 <... munmap resumed>)             = 0
18974 munmap(0x1001c0000000, 16384 <unfinished ...>
18971 <... mmap resumed>)               = 0x100100000000
18970 mmap(NULL, 16384, PROT_READ|PROT_WRITE, MAP_PRIVATE|MAP_ANONYMOUS|MAP_NORESERVE, -1, 0 <unfinished ...>
18962 munmap(0x100140000000, 16384 <unfinished ...>
18957 mmap(NULL, 16384, PROT_READ|PROT_WRITE, MAP_PRIVATE|MAP_ANONYMOUS|MAP_NORESERVE, -1, 0 <unfinished ...>
18965 <... mmap resumed>)               = 0x100180000000
18974 <... munmap resumed>)             = 0
18971 munmap(0x100100000000, 16384 <unfinished ...>
18970 <... mmap resumed>)               = 0x100040200000
18968 mmap(NULL, 16384, PROT_READ|PROT_WRITE, MAP_PRIVATE|MAP_ANONYMOUS|MAP_NORESERVE, -1, 0 <unfinished ...>
18967 <... munmap resumed>)             = 0
18958 <... munmap resumed>)             = 0
18974 mmap(NULL, 16384, PROT_READ|PROT_WRITE, MAP_PRIVATE|MAP_ANONYMOUS|MAP_NORESERVE, -1, 0 <unfinished ...>
18970 munmap(0x100040200000, 16384 <unfinished ...>
18965 munmap(0x100180000000, 16384 <unfinished ...>
18964 <... munmap resumed>)             = 0
18963 <... munmap resumed>)             = 0
18957 <... mmap resumed>)               = 0x100000000000
18974 <... mmap resumed>)               = 0x100100000000
18971 <... munmap resumed>)             = 0
18968 <... mmap resumed>)               = 0x100000200000
18967 mmap(NULL, 16384, PROT_READ|PROT_WRITE, MAP_PRIVATE|MAP_ANONYMOUS|MAP_NORESERVE, -1, 0 <unfinished ...>
18958 mmap(NULL, 16384, PROT_READ|PROT_WRITE, MAP_PRIVATE|MAP_ANONYMOUS|MAP_NORESERVE, -1, 0 <unfinished ...>
18969 <... munmap resumed>)             = 0
18957 munmap(0x100000000000, 16384 <unfinished ...>
18974 munmap(0x100100000000, 16384 <unfinished ...>
18964 mmap(NULL, 16384, PROT_READ|PROT_WRITE, MAP_PRIVATE|MAP_ANONYMOUS|MAP_NORESERVE, -1, 0 <unfinished ...>
18971 mmap(NULL, 16384, PROT_READ|PROT_WRITE, MAP_PRIVATE|MAP_ANONYMOUS|MAP_NORESERVE, -1, 0 <unfinished ...>
18968 munmap(0x100000200000, 16384 <unfinished ...>
18963 mmap(NULL, 16384, PROT_READ|PROT_WRITE, MAP_PRIVATE|MAP_ANONYMOUS|MAP_NORESERVE, -1, 0 <unfinished ...>
18970 <... munmap resumed>)             = 0
18957 <... munmap resumed>)             = 0
18971 <... mmap resumed>)               = 0x100000000000
18970 mmap(NULL, 16384, PROT_READ|PROT_WRITE, MAP_PRIVATE|MAP_ANONYMOUS|MAP_NORESERVE, -1, 0 <unfinished ...>
18969 mmap(NULL, 16384, PROT_READ|PROT_WRITE, MAP_PRIVATE|MAP_ANONYMOUS|MAP_NORESERVE, -1, 0 <unfinished ...>
18961 <... mmap resumed>)               = 0x100040200000
18971 munmap(0x100000000000, 16384 <unfinished ...>
18970 <... mmap resumed>)               = 0x1001c0000000
18969 <... mmap resumed>)               = 0x100140200000
18968 <... munmap resumed>)             = 0
18966 <... mmap resumed>)               = 0x1001c0200000
18963 <... mmap resumed>)               = 0x100000200000
18957 mmap(NULL, 16384, PROT_READ|PROT_WRITE, MAP_PRIVATE|MAP_ANONYMOUS|MAP_NORESERVE, -1, 0 <unfinished ...>
18971 <... munmap resumed>)             = 0
18970 munmap(0x1001c0000000, 16384 <unfinished ...>
18966 munmap(0x1001c0200000, 16384 <unfinished ...>
18961 munmap(0x100040200000, 16384 <unfinished ...>
18969 munmap(0x100140200000, 16384 <unfinished ...>
18971 mmap(NULL, 16384, PROT_READ|PROT_WRITE, MAP_PRIVATE|MAP_ANONYMOUS|MAP_NORESERVE, -1, 0 <unfinished ...>
18963 munmap(0x100000200000, 16384 <unfinished ...>
18973 <... munmap resumed>)             = 0
18972 <... mmap resumed>)               = 0x1001c0200000
18966 <... munmap resumed>)             = 0
18968 mmap(NULL, 16384, PROT_READ|PROT_WRITE, MAP_PRIVATE|MAP_ANONYMOUS|MAP_NORESERVE, -1, 0 <unfinished ...>
18963 <... munmap resumed>)             = 0
18973 mmap(NULL, 16384, PROT_READ|PROT_WRITE, MAP_PRIVATE|MAP_ANONYMOUS|MAP_NORESERVE, -1, 0 <unfinished ...>
18966 mmap(NULL, 16384, PROT_READ|PROT_WRITE, MAP_PRIVATE|MAP_ANONYMOUS|MAP_NORESERVE, -1, 0 <unfinished ...>
18962 <... munmap resumed>)             = 0
18972 munmap(0x1001c0200000, 16384 <unfinished ...>
18968 <... mmap resumed>)               = 0x100180000000
18965 <... munmap resumed>)             = 0
18963 mmap(NULL, 16384, PROT_READ|PROT_WRITE, MAP_PRIVATE|MAP_ANONYMOUS|MAP_NORESERVE, -1, 0 <unfinished ...>
18973 <... mmap resumed>)               = 0x100140000000
18967 <... mmap resumed>)               = 0x100000200000
18958 <... mmap resumed>)               = 0x100100200000
18974 <... munmap resumed>)             = 0
18973 munmap(0x100140000000, 16384 <unfinished ...>
18972 <... munmap resumed>)             = 0
18968 munmap(0x100180000000, 16384 <unfinished ...>
18967 munmap(0x100000200000, 16384 <unfinished ...>
18966 <... mmap resumed>)               = 0x100000000000
18965 mmap(NULL, 16384, PROT_READ|PROT_WRITE, MAP_PRIVATE|MAP_ANONYMOUS|MAP_NORESERVE, -1, 0 <unfinished ...>
18962 mmap(NULL, 16384, PROT_READ|PROT_WRITE, MAP_PRIVATE|MAP_ANONYMOUS|MAP_NORESERVE, -1, 0 <unfinished ...>
18958 munmap(0x100100200000, 16384 <unfinished ...>
18974 mmap(NULL, 16384, PROT_READ|PROT_WRITE, MAP_PRIVATE|MAP_ANONYMOUS|MAP_NORESERVE, -1, 0 <unfinished ...>
18973 <... munmap resumed>)             = 0
18972 mmap(NULL, 16384, PROT_READ|PROT_WRITE, MAP_PRIVATE|MAP_ANONYMOUS|MAP_NORESERVE, -1, 0 <unfinished ...>
18969 <... munmap resumed>)             = 0
18968 <... munmap resumed>)             = 0
18967 <... munmap resumed>)             = 0
18966 munmap(0x100000000000, 16384 <unfinished ...>
18965 <... mmap resumed>)               = 0x100000200000
18964 <... mmap resumed>)               = 0x100100000000
18961 <... munmap resumed>)             = 0
18957 <... mmap resumed>)               = 0x1001c0200000
18974 <... mmap resumed>)               = 0x100040200000
18973 mmap(NULL, 16384, PROT_READ|PROT_WRITE, MAP_PRIVATE|MAP_ANONYMOUS|MAP_NORESERVE, -1, 0 <unfinished ...>
18972 <... mmap resumed>)               = 0x1001c0000000
18971 <... mmap resumed>)               = 0x100140200000
18970 <... munmap resumed>)             = 0
18969 mmap(NULL, 16384, PROT_READ|PROT_WRITE, MAP_PRIVATE|MAP_ANONYMOUS|MAP_NORESERVE, -1, 0 <unfinished ...>
18968 mmap(NULL, 16384, PROT_READ|PROT_WRITE, MAP_PRIVATE|MAP_ANONYMOUS|MAP_NORESERVE, -1, 0 <unfinished ...>
18967 mmap(NULL, 16384, PROT_READ|PROT_WRITE, MAP_PRIVATE|MAP_ANONYMOUS|MAP_NORESERVE, -1, 0 <unfinished ...>
18966 <... munmap resumed>)             = 0
18965 munmap(0x100000200000, 16384 <unfinished ...>
18964 munmap(0x100100000000, 16384 <unfinished ...>
18963 <... mmap resumed>)               = 0x100180000000
18962 <... mmap resumed>)               = 0x100000000000
18961 mmap(NULL, 16384, PROT_READ|PROT_WRITE, MAP_PRIVATE|MAP_ANONYMOUS|MAP_NORESERVE, -1, 0 <unfinished ...>
18958 <... munmap resumed>)             = 0
18974 munmap(0x100040200000, 16384 <unfinished ...>
18973 <... mmap resumed>)               = 0x100100200000
18972 munmap(0x1001c0000000, 16384 <unfinished ...>
18971 munmap(0x100140200000, 16384 <unfinished ...>
18970 mmap(NULL, 16384, PROT_READ|PROT_WRITE, MAP_PRIVATE|MAP_ANONYMOUS|MAP_NORESERVE, -1, 0 <unfinished ...>
18969 <... mmap resumed>)               = 0x1000c0200000
18968 <... mmap resumed>)               = 0x100140000000
18966 mmap(NULL, 16384, PROT_READ|PROT_WRITE, MAP_PRIVATE|MAP_ANONYMOUS|MAP_NORESERVE, -1, 0 <unfinished ...>
18964 <... munmap resumed>)             = 0
18957 munmap(0x1001c0200000, 16384 <unfinished ...>
18974 <... munmap resumed>)             = 0
18973 munmap(0x100100200000, 16384 <unfinished ...>
18972 <... munmap resumed>)             = 0
18971 <... munmap resumed>)             = 0
18970 <... mmap resumed>)               = 0x100140200000
18969 munmap(0x1000c0200000, 16384 <unfinished ...>
18968 munmap(0x100140000000, 16384 <unfinished ...>
18967 <... mmap resumed>)               = 0x100000200000
18966 <... mmap resumed>)               = 0x1001c0000000
18965 <... munmap resumed>)             = 0
18963 munmap(0x100180000000, 16384 <unfinished ...>
18962 munmap(0x100000000000, 16384 <unfinished ...>
18961 <... mmap resumed>)               = 0x100040200000
18958 mmap(NULL, 16384, PROT_READ|PROT_WRITE, MAP_PRIVATE|MAP_ANONYMOUS|MAP_NORESERVE, -1, 0 <unfinished ...>
18974 mmap(NULL, 16384, PROT_READ|PROT_WRITE, MAP_PRIVATE|MAP_ANONYMOUS|MAP_NORESERVE, -1, 0 <unfinished ...>
18973 <... munmap resumed>)             = 0
18972 mmap(NULL, 16384, PROT_READ|PROT_WRITE, MAP_PRIVATE|MAP_ANONYMOUS|MAP_NORESERVE, -1, 0 <unfinished ...>
18971 mmap(NULL, 16384, PROT_READ|PROT_WRITE, MAP_PRIVATE|MAP_ANONYMOUS|MAP_NORESERVE, -1, 0 <unfinished ...>
18970 munmap(0x100140200000, 16384 <unfinished ...>
18964 mmap(NULL, 16384, PROT_READ|PROT_WRITE, MAP_PRIVATE|MAP_ANONYMOUS|MAP_NORESERVE, -1, 0 <unfinished ...>
18957 <... munmap resumed>)             = 0
18973 mmap(NULL, 16384, PROT_READ|PROT_WRITE, MAP_PRIVATE|MAP_ANONYMOUS|MAP_NORESERVE, -1, 0 <unfinished ...>
18969 <... munmap resumed>)             = 0
18967 munmap(0x100000200000, 16384 <unfinished ...>
18966 munmap(0x1001c0000000, 16384 <unfinished ...>
18965 mmap(NULL, 16384, PROT_READ|PROT_WRITE, MAP_PRIVATE|MAP_ANONYMOUS|MAP_NORESERVE, -1, 0 <unfinished ...>
18961 munmap(0x100040200000, 16384 <unfinished ...>
18972 <... mmap resumed>)               = 0x100000000000
18967 <... munmap resumed>)             = 0
18962 <... munmap resumed>)             = 0
18957 mmap(NULL, 16384, PROT_READ|PROT_WRITE, MAP_PRIVATE|MAP_ANONYMOUS|MAP_NORESERVE, -1, 0 <unfinished ...>
18972 munmap(0x100000000000, 16384 <unfinished ...>
18969 mmap(NULL, 16384, PROT_READ|PROT_WRITE, MAP_PRIVATE|MAP_ANONYMOUS|MAP_NORESERVE, -1, 0 <unfinished ...>
18967 mmap(NULL, 16384, PROT_READ|PROT_WRITE, MAP_PRIVATE|MAP_ANONYMOUS|MAP_NORESERVE, -1, 0 <unfinished ...>
18965 <... mmap resumed>)               = 0x100000200000
18962 mmap(NULL, 16384, PROT_READ|PROT_WRITE, MAP_PRIVATE|MAP_ANONYMOUS|MAP_NORESERVE, -1, 0 <unfinished ...>
18961 <... munmap resumed>)             = 0
18968 <... munmap resumed>)             = 0
18961 mmap(NULL, 16384, PROT_READ|PROT_WRITE, MAP_PRIVATE|MAP_ANONYMOUS|MAP_NORESERVE, -1, 0 <unfinished ...>
18972 <... munmap resumed>)             = 0
18968 mmap(NULL, 16384, PROT_READ|PROT_WRITE, MAP_PRIVATE|MAP_ANONYMOUS|MAP_NORESERVE, -1, 0 <unfinished ...>
18965 munmap(0x100000200000, 16384 <unfinished ...>
18972 mmap(NULL, 16384, PROT_READ|PROT_WRITE, MAP_PRIVATE|MAP_ANONYMOUS|MAP_NORESERVE, -1, 0 <unfinished ...>
18963 <... munmap resumed>)             = 0
18961 <... mmap resumed>)               = 0x100000000000
18958 <... mmap resumed>)               = 0x100180000000
18974 <... mmap resumed>)               = 0x100140000000
18971 <... mmap resumed>)               = 0x100040200000
18961 munmap(0x100000000000, 16384 <unfinished ...>
18974 munmap(0x100140000000, 16384 <unfinished ...>
18958 munmap(0x100180000000, 16384 <unfinished ...>
18971 munmap(0x100040200000, 16384 <unfinished ...>
18965 <... munmap resumed>)             = 0
18963 mmap(NULL, 16384, PROT_READ|PROT_WRITE, MAP_PRIVATE|MAP_ANONYMOUS|MAP_NORESERVE, -1, 0 <unfinished ...>
18958 <... munmap resumed>)             = 0
18964 <... mmap resumed>)               = 0x100180000000
18971 <... munmap resumed>)             = 0
18970 <... munmap resumed>)             = 0
18965 mmap(NULL, 16384, PROT_READ|PROT_WRITE, MAP_PRIVATE|MAP_ANONYMOUS|MAP_NORESERVE, -1, 0 <unfinished ...>
18964 munmap(0x100180000000, 16384 <unfinished ...>
18958 mmap(NULL, 16384, PROT_READ|PROT_WRITE, MAP_PRIVATE|MAP_ANONYMOUS|MAP_NORESERVE, -1, 0 <unfinished ...>
18973 <... mmap resumed>)               = 0x100040200000
18971 mmap(NULL, 16384, PROT_READ|PROT_WRITE, MAP_PRIVATE|MAP_ANONYMOUS|MAP_NORESERVE, -1, 0 <unfinished ...>
18970 mmap(NULL, 16384, PROT_READ|PROT_WRITE, MAP_PRIVATE|MAP_ANONYMOUS|MAP_NORESERVE, -1, 0 <unfinished ...>
18966 <... munmap resumed>)             = 0
18965 <... mmap resumed>)               = 0x1001c0000000
18965 munmap(0x1001c0000000, 16384 <unfinished ...>
18964 <... munmap resumed>)             = 0
18973 munmap(0x100040200000, 16384 <unfinished ...>
18971 <... mmap resumed>)               = 0x100180000000
18966 mmap(NULL, 16384, PROT_READ|PROT_WRITE, MAP_PRIVATE|MAP_ANONYMOUS|MAP_NORESERVE, -1, 0 <unfinished ...>
18965 <... munmap resumed>)             = 0
18964 mmap(NULL, 16384, PROT_READ|PROT_WRITE, MAP_PRIVATE|MAP_ANONYMOUS|MAP_NORESERVE, -1, 0 <unfinished ...>
18957 <... mmap resumed>)               = 0x1001c0000000
18973 <... munmap resumed>)             = 0
18971 munmap(0x100180000000, 16384 <unfinished ...>
18967 <... mmap resumed>)               = 0x100040200000
18966 <... mmap resumed>)               = 0x100140200000
18965 mmap(NULL, 16384, PROT_READ|PROT_WRITE, MAP_PRIVATE|MAP_ANONYMOUS|MAP_NORESERVE, -1, 0 <unfinished ...>
18964 <... mmap resumed>)               = 0x100000200000
18957 munmap(0x1001c0000000, 16384 <unfinished ...>
18969 <... mmap resumed>)               = 0x100100200000
18967 munmap(0x100040200000, 16384 <unfinished ...>
18962 <... mmap resumed>)               = 0x1000c0200000
18966 munmap(0x100140200000, 16384 <unfinished ...>
18964 munmap(0x100000200000, 16384 <unfinished ...>
18973 mmap(NULL, 16384, PROT_READ|PROT_WRITE, MAP_PRIVATE|MAP_ANONYMOUS|MAP_NORESERVE, -1, 0 <unfinished ...>
18971 <... munmap resumed>)             = 0
18969 munmap(0x100100200000, 16384 <unfinished ...>
18968 <... mmap resumed>)               = 0x100180000000
18971 mmap(NULL, 16384, PROT_READ|PROT_WRITE, MAP_PRIVATE|MAP_ANONYMOUS|MAP_NORESERVE, -1, 0 <unfinished ...>
18967 <... munmap resumed>)             = 0
18962 munmap(0x1000c0200000, 16384 <unfinished ...>
18973 <... mmap resumed>)               = 0x1001c0200000
18972 <... mmap resumed>)               = 0x100040200000
18968 munmap(0x100180000000, 16384 <unfinished ...>
18967 mmap(NULL, 16384, PROT_READ|PROT_WRITE, MAP_PRIVATE|MAP_ANONYMOUS|MAP_NORESERVE, -1, 0 <unfinished ...>
18974 <... munmap resumed>)             = 0
18973 munmap(0x1001c0200000, 16384 <unfinished ...>
18972 munmap(0x100040200000, 16384 <unfinished ...>
18968 <... munmap resumed>)             = 0
18964 <... munmap resumed>)             = 0
18962 <... munmap resumed>)             = 0
18974 mmap(NULL, 16384, PROT_READ|PROT_WRITE, MAP_PRIVATE|MAP_ANONYMOUS|MAP_NORESERVE, -1, 0 <unfinished ...>
18967 <... mmap resumed>)               = 0x100000000000
18961 <... munmap resumed>)             = 0
18962 mmap(NULL, 16384, PROT_READ|PROT_WRITE, MAP_PRIVATE|MAP_ANONYMOUS|MAP_NORESERVE, -1, 0 <unfinished ...>
18972 <... munmap resumed>)             = 0
18970 <... mmap resumed>)               = 0x100180000000
18964 mmap(NULL, 16384, PROT_READ|PROT_WRITE, MAP_PRIVATE|MAP_ANONYMOUS|MAP_NORESERVE, -1, 0 <unfinished ...>
18972 mmap(NULL, 16384, PROT_READ|PROT_WRITE, MAP_PRIVATE|MAP_ANONYMOUS|MAP_NORESERVE, -1, 0 <unfinished ...>
18970 munmap(0x100180000000, 16384 <unfinished ...>
18968 mmap(NULL, 16384, PROT_READ|PROT_WRITE, MAP_PRIVATE|MAP_ANONYMOUS|MAP_NORESERVE, -1, 0 <unfinished ...>
18964 <... mmap resumed>)               = 0x100140000000
18970 <... munmap resumed>)             = 0
18967 munmap(0x100000000000, 16384 <unfinished ...>
18964 munmap(0x100140000000, 16384 <unfinished ...>
18963 <... mmap resumed>)               = 0x100040200000
18961 mmap(NULL, 16384, PROT_READ|PROT_WRITE, MAP_PRIVATE|MAP_ANONYMOUS|MAP_NORESERVE, -1, 0 <unfinished ...>
18958 <... mmap resumed>)               = 0x100180000000
18972 <... mmap resumed>)               = 0x1000c0200000
18970 mmap(NULL, 16384, PROT_READ|PROT_WRITE, MAP_PRIVATE|MAP_ANONYMOUS|MAP_NORESERVE, -1, 0 <unfinished ...>
18967 <... munmap resumed>)             = 0
18966 <... munmap resumed>)             = 0
18965 <... mmap resumed>)               = 0x100000200000
18963 munmap(0x100040200000, 16384 <unfinished ...>
18972 munmap(0x1000c0200000, 16384 <unfinished ...>
18958 munmap(0x100180000000, 16384 <unfinished ...>
18957 <... munmap resumed>)             = 0
18971 <... mmap resumed>)               = 0x100040200000
18969 <... munmap resumed>)             = 0
18967 mmap(NULL, 16384, PROT_READ|PROT_WRITE, MAP_PRIVATE|MAP_ANONYMOUS|MAP_NORESERVE, -1, 0 <unfinished ...>
18966 mmap(NULL, 16384, PROT_READ|PROT_WRITE, MAP_PRIVATE|MAP_ANONYMOUS|MAP_NORESERVE, -1, 0 <unfinished ...>
18965 munmap(0x100000200000, 16384 <unfinished ...>
18963 <... munmap resumed>)             = 0
18973 <... munmap resumed>)             = 0
18967 <... mmap resumed>)               = 0x1001c0200000
18963 mmap(NULL, 16384, PROT_READ|PROT_WRITE, MAP_PRIVATE|MAP_ANONYMOUS|MAP_NORESERVE, -1, 0 <unfinished ...>
18957 mmap(NULL, 16384, PROT_READ|PROT_WRITE, MAP_PRIVATE|MAP_ANONYMOUS|MAP_NORESERVE, -1, 0 <unfinished ...>
18974 <... mmap resumed>)               = 0x100100200000
18973 mmap(NULL, 16384, PROT_READ|PROT_WRITE, MAP_PRIVATE|MAP_ANONYMOUS|MAP_NORESERVE, -1, 0 <unfinished ...>
18971 munmap(0x100040200000, 16384 <unfinished ...>
18970 <... mmap resumed>)               = 0x100100000000
18969 mmap(NULL, 16384, PROT_READ|PROT_WRITE, MAP_PRIVATE|MAP_ANONYMOUS|MAP_NORESERVE, -1, 0 <unfinished ...>
18968 <... mmap resumed>)               = 0x100000200000
18967 munmap(0x1001c0200000, 16384 <unfinished ...>
18966 <... mmap resumed>)               = 0x100000000000
18965 <... munmap resumed>)             = 0
18964 <... munmap resumed>)             = 0
18963 <... mmap resumed>)               = 0x1001c0000000
18962 <... mmap resumed>)               = 0x100140200000
18961 <... mmap resumed>)               = 0x100140000000
18974 munmap(0x100100200000, 16384 <unfinished ...>
18973 <... mmap resumed>)               = 0x100080000000
18972 <... munmap resumed>)             = 0
18957 <... mmap resumed>)               = 0x1000c0200000
18970 munmap(0x100100000000, 16384 <unfinished ...>
18966 munmap(0x100000000000, 16384 <unfinished ...>
18958 <... munmap resumed>)             = 0
18973 munmap(0x100080000000, 16384 <unfinished ...>
18972 mmap(NULL, 16384, PROT_READ|PROT_WRITE, MAP_PRIVATE|MAP_ANONYMOUS|MAP_NORESERVE, -1, 0 <unfinished ...>
18971 <... munmap resumed>)             = 0
18968 munmap(0x100000200000, 16384 <unfinished ...>
18967 <... munmap resumed>)             = 0
18965 mmap(NULL, 16384, PROT_READ|PROT_WRITE, MAP_PRIVATE|MAP_ANONYMOUS|MAP_NORESERVE, -1, 0 <unfinished ...>
18964 mmap(NULL, 16384, PROT_READ|PROT_WRITE, MAP_PRIVATE|MAP_ANONYMOUS|MAP_NORESERVE, -1, 0 <unfinished ...>
18963 munmap(0x1001c0000000, 16384 <unfinished ...>
18962 munmap(0x100140200000, 16384 <unfinished ...>
18961 munmap(0x100140000000, 16384 <unfinished ...>
18958 mmap(NULL, 16384, PROT_READ|PROT_WRITE, MAP_PRIVATE|MAP_ANONYMOUS|MAP_NORESERVE, -1, 0 <unfinished ...>
18957 munmap(0x1000c0200000, 16384 <unfinished ...>
18974 <... munmap resumed>)             = 0
18973 <... munmap resumed>)             = 0
18972 <... mmap resumed>)               = 0x100080000000
18971 mmap(NULL, 16384, PROT_READ|PROT_WRITE, MAP_PRIVATE|MAP_ANONYMOUS|MAP_NORESERVE, -1, 0 <unfinished ...>
18969 <... mmap resumed>)               = 0x100000000000
18968 <... munmap resumed>)             = 0
18967 mmap(NULL, 16384, PROT_READ|PROT_WRITE, MAP_PRIVATE|MAP_ANONYMOUS|MAP_NORESERVE, -1, 0 <unfinished ...>
18966 <... munmap resumed>)             = 0
18964 <... mmap resumed>)               = 0x100000200000
18970 <... munmap resumed>)             = 0
18968 mmap(NULL, 16384, PROT_READ|PROT_WRITE, MAP_PRIVATE|MAP_ANONYMOUS|MAP_NORESERVE, -1, 0 <unfinished ...>
18970 mmap(NULL, 16384, PROT_READ|PROT_WRITE, MAP_PRIVATE|MAP_ANONYMOUS|MAP_NORESERVE, -1, 0 <unfinished ...>
18964 munmap(0x100000200000, 16384 <unfinished ...>
18973 mmap(NULL, 16384, PROT_READ|PROT_WRITE, MAP_PRIVATE|MAP_ANONYMOUS|MAP_NORESERVE, -1, 0 <unfinished ...>
18974 mmap(NULL, 16384, PROT_READ|PROT_WRITE, MAP_PRIVATE|MAP_ANONYMOUS|MAP_NORESERVE, -1, 0 <unfinished ...>
18972 munmap(0x100080000000, 16384 <unfinished ...>
18969 munmap(0x100000000000, 16384 <unfinished ...>
18966 mmap(NULL, 16384, PROT_READ|PROT_WRITE, MAP_PRIVATE|MAP_ANONYMOUS|MAP_NORESERVE, -1, 0 <unfinished ...>
18971 <... mmap resumed>)               = 0x100100000000
18968 <... mmap resumed>)               = 0x100140000000
18961 <... munmap resumed>)             = 0
18957 <... munmap resumed>)             = 0
18968 munmap(0x100140000000, 16384 <unfinished ...>
18966 <... mmap resumed>)               = 0x1000c0200000
18965 <... mmap resumed>)               = 0x100000200000
18964 <... munmap resumed>)             = 0
18971 munmap(0x100100000000, 16384 <unfinished ...>
18966 munmap(0x1000c0200000, 16384 <unfinished ...>
18965 munmap(0x100000200000, 16384 <unfinished ...>
18964 mmap(NULL, 16384, PROT_READ|PROT_WRITE, MAP_PRIVATE|MAP_ANONYMOUS|MAP_NORESERVE, -1, 0 <unfinished ...>
18957 mmap(NULL, 16384, PROT_READ|PROT_WRITE, MAP_PRIVATE|MAP_ANONYMOUS|MAP_NORESERVE, -1, 0 <unfinished ...>
18961 mmap(NULL, 16384, PROT_READ|PROT_WRITE, MAP_PRIVATE|MAP_ANONYMOUS|MAP_NORESERVE, -1, 0 <unfinished ...>
18973 <... mmap resumed>)               = 0x1000c0200000
18968 <... munmap resumed>)             = 0
18966 <... munmap resumed>)             = 0
18974 <... mmap resumed>)               = 0x100140000000
18974 munmap(0x100140000000, 16384 <unfinished ...>
18973 munmap(0x1000c0200000, 16384 <unfinished ...>
18970 <... mmap resumed>)               = 0x100100200000
18968 mmap(NULL, 16384, PROT_READ|PROT_WRITE, MAP_PRIVATE|MAP_ANONYMOUS|MAP_NORESERVE, -1, 0 <unfinished ...>
18967 <... mmap resumed>)               = 0x1001c0200000
18966 mmap(NULL, 16384, PROT_READ|PROT_WRITE, MAP_PRIVATE|MAP_ANONYMOUS|MAP_NORESERVE, -1, 0 <unfinished ...>
18963 <... munmap resumed>)             = 0
18970 munmap(0x100100200000, 16384 <unfinished ...>
18967 munmap(0x1001c0200000, 16384 <unfinished ...>
18974 <... munmap resumed>)             = 0
18967 <... munmap resumed>)             = 0
18967 mmap(NULL, 16384, PROT_READ|PROT_WRITE, MAP_PRIVATE|MAP_ANONYMOUS|MAP_NORESERVE, -1, 0 <unfinished ...>
18963 mmap(NULL, 16384, PROT_READ|PROT_WRITE, MAP_PRIVATE|MAP_ANONYMOUS|MAP_NORESERVE, -1, 0 <unfinished ...>
18974 mmap(NULL, 16384, PROT_READ|PROT_WRITE, MAP_PRIVATE|MAP_ANONYMOUS|MAP_NORESERVE, -1, 0 <unfinished ...>
18958 <... mmap resumed>)               = 0x1001c0200000
18974 <... mmap resumed>)               = 0x100140200000
18962 <... munmap resumed>)             = 0
18958 munmap(0x1001c0200000, 16384 <unfinished ...>
18969 <... munmap resumed>)             = 0
18974 munmap(0x100140200000, 16384 <unfinished ...>
18972 <... munmap resumed>)             = 0
18969 mmap(NULL, 16384, PROT_READ|PROT_WRITE, MAP_PRIVATE|MAP_ANONYMOUS|MAP_NORESERVE, -1, 0 <unfinished ...>
18962 mmap(NULL, 16384, PROT_READ|PROT_WRITE, MAP_PRIVATE|MAP_ANONYMOUS|MAP_NORESERVE, -1, 0 <unfinished ...>
18972 mmap(NULL, 16384, PROT_READ|PROT_WRITE, MAP_PRIVATE|MAP_ANONYMOUS|MAP_NORESERVE, -1, 0 <unfinished ...>
18958 <... munmap resumed>)             = 0
18971 <... munmap resumed>)             = 0
18971 mmap(NULL, 16384, PROT_READ|PROT_WRITE, MAP_PRIVATE|MAP_ANONYMOUS|MAP_NORESERVE, -1, 0 <unfinished ...>
18972 <... mmap resumed>)               = 0x100100000000
18971 <... mmap resumed>)               = 0x1001c0200000
18958 mmap(NULL, 16384, PROT_READ|PROT_WRITE, MAP_PRIVATE|MAP_ANONYMOUS|MAP_NORESERVE, -1, 0 <unfinished ...>
18971 munmap(0x1001c0200000, 16384 <unfinished ...>
18965 <... munmap resumed>)             = 0
18961 <... mmap resumed>)               = 0x100000000000
18972 munmap(0x100100000000, 16384 <unfinished ...>
18965 mmap(NULL, 16384, PROT_READ|PROT_WRITE, MAP_PRIVATE|MAP_ANONYMOUS|MAP_NORESERVE, -1, 0 <unfinished ...>
18964 <... mmap resumed>)               = 0x100000200000
18973 <... munmap resumed>)             = 0
18972 <... munmap resumed>)             = 0
18966 <... mmap resumed>)               = 0x1000c0200000
18961 munmap(0x100000000000, 16384 <unfinished ...>
18957 <... mmap resumed>)               = 0x100080000000
18973 mmap(NULL, 16384, PROT_READ|PROT_WRITE, MAP_PRIVATE|MAP_ANONYMOUS|MAP_NORESERVE, -1, 0 <unfinished ...>
18970 <... munmap resumed>)             = 0
18966 munmap(0x1000c0200000, 16384 <unfinished ...>
18965 <... mmap resumed>)               = 0x100100200000
18964 munmap(0x100000200000, 16384 <unfinished ...>
18973 <... mmap resumed>)               = 0x100100000000
18972 mmap(NULL, 16384, PROT_READ|PROT_WRITE, MAP_PRIVATE|MAP_ANONYMOUS|MAP_NORESERVE, -1, 0 <unfinished ...>
18970 mmap(NULL, 16384, PROT_READ|PROT_WRITE, MAP_PRIVATE|MAP_ANONYMOUS|MAP_NORESERVE, -1, 0 <unfinished ...>
18968 <... mmap resumed>)               = 0x100000000000
18965 munmap(0x100100200000, 16384 <unfinished ...>
18962 <... mmap resumed>)               = 0x100040200000
18961 <... munmap resumed>)             = 0
18957 munmap(0x100080000000, 16384 <unfinished ...>
18967 <... mmap resumed>)               = 0x100140000000
18963 <... mmap resumed>)               = 0x1001c0000000
18968 munmap(0x100000000000, 16384 <unfinished ...>
18964 <... munmap resumed>)             = 0
18962 munmap(0x100040200000, 16384 <unfinished ...>
18957 <... munmap resumed>)             = 0
18969 <... mmap resumed>)               = 0x100080000000
18968 <... munmap resumed>)             = 0
18964 mmap(NULL, 16384, PROT_READ|PROT_WRITE, MAP_PRIVATE|MAP_ANONYMOUS|MAP_NORESERVE, -1, 0 <unfinished ...>
18963 munmap(0x1001c0000000, 16384 <unfinished ...>
18962 <... munmap resumed>)             = 0
18974 <... munmap resumed>)             = 0
18973 munmap(0x100100000000, 16384 <unfinished ...>
18969 munmap(0x100080000000, 16384 <unfinished ...>
18968 mmap(NULL, 16384, PROT_READ|PROT_WRITE, MAP_PRIVATE|MAP_ANONYMOUS|MAP_NORESERVE, -1, 0 <unfinished ...>
18967 munmap(0x100140000000, 16384 <unfinished ...>
18962 mmap(NULL, 16384, PROT_READ|PROT_WRITE, MAP_PRIVATE|MAP_ANONYMOUS|MAP_NORESERVE, -1, 0 <unfinished ...>
18961 mmap(NULL, 16384, PROT_READ|PROT_WRITE, MAP_PRIVATE|MAP_ANONYMOUS|MAP_NORESERVE, -1, 0 <unfinished ...>
18957 mmap(NULL, 16384, PROT_READ|PROT_WRITE, MAP_PRIVATE|MAP_ANONYMOUS|MAP_NORESERVE, -1, 0 <unfinished ...>
18974 mmap(NULL, 16384, PROT_READ|PROT_WRITE, MAP_PRIVATE|MAP_ANONYMOUS|MAP_NORESERVE, -1, 0 <unfinished ...>
18971 <... munmap resumed>)             = 0
18970 <... mmap resumed>)               = 0x100140200000
18966 <... munmap resumed>)             = 0
18958 <... mmap resumed>)               = 0x1001c0200000
18957 <... mmap resumed>)               = 0x100040200000
18972 <... mmap resumed>)               = 0x1000c0200000
18971 mmap(NULL, 16384, PROT_READ|PROT_WRITE, MAP_PRIVATE|MAP_ANONYMOUS|MAP_NORESERVE, -1, 0 <unfinished ...>
18970 munmap(0x100140200000, 16384 <unfinished ...>
18967 <... munmap resumed>)             = 0
18966 mmap(NULL, 16384, PROT_READ|PROT_WRITE, MAP_PRIVATE|MAP_ANONYMOUS|MAP_NORESERVE, -1, 0 <unfinished ...>
18965 <... munmap resumed>)             = 0
18957 munmap(0x100040200000, 16384 <unfinished ...>
18973 <... munmap resumed>)             = 0
18972 munmap(0x1000c0200000, 16384 <unfinished ...>
18971 <... mmap resumed>)               = 0x100100200000
18970 <... munmap resumed>)             = 0
18967 mmap(NULL, 16384, PROT_READ|PROT_WRITE, MAP_PRIVATE|MAP_ANONYMOUS|MAP_NORESERVE, -1, 0 <unfinished ...>
18966 <... mmap resumed>)               = 0x100140200000
18965 mmap(NULL, 16384, PROT_READ|PROT_WRITE, MAP_PRIVATE|MAP_ANONYMOUS|MAP_NORESERVE, -1, 0 <unfinished ...>
18964 <... mmap resumed>)               = 0x1001c0000000
18963 <... munmap resumed>)             = 0
18958 munmap(0x1001c0200000, 16384 <unfinished ...>
18974 <... mmap resumed>)               = 0x100000000000
18973 mmap(NULL, 16384, PROT_READ|PROT_WRITE, MAP_PRIVATE|MAP_ANONYMOUS|MAP_NORESERVE, -1, 0 <unfinished ...>
18971 munmap(0x100100200000, 16384 <unfinished ...>
18970 mmap(NULL, 16384, PROT_READ|PROT_WRITE, MAP_PRIVATE|MAP_ANONYMOUS|MAP_NORESERVE, -1, 0 <unfinished ...>
18969 <... munmap resumed>)             = 0
18968 <... mmap resumed>)               = 0x100100000000
18966 munmap(0x100140200000, 16384 <unfinished ...>
18965 <... mmap resumed>)               = 0x100080000000
18964 munmap(0x1001c0000000, 16384 <unfinished ...>
18974 munmap(0x100000000000, 16384 <unfinished ...>
18962 <... mmap resumed>)               = 0x100000200000
18961 <... mmap resumed>)               = 0x100140000000
18958 <... munmap resumed>)             = 0
18971 <... munmap resumed>)             = 0
18970 <... mmap resumed>)               = 0x100100200000
18965 munmap(0x100080000000, 16384 <unfinished ...>
18963 mmap(NULL, 16384, PROT_READ|PROT_WRITE, MAP_PRIVATE|MAP_ANONYMOUS|MAP_NORESERVE, -1, 0 <unfinished ...>
18962 munmap(0x100000200000, 16384 <unfinished ...>
18961 munmap(0x100140000000, 16384 <unfinished ...>
18971 mmap(NULL, 16384, PROT_READ|PROT_WRITE, MAP_PRIVATE|MAP_ANONYMOUS|MAP_NORESERVE, -1, 0 <unfinished ...>
18970 munmap(0x100100200000, 16384 <unfinished ...>
18969 mmap(NULL, 16384, PROT_READ|PROT_WRITE, MAP_PRIVATE|MAP_ANONYMOUS|MAP_NORESERVE, -1, 0 <unfinished ...>
18968 munmap(0x100100000000, 16384 <unfinished ...>
18964 <... munmap resumed>)             = 0
18963 <... mmap resumed>)               = 0x1001c0000000
18958 mmap(NULL, 16384, PROT_READ|PROT_WRITE, MAP_PRIVATE|MAP_ANONYMOUS|MAP_NORESERVE, -1, 0 <unfinished ...>
18970 <... munmap resumed>)             = 0
18964 mmap(NULL, 16384, PROT_READ|PROT_WRITE, MAP_PRIVATE|MAP_ANONYMOUS|MAP_NORESERVE, -1, 0 <unfinished ...>
18962 <... munmap resumed>)             = 0
18963 munmap(0x1001c0000000, 16384 <unfinished ...>
18972 <... munmap resumed>)             = 0
18970 mmap(NULL, 16384, PROT_READ|PROT_WRITE, MAP_PRIVATE|MAP_ANONYMOUS|MAP_NORESERVE, -1, 0 <unfinished ...>
18962 mmap(NULL, 16384, PROT_READ|PROT_WRITE, MAP_PRIVATE|MAP_ANONYMOUS|MAP_NORESERVE, -1, 0 <unfinished ...>
18972 mmap(NULL, 16384, PROT_READ|PROT_WRITE, MAP_PRIVATE|MAP_ANONYMOUS|MAP_NORESERVE, -1, 0 <unfinished ...>
18967 <... mmap resumed>)               = 0x100040200000
18957 <... munmap resumed>)             = 0
18973 <... mmap resumed>)               = 0x100100200000
18967 munmap(0x100040200000, 16384 <unfinished ...>
18966 <... munmap resumed>)             = 0
18962 <... mmap resumed>)               = 0x1000c0200000
18974 <... munmap resumed>)             = 0
18973 munmap(0x100100200000, 16384 <unfinished ...>
18957 mmap(NULL, 16384, PROT_READ|PROT_WRITE, MAP_PRIVATE|MAP_ANONYMOUS|MAP_NORESERVE, -1, 0 <unfinished ...>
18974 mmap(NULL, 16384, PROT_READ|PROT_WRITE, MAP_PRIVATE|MAP_ANONYMOUS|MAP_NORESERVE, -1, 0 <unfinished ...>
18966 mmap(NULL, 16384, PROT_READ|PROT_WRITE, MAP_PRIVATE|MAP_ANONYMOUS|MAP_NORESERVE, -1, 0 <unfinished ...>
18962 munmap(0x1000c0200000, 16384 <unfinished ...>
18973 <... munmap resumed>)             = 0
18967 <... munmap resumed>)             = 0
18957 <... mmap resumed>)               = 0x100100200000
18973 mmap(NULL, 16384, PROT_READ|PROT_WRITE, MAP_PRIVATE|MAP_ANONYMOUS|MAP_NORESERVE, -1, 0 <unfinished ...>
18965 <... munmap resumed>)             = 0
18973 <... mmap resumed>)               = 0x100040200000
18971 <... mmap resumed>)               = 0x100080000000
18967 mmap(NULL, 16384, PROT_READ|PROT_WRITE, MAP_PRIVATE|MAP_ANONYMOUS|MAP_NORESERVE, -1, 0 <unfinished ...>
18957 munmap(0x100100200000, 16384 <unfinished ...>
18973 munmap(0x100040200000, 16384 <unfinished ...>
18971 munmap(0x100080000000, 16384 <unfinished ...>
18969 <... mmap resumed>)               = 0x100000000000
18967 <... mmap resumed>)               = 0x100140000000
18965 mmap(NULL, 16384, PROT_READ|PROT_WRITE, MAP_PRIVATE|MAP_ANONYMOUS|MAP_NORESERVE, -1, 0 <unfinished ...>
18961 <... munmap resumed>)             = 0
18971 <... munmap resumed>)             = 0
18967 munmap(0x100140000000, 16384 <unfinished ...>
18958 <... mmap resumed>)               = 0x100140200000
18957 <... munmap resumed>)             = 0
18971 mmap(NULL, 16384, PROT_READ|PROT_WRITE, MAP_PRIVATE|MAP_ANONYMOUS|MAP_NORESERVE, -1, 0 <unfinished ...>
18969 munmap(0x100000000000, 16384 <unfinished ...>
18965 <... mmap resumed>)               = 0x100100200000
18964 <... mmap resumed>)               = 0x100080000000
18958 munmap(0x100140200000, 16384 <unfinished ...>
18957 mmap(NULL, 16384, PROT_READ|PROT_WRITE, MAP_PRIVATE|MAP_ANONYMOUS|MAP_NORESERVE, -1, 0 <unfinished ...>
18967 <... munmap resumed>)             = 0
18965 munmap(0x100100200000, 16384 <unfinished ...>
18964 munmap(0x100080000000, 16384 <unfinished ...>
18961 mmap(NULL, 16384, PROT_READ|PROT_WRITE, MAP_PRIVATE|MAP_ANONYMOUS|MAP_NORESERVE, -1, 0 <unfinished ...>
18967 mmap(NULL, 16384, PROT_READ|PROT_WRITE, MAP_PRIVATE|MAP_ANONYMOUS|MAP_NORESERVE, -1, 0 <unfinished ...>
18963 <... munmap resumed>)             = 0
18958 <... munmap resumed>)             = 0
18965 <... munmap resumed>)             = 0
18963 mmap(NULL, 16384, PROT_READ|PROT_WRITE, MAP_PRIVATE|MAP_ANONYMOUS|MAP_NORESERVE, -1, 0 <unfinished ...>
18961 <... mmap resumed>)               = 0x1001c0000000
18958 mmap(NULL, 16384, PROT_READ|PROT_WRITE, MAP_PRIVATE|MAP_ANONYMOUS|MAP_NORESERVE, -1, 0 <unfinished ...>
18965 mmap(NULL, 16384, PROT_READ|PROT_WRITE, MAP_PRIVATE|MAP_ANONYMOUS|MAP_NORESERVE, -1, 0 <unfinished ...>
18961 munmap(0x1001c0000000, 16384 <unfinished ...>
18968 <... munmap resumed>)             = 0
18970 <... mmap resumed>)               = 0x100100000000
18965 <... mmap resumed>)               = 0x100100200000
18961 <... munmap resumed>)             = 0
18972 <... mmap resumed>)               = 0x1001c0000000
18970 munmap(0x100100000000, 16384 <unfinished ...>
18974 <... mmap resumed>)               = 0x100140200000
18972 munmap(0x1001c0000000, 16384 <unfinished ...>
18968 mmap(NULL, 16384, PROT_READ|PROT_WRITE, MAP_PRIVATE|MAP_ANONYMOUS|MAP_NORESERVE, -1, 0 <unfinished ...>
18965 munmap(0x100100200000, 16384 <unfinished ...>
18961 mmap(NULL, 16384, PROT_READ|PROT_WRITE, MAP_PRIVATE|MAP_ANONYMOUS|MAP_NORESERVE, -1, 0 <unfinished ...>
18974 munmap(0x100140200000, 16384 <unfinished ...>
18970 <... munmap resumed>)             = 0
18974 <... munmap resumed>)             = 0
18970 mmap(NULL, 16384, PROT_READ|PROT_WRITE, MAP_PRIVATE|MAP_ANONYMOUS|MAP_NORESERVE, -1, 0 <unfinished ...>
18966 <... mmap resumed>)               = 0x100140200000
18974 mmap(NULL, 16384, PROT_READ|PROT_WRITE, MAP_PRIVATE|MAP_ANONYMOUS|MAP_NORESERVE, -1, 0 <unfinished ...>
18970 <... mmap resumed>)               = 0x100100000000
18966 munmap(0x100140200000, 16384 <unfinished ...>
18962 <... munmap resumed>)             = 0
18970 munmap(0x100100000000, 16384 <unfinished ...>
18962 mmap(NULL, 16384, PROT_READ|PROT_WRITE, MAP_PRIVATE|MAP_ANONYMOUS|MAP_NORESERVE, -1, 0 <unfinished ...>
18973 <... munmap resumed>)             = 0
18966 <... munmap resumed>)             = 0
18973 mmap(NULL, 16384, PROT_READ|PROT_WRITE, MAP_PRIVATE|MAP_ANONYMOUS|MAP_NORESERVE, -1, 0 <unfinished ...>
18971 <... mmap resumed>)               = 0x100140200000
18970 <... munmap resumed>)             = 0
18966 mmap(NULL, 16384, PROT_READ|PROT_WRITE, MAP_PRIVATE|MAP_ANONYMOUS|MAP_NORESERVE, -1, 0 <unfinished ...>
18970 mmap(NULL, 16384, PROT_READ|PROT_WRITE, MAP_PRIVATE|MAP_ANONYMOUS|MAP_NORESERVE, -1, 0 <unfinished ...>
18971 munmap(0x100140200000, 16384 <unfinished ...>
18969 <... munmap resumed>)             = 0
18966 <... mmap resumed>)               = 0x100100000000
18957 <... mmap resumed>)               = 0x100000000000
18964 <... munmap resumed>)             = 0
18966 munmap(0x100100000000, 16384 <unfinished ...>
18971 <... munmap resumed>)             = 0
18969 mmap(NULL, 16384, PROT_READ|PROT_WRITE, MAP_PRIVATE|MAP_ANONYMOUS|MAP_NORESERVE, -1, 0 <unfinished ...>
18964 mmap(NULL, 16384, PROT_READ|PROT_WRITE, MAP_PRIVATE|MAP_ANONYMOUS|MAP_NORESERVE, -1, 0 <unfinished ...>
18957 munmap(0x100000000000, 16384 <unfinished ...>
18971 mmap(NULL, 16384, PROT_READ|PROT_WRITE, MAP_PRIVATE|MAP_ANONYMOUS|MAP_NORESERVE, -1, 0 <unfinished ...>
18966 <... munmap resumed>)             = 0
18967 <... mmap resumed>)               = 0x100100000000
18963 <... mmap resumed>)               = 0x100000000000
18957 <... munmap resumed>)             = 0
18972 <... munmap resumed>)             = 0
18968 <... mmap resumed>)               = 0x1001c0000000
18967 munmap(0x100100000000, 16384 <unfinished ...>
18966 mmap(NULL, 16384, PROT_READ|PROT_WRITE, MAP_PRIVATE|MAP_ANONYMOUS|MAP_NORESERVE, -1, 0 <unfinished ...>
18965 <... munmap resumed>)             = 0
18963 munmap(0x100000000000, 16384 <unfinished ...>
18961 <... mmap resumed>)               = 0x100100200000
18958 <... mmap resumed>)               = 0x100140200000
18974 <... mmap resumed>)               = 0x100080000000
18973 <... mmap resumed>)               = 0x100100000000
18972 mmap(NULL, 16384, PROT_READ|PROT_WRITE, MAP_PRIVATE|MAP_ANONYMOUS|MAP_NORESERVE, -1, 0 <unfinished ...>
18970 <... mmap resumed>)               = 0x1000c0200000
18969 <... mmap resumed>)               = 0x100000200000
18968 munmap(0x1001c0000000, 16384 <unfinished ...>
18967 <... munmap resumed>)             = 0
18966 <... mmap resumed>)               = 0x100140000000
18965 mmap(NULL, 16384, PROT_READ|PROT_WRITE, MAP_PRIVATE|MAP_ANONYMOUS|MAP_NORESERVE, -1, 0 <unfinished ...>
18964 <... mmap resumed>)               = 0x1001c0200000
18962 <... mmap resumed>)               = 0x100040200000
18961 munmap(0x100100200000, 16384 <unfinished ...>
18957 mmap(NULL, 16384, PROT_READ|PROT_WRITE, MAP_PRIVATE|MAP_ANONYMOUS|MAP_NORESERVE, -1, 0 <unfinished ...>
18974 munmap(0x100080000000, 16384 <unfinished ...>
18973 munmap(0x100100000000, 16384 <unfinished ...>
18971 <... mmap resumed>)               = 0x100000000000
18969 munmap(0x100000200000, 16384 <unfinished ...>
18967 mmap(NULL, 16384, PROT_READ|PROT_WRITE, MAP_PRIVATE|MAP_ANONYMOUS|MAP_NORESERVE, -1, 0 <unfinished ...>
18966 munmap(0x100140000000, 16384 <unfinished ...>
18963 <... munmap resumed>)             = 0
18958 munmap(0x100140200000, 16384 <unfinished ...>
18973 <... munmap resumed>)             = 0
18972 <... mmap resumed>)               = 0x100100200000
18971 munmap(0x100000000000, 16384 <unfinished ...>
18970 munmap(0x1000c0200000, 16384 <unfinished ...>
18969 <... munmap resumed>)             = 0
18968 <... munmap resumed>)             = 0
18964 munmap(0x1001c0200000, 16384 <unfinished ...>
18963 mmap(NULL, 16384, PROT_READ|PROT_WRITE, MAP_PRIVATE|MAP_ANONYMOUS|MAP_NORESERVE, -1, 0 <unfinished ...>
18962 munmap(0x100040200000, 16384 <unfinished ...>
18961 <... munmap resumed>)             = 0
18973 mmap(NULL, 16384, PROT_READ|PROT_WRITE, MAP_PRIVATE|MAP_ANONYMOUS|MAP_NORESERVE, -1, 0 <unfinished ...>
18972 munmap(0x100100200000, 16384 <unfinished ...>
18969 mmap(NULL, 16384, PROT_READ|PROT_WRITE, MAP_PRIVATE|MAP_ANONYMOUS|MAP_NORESERVE, -1, 0 <unfinished ...>
18968 mmap(NULL, 16384, PROT_READ|PROT_WRITE, MAP_PRIVATE|MAP_ANONYMOUS|MAP_NORESERVE, -1, 0 <unfinished ...>
18971 <... munmap resumed>)             = 0
18966 <... munmap resumed>)             = 0
18969 <... mmap resumed>)               = 0x100040200000
18965 <... mmap resumed>)               = 0x100000000000
18962 <... munmap resumed>)             = 0
18961 mmap(NULL, 16384, PROT_READ|PROT_WRITE, MAP_PRIVATE|MAP_ANONYMOUS|MAP_NORESERVE, -1, 0 <unfinished ...>
18969 munmap(0x100040200000, 16384 <unfinished ...>
18968 <... mmap resumed>)               = 0x100000200000
18966 mmap(NULL, 16384, PROT_READ|PROT_WRITE, MAP_PRIVATE|MAP_ANONYMOUS|MAP_NORESERVE, -1, 0 <unfinished ...>
18963 <... mmap resumed>)               = 0x100140000000
18962 mmap(NULL, 16384, PROT_READ|PROT_WRITE, MAP_PRIVATE|MAP_ANONYMOUS|MAP_NORESERVE, -1, 0 <unfinished ...>
18957 <... mmap resumed>)               = 0x100100000000
18974 <... munmap resumed>)             = 0
18971 mmap(NULL, 16384, PROT_READ|PROT_WRITE, MAP_PRIVATE|MAP_ANONYMOUS|MAP_NORESERVE, -1, 0 <unfinished ...>
18968 munmap(0x100000200000, 16384 <unfinished ...>
18967 <... mmap resumed>)               = 0x1001c0000000
18966 <... mmap resumed>)               = 0x100080000000
18965 munmap(0x100000000000, 16384 <unfinished ...>
18963 munmap(0x100140000000, 16384 <unfinished ...>
18974 mmap(NULL, 16384, PROT_READ|PROT_WRITE, MAP_PRIVATE|MAP_ANONYMOUS|MAP_NORESERVE, -1, 0 <unfinished ...>
18958 <... munmap resumed>)             = 0
18957 munmap(0x100100000000, 16384 <unfinished ...>
18967 munmap(0x1001c0000000, 16384 <unfinished ...>
18966 munmap(0x100080000000, 16384 <unfinished ...>
18965 <... munmap resumed>)             = 0
18958 mmap(NULL, 16384, PROT_READ|PROT_WRITE, MAP_PRIVATE|MAP_ANONYMOUS|MAP_NORESERVE, -1, 0 <unfinished ...>
18970 <... munmap resumed>)             = 0
18965 mmap(NULL, 16384, PROT_READ|PROT_WRITE, MAP_PRIVATE|MAP_ANONYMOUS|MAP_NORESERVE, -1, 0 <unfinished ...>
18970 mmap(NULL, 16384, PROT_READ|PROT_WRITE, MAP_PRIVATE|MAP_ANONYMOUS|MAP_NORESERVE, -1, 0 <unfinished ...>
18964 <... munmap resumed>)             = 0
18973 <... mmap resumed>)               = 0x1001c0200000
18966 <... munmap resumed>)             = 0
18958 <... mmap resumed>)               = 0x1000c0200000
18973 munmap(0x1001c0200000, 16384 <unfinished ...>
18970 <... mmap resumed>)               = 0x100000000000
18964 mmap(NULL, 16384, PROT_READ|PROT_WRITE, MAP_PRIVATE|MAP_ANONYMOUS|MAP_NORESERVE, -1, 0 <unfinished ...>
18961 <... mmap resumed>)               = 0x100080000000
18970 munmap(0x100000000000, 16384 <unfinished ...>
18966 mmap(NULL, 16384, PROT_READ|PROT_WRITE, MAP_PRIVATE|MAP_ANONYMOUS|MAP_NORESERVE, -1, 0 <unfinished ...>
18958 munmap(0x1000c0200000, 16384 <unfinished ...>
18970 <... munmap resumed>)             = 0
18969 <... munmap resumed>)             = 0
18961 munmap(0x100080000000, 16384 <unfinished ...>
18972 <... munmap resumed>)             = 0
18970 mmap(NULL, 16384, PROT_READ|PROT_WRITE, MAP_PRIVATE|MAP_ANONYMOUS|MAP_NORESERVE, -1, 0 <unfinished ...>
18969 mmap(NULL, 16384, PROT_READ|PROT_WRITE, MAP_PRIVATE|MAP_ANONYMOUS|MAP_NORESERVE, -1, 0 <unfinished ...>
18972 mmap(NULL, 16384, PROT_READ|PROT_WRITE, MAP_PRIVATE|MAP_ANONYMOUS|MAP_NORESERVE, -1, 0 <unfinished ...>
18971 <... mmap resumed>)               = 0x100100200000
18968 <... munmap resumed>)             = 0
18961 <... munmap resumed>)             = 0
18969 <... mmap resumed>)               = 0x100080000000
18968 mmap(NULL, 16384, PROT_READ|PROT_WRITE, MAP_PRIVATE|MAP_ANONYMOUS|MAP_NORESERVE, -1, 0 <unfinished ...>
18971 munmap(0x100100200000, 16384 <unfinished ...>
18962 <... mmap resumed>)               = 0x100000200000
18974 <... mmap resumed>)               = 0x100040200000
18972 <... mmap resumed>)               = 0x100000000000
18968 <... mmap resumed>)               = 0x100140200000
18961 mmap(NULL, 16384, PROT_READ|PROT_WRITE, MAP_PRIVATE|MAP_ANONYMOUS|MAP_NORESERVE, -1, 0 <unfinished ...>
18962 munmap(0x100000200000, 16384 <unfinished ...>
18972 munmap(0x100000000000, 16384 <unfinished ...>
18957 <... munmap resumed>)             = 0
18969 munmap(0x100080000000, 16384 <unfinished ...>
18968 munmap(0x100140200000, 16384 <unfinished ...>
18967 <... munmap resumed>)             = 0
18963 <... munmap resumed>)             = 0
18957 mmap(NULL, 16384, PROT_READ|PROT_WRITE, MAP_PRIVATE|MAP_ANONYMOUS|MAP_NORESERVE, -1, 0 <unfinished ...>
18974 munmap(0x100040200000, 16384 <unfinished ...>
18969 <... munmap resumed>)             = 0
18968 <... munmap resumed>)             = 0
18967 mmap(NULL, 16384, PROT_READ|PROT_WRITE, MAP_PRIVATE|MAP_ANONYMOUS|MAP_NORESERVE, -1, 0 <unfinished ...>
18963 mmap(NULL, 16384, PROT_READ|PROT_WRITE, MAP_PRIVATE|MAP_ANONYMOUS|MAP_NORESERVE, -1, 0 <unfinished ...>
18965 <... mmap resumed>)               = 0x100140200000
18969 mmap(NULL, 16384, PROT_READ|PROT_WRITE, MAP_PRIVATE|MAP_ANONYMOUS|MAP_NORESERVE, -1, 0 <unfinished ...>
18968 mmap(NULL, 16384, PROT_READ|PROT_WRITE, MAP_PRIVATE|MAP_ANONYMOUS|MAP_NORESERVE, -1, 0 <unfinished ...>
18965 munmap(0x100140200000, 16384 <unfinished ...>
18973 <... munmap resumed>)             = 0
18969 <... mmap resumed>)               = 0x100080000000
18966 <... mmap resumed>)               = 0x1001c0200000
18965 <... munmap resumed>)             = 0
18958 <... munmap resumed>)             = 0
18970 <... mmap resumed>)               = 0x100140200000
18964 <... mmap resumed>)               = 0x1000c0200000
18970 munmap(0x100140200000, 16384 <unfinished ...>
18969 munmap(0x100080000000, 16384 <unfinished ...>
18966 munmap(0x1001c0200000, 16384 <unfinished ...>
18958 mmap(NULL, 16384, PROT_READ|PROT_WRITE, MAP_PRIVATE|MAP_ANONYMOUS|MAP_NORESERVE, -1, 0 <unfinished ...>
18965 mmap(NULL, 16384, PROT_READ|PROT_WRITE, MAP_PRIVATE|MAP_ANONYMOUS|MAP_NORESERVE, -1, 0 <unfinished ...>
18971 <... munmap resumed>)             = 0
18964 munmap(0x1000c0200000, 16384 <unfinished ...>
18971 mmap(NULL, 16384, PROT_READ|PROT_WRITE, MAP_PRIVATE|MAP_ANONYMOUS|MAP_NORESERVE, -1, 0 <unfinished ...>
18966 <... munmap resumed>)             = 0
18958 <... mmap resumed>)               = 0x1001c0200000
18971 <... mmap resumed>)               = 0x100140200000
18970 <... munmap resumed>)             = 0
18962 <... munmap resumed>)             = 0
18958 munmap(0x1001c0200000, 16384 <unfinished ...>
18972 <... munmap resumed>)             = 0
18970 mmap(NULL, 16384, PROT_READ|PROT_WRITE, MAP_PRIVATE|MAP_ANONYMOUS|MAP_NORESERVE, -1, 0 <unfinished ...>
18966 mmap(NULL, 16384, PROT_READ|PROT_WRITE, MAP_PRIVATE|MAP_ANONYMOUS|MAP_NORESERVE, -1, 0 <unfinished ...>
18971 munmap(0x100140200000, 16384 <unfinished ...>
18965 <... mmap resumed>)               = 0x100000200000
18973 mmap(NULL, 16384, PROT_READ|PROT_WRITE, MAP_PRIVATE|MAP_ANONYMOUS|MAP_NORESERVE, -1, 0 <unfinished ...>
18972 mmap(NULL, 16384, PROT_READ|PROT_WRITE, MAP_PRIVATE|MAP_ANONYMOUS|MAP_NORESERVE, -1, 0 <unfinished ...>
18969 <... munmap resumed>)             = 0
18962 mmap(NULL, 16384, PROT_READ|PROT_WRITE, MAP_PRIVATE|MAP_ANONYMOUS|MAP_NORESERVE, -1, 0 <unfinished ...>
18974 <... munmap resumed>)             = 0
18973 <... mmap resumed>)               = 0x100140200000
18972 <... mmap resumed>)               = 0x100080000000
18971 <... munmap resumed>)             = 0
18970 <... mmap resumed>)               = 0x100100200000
18969 mmap(NULL, 16384, PROT_READ|PROT_WRITE, MAP_PRIVATE|MAP_ANONYMOUS|MAP_NORESERVE, -1, 0 <unfinished ...>
18967 <... mmap resumed>)               = 0x100180000000
18966 <... mmap resumed>)               = 0x100100000000
18965 munmap(0x100000200000, 16384 <unfinished ...>
18963 <... mmap resumed>)               = 0x100040200000
18962 <... mmap resumed>)               = 0x100000000000
18961 <... mmap resumed>)               = 0x1001c0000000
18957 <... mmap resumed>)               = 0x100140000000
18974 mmap(NULL, 16384, PROT_READ|PROT_WRITE, MAP_PRIVATE|MAP_ANONYMOUS|MAP_NORESERVE, -1, 0 <unfinished ...>
18973 munmap(0x100140200000, 16384 <unfinished ...>
18972 munmap(0x100080000000, 16384 <unfinished ...>
18971 mmap(NULL, 16384, PROT_READ|PROT_WRITE, MAP_PRIVATE|MAP_ANONYMOUS|MAP_NORESERVE, -1, 0 <unfinished ...>
18970 munmap(0x100100200000, 16384 <unfinished ...>
18968 <... mmap resumed>)               = 0x100180200000
18967 munmap(0x100180000000, 16384 <unfinished ...>
18966 munmap(0x100100000000, 16384 <unfinished ...>
18964 <... munmap resumed>)             = 0
18963 munmap(0x100040200000, 16384 <unfinished ...>
18958 <... munmap resumed>)             = 0
18974 <... mmap resumed>)               = 0x100000200000
18971 <... mmap resumed>)               = 0x1000c0200000
18969 <... mmap resumed>)               = 0x1001c0200000
18968 munmap(0x100180200000, 16384 <unfinished ...>
18965 <... munmap resumed>)             = 0
18962 munmap(0x100000000000, 16384 <unfinished ...>
18961 munmap(0x1001c0000000, 16384 <unfinished ...>
18971 munmap(0x1000c0200000, 16384 <unfinished ...>
18965 mmap(NULL, 16384, PROT_READ|PROT_WRITE, MAP_PRIVATE|MAP_ANONYMOUS|MAP_NORESERVE, -1, 0 <unfinished ...>
18964 mmap(NULL, 16384, PROT_READ|PROT_WRITE, MAP_PRIVATE|MAP_ANONYMOUS|MAP_NORESERVE, -1, 0 <unfinished ...>
18958 mmap(NULL, 16384, PROT_READ|PROT_WRITE, MAP_PRIVATE|MAP_ANONYMOUS|MAP_NORESERVE, -1, 0 <unfinished ...>
18957 munmap(0x100140000000, 16384 <unfinished ...>
18974 munmap(0x100000200000, 16384 <unfinished ...>
18972 <... munmap resumed>)             = 0
18970 <... munmap resumed>)             = 0
18969 munmap(0x1001c0200000, 16384 <unfinished ...>
18972 mmap(NULL, 16384, PROT_READ|PROT_WRITE, MAP_PRIVATE|MAP_ANONYMOUS|MAP_NORESERVE, -1, 0 <unfinished ...>
18970 mmap(NULL, 16384, PROT_READ|PROT_WRITE, MAP_PRIVATE|MAP_ANONYMOUS|MAP_NORESERVE, -1, 0 <unfinished ...>
18967 <... munmap resumed>)             = 0
18957 <... munmap resumed>)             = 0
18973 <... munmap resumed>)             = 0
18966 <... munmap resumed>)             = 0
18970 <... mmap resumed>)               = 0x100100000000
18967 mmap(NULL, 16384, PROT_READ|PROT_WRITE, MAP_PRIVATE|MAP_ANONYMOUS|MAP_NORESERVE, -1, 0 <unfinished ...>
18970 munmap(0x100100000000, 16384 <unfinished ...>
18966 mmap(NULL, 16384, PROT_READ|PROT_WRITE, MAP_PRIVATE|MAP_ANONYMOUS|MAP_NORESERVE, -1, 0 <unfinished ...>
18957 mmap(NULL, 16384, PROT_READ|PROT_WRITE, MAP_PRIVATE|MAP_ANONYMOUS|MAP_NORESERVE, -1, 0 <unfinished ...>
18973 mmap(NULL, 16384, PROT_READ|PROT_WRITE, MAP_PRIVATE|MAP_ANONYMOUS|MAP_NORESERVE, -1, 0 <unfinished ...>
18963 <... munmap resumed>)             = 0
18957 <... mmap resumed>)               = 0x100040200000
18968 <... munmap resumed>)             = 0
18963 mmap(NULL, 16384, PROT_READ|PROT_WRITE, MAP_PRIVATE|MAP_ANONYMOUS|MAP_NORESERVE, -1, 0 <unfinished ...>
18961 <... munmap resumed>)             = 0
18957 munmap(0x100040200000, 16384 <unfinished ...>
18971 <... munmap resumed>)             = 0
18968 mmap(NULL, 16384, PROT_READ|PROT_WRITE, MAP_PRIVATE|MAP_ANONYMOUS|MAP_NORESERVE, -1, 0 <unfinished ...>
18965 <... mmap resumed>)               = 0x1001c0000000
18963 <... mmap resumed>)               = 0x100040200000
18961 mmap(NULL, 16384, PROT_READ|PROT_WRITE, MAP_PRIVATE|MAP_ANONYMOUS|MAP_NORESERVE, -1, 0 <unfinished ...>
18957 <... munmap resumed>)             = 0
18971 mmap(NULL, 16384, PROT_READ|PROT_WRITE, MAP_PRIVATE|MAP_ANONYMOUS|MAP_NORESERVE, -1, 0 <unfinished ...>
18968 <... mmap resumed>)               = 0x1000c0200000
18965 munmap(0x1001c0000000, 16384 <unfinished ...>
18963 munmap(0x100040200000, 16384 <unfinished ...>
18962 <... munmap resumed>)             = 0
18961 <... mmap resumed>)               = 0x100000000000
18957 mmap(NULL, 16384, PROT_READ|PROT_WRITE, MAP_PRIVATE|MAP_ANONYMOUS|MAP_NORESERVE, -1, 0 <unfinished ...>
18965 <... munmap resumed>)             = 0
18964 <... mmap resumed>)               = 0x100180200000
18974 <... munmap resumed>)             = 0
18972 <... mmap resumed>)               = 0x1001c0200000
18971 <... mmap resumed>)               = 0x100040200000
18969 <... munmap resumed>)             = 0
18968 munmap(0x1000c0200000, 16384 <unfinished ...>
18965 mmap(NULL, 16384, PROT_READ|PROT_WRITE, MAP_PRIVATE|MAP_ANONYMOUS|MAP_NORESERVE, -1, 0 <unfinished ...>
18964 munmap(0x100180200000, 16384 <unfinished ...>
18963 <... munmap resumed>)             = 0
18962 mmap(NULL, 16384, PROT_READ|PROT_WRITE, MAP_PRIVATE|MAP_ANONYMOUS|MAP_NORESERVE, -1, 0 <unfinished ...>
18961 munmap(0x100000000000, 16384 <unfinished ...>
18957 <... mmap resumed>)               = 0x1001c0000000
18974 mmap(NULL, 16384, PROT_READ|PROT_WRITE, MAP_PRIVATE|MAP_ANONYMOUS|MAP_NORESERVE, -1, 0 <unfinished ...>
18972 munmap(0x1001c0200000, 16384 <unfinished ...>
18971 munmap(0x100040200000, 16384 <unfinished ...>
18970 <... munmap resumed>)             = 0
18969 mmap(NULL, 16384, PROT_READ|PROT_WRITE, MAP_PRIVATE|MAP_ANONYMOUS|MAP_NORESERVE, -1, 0 <unfinished ...>
18967 <... mmap resumed>)               = 0x100140200000
18966 <... mmap resumed>)               = 0x100140000000
18963 mmap(NULL, 16384, PROT_READ|PROT_WRITE, MAP_PRIVATE|MAP_ANONYMOUS|MAP_NORESERVE, -1, 0 <unfinished ...>
18958 <... mmap resumed>)               = 0x100000200000
18973 <... mmap resumed>)               = 0x100100000000
18970 mmap(NULL, 16384, PROT_READ|PROT_WRITE, MAP_PRIVATE|MAP_ANONYMOUS|MAP_NORESERVE, -1, 0 <unfinished ...>
18967 munmap(0x100140200000, 16384 <unfinished ...>
18966 munmap(0x100140000000, 16384 <unfinished ...>
18961 <... munmap resumed>)             = 0
18957 munmap(0x1001c0000000, 16384 <unfinished ...>
18973 munmap(0x100100000000, 16384 <unfinished ...>
18968 <... munmap resumed>)             = 0
18958 munmap(0x100000200000, 16384 <unfinished ...>
18973 <... munmap resumed>)             = 0
18967 <... munmap resumed>)             = 0
18961 mmap(NULL, 16384, PROT_READ|PROT_WRITE, MAP_PRIVATE|MAP_ANONYMOUS|MAP_NORESERVE, -1, 0 <unfinished ...>
18973 mmap(NULL, 16384, PROT_READ|PROT_WRITE, MAP_PRIVATE|MAP_ANONYMOUS|MAP_NORESERVE, -1, 0 <unfinished ...>
18967 mmap(NULL, 16384, PROT_READ|PROT_WRITE, MAP_PRIVATE|MAP_ANONYMOUS|MAP_NORESERVE, -1, 0 <unfinished ...>
18957 <... munmap resumed>)             = 0
18968 mmap(NULL, 16384, PROT_READ|PROT_WRITE, MAP_PRIVATE|MAP_ANONYMOUS|MAP_NORESERVE, -1, 0 <unfinished ...>
18964 <... munmap resumed>)             = 0
18962 <... mmap resumed>)               = 0x100180200000
18965 <... mmap resumed>)               = 0x1001c0000000
18957 mmap(NULL, 16384, PROT_READ|PROT_WRITE, MAP_PRIVATE|MAP_ANONYMOUS|MAP_NORESERVE, -1, 0 <unfinished ...>
18964 mmap(NULL, 16384, PROT_READ|PROT_WRITE, MAP_PRIVATE|MAP_ANONYMOUS|MAP_NORESERVE, -1, 0 <unfinished ...>
18971 <... munmap resumed>)             = 0
18968 <... mmap resumed>)               = 0x100040200000
18965 munmap(0x1001c0000000, 16384 <unfinished ...>
18962 munmap(0x100180200000, 16384 <unfinished ...>
18968 munmap(0x100040200000, 16384 <unfinished ...>
18972 <... munmap resumed>)             = 0
18971 mmap(NULL, 16384, PROT_READ|PROT_WRITE, MAP_PRIVATE|MAP_ANONYMOUS|MAP_NORESERVE, -1, 0 <unfinished ...>
18968 <... munmap resumed>)             = 0
18965 <... munmap resumed>)             = 0
18974 <... mmap resumed>)               = 0x100040200000
18972 mmap(NULL, 16384, PROT_READ|PROT_WRITE, MAP_PRIVATE|MAP_ANONYMOUS|MAP_NORESERVE, -1, 0 <unfinished ...>
18971 <... mmap resumed>)               = 0x100180200000
18969 <... mmap resumed>)               = 0x1001c0000000
18968 mmap(NULL, 16384, PROT_READ|PROT_WRITE, MAP_PRIVATE|MAP_ANONYMOUS|MAP_NORESERVE, -1, 0 <unfinished ...>
18965 mmap(NULL, 16384, PROT_READ|PROT_WRITE, MAP_PRIVATE|MAP_ANONYMOUS|MAP_NORESERVE, -1, 0 <unfinished ...>
18962 <... munmap resumed>)             = 0
18963 <... mmap resumed>)               = 0x1001c0200000
18974 munmap(0x100040200000, 16384 <unfinished ...>
18972 <... mmap resumed>)               = 0x100100000000
18971 munmap(0x100180200000, 16384 <unfinished ...>
18970 <... mmap resumed>)               = 0x100140200000
18969 munmap(0x1001c0000000, 16384 <unfinished ...>
18968 <... mmap resumed>)               = 0x1000c0200000
18965 <... mmap resumed>)               = 0x100000000000
18963 munmap(0x1001c0200000, 16384 <unfinished ...>
18962 mmap(NULL, 16384, PROT_READ|PROT_WRITE, MAP_PRIVATE|MAP_ANONYMOUS|MAP_NORESERVE, -1, 0 <unfinished ...>
18973 <... mmap resumed>)               = 0x100140000000
18972 munmap(0x100100000000, 16384 <unfinished ...>
18967 <... mmap resumed>)               = 0x100180000000
18966 <... munmap resumed>)             = 0
18961 <... mmap resumed>)               = 0x100000200000
18958 <... munmap resumed>)             = 0
18971 <... munmap resumed>)             = 0
18967 munmap(0x100180000000, 16384 <unfinished ...>
18973 munmap(0x100140000000, 16384 <unfinished ...>
18971 mmap(NULL, 16384, PROT_READ|PROT_WRITE, MAP_PRIVATE|MAP_ANONYMOUS|MAP_NORESERVE, -1, 0 <unfinished ...>
18974 <... munmap resumed>)             = 0
18958 mmap(NULL, 16384, PROT_READ|PROT_WRITE, MAP_PRIVATE|MAP_ANONYMOUS|MAP_NORESERVE, -1, 0 <unfinished ...>
18974 mmap(NULL, 16384, PROT_READ|PROT_WRITE, MAP_PRIVATE|MAP_ANONYMOUS|MAP_NORESERVE, -1, 0 <unfinished ...>
18967 <... munmap resumed>)             = 0
18969 <... munmap resumed>)             = 0
18967 mmap(NULL, 16384, PROT_READ|PROT_WRITE, MAP_PRIVATE|MAP_ANONYMOUS|MAP_NORESERVE, -1, 0 <unfinished ...>
18957 <... mmap resumed>)               = 0x1001c0000000
18974 <... mmap resumed>)               = 0x100040200000
18970 munmap(0x100140200000, 16384 <unfinished ...>
18969 mmap(NULL, 16384, PROT_READ|PROT_WRITE, MAP_PRIVATE|MAP_ANONYMOUS|MAP_NORESERVE, -1, 0 <unfinished ...>
18968 munmap(0x1000c0200000, 16384 <unfinished ...>
18967 <... mmap resumed>)               = 0x100080000000
18966 mmap(NULL, 16384, PROT_READ|PROT_WRITE, MAP_PRIVATE|MAP_ANONYMOUS|MAP_NORESERVE, -1, 0 <unfinished ...>
18965 munmap(0x100000000000, 16384 <unfinished ...>
18964 <... mmap resumed>)               = 0x100180200000
18962 <... mmap resumed>)               = 0x100180000000
18961 munmap(0x100000200000, 16384 <unfinished ...>
18957 munmap(0x1001c0000000, 16384 <unfinished ...>
18974 munmap(0x100040200000, 16384 <unfinished ...>
18970 <... munmap resumed>)             = 0
18967 munmap(0x100080000000, 16384 <unfinished ...>
18964 munmap(0x100180200000, 16384 <unfinished ...>
18970 mmap(NULL, 16384, PROT_READ|PROT_WRITE, MAP_PRIVATE|MAP_ANONYMOUS|MAP_NORESERVE, -1, 0 <unfinished ...>
18968 <... munmap resumed>)             = 0
18961 <... munmap resumed>)             = 0
18962 munmap(0x100180000000, 16384 <unfinished ...>
18961 mmap(NULL, 16384, PROT_READ|PROT_WRITE, MAP_PRIVATE|MAP_ANONYMOUS|MAP_NORESERVE, -1, 0 <unfinished ...>
18972 <... munmap resumed>)             = 0
18968 mmap(NULL, 16384, PROT_READ|PROT_WRITE, MAP_PRIVATE|MAP_ANONYMOUS|MAP_NORESERVE, -1, 0 <unfinished ...>
18963 <... munmap resumed>)             = 0
18973 <... munmap resumed>)             = 0
18968 <... mmap resumed>)               = 0x100140000000
18973 mmap(NULL, 16384, PROT_READ|PROT_WRITE, MAP_PRIVATE|MAP_ANONYMOUS|MAP_NORESERVE, -1, 0 <unfinished ...>
18972 mmap(NULL, 16384, PROT_READ|PROT_WRITE, MAP_PRIVATE|MAP_ANONYMOUS|MAP_NORESERVE, -1, 0 <unfinished ...>
18968 munmap(0x100140000000, 16384 <unfinished ...>
18963 mmap(NULL, 16384, PROT_READ|PROT_WRITE, MAP_PRIVATE|MAP_ANONYMOUS|MAP_NORESERVE, -1, 0 <unfinished ...>
18958 <... mmap resumed>)               = 0x100100000000
18966 <... mmap resumed>)               = 0x100000200000
18958 munmap(0x100100000000, 16384 <unfinished ...>
18966 munmap(0x100000200000, 16384 <unfinished ...>
18971 <... mmap resumed>)               = 0x1001c0200000
18969 <... mmap resumed>)               = 0x1000c0200000
18971 munmap(0x1001c0200000, 16384 <unfinished ...>
18965 <... munmap resumed>)             = 0
18957 <... munmap resumed>)             = 0
18971 <... munmap resumed>)             = 0
18969 munmap(0x1000c0200000, 16384 <unfinished ...>
18967 <... munmap resumed>)             = 0
18965 mmap(NULL, 16384, PROT_READ|PROT_WRITE, MAP_PRIVATE|MAP_ANONYMOUS|MAP_NORESERVE, -1, 0 <unfinished ...>
18957 mmap(NULL, 16384, PROT_READ|PROT_WRITE, MAP_PRIVATE|MAP_ANONYMOUS|MAP_NORESERVE, -1, 0 <unfinished ...>
18971 mmap(NULL, 16384, PROT_READ|PROT_WRITE, MAP_PRIVATE|MAP_ANONYMOUS|MAP_NORESERVE, -1, 0 <unfinished ...>
18970 <... mmap resumed>)               = 0x1001c0200000
18969 <... munmap resumed>)             = 0
18967 mmap(NULL, 16384, PROT_READ|PROT_WRITE, MAP_PRIVATE|MAP_ANONYMOUS|MAP_NORESERVE, -1, 0 <unfinished ...>
18962 <... munmap resumed>)             = 0
18961 <... mmap resumed>)               = 0x100180000000
18957 <... mmap resumed>)               = 0x1000c0200000
18965 <... mmap resumed>)               = 0x100080000000
18974 <... munmap resumed>)             = 0
18971 <... mmap resumed>)               = 0x1001c0000000
18970 munmap(0x1001c0200000, 16384 <unfinished ...>
18969 mmap(NULL, 16384, PROT_READ|PROT_WRITE, MAP_PRIVATE|MAP_ANONYMOUS|MAP_NORESERVE, -1, 0 <unfinished ...>
18967 <... mmap resumed>)               = 0x100000000000
18964 <... munmap resumed>)             = 0
18962 mmap(NULL, 16384, PROT_READ|PROT_WRITE, MAP_PRIVATE|MAP_ANONYMOUS|MAP_NORESERVE, -1, 0 <unfinished ...>
18961 munmap(0x100180000000, 16384 <unfinished ...>
18957 munmap(0x1000c0200000, 16384 <unfinished ...>
18973 <... mmap resumed>)               = 0x100040200000
18965 munmap(0x100080000000, 16384 <unfinished ...>
18972 <... mmap resumed>)               = 0x100000200000
18968 <... munmap resumed>)             = 0
18966 <... munmap resumed>)             = 0
18963 <... mmap resumed>)               = 0x100140000000
18958 <... munmap resumed>)             = 0
18972 munmap(0x100000200000, 16384 <unfinished ...>
18961 <... munmap resumed>)             = 0
18974 mmap(NULL, 16384, PROT_READ|PROT_WRITE, MAP_PRIVATE|MAP_ANONYMOUS|MAP_NORESERVE, -1, 0 <unfinished ...>
18965 <... munmap resumed>)             = 0
18961 mmap(NULL, 16384, PROT_READ|PROT_WRITE, MAP_PRIVATE|MAP_ANONYMOUS|MAP_NORESERVE, -1, 0 <unfinished ...>
18974 <... mmap resumed>)               = 0x100080000000
18961 <... mmap resumed>)               = 0x100180000000
18974 munmap(0x100080000000, 16384 <unfinished ...>
18961 munmap(0x100180000000, 16384 <unfinished ...>
18974 <... munmap resumed>)             = 0
18973 munmap(0x100040200000, 16384 <unfinished ...>
18971 munmap(0x1001c0000000, 16384 <unfinished ...>
18970 <... munmap resumed>)             = 0
18969 <... mmap resumed>)               = 0x1001c0200000
18967 munmap(0x100000000000, 16384 <unfinished ...>
18965 mmap(NULL, 16384, PROT_READ|PROT_WRITE, MAP_PRIVATE|MAP_ANONYMOUS|MAP_NORESERVE, -1, 0 <unfinished ...>
18964 mmap(NULL, 16384, PROT_READ|PROT_WRITE, MAP_PRIVATE|MAP_ANONYMOUS|MAP_NORESERVE, -1, 0 <unfinished ...>
18962 <... mmap resumed>)               = 0x1000c0200000
18961 <... munmap resumed>)             = 0
18957 <... munmap resumed>)             = 0
18974 mmap(NULL, 16384, PROT_READ|PROT_WRITE, MAP_PRIVATE|MAP_ANONYMOUS|MAP_NORESERVE, -1, 0 <unfinished ...>
18973 <... munmap resumed>)             = 0
18972 <... munmap resumed>)             = 0
18971 <... munmap resumed>)             = 0
18970 mmap(NULL, 16384, PROT_READ|PROT_WRITE, MAP_PRIVATE|MAP_ANONYMOUS|MAP_NORESERVE, -1, 0 <unfinished ...>
18969 munmap(0x1001c0200000, 16384 <unfinished ...>
18968 mmap(NULL, 16384, PROT_READ|PROT_WRITE, MAP_PRIVATE|MAP_ANONYMOUS|MAP_NORESERVE, -1, 0 <unfinished ...>
18967 <... munmap resumed>)             = 0
18966 mmap(NULL, 16384, PROT_READ|PROT_WRITE, MAP_PRIVATE|MAP_ANONYMOUS|MAP_NORESERVE, -1, 0 <unfinished ...>
18965 <... mmap resumed>)               = 0x100000000000
18964 <... mmap resumed>)               = 0x1001c0000000
18963 munmap(0x100140000000, 16384 <unfinished ...>
18962 munmap(0x1000c0200000, 16384 <unfinished ...>
18961 mmap(NULL, 16384, PROT_READ|PROT_WRITE, MAP_PRIVATE|MAP_ANONYMOUS|MAP_NORESERVE, -1, 0 <unfinished ...>
18958 mmap(NULL, 16384, PROT_READ|PROT_WRITE, MAP_PRIVATE|MAP_ANONYMOUS|MAP_NORESERVE, -1, 0 <unfinished ...>
18974 <... mmap resumed>)               = 0x100040200000
18972 mmap(NULL, 16384, PROT_READ|PROT_WRITE, MAP_PRIVATE|MAP_ANONYMOUS|MAP_NORESERVE, -1, 0 <unfinished ...>
18967 mmap(NULL, 16384, PROT_READ|PROT_WRITE, MAP_PRIVATE|MAP_ANONYMOUS|MAP_NORESERVE, -1, 0 <unfinished ...>
18965 munmap(0x100000000000, 16384 <unfinished ...>
18957 mmap(NULL, 16384, PROT_READ|PROT_WRITE, MAP_PRIVATE|MAP_ANONYMOUS|MAP_NORESERVE, -1, 0 <unfinished ...>
18974 munmap(0x100040200000, 16384 <unfinished ...>
18971 mmap(NULL, 16384, PROT_READ|PROT_WRITE, MAP_PRIVATE|MAP_ANONYMOUS|MAP_NORESERVE, -1, 0 <unfinished ...>
18964 munmap(0x1001c0000000, 16384 <unfinished ...>
18973 mmap(NULL, 16384, PROT_READ|PROT_WRITE, MAP_PRIVATE|MAP_ANONYMOUS|MAP_NORESERVE, -1, 0 <unfinished ...>
18971 <... mmap resumed>)               = 0x1001c0200000
18969 <... munmap resumed>)             = 0
18970 <... mmap resumed>)               = 0x100000200000
18971 munmap(0x1001c0200000, 16384 <unfinished ...>
18970 munmap(0x100000200000, 16384 <unfinished ...>
18969 mmap(NULL, 16384, PROT_READ|PROT_WRITE, MAP_PRIVATE|MAP_ANONYMOUS|MAP_NORESERVE, -1, 0 <unfinished ...>
18966 <... mmap resumed>)               = 0x100180000000
18962 <... munmap resumed>)             = 0
18972 <... mmap resumed>)               = 0x1000c0200000
18972 munmap(0x1000c0200000, 16384 <unfinished ...>
18971 <... munmap resumed>)             = 0
18970 <... munmap resumed>)             = 0
18969 <... mmap resumed>)               = 0x1001c0200000
18966 munmap(0x100180000000, 16384 <unfinished ...>
18962 mmap(NULL, 16384, PROT_READ|PROT_WRITE, MAP_PRIVATE|MAP_ANONYMOUS|MAP_NORESERVE, -1, 0 <unfinished ...>
18961 <... mmap resumed>)               = 0x100080000000
18967 <... mmap resumed>)               = 0x100000200000
18965 <... munmap resumed>)             = 0
18957 <... mmap resumed>)               = 0x100000000000
18971 mmap(NULL, 16384, PROT_READ|PROT_WRITE, MAP_PRIVATE|MAP_ANONYMOUS|MAP_NORESERVE, -1, 0 <unfinished ...>
18969 munmap(0x1001c0200000, 16384 <unfinished ...>
18961 munmap(0x100080000000, 16384 <unfinished ...>
18965 mmap(NULL, 16384, PROT_READ|PROT_WRITE, MAP_PRIVATE|MAP_ANONYMOUS|MAP_NORESERVE, -1, 0 <unfinished ...>
18970 mmap(NULL, 16384, PROT_READ|PROT_WRITE, MAP_PRIVATE|MAP_ANONYMOUS|MAP_NORESERVE, -1, 0 <unfinished ...>
18974 <... munmap resumed>)             = 0
18970 <... mmap resumed>)               = 0x100040200000
18968 <... mmap resumed>)               = 0x100100000000
18967 munmap(0x100000200000, 16384 <unfinished ...>
18963 <... munmap resumed>)             = 0
18958 <... mmap resumed>)               = 0x100140000000
18957 munmap(0x100000000000, 16384 <unfinished ...>
18974 mmap(NULL, 16384, PROT_READ|PROT_WRITE, MAP_PRIVATE|MAP_ANONYMOUS|MAP_NORESERVE, -1, 0 <unfinished ...>
18973 <... mmap resumed>)               = 0x100180200000
18972 <... munmap resumed>)             = 0
18970 munmap(0x100040200000, 16384 <unfinished ...>
18964 <... munmap resumed>)             = 0
18972 mmap(NULL, 16384, PROT_READ|PROT_WRITE, MAP_PRIVATE|MAP_ANONYMOUS|MAP_NORESERVE, -1, 0 <unfinished ...>
18968 munmap(0x100100000000, 16384 <unfinished ...>
18966 <... munmap resumed>)             = 0
18972 <... mmap resumed>)               = 0x100180000000
18966 mmap(NULL, 16384, PROT_READ|PROT_WRITE, MAP_PRIVATE|MAP_ANONYMOUS|MAP_NORESERVE, -1, 0 <unfinished ...>
18973 munmap(0x100180200000, 16384 <unfinished ...>
18972 munmap(0x100180000000, 16384 <unfinished ...>
18964 mmap(NULL, 16384, PROT_READ|PROT_WRITE, MAP_PRIVATE|MAP_ANONYMOUS|MAP_NORESERVE, -1, 0 <unfinished ...>
18963 mmap(NULL, 16384, PROT_READ|PROT_WRITE, MAP_PRIVATE|MAP_ANONYMOUS|MAP_NORESERVE, -1, 0 <unfinished ...>
18958 munmap(0x100140000000, 16384 <unfinished ...>
18970 <... munmap resumed>)             = 0
18969 <... munmap resumed>)             = 0
18967 <... munmap resumed>)             = 0
18958 <... munmap resumed>)             = 0
18961 <... munmap resumed>)             = 0
18970 mmap(NULL, 16384, PROT_READ|PROT_WRITE, MAP_PRIVATE|MAP_ANONYMOUS|MAP_NORESERVE, -1, 0 <unfinished ...>
18971 <... mmap resumed>)               = 0x100040200000
18970 <... mmap resumed>)               = 0x1001c0200000
18969 mmap(NULL, 16384, PROT_READ|PROT_WRITE, MAP_PRIVATE|MAP_ANONYMOUS|MAP_NORESERVE, -1, 0 <unfinished ...>
18967 mmap(NULL, 16384, PROT_READ|PROT_WRITE, MAP_PRIVATE|MAP_ANONYMOUS|MAP_NORESERVE, -1, 0 <unfinished ...>
18962 <... mmap resumed>)               = 0x100140000000
18958 mmap(NULL, 16384, PROT_READ|PROT_WRITE, MAP_PRIVATE|MAP_ANONYMOUS|MAP_NORESERVE, -1, 0 <unfinished ...>
18971 munmap(0x100040200000, 16384 <unfinished ...>
18969 <... mmap resumed>)               = 0x100000000000
18967 <... mmap resumed>)               = 0x100000200000
18965 <... mmap resumed>)               = 0x100080000000
18961 mmap(NULL, 16384, PROT_READ|PROT_WRITE, MAP_PRIVATE|MAP_ANONYMOUS|MAP_NORESERVE, -1, 0 <unfinished ...>
18957 <... munmap resumed>)             = 0
18970 munmap(0x1001c0200000, 16384 <unfinished ...>
18969 munmap(0x100000000000, 16384 <unfinished ...>
18962 munmap(0x100140000000, 16384 <unfinished ...>
18958 <... mmap resumed>)               = 0x1000c0200000
18973 <... munmap resumed>)             = 0
18970 <... munmap resumed>)             = 0
18969 <... munmap resumed>)             = 0
18968 <... munmap resumed>)             = 0
18967 munmap(0x100000200000, 16384 <unfinished ...>
18966 <... mmap resumed>)               = 0x100000000000
18965 munmap(0x100080000000, 16384 <unfinished ...>
18961 <... mmap resumed>)               = 0x100100000000
18957 mmap(NULL, 16384, PROT_READ|PROT_WRITE, MAP_PRIVATE|MAP_ANONYMOUS|MAP_NORESERVE, -1, 0 <unfinished ...>
18973 mmap(NULL, 16384, PROT_READ|PROT_WRITE, MAP_PRIVATE|MAP_ANONYMOUS|MAP_NORESERVE, -1, 0 <unfinished ...>
18972 <... munmap resumed>)             = 0
18970 mmap(NULL, 16384, PROT_READ|PROT_WRITE, MAP_PRIVATE|MAP_ANONYMOUS|MAP_NORESERVE, -1, 0 <unfinished ...>
18969 mmap(NULL, 16384, PROT_READ|PROT_WRITE, MAP_PRIVATE|MAP_ANONYMOUS|MAP_NORESERVE, -1, 0 <unfinished ...>
18968 mmap(NULL, 16384, PROT_READ|PROT_WRITE, MAP_PRIVATE|MAP_ANONYMOUS|MAP_NORESERVE, -1, 0 <unfinished ...>
18964 <... mmap resumed>)               = 0x100180000000
18958 munmap(0x1000c0200000, 16384 <unfinished ...>
18972 mmap(NULL, 16384, PROT_READ|PROT_WRITE, MAP_PRIVATE|MAP_ANONYMOUS|MAP_NORESERVE, -1, 0 <unfinished ...>
18966 munmap(0x100000000000, 16384 <unfinished ...>
18961 munmap(0x100100000000, 16384 <unfinished ...>
18974 <... mmap resumed>)               = 0x1001c0200000
18967 <... munmap resumed>)             = 0
18964 munmap(0x100180000000, 16384 <unfinished ...>
18963 <... mmap resumed>)               = 0x100000200000
18974 munmap(0x1001c0200000, 16384 <unfinished ...>
18967 mmap(NULL, 16384, PROT_READ|PROT_WRITE, MAP_PRIVATE|MAP_ANONYMOUS|MAP_NORESERVE, -1, 0 <unfinished ...>
18964 <... munmap resumed>)             = 0
18963 munmap(0x100000200000, 16384 <unfinished ...>
18961 <... munmap resumed>)             = 0
18971 <... munmap resumed>)             = 0
18967 <... mmap resumed>)               = 0x100140000000
18965 <... munmap resumed>)             = 0
18964 mmap(NULL, 16384, PROT_READ|PROT_WRITE, MAP_PRIVATE|MAP_ANONYMOUS|MAP_NORESERVE, -1, 0 <unfinished ...>
18962 <... munmap resumed>)             = 0
18961 mmap(NULL, 16384, PROT_READ|PROT_WRITE, MAP_PRIVATE|MAP_ANONYMOUS|MAP_NORESERVE, -1, 0 <unfinished ...>
18971 mmap(NULL, 16384, PROT_READ|PROT_WRITE, MAP_PRIVATE|MAP_ANONYMOUS|MAP_NORESERVE, -1, 0 <unfinished ...>
18970 <... mmap resumed>)               = 0x100080000000
18967 munmap(0x100140000000, 16384 <unfinished ...>
18965 mmap(NULL, 16384, PROT_READ|PROT_WRITE, MAP_PRIVATE|MAP_ANONYMOUS|MAP_NORESERVE, -1, 0 <unfinished ...>
18962 mmap(NULL, 16384, PROT_READ|PROT_WRITE, MAP_PRIVATE|MAP_ANONYMOUS|MAP_NORESERVE, -1, 0 <unfinished ...>
18971 <... mmap resumed>)               = 0x100000200000
18969 <... mmap resumed>)               = 0x100040200000
18963 <... munmap resumed>)             = 0
18971 munmap(0x100000200000, 16384 <unfinished ...>
18970 munmap(0x100080000000, 16384 <unfinished ...>
18969 munmap(0x100040200000, 16384 <unfinished ...>
18967 <... munmap resumed>)             = 0
18971 <... munmap resumed>)             = 0
18965 <... mmap resumed>)               = 0x100140000000
18963 mmap(NULL, 16384, PROT_READ|PROT_WRITE, MAP_PRIVATE|MAP_ANONYMOUS|MAP_NORESERVE, -1, 0 <unfinished ...>
18962 <... mmap resumed>)               = 0x100180000000
18971 mmap(NULL, 16384, PROT_READ|PROT_WRITE, MAP_PRIVATE|MAP_ANONYMOUS|MAP_NORESERVE, -1, 0 <unfinished ...>
18968 <... mmap resumed>)               = 0x100100000000
18967 mmap(NULL, 16384, PROT_READ|PROT_WRITE, MAP_PRIVATE|MAP_ANONYMOUS|MAP_NORESERVE, -1, 0 <unfinished ...>
18971 <... mmap resumed>)               = 0x100040200000
18969 <... munmap resumed>)             = 0
18962 munmap(0x100180000000, 16384 <unfinished ...>
18973 <... mmap resumed>)               = 0x100180200000
18967 <... mmap resumed>)               = 0x100000200000
18971 munmap(0x100040200000, 16384 <unfinished ...>
18969 mmap(NULL, 16384, PROT_READ|PROT_WRITE, MAP_PRIVATE|MAP_ANONYMOUS|MAP_NORESERVE, -1, 0 <unfinished ...>
18968 munmap(0x100100000000, 16384 <unfinished ...>
18973 munmap(0x100180200000, 16384 <unfinished ...>
18967 munmap(0x100000200000, 16384 <unfinished ...>
18965 munmap(0x100140000000, 16384 <unfinished ...>
18958 <... munmap resumed>)             = 0
18968 <... munmap resumed>)             = 0
18966 <... munmap resumed>)             = 0
18958 mmap(NULL, 16384, PROT_READ|PROT_WRITE, MAP_PRIVATE|MAP_ANONYMOUS|MAP_NORESERVE, -1, 0 <unfinished ...>
18972 <... mmap resumed>)               = 0x100000000000
18966 mmap(NULL, 16384, PROT_READ|PROT_WRITE, MAP_PRIVATE|MAP_ANONYMOUS|MAP_NORESERVE, -1, 0 <unfinished ...>
18968 mmap(NULL, 16384, PROT_READ|PROT_WRITE, MAP_PRIVATE|MAP_ANONYMOUS|MAP_NORESERVE, -1, 0 <unfinished ...>
18958 <... mmap resumed>)               = 0x1000c0200000
18957 <... mmap resumed>)               = 0x100100000000
18972 munmap(0x100000000000, 16384 <unfinished ...>
18958 munmap(0x1000c0200000, 16384 <unfinished ...>
18974 <... munmap resumed>)             = 0
18964 <... mmap resumed>)               = 0x1001c0200000
18957 munmap(0x100100000000, 16384 <unfinished ...>
18974 mmap(NULL, 16384, PROT_READ|PROT_WRITE, MAP_PRIVATE|MAP_ANONYMOUS|MAP_NORESERVE, -1, 0 <unfinished ...>
18971 <... munmap resumed>)             = 0
18970 <... munmap resumed>)             = 0
18964 munmap(0x1001c0200000, 16384 <unfinished ...>
18963 <... mmap resumed>)               = 0x100080000000
18961 <... mmap resumed>)               = 0x1001c0000000
18957 <... munmap resumed>)             = 0
18974 <... mmap resumed>)               = 0x100100000000
18973 <... munmap resumed>)             = 0
18971 mmap(NULL, 16384, PROT_READ|PROT_WRITE, MAP_PRIVATE|MAP_ANONYMOUS|MAP_NORESERVE, -1, 0 <unfinished ...>
18969 <... mmap resumed>)               = 0x100040200000
18970 mmap(NULL, 16384, PROT_READ|PROT_WRITE, MAP_PRIVATE|MAP_ANONYMOUS|MAP_NORESERVE, -1, 0 <unfinished ...>
18957 mmap(NULL, 16384, PROT_READ|PROT_WRITE, MAP_PRIVATE|MAP_ANONYMOUS|MAP_NORESERVE, -1, 0 <unfinished ...>
18974 munmap(0x100100000000, 16384 <unfinished ...>
18973 mmap(NULL, 16384, PROT_READ|PROT_WRITE, MAP_PRIVATE|MAP_ANONYMOUS|MAP_NORESERVE, -1, 0 <unfinished ...>
18969 munmap(0x100040200000, 16384 <unfinished ...>
18961 munmap(0x1001c0000000, 16384 <unfinished ...>
18974 <... munmap resumed>)             = 0
18973 <... mmap resumed>)               = 0x100100000000
18957 <... mmap resumed>)               = 0x100180200000
18974 mmap(NULL, 16384, PROT_READ|PROT_WRITE, MAP_PRIVATE|MAP_ANONYMOUS|MAP_NORESERVE, -1, 0 <unfinished ...>
18973 munmap(0x100100000000, 16384 <unfinished ...>
18969 <... munmap resumed>)             = 0
18957 munmap(0x100180200000, 16384 <unfinished ...>
18974 <... mmap resumed>)               = 0x100040200000
18971 <... mmap resumed>)               = 0x100140200000
18970 <... mmap resumed>)               = 0x100100200000
18970 munmap(0x100100200000, 16384 <unfinished ...>
18969 mmap(NULL, 16384, PROT_READ|PROT_WRITE, MAP_PRIVATE|MAP_ANONYMOUS|MAP_NORESERVE, -1, 0 <unfinished ...>
18964 <... munmap resumed>)             = 0
18974 munmap(0x100040200000, 16384 <unfinished ...>
18971 munmap(0x100140200000, 16384 <unfinished ...>
18957 <... munmap resumed>)             = 0
18973 <... munmap resumed>)             = 0
18963 munmap(0x100080000000, 16384 <unfinished ...>
18962 <... munmap resumed>)             = 0
18964 mmap(NULL, 16384, PROT_READ|PROT_WRITE, MAP_PRIVATE|MAP_ANONYMOUS|MAP_NORESERVE, -1, 0 <unfinished ...>
18962 mmap(NULL, 16384, PROT_READ|PROT_WRITE, MAP_PRIVATE|MAP_ANONYMOUS|MAP_NORESERVE, -1, 0 <unfinished ...>
18973 mmap(NULL, 16384, PROT_READ|PROT_WRITE, MAP_PRIVATE|MAP_ANONYMOUS|MAP_NORESERVE, -1, 0 <unfinished ...>
18957 mmap(NULL, 16384, PROT_READ|PROT_WRITE, MAP_PRIVATE|MAP_ANONYMOUS|MAP_NORESERVE, -1, 0 <unfinished ...>
18967 <... munmap resumed>)             = 0
18967 mmap(NULL, 16384, PROT_READ|PROT_WRITE, MAP_PRIVATE|MAP_ANONYMOUS|MAP_NORESERVE, -1, 0 <unfinished ...>
18963 <... munmap resumed>)             = 0
18968 <... mmap resumed>)               = 0x100080000000
18967 <... mmap resumed>)               = 0x100140000000
18965 <... munmap resumed>)             = 0
18963 mmap(NULL, 16384, PROT_READ|PROT_WRITE, MAP_PRIVATE|MAP_ANONYMOUS|MAP_NORESERVE, -1, 0 <unfinished ...>
18972 <... munmap resumed>)             = 0
18972 mmap(NULL, 16384, PROT_READ|PROT_WRITE, MAP_PRIVATE|MAP_ANONYMOUS|MAP_NORESERVE, -1, 0 <unfinished ...>
18968 munmap(0x100080000000, 16384 <unfinished ...>
18965 mmap(NULL, 16384, PROT_READ|PROT_WRITE, MAP_PRIVATE|MAP_ANONYMOUS|MAP_NORESERVE, -1, 0 <unfinished ...>
18963 <... mmap resumed>)               = 0x1000c0200000
18958 <... munmap resumed>)             = 0
18967 munmap(0x100140000000, 16384 <unfinished ...>
18966 <... mmap resumed>)               = 0x100000000000
18961 <... munmap resumed>)             = 0
18963 munmap(0x1000c0200000, 16384 <unfinished ...>
18966 munmap(0x100000000000, 16384 <unfinished ...>
18961 mmap(NULL, 16384, PROT_READ|PROT_WRITE, MAP_PRIVATE|MAP_ANONYMOUS|MAP_NORESERVE, -1, 0 <unfinished ...>
18972 <... mmap resumed>)               = 0x1001c0000000
18958 mmap(NULL, 16384, PROT_READ|PROT_WRITE, MAP_PRIVATE|MAP_ANONYMOUS|MAP_NORESERVE, -1, 0 <unfinished ...>
18970 <... munmap resumed>)             = 0
18969 <... mmap resumed>)               = 0x100100200000
18972 munmap(0x1001c0000000, 16384 <unfinished ...>
18974 <... munmap resumed>)             = 0
18972 <... munmap resumed>)             = 0
18971 <... munmap resumed>)             = 0
18970 mmap(NULL, 16384, PROT_READ|PROT_WRITE, MAP_PRIVATE|MAP_ANONYMOUS|MAP_NORESERVE, -1, 0 <unfinished ...>
18969 munmap(0x100100200000, 16384 <unfinished ...>
18974 mmap(NULL, 16384, PROT_READ|PROT_WRITE, MAP_PRIVATE|MAP_ANONYMOUS|MAP_NORESERVE, -1, 0 <unfinished ...>
18972 mmap(NULL, 16384, PROT_READ|PROT_WRITE, MAP_PRIVATE|MAP_ANONYMOUS|MAP_NORESERVE, -1, 0 <unfinished ...>
18971 mmap(NULL, 16384, PROT_READ|PROT_WRITE, MAP_PRIVATE|MAP_ANONYMOUS|MAP_NORESERVE, -1, 0 <unfinished ...>
18969 <... munmap resumed>)             = 0
18964 <... mmap resumed>)               = 0x1001c0000000
18962 <... mmap resumed>)               = 0x100040200000
18973 <... mmap resumed>)               = 0x100000200000
18972 <... mmap resumed>)               = 0x100100000000
18970 <... mmap resumed>)               = 0x100140200000
18969 mmap(NULL, 16384, PROT_READ|PROT_WRITE, MAP_PRIVATE|MAP_ANONYMOUS|MAP_NORESERVE, -1, 0 <unfinished ...>
18965 <... mmap resumed>)               = 0x100180000000
18957 <... mmap resumed>)               = 0x100100200000
18974 <... mmap resumed>)               = 0x100080000000
18972 munmap(0x100100000000, 16384 <unfinished ...>
18970 munmap(0x100140200000, 16384 <unfinished ...>
18968 <... munmap resumed>)             = 0
18967 <... munmap resumed>)             = 0
18964 munmap(0x1001c0000000, 16384 <unfinished ...>
18962 munmap(0x100040200000, 16384 <unfinished ...>
18963 <... munmap resumed>)             = 0
18973 munmap(0x100000200000, 16384 <unfinished ...>
18965 munmap(0x100180000000, 16384 <unfinished ...>
18963 mmap(NULL, 16384, PROT_READ|PROT_WRITE, MAP_PRIVATE|MAP_ANONYMOUS|MAP_NORESERVE, -1, 0 <unfinished ...>
18974 munmap(0x100080000000, 16384 <unfinished ...>
18968 mmap(NULL, 16384, PROT_READ|PROT_WRITE, MAP_PRIVATE|MAP_ANONYMOUS|MAP_NORESERVE, -1, 0 <unfinished ...>
18967 mmap(NULL, 16384, PROT_READ|PROT_WRITE, MAP_PRIVATE|MAP_ANONYMOUS|MAP_NORESERVE, -1, 0 <unfinished ...>
18957 munmap(0x100100200000, 16384 <unfinished ...>
18972 <... munmap resumed>)             = 0
18967 <... mmap resumed>)               = 0x100100000000
18966 <... munmap resumed>)             = 0
18972 mmap(NULL, 16384, PROT_READ|PROT_WRITE, MAP_PRIVATE|MAP_ANONYMOUS|MAP_NORESERVE, -1, 0 <unfinished ...>
18967 munmap(0x100100000000, 16384 <unfinished ...>
18957 <... munmap resumed>)             = 0
18961 <... mmap resumed>)               = 0x100100200000
18966 mmap(NULL, 16384, PROT_READ|PROT_WRITE, MAP_PRIVATE|MAP_ANONYMOUS|MAP_NORESERVE, -1, 0 <unfinished ...>
18968 <... mmap resumed>)               = 0x100000000000
18967 <... munmap resumed>)             = 0
18961 munmap(0x100100200000, 16384 <unfinished ...>
18957 mmap(NULL, 16384, PROT_READ|PROT_WRITE, MAP_PRIVATE|MAP_ANONYMOUS|MAP_NORESERVE, -1, 0 <unfinished ...>
18966 <... mmap resumed>)               = 0x100100000000
18968 munmap(0x100000000000, 16384 <unfinished ...>
18967 mmap(NULL, 16384, PROT_READ|PROT_WRITE, MAP_PRIVATE|MAP_ANONYMOUS|MAP_NORESERVE, -1, 0 <unfinished ...>
18961 <... munmap resumed>)             = 0
18958 <... mmap resumed>)               = 0x1000c0200000
18957 <... mmap resumed>)               = 0x100100200000
18966 munmap(0x100100000000, 16384 <unfinished ...>
18961 mmap(NULL, 16384, PROT_READ|PROT_WRITE, MAP_PRIVATE|MAP_ANONYMOUS|MAP_NORESERVE, -1, 0 <unfinished ...>
18971 <... mmap resumed>)               = 0x100140000000
18958 munmap(0x1000c0200000, 16384 <unfinished ...>
18957 munmap(0x100100200000, 16384 <unfinished ...>
18971 munmap(0x100140000000, 16384 <unfinished ...>
18969 <... mmap resumed>)               = 0x100000000000
18968 <... munmap resumed>)             = 0
18964 <... munmap resumed>)             = 0
18973 <... munmap resumed>)             = 0
18961 <... mmap resumed>)               = 0x100180200000
18971 <... munmap resumed>)             = 0
18969 munmap(0x100000000000, 16384 <unfinished ...>
18968 mmap(NULL, 16384, PROT_READ|PROT_WRITE, MAP_PRIVATE|MAP_ANONYMOUS|MAP_NORESERVE, -1, 0 <unfinished ...>
18964 mmap(NULL, 16384, PROT_READ|PROT_WRITE, MAP_PRIVATE|MAP_ANONYMOUS|MAP_NORESERVE, -1, 0 <unfinished ...>
18963 <... mmap resumed>)               = 0x100000200000
18971 mmap(NULL, 16384, PROT_READ|PROT_WRITE, MAP_PRIVATE|MAP_ANONYMOUS|MAP_NORESERVE, -1, 0 <unfinished ...>
18961 munmap(0x100180200000, 16384 <unfinished ...>
18964 <... mmap resumed>)               = 0x100140000000
18971 <... mmap resumed>)               = 0x1001c0000000
18973 mmap(NULL, 16384, PROT_READ|PROT_WRITE, MAP_PRIVATE|MAP_ANONYMOUS|MAP_NORESERVE, -1, 0 <unfinished ...>
18968 <... mmap resumed>)               = 0x1001c0200000
18964 munmap(0x100140000000, 16384 <unfinished ...>
18963 munmap(0x100000200000, 16384 <unfinished ...>
18971 munmap(0x1001c0000000, 16384 <unfinished ...>
18968 munmap(0x1001c0200000, 16384 <unfinished ...>
18974 <... munmap resumed>)             = 0
18968 <... munmap resumed>)             = 0
18964 <... munmap resumed>)             = 0
18974 mmap(NULL, 16384, PROT_READ|PROT_WRITE, MAP_PRIVATE|MAP_ANONYMOUS|MAP_NORESERVE, -1, 0 <unfinished ...>
18964 mmap(NULL, 16384, PROT_READ|PROT_WRITE, MAP_PRIVATE|MAP_ANONYMOUS|MAP_NORESERVE, -1, 0 <unfinished ...>
18970 <... munmap resumed>)             = 0
18968 mmap(NULL, 16384, PROT_READ|PROT_WRITE, MAP_PRIVATE|MAP_ANONYMOUS|MAP_NORESERVE, -1, 0 <unfinished ...>
18962 <... munmap resumed>)             = 0
18964 <... mmap resumed>)               = 0x100040200000
18962 mmap(NULL, 16384, PROT_READ|PROT_WRITE, MAP_PRIVATE|MAP_ANONYMOUS|MAP_NORESERVE, -1, 0 <unfinished ...>
18970 mmap(NULL, 16384, PROT_READ|PROT_WRITE, MAP_PRIVATE|MAP_ANONYMOUS|MAP_NORESERVE, -1, 0 <unfinished ...>
18964 munmap(0x100040200000, 16384 <unfinished ...>
18970 <... mmap resumed>)               = 0x1001c0200000
18965 <... munmap resumed>)             = 0
18962 <... mmap resumed>)               = 0x100180000000
18972 <... mmap resumed>)               = 0x100140200000
18970 munmap(0x1001c0200000, 16384 <unfinished ...>
18965 mmap(NULL, 16384, PROT_READ|PROT_WRITE, MAP_PRIVATE|MAP_ANONYMOUS|MAP_NORESERVE, -1, 0 <unfinished ...>
18964 <... munmap resumed>)             = 0
18967 <... mmap resumed>)               = 0x100100000000
18962 munmap(0x100180000000, 16384 <unfinished ...>
18972 munmap(0x100140200000, 16384 <unfinished ...>
18957 <... munmap resumed>)             = 0
18970 <... munmap resumed>)             = 0
18967 munmap(0x100100000000, 16384 <unfinished ...>
18966 <... munmap resumed>)             = 0
18964 mmap(NULL, 16384, PROT_READ|PROT_WRITE, MAP_PRIVATE|MAP_ANONYMOUS|MAP_NORESERVE, -1, 0 <unfinished ...>
18958 <... munmap resumed>)             = 0
18970 mmap(NULL, 16384, PROT_READ|PROT_WRITE, MAP_PRIVATE|MAP_ANONYMOUS|MAP_NORESERVE, -1, 0 <unfinished ...>
18966 mmap(NULL, 16384, PROT_READ|PROT_WRITE, MAP_PRIVATE|MAP_ANONYMOUS|MAP_NORESERVE, -1, 0 <unfinished ...>
18958 mmap(NULL, 16384, PROT_READ|PROT_WRITE, MAP_PRIVATE|MAP_ANONYMOUS|MAP_NORESERVE, -1, 0 <unfinished ...>
18957 mmap(NULL, 16384, PROT_READ|PROT_WRITE, MAP_PRIVATE|MAP_ANONYMOUS|MAP_NORESERVE, -1, 0 <unfinished ...>
18969 <... munmap resumed>)             = 0
18966 <... mmap resumed>)               = 0x100000000000
18973 <... mmap resumed>)               = 0x1000c0200000
18958 <... mmap resumed>)               = 0x1001c0200000
18957 <... mmap resumed>)               = 0x100100200000
18966 munmap(0x100000000000, 16384 <unfinished ...>
18961 <... munmap resumed>)             = 0
18969 mmap(NULL, 16384, PROT_READ|PROT_WRITE, MAP_PRIVATE|MAP_ANONYMOUS|MAP_NORESERVE, -1, 0 <unfinished ...>
18973 munmap(0x1000c0200000, 16384 <unfinished ...>
18966 <... munmap resumed>)             = 0
18963 <... munmap resumed>)             = 0
18961 mmap(NULL, 16384, PROT_READ|PROT_WRITE, MAP_PRIVATE|MAP_ANONYMOUS|MAP_NORESERVE, -1, 0 <unfinished ...>
18958 munmap(0x1001c0200000, 16384 <unfinished ...>
18957 munmap(0x100100200000, 16384 <unfinished ...>
18971 <... munmap resumed>)             = 0
18969 <... mmap resumed>)               = 0x1001c0000000
18966 mmap(NULL, 16384, PROT_READ|PROT_WRITE, MAP_PRIVATE|MAP_ANONYMOUS|MAP_NORESERVE, -1, 0 <unfinished ...>
18963 mmap(NULL, 16384, PROT_READ|PROT_WRITE, MAP_PRIVATE|MAP_ANONYMOUS|MAP_NORESERVE, -1, 0 <unfinished ...>
18971 mmap(NULL, 16384, PROT_READ|PROT_WRITE, MAP_PRIVATE|MAP_ANONYMOUS|MAP_NORESERVE, -1, 0 <unfinished ...>
18958 <... munmap resumed>)             = 0
18974 <... mmap resumed>)               = 0x1001c0200000
18958 mmap(NULL, 16384, PROT_READ|PROT_WRITE, MAP_PRIVATE|MAP_ANONYMOUS|MAP_NORESERVE, -1, 0 <unfinished ...>
18969 munmap(0x1001c0000000, 16384 <unfinished ...>
18974 munmap(0x1001c0200000, 16384 <unfinished ...>
18957 <... munmap resumed>)             = 0
18968 <... mmap resumed>)               = 0x100100200000
18965 <... mmap resumed>)               = 0x100000000000
18968 munmap(0x100100200000, 16384 <unfinished ...>
18965 munmap(0x100000000000, 16384 <unfinished ...>
18957 mmap(NULL, 16384, PROT_READ|PROT_WRITE, MAP_PRIVATE|MAP_ANONYMOUS|MAP_NORESERVE, -1, 0 <unfinished ...>
18964 <... mmap resumed>)               = 0x100100000000
18967 <... munmap resumed>)             = 0
18964 munmap(0x100100000000, 16384 <unfinished ...>
18965 <... munmap resumed>)             = 0
18962 <... munmap resumed>)             = 0
18972 <... munmap resumed>)             = 0
18967 mmap(NULL, 16384, PROT_READ|PROT_WRITE, MAP_PRIVATE|MAP_ANONYMOUS|MAP_NORESERVE, -1, 0 <unfinished ...>
18965 mmap(NULL, 16384, PROT_READ|PROT_WRITE, MAP_PRIVATE|MAP_ANONYMOUS|MAP_NORESERVE, -1, 0 <unfinished ...>
18972 mmap(NULL, 16384, PROT_READ|PROT_WRITE, MAP_PRIVATE|MAP_ANONYMOUS|MAP_NORESERVE, -1, 0 <unfinished ...>
18970 <... mmap resumed>)               = 0x100100000000
18964 <... munmap resumed>)             = 0
18962 mmap(NULL, 16384, PROT_READ|PROT_WRITE, MAP_PRIVATE|MAP_ANONYMOUS|MAP_NORESERVE, -1, 0 <unfinished ...>
18970 munmap(0x100100000000, 16384 <unfinished ...>
18965 <... mmap resumed>)               = 0x100140200000
18973 <... munmap resumed>)             = 0
18967 <... mmap resumed>)               = 0x100180000000
18964 mmap(NULL, 16384, PROT_READ|PROT_WRITE, MAP_PRIVATE|MAP_ANONYMOUS|MAP_NORESERVE, -1, 0 <unfinished ...>
18973 mmap(NULL, 16384, PROT_READ|PROT_WRITE, MAP_PRIVATE|MAP_ANONYMOUS|MAP_NORESERVE, -1, 0 <unfinished ...>
18972 <... mmap resumed>)               = 0x100000200000
18962 <... mmap resumed>)               = 0x1000c0200000
18965 munmap(0x100140200000, 16384 <unfinished ...>
18961 <... mmap resumed>)               = 0x100000000000
18967 munmap(0x100180000000, 16384 <unfinished ...>
18962 munmap(0x1000c0200000, 16384 <unfinished ...>
18972 munmap(0x100000200000, 16384 <unfinished ...>
18961 munmap(0x100000000000, 16384 <unfinished ...>
18972 <... munmap resumed>)             = 0
18971 <... mmap resumed>)               = 0x100000200000
18970 <... munmap resumed>)             = 0
18966 <... mmap resumed>)               = 0x100100000000
18958 <... mmap resumed>)               = 0x100180200000
18974 <... munmap resumed>)             = 0
18972 mmap(NULL, 16384, PROT_READ|PROT_WRITE, MAP_PRIVATE|MAP_ANONYMOUS|MAP_NORESERVE, -1, 0 <unfinished ...>
18971 munmap(0x100000200000, 16384 <unfinished ...>
18970 mmap(NULL, 16384, PROT_READ|PROT_WRITE, MAP_PRIVATE|MAP_ANONYMOUS|MAP_NORESERVE, -1, 0 <unfinished ...>
18969 <... munmap resumed>)             = 0
18968 <... munmap resumed>)             = 0
18966 munmap(0x100100000000, 16384 <unfinished ...>
18963 <... mmap resumed>)               = 0x1001c0000000
18957 <... mmap resumed>)               = 0x100100200000
18974 mmap(NULL, 16384, PROT_READ|PROT_WRITE, MAP_PRIVATE|MAP_ANONYMOUS|MAP_NORESERVE, -1, 0 <unfinished ...>
18969 mmap(NULL, 16384, PROT_READ|PROT_WRITE, MAP_PRIVATE|MAP_ANONYMOUS|MAP_NORESERVE, -1, 0 <unfinished ...>
18958 munmap(0x100180200000, 16384 <unfinished ...>
18968 mmap(NULL, 16384, PROT_READ|PROT_WRITE, MAP_PRIVATE|MAP_ANONYMOUS|MAP_NORESERVE, -1, 0 <unfinished ...>
18963 munmap(0x1001c0000000, 16384 <unfinished ...>
18967 <... munmap resumed>)             = 0
18957 munmap(0x100100200000, 16384 <unfinished ...>
18971 <... munmap resumed>)             = 0
18967 mmap(NULL, 16384, PROT_READ|PROT_WRITE, MAP_PRIVATE|MAP_ANONYMOUS|MAP_NORESERVE, -1, 0 <unfinished ...>
18963 <... munmap resumed>)             = 0
18973 <... mmap resumed>)               = 0x1001c0000000
18971 mmap(NULL, 16384, PROT_READ|PROT_WRITE, MAP_PRIVATE|MAP_ANONYMOUS|MAP_NORESERVE, -1, 0) = 0x100000200000
18967 <... mmap resumed>)               = 0x1000c0200000
18963 mmap(NULL, 16384, PROT_READ|PROT_WRITE, MAP_PRIVATE|MAP_ANONYMOUS|MAP_NORESERVE, -1, 0 <unfinished ...>
18962 <... munmap resumed>)             = 0
18973 munmap(0x1001c0000000, 16384 <unfinished ...>
18971 munmap(0x100000200000, 16384 <unfinished ...>
18965 <... munmap resumed>)             = 0
18964 <... mmap resumed>)               = 0x100140200000
18962 mmap(NULL, 16384, PROT_READ|PROT_WRITE, MAP_PRIVATE|MAP_ANONYMOUS|MAP_NORESERVE, -1, 0 <unfinished ...>
18967 munmap(0x1000c0200000, 16384 <unfinished ...>
18970 <... mmap resumed>)               = 0x100000000000
18965 mmap(NULL, 16384, PROT_READ|PROT_WRITE, MAP_PRIVATE|MAP_ANONYMOUS|MAP_NORESERVE, -1, 0 <unfinished ...>
18961 <... munmap resumed>)             = 0
18964 munmap(0x100140200000, 16384 <unfinished ...>
18970 munmap(0x100000000000, 16384 <unfinished ...>
18967 <... munmap resumed>)             = 0
18964 <... munmap resumed>)             = 0
18961 mmap(NULL, 16384, PROT_READ|PROT_WRITE, MAP_PRIVATE|MAP_ANONYMOUS|MAP_NORESERVE, -1, 0 <unfinished ...>
18967 mmap(NULL, 16384, PROT_READ|PROT_WRITE, MAP_PRIVATE|MAP_ANONYMOUS|MAP_NORESERVE, -1, 0 <unfinished ...>
18972 <... mmap resumed>)               = 0x100140200000
18964 mmap(NULL, 16384, PROT_READ|PROT_WRITE, MAP_PRIVATE|MAP_ANONYMOUS|MAP_NORESERVE, -1, 0 <unfinished ...>
18972 munmap(0x100140200000, 16384 <unfinished ...>
18970 <... munmap resumed>)             = 0
18969 <... mmap resumed>)               = 0x100180200000
18958 <... munmap resumed>)             = 0
18970 mmap(NULL, 16384, PROT_READ|PROT_WRITE, MAP_PRIVATE|MAP_ANONYMOUS|MAP_NORESERVE, -1, 0 <unfinished ...>
18974 <... mmap resumed>)               = 0x100140200000
18972 <... munmap resumed>)             = 0
18969 munmap(0x100180200000, 16384 <unfinished ...>
18966 <... munmap resumed>)             = 0
18958 mmap(NULL, 16384, PROT_READ|PROT_WRITE, MAP_PRIVATE|MAP_ANONYMOUS|MAP_NORESERVE, -1, 0 <unfinished ...>
18974 munmap(0x100140200000, 16384 <unfinished ...>
18972 mmap(NULL, 16384, PROT_READ|PROT_WRITE, MAP_PRIVATE|MAP_ANONYMOUS|MAP_NORESERVE, -1, 0 <unfinished ...>
18968 <... mmap resumed>)               = 0x100100000000
18957 <... munmap resumed>)             = 0
18969 <... munmap resumed>)             = 0
18966 mmap(NULL, 16384, PROT_READ|PROT_WRITE, MAP_PRIVATE|MAP_ANONYMOUS|MAP_NORESERVE, -1, 0 <unfinished ...>
18957 mmap(NULL, 16384, PROT_READ|PROT_WRITE, MAP_PRIVATE|MAP_ANONYMOUS|MAP_NORESERVE, -1, 0 <unfinished ...>
18974 <... munmap resumed>)             = 0
18969 mmap(NULL, 16384, PROT_READ|PROT_WRITE, MAP_PRIVATE|MAP_ANONYMOUS|MAP_NORESERVE, -1, 0 <unfinished ...>
18968 munmap(0x100100000000, 16384 <unfinished ...>
18963 <... mmap resumed>)               = 0x100140200000
18974 mmap(NULL, 16384, PROT_READ|PROT_WRITE, MAP_PRIVATE|MAP_ANONYMOUS|MAP_NORESERVE, -1, 0 <unfinished ...>
18973 <... munmap resumed>)             = 0
18969 <... mmap resumed>)               = 0x100180200000
18963 munmap(0x100140200000, 16384 <unfinished ...>
18974 <... mmap resumed>)               = 0x100100000000
18973 mmap(NULL, 16384, PROT_READ|PROT_WRITE, MAP_PRIVATE|MAP_ANONYMOUS|MAP_NORESERVE, -1, 0 <unfinished ...>
18971 <... munmap resumed>)             = 0
18969 munmap(0x100180200000, 16384 <unfinished ...>
18968 <... munmap resumed>)             = 0
18965 <... mmap resumed>)               = 0x1001c0000000
18962 <... mmap resumed>)               = 0x100000200000
18974 munmap(0x100100000000, 16384 <unfinished ...>
18973 <... mmap resumed>)               = 0x100140200000
18971 mmap(NULL, 16384, PROT_READ|PROT_WRITE, MAP_PRIVATE|MAP_ANONYMOUS|MAP_NORESERVE, -1, 0 <unfinished ...>
18969 <... munmap resumed>)             = 0
18967 <... mmap resumed>)               = 0x100000000000
18963 <... munmap resumed>)             = 0
18961 <... mmap resumed>)               = 0x100100200000
18971 <... mmap resumed>)               = 0x1000c0200000
18970 <... mmap resumed>)               = 0x100180000000
18969 mmap(NULL, 16384, PROT_READ|PROT_WRITE, MAP_PRIVATE|MAP_ANONYMOUS|MAP_NORESERVE, -1, 0 <unfinished ...>
18968 mmap(NULL, 16384, PROT_READ|PROT_WRITE, MAP_PRIVATE|MAP_ANONYMOUS|MAP_NORESERVE, -1, 0 <unfinished ...>
18965 munmap(0x1001c0000000, 16384 <unfinished ...>
18964 <... mmap resumed>)               = 0x100180200000
18962 munmap(0x100000200000, 16384 <unfinished ...>
18967 munmap(0x100000000000, 16384 <unfinished ...>
18963 mmap(NULL, 16384, PROT_READ|PROT_WRITE, MAP_PRIVATE|MAP_ANONYMOUS|MAP_NORESERVE, -1, 0 <unfinished ...>
18961 munmap(0x100100200000, 16384 <unfinished ...>
18971 munmap(0x1000c0200000, 16384 <unfinished ...>
18964 munmap(0x100180200000, 16384 <unfinished ...>
18970 munmap(0x100180000000, 16384 <unfinished ...>
18973 munmap(0x100140200000, 16384 <unfinished ...>
18974 <... munmap resumed>)             = 0
18970 <... munmap resumed>)             = 0
18974 mmap(NULL, 16384, PROT_READ|PROT_WRITE, MAP_PRIVATE|MAP_ANONYMOUS|MAP_NORESERVE, -1, 0 <unfinished ...>
18973 <... munmap resumed>)             = 0
18970 mmap(NULL, 16384, PROT_READ|PROT_WRITE, MAP_PRIVATE|MAP_ANONYMOUS|MAP_NORESERVE, -1, 0 <unfinished ...>
18958 <... mmap resumed>)               = 0x100140200000
18974 <... mmap resumed>)               = 0x100100000000
18973 mmap(NULL, 16384, PROT_READ|PROT_WRITE, MAP_PRIVATE|MAP_ANONYMOUS|MAP_NORESERVE, -1, 0 <unfinished ...>
18972 <... mmap resumed>)               = 0x100180000000
18970 <... mmap resumed>)               = 0x1001c0200000
18966 <... mmap resumed>)               = 0x100040200000
18961 <... munmap resumed>)             = 0
18958 munmap(0x100140200000, 16384 <unfinished ...>
18957 <... mmap resumed>)               = 0x100140000000
18972 munmap(0x100180000000, 16384 <unfinished ...>
18968 <... mmap resumed>)               = 0x100100200000
18966 munmap(0x100040200000, 16384 <unfinished ...>
18962 <... munmap resumed>)             = 0
18961 mmap(NULL, 16384, PROT_READ|PROT_WRITE, MAP_PRIVATE|MAP_ANONYMOUS|MAP_NORESERVE, -1, 0 <unfinished ...>
18970 munmap(0x1001c0200000, 16384 <unfinished ...>
18957 munmap(0x100140000000, 16384 <unfinished ...>
18974 munmap(0x100100000000, 16384 <unfinished ...>
18968 munmap(0x100100200000, 16384 <unfinished ...>
18972 <... munmap resumed>)             = 0
18965 <... munmap resumed>)             = 0
18962 mmap(NULL, 16384, PROT_READ|PROT_WRITE, MAP_PRIVATE|MAP_ANONYMOUS|MAP_NORESERVE, -1, 0 <unfinished ...>
18972 mmap(NULL, 16384, PROT_READ|PROT_WRITE, MAP_PRIVATE|MAP_ANONYMOUS|MAP_NORESERVE, -1, 0 <unfinished ...>
18963 <... mmap resumed>)               = 0x100180000000
18972 <... mmap resumed>)               = 0x100000200000
18969 <... mmap resumed>)               = 0x1001c0000000
18965 mmap(NULL, 16384, PROT_READ|PROT_WRITE, MAP_PRIVATE|MAP_ANONYMOUS|MAP_NORESERVE, -1, 0 <unfinished ...>
18972 munmap(0x100000200000, 16384 <unfinished ...>
18969 munmap(0x1001c0000000, 16384 <unfinished ...>
18963 munmap(0x100180000000, 16384 <unfinished ...>
18962 <... mmap resumed>)               = 0x100000000000
18971 <... munmap resumed>)             = 0
18967 <... munmap resumed>)             = 0
18971 mmap(NULL, 16384, PROT_READ|PROT_WRITE, MAP_PRIVATE|MAP_ANONYMOUS|MAP_NORESERVE, -1, 0 <unfinished ...>
18967 mmap(NULL, 16384, PROT_READ|PROT_WRITE, MAP_PRIVATE|MAP_ANONYMOUS|MAP_NORESERVE, -1, 0 <unfinished ...>
18962 munmap(0x100000000000, 16384 <unfinished ...>
18964 <... munmap resumed>)             = 0
18973 <... mmap resumed>)               = 0x100180200000
18971 <... mmap resumed>)               = 0x1000c0200000
18964 mmap(NULL, 16384, PROT_READ|PROT_WRITE, MAP_PRIVATE|MAP_ANONYMOUS|MAP_NORESERVE, -1, 0 <unfinished ...>
18973 munmap(0x100180200000, 16384 <unfinished ...>
18970 <... munmap resumed>)             = 0
18971 munmap(0x1000c0200000, 16384)     = 0
18970 mmap(NULL, 16384, PROT_READ|PROT_WRITE, MAP_PRIVATE|MAP_ANONYMOUS|MAP_NORESERVE, -1, 0 <unfinished ...>
18958 <... munmap resumed>)             = 0
18971 mmap(NULL, 16384, PROT_READ|PROT_WRITE, MAP_PRIVATE|MAP_ANONYMOUS|MAP_NORESERVE, -1, 0 <unfinished ...>
18966 <... munmap resumed>)             = 0
18961 <... mmap resumed>)               = 0x100040200000
18971 <... mmap resumed>)               = 0x1000c0200000
18970 <... mmap resumed>)               = 0x100140200000
18968 <... munmap resumed>)             = 0
18958 mmap(NULL, 16384, PROT_READ|PROT_WRITE, MAP_PRIVATE|MAP_ANONYMOUS|MAP_NORESERVE, -1, 0 <unfinished ...>
18971 munmap(0x1000c0200000, 16384 <unfinished ...>
18970 munmap(0x100140200000, 16384 <unfinished ...>
18968 mmap(NULL, 16384, PROT_READ|PROT_WRITE, MAP_PRIVATE|MAP_ANONYMOUS|MAP_NORESERVE, -1, 0 <unfinished ...>
18966 mmap(NULL, 16384, PROT_READ|PROT_WRITE, MAP_PRIVATE|MAP_ANONYMOUS|MAP_NORESERVE, -1, 0 <unfinished ...>
18961 munmap(0x100040200000, 16384 <unfinished ...>
18974 <... munmap resumed>)             = 0
18974 mmap(NULL, 16384, PROT_READ|PROT_WRITE, MAP_PRIVATE|MAP_ANONYMOUS|MAP_NORESERVE, -1, 0 <unfinished ...>
18971 <... munmap resumed>)             = 0
18971 mmap(NULL, 16384, PROT_READ|PROT_WRITE, MAP_PRIVATE|MAP_ANONYMOUS|MAP_NORESERVE, -1, 0 <unfinished ...>
18974 <... mmap resumed>)               = 0x100140000000
18957 <... munmap resumed>)             = 0
18974 munmap(0x100140000000, 16384 <unfinished ...>
18957 mmap(NULL, 16384, PROT_READ|PROT_WRITE, MAP_PRIVATE|MAP_ANONYMOUS|MAP_NORESERVE, -1, 0 <unfinished ...>
18972 <... munmap resumed>)             = 0
18969 <... munmap resumed>)             = 0
18965 <... mmap resumed>)               = 0x100000200000
18963 <... munmap resumed>)             = 0
18957 <... mmap resumed>)               = 0x100180000000
18967 <... mmap resumed>)               = 0x1001c0000000
18972 mmap(NULL, 16384, PROT_READ|PROT_WRITE, MAP_PRIVATE|MAP_ANONYMOUS|MAP_NORESERVE, -1, 0 <unfinished ...>
18963 mmap(NULL, 16384, PROT_READ|PROT_WRITE, MAP_PRIVATE|MAP_ANONYMOUS|MAP_NORESERVE, -1, 0 <unfinished ...>
18973 <... munmap resumed>)             = 0
18967 munmap(0x1001c0000000, 16384 <unfinished ...>
18964 <... mmap resumed>)               = 0x100180200000
18962 <... munmap resumed>)             = 0
18957 munmap(0x100180000000, 16384 <unfinished ...>
18969 mmap(NULL, 16384, PROT_READ|PROT_WRITE, MAP_PRIVATE|MAP_ANONYMOUS|MAP_NORESERVE, -1, 0 <unfinished ...>
18965 munmap(0x100000200000, 16384 <unfinished ...>
18964 munmap(0x100180200000, 16384 <unfinished ...>
18970 <... munmap resumed>)             = 0
18973 mmap(NULL, 16384, PROT_READ|PROT_WRITE, MAP_PRIVATE|MAP_ANONYMOUS|MAP_NORESERVE, -1, 0 <unfinished ...>
18962 mmap(NULL, 16384, PROT_READ|PROT_WRITE, MAP_PRIVATE|MAP_ANONYMOUS|MAP_NORESERVE, -1, 0 <unfinished ...>
18970 mmap(NULL, 16384, PROT_READ|PROT_WRITE, MAP_PRIVATE|MAP_ANONYMOUS|MAP_NORESERVE, -1, 0 <unfinished ...>
18968 <... mmap resumed>)               = 0x100140200000
18965 <... munmap resumed>)             = 0
18973 <... mmap resumed>)               = 0x100000200000
18964 <... munmap resumed>)             = 0
18962 <... mmap resumed>)               = 0x100000000000
18973 munmap(0x100000200000, 16384 <unfinished ...>
18968 munmap(0x100140200000, 16384 <unfinished ...>
18965 mmap(NULL, 16384, PROT_READ|PROT_WRITE, MAP_PRIVATE|MAP_ANONYMOUS|MAP_NORESERVE, -1, 0 <unfinished ...>
18958 <... mmap resumed>)               = 0x100180200000
18970 <... mmap resumed>)               = 0x100040200000
18964 mmap(NULL, 16384, PROT_READ|PROT_WRITE, MAP_PRIVATE|MAP_ANONYMOUS|MAP_NORESERVE, -1, 0 <unfinished ...>
18962 munmap(0x100000000000, 16384 <unfinished ...>
18961 <... munmap resumed>)             = 0
18966 <... mmap resumed>)               = 0x1000c0200000
18958 munmap(0x100180200000, 16384 <unfinished ...>
18970 munmap(0x100040200000, 16384 <unfinished ...>
18968 <... munmap resumed>)             = 0
18966 munmap(0x1000c0200000, 16384 <unfinished ...>
18962 <... munmap resumed>)             = 0
18971 <... mmap resumed>)               = 0x100000000000
18970 <... munmap resumed>)             = 0
18968 mmap(NULL, 16384, PROT_READ|PROT_WRITE, MAP_PRIVATE|MAP_ANONYMOUS|MAP_NORESERVE, -1, 0 <unfinished ...>
18962 mmap(NULL, 16384, PROT_READ|PROT_WRITE, MAP_PRIVATE|MAP_ANONYMOUS|MAP_NORESERVE, -1, 0 <unfinished ...>
18971 munmap(0x100000000000, 16384 <unfinished ...>
18970 mmap(NULL, 16384, PROT_READ|PROT_WRITE, MAP_PRIVATE|MAP_ANONYMOUS|MAP_NORESERVE, -1, 0 <unfinished ...>
18966 <... munmap resumed>)             = 0
18961 mmap(NULL, 16384, PROT_READ|PROT_WRITE, MAP_PRIVATE|MAP_ANONYMOUS|MAP_NORESERVE, -1, 0 <unfinished ...>
18966 mmap(NULL, 16384, PROT_READ|PROT_WRITE, MAP_PRIVATE|MAP_ANONYMOUS|MAP_NORESERVE, -1, 0 <unfinished ...>
18974 <... munmap resumed>)             = 0
18966 <... mmap resumed>)               = 0x100140000000
18974 mmap(NULL, 16384, PROT_READ|PROT_WRITE, MAP_PRIVATE|MAP_ANONYMOUS|MAP_NORESERVE, -1, 0) = 0x100040200000
18972 <... mmap resumed>)               = 0x1000c0200000
18966 munmap(0x100140000000, 16384 <unfinished ...>
18963 <... mmap resumed>)               = 0x100140200000
18974 munmap(0x100040200000, 16384 <unfinished ...>
18972 munmap(0x1000c0200000, 16384 <unfinished ...>
18967 <... munmap resumed>)             = 0
18957 <... munmap resumed>)             = 0
18969 <... mmap resumed>)               = 0x100140000000
18966 <... munmap resumed>)             = 0
18963 munmap(0x100140200000, 16384 <unfinished ...>
18965 <... mmap resumed>)               = 0x100180000000
18973 <... munmap resumed>)             = 0
18972 <... munmap resumed>)             = 0
18969 munmap(0x100140000000, 16384 <unfinished ...>
18967 mmap(NULL, 16384, PROT_READ|PROT_WRITE, MAP_PRIVATE|MAP_ANONYMOUS|MAP_NORESERVE, -1, 0 <unfinished ...>
18966 mmap(NULL, 16384, PROT_READ|PROT_WRITE, MAP_PRIVATE|MAP_ANONYMOUS|MAP_NORESERVE, -1, 0 <unfinished ...>
18964 <... mmap resumed>)               = 0x1000c0200000
18957 mmap(NULL, 16384, PROT_READ|PROT_WRITE, MAP_PRIVATE|MAP_ANONYMOUS|MAP_NORESERVE, -1, 0 <unfinished ...>
18972 mmap(NULL, 16384, PROT_READ|PROT_WRITE, MAP_PRIVATE|MAP_ANONYMOUS|MAP_NORESERVE, -1, 0 <unfinished ...>
18969 <... munmap resumed>)             = 0
18965 munmap(0x100180000000, 16384 <unfinished ...>
18963 <... munmap resumed>)             = 0
18973 mmap(NULL, 16384, PROT_READ|PROT_WRITE, MAP_PRIVATE|MAP_ANONYMOUS|MAP_NORESERVE, -1, 0 <unfinished ...>
18972 <... mmap resumed>)               = 0x100180200000
18969 mmap(NULL, 16384, PROT_READ|PROT_WRITE, MAP_PRIVATE|MAP_ANONYMOUS|MAP_NORESERVE, -1, 0 <unfinished ...>
18968 <... mmap resumed>)               = 0x100140200000
18964 munmap(0x1000c0200000, 16384 <unfinished ...>
18963 mmap(NULL, 16384, PROT_READ|PROT_WRITE, MAP_PRIVATE|MAP_ANONYMOUS|MAP_NORESERVE, -1, 0 <unfinished ...>
18958 <... munmap resumed>)             = 0
18957 <... mmap resumed>)               = 0x100140000000
18973 <... mmap resumed>)               = 0x100180000000
18972 munmap(0x100180200000, 16384 <unfinished ...>
18971 <... munmap resumed>)             = 0
18970 <... mmap resumed>)               = 0x100100000000
18969 <... mmap resumed>)               = 0x1001c0200000
18968 munmap(0x100140200000, 16384 <unfinished ...>
18967 <... mmap resumed>)               = 0x100000200000
18966 <... mmap resumed>)               = 0x1001c0000000
18965 <... munmap resumed>)             = 0
18963 <... mmap resumed>)               = 0x100100200000
18962 <... mmap resumed>)               = 0x100000000000
18974 <... munmap resumed>)             = 0
18973 munmap(0x100180000000, 16384 <unfinished ...>
18972 <... munmap resumed>)             = 0
18971 mmap(NULL, 16384, PROT_READ|PROT_WRITE, MAP_PRIVATE|MAP_ANONYMOUS|MAP_NORESERVE, -1, 0 <unfinished ...>
18970 munmap(0x100100000000, 16384 <unfinished ...>
18969 munmap(0x1001c0200000, 16384 <unfinished ...>
18968 <... munmap resumed>)             = 0
18967 munmap(0x100000200000, 16384 <unfinished ...>
18966 munmap(0x1001c0000000, 16384 <unfinished ...>
18965 mmap(NULL, 16384, PROT_READ|PROT_WRITE, MAP_PRIVATE|MAP_ANONYMOUS|MAP_NORESERVE, -1, 0 <unfinished ...>
18964 <... munmap resumed>)             = 0
18961 <... mmap resumed>)               = 0x1000c0200000
18958 mmap(NULL, 16384, PROT_READ|PROT_WRITE, MAP_PRIVATE|MAP_ANONYMOUS|MAP_NORESERVE, -1, 0 <unfinished ...>
18957 munmap(0x100140000000, 16384 <unfinished ...>
18974 mmap(NULL, 16384, PROT_READ|PROT_WRITE, MAP_PRIVATE|MAP_ANONYMOUS|MAP_NORESERVE, -1, 0 <unfinished ...>
18971 <... mmap resumed>)               = 0x100140200000
18962 munmap(0x100000000000, 16384 <unfinished ...>
18963 munmap(0x100100200000, 16384 <unfinished ...>
18973 <... munmap resumed>)             = 0
18969 <... munmap resumed>)             = 0
18972 mmap(NULL, 16384, PROT_READ|PROT_WRITE, MAP_PRIVATE|MAP_ANONYMOUS|MAP_NORESERVE, -1, 0 <unfinished ...>
18968 mmap(NULL, 16384, PROT_READ|PROT_WRITE, MAP_PRIVATE|MAP_ANONYMOUS|MAP_NORESERVE, -1, 0 <unfinished ...>
18964 mmap(NULL, 16384, PROT_READ|PROT_WRITE, MAP_PRIVATE|MAP_ANONYMOUS|MAP_NORESERVE, -1, 0 <unfinished ...>
18961 munmap(0x1000c0200000, 16384 <unfinished ...>
18971 munmap(0x100140200000, 16384 <unfinished ...>
18969 mmap(NULL, 16384, PROT_READ|PROT_WRITE, MAP_PRIVATE|MAP_ANONYMOUS|MAP_NORESERVE, -1, 0 <unfinished ...>
18973 mmap(NULL, 16384, PROT_READ|PROT_WRITE, MAP_PRIVATE|MAP_ANONYMOUS|MAP_NORESERVE, -1, 0 <unfinished ...>
18969 <... mmap resumed>)               = 0x100100200000
18963 <... munmap resumed>)             = 0
18970 <... munmap resumed>)             = 0
18970 mmap(NULL, 16384, PROT_READ|PROT_WRITE, MAP_PRIVATE|MAP_ANONYMOUS|MAP_NORESERVE, -1, 0 <unfinished ...>
18969 munmap(0x100100200000, 16384 <unfinished ...>
18967 <... munmap resumed>)             = 0
18966 <... munmap resumed>)             = 0
18963 mmap(NULL, 16384, PROT_READ|PROT_WRITE, MAP_PRIVATE|MAP_ANONYMOUS|MAP_NORESERVE, -1, 0 <unfinished ...>
18969 <... munmap resumed>)             = 0
18967 mmap(NULL, 16384, PROT_READ|PROT_WRITE, MAP_PRIVATE|MAP_ANONYMOUS|MAP_NORESERVE, -1, 0 <unfinished ...>
18966 mmap(NULL, 16384, PROT_READ|PROT_WRITE, MAP_PRIVATE|MAP_ANONYMOUS|MAP_NORESERVE, -1, 0 <unfinished ...>
18965 <... mmap resumed>)               = 0x1001c0000000
18963 <... mmap resumed>)               = 0x100000200000
18958 <... mmap resumed>)               = 0x100100000000
18974 <... mmap resumed>)               = 0x100100200000
18967 <... mmap resumed>)               = 0x1001c0200000
18962 <... munmap resumed>)             = 0
18965 munmap(0x1001c0000000, 16384 <unfinished ...>
18963 munmap(0x100000200000, 16384 <unfinished ...>
18958 munmap(0x100100000000, 16384 <unfinished ...>
18974 munmap(0x100100200000, 16384 <unfinished ...>
18970 <... mmap resumed>)               = 0x100140000000
18969 mmap(NULL, 16384, PROT_READ|PROT_WRITE, MAP_PRIVATE|MAP_ANONYMOUS|MAP_NORESERVE, -1, 0 <unfinished ...>
18967 munmap(0x1001c0200000, 16384 <unfinished ...>
18962 mmap(NULL, 16384, PROT_READ|PROT_WRITE, MAP_PRIVATE|MAP_ANONYMOUS|MAP_NORESERVE, -1, 0 <unfinished ...>
18957 <... munmap resumed>)             = 0
18972 <... mmap resumed>)               = 0x100180000000
18964 <... mmap resumed>)               = 0x100000000000
18957 mmap(NULL, 16384, PROT_READ|PROT_WRITE, MAP_PRIVATE|MAP_ANONYMOUS|MAP_NORESERVE, -1, 0 <unfinished ...>
18972 munmap(0x100180000000, 16384 <unfinished ...>
18967 <... munmap resumed>)             = 0
18970 munmap(0x100140000000, 16384 <unfinished ...>
18967 mmap(NULL, 16384, PROT_READ|PROT_WRITE, MAP_PRIVATE|MAP_ANONYMOUS|MAP_NORESERVE, -1, 0 <unfinished ...>
18964 munmap(0x100000000000, 16384 <unfinished ...>
18969 <... mmap resumed>)               = 0x1000c0200000
18961 <... munmap resumed>)             = 0
18970 <... munmap resumed>)             = 0
18969 munmap(0x1000c0200000, 16384 <unfinished ...>
18964 <... munmap resumed>)             = 0
18973 <... mmap resumed>)               = 0x100000000000
18970 mmap(NULL, 16384, PROT_READ|PROT_WRITE, MAP_PRIVATE|MAP_ANONYMOUS|MAP_NORESERVE, -1, 0 <unfinished ...>
18971 <... munmap resumed>)             = 0
18969 <... munmap resumed>)             = 0
18973 munmap(0x100000000000, 16384 <unfinished ...>
18964 mmap(NULL, 16384, PROT_READ|PROT_WRITE, MAP_PRIVATE|MAP_ANONYMOUS|MAP_NORESERVE, -1, 0 <unfinished ...>
18968 <... mmap resumed>)               = 0x1000c0200000
18969 mmap(NULL, 16384, PROT_READ|PROT_WRITE, MAP_PRIVATE|MAP_ANONYMOUS|MAP_NORESERVE, -1, 0 <unfinished ...>
18961 mmap(NULL, 16384, PROT_READ|PROT_WRITE, MAP_PRIVATE|MAP_ANONYMOUS|MAP_NORESERVE, -1, 0 <unfinished ...>
18971 mmap(NULL, 16384, PROT_READ|PROT_WRITE, MAP_PRIVATE|MAP_ANONYMOUS|MAP_NORESERVE, -1, 0 <unfinished ...>
18970 <... mmap resumed>)               = 0x100140200000
18968 munmap(0x1000c0200000, 16384 <unfinished ...>
18965 <... munmap resumed>)             = 0
18970 munmap(0x100140200000, 16384 <unfinished ...>
18966 <... mmap resumed>)               = 0x100100000000
18963 <... munmap resumed>)             = 0
18965 mmap(NULL, 16384, PROT_READ|PROT_WRITE, MAP_PRIVATE|MAP_ANONYMOUS|MAP_NORESERVE, -1, 0 <unfinished ...>
18958 <... munmap resumed>)             = 0
18970 <... munmap resumed>)             = 0
18966 munmap(0x100100000000, 16384 <unfinished ...>
18963 mmap(NULL, 16384, PROT_READ|PROT_WRITE, MAP_PRIVATE|MAP_ANONYMOUS|MAP_NORESERVE, -1, 0 <unfinished ...>
18962 <... mmap resumed>)               = 0x100000200000
18974 <... munmap resumed>)             = 0
18972 <... munmap resumed>)             = 0
18970 mmap(NULL, 16384, PROT_READ|PROT_WRITE, MAP_PRIVATE|MAP_ANONYMOUS|MAP_NORESERVE, -1, 0 <unfinished ...>
18967 <... mmap resumed>)               = 0x100180000000
18966 <... munmap resumed>)             = 0
18958 mmap(NULL, 16384, PROT_READ|PROT_WRITE, MAP_PRIVATE|MAP_ANONYMOUS|MAP_NORESERVE, -1, 0 <unfinished ...>
18957 <... mmap resumed>)               = 0x100100200000
18974 mmap(NULL, 16384, PROT_READ|PROT_WRITE, MAP_PRIVATE|MAP_ANONYMOUS|MAP_NORESERVE, -1, 0 <unfinished ...>
18973 <... munmap resumed>)             = 0
18972 mmap(NULL, 16384, PROT_READ|PROT_WRITE, MAP_PRIVATE|MAP_ANONYMOUS|MAP_NORESERVE, -1, 0 <unfinished ...>
18970 <... mmap resumed>)               = 0x100000000000
18969 <... mmap resumed>)               = 0x100100000000
18962 munmap(0x100000200000, 16384 <unfinished ...>
18974 <... mmap resumed>)               = 0x1001c0200000
18973 mmap(NULL, 16384, PROT_READ|PROT_WRITE, MAP_PRIVATE|MAP_ANONYMOUS|MAP_NORESERVE, -1, 0 <unfinished ...>
18971 <... mmap resumed>)               = 0x100140000000
18970 munmap(0x100000000000, 16384 <unfinished ...>
18967 munmap(0x100180000000, 16384 <unfinished ...>
18966 mmap(NULL, 16384, PROT_READ|PROT_WRITE, MAP_PRIVATE|MAP_ANONYMOUS|MAP_NORESERVE, -1, 0 <unfinished ...>
18964 <... mmap resumed>)               = 0x100140200000
18963 <... mmap resumed>)               = 0x1001c0000000
18961 <... mmap resumed>)               = 0x100180200000
18958 <... mmap resumed>)               = 0x100040200000
18957 munmap(0x100100200000, 16384 <unfinished ...>
18974 munmap(0x1001c0200000, 16384 <unfinished ...>
18971 munmap(0x100140000000, 16384 <unfinished ...>
18969 munmap(0x100100000000, 16384 <unfinished ...>
18968 <... munmap resumed>)             = 0
18965 <... mmap resumed>)               = 0x1000c0200000
18964 munmap(0x100140200000, 16384 <unfinished ...>
18965 munmap(0x1000c0200000, 16384 <unfinished ...>
18968 mmap(NULL, 16384, PROT_READ|PROT_WRITE, MAP_PRIVATE|MAP_ANONYMOUS|MAP_NORESERVE, -1, 0 <unfinished ...>
18970 <... munmap resumed>)             = 0
18961 munmap(0x100180200000, 16384 <unfinished ...>
18970 mmap(NULL, 16384, PROT_READ|PROT_WRITE, MAP_PRIVATE|MAP_ANONYMOUS|MAP_NORESERVE, -1, 0 <unfinished ...>
18963 munmap(0x1001c0000000, 16384 <unfinished ...>
18958 munmap(0x100040200000, 16384 <unfinished ...>
18972 <... mmap resumed>)               = 0x100180200000
18965 <... munmap resumed>)             = 0
18961 <... munmap resumed>)             = 0
18972 munmap(0x100180200000, 16384 <unfinished ...>
18962 <... munmap resumed>)             = 0
18973 <... mmap resumed>)               = 0x100000200000
18965 mmap(NULL, 16384, PROT_READ|PROT_WRITE, MAP_PRIVATE|MAP_ANONYMOUS|MAP_NORESERVE, -1, 0 <unfinished ...>
18961 mmap(NULL, 16384, PROT_READ|PROT_WRITE, MAP_PRIVATE|MAP_ANONYMOUS|MAP_NORESERVE, -1, 0 <unfinished ...>
18972 <... munmap resumed>)             = 0
18966 <... mmap resumed>)               = 0x1000c0200000
18965 <... mmap resumed>)               = 0x100180200000
18972 mmap(NULL, 16384, PROT_READ|PROT_WRITE, MAP_PRIVATE|MAP_ANONYMOUS|MAP_NORESERVE, -1, 0 <unfinished ...>
18971 <... munmap resumed>)             = 0
18973 munmap(0x100000200000, 16384 <unfinished ...>
18972 <... mmap resumed>)               = 0x100140000000
18965 munmap(0x100180200000, 16384 <unfinished ...>
18962 mmap(NULL, 16384, PROT_READ|PROT_WRITE, MAP_PRIVATE|MAP_ANONYMOUS|MAP_NORESERVE, -1, 0 <unfinished ...>
18971 mmap(NULL, 16384, PROT_READ|PROT_WRITE, MAP_PRIVATE|MAP_ANONYMOUS|MAP_NORESERVE, -1, 0 <unfinished ...>
18966 munmap(0x1000c0200000, 16384 <unfinished ...>
18961 <... mmap resumed>)               = 0x100000000000
18965 <... munmap resumed>)             = 0
18973 <... munmap resumed>)             = 0
18972 munmap(0x100140000000, 16384 <unfinished ...>
18966 <... munmap resumed>)             = 0
18961 munmap(0x100000000000, 16384 <unfinished ...>
18973 mmap(NULL, 16384, PROT_READ|PROT_WRITE, MAP_PRIVATE|MAP_ANONYMOUS|MAP_NORESERVE, -1, 0 <unfinished ...>
18972 <... munmap resumed>)             = 0
18967 <... munmap resumed>)             = 0
18965 mmap(NULL, 16384, PROT_READ|PROT_WRITE, MAP_PRIVATE|MAP_ANONYMOUS|MAP_NORESERVE, -1, 0 <unfinished ...>
18974 <... munmap resumed>)             = 0
18966 mmap(NULL, 16384, PROT_READ|PROT_WRITE, MAP_PRIVATE|MAP_ANONYMOUS|MAP_NORESERVE, -1, 0 <unfinished ...>
18964 <... munmap resumed>)             = 0
18972 mmap(NULL, 16384, PROT_READ|PROT_WRITE, MAP_PRIVATE|MAP_ANONYMOUS|MAP_NORESERVE, -1, 0 <unfinished ...>
18964 mmap(NULL, 16384, PROT_READ|PROT_WRITE, MAP_PRIVATE|MAP_ANONYMOUS|MAP_NORESERVE, -1, 0 <unfinished ...>
18957 <... munmap resumed>)             = 0
18967 mmap(NULL, 16384, PROT_READ|PROT_WRITE, MAP_PRIVATE|MAP_ANONYMOUS|MAP_NORESERVE, -1, 0 <unfinished ...>
18974 mmap(NULL, 16384, PROT_READ|PROT_WRITE, MAP_PRIVATE|MAP_ANONYMOUS|MAP_NORESERVE, -1, 0 <unfinished ...>
18964 <... mmap resumed>)               = 0x100100200000
18957 mmap(NULL, 16384, PROT_READ|PROT_WRITE, MAP_PRIVATE|MAP_ANONYMOUS|MAP_NORESERVE, -1, 0 <unfinished ...>
18967 <... mmap resumed>)               = 0x1001c0200000
18968 <... mmap resumed>)               = 0x100140200000
18964 munmap(0x100100200000, 16384 <unfinished ...>
18974 <... mmap resumed>)               = 0x100180000000
18968 munmap(0x100140200000, 16384 <unfinished ...>
18967 munmap(0x1001c0200000, 16384 <unfinished ...>
18957 <... mmap resumed>)               = 0x100140000000
18974 munmap(0x100180000000, 16384 <unfinished ...>
18957 munmap(0x100140000000, 16384 <unfinished ...>
18969 <... munmap resumed>)             = 0
18968 <... munmap resumed>)             = 0
18974 <... munmap resumed>)             = 0
18970 <... mmap resumed>)               = 0x100180000000
18969 mmap(NULL, 16384, PROT_READ|PROT_WRITE, MAP_PRIVATE|MAP_ANONYMOUS|MAP_NORESERVE, -1, 0 <unfinished ...>
18957 <... munmap resumed>)             = 0
18974 mmap(NULL, 16384, PROT_READ|PROT_WRITE, MAP_PRIVATE|MAP_ANONYMOUS|MAP_NORESERVE, -1, 0 <unfinished ...>
18970 munmap(0x100180000000, 16384 <unfinished ...>
18968 mmap(NULL, 16384, PROT_READ|PROT_WRITE, MAP_PRIVATE|MAP_ANONYMOUS|MAP_NORESERVE, -1, 0 <unfinished ...>
18974 <... mmap resumed>)               = 0x1001c0000000
18963 <... munmap resumed>)             = 0
18957 mmap(NULL, 16384, PROT_READ|PROT_WRITE, MAP_PRIVATE|MAP_ANONYMOUS|MAP_NORESERVE, -1, 0 <unfinished ...>
18970 <... munmap resumed>)             = 0
18974 munmap(0x1001c0000000, 16384 <unfinished ...>
18971 <... mmap resumed>)               = 0x100140000000
18970 mmap(NULL, 16384, PROT_READ|PROT_WRITE, MAP_PRIVATE|MAP_ANONYMOUS|MAP_NORESERVE, -1, 0 <unfinished ...>
18963 mmap(NULL, 16384, PROT_READ|PROT_WRITE, MAP_PRIVATE|MAP_ANONYMOUS|MAP_NORESERVE, -1, 0 <unfinished ...>
18962 <... mmap resumed>)               = 0x100040200000
18961 <... munmap resumed>)             = 0
18958 <... munmap resumed>)             = 0
18957 <... mmap resumed>)               = 0x100180000000
18966 <... mmap resumed>)               = 0x100000000000
18974 <... munmap resumed>)             = 0
18971 munmap(0x100140000000, 16384 <unfinished ...>
18966 munmap(0x100000000000, 16384 <unfinished ...>
18965 <... mmap resumed>)               = 0x1001c0000000
18962 munmap(0x100040200000, 16384 <unfinished ...>
18961 mmap(NULL, 16384, PROT_READ|PROT_WRITE, MAP_PRIVATE|MAP_ANONYMOUS|MAP_NORESERVE, -1, 0 <unfinished ...>
18958 mmap(NULL, 16384, PROT_READ|PROT_WRITE, MAP_PRIVATE|MAP_ANONYMOUS|MAP_NORESERVE, -1, 0 <unfinished ...>
18957 munmap(0x100180000000, 16384 <unfinished ...>
18974 mmap(NULL, 16384, PROT_READ|PROT_WRITE, MAP_PRIVATE|MAP_ANONYMOUS|MAP_NORESERVE, -1, 0 <unfinished ...>
18971 <... munmap resumed>)             = 0
18965 munmap(0x1001c0000000, 16384 <unfinished ...>
18971 mmap(NULL, 16384, PROT_READ|PROT_WRITE, MAP_PRIVATE|MAP_ANONYMOUS|MAP_NORESERVE, -1, 0 <unfinished ...>
18972 <... mmap resumed>)               = 0x100040200000
18962 <... munmap resumed>)             = 0
18973 <... mmap resumed>)               = 0x100140000000
18972 munmap(0x100040200000, 16384 <unfinished ...>
18962 mmap(NULL, 16384, PROT_READ|PROT_WRITE, MAP_PRIVATE|MAP_ANONYMOUS|MAP_NORESERVE, -1, 0 <unfinished ...>
18973 munmap(0x100140000000, 16384 <unfinished ...>
18967 <... munmap resumed>)             = 0
18964 <... munmap resumed>)             = 0
18969 <... mmap resumed>)               = 0x1001c0200000
18968 <... mmap resumed>)               = 0x100100200000
18967 mmap(NULL, 16384, PROT_READ|PROT_WRITE, MAP_PRIVATE|MAP_ANONYMOUS|MAP_NORESERVE, -1, 0 <unfinished ...>
18964 mmap(NULL, 16384, PROT_READ|PROT_WRITE, MAP_PRIVATE|MAP_ANONYMOUS|MAP_NORESERVE, -1, 0 <unfinished ...>
18962 <... mmap resumed>)               = 0x100140000000
18973 <... munmap resumed>)             = 0
18973 mmap(NULL, 16384, PROT_READ|PROT_WRITE, MAP_PRIVATE|MAP_ANONYMOUS|MAP_NORESERVE, -1, 0 <unfinished ...>
18970 <... mmap resumed>)               = 0x100140200000
18968 munmap(0x100100200000, 16384 <unfinished ...>
18962 munmap(0x100140000000, 16384 <unfinished ...>
18972 <... munmap resumed>)             = 0
18970 munmap(0x100140200000, 16384 <unfinished ...>
18969 munmap(0x1001c0200000, 16384 <unfinished ...>
18972 mmap(NULL, 16384, PROT_READ|PROT_WRITE, MAP_PRIVATE|MAP_ANONYMOUS|MAP_NORESERVE, -1, 0 <unfinished ...>
18970 <... munmap resumed>)             = 0
18969 <... munmap resumed>)             = 0
18962 <... munmap resumed>)             = 0
18972 <... mmap resumed>)               = 0x100000000000
18969 mmap(NULL, 16384, PROT_READ|PROT_WRITE, MAP_PRIVATE|MAP_ANONYMOUS|MAP_NORESERVE, -1, 0 <unfinished ...>
18966 <... munmap resumed>)             = 0
18963 <... mmap resumed>)               = 0x1001c0200000
18970 mmap(NULL, 16384, PROT_READ|PROT_WRITE, MAP_PRIVATE|MAP_ANONYMOUS|MAP_NORESERVE, -1, 0 <unfinished ...>
18962 mmap(NULL, 16384, PROT_READ|PROT_WRITE, MAP_PRIVATE|MAP_ANONYMOUS|MAP_NORESERVE, -1, 0 <unfinished ...>
18961 <... mmap resumed>)               = 0x100140200000
18969 <... mmap resumed>)               = 0x100140000000
18963 munmap(0x1001c0200000, 16384 <unfinished ...>
18966 mmap(NULL, 16384, PROT_READ|PROT_WRITE, MAP_PRIVATE|MAP_ANONYMOUS|MAP_NORESERVE, -1, 0 <unfinished ...>
18957 <... munmap resumed>)             = 0
18969 munmap(0x100140000000, 16384 <unfinished ...>
18962 <... mmap resumed>)               = 0x100180000000
18961 munmap(0x100140200000, 16384 <unfinished ...>
18957 mmap(NULL, 16384, PROT_READ|PROT_WRITE, MAP_PRIVATE|MAP_ANONYMOUS|MAP_NORESERVE, -1, 0 <unfinished ...>
18972 munmap(0x100000000000, 16384 <unfinished ...>
18962 munmap(0x100180000000, 16384 <unfinished ...>
18963 <... munmap resumed>)             = 0
18969 <... munmap resumed>)             = 0
18963 mmap(NULL, 16384, PROT_READ|PROT_WRITE, MAP_PRIVATE|MAP_ANONYMOUS|MAP_NORESERVE, -1, 0 <unfinished ...>
18969 mmap(NULL, 16384, PROT_READ|PROT_WRITE, MAP_PRIVATE|MAP_ANONYMOUS|MAP_NORESERVE, -1, 0 <unfinished ...>
18965 <... munmap resumed>)             = 0
18962 <... munmap resumed>)             = 0
18974 <... mmap resumed>)               = 0x1001c0000000
18973 <... mmap resumed>)               = 0x1000c0200000
18971 <... mmap resumed>)               = 0x1001c0200000
18969 <... mmap resumed>)               = 0x100140000000
18967 <... mmap resumed>)               = 0x100100000000
18965 mmap(NULL, 16384, PROT_READ|PROT_WRITE, MAP_PRIVATE|MAP_ANONYMOUS|MAP_NORESERVE, -1, 0 <unfinished ...>
18963 <... mmap resumed>)               = 0x100180000000
18962 mmap(NULL, 16384, PROT_READ|PROT_WRITE, MAP_PRIVATE|MAP_ANONYMOUS|MAP_NORESERVE, -1, 0 <unfinished ...>
18958 <... mmap resumed>)               = 0x100040200000
18974 munmap(0x1001c0000000, 16384 <unfinished ...>
18973 munmap(0x1000c0200000, 16384 <unfinished ...>
18969 munmap(0x100140000000, 16384 <unfinished ...>
18968 <... munmap resumed>)             = 0
18967 munmap(0x100100000000, 16384 <unfinished ...>
18966 <... mmap resumed>)               = 0x100100200000
18965 <... mmap resumed>)               = 0x100180200000
18964 <... mmap resumed>)               = 0x100000200000
18971 munmap(0x1001c0200000, 16384 <unfinished ...>
18970 <... mmap resumed>)               = 0x100040000000
18969 <... munmap resumed>)             = 0
18966 munmap(0x100100200000, 16384 <unfinished ...>
18963 munmap(0x100180000000, 16384 <unfinished ...>
18962 <... mmap resumed>)               = 0x100080000000
18958 munmap(0x100040200000, 16384 <unfinished ...>
18970 munmap(0x100040000000, 16384 <unfinished ...>
18969 mmap(NULL, 16384, PROT_READ|PROT_WRITE, MAP_PRIVATE|MAP_ANONYMOUS|MAP_NORESERVE, -1, 0 <unfinished ...>
18968 mmap(NULL, 16384, PROT_READ|PROT_WRITE, MAP_PRIVATE|MAP_ANONYMOUS|MAP_NORESERVE, -1, 0 <unfinished ...>
18967 <... munmap resumed>)             = 0
18965 munmap(0x100180200000, 16384 <unfinished ...>
18964 munmap(0x100000200000, 16384 <unfinished ...>
18966 <... munmap resumed>)             = 0
18962 munmap(0x100080000000, 16384 <unfinished ...>
18961 <... munmap resumed>)             = 0
18967 mmap(NULL, 16384, PROT_READ|PROT_WRITE, MAP_PRIVATE|MAP_ANONYMOUS|MAP_NORESERVE, -1, 0 <unfinished ...>
18958 <... munmap resumed>)             = 0
18966 mmap(NULL, 16384, PROT_READ|PROT_WRITE, MAP_PRIVATE|MAP_ANONYMOUS|MAP_NORESERVE, -1, 0 <unfinished ...>
18961 mmap(NULL, 16384, PROT_READ|PROT_WRITE, MAP_PRIVATE|MAP_ANONYMOUS|MAP_NORESERVE, -1, 0 <unfinished ...>
18970 <... munmap resumed>)             = 0
18958 mmap(NULL, 16384, PROT_READ|PROT_WRITE, MAP_PRIVATE|MAP_ANONYMOUS|MAP_NORESERVE, -1, 0 <unfinished ...>
18972 <... munmap resumed>)             = 0
18970 mmap(NULL, 16384, PROT_READ|PROT_WRITE, MAP_PRIVATE|MAP_ANONYMOUS|MAP_NORESERVE, -1, 0 <unfinished ...>
18958 <... mmap resumed>)               = 0x100000000000
18972 mmap(NULL, 16384, PROT_READ|PROT_WRITE, MAP_PRIVATE|MAP_ANONYMOUS|MAP_NORESERVE, -1, 0 <unfinished ...>
18970 <... mmap resumed>)               = 0x100040000000
18958 munmap(0x100000000000, 16384 <unfinished ...>
18972 <... mmap resumed>)               = 0x100040200000
18974 <... munmap resumed>)             = 0
18973 <... munmap resumed>)             = 0
18970 munmap(0x100040000000, 16384 <unfinished ...>
18958 <... munmap resumed>)             = 0
18957 <... mmap resumed>)               = 0x100100200000
18974 mmap(NULL, 16384, PROT_READ|PROT_WRITE, MAP_PRIVATE|MAP_ANONYMOUS|MAP_NORESERVE, -1, 0 <unfinished ...>
18973 mmap(NULL, 16384, PROT_READ|PROT_WRITE, MAP_PRIVATE|MAP_ANONYMOUS|MAP_NORESERVE, -1, 0 <unfinished ...>
18972 munmap(0x100040200000, 16384 <unfinished ...>
18958 mmap(NULL, 16384, PROT_READ|PROT_WRITE, MAP_PRIVATE|MAP_ANONYMOUS|MAP_NORESERVE, -1, 0 <unfinished ...>
18957 munmap(0x100100200000, 16384 <unfinished ...>
18974 <... mmap resumed>)               = 0x1001c0200000
18958 <... mmap resumed>)               = 0x1001c0000000
18974 munmap(0x1001c0200000, 16384 <unfinished ...>
18971 <... munmap resumed>)             = 0
18968 <... mmap resumed>)               = 0x100100200000
18958 munmap(0x1001c0000000, 16384 <unfinished ...>
18957 <... munmap resumed>)             = 0
18974 <... munmap resumed>)             = 0
18971 mmap(NULL, 16384, PROT_READ|PROT_WRITE, MAP_PRIVATE|MAP_ANONYMOUS|MAP_NORESERVE, -1, 0 <unfinished ...>
18969 <... mmap resumed>)               = 0x1001c0200000
18968 munmap(0x100100200000, 16384 <unfinished ...>
18964 <... munmap resumed>)             = 0
18963 <... munmap resumed>)             = 0
18974 mmap(NULL, 16384, PROT_READ|PROT_WRITE, MAP_PRIVATE|MAP_ANONYMOUS|MAP_NORESERVE, -1, 0 <unfinished ...>
18963 mmap(NULL, 16384, PROT_READ|PROT_WRITE, MAP_PRIVATE|MAP_ANONYMOUS|MAP_NORESERVE, -1, 0 <unfinished ...>
18958 <... munmap resumed>)             = 0
18957 mmap(NULL, 16384, PROT_READ|PROT_WRITE, MAP_PRIVATE|MAP_ANONYMOUS|MAP_NORESERVE, -1, 0 <unfinished ...>
18969 munmap(0x1001c0200000, 16384 <unfinished ...>
18964 mmap(NULL, 16384, PROT_READ|PROT_WRITE, MAP_PRIVATE|MAP_ANONYMOUS|MAP_NORESERVE, -1, 0 <unfinished ...>
18962 <... munmap resumed>)             = 0
18958 mmap(NULL, 16384, PROT_READ|PROT_WRITE, MAP_PRIVATE|MAP_ANONYMOUS|MAP_NORESERVE, -1, 0 <unfinished ...>
18967 <... mmap resumed>)               = 0x100080000000
18965 <... munmap resumed>)             = 0
18969 <... munmap resumed>)             = 0
18966 <... mmap resumed>)               = 0x1001c0200000
18962 mmap(NULL, 16384, PROT_READ|PROT_WRITE, MAP_PRIVATE|MAP_ANONYMOUS|MAP_NORESERVE, -1, 0 <unfinished ...>
18961 <... mmap resumed>)               = 0x1001c0000000
18958 <... mmap resumed>)               = 0x100180200000
18969 mmap(NULL, 16384, PROT_READ|PROT_WRITE, MAP_PRIVATE|MAP_ANONYMOUS|MAP_NORESERVE, -1, 0 <unfinished ...>
18967 munmap(0x100080000000, 16384 <unfinished ...>
18965 mmap(NULL, 16384, PROT_READ|PROT_WRITE, MAP_PRIVATE|MAP_ANONYMOUS|MAP_NORESERVE, -1, 0 <unfinished ...>
18974 <... mmap resumed>)               = 0x100000200000
18973 <... mmap resumed>)               = 0x100040000000
18972 <... munmap resumed>)             = 0
18971 <... mmap resumed>)               = 0x100040200000
18970 <... munmap resumed>)             = 0
18969 <... mmap resumed>)               = 0x100180000000
18967 <... munmap resumed>)             = 0
18966 munmap(0x1001c0200000, 16384 <unfinished ...>
18961 munmap(0x1001c0000000, 16384 <unfinished ...>
18958 munmap(0x100180200000, 16384 <unfinished ...>
18973 munmap(0x100040000000, 16384 <unfinished ...>
18972 mmap(NULL, 16384, PROT_READ|PROT_WRITE, MAP_PRIVATE|MAP_ANONYMOUS|MAP_NORESERVE, -1, 0 <unfinished ...>
18971 munmap(0x100040200000, 16384 <unfinished ...>
18970 mmap(NULL, 16384, PROT_READ|PROT_WRITE, MAP_PRIVATE|MAP_ANONYMOUS|MAP_NORESERVE, -1, 0 <unfinished ...>
18968 <... munmap resumed>)             = 0
18967 mmap(NULL, 16384, PROT_READ|PROT_WRITE, MAP_PRIVATE|MAP_ANONYMOUS|MAP_NORESERVE, -1, 0 <unfinished ...>
18965 <... mmap resumed>)               = 0x1000c0200000
18964 <... mmap resumed>)               = 0x100100200000
18963 <... mmap resumed>)               = 0x100080000000
18962 <... mmap resumed>)               = 0x100140200000
18957 <... mmap resumed>)               = 0x100000000000
18974 munmap(0x100000200000, 16384 <unfinished ...>
18969 munmap(0x100180000000, 16384 <unfinished ...>
18966 <... munmap resumed>)             = 0
18962 munmap(0x100140200000, 16384 <unfinished ...>
18961 <... munmap resumed>)             = 0
18968 mmap(NULL, 16384, PROT_READ|PROT_WRITE, MAP_PRIVATE|MAP_ANONYMOUS|MAP_NORESERVE, -1, 0 <unfinished ...>
18964 munmap(0x100100200000, 16384 <unfinished ...>
18965 munmap(0x1000c0200000, 16384 <unfinished ...>
18961 mmap(NULL, 16384, PROT_READ|PROT_WRITE, MAP_PRIVATE|MAP_ANONYMOUS|MAP_NORESERVE, -1, 0 <unfinished ...>
18963 munmap(0x100080000000, 16384 <unfinished ...>
18957 munmap(0x100000000000, 16384 <unfinished ...>
18969 <... munmap resumed>)             = 0
18966 mmap(NULL, 16384, PROT_READ|PROT_WRITE, MAP_PRIVATE|MAP_ANONYMOUS|MAP_NORESERVE, -1, 0 <unfinished ...>
18958 <... munmap resumed>)             = 0
18969 mmap(NULL, 16384, PROT_READ|PROT_WRITE, MAP_PRIVATE|MAP_ANONYMOUS|MAP_NORESERVE, -1, 0 <unfinished ...>
18957 <... munmap resumed>)             = 0
18966 <... mmap resumed>)               = 0x100080000000
18963 <... munmap resumed>)             = 0
18969 <... mmap resumed>)               = 0x100000000000
18958 mmap(NULL, 16384, PROT_READ|PROT_WRITE, MAP_PRIVATE|MAP_ANONYMOUS|MAP_NORESERVE, -1, 0 <unfinished ...>
18967 <... mmap resumed>)               = 0x100180200000
18963 mmap(NULL, 16384, PROT_READ|PROT_WRITE, MAP_PRIVATE|MAP_ANONYMOUS|MAP_NORESERVE, -1, 0 <unfinished ...>
18957 mmap(NULL, 16384, PROT_READ|PROT_WRITE, MAP_PRIVATE|MAP_ANONYMOUS|MAP_NORESERVE, -1, 0 <unfinished ...>
18971 <... munmap resumed>)             = 0
18970 <... mmap resumed>)               = 0x100040200000
18969 munmap(0x100000000000, 16384 <unfinished ...>
18967 munmap(0x100180200000, 16384 <unfinished ...>
18966 munmap(0x100080000000, 16384 <unfinished ...>
18971 mmap(NULL, 16384, PROT_READ|PROT_WRITE, MAP_PRIVATE|MAP_ANONYMOUS|MAP_NORESERVE, -1, 0 <unfinished ...>
18970 munmap(0x100040200000, 16384 <unfinished ...>
18958 <... mmap resumed>)               = 0x100180000000
18957 <... mmap resumed>)               = 0x1001c0000000
18974 <... munmap resumed>)             = 0
18971 <... mmap resumed>)               = 0x100000200000
18958 munmap(0x100180000000, 16384 <unfinished ...>
18974 mmap(NULL, 16384, PROT_READ|PROT_WRITE, MAP_PRIVATE|MAP_ANONYMOUS|MAP_NORESERVE, -1, 0 <unfinished ...>
18970 <... munmap resumed>)             = 0
18957 munmap(0x1001c0000000, 16384 <unfinished ...>
18971 munmap(0x100000200000, 16384 <unfinished ...>
18970 mmap(NULL, 16384, PROT_READ|PROT_WRITE, MAP_PRIVATE|MAP_ANONYMOUS|MAP_NORESERVE, -1, 0 <unfinished ...>
18958 <... munmap resumed>)             = 0
18973 <... munmap resumed>)             = 0
18968 <... mmap resumed>)               = 0x1001c0000000
18958 mmap(NULL, 16384, PROT_READ|PROT_WRITE, MAP_PRIVATE|MAP_ANONYMOUS|MAP_NORESERVE, -1, 0 <unfinished ...>
18957 <... munmap resumed>)             = 0
18964 <... munmap resumed>)             = 0
18973 mmap(NULL, 16384, PROT_READ|PROT_WRITE, MAP_PRIVATE|MAP_ANONYMOUS|MAP_NORESERVE, -1, 0 <unfinished ...>
18972 <... mmap resumed>)               = 0x100100200000
18968 munmap(0x1001c0000000, 16384 <unfinished ...>
18964 mmap(NULL, 16384, PROT_READ|PROT_WRITE, MAP_PRIVATE|MAP_ANONYMOUS|MAP_NORESERVE, -1, 0 <unfinished ...>
18958 <... mmap resumed>)               = 0x100040000000
18957 mmap(NULL, 16384, PROT_READ|PROT_WRITE, MAP_PRIVATE|MAP_ANONYMOUS|MAP_NORESERVE, -1, 0 <unfinished ...>
18972 munmap(0x100100200000, 16384 <unfinished ...>
18958 munmap(0x100040000000, 16384 <unfinished ...>
18965 <... munmap resumed>)             = 0
18965 mmap(NULL, 16384, PROT_READ|PROT_WRITE, MAP_PRIVATE|MAP_ANONYMOUS|MAP_NORESERVE, -1, 0 <unfinished ...>
18962 <... munmap resumed>)             = 0
18965 <... mmap resumed>)               = 0x1000c0200000
18963 <... mmap resumed>)               = 0x100140200000
18962 mmap(NULL, 16384, PROT_READ|PROT_WRITE, MAP_PRIVATE|MAP_ANONYMOUS|MAP_NORESERVE, -1, 0 <unfinished ...>
18961 <... mmap resumed>)               = 0x100180000000
18961 munmap(0x100180000000, 16384 <unfinished ...>
18963 munmap(0x100140200000, 16384 <unfinished ...>
18965 munmap(0x1000c0200000, 16384 <unfinished ...>
18967 <... munmap resumed>)             = 0
18967 mmap(NULL, 16384, PROT_READ|PROT_WRITE, MAP_PRIVATE|MAP_ANONYMOUS|MAP_NORESERVE, -1, 0 <unfinished ...>
18969 <... munmap resumed>)             = 0
18967 <... mmap resumed>)               = 0x100000000000
18966 <... munmap resumed>)             = 0
18971 <... munmap resumed>)             = 0
18971 mmap(NULL, 16384, PROT_READ|PROT_WRITE, MAP_PRIVATE|MAP_ANONYMOUS|MAP_NORESERVE, -1, 0 <unfinished ...>
18969 mmap(NULL, 16384, PROT_READ|PROT_WRITE, MAP_PRIVATE|MAP_ANONYMOUS|MAP_NORESERVE, -1, 0 <unfinished ...>
18967 munmap(0x100000000000, 16384 <unfinished ...>
18966 mmap(NULL, 16384, PROT_READ|PROT_WRITE, MAP_PRIVATE|MAP_ANONYMOUS|MAP_NORESERVE, -1, 0 <unfinished ...>
18971 <... mmap resumed>)               = 0x100080000000
18970 <... mmap resumed>)               = 0x100000200000
18974 <... mmap resumed>)               = 0x100180200000
18971 munmap(0x100080000000, 16384 <unfinished ...>
18969 <... mmap resumed>)               = 0x1001c0200000
18967 <... munmap resumed>)             = 0
18966 <... mmap resumed>)               = 0x100100000000
18964 <... mmap resumed>)               = 0x100040200000
18974 munmap(0x100180200000, 16384 <unfinished ...>
18973 <... mmap resumed>)               = 0x1001c0000000
18970 munmap(0x100000200000, 16384 <unfinished ...>
18969 munmap(0x1001c0200000, 16384 <unfinished ...>
18968 <... munmap resumed>)             = 0
18967 mmap(NULL, 16384, PROT_READ|PROT_WRITE, MAP_PRIVATE|MAP_ANONYMOUS|MAP_NORESERVE, -1, 0 <unfinished ...>
18974 <... munmap resumed>)             = 0
18973 munmap(0x1001c0000000, 16384 <unfinished ...>
18972 <... munmap resumed>)             = 0
18966 munmap(0x100100000000, 16384 <unfinished ...>
18964 munmap(0x100040200000, 16384 <unfinished ...>
18974 mmap(NULL, 16384, PROT_READ|PROT_WRITE, MAP_PRIVATE|MAP_ANONYMOUS|MAP_NORESERVE, -1, 0 <unfinished ...>
18973 <... munmap resumed>)             = 0
18972 mmap(NULL, 16384, PROT_READ|PROT_WRITE, MAP_PRIVATE|MAP_ANONYMOUS|MAP_NORESERVE, -1, 0 <unfinished ...>
18967 <... mmap resumed>)               = 0x100100200000
18968 mmap(NULL, 16384, PROT_READ|PROT_WRITE, MAP_PRIVATE|MAP_ANONYMOUS|MAP_NORESERVE, -1, 0 <unfinished ...>
18957 <... mmap resumed>)               = 0x100180200000
18973 mmap(NULL, 16384, PROT_READ|PROT_WRITE, MAP_PRIVATE|MAP_ANONYMOUS|MAP_NORESERVE, -1, 0 <unfinished ...>
18972 <... mmap resumed>)               = 0x100040000000
18964 <... munmap resumed>)             = 0
18968 <... mmap resumed>)               = 0x100040200000
18958 <... munmap resumed>)             = 0
18973 <... mmap resumed>)               = 0x100000000000
18972 munmap(0x100040000000, 16384 <unfinished ...>
18968 munmap(0x100040200000, 16384 <unfinished ...>
18967 munmap(0x100100200000, 16384 <unfinished ...>
18965 <... munmap resumed>)             = 0
18964 mmap(NULL, 16384, PROT_READ|PROT_WRITE, MAP_PRIVATE|MAP_ANONYMOUS|MAP_NORESERVE, -1, 0 <unfinished ...>
18962 <... mmap resumed>)               = 0x1001c0000000
18961 <... munmap resumed>)             = 0
18958 mmap(NULL, 16384, PROT_READ|PROT_WRITE, MAP_PRIVATE|MAP_ANONYMOUS|MAP_NORESERVE, -1, 0 <unfinished ...>
18957 munmap(0x100180200000, 16384 <unfinished ...>
18973 munmap(0x100000000000, 16384 <unfinished ...>
18972 <... munmap resumed>)             = 0
18971 <... munmap resumed>)             = 0
18967 <... munmap resumed>)             = 0
18965 mmap(NULL, 16384, PROT_READ|PROT_WRITE, MAP_PRIVATE|MAP_ANONYMOUS|MAP_NORESERVE, -1, 0 <unfinished ...>
18963 <... munmap resumed>)             = 0
18962 munmap(0x1001c0000000, 16384 <unfinished ...>
18961 mmap(NULL, 16384, PROT_READ|PROT_WRITE, MAP_PRIVATE|MAP_ANONYMOUS|MAP_NORESERVE, -1, 0 <unfinished ...>
18972 mmap(NULL, 16384, PROT_READ|PROT_WRITE, MAP_PRIVATE|MAP_ANONYMOUS|MAP_NORESERVE, -1, 0 <unfinished ...>
18970 <... munmap resumed>)             = 0
18958 <... mmap resumed>)               = 0x100000200000
18973 <... munmap resumed>)             = 0
18970 mmap(NULL, 16384, PROT_READ|PROT_WRITE, MAP_PRIVATE|MAP_ANONYMOUS|MAP_NORESERVE, -1, 0 <unfinished ...>
18963 mmap(NULL, 16384, PROT_READ|PROT_WRITE, MAP_PRIVATE|MAP_ANONYMOUS|MAP_NORESERVE, -1, 0 <unfinished ...>
18958 munmap(0x100000200000, 16384 <unfinished ...>
18971 mmap(NULL, 16384, PROT_READ|PROT_WRITE, MAP_PRIVATE|MAP_ANONYMOUS|MAP_NORESERVE, -1, 0 <unfinished ...>
18967 mmap(NULL, 16384, PROT_READ|PROT_WRITE, MAP_PRIVATE|MAP_ANONYMOUS|MAP_NORESERVE, -1, 0 <unfinished ...>
18973 mmap(NULL, 16384, PROT_READ|PROT_WRITE, MAP_PRIVATE|MAP_ANONYMOUS|MAP_NORESERVE, -1, 0 <unfinished ...>
18962 <... munmap resumed>)             = 0
18962 mmap(NULL, 16384, PROT_READ|PROT_WRITE, MAP_PRIVATE|MAP_ANONYMOUS|MAP_NORESERVE, -1, 0 <unfinished ...>
18969 <... munmap resumed>)             = 0
18969 mmap(NULL, 16384, PROT_READ|PROT_WRITE, MAP_PRIVATE|MAP_ANONYMOUS|MAP_NORESERVE, -1, 0 <unfinished ...>
18966 <... munmap resumed>)             = 0
18962 <... mmap resumed>)               = 0x100100000000
18974 <... mmap resumed>)               = 0x1001c0200000
18968 <... munmap resumed>)             = 0
18962 munmap(0x100100000000, 16384 <unfinished ...>
18966 mmap(NULL, 16384, PROT_READ|PROT_WRITE, MAP_PRIVATE|MAP_ANONYMOUS|MAP_NORESERVE, -1, 0 <unfinished ...>
18968 mmap(NULL, 16384, PROT_READ|PROT_WRITE, MAP_PRIVATE|MAP_ANONYMOUS|MAP_NORESERVE, -1, 0 <unfinished ...>
18964 <... mmap resumed>)               = 0x100040200000
18974 munmap(0x1001c0200000, 16384 <unfinished ...>
18964 munmap(0x100040200000, 16384 <unfinished ...>
18962 <... munmap resumed>)             = 0
18962 mmap(NULL, 16384, PROT_READ|PROT_WRITE, MAP_PRIVATE|MAP_ANONYMOUS|MAP_NORESERVE, -1, 0 <unfinished ...>
18964 <... munmap resumed>)             = 0
18964 mmap(NULL, 16384, PROT_READ|PROT_WRITE, MAP_PRIVATE|MAP_ANONYMOUS|MAP_NORESERVE, -1, 0 <unfinished ...>
18972 <... mmap resumed>)               = 0x100040200000
18964 <... mmap resumed>)               = 0x100100000000
18962 <... mmap resumed>)               = 0x1001c0000000
18972 munmap(0x100040200000, 16384 <unfinished ...>
18965 <... mmap resumed>)               = 0x100000000000
18961 <... mmap resumed>)               = 0x100100200000
18962 munmap(0x1001c0000000, 16384 <unfinished ...>
18965 munmap(0x100000000000, 16384 <unfinished ...>
18964 munmap(0x100100000000, 16384 <unfinished ...>
18972 <... munmap resumed>)             = 0
18972 mmap(NULL, 16384, PROT_READ|PROT_WRITE, MAP_PRIVATE|MAP_ANONYMOUS|MAP_NORESERVE, -1, 0 <unfinished ...>
18970 <... mmap resumed>)               = 0x100180200000
18961 munmap(0x100100200000, 16384 <unfinished ...>
18958 <... munmap resumed>)             = 0
18957 <... munmap resumed>)             = 0
18972 <... mmap resumed>)               = 0x100040200000
18971 <... mmap resumed>)               = 0x100000200000
18970 munmap(0x100180200000, 16384 <unfinished ...>
18963 <... mmap resumed>)               = 0x100040000000
18973 <... mmap resumed>)               = 0x100100200000
18971 munmap(0x100000200000, 16384 <unfinished ...>
18967 <... mmap resumed>)               = 0x100080000000
18961 <... munmap resumed>)             = 0
18957 mmap(NULL, 16384, PROT_READ|PROT_WRITE, MAP_PRIVATE|MAP_ANONYMOUS|MAP_NORESERVE, -1, 0 <unfinished ...>
18963 munmap(0x100040000000, 16384 <unfinished ...>
18973 munmap(0x100100200000, 16384 <unfinished ...>
18972 munmap(0x100040200000, 16384 <unfinished ...>
18958 mmap(NULL, 16384, PROT_READ|PROT_WRITE, MAP_PRIVATE|MAP_ANONYMOUS|MAP_NORESERVE, -1, 0 <unfinished ...>
18970 <... munmap resumed>)             = 0
18967 munmap(0x100080000000, 16384 <unfinished ...>
18963 <... munmap resumed>)             = 0
18961 mmap(NULL, 16384, PROT_READ|PROT_WRITE, MAP_PRIVATE|MAP_ANONYMOUS|MAP_NORESERVE, -1, 0 <unfinished ...>
18973 <... munmap resumed>)             = 0
18969 <... mmap resumed>)               = 0x100040000000
18958 <... mmap resumed>)               = 0x100100200000
18974 <... munmap resumed>)             = 0
18972 <... munmap resumed>)             = 0
18970 mmap(NULL, 16384, PROT_READ|PROT_WRITE, MAP_PRIVATE|MAP_ANONYMOUS|MAP_NORESERVE, -1, 0 <unfinished ...>
18968 <... mmap resumed>)               = 0x100180200000
18967 <... munmap resumed>)             = 0
18966 <... mmap resumed>)               = 0x100040200000
18963 mmap(NULL, 16384, PROT_READ|PROT_WRITE, MAP_PRIVATE|MAP_ANONYMOUS|MAP_NORESERVE, -1, 0 <unfinished ...>
18961 <... mmap resumed>)               = 0x1001c0200000
18974 mmap(NULL, 16384, PROT_READ|PROT_WRITE, MAP_PRIVATE|MAP_ANONYMOUS|MAP_NORESERVE, -1, 0 <unfinished ...>
18973 mmap(NULL, 16384, PROT_READ|PROT_WRITE, MAP_PRIVATE|MAP_ANONYMOUS|MAP_NORESERVE, -1, 0 <unfinished ...>
18969 munmap(0x100040000000, 16384 <unfinished ...>
18968 munmap(0x100180200000, 16384 <unfinished ...>
18972 mmap(NULL, 16384, PROT_READ|PROT_WRITE, MAP_PRIVATE|MAP_ANONYMOUS|MAP_NORESERVE, -1, 0 <unfinished ...>
18962 <... munmap resumed>)             = 0
18958 munmap(0x100100200000, 16384 <unfinished ...>
18969 <... munmap resumed>)             = 0
18967 mmap(NULL, 16384, PROT_READ|PROT_WRITE, MAP_PRIVATE|MAP_ANONYMOUS|MAP_NORESERVE, -1, 0 <unfinished ...>
18966 munmap(0x100040200000, 16384 <unfinished ...>
18964 <... munmap resumed>)             = 0
18962 mmap(NULL, 16384, PROT_READ|PROT_WRITE, MAP_PRIVATE|MAP_ANONYMOUS|MAP_NORESERVE, -1, 0 <unfinished ...>
18961 munmap(0x1001c0200000, 16384 <unfinished ...>
18972 <... mmap resumed>)               = 0x100100200000
18969 mmap(NULL, 16384, PROT_READ|PROT_WRITE, MAP_PRIVATE|MAP_ANONYMOUS|MAP_NORESERVE, -1, 0 <unfinished ...>
18964 mmap(NULL, 16384, PROT_READ|PROT_WRITE, MAP_PRIVATE|MAP_ANONYMOUS|MAP_NORESERVE, -1, 0 <unfinished ...>
18958 <... munmap resumed>)             = 0
18971 <... munmap resumed>)             = 0
18965 <... munmap resumed>)             = 0
18962 <... mmap resumed>)               = 0x100000000000
18957 <... mmap resumed>)               = 0x100000200000
18972 munmap(0x100100200000, 16384 <unfinished ...>
18971 mmap(NULL, 16384, PROT_READ|PROT_WRITE, MAP_PRIVATE|MAP_ANONYMOUS|MAP_NORESERVE, -1, 0 <unfinished ...>
18970 <... mmap resumed>)               = 0x100040000000
18969 <... mmap resumed>)               = 0x1001c0200000
18964 <... mmap resumed>)               = 0x100100000000
18962 munmap(0x100000000000, 16384 <unfinished ...>
18961 <... munmap resumed>)             = 0
18958 mmap(NULL, 16384, PROT_READ|PROT_WRITE, MAP_PRIVATE|MAP_ANONYMOUS|MAP_NORESERVE, -1, 0 <unfinished ...>
18965 mmap(NULL, 16384, PROT_READ|PROT_WRITE, MAP_PRIVATE|MAP_ANONYMOUS|MAP_NORESERVE, -1, 0 <unfinished ...>
18964 munmap(0x100100000000, 16384 <unfinished ...>
18963 <... mmap resumed>)               = 0x1001c0000000
18957 munmap(0x100000200000, 16384 <unfinished ...>
18974 <... mmap resumed>)               = 0x100100200000
18973 <... mmap resumed>)               = 0x100080000000
18972 <... munmap resumed>)             = 0
18971 <... mmap resumed>)               = 0x1000c0200000
18970 munmap(0x100040000000, 16384 <unfinished ...>
18969 munmap(0x1001c0200000, 16384 <unfinished ...>
18965 <... mmap resumed>)               = 0x100180000000
18961 mmap(NULL, 16384, PROT_READ|PROT_WRITE, MAP_PRIVATE|MAP_ANONYMOUS|MAP_NORESERVE, -1, 0 <unfinished ...>
18958 <... mmap resumed>)               = 0x100140200000
18973 munmap(0x100080000000, 16384 <unfinished ...>
18972 mmap(NULL, 16384, PROT_READ|PROT_WRITE, MAP_PRIVATE|MAP_ANONYMOUS|MAP_NORESERVE, -1, 0 <unfinished ...>
18971 munmap(0x1000c0200000, 16384 <unfinished ...>
18965 munmap(0x100180000000, 16384 <unfinished ...>
18963 munmap(0x1001c0000000, 16384 <unfinished ...>
18958 munmap(0x100140200000, 16384 <unfinished ...>
18974 munmap(0x100100200000, 16384 <unfinished ...>
18968 <... munmap resumed>)             = 0
18967 <... mmap resumed>)               = 0x100140000000
18961 <... mmap resumed>)               = 0x100180200000
18973 <... munmap resumed>)             = 0
18968 mmap(NULL, 16384, PROT_READ|PROT_WRITE, MAP_PRIVATE|MAP_ANONYMOUS|MAP_NORESERVE, -1, 0 <unfinished ...>
18967 munmap(0x100140000000, 16384 <unfinished ...>
18966 <... munmap resumed>)             = 0
18962 <... munmap resumed>)             = 0
18973 mmap(NULL, 16384, PROT_READ|PROT_WRITE, MAP_PRIVATE|MAP_ANONYMOUS|MAP_NORESERVE, -1, 0 <unfinished ...>
18964 <... munmap resumed>)             = 0
18961 munmap(0x100180200000, 16384 <unfinished ...>
18957 <... munmap resumed>)             = 0
18970 <... munmap resumed>)             = 0
18969 <... munmap resumed>)             = 0
18967 <... munmap resumed>)             = 0
18966 mmap(NULL, 16384, PROT_READ|PROT_WRITE, MAP_PRIVATE|MAP_ANONYMOUS|MAP_NORESERVE, -1, 0 <unfinished ...>
18964 mmap(NULL, 16384, PROT_READ|PROT_WRITE, MAP_PRIVATE|MAP_ANONYMOUS|MAP_NORESERVE, -1, 0 <unfinished ...>
18963 <... munmap resumed>)             = 0
18962 mmap(NULL, 16384, PROT_READ|PROT_WRITE, MAP_PRIVATE|MAP_ANONYMOUS|MAP_NORESERVE, -1, 0 <unfinished ...>
18972 <... mmap resumed>)               = 0x100140200000
18970 mmap(NULL, 16384, PROT_READ|PROT_WRITE, MAP_PRIVATE|MAP_ANONYMOUS|MAP_NORESERVE, -1, 0 <unfinished ...>
18966 <... mmap resumed>)               = 0x1001c0000000
18958 <... munmap resumed>)             = 0
18957 mmap(NULL, 16384, PROT_READ|PROT_WRITE, MAP_PRIVATE|MAP_ANONYMOUS|MAP_NORESERVE, -1, 0 <unfinished ...>
18969 mmap(NULL, 16384, PROT_READ|PROT_WRITE, MAP_PRIVATE|MAP_ANONYMOUS|MAP_NORESERVE, -1, 0 <unfinished ...>
18967 mmap(NULL, 16384, PROT_READ|PROT_WRITE, MAP_PRIVATE|MAP_ANONYMOUS|MAP_NORESERVE, -1, 0 <unfinished ...>
18964 <... mmap resumed>)               = 0x100040000000
18963 mmap(NULL, 16384, PROT_READ|PROT_WRITE, MAP_PRIVATE|MAP_ANONYMOUS|MAP_NORESERVE, -1, 0 <unfinished ...>
18972 munmap(0x100140200000, 16384 <unfinished ...>
18965 <... munmap resumed>)             = 0
18957 <... mmap resumed>)               = 0x100180000000
18964 munmap(0x100040000000, 16384 <unfinished ...>
18971 <... munmap resumed>)             = 0
18965 mmap(NULL, 16384, PROT_READ|PROT_WRITE, MAP_PRIVATE|MAP_ANONYMOUS|MAP_NORESERVE, -1, 0 <unfinished ...>
18957 munmap(0x100180000000, 16384 <unfinished ...>
18971 mmap(NULL, 16384, PROT_READ|PROT_WRITE, MAP_PRIVATE|MAP_ANONYMOUS|MAP_NORESERVE, -1, 0 <unfinished ...>
18966 munmap(0x1001c0000000, 16384 <unfinished ...>
18958 mmap(NULL, 16384, PROT_READ|PROT_WRITE, MAP_PRIVATE|MAP_ANONYMOUS|MAP_NORESERVE, -1, 0 <unfinished ...>
18974 <... munmap resumed>)             = 0
18968 <... mmap resumed>)               = 0x100180000000
18957 <... munmap resumed>)             = 0
18974 mmap(NULL, 16384, PROT_READ|PROT_WRITE, MAP_PRIVATE|MAP_ANONYMOUS|MAP_NORESERVE, -1, 0 <unfinished ...>
18973 <... mmap resumed>)               = 0x1000c0200000
18958 <... mmap resumed>)               = 0x100100200000
18961 <... munmap resumed>)             = 0
18974 <... mmap resumed>)               = 0x100180200000
18968 munmap(0x100180000000, 16384 <unfinished ...>
18957 mmap(NULL, 16384, PROT_READ|PROT_WRITE, MAP_PRIVATE|MAP_ANONYMOUS|MAP_NORESERVE, -1, 0 <unfinished ...>
18973 munmap(0x1000c0200000, 16384 <unfinished ...>
18962 <... mmap resumed>)               = 0x1001c0200000
18974 munmap(0x100180200000, 16384 <unfinished ...>
18961 mmap(NULL, 16384, PROT_READ|PROT_WRITE, MAP_PRIVATE|MAP_ANONYMOUS|MAP_NORESERVE, -1, 0 <unfinished ...>
18974 <... munmap resumed>)             = 0
18973 <... munmap resumed>)             = 0
18970 <... mmap resumed>)               = 0x1000c0200000
18968 <... munmap resumed>)             = 0
18962 munmap(0x1001c0200000, 16384 <unfinished ...>
18958 munmap(0x100100200000, 16384 <unfinished ...>
18957 <... mmap resumed>)               = 0x100140000000
18974 mmap(NULL, 16384, PROT_READ|PROT_WRITE, MAP_PRIVATE|MAP_ANONYMOUS|MAP_NORESERVE, -1, 0 <unfinished ...>
18973 mmap(NULL, 16384, PROT_READ|PROT_WRITE, MAP_PRIVATE|MAP_ANONYMOUS|MAP_NORESERVE, -1, 0 <unfinished ...>
18970 munmap(0x1000c0200000, 16384 <unfinished ...>
18969 <... mmap resumed>)               = 0x100180200000
18963 <... mmap resumed>)               = 0x100000200000
18961 <... mmap resumed>)               = 0x100180000000
18974 <... mmap resumed>)               = 0x1001c0200000
18962 <... munmap resumed>)             = 0
18973 <... mmap resumed>)               = 0x100100200000
18958 <... munmap resumed>)             = 0
18974 munmap(0x1001c0200000, 16384 <unfinished ...>
18968 mmap(NULL, 16384, PROT_READ|PROT_WRITE, MAP_PRIVATE|MAP_ANONYMOUS|MAP_NORESERVE, -1, 0 <unfinished ...>
18967 <... mmap resumed>)               = 0x100100000000
18963 munmap(0x100000200000, 16384 <unfinished ...>
18962 mmap(NULL, 16384, PROT_READ|PROT_WRITE, MAP_PRIVATE|MAP_ANONYMOUS|MAP_NORESERVE, -1, 0 <unfinished ...>
18957 munmap(0x100140000000, 16384 <unfinished ...>
18973 munmap(0x100100200000, 16384 <unfinished ...>
18972 <... munmap resumed>)             = 0
18971 <... mmap resumed>)               = 0x100140200000
18969 munmap(0x100180200000, 16384 <unfinished ...>
18968 <... mmap resumed>)               = 0x100040000000
18967 munmap(0x100100000000, 16384 <unfinished ...>
18964 <... munmap resumed>)             = 0
18961 munmap(0x100180000000, 16384 <unfinished ...>
18958 mmap(NULL, 16384, PROT_READ|PROT_WRITE, MAP_PRIVATE|MAP_ANONYMOUS|MAP_NORESERVE, -1, 0 <unfinished ...>
18974 <... munmap resumed>)             = 0
18972 mmap(NULL, 16384, PROT_READ|PROT_WRITE, MAP_PRIVATE|MAP_ANONYMOUS|MAP_NORESERVE, -1, 0 <unfinished ...>
18971 munmap(0x100140200000, 16384 <unfinished ...>
18968 munmap(0x100040000000, 16384 <unfinished ...>
18965 <... mmap resumed>)               = 0x100140000000
18964 mmap(NULL, 16384, PROT_READ|PROT_WRITE, MAP_PRIVATE|MAP_ANONYMOUS|MAP_NORESERVE, -1, 0 <unfinished ...>
18957 <... munmap resumed>)             = 0
18974 mmap(NULL, 16384, PROT_READ|PROT_WRITE, MAP_PRIVATE|MAP_ANONYMOUS|MAP_NORESERVE, -1, 0 <unfinished ...>
18972 <... mmap resumed>)               = 0x1001c0200000
18970 <... munmap resumed>)             = 0
18967 <... munmap resumed>)             = 0
18966 <... munmap resumed>)             = 0
18962 <... mmap resumed>)               = 0x1000c0200000
18958 <... mmap resumed>)               = 0x1001c0000000
18974 <... mmap resumed>)               = 0x100100200000
18973 <... munmap resumed>)             = 0
18965 munmap(0x100140000000, 16384 <unfinished ...>
18964 <... mmap resumed>)               = 0x100100000000
18957 mmap(NULL, 16384, PROT_READ|PROT_WRITE, MAP_PRIVATE|MAP_ANONYMOUS|MAP_NORESERVE, -1, 0 <unfinished ...>
18966 mmap(NULL, 16384, PROT_READ|PROT_WRITE, MAP_PRIVATE|MAP_ANONYMOUS|MAP_NORESERVE, -1, 0 <unfinished ...>
18958 munmap(0x1001c0000000, 16384 <unfinished ...>
18972 munmap(0x1001c0200000, 16384 <unfinished ...>
18970 mmap(NULL, 16384, PROT_READ|PROT_WRITE, MAP_PRIVATE|MAP_ANONYMOUS|MAP_NORESERVE, -1, 0 <unfinished ...>
18969 <... munmap resumed>)             = 0
18967 mmap(NULL, 16384, PROT_READ|PROT_WRITE, MAP_PRIVATE|MAP_ANONYMOUS|MAP_NORESERVE, -1, 0 <unfinished ...>
18964 munmap(0x100100000000, 16384 <unfinished ...>
18957 <... mmap resumed>)               = 0x100180200000
18974 munmap(0x100100200000, 16384 <unfinished ...>
18962 munmap(0x1000c0200000, 16384 <unfinished ...>
18969 mmap(NULL, 16384, PROT_READ|PROT_WRITE, MAP_PRIVATE|MAP_ANONYMOUS|MAP_NORESERVE, -1, 0 <unfinished ...>
18967 <... mmap resumed>)               = 0x100180000000
18961 <... munmap resumed>)             = 0
18973 mmap(NULL, 16384, PROT_READ|PROT_WRITE, MAP_PRIVATE|MAP_ANONYMOUS|MAP_NORESERVE, -1, 0 <unfinished ...>
18964 <... munmap resumed>)             = 0
18967 munmap(0x100180000000, 16384 <unfinished ...>
18964 mmap(NULL, 16384, PROT_READ|PROT_WRITE, MAP_PRIVATE|MAP_ANONYMOUS|MAP_NORESERVE, -1, 0 <unfinished ...>
18961 mmap(NULL, 16384, PROT_READ|PROT_WRITE, MAP_PRIVATE|MAP_ANONYMOUS|MAP_NORESERVE, -1, 0 <unfinished ...>
18957 munmap(0x100180200000, 16384 <unfinished ...>
18969 <... mmap resumed>)               = 0x100000200000
18963 <... munmap resumed>)             = 0
18973 <... mmap resumed>)               = 0x100100000000
18971 <... munmap resumed>)             = 0
18969 munmap(0x100000200000, 16384 <unfinished ...>
18967 <... munmap resumed>)             = 0
18963 mmap(NULL, 16384, PROT_READ|PROT_WRITE, MAP_PRIVATE|MAP_ANONYMOUS|MAP_NORESERVE, -1, 0 <unfinished ...>
18973 munmap(0x100100000000, 16384 <unfinished ...>
18971 mmap(NULL, 16384, PROT_READ|PROT_WRITE, MAP_PRIVATE|MAP_ANONYMOUS|MAP_NORESERVE, -1, 0 <unfinished ...>
18969 <... munmap resumed>)             = 0
18968 <... munmap resumed>)             = 0
18966 <... mmap resumed>)               = 0x1001c0000000
18965 <... munmap resumed>)             = 0
18958 <... munmap resumed>)             = 0
18973 <... munmap resumed>)             = 0
18967 mmap(NULL, 16384, PROT_READ|PROT_WRITE, MAP_PRIVATE|MAP_ANONYMOUS|MAP_NORESERVE, -1, 0 <unfinished ...>
18973 mmap(NULL, 16384, PROT_READ|PROT_WRITE, MAP_PRIVATE|MAP_ANONYMOUS|MAP_NORESERVE, -1, 0 <unfinished ...>
18970 <... mmap resumed>)               = 0x100100000000
18965 mmap(NULL, 16384, PROT_READ|PROT_WRITE, MAP_PRIVATE|MAP_ANONYMOUS|MAP_NORESERVE, -1, 0 <unfinished ...>
18973 <... mmap resumed>)               = 0x100140000000
18963 <... mmap resumed>)               = 0x100000200000
18973 munmap(0x100140000000, 16384 <unfinished ...>
18965 <... mmap resumed>)               = 0x100040000000
18969 mmap(NULL, 16384, PROT_READ|PROT_WRITE, MAP_PRIVATE|MAP_ANONYMOUS|MAP_NORESERVE, -1, 0 <unfinished ...>
18973 <... munmap resumed>)             = 0
18971 <... mmap resumed>)               = 0x100140200000
18973 mmap(NULL, 16384, PROT_READ|PROT_WRITE, MAP_PRIVATE|MAP_ANONYMOUS|MAP_NORESERVE, -1, 0 <unfinished ...>
18968 mmap(NULL, 16384, PROT_READ|PROT_WRITE, MAP_PRIVATE|MAP_ANONYMOUS|MAP_NORESERVE, -1, 0 <unfinished ...>
18966 munmap(0x1001c0000000, 16384 <unfinished ...>
18958 mmap(NULL, 16384, PROT_READ|PROT_WRITE, MAP_PRIVATE|MAP_ANONYMOUS|MAP_NORESERVE, -1, 0 <unfinished ...>
18974 <... munmap resumed>)             = 0
18972 <... munmap resumed>)             = 0
18970 munmap(0x100100000000, 16384 <unfinished ...>
18968 <... mmap resumed>)               = 0x1001c0200000
18966 <... munmap resumed>)             = 0
18963 munmap(0x100000200000, 16384 <unfinished ...>
18971 munmap(0x100140200000, 16384 <unfinished ...>
18969 <... mmap resumed>)               = 0x1001c0000000
18965 munmap(0x100040000000, 16384 <unfinished ...>
18974 mmap(NULL, 16384, PROT_READ|PROT_WRITE, MAP_PRIVATE|MAP_ANONYMOUS|MAP_NORESERVE, -1, 0 <unfinished ...>
18972 mmap(NULL, 16384, PROT_READ|PROT_WRITE, MAP_PRIVATE|MAP_ANONYMOUS|MAP_NORESERVE, -1, 0 <unfinished ...>
18969 munmap(0x1001c0000000, 16384 <unfinished ...>
18966 mmap(NULL, 16384, PROT_READ|PROT_WRITE, MAP_PRIVATE|MAP_ANONYMOUS|MAP_NORESERVE, -1, 0 <unfinished ...>
18963 <... munmap resumed>)             = 0
18962 <... munmap resumed>)             = 0
18972 <... mmap resumed>)               = 0x1000c0200000
18965 <... munmap resumed>)             = 0
18961 <... mmap resumed>)               = 0x100000200000
18968 munmap(0x1001c0200000, 16384 <unfinished ...>
18964 <... mmap resumed>)               = 0x100040000000
18972 munmap(0x1000c0200000, 16384 <unfinished ...>
18964 munmap(0x100040000000, 16384 <unfinished ...>
18965 mmap(NULL, 16384, PROT_READ|PROT_WRITE, MAP_PRIVATE|MAP_ANONYMOUS|MAP_NORESERVE, -1, 0 <unfinished ...>
18963 mmap(NULL, 16384, PROT_READ|PROT_WRITE, MAP_PRIVATE|MAP_ANONYMOUS|MAP_NORESERVE, -1, 0 <unfinished ...>
18957 <... munmap resumed>)             = 0
18962 mmap(NULL, 16384, PROT_READ|PROT_WRITE, MAP_PRIVATE|MAP_ANONYMOUS|MAP_NORESERVE, -1, 0 <unfinished ...>
18961 munmap(0x100000200000, 16384 <unfinished ...>
18957 mmap(NULL, 16384, PROT_READ|PROT_WRITE, MAP_PRIVATE|MAP_ANONYMOUS|MAP_NORESERVE, -1, 0 <unfinished ...>
18972 <... munmap resumed>)             = 0
18967 <... mmap resumed>)               = 0x1000c0200000
18973 <... mmap resumed>)               = 0x100180200000
18957 <... mmap resumed>)               = 0x100100200000
18973 munmap(0x100180200000, 16384 <unfinished ...>
18972 mmap(NULL, 16384, PROT_READ|PROT_WRITE, MAP_PRIVATE|MAP_ANONYMOUS|MAP_NORESERVE, -1, 0 <unfinished ...>
18967 munmap(0x1000c0200000, 16384 <unfinished ...>
18961 <... munmap resumed>)             = 0
18957 munmap(0x100100200000, 16384 <unfinished ...>
18973 <... munmap resumed>)             = 0
18958 <... mmap resumed>)               = 0x100000200000
18973 mmap(NULL, 16384, PROT_READ|PROT_WRITE, MAP_PRIVATE|MAP_ANONYMOUS|MAP_NORESERVE, -1, 0 <unfinished ...>
18957 <... munmap resumed>)             = 0
18971 <... munmap resumed>)             = 0
18961 mmap(NULL, 16384, PROT_READ|PROT_WRITE, MAP_PRIVATE|MAP_ANONYMOUS|MAP_NORESERVE, -1, 0 <unfinished ...>
18958 munmap(0x100000200000, 16384 <unfinished ...>
18957 mmap(NULL, 16384, PROT_READ|PROT_WRITE, MAP_PRIVATE|MAP_ANONYMOUS|MAP_NORESERVE, -1, 0 <unfinished ...>
18971 mmap(NULL, 16384, PROT_READ|PROT_WRITE, MAP_PRIVATE|MAP_ANONYMOUS|MAP_NORESERVE, -1, 0 <unfinished ...>
18970 <... munmap resumed>)             = 0
18958 <... munmap resumed>)             = 0
18974 <... mmap resumed>)               = 0x100000200000
18974 munmap(0x100000200000, 16384 <unfinished ...>
18961 <... mmap resumed>)               = 0x100140200000
18957 <... mmap resumed>)               = 0x100100000000
18974 <... munmap resumed>)             = 0
18971 <... mmap resumed>)               = 0x100000200000
18970 mmap(NULL, 16384, PROT_READ|PROT_WRITE, MAP_PRIVATE|MAP_ANONYMOUS|MAP_NORESERVE, -1, 0 <unfinished ...>
18969 <... munmap resumed>)             = 0
18958 mmap(NULL, 16384, PROT_READ|PROT_WRITE, MAP_PRIVATE|MAP_ANONYMOUS|MAP_NORESERVE, -1, 0 <unfinished ...>
18957 munmap(0x100100000000, 16384 <unfinished ...>
18966 <... mmap resumed>)               = 0x1001c0000000
18961 munmap(0x100140200000, 16384 <unfinished ...>
18974 mmap(NULL, 16384, PROT_READ|PROT_WRITE, MAP_PRIVATE|MAP_ANONYMOUS|MAP_NORESERVE, -1, 0 <unfinished ...>
18971 munmap(0x100000200000, 16384 <unfinished ...>
18974 <... mmap resumed>)               = 0x100180200000
18971 <... munmap resumed>)             = 0
18970 <... mmap resumed>)               = 0x100100200000
18969 mmap(NULL, 16384, PROT_READ|PROT_WRITE, MAP_PRIVATE|MAP_ANONYMOUS|MAP_NORESERVE, -1, 0 <unfinished ...>
18968 <... munmap resumed>)             = 0
18966 munmap(0x1001c0000000, 16384 <unfinished ...>
18965 <... mmap resumed>)               = 0x1001c0200000
18964 <... munmap resumed>)             = 0
18963 <... mmap resumed>)               = 0x100040000000
18962 <... mmap resumed>)               = 0x100000200000
18974 munmap(0x100180200000, 16384 <unfinished ...>
18973 <... mmap resumed>)               = 0x1000c0200000
18972 <... mmap resumed>)               = 0x100140000000
18970 munmap(0x100100200000, 16384 <unfinished ...>
18969 <... mmap resumed>)               = 0x100100000000
18968 mmap(NULL, 16384, PROT_READ|PROT_WRITE, MAP_PRIVATE|MAP_ANONYMOUS|MAP_NORESERVE, -1, 0 <unfinished ...>
18967 <... munmap resumed>)             = 0
18965 munmap(0x1001c0200000, 16384 <unfinished ...>
18964 mmap(NULL, 16384, PROT_READ|PROT_WRITE, MAP_PRIVATE|MAP_ANONYMOUS|MAP_NORESERVE, -1, 0 <unfinished ...>
18962 munmap(0x100000200000, 16384 <unfinished ...>
18957 <... munmap resumed>)             = 0
18973 munmap(0x1000c0200000, 16384 <unfinished ...>
18972 munmap(0x100140000000, 16384 <unfinished ...>
18971 mmap(NULL, 16384, PROT_READ|PROT_WRITE, MAP_PRIVATE|MAP_ANONYMOUS|MAP_NORESERVE, -1, 0 <unfinished ...>
18970 <... munmap resumed>)             = 0
18969 munmap(0x100100000000, 16384 <unfinished ...>
18967 mmap(NULL, 16384, PROT_READ|PROT_WRITE, MAP_PRIVATE|MAP_ANONYMOUS|MAP_NORESERVE, -1, 0 <unfinished ...>
18965 <... munmap resumed>)             = 0
18963 munmap(0x100040000000, 16384 <unfinished ...>
18961 <... munmap resumed>)             = 0
18970 mmap(NULL, 16384, PROT_READ|PROT_WRITE, MAP_PRIVATE|MAP_ANONYMOUS|MAP_NORESERVE, -1, 0 <unfinished ...>
18968 <... mmap resumed>)               = 0x100100200000
18966 <... munmap resumed>)             = 0
18965 mmap(NULL, 16384, PROT_READ|PROT_WRITE, MAP_PRIVATE|MAP_ANONYMOUS|MAP_NORESERVE, -1, 0 <unfinished ...>
18958 <... mmap resumed>)               = 0x1001c0200000
18957 mmap(NULL, 16384, PROT_READ|PROT_WRITE, MAP_PRIVATE|MAP_ANONYMOUS|MAP_NORESERVE, -1, 0 <unfinished ...>
18974 <... munmap resumed>)             = 0
18973 <... munmap resumed>)             = 0
18972 <... munmap resumed>)             = 0
18970 <... mmap resumed>)               = 0x100140000000
18968 munmap(0x100100200000, 16384 <unfinished ...>
18966 mmap(NULL, 16384, PROT_READ|PROT_WRITE, MAP_PRIVATE|MAP_ANONYMOUS|MAP_NORESERVE, -1, 0 <unfinished ...>
18965 <... mmap resumed>)               = 0x100000200000
18964 <... mmap resumed>)               = 0x100180200000
18962 <... munmap resumed>)             = 0
18961 mmap(NULL, 16384, PROT_READ|PROT_WRITE, MAP_PRIVATE|MAP_ANONYMOUS|MAP_NORESERVE, -1, 0 <unfinished ...>
18958 munmap(0x1001c0200000, 16384 <unfinished ...>
18957 <... mmap resumed>)               = 0x1001c0000000
18974 mmap(NULL, 16384, PROT_READ|PROT_WRITE, MAP_PRIVATE|MAP_ANONYMOUS|MAP_NORESERVE, -1, 0 <unfinished ...>
18973 mmap(NULL, 16384, PROT_READ|PROT_WRITE, MAP_PRIVATE|MAP_ANONYMOUS|MAP_NORESERVE, -1, 0 <unfinished ...>
18972 mmap(NULL, 16384, PROT_READ|PROT_WRITE, MAP_PRIVATE|MAP_ANONYMOUS|MAP_NORESERVE, -1, 0 <unfinished ...>
18971 <... mmap resumed>)               = 0x100140200000
18970 munmap(0x100140000000, 16384 <unfinished ...>
18969 <... munmap resumed>)             = 0
18968 <... munmap resumed>)             = 0
18967 <... mmap resumed>)               = 0x1000c0200000
18966 <... mmap resumed>)               = 0x100100200000
18965 munmap(0x100000200000, 16384 <unfinished ...>
18964 munmap(0x100180200000, 16384 <unfinished ...>
18963 <... munmap resumed>)             = 0
18962 mmap(NULL, 16384, PROT_READ|PROT_WRITE, MAP_PRIVATE|MAP_ANONYMOUS|MAP_NORESERVE, -1, 0 <unfinished ...>
18974 <... mmap resumed>)               = 0x100040000000
18973 <... mmap resumed>)               = 0x100180000000
18972 <... mmap resumed>)               = 0x100100000000
18971 munmap(0x100140200000, 16384 <unfinished ...>
18969 mmap(NULL, 16384, PROT_READ|PROT_WRITE, MAP_PRIVATE|MAP_ANONYMOUS|MAP_NORESERVE, -1, 0 <unfinished ...>
18967 munmap(0x1000c0200000, 16384 <unfinished ...>
18966 munmap(0x100100200000, 16384 <unfinished ...>
18957 munmap(0x1001c0000000, 16384 <unfinished ...>
18974 munmap(0x100040000000, 16384 <unfinished ...>
18973 munmap(0x100180000000, 16384 <unfinished ...>
18972 munmap(0x100100000000, 16384 <unfinished ...>
18970 <... munmap resumed>)             = 0
18968 mmap(NULL, 16384, PROT_READ|PROT_WRITE, MAP_PRIVATE|MAP_ANONYMOUS|MAP_NORESERVE, -1, 0 <unfinished ...>
18964 <... munmap resumed>)             = 0
18963 mmap(NULL, 16384, PROT_READ|PROT_WRITE, MAP_PRIVATE|MAP_ANONYMOUS|MAP_NORESERVE, -1, 0 <unfinished ...>
18961 <... mmap resumed>)               = 0x100140000000
18971 <... munmap resumed>)             = 0
18967 <... munmap resumed>)             = 0
18972 <... munmap resumed>)             = 0
18971 mmap(NULL, 16384, PROT_READ|PROT_WRITE, MAP_PRIVATE|MAP_ANONYMOUS|MAP_NORESERVE, -1, 0 <unfinished ...>
18970 mmap(NULL, 16384, PROT_READ|PROT_WRITE, MAP_PRIVATE|MAP_ANONYMOUS|MAP_NORESERVE, -1, 0 <unfinished ...>
18967 mmap(NULL, 16384, PROT_READ|PROT_WRITE, MAP_PRIVATE|MAP_ANONYMOUS|MAP_NORESERVE, -1, 0 <unfinished ...>
18965 <... munmap resumed>)             = 0
18964 mmap(NULL, 16384, PROT_READ|PROT_WRITE, MAP_PRIVATE|MAP_ANONYMOUS|MAP_NORESERVE, -1, 0 <unfinished ...>
18962 <... mmap resumed>)               = 0x100100000000
18961 munmap(0x100140000000, 16384 <unfinished ...>
18974 <... munmap resumed>)             = 0
18972 mmap(NULL, 16384, PROT_READ|PROT_WRITE, MAP_PRIVATE|MAP_ANONYMOUS|MAP_NORESERVE, -1, 0 <unfinished ...>
18971 <... mmap resumed>)               = 0x100040000000
18970 <... mmap resumed>)               = 0x100000200000
18967 <... mmap resumed>)               = 0x1001c0200000
18965 mmap(NULL, 16384, PROT_READ|PROT_WRITE, MAP_PRIVATE|MAP_ANONYMOUS|MAP_NORESERVE, -1, 0 <unfinished ...>
18958 <... munmap resumed>)             = 0
18974 mmap(NULL, 16384, PROT_READ|PROT_WRITE, MAP_PRIVATE|MAP_ANONYMOUS|MAP_NORESERVE, -1, 0 <unfinished ...>
18971 munmap(0x100040000000, 16384 <unfinished ...>
18967 munmap(0x1001c0200000, 16384 <unfinished ...>
18962 munmap(0x100100000000, 16384 <unfinished ...>
18970 munmap(0x100000200000, 16384 <unfinished ...>
18966 <... munmap resumed>)             = 0
18965 <... mmap resumed>)               = 0x100100200000
18958 mmap(NULL, 16384, PROT_READ|PROT_WRITE, MAP_PRIVATE|MAP_ANONYMOUS|MAP_NORESERVE, -1, 0 <unfinished ...>
18971 <... munmap resumed>)             = 0
18966 mmap(NULL, 16384, PROT_READ|PROT_WRITE, MAP_PRIVATE|MAP_ANONYMOUS|MAP_NORESERVE, -1, 0 <unfinished ...>
18957 <... munmap resumed>)             = 0
18971 mmap(NULL, 16384, PROT_READ|PROT_WRITE, MAP_PRIVATE|MAP_ANONYMOUS|MAP_NORESERVE, -1, 0 <unfinished ...>
18965 munmap(0x100100200000, 16384 <unfinished ...>
18957 mmap(NULL, 16384, PROT_READ|PROT_WRITE, MAP_PRIVATE|MAP_ANONYMOUS|MAP_NORESERVE, -1, 0 <unfinished ...>
18973 <... munmap resumed>)             = 0
18971 <... mmap resumed>)               = 0x100140200000
18970 <... munmap resumed>)             = 0
18969 <... mmap resumed>)               = 0x100000200000
18966 <... mmap resumed>)               = 0x1001c0000000
18957 <... mmap resumed>)               = 0x100040000000
18973 mmap(NULL, 16384, PROT_READ|PROT_WRITE, MAP_PRIVATE|MAP_ANONYMOUS|MAP_NORESERVE, -1, 0 <unfinished ...>
18972 <... mmap resumed>)               = 0x100180200000
18971 munmap(0x100140200000, 16384 <unfinished ...>
18970 mmap(NULL, 16384, PROT_READ|PROT_WRITE, MAP_PRIVATE|MAP_ANONYMOUS|MAP_NORESERVE, -1, 0 <unfinished ...>
18969 munmap(0x100000200000, 16384 <unfinished ...>
18968 <... mmap resumed>)               = 0x100180000000
18966 munmap(0x1001c0000000, 16384 <unfinished ...>
18965 <... munmap resumed>)             = 0
18964 <... mmap resumed>)               = 0x1000c0200000
18963 <... mmap resumed>)               = 0x100100200000
18972 munmap(0x100180200000, 16384 <unfinished ...>
18961 <... munmap resumed>)             = 0
18957 munmap(0x100040000000, 16384 <unfinished ...>
18969 <... munmap resumed>)             = 0
18968 munmap(0x100180000000, 16384 <unfinished ...>
18967 <... munmap resumed>)             = 0
18966 <... munmap resumed>)             = 0
18965 mmap(NULL, 16384, PROT_READ|PROT_WRITE, MAP_PRIVATE|MAP_ANONYMOUS|MAP_NORESERVE, -1, 0 <unfinished ...>
18964 munmap(0x1000c0200000, 16384 <unfinished ...>
18963 munmap(0x100100200000, 16384 <unfinished ...>
18962 <... munmap resumed>)             = 0
18961 mmap(NULL, 16384, PROT_READ|PROT_WRITE, MAP_PRIVATE|MAP_ANONYMOUS|MAP_NORESERVE, -1, 0 <unfinished ...>
18957 <... munmap resumed>)             = 0
18974 <... mmap resumed>)               = 0x100000200000
18973 <... mmap resumed>)               = 0x100140200000
18971 <... munmap resumed>)             = 0
18970 <... mmap resumed>)               = 0x1001c0000000
18969 mmap(NULL, 16384, PROT_READ|PROT_WRITE, MAP_PRIVATE|MAP_ANONYMOUS|MAP_NORESERVE, -1, 0 <unfinished ...>
18966 mmap(NULL, 16384, PROT_READ|PROT_WRITE, MAP_PRIVATE|MAP_ANONYMOUS|MAP_NORESERVE, -1, 0 <unfinished ...>
18962 mmap(NULL, 16384, PROT_READ|PROT_WRITE, MAP_PRIVATE|MAP_ANONYMOUS|MAP_NORESERVE, -1, 0 <unfinished ...>
18958 <... mmap resumed>)               = 0x100040000000
18974 munmap(0x100000200000, 16384 <unfinished ...>
18973 munmap(0x100140200000, 16384 <unfinished ...>
18972 <... munmap resumed>)             = 0
18971 mmap(NULL, 16384, PROT_READ|PROT_WRITE, MAP_PRIVATE|MAP_ANONYMOUS|MAP_NORESERVE, -1, 0 <unfinished ...>
18970 munmap(0x1001c0000000, 16384 <unfinished ...>
18967 mmap(NULL, 16384, PROT_READ|PROT_WRITE, MAP_PRIVATE|MAP_ANONYMOUS|MAP_NORESERVE, -1, 0 <unfinished ...>
18957 mmap(NULL, 16384, PROT_READ|PROT_WRITE, MAP_PRIVATE|MAP_ANONYMOUS|MAP_NORESERVE, -1, 0 <unfinished ...>
18973 <... munmap resumed>)             = 0
18968 <... munmap resumed>)             = 0
18965 <... mmap resumed>)               = 0x100180200000
18964 <... munmap resumed>)             = 0
18962 <... mmap resumed>)               = 0x1000c0200000
18958 munmap(0x100040000000, 16384 <unfinished ...>
18973 mmap(NULL, 16384, PROT_READ|PROT_WRITE, MAP_PRIVATE|MAP_ANONYMOUS|MAP_NORESERVE, -1, 0 <unfinished ...>
18972 mmap(NULL, 16384, PROT_READ|PROT_WRITE, MAP_PRIVATE|MAP_ANONYMOUS|MAP_NORESERVE, -1, 0 <unfinished ...>
18971 <... mmap resumed>)               = 0x100140200000
18967 <... mmap resumed>)               = 0x100100200000
18965 munmap(0x100180200000, 16384 <unfinished ...>
18964 mmap(NULL, 16384, PROT_READ|PROT_WRITE, MAP_PRIVATE|MAP_ANONYMOUS|MAP_NORESERVE, -1, 0 <unfinished ...>
18963 <... munmap resumed>)             = 0
18971 munmap(0x100140200000, 16384 <unfinished ...>
18970 <... munmap resumed>)             = 0
18962 munmap(0x1000c0200000, 16384 <unfinished ...>
18957 <... mmap resumed>)               = 0x1001c0000000
18968 mmap(NULL, 16384, PROT_READ|PROT_WRITE, MAP_PRIVATE|MAP_ANONYMOUS|MAP_NORESERVE, -1, 0 <unfinished ...>
18967 munmap(0x100100200000, 16384 <unfinished ...>
18963 mmap(NULL, 16384, PROT_READ|PROT_WRITE, MAP_PRIVATE|MAP_ANONYMOUS|MAP_NORESERVE, -1, 0 <unfinished ...>
18958 <... munmap resumed>)             = 0
18971 <... munmap resumed>)             = 0
18970 mmap(NULL, 16384, PROT_READ|PROT_WRITE, MAP_PRIVATE|MAP_ANONYMOUS|MAP_NORESERVE, -1, 0 <unfinished ...>
18968 <... mmap resumed>)               = 0x100140200000
18957 munmap(0x1001c0000000, 16384 <unfinished ...>
18971 mmap(NULL, 16384, PROT_READ|PROT_WRITE, MAP_PRIVATE|MAP_ANONYMOUS|MAP_NORESERVE, -1, 0 <unfinished ...>
18961 <... mmap resumed>)               = 0x100040000000
18958 mmap(NULL, 16384, PROT_READ|PROT_WRITE, MAP_PRIVATE|MAP_ANONYMOUS|MAP_NORESERVE, -1, 0 <unfinished ...>
18968 munmap(0x100140200000, 16384 <unfinished ...>
18961 munmap(0x100040000000, 16384 <unfinished ...>
18969 <... mmap resumed>)               = 0x100100200000
18967 <... munmap resumed>)             = 0
18966 <... mmap resumed>)               = 0x100180000000
18968 <... munmap resumed>)             = 0
18974 <... munmap resumed>)             = 0
18973 <... mmap resumed>)               = 0x100000200000
18972 <... mmap resumed>)               = 0x100140200000
18968 mmap(NULL, 16384, PROT_READ|PROT_WRITE, MAP_PRIVATE|MAP_ANONYMOUS|MAP_NORESERVE, -1, 0 <unfinished ...>
18967 mmap(NULL, 16384, PROT_READ|PROT_WRITE, MAP_PRIVATE|MAP_ANONYMOUS|MAP_NORESERVE, -1, 0 <unfinished ...>
18974 mmap(NULL, 16384, PROT_READ|PROT_WRITE, MAP_PRIVATE|MAP_ANONYMOUS|MAP_NORESERVE, -1, 0 <unfinished ...>
18973 munmap(0x100000200000, 16384 <unfinished ...>
18972 munmap(0x100140200000, 16384 <unfinished ...>
18969 munmap(0x100100200000, 16384 <unfinished ...>
18968 <... mmap resumed>)               = 0x1000c0200000
18966 munmap(0x100180000000, 16384 <unfinished ...>
18965 <... munmap resumed>)             = 0
18964 <... mmap resumed>)               = 0x100100000000
18962 <... munmap resumed>)             = 0
18957 <... munmap resumed>)             = 0
18974 <... mmap resumed>)               = 0x100180200000
18973 <... munmap resumed>)             = 0
18972 <... munmap resumed>)             = 0
18971 <... mmap resumed>)               = 0x100000200000
18970 <... mmap resumed>)               = 0x1001c0000000
18969 <... munmap resumed>)             = 0
18968 munmap(0x1000c0200000, 16384 <unfinished ...>
18967 <... mmap resumed>)               = 0x1001c0200000
18965 mmap(NULL, 16384, PROT_READ|PROT_WRITE, MAP_PRIVATE|MAP_ANONYMOUS|MAP_NORESERVE, -1, 0 <unfinished ...>
18964 munmap(0x100100000000, 16384 <unfinished ...>
18963 <... mmap resumed>)               = 0x100140000000
18962 mmap(NULL, 16384, PROT_READ|PROT_WRITE, MAP_PRIVATE|MAP_ANONYMOUS|MAP_NORESERVE, -1, 0 <unfinished ...>
18958 <... mmap resumed>)               = 0x100100200000
18974 munmap(0x100180200000, 16384 <unfinished ...>
18973 mmap(NULL, 16384, PROT_READ|PROT_WRITE, MAP_PRIVATE|MAP_ANONYMOUS|MAP_NORESERVE, -1, 0 <unfinished ...>
18972 mmap(NULL, 16384, PROT_READ|PROT_WRITE, MAP_PRIVATE|MAP_ANONYMOUS|MAP_NORESERVE, -1, 0 <unfinished ...>
18971 munmap(0x100000200000, 16384 <unfinished ...>
18970 munmap(0x1001c0000000, 16384 <unfinished ...>
18969 mmap(NULL, 16384, PROT_READ|PROT_WRITE, MAP_PRIVATE|MAP_ANONYMOUS|MAP_NORESERVE, -1, 0 <unfinished ...>
18968 <... munmap resumed>)             = 0
18967 munmap(0x1001c0200000, 16384 <unfinished ...>
18965 <... mmap resumed>)               = 0x1000c0200000
18962 <... mmap resumed>)               = 0x100040000000
18961 <... munmap resumed>)             = 0
18957 mmap(NULL, 16384, PROT_READ|PROT_WRITE, MAP_PRIVATE|MAP_ANONYMOUS|MAP_NORESERVE, -1, 0 <unfinished ...>
18973 <... mmap resumed>)               = 0x100180000000
18972 <... mmap resumed>)               = 0x100140200000
18970 <... munmap resumed>)             = 0
18969 <... mmap resumed>)               = 0x1001c0000000
18968 mmap(NULL, 16384, PROT_READ|PROT_WRITE, MAP_PRIVATE|MAP_ANONYMOUS|MAP_NORESERVE, -1, 0 <unfinished ...>
18967 <... munmap resumed>)             = 0
18966 <... munmap resumed>)             = 0
18965 munmap(0x1000c0200000, 16384 <unfinished ...>
18963 munmap(0x100140000000, 16384 <unfinished ...>
18961 mmap(NULL, 16384, PROT_READ|PROT_WRITE, MAP_PRIVATE|MAP_ANONYMOUS|MAP_NORESERVE, -1, 0 <unfinished ...>
18958 munmap(0x100100200000, 16384 <unfinished ...>
18973 munmap(0x100180000000, 16384 <unfinished ...>
18970 mmap(NULL, 16384, PROT_READ|PROT_WRITE, MAP_PRIVATE|MAP_ANONYMOUS|MAP_NORESERVE, -1, 0 <unfinished ...>
18966 mmap(NULL, 16384, PROT_READ|PROT_WRITE, MAP_PRIVATE|MAP_ANONYMOUS|MAP_NORESERVE, -1, 0 <unfinished ...>
18964 <... munmap resumed>)             = 0
18962 munmap(0x100040000000, 16384 <unfinished ...>
18974 <... munmap resumed>)             = 0
18972 munmap(0x100140200000, 16384 <unfinished ...>
18969 munmap(0x1001c0000000, 16384 <unfinished ...>
18967 mmap(NULL, 16384, PROT_READ|PROT_WRITE, MAP_PRIVATE|MAP_ANONYMOUS|MAP_NORESERVE, -1, 0 <unfinished ...>
18964 mmap(NULL, 16384, PROT_READ|PROT_WRITE, MAP_PRIVATE|MAP_ANONYMOUS|MAP_NORESERVE, -1, 0 <unfinished ...>
18974 mmap(NULL, 16384, PROT_READ|PROT_WRITE, MAP_PRIVATE|MAP_ANONYMOUS|MAP_NORESERVE, -1, 0 <unfinished ...>
18964 <... mmap resumed>)               = 0x100180200000
18962 <... munmap resumed>)             = 0
18957 <... mmap resumed>)               = 0x100040000000
18964 munmap(0x100180200000, 16384 <unfinished ...>
18962 mmap(NULL, 16384, PROT_READ|PROT_WRITE, MAP_PRIVATE|MAP_ANONYMOUS|MAP_NORESERVE, -1, 0 <unfinished ...>
18957 munmap(0x100040000000, 16384 <unfinished ...>
18971 <... munmap resumed>)             = 0
18967 <... mmap resumed>)               = 0x100000200000
18965 <... munmap resumed>)             = 0
18970 <... mmap resumed>)               = 0x1000c0200000
18968 <... mmap resumed>)               = 0x100100000000
18971 mmap(NULL, 16384, PROT_READ|PROT_WRITE, MAP_PRIVATE|MAP_ANONYMOUS|MAP_NORESERVE, -1, 0 <unfinished ...>
18967 munmap(0x100000200000, 16384 <unfinished ...>
18970 munmap(0x1000c0200000, 16384 <unfinished ...>
18968 munmap(0x100100000000, 16384 <unfinished ...>
18965 mmap(NULL, 16384, PROT_READ|PROT_WRITE, MAP_PRIVATE|MAP_ANONYMOUS|MAP_NORESERVE, -1, 0 <unfinished ...>
18970 <... munmap resumed>)             = 0
18961 <... mmap resumed>)               = 0x1000c0200000
18958 <... munmap resumed>)             = 0
18963 <... munmap resumed>)             = 0
18958 mmap(NULL, 16384, PROT_READ|PROT_WRITE, MAP_PRIVATE|MAP_ANONYMOUS|MAP_NORESERVE, -1, 0 <unfinished ...>
18961 munmap(0x1000c0200000, 16384 <unfinished ...>
18958 <... mmap resumed>)               = 0x100140000000
18961 <... munmap resumed>)             = 0
18958 munmap(0x100140000000, 16384 <unfinished ...>
18970 mmap(NULL, 16384, PROT_READ|PROT_WRITE, MAP_PRIVATE|MAP_ANONYMOUS|MAP_NORESERVE, -1, 0 <unfinished ...>
18963 mmap(NULL, 16384, PROT_READ|PROT_WRITE, MAP_PRIVATE|MAP_ANONYMOUS|MAP_NORESERVE, -1, 0 <unfinished ...>
18973 <... munmap resumed>)             = 0
18973 mmap(NULL, 16384, PROT_READ|PROT_WRITE, MAP_PRIVATE|MAP_ANONYMOUS|MAP_NORESERVE, -1, 0 <unfinished ...>
18966 <... mmap resumed>)               = 0x100180000000
18966 munmap(0x100180000000, 16384 <unfinished ...>
18961 mmap(NULL, 16384, PROT_READ|PROT_WRITE, MAP_PRIVATE|MAP_ANONYMOUS|MAP_NORESERVE, -1, 0 <unfinished ...>
18958 <... munmap resumed>)             = 0
18969 <... munmap resumed>)             = 0
18969 mmap(NULL, 16384, PROT_READ|PROT_WRITE, MAP_PRIVATE|MAP_ANONYMOUS|MAP_NORESERVE, -1, 0 <unfinished ...>
18958 mmap(NULL, 16384, PROT_READ|PROT_WRITE, MAP_PRIVATE|MAP_ANONYMOUS|MAP_NORESERVE, -1, 0 <unfinished ...>
18966 <... munmap resumed>)             = 0
18974 <... mmap resumed>)               = 0x1001c0000000
18972 <... munmap resumed>)             = 0
18969 <... mmap resumed>)               = 0x100140200000
18966 mmap(NULL, 16384, PROT_READ|PROT_WRITE, MAP_PRIVATE|MAP_ANONYMOUS|MAP_NORESERVE, -1, 0 <unfinished ...>
18958 <... mmap resumed>)               = 0x100180000000
18972 mmap(NULL, 16384, PROT_READ|PROT_WRITE, MAP_PRIVATE|MAP_ANONYMOUS|MAP_NORESERVE, -1, 0 <unfinished ...>
18974 munmap(0x1001c0000000, 16384 <unfinished ...>
18972 <... mmap resumed>)               = 0x100040000000
18969 munmap(0x100140200000, 16384 <unfinished ...>
18966 <... mmap resumed>)               = 0x100180200000
18964 <... munmap resumed>)             = 0
18958 munmap(0x100180000000, 16384 <unfinished ...>
18957 <... munmap resumed>)             = 0
18974 <... munmap resumed>)             = 0
18962 <... mmap resumed>)               = 0x100140000000
18972 munmap(0x100040000000, 16384 <unfinished ...>
18962 munmap(0x100140000000, 16384 <unfinished ...>
18974 mmap(NULL, 16384, PROT_READ|PROT_WRITE, MAP_PRIVATE|MAP_ANONYMOUS|MAP_NORESERVE, -1, 0 <unfinished ...>
18964 mmap(NULL, 16384, PROT_READ|PROT_WRITE, MAP_PRIVATE|MAP_ANONYMOUS|MAP_NORESERVE, -1, 0 <unfinished ...>
18957 mmap(NULL, 16384, PROT_READ|PROT_WRITE, MAP_PRIVATE|MAP_ANONYMOUS|MAP_NORESERVE, -1, 0 <unfinished ...>
18966 munmap(0x100180200000, 16384 <unfinished ...>
18958 <... munmap resumed>)             = 0
18971 <... mmap resumed>)               = 0x100000200000
18967 <... munmap resumed>)             = 0
18958 mmap(NULL, 16384, PROT_READ|PROT_WRITE, MAP_PRIVATE|MAP_ANONYMOUS|MAP_NORESERVE, -1, 0 <unfinished ...>
18971 munmap(0x100000200000, 16384 <unfinished ...>
18968 <... munmap resumed>)             = 0
18958 <... mmap resumed>)               = 0x100100000000
18971 <... munmap resumed>)             = 0
18968 mmap(NULL, 16384, PROT_READ|PROT_WRITE, MAP_PRIVATE|MAP_ANONYMOUS|MAP_NORESERVE, -1, 0 <unfinished ...>
18971 mmap(NULL, 16384, PROT_READ|PROT_WRITE, MAP_PRIVATE|MAP_ANONYMOUS|MAP_NORESERVE, -1, 0 <unfinished ...>
18968 <... mmap resumed>)               = 0x100180000000
18967 mmap(NULL, 16384, PROT_READ|PROT_WRITE, MAP_PRIVATE|MAP_ANONYMOUS|MAP_NORESERVE, -1, 0 <unfinished ...>
18965 <... mmap resumed>)               = 0x100000200000
18971 <... mmap resumed>)               = 0x1001c0000000
18968 munmap(0x100180000000, 16384 <unfinished ...>
18963 <... mmap resumed>)               = 0x1000c0200000
18958 munmap(0x100100000000, 16384 <unfinished ...>
18971 munmap(0x1001c0000000, 16384 <unfinished ...>
18968 <... munmap resumed>)             = 0
18973 <... mmap resumed>)               = 0x1001c0000000
18971 <... munmap resumed>)             = 0
18970 <... mmap resumed>)               = 0x100180000000
18968 mmap(NULL, 16384, PROT_READ|PROT_WRITE, MAP_PRIVATE|MAP_ANONYMOUS|MAP_NORESERVE, -1, 0 <unfinished ...>
18965 munmap(0x100000200000, 16384 <unfinished ...>
18963 munmap(0x1000c0200000, 16384 <unfinished ...>
18961 <... mmap resumed>)               = 0x100100000000
18958 <... munmap resumed>)             = 0
18974 <... mmap resumed>)               = 0x100100200000
18973 munmap(0x1001c0000000, 16384 <unfinished ...>
18972 <... munmap resumed>)             = 0
18971 mmap(NULL, 16384, PROT_READ|PROT_WRITE, MAP_PRIVATE|MAP_ANONYMOUS|MAP_NORESERVE, -1, 0 <unfinished ...>
18970 munmap(0x100180000000, 16384 <unfinished ...>
18969 <... munmap resumed>)             = 0
18968 <... mmap resumed>)               = 0x1001c0200000
18964 <... mmap resumed>)               = 0x100140200000
18961 munmap(0x100100000000, 16384 <unfinished ...>
18957 <... mmap resumed>)               = 0x100000000000
18974 munmap(0x100100200000, 16384 <unfinished ...>
18973 <... munmap resumed>)             = 0
18972 mmap(NULL, 16384, PROT_READ|PROT_WRITE, MAP_PRIVATE|MAP_ANONYMOUS|MAP_NORESERVE, -1, 0 <unfinished ...>
18969 mmap(NULL, 16384, PROT_READ|PROT_WRITE, MAP_PRIVATE|MAP_ANONYMOUS|MAP_NORESERVE, -1, 0 <unfinished ...>
18968 munmap(0x1001c0200000, 16384 <unfinished ...>
18963 <... munmap resumed>)             = 0
18962 <... munmap resumed>)             = 0
18958 mmap(NULL, 16384, PROT_READ|PROT_WRITE, MAP_PRIVATE|MAP_ANONYMOUS|MAP_NORESERVE, -1, 0 <unfinished ...>
18973 mmap(NULL, 16384, PROT_READ|PROT_WRITE, MAP_PRIVATE|MAP_ANONYMOUS|MAP_NORESERVE, -1, 0 <unfinished ...>
18964 munmap(0x100140200000, 16384 <unfinished ...>
18957 munmap(0x100000000000, 16384 <unfinished ...>
18964 <... munmap resumed>)             = 0
18963 mmap(NULL, 16384, PROT_READ|PROT_WRITE, MAP_PRIVATE|MAP_ANONYMOUS|MAP_NORESERVE, -1, 0 <unfinished ...>
18962 mmap(NULL, 16384, PROT_READ|PROT_WRITE, MAP_PRIVATE|MAP_ANONYMOUS|MAP_NORESERVE, -1, 0 <unfinished ...>
18961 <... munmap resumed>)             = 0
18973 <... mmap resumed>)               = 0x100140200000
18966 <... munmap resumed>)             = 0
18964 mmap(NULL, 16384, PROT_READ|PROT_WRITE, MAP_PRIVATE|MAP_ANONYMOUS|MAP_NORESERVE, -1, 0 <unfinished ...>
18961 mmap(NULL, 16384, PROT_READ|PROT_WRITE, MAP_PRIVATE|MAP_ANONYMOUS|MAP_NORESERVE, -1, 0 <unfinished ...>
18958 <... mmap resumed>)               = 0x100180200000
18957 <... munmap resumed>)             = 0
18967 <... mmap resumed>)               = 0x100000000000
18963 <... mmap resumed>)               = 0x100100000000
18973 munmap(0x100140200000, 16384 <unfinished ...>
18970 <... munmap resumed>)             = 0
18967 munmap(0x100000000000, 16384 <unfinished ...>
18966 mmap(NULL, 16384, PROT_READ|PROT_WRITE, MAP_PRIVATE|MAP_ANONYMOUS|MAP_NORESERVE, -1, 0 <unfinished ...>
18965 <... munmap resumed>)             = 0
18963 munmap(0x100100000000, 16384 <unfinished ...>
18961 <... mmap resumed>)               = 0x100000200000
18958 munmap(0x100180200000, 16384 <unfinished ...>
18957 mmap(NULL, 16384, PROT_READ|PROT_WRITE, MAP_PRIVATE|MAP_ANONYMOUS|MAP_NORESERVE, -1, 0 <unfinished ...>
18973 <... munmap resumed>)             = 0
18972 <... mmap resumed>)               = 0x100140200000
18971 <... mmap resumed>)               = 0x100180000000
18970 mmap(NULL, 16384, PROT_READ|PROT_WRITE, MAP_PRIVATE|MAP_ANONYMOUS|MAP_NORESERVE, -1, 0 <unfinished ...>
18965 mmap(NULL, 16384, PROT_READ|PROT_WRITE, MAP_PRIVATE|MAP_ANONYMOUS|MAP_NORESERVE, -1, 0 <unfinished ...>
18973 mmap(NULL, 16384, PROT_READ|PROT_WRITE, MAP_PRIVATE|MAP_ANONYMOUS|MAP_NORESERVE, -1, 0 <unfinished ...>
18972 munmap(0x100140200000, 16384 <unfinished ...>
18971 munmap(0x100180000000, 16384 <unfinished ...>
18961 munmap(0x100000200000, 16384 <unfinished ...>
18974 <... munmap resumed>)             = 0
18967 <... munmap resumed>)             = 0
18968 <... munmap resumed>)             = 0
18974 mmap(NULL, 16384, PROT_READ|PROT_WRITE, MAP_PRIVATE|MAP_ANONYMOUS|MAP_NORESERVE, -1, 0 <unfinished ...>
18969 <... mmap resumed>)               = 0x1001c0200000
18967 mmap(NULL, 16384, PROT_READ|PROT_WRITE, MAP_PRIVATE|MAP_ANONYMOUS|MAP_NORESERVE, -1, 0 <unfinished ...>
18968 mmap(NULL, 16384, PROT_READ|PROT_WRITE, MAP_PRIVATE|MAP_ANONYMOUS|MAP_NORESERVE, -1, 0 <unfinished ...>
18962 <... mmap resumed>)               = 0x100100200000
18964 <... mmap resumed>)               = 0x100000000000
18967 <... mmap resumed>)               = 0x100140000000
18969 munmap(0x1001c0200000, 16384 <unfinished ...>
18967 munmap(0x100140000000, 16384 <unfinished ...>
18964 munmap(0x100000000000, 16384 <unfinished ...>
18966 <... mmap resumed>)               = 0x1001c0000000
18968 <... mmap resumed>)               = 0x1000c0200000
18962 munmap(0x100100200000, 16384 <unfinished ...>
18963 <... munmap resumed>)             = 0
18968 munmap(0x1000c0200000, 16384 <unfinished ...>
18963 mmap(NULL, 16384, PROT_READ|PROT_WRITE, MAP_PRIVATE|MAP_ANONYMOUS|MAP_NORESERVE, -1, 0 <unfinished ...>
18957 <... mmap resumed>)               = 0x100100000000
18966 munmap(0x1001c0000000, 16384 <unfinished ...>
18957 munmap(0x100100000000, 16384 <unfinished ...>
18967 <... munmap resumed>)             = 0
18972 <... munmap resumed>)             = 0
18970 <... mmap resumed>)               = 0x100180200000
18965 <... mmap resumed>)               = 0x100140000000
18958 <... munmap resumed>)             = 0
18972 mmap(NULL, 16384, PROT_READ|PROT_WRITE, MAP_PRIVATE|MAP_ANONYMOUS|MAP_NORESERVE, -1, 0) = 0x100140200000
18970 munmap(0x100180200000, 16384 <unfinished ...>
18965 munmap(0x100140000000, 16384 <unfinished ...>
18958 mmap(NULL, 16384, PROT_READ|PROT_WRITE, MAP_PRIVATE|MAP_ANONYMOUS|MAP_NORESERVE, -1, 0 <unfinished ...>
18973 <... mmap resumed>)               = 0x100040000000
18972 munmap(0x100140200000, 16384 <unfinished ...>
18973 munmap(0x100040000000, 16384 <unfinished ...>
18971 <... munmap resumed>)             = 0
18970 <... munmap resumed>)             = 0
18967 mmap(NULL, 16384, PROT_READ|PROT_WRITE, MAP_PRIVATE|MAP_ANONYMOUS|MAP_NORESERVE, -1, 0 <unfinished ...>
18973 <... munmap resumed>)             = 0
18971 mmap(NULL, 16384, PROT_READ|PROT_WRITE, MAP_PRIVATE|MAP_ANONYMOUS|MAP_NORESERVE, -1, 0 <unfinished ...>
18970 mmap(NULL, 16384, PROT_READ|PROT_WRITE, MAP_PRIVATE|MAP_ANONYMOUS|MAP_NORESERVE, -1, 0 <unfinished ...>
18967 <... mmap resumed>)               = 0x100040000000
18965 <... munmap resumed>)             = 0
18973 mmap(NULL, 16384, PROT_READ|PROT_WRITE, MAP_PRIVATE|MAP_ANONYMOUS|MAP_NORESERVE, -1, 0 <unfinished ...>
18970 <... mmap resumed>)               = 0x100000200000
18969 <... munmap resumed>)             = 0
18967 munmap(0x100040000000, 16384 <unfinished ...>
18965 mmap(NULL, 16384, PROT_READ|PROT_WRITE, MAP_PRIVATE|MAP_ANONYMOUS|MAP_NORESERVE, -1, 0 <unfinished ...>
18961 <... munmap resumed>)             = 0
18974 <... mmap resumed>)               = 0x1001c0200000
18973 <... mmap resumed>)               = 0x100040000000
18970 munmap(0x100000200000, 16384 <unfinished ...>
18969 mmap(NULL, 16384, PROT_READ|PROT_WRITE, MAP_PRIVATE|MAP_ANONYMOUS|MAP_NORESERVE, -1, 0 <unfinished ...>
18967 <... munmap resumed>)             = 0
18965 <... mmap resumed>)               = 0x100140000000
18964 <... munmap resumed>)             = 0
18961 mmap(NULL, 16384, PROT_READ|PROT_WRITE, MAP_PRIVATE|MAP_ANONYMOUS|MAP_NORESERVE, -1, 0 <unfinished ...>
18964 mmap(NULL, 16384, PROT_READ|PROT_WRITE, MAP_PRIVATE|MAP_ANONYMOUS|MAP_NORESERVE, -1, 0) = 0x100000000000
18964 munmap(0x100000000000, 16384 <unfinished ...>
18967 mmap(NULL, 16384, PROT_READ|PROT_WRITE, MAP_PRIVATE|MAP_ANONYMOUS|MAP_NORESERVE, -1, 0 <unfinished ...>
18964 <... munmap resumed>)             = 0
18964 mmap(NULL, 16384, PROT_READ|PROT_WRITE, MAP_PRIVATE|MAP_ANONYMOUS|MAP_NORESERVE, -1, 0) = 0x100000000000
18964 munmap(0x100000000000, 16384 <unfinished ...>
18974 munmap(0x1001c0200000, 16384 <unfinished ...>
18965 munmap(0x100140000000, 16384 <unfinished ...>
18973 munmap(0x100040000000, 16384 <unfinished ...>
18974 <... munmap resumed>)             = 0
18973 <... munmap resumed>)             = 0
18966 <... munmap resumed>)             = 0
18965 <... munmap resumed>)             = 0
18964 <... munmap resumed>)             = 0
18962 <... munmap resumed>)             = 0
18974 mmap(NULL, 16384, PROT_READ|PROT_WRITE, MAP_PRIVATE|MAP_ANONYMOUS|MAP_NORESERVE, -1, 0) = 0x100100200000
18973 mmap(NULL, 16384, PROT_READ|PROT_WRITE, MAP_PRIVATE|MAP_ANONYMOUS|MAP_NORESERVE, -1, 0 <unfinished ...>
18968 <... munmap resumed>)             = 0
18966 mmap(NULL, 16384, PROT_READ|PROT_WRITE, MAP_PRIVATE|MAP_ANONYMOUS|MAP_NORESERVE, -1, 0 <unfinished ...>
18965 mmap(NULL, 16384, PROT_READ|PROT_WRITE, MAP_PRIVATE|MAP_ANONYMOUS|MAP_NORESERVE, -1, 0 <unfinished ...>
18964 mmap(NULL, 16384, PROT_READ|PROT_WRITE, MAP_PRIVATE|MAP_ANONYMOUS|MAP_NORESERVE, -1, 0 <unfinished ...>
18963 <... mmap resumed>)               = 0x1000c0200000
18962 mmap(NULL, 16384, PROT_READ|PROT_WRITE, MAP_PRIVATE|MAP_ANONYMOUS|MAP_NORESERVE, -1, 0 <unfinished ...>
18957 <... munmap resumed>)             = 0
18974 munmap(0x100100200000, 16384 <unfinished ...>
18958 <... mmap resumed>)               = 0x100100000000
18973 <... mmap resumed>)               = 0x1001c0200000
18972 <... munmap resumed>)             = 0
18968 mmap(NULL, 16384, PROT_READ|PROT_WRITE, MAP_PRIVATE|MAP_ANONYMOUS|MAP_NORESERVE, -1, 0 <unfinished ...>
18966 <... mmap resumed>)               = 0x100040000000
18965 <... mmap resumed>)               = 0x1001c0000000
18964 <... mmap resumed>)               = 0x100140200000
18963 munmap(0x1000c0200000, 16384 <unfinished ...>
18962 <... mmap resumed>)               = 0x100140000000
18958 munmap(0x100100000000, 16384 <unfinished ...>
18957 mmap(NULL, 16384, PROT_READ|PROT_WRITE, MAP_PRIVATE|MAP_ANONYMOUS|MAP_NORESERVE, -1, 0 <unfinished ...>
18971 <... mmap resumed>)               = 0x100000000000
18968 <... mmap resumed>)               = 0x100180200000
18974 <... munmap resumed>)             = 0
18973 munmap(0x1001c0200000, 16384 <unfinished ...>
18972 mmap(NULL, 16384, PROT_READ|PROT_WRITE, MAP_PRIVATE|MAP_ANONYMOUS|MAP_NORESERVE, -1, 0 <unfinished ...>
18971 munmap(0x100000000000, 16384 <unfinished ...>
18970 <... munmap resumed>)             = 0
18969 <... mmap resumed>)               = 0x100000200000
18968 munmap(0x100180200000, 16384 <unfinished ...>
18967 <... mmap resumed>)               = 0x100180000000
18966 munmap(0x100040000000, 16384 <unfinished ...>
18965 munmap(0x1001c0000000, 16384 <unfinished ...>
18964 munmap(0x100140200000, 16384 <unfinished ...>
18963 <... munmap resumed>)             = 0
18962 munmap(0x100140000000, 16384 <unfinished ...>
18961 <... mmap resumed>)               = 0x100080000000
18958 <... munmap resumed>)             = 0
18957 <... mmap resumed>)               = 0x100040200000
18974 mmap(NULL, 16384, PROT_READ|PROT_WRITE, MAP_PRIVATE|MAP_ANONYMOUS|MAP_NORESERVE, -1, 0) = 0x1000c0200000
18973 <... munmap resumed>)             = 0
18972 <... mmap resumed>)               = 0x1001c0000000
18970 mmap(NULL, 16384, PROT_READ|PROT_WRITE, MAP_PRIVATE|MAP_ANONYMOUS|MAP_NORESERVE, -1, 0 <unfinished ...>
18969 munmap(0x100000200000, 16384 <unfinished ...>
18968 <... munmap resumed>)             = 0
18967 munmap(0x100180000000, 16384 <unfinished ...>
18965 <... munmap resumed>)             = 0
18964 <... munmap resumed>)             = 0
18963 mmap(NULL, 16384, PROT_READ|PROT_WRITE, MAP_PRIVATE|MAP_ANONYMOUS|MAP_NORESERVE, -1, 0 <unfinished ...>
18961 munmap(0x100080000000, 16384 <unfinished ...>
18958 mmap(NULL, 16384, PROT_READ|PROT_WRITE, MAP_PRIVATE|MAP_ANONYMOUS|MAP_NORESERVE, -1, 0 <unfinished ...>
18957 munmap(0x100040200000, 16384 <unfinished ...>
18971 <... munmap resumed>)             = 0
18974 munmap(0x1000c0200000, 16384 <unfinished ...>
18973 mmap(NULL, 16384, PROT_READ|PROT_WRITE, MAP_PRIVATE|MAP_ANONYMOUS|MAP_NORESERVE, -1, 0 <unfinished ...>
18972 munmap(0x1001c0000000, 16384 <unfinished ...>
18971 mmap(NULL, 16384, PROT_READ|PROT_WRITE, MAP_PRIVATE|MAP_ANONYMOUS|MAP_NORESERVE, -1, 0 <unfinished ...>
18970 <... mmap resumed>)               = 0x100000000000
18969 <... munmap resumed>)             = 0
18968 mmap(NULL, 16384, PROT_READ|PROT_WRITE, MAP_PRIVATE|MAP_ANONYMOUS|MAP_NORESERVE, -1, 0 <unfinished ...>
18967 <... munmap resumed>)             = 0
18966 <... munmap resumed>)             = 0
18965 mmap(NULL, 16384, PROT_READ|PROT_WRITE, MAP_PRIVATE|MAP_ANONYMOUS|MAP_NORESERVE, -1, 0 <unfinished ...>
18964 mmap(NULL, 16384, PROT_READ|PROT_WRITE, MAP_PRIVATE|MAP_ANONYMOUS|MAP_NORESERVE, -1, 0 <unfinished ...>
18963 <... mmap resumed>)               = 0x100140200000
18962 <... munmap resumed>)             = 0
18961 <... munmap resumed>)             = 0
18958 <... mmap resumed>)               = 0x100180200000
18957 <... munmap resumed>)             = 0
18973 <... mmap resumed>)               = 0x100040000000
18970 munmap(0x100000000000, 16384 <unfinished ...>
18969 mmap(NULL, 16384, PROT_READ|PROT_WRITE, MAP_PRIVATE|MAP_ANONYMOUS|MAP_NORESERVE, -1, 0 <unfinished ...>
18967 mmap(NULL, 16384, PROT_READ|PROT_WRITE, MAP_PRIVATE|MAP_ANONYMOUS|MAP_NORESERVE, -1, 0 <unfinished ...>
18966 mmap(NULL, 16384, PROT_READ|PROT_WRITE, MAP_PRIVATE|MAP_ANONYMOUS|MAP_NORESERVE, -1, 0 <unfinished ...>
18963 munmap(0x100140200000, 16384 <unfinished ...>
18961 mmap(NULL, 16384, PROT_READ|PROT_WRITE, MAP_PRIVATE|MAP_ANONYMOUS|MAP_NORESERVE, -1, 0 <unfinished ...>
18973 munmap(0x100040000000, 16384 <unfinished ...>
18958 munmap(0x100180200000, 16384 <unfinished ...>
18962 mmap(NULL, 16384, PROT_READ|PROT_WRITE, MAP_PRIVATE|MAP_ANONYMOUS|MAP_NORESERVE, -1, 0 <unfinished ...>
18957 mmap(NULL, 16384, PROT_READ|PROT_WRITE, MAP_PRIVATE|MAP_ANONYMOUS|MAP_NORESERVE, -1, 0 <unfinished ...>
18972 <... munmap resumed>)             = 0
18971 <... mmap resumed>)               = 0x1001c0000000
18971 munmap(0x1001c0000000, 16384 <unfinished ...>
18968 <... mmap resumed>)               = 0x100000200000
18974 <... munmap resumed>)             = 0
18972 mmap(NULL, 16384, PROT_READ|PROT_WRITE, MAP_PRIVATE|MAP_ANONYMOUS|MAP_NORESERVE, -1, 0 <unfinished ...>
18974 mmap(NULL, 16384, PROT_READ|PROT_WRITE, MAP_PRIVATE|MAP_ANONYMOUS|MAP_NORESERVE, -1, 0 <unfinished ...>
18965 <... mmap resumed>)               = 0x1000c0200000
18963 <... munmap resumed>)             = 0
18974 <... mmap resumed>)               = 0x100180000000
18972 <... mmap resumed>)               = 0x100040200000
18968 munmap(0x100000200000, 16384 <unfinished ...>
18963 mmap(NULL, 16384, PROT_READ|PROT_WRITE, MAP_PRIVATE|MAP_ANONYMOUS|MAP_NORESERVE, -1, 0 <unfinished ...>
18973 <... munmap resumed>)             = 0
18961 <... mmap resumed>)               = 0x100140200000
18974 munmap(0x100180000000, 16384 <unfinished ...>
18972 munmap(0x100040200000, 16384 <unfinished ...>
18965 munmap(0x1000c0200000, 16384 <unfinished ...>
18964 <... mmap resumed>)               = 0x100040000000
18963 <... mmap resumed>)               = 0x100080000000
18969 <... mmap resumed>)               = 0x100140000000
18961 munmap(0x100140200000, 16384 <unfinished ...>
18973 mmap(NULL, 16384, PROT_READ|PROT_WRITE, MAP_PRIVATE|MAP_ANONYMOUS|MAP_NORESERVE, -1, 0 <unfinished ...>
18972 <... munmap resumed>)             = 0
18969 munmap(0x100140000000, 16384 <unfinished ...>
18964 munmap(0x100040000000, 16384 <unfinished ...>
18972 mmap(NULL, 16384, PROT_READ|PROT_WRITE, MAP_PRIVATE|MAP_ANONYMOUS|MAP_NORESERVE, -1, 0 <unfinished ...>
18963 munmap(0x100080000000, 16384 <unfinished ...>
18970 <... munmap resumed>)             = 0
18969 <... munmap resumed>)             = 0
18970 mmap(NULL, 16384, PROT_READ|PROT_WRITE, MAP_PRIVATE|MAP_ANONYMOUS|MAP_NORESERVE, -1, 0 <unfinished ...>
18969 mmap(NULL, 16384, PROT_READ|PROT_WRITE, MAP_PRIVATE|MAP_ANONYMOUS|MAP_NORESERVE, -1, 0 <unfinished ...>
18966 <... mmap resumed>)               = 0x100140000000
18963 <... munmap resumed>)             = 0
18962 <... mmap resumed>)               = 0x100080000000
18970 <... mmap resumed>)               = 0x1001c0200000
18969 <... mmap resumed>)               = 0x100040200000
18966 munmap(0x100140000000, 16384 <unfinished ...>
18957 <... mmap resumed>)               = 0x100000000000
18970 munmap(0x1001c0200000, 16384 <unfinished ...>
18969 munmap(0x100040200000, 16384 <unfinished ...>
18967 <... mmap resumed>)               = 0x100100000000
18963 mmap(NULL, 16384, PROT_READ|PROT_WRITE, MAP_PRIVATE|MAP_ANONYMOUS|MAP_NORESERVE, -1, 0 <unfinished ...>
18962 munmap(0x100080000000, 16384 <unfinished ...>
18958 <... munmap resumed>)             = 0
18957 munmap(0x100000000000, 16384 <unfinished ...>
18969 <... munmap resumed>)             = 0
18967 munmap(0x100100000000, 16384 <unfinished ...>
18963 <... mmap resumed>)               = 0x100040200000
18962 <... munmap resumed>)             = 0
18971 <... munmap resumed>)             = 0
18962 mmap(NULL, 16384, PROT_READ|PROT_WRITE, MAP_PRIVATE|MAP_ANONYMOUS|MAP_NORESERVE, -1, 0 <unfinished ...>
18969 mmap(NULL, 16384, PROT_READ|PROT_WRITE, MAP_PRIVATE|MAP_ANONYMOUS|MAP_NORESERVE, -1, 0 <unfinished ...>
18963 munmap(0x100040200000, 16384 <unfinished ...>
18958 mmap(NULL, 16384, PROT_READ|PROT_WRITE, MAP_PRIVATE|MAP_ANONYMOUS|MAP_NORESERVE, -1, 0 <unfinished ...>
18971 mmap(NULL, 16384, PROT_READ|PROT_WRITE, MAP_PRIVATE|MAP_ANONYMOUS|MAP_NORESERVE, -1, 0 <unfinished ...>
18957 <... munmap resumed>)             = 0
18969 <... mmap resumed>)               = 0x100000000000
18969 munmap(0x100000000000, 16384 <unfinished ...>
18963 <... munmap resumed>)             = 0
18957 mmap(NULL, 16384, PROT_READ|PROT_WRITE, MAP_PRIVATE|MAP_ANONYMOUS|MAP_NORESERVE, -1, 0 <unfinished ...>
18969 <... munmap resumed>)             = 0
18968 <... munmap resumed>)             = 0
18969 mmap(NULL, 16384, PROT_READ|PROT_WRITE, MAP_PRIVATE|MAP_ANONYMOUS|MAP_NORESERVE, -1, 0 <unfinished ...>
18968 mmap(NULL, 16384, PROT_READ|PROT_WRITE, MAP_PRIVATE|MAP_ANONYMOUS|MAP_NORESERVE, -1, 0 <unfinished ...>
18965 <... munmap resumed>)             = 0
18963 mmap(NULL, 16384, PROT_READ|PROT_WRITE, MAP_PRIVATE|MAP_ANONYMOUS|MAP_NORESERVE, -1, 0 <unfinished ...>
18961 <... munmap resumed>)             = 0
18957 <... mmap resumed>)               = 0x1000c0200000
18973 <... mmap resumed>)               = 0x100140200000
18965 mmap(NULL, 16384, PROT_READ|PROT_WRITE, MAP_PRIVATE|MAP_ANONYMOUS|MAP_NORESERVE, -1, 0 <unfinished ...>
18969 <... mmap resumed>)               = 0x100000000000
18974 <... munmap resumed>)             = 0
18973 munmap(0x100140200000, 16384 <unfinished ...>
18969 munmap(0x100000000000, 16384 <unfinished ...>
18968 <... mmap resumed>)               = 0x100000200000
18965 <... mmap resumed>)               = 0x100180000000
18963 <... mmap resumed>)               = 0x100040200000
18961 mmap(NULL, 16384, PROT_READ|PROT_WRITE, MAP_PRIVATE|MAP_ANONYMOUS|MAP_NORESERVE, -1, 0 <unfinished ...>
18957 munmap(0x1000c0200000, 16384 <unfinished ...>
18974 mmap(NULL, 16384, PROT_READ|PROT_WRITE, MAP_PRIVATE|MAP_ANONYMOUS|MAP_NORESERVE, -1, 0 <unfinished ...>
18972 <... mmap resumed>)               = 0x1001c0000000
18969 <... munmap resumed>)             = 0
18968 munmap(0x100000200000, 16384 <unfinished ...>
18965 munmap(0x100180000000, 16384 <unfinished ...>
18963 munmap(0x100040200000, 16384 <unfinished ...>
18964 <... munmap resumed>)             = 0
18961 <... mmap resumed>)               = 0x100080000000
18966 <... munmap resumed>)             = 0
18974 <... mmap resumed>)               = 0x100140000000
18972 munmap(0x1001c0000000, 16384 <unfinished ...>
18970 <... munmap resumed>)             = 0
18969 mmap(NULL, 16384, PROT_READ|PROT_WRITE, MAP_PRIVATE|MAP_ANONYMOUS|MAP_NORESERVE, -1, 0 <unfinished ...>
18966 mmap(NULL, 16384, PROT_READ|PROT_WRITE, MAP_PRIVATE|MAP_ANONYMOUS|MAP_NORESERVE, -1, 0 <unfinished ...>
18965 <... munmap resumed>)             = 0
18964 mmap(NULL, 16384, PROT_READ|PROT_WRITE, MAP_PRIVATE|MAP_ANONYMOUS|MAP_NORESERVE, -1, 0 <unfinished ...>
18961 munmap(0x100080000000, 16384 <unfinished ...>
18968 <... munmap resumed>)             = 0
18974 munmap(0x100140000000, 16384 <unfinished ...>
18970 mmap(NULL, 16384, PROT_READ|PROT_WRITE, MAP_PRIVATE|MAP_ANONYMOUS|MAP_NORESERVE, -1, 0 <unfinished ...>
18968 mmap(NULL, 16384, PROT_READ|PROT_WRITE, MAP_PRIVATE|MAP_ANONYMOUS|MAP_NORESERVE, -1, 0 <unfinished ...>
18966 <... mmap resumed>)               = 0x100000200000
18965 mmap(NULL, 16384, PROT_READ|PROT_WRITE, MAP_PRIVATE|MAP_ANONYMOUS|MAP_NORESERVE, -1, 0 <unfinished ...>
18966 munmap(0x100000200000, 16384 <unfinished ...>
18967 <... munmap resumed>)             = 0
18966 <... munmap resumed>)             = 0
18971 <... mmap resumed>)               = 0x1001c0200000
18966 mmap(NULL, 16384, PROT_READ|PROT_WRITE, MAP_PRIVATE|MAP_ANONYMOUS|MAP_NORESERVE, -1, 0 <unfinished ...>
18962 <... mmap resumed>)               = 0x100000200000
18967 mmap(NULL, 16384, PROT_READ|PROT_WRITE, MAP_PRIVATE|MAP_ANONYMOUS|MAP_NORESERVE, -1, 0 <unfinished ...>
18958 <... mmap resumed>)               = 0x100100000000
18957 <... munmap resumed>)             = 0
18973 <... munmap resumed>)             = 0
18971 munmap(0x1001c0200000, 16384 <unfinished ...>
18963 <... munmap resumed>)             = 0
18967 <... mmap resumed>)               = 0x100040200000
18962 munmap(0x100000200000, 16384 <unfinished ...>
18957 mmap(NULL, 16384, PROT_READ|PROT_WRITE, MAP_PRIVATE|MAP_ANONYMOUS|MAP_NORESERVE, -1, 0 <unfinished ...>
18973 mmap(NULL, 16384, PROT_READ|PROT_WRITE, MAP_PRIVATE|MAP_ANONYMOUS|MAP_NORESERVE, -1, 0 <unfinished ...>
18971 <... munmap resumed>)             = 0
18967 munmap(0x100040200000, 16384 <unfinished ...>
18964 <... mmap resumed>)               = 0x1001c0200000
18963 mmap(NULL, 16384, PROT_READ|PROT_WRITE, MAP_PRIVATE|MAP_ANONYMOUS|MAP_NORESERVE, -1, 0 <unfinished ...>
18961 <... munmap resumed>)             = 0
18958 munmap(0x100100000000, 16384 <unfinished ...>
18974 <... munmap resumed>)             = 0
18973 <... mmap resumed>)               = 0x1000c0200000
18972 <... munmap resumed>)             = 0
18971 mmap(NULL, 16384, PROT_READ|PROT_WRITE, MAP_PRIVATE|MAP_ANONYMOUS|MAP_NORESERVE, -1, 0 <unfinished ...>
18970 <... mmap resumed>)               = 0x100140000000
18969 <... mmap resumed>)               = 0x1001c0000000
18968 <... mmap resumed>)               = 0x100040200000
18967 <... munmap resumed>)             = 0
18966 <... mmap resumed>)               = 0x100040000000
18965 <... mmap resumed>)               = 0x100180000000
18964 munmap(0x1001c0200000, 16384 <unfinished ...>
18963 <... mmap resumed>)               = 0x100140200000
18961 mmap(NULL, 16384, PROT_READ|PROT_WRITE, MAP_PRIVATE|MAP_ANONYMOUS|MAP_NORESERVE, -1, 0 <unfinished ...>
18957 <... mmap resumed>)               = 0x100080000000
18974 mmap(NULL, 16384, PROT_READ|PROT_WRITE, MAP_PRIVATE|MAP_ANONYMOUS|MAP_NORESERVE, -1, 0 <unfinished ...>
18973 munmap(0x1000c0200000, 16384 <unfinished ...>
18972 mmap(NULL, 16384, PROT_READ|PROT_WRITE, MAP_PRIVATE|MAP_ANONYMOUS|MAP_NORESERVE, -1, 0 <unfinished ...>
18971 <... mmap resumed>)               = 0x100100000000
18970 munmap(0x100140000000, 16384 <unfinished ...>
18969 munmap(0x1001c0000000, 16384 <unfinished ...>
18968 munmap(0x100040200000, 16384 <unfinished ...>
18967 mmap(NULL, 16384, PROT_READ|PROT_WRITE, MAP_PRIVATE|MAP_ANONYMOUS|MAP_NORESERVE, -1, 0 <unfinished ...>
18966 munmap(0x100040000000, 16384 <unfinished ...>
18965 munmap(0x100180000000, 16384 <unfinished ...>
18964 <... munmap resumed>)             = 0
18963 munmap(0x100140200000, 16384 <unfinished ...>
18962 <... munmap resumed>)             = 0
18961 <... mmap resumed>)               = 0x1001c0200000
18958 <... munmap resumed>)             = 0
18957 munmap(0x100080000000, 16384 <unfinished ...>
18974 <... mmap resumed>)               = 0x100000200000
18971 munmap(0x100100000000, 16384 <unfinished ...>
18974 munmap(0x100000200000, 16384 <unfinished ...>
18968 <... munmap resumed>)             = 0
18964 mmap(NULL, 16384, PROT_READ|PROT_WRITE, MAP_PRIVATE|MAP_ANONYMOUS|MAP_NORESERVE, -1, 0 <unfinished ...>
18961 munmap(0x1001c0200000, 16384 <unfinished ...>
18973 <... munmap resumed>)             = 0
18972 <... mmap resumed>)               = 0x100040200000
18971 <... munmap resumed>)             = 0
18968 mmap(NULL, 16384, PROT_READ|PROT_WRITE, MAP_PRIVATE|MAP_ANONYMOUS|MAP_NORESERVE, -1, 0 <unfinished ...>
18962 mmap(NULL, 16384, PROT_READ|PROT_WRITE, MAP_PRIVATE|MAP_ANONYMOUS|MAP_NORESERVE, -1, 0 <unfinished ...>
18958 mmap(NULL, 16384, PROT_READ|PROT_WRITE, MAP_PRIVATE|MAP_ANONYMOUS|MAP_NORESERVE, -1, 0 <unfinished ...>
18973 mmap(NULL, 16384, PROT_READ|PROT_WRITE, MAP_PRIVATE|MAP_ANONYMOUS|MAP_NORESERVE, -1, 0 <unfinished ...>
18972 munmap(0x100040200000, 16384 <unfinished ...>
18971 mmap(NULL, 16384, PROT_READ|PROT_WRITE, MAP_PRIVATE|MAP_ANONYMOUS|MAP_NORESERVE, -1, 0 <unfinished ...>
18968 <... mmap resumed>)               = 0x1001c0200000
18964 <... mmap resumed>)               = 0x100140200000
18963 <... munmap resumed>)             = 0
18961 <... munmap resumed>)             = 0
18973 <... mmap resumed>)               = 0x100100000000
18970 <... munmap resumed>)             = 0
18958 <... mmap resumed>)               = 0x100140000000
18968 munmap(0x1001c0200000, 16384 <unfinished ...>
18961 mmap(NULL, 16384, PROT_READ|PROT_WRITE, MAP_PRIVATE|MAP_ANONYMOUS|MAP_NORESERVE, -1, 0 <unfinished ...>
18970 mmap(NULL, 16384, PROT_READ|PROT_WRITE, MAP_PRIVATE|MAP_ANONYMOUS|MAP_NORESERVE, -1, 0 <unfinished ...>
18964 munmap(0x100140200000, 16384 <unfinished ...>
18963 mmap(NULL, 16384, PROT_READ|PROT_WRITE, MAP_PRIVATE|MAP_ANONYMOUS|MAP_NORESERVE, -1, 0 <unfinished ...>
18958 munmap(0x100140000000, 16384 <unfinished ...>
18972 <... munmap resumed>)             = 0
18973 munmap(0x100100000000, 16384 <unfinished ...>
18972 mmap(NULL, 16384, PROT_READ|PROT_WRITE, MAP_PRIVATE|MAP_ANONYMOUS|MAP_NORESERVE, -1, 0 <unfinished ...>
18967 <... mmap resumed>)               = 0x100040200000
18961 <... mmap resumed>)               = 0x1000c0200000
18973 <... munmap resumed>)             = 0
18970 <... mmap resumed>)               = 0x100100000000
18973 mmap(NULL, 16384, PROT_READ|PROT_WRITE, MAP_PRIVATE|MAP_ANONYMOUS|MAP_NORESERVE, -1, 0 <unfinished ...>
18964 <... munmap resumed>)             = 0
18961 munmap(0x1000c0200000, 16384 <unfinished ...>
18970 munmap(0x100100000000, 16384 <unfinished ...>
18967 munmap(0x100040200000, 16384 <unfinished ...>
18964 mmap(NULL, 16384, PROT_READ|PROT_WRITE, MAP_PRIVATE|MAP_ANONYMOUS|MAP_NORESERVE, -1, 0 <unfinished ...>
18973 <... mmap resumed>)               = 0x100040000000
18966 <... munmap resumed>)             = 0
18961 <... munmap resumed>)             = 0
18973 munmap(0x100040000000, 16384 <unfinished ...>
18969 <... munmap resumed>)             = 0
18966 mmap(NULL, 16384, PROT_READ|PROT_WRITE, MAP_PRIVATE|MAP_ANONYMOUS|MAP_NORESERVE, -1, 0 <unfinished ...>
18965 <... munmap resumed>)             = 0
18957 <... munmap resumed>)             = 0
18974 <... munmap resumed>)             = 0
18971 <... mmap resumed>)               = 0x100000200000
18969 mmap(NULL, 16384, PROT_READ|PROT_WRITE, MAP_PRIVATE|MAP_ANONYMOUS|MAP_NORESERVE, -1, 0 <unfinished ...>
18961 mmap(NULL, 16384, PROT_READ|PROT_WRITE, MAP_PRIVATE|MAP_ANONYMOUS|MAP_NORESERVE, -1, 0 <unfinished ...>
18974 mmap(NULL, 16384, PROT_READ|PROT_WRITE, MAP_PRIVATE|MAP_ANONYMOUS|MAP_NORESERVE, -1, 0 <unfinished ...>
18973 <... munmap resumed>)             = 0
18971 munmap(0x100000200000, 16384 <unfinished ...>
18969 <... mmap resumed>)               = 0x100140000000
18968 <... munmap resumed>)             = 0
18966 <... mmap resumed>)               = 0x100180000000
18965 mmap(NULL, 16384, PROT_READ|PROT_WRITE, MAP_PRIVATE|MAP_ANONYMOUS|MAP_NORESERVE, -1, 0 <unfinished ...>
18963 <... mmap resumed>)               = 0x1001c0200000
18962 <... mmap resumed>)               = 0x100040000000
18961 <... mmap resumed>)               = 0x100080000000
18958 <... munmap resumed>)             = 0
18957 mmap(NULL, 16384, PROT_READ|PROT_WRITE, MAP_PRIVATE|MAP_ANONYMOUS|MAP_NORESERVE, -1, 0 <unfinished ...>
18974 <... mmap resumed>)               = 0x1000c0200000
18972 <... mmap resumed>)               = 0x1001c0000000
18974 munmap(0x1000c0200000, 16384 <unfinished ...>
18973 mmap(NULL, 16384, PROT_READ|PROT_WRITE, MAP_PRIVATE|MAP_ANONYMOUS|MAP_NORESERVE, -1, 0 <unfinished ...>
18971 <... munmap resumed>)             = 0
18970 <... munmap resumed>)             = 0
18969 munmap(0x100140000000, 16384 <unfinished ...>
18968 mmap(NULL, 16384, PROT_READ|PROT_WRITE, MAP_PRIVATE|MAP_ANONYMOUS|MAP_NORESERVE, -1, 0 <unfinished ...>
18966 munmap(0x100180000000, 16384 <unfinished ...>
18965 <... mmap resumed>)               = 0x100100000000
18962 munmap(0x100040000000, 16384 <unfinished ...>
18961 munmap(0x100080000000, 16384 <unfinished ...>
18958 mmap(NULL, 16384, PROT_READ|PROT_WRITE, MAP_PRIVATE|MAP_ANONYMOUS|MAP_NORESERVE, -1, 0 <unfinished ...>
18957 <... mmap resumed>)               = 0x100000200000
18974 <... munmap resumed>)             = 0
18973 <... mmap resumed>)               = 0x1000c0200000
18972 munmap(0x1001c0000000, 16384 <unfinished ...>
18971 mmap(NULL, 16384, PROT_READ|PROT_WRITE, MAP_PRIVATE|MAP_ANONYMOUS|MAP_NORESERVE, -1, 0 <unfinished ...>
18970 mmap(NULL, 16384, PROT_READ|PROT_WRITE, MAP_PRIVATE|MAP_ANONYMOUS|MAP_NORESERVE, -1, 0 <unfinished ...>
18967 <... munmap resumed>)             = 0
18964 <... mmap resumed>)               = 0x100040200000
18963 munmap(0x1001c0200000, 16384 <unfinished ...>
18957 munmap(0x100000200000, 16384 <unfinished ...>
18973 munmap(0x1000c0200000, 16384 <unfinished ...>
18967 mmap(NULL, 16384, PROT_READ|PROT_WRITE, MAP_PRIVATE|MAP_ANONYMOUS|MAP_NORESERVE, -1, 0 <unfinished ...>
18965 munmap(0x100100000000, 16384 <unfinished ...>
18974 mmap(NULL, 16384, PROT_READ|PROT_WRITE, MAP_PRIVATE|MAP_ANONYMOUS|MAP_NORESERVE, -1, 0 <unfinished ...>
18970 <... mmap resumed>)               = 0x100180000000
18966 <... munmap resumed>)             = 0
18964 munmap(0x100040200000, 16384 <unfinished ...>
18957 <... munmap resumed>)             = 0
18973 <... munmap resumed>)             = 0
18967 <... mmap resumed>)               = 0x100000200000
18958 <... mmap resumed>)               = 0x100140200000
18973 mmap(NULL, 16384, PROT_READ|PROT_WRITE, MAP_PRIVATE|MAP_ANONYMOUS|MAP_NORESERVE, -1, 0 <unfinished ...>
18970 munmap(0x100180000000, 16384 <unfinished ...>
18968 <... mmap resumed>)               = 0x1000c0200000
18967 munmap(0x100000200000, 16384 <unfinished ...>
18966 mmap(NULL, 16384, PROT_READ|PROT_WRITE, MAP_PRIVATE|MAP_ANONYMOUS|MAP_NORESERVE, -1, 0 <unfinished ...>
18964 <... munmap resumed>)             = 0
18958 munmap(0x100140200000, 16384 <unfinished ...>
18957 mmap(NULL, 16384, PROT_READ|PROT_WRITE, MAP_PRIVATE|MAP_ANONYMOUS|MAP_NORESERVE, -1, 0 <unfinished ...>
18973 <... mmap resumed>)               = 0x100140000000
18969 <... munmap resumed>)             = 0
18964 mmap(NULL, 16384, PROT_READ|PROT_WRITE, MAP_PRIVATE|MAP_ANONYMOUS|MAP_NORESERVE, -1, 0 <unfinished ...>
18973 munmap(0x100140000000, 16384 <unfinished ...>
18972 <... munmap resumed>)             = 0
18971 <... mmap resumed>)               = 0x100040200000
18969 mmap(NULL, 16384, PROT_READ|PROT_WRITE, MAP_PRIVATE|MAP_ANONYMOUS|MAP_NORESERVE, -1, 0 <unfinished ...>
18968 munmap(0x1000c0200000, 16384 <unfinished ...>
18973 <... munmap resumed>)             = 0
18962 <... munmap resumed>)             = 0
18961 <... munmap resumed>)             = 0
18972 mmap(NULL, 16384, PROT_READ|PROT_WRITE, MAP_PRIVATE|MAP_ANONYMOUS|MAP_NORESERVE, -1, 0 <unfinished ...>
18969 <... mmap resumed>)               = 0x100040000000
18971 munmap(0x100040200000, 16384 <unfinished ...>
18968 <... munmap resumed>)             = 0
18963 <... munmap resumed>)             = 0
18973 mmap(NULL, 16384, PROT_READ|PROT_WRITE, MAP_PRIVATE|MAP_ANONYMOUS|MAP_NORESERVE, -1, 0 <unfinished ...>
18972 <... mmap resumed>)               = 0x1000c0200000
18969 munmap(0x100040000000, 16384 <unfinished ...>
18965 <... munmap resumed>)             = 0
18974 <... mmap resumed>)               = 0x100040200000
18972 munmap(0x1000c0200000, 16384 <unfinished ...>
18971 <... munmap resumed>)             = 0
18968 mmap(NULL, 16384, PROT_READ|PROT_WRITE, MAP_PRIVATE|MAP_ANONYMOUS|MAP_NORESERVE, -1, 0 <unfinished ...>
18963 mmap(NULL, 16384, PROT_READ|PROT_WRITE, MAP_PRIVATE|MAP_ANONYMOUS|MAP_NORESERVE, -1, 0 <unfinished ...>
18962 mmap(NULL, 16384, PROT_READ|PROT_WRITE, MAP_PRIVATE|MAP_ANONYMOUS|MAP_NORESERVE, -1, 0 <unfinished ...>
18961 mmap(NULL, 16384, PROT_READ|PROT_WRITE, MAP_PRIVATE|MAP_ANONYMOUS|MAP_NORESERVE, -1, 0 <unfinished ...>
18974 munmap(0x100040200000, 16384 <unfinished ...>
18971 mmap(NULL, 16384, PROT_READ|PROT_WRITE, MAP_PRIVATE|MAP_ANONYMOUS|MAP_NORESERVE, -1, 0 <unfinished ...>
18970 <... munmap resumed>)             = 0
18969 <... munmap resumed>)             = 0
18968 <... mmap resumed>)               = 0x100040000000
18965 mmap(NULL, 16384, PROT_READ|PROT_WRITE, MAP_PRIVATE|MAP_ANONYMOUS|MAP_NORESERVE, -1, 0 <unfinished ...>
18974 <... munmap resumed>)             = 0
18969 mmap(NULL, 16384, PROT_READ|PROT_WRITE, MAP_PRIVATE|MAP_ANONYMOUS|MAP_NORESERVE, -1, 0 <unfinished ...>
18965 <... mmap resumed>)               = 0x100040200000
18961 <... mmap resumed>)               = 0x100140200000
18958 <... munmap resumed>)             = 0
18974 mmap(NULL, 16384, PROT_READ|PROT_WRITE, MAP_PRIVATE|MAP_ANONYMOUS|MAP_NORESERVE, -1, 0 <unfinished ...>
18971 <... mmap resumed>)               = 0x100100000000
18970 mmap(NULL, 16384, PROT_READ|PROT_WRITE, MAP_PRIVATE|MAP_ANONYMOUS|MAP_NORESERVE, -1, 0 <unfinished ...>
18969 <... mmap resumed>)               = 0x1001c0200000
18968 munmap(0x100040000000, 16384 <unfinished ...>
18966 <... mmap resumed>)               = 0x100180000000
18965 munmap(0x100040200000, 16384 <unfinished ...>
18964 <... mmap resumed>)               = 0x100140000000
18961 munmap(0x100140200000, 16384 <unfinished ...>
18958 mmap(NULL, 16384, PROT_READ|PROT_WRITE, MAP_PRIVATE|MAP_ANONYMOUS|MAP_NORESERVE, -1, 0 <unfinished ...>
18957 <... mmap resumed>)               = 0x100080000000
18974 <... mmap resumed>)               = 0x100000200000
18973 <... mmap resumed>)               = 0x100000000000
18971 munmap(0x100100000000, 16384 <unfinished ...>
18970 <... mmap resumed>)               = 0x1001c0000000
18969 munmap(0x1001c0200000, 16384 <unfinished ...>
18967 <... munmap resumed>)             = 0
18972 <... munmap resumed>)             = 0
18974 munmap(0x100000200000, 16384 <unfinished ...>
18963 <... mmap resumed>)               = 0x1000c0200000
18974 <... munmap resumed>)             = 0
18973 munmap(0x100000000000, 16384 <unfinished ...>
18972 mmap(NULL, 16384, PROT_READ|PROT_WRITE, MAP_PRIVATE|MAP_ANONYMOUS|MAP_NORESERVE, -1, 0 <unfinished ...>
18970 munmap(0x1001c0000000, 16384 <unfinished ...>
18969 <... munmap resumed>)             = 0
18967 mmap(NULL, 16384, PROT_READ|PROT_WRITE, MAP_PRIVATE|MAP_ANONYMOUS|MAP_NORESERVE, -1, 0 <unfinished ...>
18966 munmap(0x100180000000, 16384 <unfinished ...>
18964 munmap(0x100140000000, 16384 <unfinished ...>
18963 munmap(0x1000c0200000, 16384 <unfinished ...>
18962 <... mmap resumed>)               = 0x1001c0200000
18961 <... munmap resumed>)             = 0
18957 munmap(0x100080000000, 16384 <unfinished ...>
18974 mmap(NULL, 16384, PROT_READ|PROT_WRITE, MAP_PRIVATE|MAP_ANONYMOUS|MAP_NORESERVE, -1, 0 <unfinished ...>
18972 <... mmap resumed>)               = 0x100040200000
18970 <... munmap resumed>)             = 0
18969 mmap(NULL, 16384, PROT_READ|PROT_WRITE, MAP_PRIVATE|MAP_ANONYMOUS|MAP_NORESERVE, -1, 0 <unfinished ...>
18968 <... munmap resumed>)             = 0
18967 <... mmap resumed>)               = 0x100040000000
18966 <... munmap resumed>)             = 0
18965 <... munmap resumed>)             = 0
18958 <... mmap resumed>)               = 0x100140200000
18974 <... mmap resumed>)               = 0x1001c0000000
18972 munmap(0x100040200000, 16384 <unfinished ...>
18971 <... munmap resumed>)             = 0
18970 mmap(NULL, 16384, PROT_READ|PROT_WRITE, MAP_PRIVATE|MAP_ANONYMOUS|MAP_NORESERVE, -1, 0 <unfinished ...>
18969 <... mmap resumed>)               = 0x100100000000
18968 mmap(NULL, 16384, PROT_READ|PROT_WRITE, MAP_PRIVATE|MAP_ANONYMOUS|MAP_NORESERVE, -1, 0 <unfinished ...>
18967 munmap(0x100040000000, 16384 <unfinished ...>
18966 mmap(NULL, 16384, PROT_READ|PROT_WRITE, MAP_PRIVATE|MAP_ANONYMOUS|MAP_NORESERVE, -1, 0 <unfinished ...>
18965 mmap(NULL, 16384, PROT_READ|PROT_WRITE, MAP_PRIVATE|MAP_ANONYMOUS|MAP_NORESERVE, -1, 0 <unfinished ...>
18962 munmap(0x1001c0200000, 16384 <unfinished ...>
18961 mmap(NULL, 16384, PROT_READ|PROT_WRITE, MAP_PRIVATE|MAP_ANONYMOUS|MAP_NORESERVE, -1, 0 <unfinished ...>
18958 munmap(0x100140200000, 16384 <unfinished ...>
18971 mmap(NULL, 16384, PROT_READ|PROT_WRITE, MAP_PRIVATE|MAP_ANONYMOUS|MAP_NORESERVE, -1, 0 <unfinished ...>
18970 <... mmap resumed>)               = 0x100080000000
18969 munmap(0x100100000000, 16384 <unfinished ...>
18968 <... mmap resumed>)               = 0x100180000000
18974 munmap(0x1001c0000000, 16384 <unfinished ...>
18957 <... munmap resumed>)             = 0
18973 <... munmap resumed>)             = 0
18972 <... munmap resumed>)             = 0
18970 munmap(0x100080000000, 16384 <unfinished ...>
18968 munmap(0x100180000000, 16384 <unfinished ...>
18957 mmap(NULL, 16384, PROT_READ|PROT_WRITE, MAP_PRIVATE|MAP_ANONYMOUS|MAP_NORESERVE, -1, 0 <unfinished ...>
18964 <... munmap resumed>)             = 0
18963 <... munmap resumed>)             = 0
18973 mmap(NULL, 16384, PROT_READ|PROT_WRITE, MAP_PRIVATE|MAP_ANONYMOUS|MAP_NORESERVE, -1, 0 <unfinished ...>
18972 mmap(NULL, 16384, PROT_READ|PROT_WRITE, MAP_PRIVATE|MAP_ANONYMOUS|MAP_NORESERVE, -1, 0 <unfinished ...>
18973 <... mmap resumed>)               = 0x100140000000
18964 mmap(NULL, 16384, PROT_READ|PROT_WRITE, MAP_PRIVATE|MAP_ANONYMOUS|MAP_NORESERVE, -1, 0 <unfinished ...>
18963 mmap(NULL, 16384, PROT_READ|PROT_WRITE, MAP_PRIVATE|MAP_ANONYMOUS|MAP_NORESERVE, -1, 0 <unfinished ...>
18973 munmap(0x100140000000, 16384 <unfinished ...>
18965 <... mmap resumed>)               = 0x100040000000
18964 <... mmap resumed>)               = 0x1000c0200000
18967 <... munmap resumed>)             = 0
18967 mmap(NULL, 16384, PROT_READ|PROT_WRITE, MAP_PRIVATE|MAP_ANONYMOUS|MAP_NORESERVE, -1, 0 <unfinished ...>
18965 munmap(0x100040000000, 16384 <unfinished ...>
18964 munmap(0x1000c0200000, 16384 <unfinished ...>
18973 <... munmap resumed>)             = 0
18967 <... mmap resumed>)               = 0x100040200000
18957 <... mmap resumed>)               = 0x100140000000
18973 mmap(NULL, 16384, PROT_READ|PROT_WRITE, MAP_PRIVATE|MAP_ANONYMOUS|MAP_NORESERVE, -1, 0 <unfinished ...>
18967 munmap(0x100040200000, 16384)     = 0
18962 <... munmap resumed>)             = 0
18967 mmap(NULL, 16384, PROT_READ|PROT_WRITE, MAP_PRIVATE|MAP_ANONYMOUS|MAP_NORESERVE, -1, 0 <unfinished ...>
18966 <... mmap resumed>)               = 0x1000c0200000
18964 <... munmap resumed>)             = 0
18962 mmap(NULL, 16384, PROT_READ|PROT_WRITE, MAP_PRIVATE|MAP_ANONYMOUS|MAP_NORESERVE, -1, 0 <unfinished ...>
18958 <... munmap resumed>)             = 0
18961 <... mmap resumed>)               = 0x100140200000
18957 munmap(0x100140000000, 16384 <unfinished ...>
18966 munmap(0x1000c0200000, 16384 <unfinished ...>
18964 mmap(NULL, 16384, PROT_READ|PROT_WRITE, MAP_PRIVATE|MAP_ANONYMOUS|MAP_NORESERVE, -1, 0 <unfinished ...>
18958 mmap(NULL, 16384, PROT_READ|PROT_WRITE, MAP_PRIVATE|MAP_ANONYMOUS|MAP_NORESERVE, -1, 0 <unfinished ...>
18974 <... munmap resumed>)             = 0
18971 <... mmap resumed>)               = 0x1001c0000000
18961 munmap(0x100140200000, 16384 <unfinished ...>
18957 <... munmap resumed>)             = 0
18974 mmap(NULL, 16384, PROT_READ|PROT_WRITE, MAP_PRIVATE|MAP_ANONYMOUS|MAP_NORESERVE, -1, 0 <unfinished ...>
18971 munmap(0x1001c0000000, 16384 <unfinished ...>
18970 <... munmap resumed>)             = 0
18969 <... munmap resumed>)             = 0
18968 <... munmap resumed>)             = 0
18966 <... munmap resumed>)             = 0
18964 <... mmap resumed>)               = 0x100100000000
18961 <... munmap resumed>)             = 0
18958 <... mmap resumed>)               = 0x100080000000
18957 mmap(NULL, 16384, PROT_READ|PROT_WRITE, MAP_PRIVATE|MAP_ANONYMOUS|MAP_NORESERVE, -1, 0 <unfinished ...>
18974 <... mmap resumed>)               = 0x1000c0200000
18972 <... mmap resumed>)               = 0x100140200000
18963 <... mmap resumed>)               = 0x100180000000
18974 munmap(0x1000c0200000, 16384 <unfinished ...>
18971 <... munmap resumed>)             = 0
18968 mmap(NULL, 16384, PROT_READ|PROT_WRITE, MAP_PRIVATE|MAP_ANONYMOUS|MAP_NORESERVE, -1, 0 <unfinished ...>
18961 mmap(NULL, 16384, PROT_READ|PROT_WRITE, MAP_PRIVATE|MAP_ANONYMOUS|MAP_NORESERVE, -1, 0 <unfinished ...>
18970 mmap(NULL, 16384, PROT_READ|PROT_WRITE, MAP_PRIVATE|MAP_ANONYMOUS|MAP_NORESERVE, -1, 0 <unfinished ...>
18972 munmap(0x100140200000, 16384 <unfinished ...>
18971 mmap(NULL, 16384, PROT_READ|PROT_WRITE, MAP_PRIVATE|MAP_ANONYMOUS|MAP_NORESERVE, -1, 0 <unfinished ...>
18969 mmap(NULL, 16384, PROT_READ|PROT_WRITE, MAP_PRIVATE|MAP_ANONYMOUS|MAP_NORESERVE, -1, 0 <unfinished ...>
18966 mmap(NULL, 16384, PROT_READ|PROT_WRITE, MAP_PRIVATE|MAP_ANONYMOUS|MAP_NORESERVE, -1, 0 <unfinished ...>
18965 <... munmap resumed>)             = 0
18964 munmap(0x100100000000, 16384 <unfinished ...>
18958 munmap(0x100080000000, 16384 <unfinished ...>
18957 <... mmap resumed>)               = 0x100040000000
18974 <... munmap resumed>)             = 0
18972 <... munmap resumed>)             = 0
18970 <... mmap resumed>)               = 0x1001c0000000
18968 <... mmap resumed>)               = 0x1000c0200000
18965 mmap(NULL, 16384, PROT_READ|PROT_WRITE, MAP_PRIVATE|MAP_ANONYMOUS|MAP_NORESERVE, -1, 0 <unfinished ...>
18963 munmap(0x100180000000, 16384 <unfinished ...>
18961 <... mmap resumed>)               = 0x100140200000
18974 mmap(NULL, 16384, PROT_READ|PROT_WRITE, MAP_PRIVATE|MAP_ANONYMOUS|MAP_NORESERVE, -1, 0 <unfinished ...>
18972 mmap(NULL, 16384, PROT_READ|PROT_WRITE, MAP_PRIVATE|MAP_ANONYMOUS|MAP_NORESERVE, -1, 0 <unfinished ...>
18968 munmap(0x1000c0200000, 16384 <unfinished ...>
18958 <... munmap resumed>)             = 0
18974 <... mmap resumed>)               = 0x100140000000
18972 <... mmap resumed>)               = 0x100040200000
18965 <... mmap resumed>)               = 0x100080000000
18968 <... munmap resumed>)             = 0
18958 mmap(NULL, 16384, PROT_READ|PROT_WRITE, MAP_PRIVATE|MAP_ANONYMOUS|MAP_NORESERVE, -1, 0 <unfinished ...>
18972 munmap(0x100040200000, 16384 <unfinished ...>
18974 munmap(0x100140000000, 16384 <unfinished ...>
18965 munmap(0x100080000000, 16384 <unfinished ...>
18968 mmap(NULL, 16384, PROT_READ|PROT_WRITE, MAP_PRIVATE|MAP_ANONYMOUS|MAP_NORESERVE, -1, 0 <unfinished ...>
18958 <... mmap resumed>)               = 0x1000c0200000
18974 <... munmap resumed>)             = 0
18972 <... munmap resumed>)             = 0
18968 <... mmap resumed>)               = 0x100080000000
18965 <... munmap resumed>)             = 0
18974 mmap(NULL, 16384, PROT_READ|PROT_WRITE, MAP_PRIVATE|MAP_ANONYMOUS|MAP_NORESERVE, -1, 0 <unfinished ...>
18973 <... mmap resumed>)               = 0x100180000000
18972 mmap(NULL, 16384, PROT_READ|PROT_WRITE, MAP_PRIVATE|MAP_ANONYMOUS|MAP_NORESERVE, -1, 0 <unfinished ...>
18971 <... mmap resumed>)               = 0x100140000000
18970 munmap(0x1001c0000000, 16384 <unfinished ...>
18969 <... mmap resumed>)               = 0x100040200000
18968 munmap(0x100080000000, 16384 <unfinished ...>
18967 <... mmap resumed>)               = 0x1001c0200000
18966 <... mmap resumed>)               = 0x100100000000
18965 mmap(NULL, 16384, PROT_READ|PROT_WRITE, MAP_PRIVATE|MAP_ANONYMOUS|MAP_NORESERVE, -1, 0 <unfinished ...>
18964 <... munmap resumed>)             = 0
18963 <... munmap resumed>)             = 0
18961 munmap(0x100140200000, 16384 <unfinished ...>
18958 munmap(0x1000c0200000, 16384 <unfinished ...>
18957 munmap(0x100040000000, 16384 <unfinished ...>
18974 <... mmap resumed>)               = 0x100000000000
18974 munmap(0x100000000000, 16384 <unfinished ...>
18973 munmap(0x100180000000, 16384 <unfinished ...>
18972 <... mmap resumed>)               = 0x1001c0000000
18970 <... munmap resumed>)             = 0
18969 munmap(0x100040200000, 16384 <unfinished ...>
18968 <... munmap resumed>)             = 0
18966 munmap(0x100100000000, 16384 <unfinished ...>
18965 <... mmap resumed>)               = 0x100180200000
18964 mmap(NULL, 16384, PROT_READ|PROT_WRITE, MAP_PRIVATE|MAP_ANONYMOUS|MAP_NORESERVE, -1, 0 <unfinished ...>
18963 mmap(NULL, 16384, PROT_READ|PROT_WRITE, MAP_PRIVATE|MAP_ANONYMOUS|MAP_NORESERVE, -1, 0 <unfinished ...>
18962 <... mmap resumed>)               = 0x100000200000
18961 <... munmap resumed>)             = 0
18958 <... munmap resumed>)             = 0
18972 munmap(0x1001c0000000, 16384 <unfinished ...>
18971 munmap(0x100140000000, 16384 <unfinished ...>
18970 mmap(NULL, 16384, PROT_READ|PROT_WRITE, MAP_PRIVATE|MAP_ANONYMOUS|MAP_NORESERVE, -1, 0 <unfinished ...>
18968 mmap(NULL, 16384, PROT_READ|PROT_WRITE, MAP_PRIVATE|MAP_ANONYMOUS|MAP_NORESERVE, -1, 0 <unfinished ...>
18967 munmap(0x1001c0200000, 16384 <unfinished ...>
18965 munmap(0x100180200000, 16384 <unfinished ...>
18957 <... munmap resumed>)             = 0
18966 <... munmap resumed>)             = 0
18962 munmap(0x100000200000, 16384 <unfinished ...>
18961 mmap(NULL, 16384, PROT_READ|PROT_WRITE, MAP_PRIVATE|MAP_ANONYMOUS|MAP_NORESERVE, -1, 0 <unfinished ...>
18968 <... mmap resumed>)               = 0x100100000000
18958 mmap(NULL, 16384, PROT_READ|PROT_WRITE, MAP_PRIVATE|MAP_ANONYMOUS|MAP_NORESERVE, -1, 0 <unfinished ...>
18966 mmap(NULL, 16384, PROT_READ|PROT_WRITE, MAP_PRIVATE|MAP_ANONYMOUS|MAP_NORESERVE, -1, 0 <unfinished ...>
18974 <... munmap resumed>)             = 0
18968 munmap(0x100100000000, 16384 <unfinished ...>
18962 <... munmap resumed>)             = 0
18961 <... mmap resumed>)               = 0x100000000000
18957 mmap(NULL, 16384, PROT_READ|PROT_WRITE, MAP_PRIVATE|MAP_ANONYMOUS|MAP_NORESERVE, -1, 0 <unfinished ...>
18974 mmap(NULL, 16384, PROT_READ|PROT_WRITE, MAP_PRIVATE|MAP_ANONYMOUS|MAP_NORESERVE, -1, 0 <unfinished ...>
18963 <... mmap resumed>)               = 0x100180000000
18962 mmap(NULL, 16384, PROT_READ|PROT_WRITE, MAP_PRIVATE|MAP_ANONYMOUS|MAP_NORESERVE, -1, 0 <unfinished ...>
18974 <... mmap resumed>)               = 0x100040000000
18973 <... munmap resumed>)             = 0
18971 <... munmap resumed>)             = 0
18964 <... mmap resumed>)               = 0x100000200000
18962 <... mmap resumed>)               = 0x100140200000
18961 munmap(0x100000000000, 16384 <unfinished ...>
18957 <... mmap resumed>)               = 0x100140000000
18974 munmap(0x100040000000, 16384 <unfinished ...>
18973 mmap(NULL, 16384, PROT_READ|PROT_WRITE, MAP_PRIVATE|MAP_ANONYMOUS|MAP_NORESERVE, -1, 0 <unfinished ...>
18971 mmap(NULL, 16384, PROT_READ|PROT_WRITE, MAP_PRIVATE|MAP_ANONYMOUS|MAP_NORESERVE, -1, 0 <unfinished ...>
18970 <... mmap resumed>)               = 0x1000c0200000
18969 <... munmap resumed>)             = 0
18963 munmap(0x100180000000, 16384 <unfinished ...>
18962 munmap(0x100140200000, 16384 <unfinished ...>
18961 <... munmap resumed>)             = 0
18957 munmap(0x100140000000, 16384 <unfinished ...>
18974 <... munmap resumed>)             = 0
18973 <... mmap resumed>)               = 0x1001c0200000
18970 munmap(0x1000c0200000, 16384 <unfinished ...>
18969 mmap(NULL, 16384, PROT_READ|PROT_WRITE, MAP_PRIVATE|MAP_ANONYMOUS|MAP_NORESERVE, -1, 0 <unfinished ...>
18967 <... munmap resumed>)             = 0
18964 munmap(0x100000200000, 16384 <unfinished ...>
18961 mmap(NULL, 16384, PROT_READ|PROT_WRITE, MAP_PRIVATE|MAP_ANONYMOUS|MAP_NORESERVE, -1, 0 <unfinished ...>
18958 <... mmap resumed>)               = 0x100000000000
18974 mmap(NULL, 16384, PROT_READ|PROT_WRITE, MAP_PRIVATE|MAP_ANONYMOUS|MAP_NORESERVE, -1, 0 <unfinished ...>
18972 <... munmap resumed>)             = 0
18967 mmap(NULL, 16384, PROT_READ|PROT_WRITE, MAP_PRIVATE|MAP_ANONYMOUS|MAP_NORESERVE, -1, 0 <unfinished ...>
18966 <... mmap resumed>)               = 0x100140000000
18973 munmap(0x1001c0200000, 16384 <unfinished ...>
18972 mmap(NULL, 16384, PROT_READ|PROT_WRITE, MAP_PRIVATE|MAP_ANONYMOUS|MAP_NORESERVE, -1, 0 <unfinished ...>
18967 <... mmap resumed>)               = 0x100180200000
18958 munmap(0x100000000000, 16384 <unfinished ...>
18965 <... munmap resumed>)             = 0
18957 <... munmap resumed>)             = 0
18957 mmap(NULL, 16384, PROT_READ|PROT_WRITE, MAP_PRIVATE|MAP_ANONYMOUS|MAP_NORESERVE, -1, 0 <unfinished ...>
18973 <... munmap resumed>)             = 0
18968 <... munmap resumed>)             = 0
18967 munmap(0x100180200000, 16384 <unfinished ...>
18966 munmap(0x100140000000, 16384 <unfinished ...>
18965 mmap(NULL, 16384, PROT_READ|PROT_WRITE, MAP_PRIVATE|MAP_ANONYMOUS|MAP_NORESERVE, -1, 0 <unfinished ...>
18958 <... munmap resumed>)             = 0
18968 mmap(NULL, 16384, PROT_READ|PROT_WRITE, MAP_PRIVATE|MAP_ANONYMOUS|MAP_NORESERVE, -1, 0 <unfinished ...>
18965 <... mmap resumed>)               = 0x100180000000
18963 <... munmap resumed>)             = 0
18958 mmap(NULL, 16384, PROT_READ|PROT_WRITE, MAP_PRIVATE|MAP_ANONYMOUS|MAP_NORESERVE, -1, 0 <unfinished ...>
18967 <... munmap resumed>)             = 0
18973 mmap(NULL, 16384, PROT_READ|PROT_WRITE, MAP_PRIVATE|MAP_ANONYMOUS|MAP_NORESERVE, -1, 0 <unfinished ...>
18971 <... mmap resumed>)               = 0x100140000000
18968 <... mmap resumed>)               = 0x100140200000
18966 <... munmap resumed>)             = 0
18965 munmap(0x100180000000, 16384 <unfinished ...>
18963 mmap(NULL, 16384, PROT_READ|PROT_WRITE, MAP_PRIVATE|MAP_ANONYMOUS|MAP_NORESERVE, -1, 0 <unfinished ...>
18962 <... munmap resumed>)             = 0
18958 <... mmap resumed>)               = 0x100180200000
18973 <... mmap resumed>)               = 0x100000000000
18969 <... mmap resumed>)               = 0x100100000000
18968 munmap(0x100140200000, 16384 <unfinished ...>
18967 mmap(NULL, 16384, PROT_READ|PROT_WRITE, MAP_PRIVATE|MAP_ANONYMOUS|MAP_NORESERVE, -1, 0 <unfinished ...>
18966 mmap(NULL, 16384, PROT_READ|PROT_WRITE, MAP_PRIVATE|MAP_ANONYMOUS|MAP_NORESERVE, -1, 0 <unfinished ...>
18973 munmap(0x100000000000, 16384 <unfinished ...>
18971 munmap(0x100140000000, 16384 <unfinished ...>
18964 <... munmap resumed>)             = 0
18962 mmap(NULL, 16384, PROT_READ|PROT_WRITE, MAP_PRIVATE|MAP_ANONYMOUS|MAP_NORESERVE, -1, 0 <unfinished ...>
18958 munmap(0x100180200000, 16384 <unfinished ...>
18969 munmap(0x100100000000, 16384 <unfinished ...>
18974 <... mmap resumed>)               = 0x100000200000
18964 mmap(NULL, 16384, PROT_READ|PROT_WRITE, MAP_PRIVATE|MAP_ANONYMOUS|MAP_NORESERVE, -1, 0 <unfinished ...>
18974 munmap(0x100000200000, 16384 <unfinished ...>
18970 <... munmap resumed>)             = 0
18958 <... munmap resumed>)             = 0
18970 mmap(NULL, 16384, PROT_READ|PROT_WRITE, MAP_PRIVATE|MAP_ANONYMOUS|MAP_NORESERVE, -1, 0 <unfinished ...>
18961 <... mmap resumed>)               = 0x100180200000
18974 <... munmap resumed>)             = 0
18970 <... mmap resumed>)               = 0x100000200000
18958 mmap(NULL, 16384, PROT_READ|PROT_WRITE, MAP_PRIVATE|MAP_ANONYMOUS|MAP_NORESERVE, -1, 0 <unfinished ...>
18957 <... mmap resumed>)               = 0x1000c0200000
18970 munmap(0x100000200000, 16384 <unfinished ...>
18974 mmap(NULL, 16384, PROT_READ|PROT_WRITE, MAP_PRIVATE|MAP_ANONYMOUS|MAP_NORESERVE, -1, 0 <unfinished ...>
18972 <... mmap resumed>)               = 0x100000200000
18970 <... munmap resumed>)             = 0
18961 munmap(0x100180200000, 16384 <unfinished ...>
18957 munmap(0x1000c0200000, 16384 <unfinished ...>
18965 <... munmap resumed>)             = 0
18965 mmap(NULL, 16384, PROT_READ|PROT_WRITE, MAP_PRIVATE|MAP_ANONYMOUS|MAP_NORESERVE, -1, 0 <unfinished ...>
18972 munmap(0x100000200000, 16384 <unfinished ...>
18970 mmap(NULL, 16384, PROT_READ|PROT_WRITE, MAP_PRIVATE|MAP_ANONYMOUS|MAP_NORESERVE, -1, 0 <unfinished ...>
18963 <... mmap resumed>)               = 0x100180000000
18961 <... munmap resumed>)             = 0
18961 mmap(NULL, 16384, PROT_READ|PROT_WRITE, MAP_PRIVATE|MAP_ANONYMOUS|MAP_NORESERVE, -1, 0 <unfinished ...>
18957 <... munmap resumed>)             = 0
18972 <... munmap resumed>)             = 0
18972 mmap(NULL, 16384, PROT_READ|PROT_WRITE, MAP_PRIVATE|MAP_ANONYMOUS|MAP_NORESERVE, -1, 0 <unfinished ...>
18968 <... munmap resumed>)             = 0
18963 munmap(0x100180000000, 16384 <unfinished ...>
18957 mmap(NULL, 16384, PROT_READ|PROT_WRITE, MAP_PRIVATE|MAP_ANONYMOUS|MAP_NORESERVE, -1, 0 <unfinished ...>
18973 <... munmap resumed>)             = 0
18972 <... mmap resumed>)               = 0x100000000000
18966 <... mmap resumed>)               = 0x100140200000
18973 mmap(NULL, 16384, PROT_READ|PROT_WRITE, MAP_PRIVATE|MAP_ANONYMOUS|MAP_NORESERVE, -1, 0 <unfinished ...>
18967 <... mmap resumed>)               = 0x1000c0200000
18962 <... mmap resumed>)               = 0x100000200000
18957 <... mmap resumed>)               = 0x100180200000
18972 munmap(0x100000000000, 16384 <unfinished ...>
18968 mmap(NULL, 16384, PROT_READ|PROT_WRITE, MAP_PRIVATE|MAP_ANONYMOUS|MAP_NORESERVE, -1, 0 <unfinished ...>
18966 munmap(0x100140200000, 16384 <unfinished ...>
18963 <... munmap resumed>)             = 0
18969 <... munmap resumed>)             = 0
18962 munmap(0x100000200000, 16384 <unfinished ...>
18972 <... munmap resumed>)             = 0
18969 mmap(NULL, 16384, PROT_READ|PROT_WRITE, MAP_PRIVATE|MAP_ANONYMOUS|MAP_NORESERVE, -1, 0 <unfinished ...>
18968 <... mmap resumed>)               = 0x100000000000
18967 munmap(0x1000c0200000, 16384 <unfinished ...>
18963 mmap(NULL, 16384, PROT_READ|PROT_WRITE, MAP_PRIVATE|MAP_ANONYMOUS|MAP_NORESERVE, -1, 0 <unfinished ...>
18971 <... munmap resumed>)             = 0
18969 <... mmap resumed>)               = 0x100140000000
18966 <... munmap resumed>)             = 0
18963 <... mmap resumed>)               = 0x100140200000
18962 <... munmap resumed>)             = 0
18957 munmap(0x100180200000, 16384 <unfinished ...>
18972 mmap(NULL, 16384, PROT_READ|PROT_WRITE, MAP_PRIVATE|MAP_ANONYMOUS|MAP_NORESERVE, -1, 0 <unfinished ...>
18971 mmap(NULL, 16384, PROT_READ|PROT_WRITE, MAP_PRIVATE|MAP_ANONYMOUS|MAP_NORESERVE, -1, 0 <unfinished ...>
18969 munmap(0x100140000000, 16384 <unfinished ...>
18966 mmap(NULL, 16384, PROT_READ|PROT_WRITE, MAP_PRIVATE|MAP_ANONYMOUS|MAP_NORESERVE, -1, 0 <unfinished ...>
18968 munmap(0x100000000000, 16384 <unfinished ...>
18967 <... munmap resumed>)             = 0
18964 <... mmap resumed>)               = 0x1000c0200000
18963 munmap(0x100140200000, 16384 <unfinished ...>
18962 mmap(NULL, 16384, PROT_READ|PROT_WRITE, MAP_PRIVATE|MAP_ANONYMOUS|MAP_NORESERVE, -1, 0 <unfinished ...>
18971 <... mmap resumed>)               = 0x100100000000
18958 <... mmap resumed>)               = 0x100000200000
18974 <... mmap resumed>)               = 0x100000000000
18971 munmap(0x100100000000, 16384 <unfinished ...>
18968 <... munmap resumed>)             = 0
18964 munmap(0x1000c0200000, 16384 <unfinished ...>
18974 munmap(0x100000000000, 16384 <unfinished ...>
18970 <... mmap resumed>)               = 0x1001c0000000
18968 mmap(NULL, 16384, PROT_READ|PROT_WRITE, MAP_PRIVATE|MAP_ANONYMOUS|MAP_NORESERVE, -1, 0 <unfinished ...>
18967 mmap(NULL, 16384, PROT_READ|PROT_WRITE, MAP_PRIVATE|MAP_ANONYMOUS|MAP_NORESERVE, -1, 0 <unfinished ...>
18965 <... mmap resumed>)               = 0x100180000000
18962 <... mmap resumed>)               = 0x1001c0200000
18958 munmap(0x100000200000, 16384 <unfinished ...>
18974 <... munmap resumed>)             = 0
18971 <... munmap resumed>)             = 0
18970 munmap(0x1001c0000000, 16384 <unfinished ...>
18968 <... mmap resumed>)               = 0x100000000000
18964 <... munmap resumed>)             = 0
18974 mmap(NULL, 16384, PROT_READ|PROT_WRITE, MAP_PRIVATE|MAP_ANONYMOUS|MAP_NORESERVE, -1, 0 <unfinished ...>
18961 <... mmap resumed>)               = 0x1000c0200000
18968 munmap(0x100000000000, 16384 <unfinished ...>
18964 mmap(NULL, 16384, PROT_READ|PROT_WRITE, MAP_PRIVATE|MAP_ANONYMOUS|MAP_NORESERVE, -1, 0 <unfinished ...>
18961 munmap(0x1000c0200000, 16384 <unfinished ...>
18971 mmap(NULL, 16384, PROT_READ|PROT_WRITE, MAP_PRIVATE|MAP_ANONYMOUS|MAP_NORESERVE, -1, 0 <unfinished ...>
18965 munmap(0x100180000000, 16384 <unfinished ...>
18962 munmap(0x1001c0200000, 16384 <unfinished ...>
18973 <... mmap resumed>)               = 0x100000200000
18958 <... munmap resumed>)             = 0
18965 <... munmap resumed>)             = 0
18973 munmap(0x100000200000, 16384 <unfinished ...>
18965 mmap(NULL, 16384, PROT_READ|PROT_WRITE, MAP_PRIVATE|MAP_ANONYMOUS|MAP_NORESERVE, -1, 0 <unfinished ...>
18958 mmap(NULL, 16384, PROT_READ|PROT_WRITE, MAP_PRIVATE|MAP_ANONYMOUS|MAP_NORESERVE, -1, 0 <unfinished ...>
18957 <... munmap resumed>)             = 0
18958 <... mmap resumed>)               = 0x100180200000
18972 <... mmap resumed>)               = 0x100180000000
18958 munmap(0x100180200000, 16384 <unfinished ...>
18957 mmap(NULL, 16384, PROT_READ|PROT_WRITE, MAP_PRIVATE|MAP_ANONYMOUS|MAP_NORESERVE, -1, 0 <unfinished ...>
18972 munmap(0x100180000000, 16384 <unfinished ...>
18966 <... mmap resumed>)               = 0x100100000000
18958 <... munmap resumed>)             = 0
18969 <... munmap resumed>)             = 0
18966 munmap(0x100100000000, 16384 <unfinished ...>
18957 <... mmap resumed>)               = 0x100140000000
18969 mmap(NULL, 16384, PROT_READ|PROT_WRITE, MAP_PRIVATE|MAP_ANONYMOUS|MAP_NORESERVE, -1, 0 <unfinished ...>
18966 <... munmap resumed>)             = 0
18958 mmap(NULL, 16384, PROT_READ|PROT_WRITE, MAP_PRIVATE|MAP_ANONYMOUS|MAP_NORESERVE, -1, 0 <unfinished ...>
18974 <... mmap resumed>)               = 0x100100000000
18957 munmap(0x100140000000, 16384 <unfinished ...>
18963 <... munmap resumed>)             = 0
18968 <... munmap resumed>)             = 0
18968 mmap(NULL, 16384, PROT_READ|PROT_WRITE, MAP_PRIVATE|MAP_ANONYMOUS|MAP_NORESERVE, -1, 0 <unfinished ...>
18974 munmap(0x100100000000, 16384 <unfinished ...>
18966 mmap(NULL, 16384, PROT_READ|PROT_WRITE, MAP_PRIVATE|MAP_ANONYMOUS|MAP_NORESERVE, -1, 0 <unfinished ...>
18963 mmap(NULL, 16384, PROT_READ|PROT_WRITE, MAP_PRIVATE|MAP_ANONYMOUS|MAP_NORESERVE, -1, 0 <unfinished ...>
18974 <... munmap resumed>)             = 0
18957 <... munmap resumed>)             = 0
18974 mmap(NULL, 16384, PROT_READ|PROT_WRITE, MAP_PRIVATE|MAP_ANONYMOUS|MAP_NORESERVE, -1, 0 <unfinished ...>
18970 <... munmap resumed>)             = 0
18967 <... mmap resumed>)               = 0x100100000000
18957 mmap(NULL, 16384, PROT_READ|PROT_WRITE, MAP_PRIVATE|MAP_ANONYMOUS|MAP_NORESERVE, -1, 0 <unfinished ...>
18974 <... mmap resumed>)               = 0x1001c0000000
18974 munmap(0x1001c0000000, 16384 <unfinished ...>
18970 mmap(NULL, 16384, PROT_READ|PROT_WRITE, MAP_PRIVATE|MAP_ANONYMOUS|MAP_NORESERVE, -1, 0 <unfinished ...>
18967 munmap(0x100100000000, 16384 <unfinished ...>
18964 <... mmap resumed>)               = 0x100000000000
18957 <... mmap resumed>)               = 0x100140000000
18974 <... munmap resumed>)             = 0
18962 <... munmap resumed>)             = 0
18974 mmap(NULL, 16384, PROT_READ|PROT_WRITE, MAP_PRIVATE|MAP_ANONYMOUS|MAP_NORESERVE, -1, 0 <unfinished ...>
18970 <... mmap resumed>)               = 0x1000c0200000
18967 <... munmap resumed>)             = 0
18964 munmap(0x100000000000, 16384 <unfinished ...>
18962 mmap(NULL, 16384, PROT_READ|PROT_WRITE, MAP_PRIVATE|MAP_ANONYMOUS|MAP_NORESERVE, -1, 0 <unfinished ...>
18961 <... munmap resumed>)             = 0
18957 munmap(0x100140000000, 16384 <unfinished ...>
18971 <... mmap resumed>)               = 0x100100000000
18971 munmap(0x100100000000, 16384 <unfinished ...>
18970 munmap(0x1000c0200000, 16384 <unfinished ...>
18961 mmap(NULL, 16384, PROT_READ|PROT_WRITE, MAP_PRIVATE|MAP_ANONYMOUS|MAP_NORESERVE, -1, 0 <unfinished ...>
18967 mmap(NULL, 16384, PROT_READ|PROT_WRITE, MAP_PRIVATE|MAP_ANONYMOUS|MAP_NORESERVE, -1, 0 <unfinished ...>
18973 <... munmap resumed>)             = 0
18970 <... munmap resumed>)             = 0
18967 <... mmap resumed>)               = 0x1000c0200000
18965 <... mmap resumed>)               = 0x100000000000
18964 <... munmap resumed>)             = 0
18973 mmap(NULL, 16384, PROT_READ|PROT_WRITE, MAP_PRIVATE|MAP_ANONYMOUS|MAP_NORESERVE, -1, 0 <unfinished ...>
18972 <... munmap resumed>)             = 0
18970 mmap(NULL, 16384, PROT_READ|PROT_WRITE, MAP_PRIVATE|MAP_ANONYMOUS|MAP_NORESERVE, -1, 0 <unfinished ...>
18969 <... mmap resumed>)               = 0x100180000000
18967 munmap(0x1000c0200000, 16384 <unfinished ...>
18965 munmap(0x100000000000, 16384 <unfinished ...>
18964 mmap(NULL, 16384, PROT_READ|PROT_WRITE, MAP_PRIVATE|MAP_ANONYMOUS|MAP_NORESERVE, -1, 0 <unfinished ...>
18958 <... mmap resumed>)               = 0x100000200000
18973 <... mmap resumed>)               = 0x1001c0000000
18972 mmap(NULL, 16384, PROT_READ|PROT_WRITE, MAP_PRIVATE|MAP_ANONYMOUS|MAP_NORESERVE, -1, 0 <unfinished ...>
18970 <... mmap resumed>)               = 0x100180200000
18969 munmap(0x100180000000, 16384 <unfinished ...>
18968 <... mmap resumed>)               = 0x1001c0200000
18963 <... mmap resumed>)               = 0x100140200000
18973 munmap(0x1001c0000000, 16384 <unfinished ...>
18972 <... mmap resumed>)               = 0x100040200000
18967 <... munmap resumed>)             = 0
18966 <... mmap resumed>)               = 0x100040000000
18958 munmap(0x100000200000, 16384 <unfinished ...>
18974 <... mmap resumed>)               = 0x1000c0200000
18970 munmap(0x100180200000, 16384 <unfinished ...>
18969 <... munmap resumed>)             = 0
18968 munmap(0x1001c0200000, 16384 <unfinished ...>
18974 munmap(0x1000c0200000, 16384 <unfinished ...>
18972 munmap(0x100040200000, 16384 <unfinished ...>
18969 mmap(NULL, 16384, PROT_READ|PROT_WRITE, MAP_PRIVATE|MAP_ANONYMOUS|MAP_NORESERVE, -1, 0 <unfinished ...>
18967 mmap(NULL, 16384, PROT_READ|PROT_WRITE, MAP_PRIVATE|MAP_ANONYMOUS|MAP_NORESERVE, -1, 0 <unfinished ...>
18966 munmap(0x100040000000, 16384 <unfinished ...>
18963 munmap(0x100140200000, 16384 <unfinished ...>
18973 <... munmap resumed>)             = 0
18973 mmap(NULL, 16384, PROT_READ|PROT_WRITE, MAP_PRIVATE|MAP_ANONYMOUS|MAP_NORESERVE, -1, 0 <unfinished ...>
18970 <... munmap resumed>)             = 0
18968 <... munmap resumed>)             = 0
18963 <... munmap resumed>)             = 0
18962 <... mmap resumed>)               = 0x100140200000
18957 <... munmap resumed>)             = 0
18963 mmap(NULL, 16384, PROT_READ|PROT_WRITE, MAP_PRIVATE|MAP_ANONYMOUS|MAP_NORESERVE, -1, 0 <unfinished ...>
18962 munmap(0x100140200000, 16384 <unfinished ...>
18957 mmap(NULL, 16384, PROT_READ|PROT_WRITE, MAP_PRIVATE|MAP_ANONYMOUS|MAP_NORESERVE, -1, 0 <unfinished ...>
18971 <... munmap resumed>)             = 0
18970 mmap(NULL, 16384, PROT_READ|PROT_WRITE, MAP_PRIVATE|MAP_ANONYMOUS|MAP_NORESERVE, -1, 0 <unfinished ...>
18968 mmap(NULL, 16384, PROT_READ|PROT_WRITE, MAP_PRIVATE|MAP_ANONYMOUS|MAP_NORESERVE, -1, 0 <unfinished ...>
18965 <... munmap resumed>)             = 0
18964 <... mmap resumed>)               = 0x100000000000
18962 <... munmap resumed>)             = 0
18961 <... mmap resumed>)               = 0x100140200000
18971 mmap(NULL, 16384, PROT_READ|PROT_WRITE, MAP_PRIVATE|MAP_ANONYMOUS|MAP_NORESERVE, -1, 0 <unfinished ...>
18965 mmap(NULL, 16384, PROT_READ|PROT_WRITE, MAP_PRIVATE|MAP_ANONYMOUS|MAP_NORESERVE, -1, 0 <unfinished ...>
18962 mmap(NULL, 16384, PROT_READ|PROT_WRITE, MAP_PRIVATE|MAP_ANONYMOUS|MAP_NORESERVE, -1, 0 <unfinished ...>
18958 <... munmap resumed>)             = 0
18961 munmap(0x100140200000, 16384 <unfinished ...>
18974 <... munmap resumed>)             = 0
18971 <... mmap resumed>)               = 0x1000c0200000
18965 <... mmap resumed>)               = 0x100000200000
18964 munmap(0x100000000000, 16384 <unfinished ...>
18958 mmap(NULL, 16384, PROT_READ|PROT_WRITE, MAP_PRIVATE|MAP_ANONYMOUS|MAP_NORESERVE, -1, 0 <unfinished ...>
18974 mmap(NULL, 16384, PROT_READ|PROT_WRITE, MAP_PRIVATE|MAP_ANONYMOUS|MAP_NORESERVE, -1, 0 <unfinished ...>
18969 <... mmap resumed>)               = 0x100140200000
18961 <... munmap resumed>)             = 0
18972 <... munmap resumed>)             = 0
18971 munmap(0x1000c0200000, 16384 <unfinished ...>
18974 <... mmap resumed>)               = 0x100040200000
18972 mmap(NULL, 16384, PROT_READ|PROT_WRITE, MAP_PRIVATE|MAP_ANONYMOUS|MAP_NORESERVE, -1, 0 <unfinished ...>
18974 munmap(0x100040200000, 16384 <unfinished ...>
18969 munmap(0x100140200000, 16384 <unfinished ...>
18965 munmap(0x100000200000, 16384 <unfinished ...>
18961 mmap(NULL, 16384, PROT_READ|PROT_WRITE, MAP_PRIVATE|MAP_ANONYMOUS|MAP_NORESERVE, -1, 0 <unfinished ...>
18973 <... mmap resumed>)               = 0x1000c0200000
18971 <... munmap resumed>)             = 0
18969 <... munmap resumed>)             = 0
18967 <... mmap resumed>)               = 0x100040000000
18966 <... munmap resumed>)             = 0
18963 <... mmap resumed>)               = 0x100100000000
18957 <... mmap resumed>)               = 0x100140000000
18971 mmap(NULL, 16384, PROT_READ|PROT_WRITE, MAP_PRIVATE|MAP_ANONYMOUS|MAP_NORESERVE, -1, 0 <unfinished ...>
18970 <... mmap resumed>)               = 0x100000200000
18965 <... munmap resumed>)             = 0
18961 <... mmap resumed>)               = 0x100140200000
18966 mmap(NULL, 16384, PROT_READ|PROT_WRITE, MAP_PRIVATE|MAP_ANONYMOUS|MAP_NORESERVE, -1, 0 <unfinished ...>
18973 munmap(0x1000c0200000, 16384 <unfinished ...>
18971 <... mmap resumed>)               = 0x1001c0200000
18970 munmap(0x100000200000, 16384 <unfinished ...>
18969 mmap(NULL, 16384, PROT_READ|PROT_WRITE, MAP_PRIVATE|MAP_ANONYMOUS|MAP_NORESERVE, -1, 0 <unfinished ...>
18966 <... mmap resumed>)               = 0x100180200000
18965 mmap(NULL, 16384, PROT_READ|PROT_WRITE, MAP_PRIVATE|MAP_ANONYMOUS|MAP_NORESERVE, -1, 0 <unfinished ...>
18963 munmap(0x100100000000, 16384 <unfinished ...>
18973 <... munmap resumed>)             = 0
18967 munmap(0x100040000000, 16384 <unfinished ...>
18961 munmap(0x100140200000, 16384 <unfinished ...>
18957 munmap(0x100140000000, 16384 <unfinished ...>
18973 mmap(NULL, 16384, PROT_READ|PROT_WRITE, MAP_PRIVATE|MAP_ANONYMOUS|MAP_NORESERVE, -1, 0 <unfinished ...>
18971 munmap(0x1001c0200000, 16384 <unfinished ...>
18970 <... munmap resumed>)             = 0
18966 munmap(0x100180200000, 16384 <unfinished ...>
18963 <... munmap resumed>)             = 0
18970 mmap(NULL, 16384, PROT_READ|PROT_WRITE, MAP_PRIVATE|MAP_ANONYMOUS|MAP_NORESERVE, -1, 0 <unfinished ...>
18963 mmap(NULL, 16384, PROT_READ|PROT_WRITE, MAP_PRIVATE|MAP_ANONYMOUS|MAP_NORESERVE, -1, 0 <unfinished ...>
18973 <... mmap resumed>)               = 0x100000200000
18968 <... mmap resumed>)               = 0x100100000000
18966 <... munmap resumed>)             = 0
18962 <... mmap resumed>)               = 0x100180200000
18973 munmap(0x100000200000, 16384 <unfinished ...>
18970 <... mmap resumed>)               = 0x1001c0000000
18968 munmap(0x100100000000, 16384 <unfinished ...>
18966 mmap(NULL, 16384, PROT_READ|PROT_WRITE, MAP_PRIVATE|MAP_ANONYMOUS|MAP_NORESERVE, -1, 0 <unfinished ...>
18963 <... mmap resumed>)               = 0x1000c0200000
18962 munmap(0x100180200000, 16384 <unfinished ...>
18970 munmap(0x1001c0000000, 16384 <unfinished ...>
18964 <... munmap resumed>)             = 0
18958 <... mmap resumed>)               = 0x100000000000
18973 <... munmap resumed>)             = 0
18964 mmap(NULL, 16384, PROT_READ|PROT_WRITE, MAP_PRIVATE|MAP_ANONYMOUS|MAP_NORESERVE, -1, 0 <unfinished ...>
18963 munmap(0x1000c0200000, 16384 <unfinished ...>
18973 mmap(NULL, 16384, PROT_READ|PROT_WRITE, MAP_PRIVATE|MAP_ANONYMOUS|MAP_NORESERVE, -1, 0 <unfinished ...>
18958 munmap(0x100000000000, 16384 <unfinished ...>
18974 <... munmap resumed>)             = 0
18973 <... mmap resumed>)               = 0x100180000000
18972 <... mmap resumed>)               = 0x100040200000
18964 <... mmap resumed>)               = 0x100000200000
18974 mmap(NULL, 16384, PROT_READ|PROT_WRITE, MAP_PRIVATE|MAP_ANONYMOUS|MAP_NORESERVE, -1, 0 <unfinished ...>
18973 munmap(0x100180000000, 16384 <unfinished ...>
18972 munmap(0x100040200000, 16384 <unfinished ...>
18964 munmap(0x100000200000, 16384 <unfinished ...>
18963 <... munmap resumed>)             = 0
18969 <... mmap resumed>)               = 0x100000000000
18958 <... munmap resumed>)             = 0
18957 <... munmap resumed>)             = 0
18969 munmap(0x100000000000, 16384 <unfinished ...>
18963 mmap(NULL, 16384, PROT_READ|PROT_WRITE, MAP_PRIVATE|MAP_ANONYMOUS|MAP_NORESERVE, -1, 0 <unfinished ...>
18972 <... munmap resumed>)             = 0
18958 mmap(NULL, 16384, PROT_READ|PROT_WRITE, MAP_PRIVATE|MAP_ANONYMOUS|MAP_NORESERVE, -1, 0 <unfinished ...>
18957 mmap(NULL, 16384, PROT_READ|PROT_WRITE, MAP_PRIVATE|MAP_ANONYMOUS|MAP_NORESERVE, -1, 0 <unfinished ...>
18972 mmap(NULL, 16384, PROT_READ|PROT_WRITE, MAP_PRIVATE|MAP_ANONYMOUS|MAP_NORESERVE, -1, 0 <unfinished ...>
18969 <... munmap resumed>)             = 0
18965 <... mmap resumed>)               = 0x100040000000
18958 <... mmap resumed>)               = 0x100000000000
18967 <... munmap resumed>)             = 0
18957 <... mmap resumed>)               = 0x100040200000
18969 mmap(NULL, 16384, PROT_READ|PROT_WRITE, MAP_PRIVATE|MAP_ANONYMOUS|MAP_NORESERVE, -1, 0 <unfinished ...>
18961 <... munmap resumed>)             = 0
18967 mmap(NULL, 16384, PROT_READ|PROT_WRITE, MAP_PRIVATE|MAP_ANONYMOUS|MAP_NORESERVE, -1, 0 <unfinished ...>
18965 munmap(0x100040000000, 16384 <unfinished ...>
18958 munmap(0x100000000000, 16384 <unfinished ...>
18971 <... munmap resumed>)             = 0
18969 <... mmap resumed>)               = 0x1001c0200000
18961 mmap(NULL, 16384, PROT_READ|PROT_WRITE, MAP_PRIVATE|MAP_ANONYMOUS|MAP_NORESERVE, -1, 0 <unfinished ...>
18957 munmap(0x100040200000, 16384 <unfinished ...>
18971 mmap(NULL, 16384, PROT_READ|PROT_WRITE, MAP_PRIVATE|MAP_ANONYMOUS|MAP_NORESERVE, -1, 0 <unfinished ...>
18968 <... munmap resumed>)             = 0
18965 <... munmap resumed>)             = 0
18969 munmap(0x1001c0200000, 16384 <unfinished ...>
18966 <... mmap resumed>)               = 0x100040000000
18962 <... munmap resumed>)             = 0
18961 <... mmap resumed>)               = 0x100100000000
18957 <... munmap resumed>)             = 0
18971 <... mmap resumed>)               = 0x100040200000
18968 mmap(NULL, 16384, PROT_READ|PROT_WRITE, MAP_PRIVATE|MAP_ANONYMOUS|MAP_NORESERVE, -1, 0 <unfinished ...>
18966 munmap(0x100040000000, 16384 <unfinished ...>
18965 mmap(NULL, 16384, PROT_READ|PROT_WRITE, MAP_PRIVATE|MAP_ANONYMOUS|MAP_NORESERVE, -1, 0 <unfinished ...>
18962 mmap(NULL, 16384, PROT_READ|PROT_WRITE, MAP_PRIVATE|MAP_ANONYMOUS|MAP_NORESERVE, -1, 0 <unfinished ...>
18974 <... mmap resumed>)               = 0x1001c0000000
18973 <... munmap resumed>)             = 0
18971 munmap(0x100040200000, 16384 <unfinished ...>
18970 <... munmap resumed>)             = 0
18961 munmap(0x100100000000, 16384 <unfinished ...>
18957 mmap(NULL, 16384, PROT_READ|PROT_WRITE, MAP_PRIVATE|MAP_ANONYMOUS|MAP_NORESERVE, -1, 0 <unfinished ...>
18974 munmap(0x1001c0000000, 16384 <unfinished ...>
18973 mmap(NULL, 16384, PROT_READ|PROT_WRITE, MAP_PRIVATE|MAP_ANONYMOUS|MAP_NORESERVE, -1, 0 <unfinished ...>
18970 mmap(NULL, 16384, PROT_READ|PROT_WRITE, MAP_PRIVATE|MAP_ANONYMOUS|MAP_NORESERVE, -1, 0 <unfinished ...>
18966 <... munmap resumed>)             = 0
18964 <... munmap resumed>)             = 0
18962 <... mmap resumed>)               = 0x100000200000
18972 <... mmap resumed>)               = 0x100180000000
18966 mmap(NULL, 16384, PROT_READ|PROT_WRITE, MAP_PRIVATE|MAP_ANONYMOUS|MAP_NORESERVE, -1, 0 <unfinished ...>
18964 mmap(NULL, 16384, PROT_READ|PROT_WRITE, MAP_PRIVATE|MAP_ANONYMOUS|MAP_NORESERVE, -1, 0 <unfinished ...>
18963 <... mmap resumed>)               = 0x100040000000
18962 munmap(0x100000200000, 16384 <unfinished ...>
18961 <... munmap resumed>)             = 0
18957 <... mmap resumed>)               = 0x100100000000
18974 <... munmap resumed>)             = 0
18972 munmap(0x100180000000, 16384 <unfinished ...>
18967 <... mmap resumed>)               = 0x1001c0000000
18966 <... mmap resumed>)               = 0x100180200000
18964 <... mmap resumed>)               = 0x100140200000
18963 munmap(0x100040000000, 16384 <unfinished ...>
18962 <... munmap resumed>)             = 0
18961 mmap(NULL, 16384, PROT_READ|PROT_WRITE, MAP_PRIVATE|MAP_ANONYMOUS|MAP_NORESERVE, -1, 0 <unfinished ...>
18958 <... munmap resumed>)             = 0
18957 munmap(0x100100000000, 16384 <unfinished ...>
18974 mmap(NULL, 16384, PROT_READ|PROT_WRITE, MAP_PRIVATE|MAP_ANONYMOUS|MAP_NORESERVE, -1, 0 <unfinished ...>
18964 munmap(0x100140200000, 16384 <unfinished ...>
18967 munmap(0x1001c0000000, 16384 <unfinished ...>
18958 mmap(NULL, 16384, PROT_READ|PROT_WRITE, MAP_PRIVATE|MAP_ANONYMOUS|MAP_NORESERVE, -1, 0 <unfinished ...>
18974 <... mmap resumed>)               = 0x100000200000
18972 <... munmap resumed>)             = 0
18966 munmap(0x100180200000, 16384 <unfinished ...>
18962 mmap(NULL, 16384, PROT_READ|PROT_WRITE, MAP_PRIVATE|MAP_ANONYMOUS|MAP_NORESERVE, -1, 0 <unfinished ...>
18961 <... mmap resumed>)               = 0x100180000000
18974 munmap(0x100000200000, 16384 <unfinished ...>
18972 mmap(NULL, 16384, PROT_READ|PROT_WRITE, MAP_PRIVATE|MAP_ANONYMOUS|MAP_NORESERVE, -1, 0 <unfinished ...>
18969 <... munmap resumed>)             = 0
18968 <... mmap resumed>)               = 0x1001c0200000
18966 <... munmap resumed>)             = 0
18965 <... mmap resumed>)               = 0x100180200000
18962 <... mmap resumed>)               = 0x100000000000
18974 <... munmap resumed>)             = 0
18973 <... mmap resumed>)               = 0x100000200000
18972 <... mmap resumed>)               = 0x100040200000
18971 <... munmap resumed>)             = 0
18970 <... mmap resumed>)               = 0x100140000000
18969 mmap(NULL, 16384, PROT_READ|PROT_WRITE, MAP_PRIVATE|MAP_ANONYMOUS|MAP_NORESERVE, -1, 0 <unfinished ...>
18968 munmap(0x1001c0200000, 16384 <unfinished ...>
18966 mmap(NULL, 16384, PROT_READ|PROT_WRITE, MAP_PRIVATE|MAP_ANONYMOUS|MAP_NORESERVE, -1, 0 <unfinished ...>
18965 munmap(0x100180200000, 16384 <unfinished ...>
18963 <... munmap resumed>)             = 0
18961 munmap(0x100180000000, 16384 <unfinished ...>
18957 <... munmap resumed>)             = 0
18974 mmap(NULL, 16384, PROT_READ|PROT_WRITE, MAP_PRIVATE|MAP_ANONYMOUS|MAP_NORESERVE, -1, 0 <unfinished ...>
18973 munmap(0x100000200000, 16384 <unfinished ...>
18972 munmap(0x100040200000, 16384 <unfinished ...>
18971 mmap(NULL, 16384, PROT_READ|PROT_WRITE, MAP_PRIVATE|MAP_ANONYMOUS|MAP_NORESERVE, -1, 0 <unfinished ...>
18970 munmap(0x100140000000, 16384 <unfinished ...>
18969 <... mmap resumed>)               = 0x100100000000
18968 <... munmap resumed>)             = 0
18967 <... munmap resumed>)             = 0
18966 <... mmap resumed>)               = 0x1001c0200000
18965 <... munmap resumed>)             = 0
18964 <... munmap resumed>)             = 0
18963 mmap(NULL, 16384, PROT_READ|PROT_WRITE, MAP_PRIVATE|MAP_ANONYMOUS|MAP_NORESERVE, -1, 0 <unfinished ...>
18962 munmap(0x100000000000, 16384 <unfinished ...>
18958 <... mmap resumed>)               = 0x100140200000
18974 <... mmap resumed>)               = 0x100180000000
18973 <... munmap resumed>)             = 0
18972 <... munmap resumed>)             = 0
18971 <... mmap resumed>)               = 0x100040200000
18968 mmap(NULL, 16384, PROT_READ|PROT_WRITE, MAP_PRIVATE|MAP_ANONYMOUS|MAP_NORESERVE, -1, 0 <unfinished ...>
18967 mmap(NULL, 16384, PROT_READ|PROT_WRITE, MAP_PRIVATE|MAP_ANONYMOUS|MAP_NORESERVE, -1, 0 <unfinished ...>
18966 munmap(0x1001c0200000, 16384 <unfinished ...>
18963 <... mmap resumed>)               = 0x100000200000
18961 <... munmap resumed>)             = 0
18957 mmap(NULL, 16384, PROT_READ|PROT_WRITE, MAP_PRIVATE|MAP_ANONYMOUS|MAP_NORESERVE, -1, 0 <unfinished ...>
18974 munmap(0x100180000000, 16384 <unfinished ...>
18973 mmap(NULL, 16384, PROT_READ|PROT_WRITE, MAP_PRIVATE|MAP_ANONYMOUS|MAP_NORESERVE, -1, 0 <unfinished ...>
18972 mmap(NULL, 16384, PROT_READ|PROT_WRITE, MAP_PRIVATE|MAP_ANONYMOUS|MAP_NORESERVE, -1, 0 <unfinished ...>
18971 munmap(0x100040200000, 16384 <unfinished ...>
18970 <... munmap resumed>)             = 0
18969 munmap(0x100100000000, 16384 <unfinished ...>
18968 <... mmap resumed>)               = 0x100140000000
18967 <... mmap resumed>)               = 0x100000000000
18966 <... munmap resumed>)             = 0
18965 mmap(NULL, 16384, PROT_READ|PROT_WRITE, MAP_PRIVATE|MAP_ANONYMOUS|MAP_NORESERVE, -1, 0 <unfinished ...>
18964 mmap(NULL, 16384, PROT_READ|PROT_WRITE, MAP_PRIVATE|MAP_ANONYMOUS|MAP_NORESERVE, -1, 0 <unfinished ...>
18963 munmap(0x100000200000, 16384 <unfinished ...>
18962 <... munmap resumed>)             = 0
18961 mmap(NULL, 16384, PROT_READ|PROT_WRITE, MAP_PRIVATE|MAP_ANONYMOUS|MAP_NORESERVE, -1, 0 <unfinished ...>
18958 munmap(0x100140200000, 16384 <unfinished ...>
18974 <... munmap resumed>)             = 0
18973 <... mmap resumed>)               = 0x100180200000
18972 <... mmap resumed>)               = 0x100180000000
18971 <... munmap resumed>)             = 0
18970 mmap(NULL, 16384, PROT_READ|PROT_WRITE, MAP_PRIVATE|MAP_ANONYMOUS|MAP_NORESERVE, -1, 0 <unfinished ...>
18968 munmap(0x100140000000, 16384 <unfinished ...>
18966 mmap(NULL, 16384, PROT_READ|PROT_WRITE, MAP_PRIVATE|MAP_ANONYMOUS|MAP_NORESERVE, -1, 0 <unfinished ...>
18957 <... mmap resumed>)               = 0x1001c0200000
18974 mmap(NULL, 16384, PROT_READ|PROT_WRITE, MAP_PRIVATE|MAP_ANONYMOUS|MAP_NORESERVE, -1, 0 <unfinished ...>
18964 <... mmap resumed>)               = 0x1001c0000000
18961 <... mmap resumed>)               = 0x100040200000
18973 munmap(0x100180200000, 16384 <unfinished ...>
18972 munmap(0x100180000000, 16384 <unfinished ...>
18971 mmap(NULL, 16384, PROT_READ|PROT_WRITE, MAP_PRIVATE|MAP_ANONYMOUS|MAP_NORESERVE, -1, 0 <unfinished ...>
18967 munmap(0x100000000000, 16384 <unfinished ...>
18966 <... mmap resumed>)               = 0x100000200000
18964 munmap(0x1001c0000000, 16384 <unfinished ...>
18968 <... munmap resumed>)             = 0
18963 <... munmap resumed>)             = 0
18962 mmap(NULL, 16384, PROT_READ|PROT_WRITE, MAP_PRIVATE|MAP_ANONYMOUS|MAP_NORESERVE, -1, 0 <unfinished ...>
18961 munmap(0x100040200000, 16384 <unfinished ...>
18957 munmap(0x1001c0200000, 16384 <unfinished ...>
18973 <... munmap resumed>)             = 0
18968 mmap(NULL, 16384, PROT_READ|PROT_WRITE, MAP_PRIVATE|MAP_ANONYMOUS|MAP_NORESERVE, -1, 0 <unfinished ...>
18966 munmap(0x100000200000, 16384 <unfinished ...>
18963 mmap(NULL, 16384, PROT_READ|PROT_WRITE, MAP_PRIVATE|MAP_ANONYMOUS|MAP_NORESERVE, -1, 0 <unfinished ...>
18962 <... mmap resumed>)               = 0x100180200000
18973 mmap(NULL, 16384, PROT_READ|PROT_WRITE, MAP_PRIVATE|MAP_ANONYMOUS|MAP_NORESERVE, -1, 0 <unfinished ...>
18969 <... munmap resumed>)             = 0
18961 <... munmap resumed>)             = 0
18973 <... mmap resumed>)               = 0x100040000000
18969 mmap(NULL, 16384, PROT_READ|PROT_WRITE, MAP_PRIVATE|MAP_ANONYMOUS|MAP_NORESERVE, -1, 0 <unfinished ...>
18968 <... mmap resumed>)               = 0x100040200000
18965 <... mmap resumed>)               = 0x100100000000
18963 <... mmap resumed>)               = 0x100140000000
18962 munmap(0x100180200000, 16384 <unfinished ...>
18973 munmap(0x100040000000, 16384 <unfinished ...>
18970 <... mmap resumed>)               = 0x100000200000
18969 <... mmap resumed>)               = 0x1000c0200000
18968 munmap(0x100040200000, 16384 <unfinished ...>
18966 <... munmap resumed>)             = 0
18961 mmap(NULL, 16384, PROT_READ|PROT_WRITE, MAP_PRIVATE|MAP_ANONYMOUS|MAP_NORESERVE, -1, 0 <unfinished ...>
18973 <... munmap resumed>)             = 0
18965 munmap(0x100100000000, 16384 <unfinished ...>
18963 munmap(0x100140000000, 16384 <unfinished ...>
18970 munmap(0x100000200000, 16384 <unfinished ...>
18962 <... munmap resumed>)             = 0
18958 <... munmap resumed>)             = 0
18971 <... mmap resumed>)               = 0x100180200000
18974 <... mmap resumed>)               = 0x100140000000
18973 mmap(NULL, 16384, PROT_READ|PROT_WRITE, MAP_PRIVATE|MAP_ANONYMOUS|MAP_NORESERVE, -1, 0 <unfinished ...>
18971 munmap(0x100180200000, 16384 <unfinished ...>
18970 <... munmap resumed>)             = 0
18969 munmap(0x1000c0200000, 16384 <unfinished ...>
18968 <... munmap resumed>)             = 0
18966 mmap(NULL, 16384, PROT_READ|PROT_WRITE, MAP_PRIVATE|MAP_ANONYMOUS|MAP_NORESERVE, -1, 0 <unfinished ...>
18965 <... munmap resumed>)             = 0
18963 <... munmap resumed>)             = 0
18962 mmap(NULL, 16384, PROT_READ|PROT_WRITE, MAP_PRIVATE|MAP_ANONYMOUS|MAP_NORESERVE, -1, 0 <unfinished ...>
18961 <... mmap resumed>)               = 0x100040000000
18958 mmap(NULL, 16384, PROT_READ|PROT_WRITE, MAP_PRIVATE|MAP_ANONYMOUS|MAP_NORESERVE, -1, 0 <unfinished ...>
18974 munmap(0x100140000000, 16384 <unfinished ...>
18972 <... munmap resumed>)             = 0
18971 <... munmap resumed>)             = 0
18966 <... mmap resumed>)               = 0x100180200000
18964 <... munmap resumed>)             = 0
18962 <... mmap resumed>)               = 0x1001c0000000
18971 mmap(NULL, 16384, PROT_READ|PROT_WRITE, MAP_PRIVATE|MAP_ANONYMOUS|MAP_NORESERVE, -1, 0 <unfinished ...>
18961 munmap(0x100040000000, 16384 <unfinished ...>
18971 <... mmap resumed>)               = 0x100180000000
18966 munmap(0x100180200000, 16384 <unfinished ...>
18964 mmap(NULL, 16384, PROT_READ|PROT_WRITE, MAP_PRIVATE|MAP_ANONYMOUS|MAP_NORESERVE, -1, 0 <unfinished ...>
18962 munmap(0x1001c0000000, 16384 <unfinished ...>
18971 munmap(0x100180000000, 16384 <unfinished ...>
18968 mmap(NULL, 16384, PROT_READ|PROT_WRITE, MAP_PRIVATE|MAP_ANONYMOUS|MAP_NORESERVE, -1, 0 <unfinished ...>
18964 <... mmap resumed>)               = 0x100000200000
18971 <... munmap resumed>)             = 0
18971 mmap(NULL, 16384, PROT_READ|PROT_WRITE, MAP_PRIVATE|MAP_ANONYMOUS|MAP_NORESERVE, -1, 0 <unfinished ...>
18964 munmap(0x100000200000, 16384 <unfinished ...>
18971 <... mmap resumed>)               = 0x100180000000
18971 munmap(0x100180000000, 16384 <unfinished ...>
18964 <... munmap resumed>)             = 0
18973 <... mmap resumed>)               = 0x100000200000
18972 mmap(NULL, 16384, PROT_READ|PROT_WRITE, MAP_PRIVATE|MAP_ANONYMOUS|MAP_NORESERVE, -1, 0 <unfinished ...>
18970 mmap(NULL, 16384, PROT_READ|PROT_WRITE, MAP_PRIVATE|MAP_ANONYMOUS|MAP_NORESERVE, -1, 0 <unfinished ...>
18969 <... munmap resumed>)             = 0
18967 <... munmap resumed>)             = 0
18965 mmap(NULL, 16384, PROT_READ|PROT_WRITE, MAP_PRIVATE|MAP_ANONYMOUS|MAP_NORESERVE, -1, 0 <unfinished ...>
18964 mmap(NULL, 16384, PROT_READ|PROT_WRITE, MAP_PRIVATE|MAP_ANONYMOUS|MAP_NORESERVE, -1, 0 <unfinished ...>
18963 mmap(NULL, 16384, PROT_READ|PROT_WRITE, MAP_PRIVATE|MAP_ANONYMOUS|MAP_NORESERVE, -1, 0 <unfinished ...>
18957 <... munmap resumed>)             = 0
18973 munmap(0x100000200000, 16384 <unfinished ...>
18969 mmap(NULL, 16384, PROT_READ|PROT_WRITE, MAP_PRIVATE|MAP_ANONYMOUS|MAP_NORESERVE, -1, 0 <unfinished ...>
18967 mmap(NULL, 16384, PROT_READ|PROT_WRITE, MAP_PRIVATE|MAP_ANONYMOUS|MAP_NORESERVE, -1, 0 <unfinished ...>
18964 <... mmap resumed>)               = 0x1000c0200000
18962 <... munmap resumed>)             = 0
18961 <... munmap resumed>)             = 0
18958 <... mmap resumed>)               = 0x100040000000
18957 mmap(NULL, 16384, PROT_READ|PROT_WRITE, MAP_PRIVATE|MAP_ANONYMOUS|MAP_NORESERVE, -1, 0 <unfinished ...>
18973 <... munmap resumed>)             = 0
18966 <... munmap resumed>)             = 0
18964 munmap(0x1000c0200000, 16384 <unfinished ...>
18962 mmap(NULL, 16384, PROT_READ|PROT_WRITE, MAP_PRIVATE|MAP_ANONYMOUS|MAP_NORESERVE, -1, 0 <unfinished ...>
18961 mmap(NULL, 16384, PROT_READ|PROT_WRITE, MAP_PRIVATE|MAP_ANONYMOUS|MAP_NORESERVE, -1, 0 <unfinished ...>
18958 munmap(0x100040000000, 16384 <unfinished ...>
18957 <... mmap resumed>)               = 0x100000200000
18973 mmap(NULL, 16384, PROT_READ|PROT_WRITE, MAP_PRIVATE|MAP_ANONYMOUS|MAP_NORESERVE, -1, 0 <unfinished ...>
18968 <... mmap resumed>)               = 0x100180200000
18961 <... mmap resumed>)               = 0x1001c0000000
18957 munmap(0x100000200000, 16384 <unfinished ...>
18974 <... munmap resumed>)             = 0
18971 <... munmap resumed>)             = 0
18968 munmap(0x100180200000, 16384 <unfinished ...>
18966 mmap(NULL, 16384, PROT_READ|PROT_WRITE, MAP_PRIVATE|MAP_ANONYMOUS|MAP_NORESERVE, -1, 0 <unfinished ...>
18961 munmap(0x1001c0000000, 16384 <unfinished ...>
18957 <... munmap resumed>)             = 0
18974 mmap(NULL, 16384, PROT_READ|PROT_WRITE, MAP_PRIVATE|MAP_ANONYMOUS|MAP_NORESERVE, -1, 0 <unfinished ...>
18972 <... mmap resumed>)               = 0x100000200000
18971 mmap(NULL, 16384, PROT_READ|PROT_WRITE, MAP_PRIVATE|MAP_ANONYMOUS|MAP_NORESERVE, -1, 0 <unfinished ...>
18970 <... mmap resumed>)               = 0x1001c0000000
18968 <... munmap resumed>)             = 0
18966 <... mmap resumed>)               = 0x100140000000
18965 <... mmap resumed>)               = 0x100180000000
18963 <... mmap resumed>)               = 0x100180200000
18961 <... munmap resumed>)             = 0
18957 mmap(NULL, 16384, PROT_READ|PROT_WRITE, MAP_PRIVATE|MAP_ANONYMOUS|MAP_NORESERVE, -1, 0 <unfinished ...>
18974 <... mmap resumed>)               = 0x100000000000
18972 munmap(0x100000200000, 16384 <unfinished ...>
18968 mmap(NULL, 16384, PROT_READ|PROT_WRITE, MAP_PRIVATE|MAP_ANONYMOUS|MAP_NORESERVE, -1, 0 <unfinished ...>
18967 <... mmap resumed>)               = 0x1001c0200000
18971 <... mmap resumed>)               = 0x100100000000
18970 munmap(0x1001c0000000, 16384 <unfinished ...>
18969 <... mmap resumed>)               = 0x100040200000
18967 munmap(0x1001c0200000, 16384 <unfinished ...>
18966 munmap(0x100140000000, 16384 <unfinished ...>
18965 munmap(0x100180000000, 16384 <unfinished ...>
18963 munmap(0x100180200000, 16384 <unfinished ...>
18961 mmap(NULL, 16384, PROT_READ|PROT_WRITE, MAP_PRIVATE|MAP_ANONYMOUS|MAP_NORESERVE, -1, 0 <unfinished ...>
18974 munmap(0x100000000000, 16384 <unfinished ...>
18971 munmap(0x100100000000, 16384 <unfinished ...>
18970 <... munmap resumed>)             = 0
18962 <... mmap resumed>)               = 0x1001c0000000
18958 <... munmap resumed>)             = 0
18969 munmap(0x100040200000, 16384 <unfinished ...>
18967 <... munmap resumed>)             = 0
18970 mmap(NULL, 16384, PROT_READ|PROT_WRITE, MAP_PRIVATE|MAP_ANONYMOUS|MAP_NORESERVE, -1, 0 <unfinished ...>
18971 <... munmap resumed>)             = 0
18970 <... mmap resumed>)               = 0x100100000000
18967 mmap(NULL, 16384, PROT_READ|PROT_WRITE, MAP_PRIVATE|MAP_ANONYMOUS|MAP_NORESERVE, -1, 0 <unfinished ...>
18964 <... munmap resumed>)             = 0
18962 munmap(0x1001c0000000, 16384 <unfinished ...>
18974 <... munmap resumed>)             = 0
18970 munmap(0x100100000000, 16384 <unfinished ...>
18958 mmap(NULL, 16384, PROT_READ|PROT_WRITE, MAP_PRIVATE|MAP_ANONYMOUS|MAP_NORESERVE, -1, 0 <unfinished ...>
18974 mmap(NULL, 16384, PROT_READ|PROT_WRITE, MAP_PRIVATE|MAP_ANONYMOUS|MAP_NORESERVE, -1, 0 <unfinished ...>
18971 mmap(NULL, 16384, PROT_READ|PROT_WRITE, MAP_PRIVATE|MAP_ANONYMOUS|MAP_NORESERVE, -1, 0 <unfinished ...>
18964 mmap(NULL, 16384, PROT_READ|PROT_WRITE, MAP_PRIVATE|MAP_ANONYMOUS|MAP_NORESERVE, -1, 0 <unfinished ...>
18965 <... munmap resumed>)             = 0
18962 <... munmap resumed>)             = 0
18973 <... mmap resumed>)               = 0x1001c0000000
18968 <... mmap resumed>)               = 0x100000000000
18965 mmap(NULL, 16384, PROT_READ|PROT_WRITE, MAP_PRIVATE|MAP_ANONYMOUS|MAP_NORESERVE, -1, 0 <unfinished ...>
18964 <... mmap resumed>)               = 0x100180000000
18962 mmap(NULL, 16384, PROT_READ|PROT_WRITE, MAP_PRIVATE|MAP_ANONYMOUS|MAP_NORESERVE, -1, 0 <unfinished ...>
18973 munmap(0x1001c0000000, 16384 <unfinished ...>
18968 munmap(0x100000000000, 16384 <unfinished ...>
18957 <... mmap resumed>)               = 0x1000c0200000
18965 <... mmap resumed>)               = 0x1001c0200000
18973 <... munmap resumed>)             = 0
18972 <... munmap resumed>)             = 0
18965 munmap(0x1001c0200000, 16384 <unfinished ...>
18964 munmap(0x100180000000, 16384 <unfinished ...>
18957 munmap(0x1000c0200000, 16384 <unfinished ...>
18966 <... munmap resumed>)             = 0
18973 mmap(NULL, 16384, PROT_READ|PROT_WRITE, MAP_PRIVATE|MAP_ANONYMOUS|MAP_NORESERVE, -1, 0 <unfinished ...>
18972 mmap(NULL, 16384, PROT_READ|PROT_WRITE, MAP_PRIVATE|MAP_ANONYMOUS|MAP_NORESERVE, -1, 0 <unfinished ...>
18966 mmap(NULL, 16384, PROT_READ|PROT_WRITE, MAP_PRIVATE|MAP_ANONYMOUS|MAP_NORESERVE, -1, 0 <unfinished ...>
18964 <... munmap resumed>)             = 0
18969 <... munmap resumed>)             = 0
18964 mmap(NULL, 16384, PROT_READ|PROT_WRITE, MAP_PRIVATE|MAP_ANONYMOUS|MAP_NORESERVE, -1, 0 <unfinished ...>
18963 <... munmap resumed>)             = 0
18969 mmap(NULL, 16384, PROT_READ|PROT_WRITE, MAP_PRIVATE|MAP_ANONYMOUS|MAP_NORESERVE, -1, 0 <unfinished ...>
18967 <... mmap resumed>)               = 0x100180200000
18961 <... mmap resumed>)               = 0x100040200000
18964 <... mmap resumed>)               = 0x100180000000
18963 mmap(NULL, 16384, PROT_READ|PROT_WRITE, MAP_PRIVATE|MAP_ANONYMOUS|MAP_NORESERVE, -1, 0 <unfinished ...>
18969 <... mmap resumed>)               = 0x100140000000
18967 munmap(0x100180200000, 16384 <unfinished ...>
18958 <... mmap resumed>)               = 0x1001c0000000
18964 munmap(0x100180000000, 16384 <unfinished ...>
18961 munmap(0x100040200000, 16384 <unfinished ...>
18969 munmap(0x100140000000, 16384 <unfinished ...>
18967 <... munmap resumed>)             = 0
18967 mmap(NULL, 16384, PROT_READ|PROT_WRITE, MAP_PRIVATE|MAP_ANONYMOUS|MAP_NORESERVE, -1, 0 <unfinished ...>
18958 munmap(0x1001c0000000, 16384 <unfinished ...>
18970 <... munmap resumed>)             = 0
18969 <... munmap resumed>)             = 0
18958 <... munmap resumed>)             = 0
18974 <... mmap resumed>)               = 0x1001c0000000
18970 mmap(NULL, 16384, PROT_READ|PROT_WRITE, MAP_PRIVATE|MAP_ANONYMOUS|MAP_NORESERVE, -1, 0 <unfinished ...>
18958 mmap(NULL, 16384, PROT_READ|PROT_WRITE, MAP_PRIVATE|MAP_ANONYMOUS|MAP_NORESERVE, -1, 0 <unfinished ...>
18974 munmap(0x1001c0000000, 16384 <unfinished ...>
18969 mmap(NULL, 16384, PROT_READ|PROT_WRITE, MAP_PRIVATE|MAP_ANONYMOUS|MAP_NORESERVE, -1, 0 <unfinished ...>
18971 <... mmap resumed>)               = 0x100100000000
18970 <... mmap resumed>)               = 0x100180200000
18958 <... mmap resumed>)               = 0x100140000000
18974 <... munmap resumed>)             = 0
18970 munmap(0x100180200000, 16384 <unfinished ...>
18958 munmap(0x100140000000, 16384 <unfinished ...>
18974 mmap(NULL, 16384, PROT_READ|PROT_WRITE, MAP_PRIVATE|MAP_ANONYMOUS|MAP_NORESERVE, -1, 0 <unfinished ...>
18968 <... munmap resumed>)             = 0
18971 munmap(0x100100000000, 16384 <unfinished ...>
18962 <... mmap resumed>)               = 0x100000000000
18970 <... munmap resumed>)             = 0
18968 mmap(NULL, 16384, PROT_READ|PROT_WRITE, MAP_PRIVATE|MAP_ANONYMOUS|MAP_NORESERVE, -1, 0 <unfinished ...>
18962 munmap(0x100000000000, 16384 <unfinished ...>
18970 mmap(NULL, 16384, PROT_READ|PROT_WRITE, MAP_PRIVATE|MAP_ANONYMOUS|MAP_NORESERVE, -1, 0 <unfinished ...>
18965 <... munmap resumed>)             = 0
18965 mmap(NULL, 16384, PROT_READ|PROT_WRITE, MAP_PRIVATE|MAP_ANONYMOUS|MAP_NORESERVE, -1, 0 <unfinished ...>
18962 <... munmap resumed>)             = 0
18957 <... munmap resumed>)             = 0
18972 <... mmap resumed>)               = 0x1000c0200000
18965 <... mmap resumed>)               = 0x100000000000
18957 mmap(NULL, 16384, PROT_READ|PROT_WRITE, MAP_PRIVATE|MAP_ANONYMOUS|MAP_NORESERVE, -1, 0 <unfinished ...>
18972 munmap(0x1000c0200000, 16384 <unfinished ...>
18966 <... mmap resumed>)               = 0x100180200000
18962 mmap(NULL, 16384, PROT_READ|PROT_WRITE, MAP_PRIVATE|MAP_ANONYMOUS|MAP_NORESERVE, -1, 0 <unfinished ...>
18973 <... mmap resumed>)               = 0x1001c0200000
18965 munmap(0x100000000000, 16384 <unfinished ...>
18973 munmap(0x1001c0200000, 16384 <unfinished ...>
18966 munmap(0x100180200000, 16384 <unfinished ...>
18963 <... mmap resumed>)               = 0x1001c0000000
18957 <... mmap resumed>)               = 0x100000200000
18972 <... munmap resumed>)             = 0
18973 <... munmap resumed>)             = 0
18972 mmap(NULL, 16384, PROT_READ|PROT_WRITE, MAP_PRIVATE|MAP_ANONYMOUS|MAP_NORESERVE, -1, 0 <unfinished ...>
18963 munmap(0x1001c0000000, 16384 <unfinished ...>
18961 <... munmap resumed>)             = 0
18957 munmap(0x100000200000, 16384 <unfinished ...>
18973 mmap(NULL, 16384, PROT_READ|PROT_WRITE, MAP_PRIVATE|MAP_ANONYMOUS|MAP_NORESERVE, -1, 0 <unfinished ...>
18964 <... munmap resumed>)             = 0
18961 mmap(NULL, 16384, PROT_READ|PROT_WRITE, MAP_PRIVATE|MAP_ANONYMOUS|MAP_NORESERVE, -1, 0 <unfinished ...>
18967 <... mmap resumed>)               = 0x100000200000
18957 <... munmap resumed>)             = 0
18973 <... mmap resumed>)               = 0x100180000000
18969 <... mmap resumed>)               = 0x100040200000
18964 mmap(NULL, 16384, PROT_READ|PROT_WRITE, MAP_PRIVATE|MAP_ANONYMOUS|MAP_NORESERVE, -1, 0 <unfinished ...>
18961 <... mmap resumed>)               = 0x1001c0200000
18973 munmap(0x100180000000, 16384 <unfinished ...>
18967 munmap(0x100000200000, 16384 <unfinished ...>
18964 <... mmap resumed>)               = 0x1000c0200000
18957 mmap(NULL, 16384, PROT_READ|PROT_WRITE, MAP_PRIVATE|MAP_ANONYMOUS|MAP_NORESERVE, -1, 0 <unfinished ...>
18973 <... munmap resumed>)             = 0
18969 munmap(0x100040200000, 16384 <unfinished ...>
18964 munmap(0x1000c0200000, 16384 <unfinished ...>
18961 munmap(0x1001c0200000, 16384 <unfinished ...>
18958 <... munmap resumed>)             = 0
18974 <... mmap resumed>)               = 0x100140000000
18973 mmap(NULL, 16384, PROT_READ|PROT_WRITE, MAP_PRIVATE|MAP_ANONYMOUS|MAP_NORESERVE, -1, 0 <unfinished ...>
18971 <... munmap resumed>)             = 0
18969 <... munmap resumed>)             = 0
18958 mmap(NULL, 16384, PROT_READ|PROT_WRITE, MAP_PRIVATE|MAP_ANONYMOUS|MAP_NORESERVE, -1, 0 <unfinished ...>
18973 <... mmap resumed>)               = 0x100040200000
18971 mmap(NULL, 16384, PROT_READ|PROT_WRITE, MAP_PRIVATE|MAP_ANONYMOUS|MAP_NORESERVE, -1, 0 <unfinished ...>
18974 munmap(0x100140000000, 16384 <unfinished ...>
18973 munmap(0x100040200000, 16384 <unfinished ...>
18969 mmap(NULL, 16384, PROT_READ|PROT_WRITE, MAP_PRIVATE|MAP_ANONYMOUS|MAP_NORESERVE, -1, 0 <unfinished ...>
18968 <... mmap resumed>)               = 0x1000c0200000
18970 <... mmap resumed>)               = 0x100100000000
18964 <... munmap resumed>)             = 0
18969 <... mmap resumed>)               = 0x100180000000
18964 mmap(NULL, 16384, PROT_READ|PROT_WRITE, MAP_PRIVATE|MAP_ANONYMOUS|MAP_NORESERVE, -1, 0 <unfinished ...>
18970 munmap(0x100100000000, 16384 <unfinished ...>
18969 munmap(0x100180000000, 16384 <unfinished ...>
18968 munmap(0x1000c0200000, 16384 <unfinished ...>
18974 <... munmap resumed>)             = 0
18974 mmap(NULL, 16384, PROT_READ|PROT_WRITE, MAP_PRIVATE|MAP_ANONYMOUS|MAP_NORESERVE, -1, 0 <unfinished ...>
18970 <... munmap resumed>)             = 0
18966 <... munmap resumed>)             = 0
18965 <... munmap resumed>)             = 0
18964 <... mmap resumed>)               = 0x100040000000
18962 <... mmap resumed>)               = 0x100140000000
18974 <... mmap resumed>)               = 0x100000000000
18972 <... mmap resumed>)               = 0x100180200000
18970 mmap(NULL, 16384, PROT_READ|PROT_WRITE, MAP_PRIVATE|MAP_ANONYMOUS|MAP_NORESERVE, -1, 0 <unfinished ...>
18972 munmap(0x100180200000, 16384 <unfinished ...>
18966 mmap(NULL, 16384, PROT_READ|PROT_WRITE, MAP_PRIVATE|MAP_ANONYMOUS|MAP_NORESERVE, -1, 0 <unfinished ...>
18965 mmap(NULL, 16384, PROT_READ|PROT_WRITE, MAP_PRIVATE|MAP_ANONYMOUS|MAP_NORESERVE, -1, 0 <unfinished ...>
18964 munmap(0x100040000000, 16384 <unfinished ...>
18963 <... munmap resumed>)             = 0
18962 munmap(0x100140000000, 16384 <unfinished ...>
18974 munmap(0x100000000000, 16384 <unfinished ...>
18972 <... munmap resumed>)             = 0
18967 <... munmap resumed>)             = 0
18966 <... mmap resumed>)               = 0x100000200000
18972 mmap(NULL, 16384, PROT_READ|PROT_WRITE, MAP_PRIVATE|MAP_ANONYMOUS|MAP_NORESERVE, -1, 0 <unfinished ...>
18967 mmap(NULL, 16384, PROT_READ|PROT_WRITE, MAP_PRIVATE|MAP_ANONYMOUS|MAP_NORESERVE, -1, 0 <unfinished ...>
18965 <... mmap resumed>)               = 0x1001c0000000
18963 mmap(NULL, 16384, PROT_READ|PROT_WRITE, MAP_PRIVATE|MAP_ANONYMOUS|MAP_NORESERVE, -1, 0 <unfinished ...>
18957 <... mmap resumed>)               = 0x100180200000
18965 munmap(0x1001c0000000, 16384 <unfinished ...>
18966 munmap(0x100000200000, 16384 <unfinished ...>
18957 munmap(0x100180200000, 16384 <unfinished ...>
18964 <... munmap resumed>)             = 0
18957 <... munmap resumed>)             = 0
18974 <... munmap resumed>)             = 0
18964 mmap(NULL, 16384, PROT_READ|PROT_WRITE, MAP_PRIVATE|MAP_ANONYMOUS|MAP_NORESERVE, -1, 0 <unfinished ...>
18958 <... mmap resumed>)               = 0x100000000000
18964 <... mmap resumed>)               = 0x100180200000
18957 mmap(NULL, 16384, PROT_READ|PROT_WRITE, MAP_PRIVATE|MAP_ANONYMOUS|MAP_NORESERVE, -1, 0 <unfinished ...>
18974 mmap(NULL, 16384, PROT_READ|PROT_WRITE, MAP_PRIVATE|MAP_ANONYMOUS|MAP_NORESERVE, -1, 0 <unfinished ...>
18964 munmap(0x100180200000, 16384 <unfinished ...>
18958 munmap(0x100000000000, 16384 <unfinished ...>
18973 <... munmap resumed>)             = 0
18957 <... mmap resumed>)               = 0x100040200000
18971 <... mmap resumed>)               = 0x1001c0200000
18961 <... munmap resumed>)             = 0
18973 mmap(NULL, 16384, PROT_READ|PROT_WRITE, MAP_PRIVATE|MAP_ANONYMOUS|MAP_NORESERVE, -1, 0 <unfinished ...>
18957 munmap(0x100040200000, 16384 <unfinished ...>
18971 munmap(0x1001c0200000, 16384 <unfinished ...>
18969 <... munmap resumed>)             = 0
18961 mmap(NULL, 16384, PROT_READ|PROT_WRITE, MAP_PRIVATE|MAP_ANONYMOUS|MAP_NORESERVE, -1, 0 <unfinished ...>
18968 <... munmap resumed>)             = 0
18969 mmap(NULL, 16384, PROT_READ|PROT_WRITE, MAP_PRIVATE|MAP_ANONYMOUS|MAP_NORESERVE, -1, 0 <unfinished ...>
18973 <... mmap resumed>)               = 0x100140000000
18969 <... mmap resumed>)               = 0x1000c0200000
18968 mmap(NULL, 16384, PROT_READ|PROT_WRITE, MAP_PRIVATE|MAP_ANONYMOUS|MAP_NORESERVE, -1, 0 <unfinished ...>
18962 <... munmap resumed>)             = 0
18972 <... mmap resumed>)               = 0x100180000000
18969 munmap(0x1000c0200000, 16384 <unfinished ...>
18967 <... mmap resumed>)               = 0x100040000000
18965 <... munmap resumed>)             = 0
18961 <... mmap resumed>)               = 0x1001c0000000
18967 munmap(0x100040000000, 16384 <unfinished ...>
18962 mmap(NULL, 16384, PROT_READ|PROT_WRITE, MAP_PRIVATE|MAP_ANONYMOUS|MAP_NORESERVE, -1, 0 <unfinished ...>
18965 mmap(NULL, 16384, PROT_READ|PROT_WRITE, MAP_PRIVATE|MAP_ANONYMOUS|MAP_NORESERVE, -1, 0 <unfinished ...>
18973 munmap(0x100140000000, 16384 <unfinished ...>
18972 munmap(0x100180000000, 16384 <unfinished ...>
18966 <... munmap resumed>)             = 0
18965 <... mmap resumed>)               = 0x100140200000
18963 <... mmap resumed>)               = 0x100000200000
18962 <... mmap resumed>)               = 0x100100000000
18972 <... munmap resumed>)             = 0
18961 munmap(0x1001c0000000, 16384 <unfinished ...>
18970 <... mmap resumed>)               = 0x100180000000
18963 munmap(0x100000200000, 16384 <unfinished ...>
18972 mmap(NULL, 16384, PROT_READ|PROT_WRITE, MAP_PRIVATE|MAP_ANONYMOUS|MAP_NORESERVE, -1, 0 <unfinished ...>
18962 munmap(0x100100000000, 16384 <unfinished ...>
18966 mmap(NULL, 16384, PROT_READ|PROT_WRITE, MAP_PRIVATE|MAP_ANONYMOUS|MAP_NORESERVE, -1, 0 <unfinished ...>
18965 munmap(0x100140200000, 16384 <unfinished ...>
18964 <... munmap resumed>)             = 0
18974 <... mmap resumed>)               = 0x100000200000
18970 munmap(0x100180000000, 16384 <unfinished ...>
18963 <... munmap resumed>)             = 0
18958 <... munmap resumed>)             = 0
18974 munmap(0x100000200000, 16384 <unfinished ...>
18966 <... mmap resumed>)               = 0x100000000000
18974 <... munmap resumed>)             = 0
18958 mmap(NULL, 16384, PROT_READ|PROT_WRITE, MAP_PRIVATE|MAP_ANONYMOUS|MAP_NORESERVE, -1, 0 <unfinished ...>
18965 <... munmap resumed>)             = 0
18974 mmap(NULL, 16384, PROT_READ|PROT_WRITE, MAP_PRIVATE|MAP_ANONYMOUS|MAP_NORESERVE, -1, 0 <unfinished ...>
18970 <... munmap resumed>)             = 0
18966 munmap(0x100000000000, 16384 <unfinished ...>
18965 mmap(NULL, 16384, PROT_READ|PROT_WRITE, MAP_PRIVATE|MAP_ANONYMOUS|MAP_NORESERVE, -1, 0 <unfinished ...>
18964 mmap(NULL, 16384, PROT_READ|PROT_WRITE, MAP_PRIVATE|MAP_ANONYMOUS|MAP_NORESERVE, -1, 0 <unfinished ...>
18963 mmap(NULL, 16384, PROT_READ|PROT_WRITE, MAP_PRIVATE|MAP_ANONYMOUS|MAP_NORESERVE, -1, 0 <unfinished ...>
18958 <... mmap resumed>)               = 0x100180000000
18957 <... munmap resumed>)             = 0
18974 <... mmap resumed>)               = 0x100040200000
18971 <... munmap resumed>)             = 0
18970 mmap(NULL, 16384, PROT_READ|PROT_WRITE, MAP_PRIVATE|MAP_ANONYMOUS|MAP_NORESERVE, -1, 0 <unfinished ...>
18968 <... mmap resumed>)               = 0x1001c0200000
18963 <... mmap resumed>)               = 0x100140200000
18957 mmap(NULL, 16384, PROT_READ|PROT_WRITE, MAP_PRIVATE|MAP_ANONYMOUS|MAP_NORESERVE, -1, 0 <unfinished ...>
18969 <... munmap resumed>)             = 0
18974 munmap(0x100040200000, 16384 <unfinished ...>
18957 <... mmap resumed>)               = 0x1000c0200000
18968 munmap(0x1001c0200000, 16384 <unfinished ...>
18974 <... munmap resumed>)             = 0
18971 mmap(NULL, 16384, PROT_READ|PROT_WRITE, MAP_PRIVATE|MAP_ANONYMOUS|MAP_NORESERVE, -1, 0 <unfinished ...>
18970 <... mmap resumed>)               = 0x1001c0200000
18969 mmap(NULL, 16384, PROT_READ|PROT_WRITE, MAP_PRIVATE|MAP_ANONYMOUS|MAP_NORESERVE, -1, 0 <unfinished ...>
18968 <... munmap resumed>)             = 0
18963 munmap(0x100140200000, 16384 <unfinished ...>
18958 munmap(0x100180000000, 16384 <unfinished ...>
18957 munmap(0x1000c0200000, 16384 <unfinished ...>
18967 <... munmap resumed>)             = 0
18967 mmap(NULL, 16384, PROT_READ|PROT_WRITE, MAP_PRIVATE|MAP_ANONYMOUS|MAP_NORESERVE, -1, 0) = 0x100040000000
18971 <... mmap resumed>)               = 0x100040200000
18967 munmap(0x100040000000, 16384 <unfinished ...>
18970 munmap(0x1001c0200000, 16384 <unfinished ...>
18974 mmap(NULL, 16384, PROT_READ|PROT_WRITE, MAP_PRIVATE|MAP_ANONYMOUS|MAP_NORESERVE, -1, 0 <unfinished ...>
18973 <... munmap resumed>)             = 0
18971 munmap(0x100040200000, 16384 <unfinished ...>
18968 mmap(NULL, 16384, PROT_READ|PROT_WRITE, MAP_PRIVATE|MAP_ANONYMOUS|MAP_NORESERVE, -1, 0 <unfinished ...>
18958 <... munmap resumed>)             = 0
18957 <... munmap resumed>)             = 0
18967 <... munmap resumed>)             = 0
18968 <... mmap resumed>)               = 0x100040000000
18967 mmap(NULL, 16384, PROT_READ|PROT_WRITE, MAP_PRIVATE|MAP_ANONYMOUS|MAP_NORESERVE, -1, 0 <unfinished ...>
18958 mmap(NULL, 16384, PROT_READ|PROT_WRITE, MAP_PRIVATE|MAP_ANONYMOUS|MAP_NORESERVE, -1, 0 <unfinished ...>
18973 mmap(NULL, 16384, PROT_READ|PROT_WRITE, MAP_PRIVATE|MAP_ANONYMOUS|MAP_NORESERVE, -1, 0 <unfinished ...>
18961 <... munmap resumed>)             = 0
18968 munmap(0x100040000000, 16384 <unfinished ...>
18974 <... mmap resumed>)               = 0x1001c0000000
18958 <... mmap resumed>)               = 0x1000c0200000
18973 <... mmap resumed>)               = 0x100140000000
18968 <... munmap resumed>)             = 0
18972 <... mmap resumed>)               = 0x100040000000
18967 <... mmap resumed>)               = 0x100180000000
18957 mmap(NULL, 16384, PROT_READ|PROT_WRITE, MAP_PRIVATE|MAP_ANONYMOUS|MAP_NORESERVE, -1, 0 <unfinished ...>
18974 munmap(0x1001c0000000, 16384 <unfinished ...>
18972 munmap(0x100040000000, 16384 <unfinished ...>
18971 <... munmap resumed>)             = 0
18961 mmap(NULL, 16384, PROT_READ|PROT_WRITE, MAP_PRIVATE|MAP_ANONYMOUS|MAP_NORESERVE, -1, 0 <unfinished ...>
18974 <... munmap resumed>)             = 0
18968 mmap(NULL, 16384, PROT_READ|PROT_WRITE, MAP_PRIVATE|MAP_ANONYMOUS|MAP_NORESERVE, -1, 0 <unfinished ...>
18962 <... munmap resumed>)             = 0
18958 munmap(0x1000c0200000, 16384 <unfinished ...>
18974 mmap(NULL, 16384, PROT_READ|PROT_WRITE, MAP_PRIVATE|MAP_ANONYMOUS|MAP_NORESERVE, -1, 0 <unfinished ...>
18973 munmap(0x100140000000, 16384 <unfinished ...>
18968 <... mmap resumed>)               = 0x100100000000
18961 <... mmap resumed>)               = 0x1001c0000000
18971 mmap(NULL, 16384, PROT_READ|PROT_WRITE, MAP_PRIVATE|MAP_ANONYMOUS|MAP_NORESERVE, -1, 0 <unfinished ...>
18965 <... mmap resumed>)               = 0x100040200000
18967 munmap(0x100180000000, 16384 <unfinished ...>
18966 <... munmap resumed>)             = 0
18971 <... mmap resumed>)               = 0x100000000000
18957 <... mmap resumed>)               = 0x100000200000
18973 <... munmap resumed>)             = 0
18971 munmap(0x100000000000, 16384 <unfinished ...>
18966 mmap(NULL, 16384, PROT_READ|PROT_WRITE, MAP_PRIVATE|MAP_ANONYMOUS|MAP_NORESERVE, -1, 0 <unfinished ...>
18965 munmap(0x100040200000, 16384 <unfinished ...>
18973 mmap(NULL, 16384, PROT_READ|PROT_WRITE, MAP_PRIVATE|MAP_ANONYMOUS|MAP_NORESERVE, -1, 0 <unfinished ...>
18958 <... munmap resumed>)             = 0
18957 munmap(0x100000200000, 16384 <unfinished ...>
18962 mmap(NULL, 16384, PROT_READ|PROT_WRITE, MAP_PRIVATE|MAP_ANONYMOUS|MAP_NORESERVE, -1, 0 <unfinished ...>
18958 mmap(NULL, 16384, PROT_READ|PROT_WRITE, MAP_PRIVATE|MAP_ANONYMOUS|MAP_NORESERVE, -1, 0 <unfinished ...>
18971 <... munmap resumed>)             = 0
18968 munmap(0x100100000000, 16384 <unfinished ...>
18971 mmap(NULL, 16384, PROT_READ|PROT_WRITE, MAP_PRIVATE|MAP_ANONYMOUS|MAP_NORESERVE, -1, 0 <unfinished ...>
18964 <... mmap resumed>)               = 0x100000200000
18961 munmap(0x1001c0000000, 16384 <unfinished ...>
18957 <... munmap resumed>)             = 0
18964 munmap(0x100000200000, 16384)     = 0
18964 mmap(NULL, 16384, PROT_READ|PROT_WRITE, MAP_PRIVATE|MAP_ANONYMOUS|MAP_NORESERVE, -1, 0 <unfinished ...>
18957 mmap(NULL, 16384, PROT_READ|PROT_WRITE, MAP_PRIVATE|MAP_ANONYMOUS|MAP_NORESERVE, -1, 0 <unfinished ...>
18964 <... mmap resumed>)               = 0x100000200000
18964 munmap(0x100000200000, 16384 <unfinished ...>
18969 <... mmap resumed>)               = 0x1001c0000000
18961 <... munmap resumed>)             = 0
18970 <... munmap resumed>)             = 0
18969 munmap(0x1001c0000000, 16384 <unfinished ...>
18963 <... munmap resumed>)             = 0
18961 mmap(NULL, 16384, PROT_READ|PROT_WRITE, MAP_PRIVATE|MAP_ANONYMOUS|MAP_NORESERVE, -1, 0 <unfinished ...>
18970 mmap(NULL, 16384, PROT_READ|PROT_WRITE, MAP_PRIVATE|MAP_ANONYMOUS|MAP_NORESERVE, -1, 0 <unfinished ...>
18972 <... munmap resumed>)             = 0
18963 mmap(NULL, 16384, PROT_READ|PROT_WRITE, MAP_PRIVATE|MAP_ANONYMOUS|MAP_NORESERVE, -1, 0 <unfinished ...>
18972 mmap(NULL, 16384, PROT_READ|PROT_WRITE, MAP_PRIVATE|MAP_ANONYMOUS|MAP_NORESERVE, -1, 0 <unfinished ...>
18969 <... munmap resumed>)             = 0
18963 <... mmap resumed>)               = 0x1001c0000000
18974 <... mmap resumed>)               = 0x100140200000
18973 <... mmap resumed>)               = 0x100040000000
18972 <... mmap resumed>)               = 0x1001c0200000
18969 mmap(NULL, 16384, PROT_READ|PROT_WRITE, MAP_PRIVATE|MAP_ANONYMOUS|MAP_NORESERVE, -1, 0 <unfinished ...>
18967 <... munmap resumed>)             = 0
18966 <... mmap resumed>)               = 0x100180000000
18974 munmap(0x100140200000, 16384 <unfinished ...>
18973 munmap(0x100040000000, 16384 <unfinished ...>
18972 munmap(0x1001c0200000, 16384 <unfinished ...>
18971 <... mmap resumed>)               = 0x100140000000
18969 <... mmap resumed>)               = 0x100000000000
18965 <... munmap resumed>)             = 0
18963 munmap(0x1001c0000000, 16384 <unfinished ...>
18962 <... mmap resumed>)               = 0x1000c0200000
18958 <... mmap resumed>)               = 0x100040200000
18968 <... munmap resumed>)             = 0
18967 mmap(NULL, 16384, PROT_READ|PROT_WRITE, MAP_PRIVATE|MAP_ANONYMOUS|MAP_NORESERVE, -1, 0 <unfinished ...>
18966 munmap(0x100180000000, 16384 <unfinished ...>
18974 <... munmap resumed>)             = 0
18964 <... munmap resumed>)             = 0
18958 munmap(0x100040200000, 16384 <unfinished ...>
18967 <... mmap resumed>)               = 0x100000200000
18965 mmap(NULL, 16384, PROT_READ|PROT_WRITE, MAP_PRIVATE|MAP_ANONYMOUS|MAP_NORESERVE, -1, 0 <unfinished ...>
18957 <... mmap resumed>)               = 0x100140200000
18971 munmap(0x100140000000, 16384 <unfinished ...>
18968 mmap(NULL, 16384, PROT_READ|PROT_WRITE, MAP_PRIVATE|MAP_ANONYMOUS|MAP_NORESERVE, -1, 0 <unfinished ...>
18964 mmap(NULL, 16384, PROT_READ|PROT_WRITE, MAP_PRIVATE|MAP_ANONYMOUS|MAP_NORESERVE, -1, 0 <unfinished ...>
18962 munmap(0x1000c0200000, 16384 <unfinished ...>
18969 munmap(0x100000000000, 16384 <unfinished ...>
18967 munmap(0x100000200000, 16384 <unfinished ...>
18974 mmap(NULL, 16384, PROT_READ|PROT_WRITE, MAP_PRIVATE|MAP_ANONYMOUS|MAP_NORESERVE, -1, 0 <unfinished ...>
18966 <... munmap resumed>)             = 0
18964 <... mmap resumed>)               = 0x100180000000
18957 munmap(0x100140200000, 16384 <unfinished ...>
18969 <... munmap resumed>)             = 0
18969 mmap(NULL, 16384, PROT_READ|PROT_WRITE, MAP_PRIVATE|MAP_ANONYMOUS|MAP_NORESERVE, -1, 0 <unfinished ...>
18967 <... munmap resumed>)             = 0
18970 <... mmap resumed>)               = 0x100000200000
18966 mmap(NULL, 16384, PROT_READ|PROT_WRITE, MAP_PRIVATE|MAP_ANONYMOUS|MAP_NORESERVE, -1, 0 <unfinished ...>
18957 <... munmap resumed>)             = 0
18970 munmap(0x100000200000, 16384 <unfinished ...>
18969 <... mmap resumed>)               = 0x100140200000
18967 mmap(NULL, 16384, PROT_READ|PROT_WRITE, MAP_PRIVATE|MAP_ANONYMOUS|MAP_NORESERVE, -1, 0 <unfinished ...>
18966 <... mmap resumed>)               = 0x100100000000
18964 munmap(0x100180000000, 16384 <unfinished ...>
18961 <... mmap resumed>)               = 0x100000000000
18957 mmap(NULL, 16384, PROT_READ|PROT_WRITE, MAP_PRIVATE|MAP_ANONYMOUS|MAP_NORESERVE, -1, 0 <unfinished ...>
18972 <... munmap resumed>)             = 0
18970 <... munmap resumed>)             = 0
18969 munmap(0x100140200000, 16384 <unfinished ...>
18970 mmap(NULL, 16384, PROT_READ|PROT_WRITE, MAP_PRIVATE|MAP_ANONYMOUS|MAP_NORESERVE, -1, 0 <unfinished ...>
18966 munmap(0x100100000000, 16384 <unfinished ...>
18961 munmap(0x100000000000, 16384 <unfinished ...>
18972 mmap(NULL, 16384, PROT_READ|PROT_WRITE, MAP_PRIVATE|MAP_ANONYMOUS|MAP_NORESERVE, -1, 0 <unfinished ...>
18958 <... munmap resumed>)             = 0
18972 <... mmap resumed>)               = 0x100140200000
18969 <... munmap resumed>)             = 0
18966 <... munmap resumed>)             = 0
18965 <... mmap resumed>)               = 0x100100000000
18961 <... munmap resumed>)             = 0
18958 mmap(NULL, 16384, PROT_READ|PROT_WRITE, MAP_PRIVATE|MAP_ANONYMOUS|MAP_NORESERVE, -1, 0 <unfinished ...>
18972 munmap(0x100140200000, 16384 <unfinished ...>
18969 mmap(NULL, 16384, PROT_READ|PROT_WRITE, MAP_PRIVATE|MAP_ANONYMOUS|MAP_NORESERVE, -1, 0 <unfinished ...>
18966 mmap(NULL, 16384, PROT_READ|PROT_WRITE, MAP_PRIVATE|MAP_ANONYMOUS|MAP_NORESERVE, -1, 0 <unfinished ...>
18965 munmap(0x100100000000, 16384 <unfinished ...>
18963 <... munmap resumed>)             = 0
18968 <... mmap resumed>)               = 0x100140000000
18961 mmap(NULL, 16384, PROT_READ|PROT_WRITE, MAP_PRIVATE|MAP_ANONYMOUS|MAP_NORESERVE, -1, 0 <unfinished ...>
18971 <... munmap resumed>)             = 0
18968 munmap(0x100140000000, 16384 <unfinished ...>
18963 mmap(NULL, 16384, PROT_READ|PROT_WRITE, MAP_PRIVATE|MAP_ANONYMOUS|MAP_NORESERVE, -1, 0 <unfinished ...>
18958 <... mmap resumed>)               = 0x1001c0000000
18972 <... munmap resumed>)             = 0
18971 mmap(NULL, 16384, PROT_READ|PROT_WRITE, MAP_PRIVATE|MAP_ANONYMOUS|MAP_NORESERVE, -1, 0 <unfinished ...>
18963 <... mmap resumed>)               = 0x100140200000
18958 munmap(0x1001c0000000, 16384 <unfinished ...>
18973 <... munmap resumed>)             = 0
18972 mmap(NULL, 16384, PROT_READ|PROT_WRITE, MAP_PRIVATE|MAP_ANONYMOUS|MAP_NORESERVE, -1, 0 <unfinished ...>
18962 <... munmap resumed>)             = 0
18974 <... mmap resumed>)               = 0x100040000000
18971 <... mmap resumed>)               = 0x100000000000
18967 <... mmap resumed>)               = 0x1000c0200000
18963 munmap(0x100140200000, 16384 <unfinished ...>
18974 munmap(0x100040000000, 16384 <unfinished ...>
18973 mmap(NULL, 16384, PROT_READ|PROT_WRITE, MAP_PRIVATE|MAP_ANONYMOUS|MAP_NORESERVE, -1, 0 <unfinished ...>
18971 munmap(0x100000000000, 16384 <unfinished ...>
18962 mmap(NULL, 16384, PROT_READ|PROT_WRITE, MAP_PRIVATE|MAP_ANONYMOUS|MAP_NORESERVE, -1, 0 <unfinished ...>
18967 munmap(0x1000c0200000, 16384 <unfinished ...>
18958 <... munmap resumed>)             = 0
18974 <... munmap resumed>)             = 0
18962 <... mmap resumed>)               = 0x100040000000
18967 <... munmap resumed>)             = 0
18964 <... munmap resumed>)             = 0
18967 mmap(NULL, 16384, PROT_READ|PROT_WRITE, MAP_PRIVATE|MAP_ANONYMOUS|MAP_NORESERVE, -1, 0 <unfinished ...>
18958 mmap(NULL, 16384, PROT_READ|PROT_WRITE, MAP_PRIVATE|MAP_ANONYMOUS|MAP_NORESERVE, -1, 0 <unfinished ...>
18957 <... mmap resumed>)               = 0x1000c0200000
18974 mmap(NULL, 16384, PROT_READ|PROT_WRITE, MAP_PRIVATE|MAP_ANONYMOUS|MAP_NORESERVE, -1, 0 <unfinished ...>
18970 <... mmap resumed>)               = 0x100180000000
18969 <... mmap resumed>)               = 0x100040200000
18967 <... mmap resumed>)               = 0x1001c0000000
18964 mmap(NULL, 16384, PROT_READ|PROT_WRITE, MAP_PRIVATE|MAP_ANONYMOUS|MAP_NORESERVE, -1, 0 <unfinished ...>
18962 munmap(0x100040000000, 16384 <unfinished ...>
18958 <... mmap resumed>)               = 0x100000200000
18970 munmap(0x100180000000, 16384 <unfinished ...>
18969 munmap(0x100040200000, 16384 <unfinished ...>
18966 <... mmap resumed>)               = 0x1001c0200000
18957 munmap(0x1000c0200000, 16384 <unfinished ...>
18967 munmap(0x1001c0000000, 16384 <unfinished ...>
18958 munmap(0x100000200000, 16384 <unfinished ...>
18970 <... munmap resumed>)             = 0
18966 munmap(0x1001c0200000, 16384 <unfinished ...>
18957 <... munmap resumed>)             = 0
18965 <... munmap resumed>)             = 0
18970 mmap(NULL, 16384, PROT_READ|PROT_WRITE, MAP_PRIVATE|MAP_ANONYMOUS|MAP_NORESERVE, -1, 0 <unfinished ...>
18958 <... munmap resumed>)             = 0
18970 <... mmap resumed>)               = 0x1001c0200000
18966 <... munmap resumed>)             = 0
18965 mmap(NULL, 16384, PROT_READ|PROT_WRITE, MAP_PRIVATE|MAP_ANONYMOUS|MAP_NORESERVE, -1, 0 <unfinished ...>
18957 mmap(NULL, 16384, PROT_READ|PROT_WRITE, MAP_PRIVATE|MAP_ANONYMOUS|MAP_NORESERVE, -1, 0 <unfinished ...>
18970 munmap(0x1001c0200000, 16384 <unfinished ...>
18961 <... mmap resumed>)               = 0x100100000000
18958 mmap(NULL, 16384, PROT_READ|PROT_WRITE, MAP_PRIVATE|MAP_ANONYMOUS|MAP_NORESERVE, -1, 0 <unfinished ...>
18968 <... munmap resumed>)             = 0
18966 mmap(NULL, 16384, PROT_READ|PROT_WRITE, MAP_PRIVATE|MAP_ANONYMOUS|MAP_NORESERVE, -1, 0 <unfinished ...>
18965 <... mmap resumed>)               = 0x100140000000
18957 <... mmap resumed>)               = 0x100000200000
18972 <... mmap resumed>)               = 0x1001c0200000
18970 <... munmap resumed>)             = 0
18968 mmap(NULL, 16384, PROT_READ|PROT_WRITE, MAP_PRIVATE|MAP_ANONYMOUS|MAP_NORESERVE, -1, 0 <unfinished ...>
18961 munmap(0x100100000000, 16384 <unfinished ...>
18972 munmap(0x1001c0200000, 16384 <unfinished ...>
18970 mmap(NULL, 16384, PROT_READ|PROT_WRITE, MAP_PRIVATE|MAP_ANONYMOUS|MAP_NORESERVE, -1, 0 <unfinished ...>
18965 munmap(0x100140000000, 16384 <unfinished ...>
18963 <... munmap resumed>)             = 0
18957 munmap(0x100000200000, 16384 <unfinished ...>
18965 <... munmap resumed>)             = 0
18963 mmap(NULL, 16384, PROT_READ|PROT_WRITE, MAP_PRIVATE|MAP_ANONYMOUS|MAP_NORESERVE, -1, 0 <unfinished ...>
18961 <... munmap resumed>)             = 0
18965 mmap(NULL, 16384, PROT_READ|PROT_WRITE, MAP_PRIVATE|MAP_ANONYMOUS|MAP_NORESERVE, -1, 0 <unfinished ...>
18973 <... mmap resumed>)               = 0x100140000000
18965 <... mmap resumed>)               = 0x100140200000
18963 <... mmap resumed>)               = 0x100100000000
18961 mmap(NULL, 16384, PROT_READ|PROT_WRITE, MAP_PRIVATE|MAP_ANONYMOUS|MAP_NORESERVE, -1, 0 <unfinished ...>
18974 <... mmap resumed>)               = 0x100000000000
18973 munmap(0x100140000000, 16384 <unfinished ...>
18971 <... munmap resumed>)             = 0
18965 munmap(0x100140200000, 16384 <unfinished ...>
18963 munmap(0x100100000000, 16384 <unfinished ...>
18974 munmap(0x100000000000, 16384 <unfinished ...>
18971 mmap(NULL, 16384, PROT_READ|PROT_WRITE, MAP_PRIVATE|MAP_ANONYMOUS|MAP_NORESERVE, -1, 0 <unfinished ...>
18964 <... mmap resumed>)               = 0x100040000000
18962 <... munmap resumed>)             = 0
18963 <... munmap resumed>)             = 0
18969 <... munmap resumed>)             = 0
18964 munmap(0x100040000000, 16384 <unfinished ...>
18963 mmap(NULL, 16384, PROT_READ|PROT_WRITE, MAP_PRIVATE|MAP_ANONYMOUS|MAP_NORESERVE, -1, 0 <unfinished ...>
18962 mmap(NULL, 16384, PROT_READ|PROT_WRITE, MAP_PRIVATE|MAP_ANONYMOUS|MAP_NORESERVE, -1, 0 <unfinished ...>
18969 mmap(NULL, 16384, PROT_READ|PROT_WRITE, MAP_PRIVATE|MAP_ANONYMOUS|MAP_NORESERVE, -1, 0 <unfinished ...>
18967 <... munmap resumed>)             = 0
18967 mmap(NULL, 16384, PROT_READ|PROT_WRITE, MAP_PRIVATE|MAP_ANONYMOUS|MAP_NORESERVE, -1, 0 <unfinished ...>
18964 <... munmap resumed>)             = 0
18958 <... mmap resumed>)               = 0x100040000000
18967 <... mmap resumed>)               = 0x1001c0000000
18966 <... mmap resumed>)               = 0x100040200000
18964 futex(0x7ffc4c92d944, FUTEX_WAIT_PRIVATE, 0, NULL <unfinished ...>
18958 munmap(0x100040000000, 16384 <unfinished ...>
18972 <... munmap resumed>)             = 0
18967 munmap(0x1001c0000000, 16384 <unfinished ...>
18966 munmap(0x100040200000, 16384 <unfinished ...>
18972 mmap(NULL, 16384, PROT_READ|PROT_WRITE, MAP_PRIVATE|MAP_ANONYMOUS|MAP_NORESERVE, -1, 0 <unfinished ...>
18970 <... mmap resumed>)               = 0x1001c0200000
18967 <... munmap resumed>)             = 0
18966 <... munmap resumed>)             = 0
18958 <... munmap resumed>)             = 0
18968 <... mmap resumed>)               = 0x100040200000
18957 <... munmap resumed>)             = 0
18958 futex(0x7ffc4c92d944, FUTEX_WAIT_PRIVATE, 0, NULL <unfinished ...>
18957 futex(0x7ffc4c92d944, FUTEX_WAIT_PRIVATE, 0, NULL <unfinished ...>
18972 <... mmap resumed>)               = 0x100000200000
18970 munmap(0x1001c0200000, 16384 <unfinished ...>
18966 futex(0x7ffc4c92d944, FUTEX_WAIT_PRIVATE, 0, NULL <unfinished ...>
18973 <... munmap resumed>)             = 0
18968 munmap(0x100040200000, 16384 <unfinished ...>
18967 futex(0x7ffc4c92d944, FUTEX_WAIT_PRIVATE, 0, NULL <unfinished ...>
18961 <... mmap resumed>)               = 0x1001c0000000
18972 munmap(0x100000200000, 16384 <unfinished ...>
18973 futex(0x7ffc4c92d944, FUTEX_WAIT_PRIVATE, 0, NULL <unfinished ...>
18970 <... munmap resumed>)             = 0
18961 munmap(0x1001c0000000, 16384 <unfinished ...>
18974 <... munmap resumed>)             = 0
18970 futex(0x7ffc4c92d944, FUTEX_WAIT_PRIVATE, 0, NULL <unfinished ...>
18961 <... munmap resumed>)             = 0
18974 futex(0x7ffc4c92d944, FUTEX_WAIT_PRIVATE, 0, NULL <unfinished ...>
18965 <... munmap resumed>)             = 0
18965 futex(0x7ffc4c92d944, FUTEX_WAIT_PRIVATE, 0, NULL <unfinished ...>
18971 <... mmap resumed>)               = 0x100140200000
18961 futex(0x7ffc4c92d944, FUTEX_WAIT_PRIVATE, 0, NULL <unfinished ...>
18962 <... mmap resumed>)               = 0x1001c0000000
18962 munmap(0x1001c0000000, 16384)     = 0
18962 futex(0x7ffc4c92d944, FUTEX_WAIT_PRIVATE, 0, NULL <unfinished ...>
18971 munmap(0x100140200000, 16384 <unfinished ...>
18963 <... mmap resumed>)               = 0x1001c0000000
18971 <... munmap resumed>)             = 0
18963 munmap(0x1001c0000000, 16384 <unfinished ...>
18971 futex(0x7ffc4c92d944, FUTEX_WAIT_PRIVATE, 0, NULL <unfinished ...>
18969 <... mmap resumed>)               = 0x100140200000
18968 <... munmap resumed>)             = 0
18972 <... munmap resumed>)             = 0
18969 munmap(0x100140200000, 16384 <unfinished ...>
18968 futex(0x7ffc4c92d944, FUTEX_WAIT_PRIVATE, 0, NULL <unfinished ...>
18972 futex(0x7ffc4c92d944, FUTEX_WAIT_PRIVATE, 0, NULL <unfinished ...>
18969 <... munmap resumed>)             = 0
18963 <... munmap resumed>)             = 0
18969 futex(0x7ffc4c92d944, FUTEX_WAIT_PRIVATE, 0, NULL) = -1 EAGAIN (Resource temporarily unavailable)
18963 futex(0x7ffc4c92d944, FUTEX_WAKE_PRIVATE, 2147483647 <unfinished ...>
18969 rt_sigprocmask(SIG_BLOCK, ~[RT_1], NULL, 8) = 0
18956 <... futex resumed>)              = 0
18956 futex(0x7fa2b3e6e990, FUTEX_WAIT_BITSET|FUTEX_CLOCK_REALTIME, 18957, NULL, FUTEX_BITSET_MATCH_ANY <unfinished ...>
18974 <... futex resumed>)              = 0
18973 <... futex resumed>)              = 0
18972 <... futex resumed>)              = 0
18971 <... futex resumed>)              = 0
18969 madvise(0x7fa2ae664000, 8368128, MADV_DONTNEED <unfinished ...>
18967 <... futex resumed>)              = 0
18965 <... futex resumed>)              = 0
18964 <... futex resumed>)              = 0
18963 <... futex resumed>)              = 15
18961 <... futex resumed>)              = 0
18958 <... futex resumed>)              = 0
18957 <... futex resumed>)              = 0
18974 rt_sigprocmask(SIG_BLOCK, ~[RT_1],  <unfinished ...>
18973 rt_sigprocmask(SIG_BLOCK, ~[RT_1],  <unfinished ...>
18972 rt_sigprocmask(SIG_BLOCK, ~[RT_1],  <unfinished ...>
18971 rt_sigprocmask(SIG_BLOCK, ~[RT_1],  <unfinished ...>
18970 <... futex resumed>)              = 0
18969 <... madvise resumed>)            = 0
18968 <... futex resumed>)              = 0
18967 rt_sigprocmask(SIG_BLOCK, ~[RT_1],  <unfinished ...>
18966 <... futex resumed>)              = 0
18965 rt_sigprocmask(SIG_BLOCK, ~[RT_1],  <unfinished ...>
18964 rt_sigprocmask(SIG_BLOCK, ~[RT_1],  <unfinished ...>
18963 rt_sigprocmask(SIG_BLOCK, ~[RT_1],  <unfinished ...>
18962 <... futex resumed>)              = 0
18961 rt_sigprocmask(SIG_BLOCK, ~[RT_1],  <unfinished ...>
18958 rt_sigprocmask(SIG_BLOCK, ~[RT_1],  <unfinished ...>
18974 <... rt_sigprocmask resumed>NULL, 8) = 0
18973 <... rt_sigprocmask resumed>NULL, 8) = 0
18972 <... rt_sigprocmask resumed>NULL, 8) = 0
18971 <... rt_sigprocmask resumed>NULL, 8) = 0
18970 rt_sigprocmask(SIG_BLOCK, ~[RT_1],  <unfinished ...>
18969 exit(0 <unfinished ...>
18968 rt_sigprocmask(SIG_BLOCK, ~[RT_1],  <unfinished ...>
18967 <... rt_sigprocmask resumed>NULL, 8) = 0
18966 rt_sigprocmask(SIG_BLOCK, ~[RT_1],  <unfinished ...>
18965 <... rt_sigprocmask resumed>NULL, 8) = 0
18964 <... rt_sigprocmask resumed>NULL, 8) = 0
18963 <... rt_sigprocmask resumed>NULL, 8) = 0
18962 rt_sigprocmask(SIG_BLOCK, ~[RT_1],  <unfinished ...>
18957 rt_sigprocmask(SIG_BLOCK, ~[RT_1],  <unfinished ...>
18974 madvise(0x7fa2abe5f000, 8368128, MADV_DONTNEED <unfinished ...>
18973 madvise(0x7fa2ac660000, 8368128, MADV_DONTNEED <unfinished ...>
18972 madvise(0x7fa2ace61000, 8368128, MADV_DONTNEED <unfinished ...>
18971 madvise(0x7fa2ad662000, 8368128, MADV_DONTNEED <unfinished ...>
18970 <... rt_sigprocmask resumed>NULL, 8) = 0
18969 <... exit resumed>)               = ?
18968 <... rt_sigprocmask resumed>NULL, 8) = 0
18967 madvise(0x7fa2af666000, 8368128, MADV_DONTNEED <unfinished ...>
18966 <... rt_sigprocmask resumed>NULL, 8) = 0
18965 madvise(0x7fa2b0668000, 8368128, MADV_DONTNEED <unfinished ...>
18964 madvise(0x7fa2b0e69000, 8368128, MADV_DONTNEED <unfinished ...>
18961 <... rt_sigprocmask resumed>NULL, 8) = 0
18958 <... rt_sigprocmask resumed>NULL, 8) = 0
18974 <... madvise resumed>)            = 0
18973 <... madvise resumed>)            = 0
18972 <... madvise resumed>)            = 0
18971 <... madvise resumed>)            = 0
18970 madvise(0x7fa2ade63000, 8368128, MADV_DONTNEED <unfinished ...>
18968 madvise(0x7fa2aee65000, 8368128, MADV_DONTNEED <unfinished ...>
18967 <... madvise resumed>)            = 0
18966 madvise(0x7fa2afe67000, 8368128, MADV_DONTNEED <unfinished ...>
18965 <... madvise resumed>)            = 0
18963 madvise(0x7fa2b166a000, 8368128, MADV_DONTNEED <unfinished ...>
18962 <... rt_sigprocmask resumed>NULL, 8) = 0
18957 <... rt_sigprocmask resumed>NULL, 8) = 0
18974 exit(0 <unfinished ...>
18973 exit(0 <unfinished ...>
18972 exit(0 <unfinished ...>
18971 exit(0 <unfinished ...>
18970 <... madvise resumed>)            = 0
18968 <... madvise resumed>)            = 0
18967 exit(0 <unfinished ...>
18966 <... madvise resumed>)            = 0
18965 exit(0 <unfinished ...>
18964 <... madvise resumed>)            = 0
18961 madvise(0x7fa2b266c000, 8368128, MADV_DONTNEED <unfinished ...>
18958 madvise(0x7fa2b2e6d000, 8368128, MADV_DONTNEED <unfinished ...>
18974 <... exit resumed>)               = ?
18973 <... exit resumed>)               = ?
18972 <... exit resumed>)               = ?
18971 <... exit resumed>)               = ?
18970 exit(0 <unfinished ...>
18967 <... exit resumed>)               = ?
18965 <... exit resumed>)               = ?
18963 <... madvise resumed>)            = 0
18962 madvise(0x7fa2b1e6b000, 8368128, MADV_DONTNEED <unfinished ...>
18957 madvise(0x7fa2b366e000, 8368128, MADV_DONTNEED <unfinished ...>
18970 <... exit resumed>)               = ?
18968 exit(0 <unfinished ...>
18966 exit(0 <unfinished ...>
18964 exit(0 <unfinished ...>
18961 <... madvise resumed>)            = 0
18958 <... madvise resumed>)            = 0
18968 <... exit resumed>)               = ?
18966 <... exit resumed>)               = ?
18964 <... exit resumed>)               = ?
18963 exit(0 <unfinished ...>
18962 <... madvise resumed>)            = 0
18961 exit(0 <unfinished ...>
18957 <... madvise resumed>)            = 0
18958 exit(0 <unfinished ...>
18963 <... exit resumed>)               = ?
18962 exit(0 <unfinished ...>
18958 <... exit resumed>)               = ?
18962 <... exit resumed>)               = ?
18961 <... exit resumed>)               = ?
18957 exit(0)                           = ?
18956 <... futex resumed>)              = 0
18956 munmap(0x7fa2b366e000, 8392704)   = 0
18956 munmap(0x7fa2b2e6d000, 8392704)   = 0
18956 munmap(0x7fa2b266c000, 8392704)   = 0
18956 munmap(0x7fa2b1e6b000, 8392704)   = 0
18956 munmap(0x7fa2b166a000, 8392704)   = 0
18956 munmap(0x7fa2b0e69000, 8392704)   = 0
18956 munmap(0x7fa2b0668000, 8392704)   = 0
18956 munmap(0x7fa2afe67000, 8392704)   = 0
18956 munmap(0x7fa2af666000, 8392704)   = 0
18956 munmap(0x7fa2aee65000, 8392704)   = 0
18956 munmap(0x7fa2ae664000, 8392704)   = 0
18956 munmap(0x7fa2ade63000, 8392704)   = 0
18956 openat(AT_FDCWD, "/proc/self/statm", O_RDONLY) = 3
18956 fstat(3, {st_mode=S_IFREG|0444, st_size=0, ...}) = 0
18956 read(3, "17055 500 462 2 0 16474 0\n", 1024) = 26
18956 write(2, "mmbench: peak RSS ~1 MB\n", 24) = 24
18956 close(3)                          = 0
18956 uname({sysname="Linux", nodename="syzkaller", ...}) = 0
18956 uname({sysname="Linux", nodename="syzkaller", ...}) = 0
18956 fstat(1, {st_mode=S_IFCHR|0666, st_rdev=makedev(0x1, 0x3), ...}) = 0
18956 ioctl(1, TCGETS, 0x7ffc4c92cef0)  = -1 ENOTTY (Inappropriate ioctl for device)
18956 write(1, "{\"bench\":\"mmap-pf\",\"contention\":\"high\",\"threads\":16,\"ops\":1205,\"elapsed_s\":1.006,\"ops_per_us\":7."..., 192) = 192
18956 rt_sigprocmask(SIG_BLOCK, ~[], [], 8) = 0
18956 clone(child_stack=NULL, flags=CLONE_CHILD_CLEARTID|CLONE_CHILD_SETTID|SIGCHLD, child_tidptr=0x7fa2b3e6fa10) = 18985
18985 set_robust_list(0x7fa2b3e6fa20, 24 <unfinished ...>
18956 rt_sigprocmask(SIG_SETMASK, [], NULL, 8) = 0
18985 <... set_robust_list resumed>)    = 0
18956 wait4(18985,  <unfinished ...>
18985 rt_sigprocmask(SIG_SETMASK, [], NULL, 8) = 0
18985 exit_group(42)                    = ?
18956 <... wait4 resumed>[{WIFEXITED(s) && WEXITSTATUS(s) == 42}], 0, NULL) = 18985
18956 --- SIGCHLD {si_signo=SIGCHLD, si_code=CLD_EXITED, si_pid=18985, si_uid=0, si_status=42, si_utime=0, si_stime=0} ---
18956 write(2, "corten_mode_hook: fork-probe OK (threads+arenas alive, child exited 42)\n", 72) = 72
18956 exit_group(0)                     = ?
