[    0.000000] Linux version 6.18.32-g82a35da6b541-dirty (ppw@vm) (gcc (Ubuntu 11.4.0-1ubuntu1~22.04.3) 11.4.0, GNU ld (GNU Binutils for Ubuntu) 2.38) #342 SMP PREEMPT_DYNAMIC Sun Oct  4 20:18:21 CST 2026
[    0.000000] Command line: console=ttyS0 corten=on console=ttyS0 kunit.filter_glob=corten* panic=-1
[    0.000000] BIOS-provided physical RAM map:
[    0.000000] BIOS-e820: [mem 0x0000000000000000-0x000000000009fbff] usable
[    0.000000] BIOS-e820: [mem 0x000000000009fc00-0x000000000009ffff] reserved
[    0.000000] BIOS-e820: [mem 0x00000000000f0000-0x00000000000fffff] reserved
[    0.000000] BIOS-e820: [mem 0x0000000000100000-0x000000007ffdffff] usable
[    0.000000] BIOS-e820: [mem 0x000000007ffe0000-0x000000007fffffff] reserved
[    0.000000] BIOS-e820: [mem 0x00000000feffc000-0x00000000feffffff] reserved
[    0.000000] BIOS-e820: [mem 0x00000000fffc0000-0x00000000ffffffff] reserved
[    0.000000] NX (Execute Disable) protection: active
[    0.000000] APIC: Static calls initialized
[    0.000000] SMBIOS 2.8 present.
[    0.000000] DMI: QEMU Standard PC (i440FX + PIIX, 1996), BIOS 1.15.0-1 04/01/2014
[    0.000000] DMI: Memory slots populated: 1/1
[    0.000000] Hypervisor detected: KVM
[    0.000000] last_pfn = 0x7ffe0 max_arch_pfn = 0x400000000
[    0.000000] kvm-clock: Using msrs 4b564d01 and 4b564d00
[    0.000004] kvm-clock: using sched offset of 1752802248 cycles
[    0.000009] clocksource: kvm-clock: mask: 0xffffffffffffffff max_cycles: 0x1cd42e4dffb, max_idle_ns: 881590591483 ns
[    0.000073] tsc: Detected 2419.196 MHz processor
[    0.002278] last_pfn = 0x7ffe0 max_arch_pfn = 0x400000000
[    0.002492] MTRR map: 4 entries (3 fixed + 1 variable; max 19), built from 8 variable MTRRs
[    0.002519] x86/PAT: Configuration [0-7]: WB  WC  UC- UC  WB  WP  UC- WT  
[    0.019056] found SMP MP-table at [mem 0x000f5ba0-0x000f5baf]
[    0.019399] Using GB pages for direct mapping
[    0.019806] ACPI: Early table checksum verification disabled
[    0.019983] ACPI: RSDP 0x00000000000F59E0 000014 (v00 BOCHS )
[    0.020105] ACPI: RSDT 0x000000007FFE1B95 000034 (v01 BOCHS  BXPC     00000001 BXPC 00000001)
[    0.020216] ACPI: FACP 0x000000007FFE1A11 000074 (v01 BOCHS  BXPC     00000001 BXPC 00000001)
[    0.020330] ACPI: DSDT 0x000000007FFE0040 0019D1 (v01 BOCHS  BXPC     00000001 BXPC 00000001)
[    0.020338] ACPI: FACS 0x000000007FFE0000 000040
[    0.020343] ACPI: APIC 0x000000007FFE1A85 0000B0 (v01 BOCHS  BXPC     00000001 BXPC 00000001)
[    0.020348] ACPI: HPET 0x000000007FFE1B35 000038 (v01 BOCHS  BXPC     00000001 BXPC 00000001)
[    0.020354] ACPI: WAET 0x000000007FFE1B6D 000028 (v01 BOCHS  BXPC     00000001 BXPC 00000001)
[    0.020359] ACPI: Reserving FACP table memory at [mem 0x7ffe1a11-0x7ffe1a84]
[    0.020363] ACPI: Reserving DSDT table memory at [mem 0x7ffe0040-0x7ffe1a10]
[    0.020365] ACPI: Reserving FACS table memory at [mem 0x7ffe0000-0x7ffe003f]
[    0.020367] ACPI: Reserving APIC table memory at [mem 0x7ffe1a85-0x7ffe1b34]
[    0.020368] ACPI: Reserving HPET table memory at [mem 0x7ffe1b35-0x7ffe1b6c]
[    0.020370] ACPI: Reserving WAET table memory at [mem 0x7ffe1b6d-0x7ffe1b94]
[    0.025236] No NUMA configuration found
[    0.025238] Faking a node at [mem 0x0000000000000000-0x000000007ffdffff]
[    0.025242] NODE_DATA(0) allocated [mem 0x7ffdc140-0x7ffdffff]
[    0.026582] Zone ranges:
[    0.026583]   DMA      [mem 0x0000000000001000-0x0000000000ffffff]
[    0.026585]   DMA32    [mem 0x0000000001000000-0x000000007ffdffff]
[    0.026586]   Normal   empty
[    0.026587] Movable zone start for each node
[    0.026587] Early memory node ranges
[    0.026587]   node   0: [mem 0x0000000000001000-0x000000000009efff]
[    0.026595]   node   0: [mem 0x0000000000100000-0x000000007ffdffff]
[    0.026597] Initmem setup node 0 [mem 0x0000000000001000-0x000000007ffdffff]
[    0.027516] On node 0, zone DMA: 1 pages in unavailable ranges
[    0.028628] On node 0, zone DMA: 97 pages in unavailable ranges
[    0.169389] On node 0, zone DMA32: 32 pages in unavailable ranges
[    0.170272] ACPI: PM-Timer IO Port: 0x608
[    0.170301] ACPI: LAPIC_NMI (acpi_id[0xff] dfl dfl lint[0x1])
[    0.170825] IOAPIC[0]: apic_id 0, version 17, address 0xfec00000, GSI 0-23
[    0.170837] ACPI: INT_SRC_OVR (bus 0 bus_irq 0 global_irq 2 dfl dfl)
[    0.170839] ACPI: INT_SRC_OVR (bus 0 bus_irq 5 global_irq 5 high level)
[    0.170840] ACPI: INT_SRC_OVR (bus 0 bus_irq 9 global_irq 9 high level)
[    0.170849] ACPI: INT_SRC_OVR (bus 0 bus_irq 10 global_irq 10 high level)
[    0.170850] ACPI: INT_SRC_OVR (bus 0 bus_irq 11 global_irq 11 high level)
[    0.170853] ACPI: Using ACPI (MADT) for SMP configuration information
[    0.170854] ACPI: HPET id: 0x8086a201 base: 0xfed00000
[    0.170859] TSC deadline timer available
[    0.170863] CPU topo: Max. logical packages:   1
[    0.170863] CPU topo: Max. logical dies:       1
[    0.170864] CPU topo: Max. dies per package:   1
[    0.170867] CPU topo: Max. threads per core:   1
[    0.170875] CPU topo: Num. cores per package:     8
[    0.170876] CPU topo: Num. threads per package:   8
[    0.170876] CPU topo: Allowing 8 present CPUs plus 0 hotplug CPUs
[    0.170914] kvm-guest: APIC: eoi() replaced with kvm_guest_apic_eoi_write()
[    0.170961] kvm-guest: KVM setup pv remote TLB flush
[    0.170977] kvm-guest: setup PV sched yield
[    0.171068] PM: hibernation: Registered nosave memory: [mem 0x00000000-0x00000fff]
[    0.171070] PM: hibernation: Registered nosave memory: [mem 0x0009f000-0x000fffff]
[    0.171071] [mem 0x80000000-0xfeffbfff] available for PCI devices
[    0.171073] Booting paravirtualized kernel on KVM
[    0.171086] clocksource: refined-jiffies: mask: 0xffffffff max_cycles: 0xffffffff, max_idle_ns: 1910969940391419 ns
[    0.181566] setup_percpu: NR_CPUS:64 nr_cpumask_bits:8 nr_cpu_ids:8 nr_node_ids:1
[    0.185184] percpu: Embedded 54 pages/cpu s182680 r8192 d30312 u262144
[    0.185393] Kernel command line: console=ttyS0 corten=on console=ttyS0 kunit.filter_glob=corten* panic=-1
[    0.188474] corten: requested on, activating at initcall time
[    0.188599] random: crng init done
[    0.188601] printk: log buffer data + meta data: 262144 + 917504 = 1179648 bytes
[    0.194541] Dentry cache hash table entries: 262144 (order: 9, 2097152 bytes, linear)
[    0.204464] Inode-cache hash table entries: 131072 (order: 8, 1048576 bytes, linear)
[    0.205129] Fallback order for Node 0: 0 
[    0.205138] Built 1 zonelists, mobility grouping on.  Total pages: 524158
[    0.205139] Policy zone: DMA32
[    0.205142] mem auto-init: stack:off, heap alloc:off, heap free:off
[    0.214676] SLUB: HWalign=64, Order=0-3, MinObjects=0, CPUs=8, Nodes=1
[    0.227586] Dynamic Preempt: voluntary
[    0.228584] rcu: Preemptible hierarchical RCU implementation.
[    0.228586] rcu: 	RCU event tracing is enabled.
[    0.228586] rcu: 	RCU restricting CPUs from NR_CPUS=64 to nr_cpu_ids=8.
[    0.228594] 	Trampoline variant of Tasks RCU enabled.
[    0.228594] 	Tracing variant of Tasks RCU enabled.
[    0.228595] rcu: RCU calculated value of scheduler-enlistment delay is 100 jiffies.
[    0.228596] rcu: Adjusting geometry for rcu_fanout_leaf=16, nr_cpu_ids=8
[    0.228626] RCU Tasks: Setting shift to 3 and lim to 1 rcu_task_cb_adjust=1 rcu_task_cpu_ids=8.
[    0.228627] RCU Tasks Trace: Setting shift to 3 and lim to 1 rcu_task_cb_adjust=1 rcu_task_cpu_ids=8.
[    0.241289] NR_IRQS: 4352, nr_irqs: 488, preallocated irqs: 16
[    0.242559] rcu: srcu_init: Setting srcu_struct sizes based on contention.
[    0.293196] Console: colour VGA+ 80x25
[    0.293354] printk: legacy console [ttyS0] enabled
[    0.693335] ACPI: Core revision 20250807
[    0.700810] clocksource: hpet: mask: 0xffffffff max_cycles: 0xffffffff, max_idle_ns: 19112604467 ns
[    0.706968] APIC: Switch to symmetric I/O mode setup
[    0.718326] x2apic enabled
[    0.726457] APIC: Switched APIC routing to: physical x2apic
[    0.731333] kvm-guest: APIC: send_IPI_mask() replaced with kvm_send_ipi_mask()
[    0.738534] kvm-guest: APIC: send_IPI_mask_allbutself() replaced with kvm_send_ipi_mask_allbutself()
[    0.745231] kvm-guest: setup PV IPIs
[    0.767607] ..TIMER: vector=0x30 apic1=0 pin1=2 apic2=-1 pin2=-1
[    0.771863] clocksource: tsc-early: mask: 0xffffffffffffffff max_cycles: 0x22df0d21928, max_idle_ns: 440795225288 ns
[    0.783667] Calibrating delay loop (skipped) preset value.. 4838.39 BogoMIPS (lpj=2419196)
[    0.785843] x86/cpu: User Mode Instruction Prevention (UMIP) activated
[    0.788656] Last level iTLB entries: 4KB 0, 2MB 0, 4MB 0
[    0.788668] Last level dTLB entries: 4KB 0, 2MB 0, 4MB 0, 1GB 0
[    0.789794] mitigations: Enabled attack vectors: user_kernel, user_user, SMT mitigations: auto
[    0.790689] Speculative Store Bypass: Mitigation: Speculative Store Bypass disabled via prctl
[    0.791667] Spectre V2 : Mitigation: Enhanced / Automatic IBRS
[    0.792666] ITS: Mitigation: Aligned branch/return thunks
[    0.793661] Spectre V1 : Mitigation: usercopy/swapgs barriers and __user pointer sanitization
[    0.794710] Spectre V2 : Spectre v2 / PBRSB-eIBRS: Retire a single CALL on VMEXIT
[    0.795678] Spectre V2 : mitigation: Enabling conditional Indirect Branch Prediction Barrier
[    0.796663] active return thunk: its_return_thunk
[    0.798658] x86/fpu: Supporting XSAVE feature 0x001: 'x87 floating point registers'
[    0.799669] x86/fpu: Supporting XSAVE feature 0x002: 'SSE registers'
[    0.800661] x86/fpu: Supporting XSAVE feature 0x004: 'AVX registers'
[    0.801661] x86/fpu: Supporting XSAVE feature 0x200: 'Protection Keys User registers'
[    0.802670] x86/fpu: xstate_offset[2]:  576, xstate_sizes[2]:  256
[    0.803668] x86/fpu: xstate_offset[9]:  832, xstate_sizes[9]:    8
[    0.804668] x86/fpu: Enabled xstate features 0x207, context size is 840 bytes, using 'compacted' format.
[    0.888868] Freeing SMP alternatives memory: 64K
[    0.889672] pid_max: default: 32768 minimum: 301
[    0.890810] LSM: initializing lsm=capability,selinux
[    0.891712] SELinux:  Initializing.
[    0.892797] Mount-cache hash table entries: 4096 (order: 3, 32768 bytes, linear)
[    0.893785] Mountpoint-cache hash table entries: 4096 (order: 3, 32768 bytes, linear)
[    0.899065] smpboot: CPU0: 13th Gen Intel(R) Core(TM) i9-13900HX (family: 0x6, model: 0xb7, stepping: 0x1)
[    0.901127] Performance Events: Alderlake Hybrid events, core PMU driver.
[    0.902678] core: CPUID marked event: 'cpu cycles' unavailable
[    0.903656] core: CPUID marked event: 'instructions' unavailable
[    0.903672] core: CPUID marked event: 'bus cycles' unavailable
[    0.904656] core: CPUID marked event: 'cache references' unavailable
[    0.904673] core: CPUID marked event: 'cache misses' unavailable
[    0.905673] core: CPUID marked event: 'branch instructions' unavailable
[    0.906669] core: CPUID marked event: 'branch misses' unavailable
[    0.907860] core: The event 0x100 is not supported as a normal event.
[    0.908677] core: The event 0x300 is not supported as a normal event.
[    0.909673] core: The event 0x400 is not supported as a normal event.
[    0.910672] core: The event 0x8000 is not supported as a normal event.
[    0.911675] core: The event 0x8100 is not supported as a normal event.
[    0.912673] core: The event 0x8200 is not supported as a normal event.
[    0.913701] core: The event 0x8300 is not supported as a normal event.
[    0.914706] core: The event 0x8400 is not supported as a normal event.
[    0.915700] core: The event 0x8500 is not supported as a normal event.
[    0.916709] core: The event 0x8600 is not supported as a normal event.
[    0.917671] core: The event 0x8700 is not supported as a normal event.
[    0.919104] core: cpu_core PMU driver: 
[    0.919656] ... version:                   1
[    0.919670] ... bit width:                 48
[    0.920697] ... generic counters:          6
[    0.921668] ... generic bitmap:            000000000000003f
[    0.922671] ... fixed-purpose counters:    0
[    0.923697] ... fixed-purpose bitmap:      0000000000000000
[    0.924672] ... value mask:                0000ffffffffffff
[    0.925656] ... max period:                000000007fffffff
[    0.925710] ... global_ctrl mask:          000100000000003f
[    0.927298] signal: max sigframe size: 3632
[    0.927919] rcu: Hierarchical SRCU implementation.
[    0.928707] rcu: 	Max phase no-delay instances is 400.
[    0.930362] Timer migration: 1 hierarchy levels; 8 children per group; 1 crossnode level
[    0.933656] corten: page descriptors enabled
[    0.934048] smp: Bringing up secondary CPUs ...
[    0.935267] smpboot: x86: Booting SMP configuration:
[    0.935716] .... node  #0, CPUs:      #1 #2 #3 #4 #5 #6 #7
[    0.967656] smp: Brought up 1 node, 8 CPUs
[    0.968671] smpboot: Total of 8 processors activated (38707.13 BogoMIPS)
[    0.972109] Memory: 2003448K/2096632K available (21726K kernel code, 3204K rwdata, 9184K rodata, 3288K init, 1132K bss, 85428K reserved, 0K cma-reserved)
[    0.973689] devtmpfs: initialized
[    0.975680] clocksource: jiffies: mask: 0xffffffff max_cycles: 0xffffffff, max_idle_ns: 1911260446275000 ns
[    0.976682] posixtimers hash table entries: 4096 (order: 4, 65536 bytes, linear)
[    0.978708] futex hash table entries: 2048 (131072 bytes on 1 NUMA nodes, total 128 KiB, linear).
[    0.980202] PM: RTC time: 12:19:19, date: 2026-10-04
[    0.987799] NET: Registered PF_NETLINK/PF_ROUTE protocol family
[    0.989015] audit: initializing netlink subsys (disabled)
[    0.990713] audit: type=2000 audit(1791116358.930:1): state=initialized audit_enabled=0 res=1
[    0.990925] thermal_sys: Registered thermal governor 'step_wise'
[    0.991863] cpuidle: using governor menu
[    0.995766] PCI: Using configuration type 1 for base access
[    0.997841] kprobes: kprobe jump-optimization is enabled. All kprobes are optimized if possible.
[    1.000855] HugeTLB: registered 2.00 MiB page size, pre-allocated 0 pages
[    1.001676] HugeTLB: 28 KiB vmemmap can be freed for a 2.00 MiB page
[    1.028138] ACPI: Added _OSI(Module Device)
[    1.028674] ACPI: Added _OSI(Processor Device)
[    1.029672] ACPI: Added _OSI(Processor Aggregator Device)
[    1.031286] ACPI: 1 ACPI AML tables successfully acquired and loaded
[    1.036783] ACPI: Interpreter enabled
[    1.037713] ACPI: PM: (supports S0 S3 S4 S5)
[    1.038708] ACPI: Using IOAPIC for interrupt routing
[    1.039840] PCI: Using host bridge windows from ACPI; if necessary, use "pci=nocrs" and report a bug
[    1.040708] PCI: Using E820 reservations for host bridge windows
[    1.042005] ACPI: Enabled 2 GPEs in block 00 to 0F
[    1.050190] ACPI: PCI Root Bridge [PCI0] (domain 0000 [bus 00-ff])
[    1.050720] acpi PNP0A03:00: _OSC: OS supports [ASPM ClockPM Segments MSI HPX-Type3]
[    1.051717] acpi PNP0A03:00: _OSC: not requesting OS control; OS requires [ExtendedConfig ASPM ClockPM MSI]
[    1.052749] acpi PNP0A03:00: fail to add MMCONFIG information, can't access extended configuration space under this bridge
[    1.053826] PCI host bridge to bus 0000:00
[    1.054683] pci_bus 0000:00: root bus resource [io  0x0000-0x0cf7 window]
[    1.055675] pci_bus 0000:00: root bus resource [io  0x0d00-0xffff window]
[    1.056709] pci_bus 0000:00: root bus resource [mem 0x000a0000-0x000bffff window]
[    1.057711] pci_bus 0000:00: root bus resource [mem 0x80000000-0xfebfffff window]
[    1.058710] pci_bus 0000:00: root bus resource [mem 0x100000000-0x17fffffff window]
[    1.059712] pci_bus 0000:00: root bus resource [bus 00-ff]
[    1.061063] pci 0000:00:00.0: [8086:1237] type 00 class 0x060000 conventional PCI endpoint
[    1.065179] pci 0000:00:01.0: [8086:7000] type 00 class 0x060100 conventional PCI endpoint
[    1.068292] pci 0000:00:01.1: [8086:7010] type 00 class 0x010180 conventional PCI endpoint
[    1.071706] pci 0000:00:01.1: BAR 4 [io  0xc040-0xc04f]
[    1.073549] pci 0000:00:01.1: BAR 0 [io  0x01f0-0x01f7]: legacy IDE quirk
[    1.073712] pci 0000:00:01.1: BAR 1 [io  0x03f6]: legacy IDE quirk
[    1.074677] pci 0000:00:01.1: BAR 2 [io  0x0170-0x0177]: legacy IDE quirk
[    1.075674] pci 0000:00:01.1: BAR 3 [io  0x0376]: legacy IDE quirk
[    1.078427] pci 0000:00:01.3: [8086:7113] type 00 class 0x068000 conventional PCI endpoint
[    1.079765] pci 0000:00:01.3: quirk: [io  0x0600-0x063f] claimed by PIIX4 ACPI
[    1.080803] pci 0000:00:01.3: quirk: [io  0x0700-0x070f] claimed by PIIX4 SMB
[    1.083187] pci 0000:00:02.0: [1234:1111] type 00 class 0x030000 conventional PCI endpoint
[    1.088192] pci 0000:00:02.0: BAR 0 [mem 0xfd000000-0xfdffffff pref]
[    1.089742] pci 0000:00:02.0: BAR 2 [mem 0xfebb0000-0xfebb0fff]
[    1.091036] pci 0000:00:02.0: ROM [mem 0xfeba0000-0xfebaffff pref]
[    1.095454] pci 0000:00:02.0: Video device with shadowed ROM at [mem 0x000c0000-0x000dffff]
[    1.111142] pci 0000:00:03.0: [8086:100e] type 00 class 0x020000 conventional PCI endpoint
[    1.113656] pci 0000:00:03.0: BAR 0 [mem 0xfeb80000-0xfeb9ffff]
[    1.113704] pci 0000:00:03.0: BAR 1 [io  0xc000-0xc03f]
[    1.115145] pci 0000:00:03.0: ROM [mem 0xfeb00000-0xfeb7ffff pref]
[    1.124952] ACPI: PCI: Interrupt link LNKA configured for IRQ 10
[    1.125975] ACPI: PCI: Interrupt link LNKB configured for IRQ 10
[    1.127054] ACPI: PCI: Interrupt link LNKC configured for IRQ 11
[    1.128225] ACPI: PCI: Interrupt link LNKD configured for IRQ 11
[    1.128842] ACPI: PCI: Interrupt link LNKS configured for IRQ 9
[    1.140177] iommu: Default domain type: Translated
[    1.140706] iommu: DMA domain TLB invalidation policy: lazy mode
[    1.150248] SCSI subsystem initialized
[    1.155733] ACPI: bus type USB registered
[    1.157353] usbcore: registered new interface driver usbfs
[    1.158021] usbcore: registered new interface driver hub
[    1.158950] usbcore: registered new device driver usb
[    1.159773] pps_core: LinuxPPS API ver. 1 registered
[    1.160670] pps_core: Software ver. 5.3.6 - Copyright 2005-2007 Rodolfo Giometti <giometti@linux.it>
[    1.161715] PTP clock support registered
[    1.164953] Advanced Linux Sound Architecture Driver Initialized.
[    1.174854] NetLabel: Initializing
[    1.175708] NetLabel:  domain hash size = 128
[    1.176872] NetLabel:  protocols = UNLABELED CIPSOv4 CALIPSO
[    1.178463] NetLabel:  unlabeled traffic allowed by default
[    1.181371] PCI: Using ACPI for IRQ routing
[    1.182977] pci 0000:00:02.0: vgaarb: setting as boot VGA device
[    1.183656] pci 0000:00:02.0: vgaarb: bridge control possible
[    1.183656] pci 0000:00:02.0: vgaarb: VGA device added: decodes=io+mem,owns=io+mem,locks=none
[    1.183674] vgaarb: loaded
[    1.187457] hpet0: at MMIO 0xfed00000, IRQs 2, 8, 0
[    1.187708] hpet0: 3 comparators, 64-bit 100.000000 MHz counter
[    1.194958] clocksource: Switched to clocksource kvm-clock
[    1.208507] VFS: Disk quotas dquot_6.6.0
[    1.213473] VFS: Dquot-cache hash table entries: 512 (order 0, 4096 bytes)
[    1.226302] pnp: PnP ACPI init
[    1.231853] pnp: PnP ACPI: found 6 devices
[    1.298509] clocksource: acpi_pm: mask: 0xffffff max_cycles: 0xffffff, max_idle_ns: 2085701024 ns
[    1.310304] NET: Registered PF_INET protocol family
[    1.314760] IP idents hash table entries: 32768 (order: 6, 262144 bytes, linear)
[    1.326040] tcp_listen_portaddr_hash hash table entries: 1024 (order: 2, 16384 bytes, linear)
[    1.333685] Table-perturb hash table entries: 65536 (order: 6, 262144 bytes, linear)
[    1.338701] TCP established hash table entries: 16384 (order: 5, 131072 bytes, linear)
[    1.347877] TCP bind hash table entries: 16384 (order: 7, 524288 bytes, linear)
[    1.358418] TCP: Hash tables configured (established 16384 bind 16384)
[    1.364316] UDP hash table entries: 1024 (order: 4, 65536 bytes, linear)
[    1.373934] UDP-Lite hash table entries: 1024 (order: 4, 65536 bytes, linear)
[    1.380040] NET: Registered PF_UNIX/PF_LOCAL protocol family
[    1.388700] RPC: Registered named UNIX socket transport module.
[    1.394717] RPC: Registered udp transport module.
[    1.397730] RPC: Registered tcp transport module.
[    1.399416] RPC: Registered tcp-with-tls transport module.
[    1.401636] RPC: Registered tcp NFSv4.1 backchannel transport module.
[    1.406127] pci_bus 0000:00: resource 4 [io  0x0000-0x0cf7 window]
[    1.409526] pci_bus 0000:00: resource 5 [io  0x0d00-0xffff window]
[    1.411587] pci_bus 0000:00: resource 6 [mem 0x000a0000-0x000bffff window]
[    1.417907] pci_bus 0000:00: resource 7 [mem 0x80000000-0xfebfffff window]
[    1.420333] pci_bus 0000:00: resource 8 [mem 0x100000000-0x17fffffff window]
[    1.423303] pci 0000:00:01.0: PIIX3: Enabling Passive Release
[    1.425703] pci 0000:00:00.0: Limiting direct PCI/PCI transfers
[    1.429910] PCI: CLS 0 bytes, default 64
[    1.433157] RAPL PMU: API unit is 2^-32 Joules, 0 fixed counters, 10737418240 ms ovfl timer
[    1.436214] clocksource: tsc: mask: 0xffffffffffffffff max_cycles: 0x22df0d21928, max_idle_ns: 440795225288 ns
[    1.454959] Initialise system trusted keyrings
[    1.461407] workingset: timestamp_bits=40 max_order=19 bucket_order=0
[    1.466424] NFS: Registering the id_resolver key type
[    1.468028] Key type id_resolver registered
[    1.470262] Key type id_legacy registered
[    1.475901] 9p: Installing v9fs 9p2000 file system support
[    1.504337] Key type asymmetric registered
[    1.506381] Asymmetric key parser 'x509' registered
[    1.509470] Block layer SCSI generic (bsg) driver version 0.4 loaded (major 251)
[    1.512252] io scheduler mq-deadline registered
[    1.516492] io scheduler kyber registered
[    1.525306] input: Power Button as /devices/LNXSYSTM:00/LNXPWRBN:00/input/input0
[    1.530622] ACPI: button: Power Button [PWRF]
[    1.542709] Serial: 8250/16550 driver, 4 ports, IRQ sharing enabled
[    1.549946] 00:04: ttyS0 at I/O 0x3f8 (irq = 4, base_baud = 115200) is a 16550A
[    1.563035] Non-volatile memory driver v1.3
[    1.566772] Linux agpgart interface v0.103
[    1.611867] ACPI: bus type drm_connector registered
[    1.634747] loop: module loaded
[    1.639119] zram: Added device: zram0
[    1.647227] scsi host0: ata_piix
[    1.650367] scsi host1: ata_piix
[    1.651660] ata1: PATA max MWDMA2 cmd 0x1f0 ctl 0x3f6 bmdma 0xc040 irq 14 lpm-pol 0
[    1.658164] ata2: PATA max MWDMA2 cmd 0x170 ctl 0x376 bmdma 0xc048 irq 15 lpm-pol 0
[    1.664894] tun: Universal TUN/TAP device driver, 1.6
[    1.674644] e100: Intel(R) PRO/100 Network Driver
[    1.676878] e100: Copyright(c) 1999-2006 Intel Corporation
[    1.682575] e1000: Intel(R) PRO/1000 Network Driver
[    1.684399] e1000: Copyright (c) 1999-2006 Intel Corporation.
[    1.718119] ACPI: \_SB_.LNKC: Enabled at IRQ 11
[    1.829020] ata2: found unknown device (class 0)
[    1.837823] ata2.00: ATAPI: QEMU DVD-ROM, 2.5+, max UDMA/100
[    1.850669] scsi 1:0:0:0: CD-ROM            QEMU     QEMU DVD-ROM     2.5+ PQ: 0 ANSI: 5
[    1.884534] sr 1:0:0:0: [sr0] scsi3-mmc drive: 4x/4x cd/rw xa/form2 tray
[    1.888144] cdrom: Uniform CD-ROM driver Revision: 3.20
[    1.904935] sr 1:0:0:0: Attached scsi generic sg0 type 5
[    2.763671] e1000 0000:00:03.0 eth0: (PCI:33MHz:32-bit) 52:54:00:12:34:56
[    2.771048] e1000 0000:00:03.0 eth0: Intel(R) PRO/1000 Network Connection
[    2.779866] e1000e: Intel(R) PRO/1000 Network Driver
[    2.783422] e1000e: Copyright(c) 1999 - 2015 Intel Corporation.
[    2.789489] sky2: driver version 1.30
[    2.795893] usbcore: registered new interface driver usblp
[    2.802760] usbcore: registered new interface driver usb-storage
[    2.810588] i8042: PNP: PS/2 Controller [PNP0303:KBD,PNP0f13:MOU] at 0x60,0x64 irq 1,12
[    2.825591] serio: i8042 KBD port at 0x60,0x64 irq 1
[    2.832482] serio: i8042 AUX port at 0x60,0x64 irq 12
[    2.840259] rtc_cmos 00:05: RTC can wake from S4
[    2.849681] input: AT Translated Set 2 keyboard as /devices/platform/i8042/serio0/input/input1
[    2.854428] rtc_cmos 00:05: registered as rtc0
[    2.866470] rtc_cmos 00:05: alarms up to one day, y3k, 242 bytes nvram, hpet irqs
[    2.873588] device-mapper: ioctl: 4.50.0-ioctl (2025-04-28) initialised: dm-devel@lists.linux.dev
[    2.885492] intel_pstate: CPU model not supported
[    2.893596] hid: raw HID events driver (C) Jiri Kosina
[    2.897841] usbcore: registered new interface driver usbhid
[    2.903530] usbhid: USB HID core driver
[    2.924342] xt_time: kernel timezone is -0000
[    2.933268] Initializing XFRM netlink socket
[    2.937744] NET: Registered PF_INET6 protocol family
[    2.949767] Segment Routing with IPv6
[    2.953988] In-situ OAM (IOAM) with IPv6
[    2.955721] sit: IPv6, IPv4 and MPLS over IPv4 tunneling driver
[    2.963205] NET: Registered PF_PACKET protocol family
[    2.968523] NET: Registered PF_KEY protocol family
[    2.971790] 9pnet: Installing 9P2000 support
[    2.975181] Key type dns_resolver registered
[    2.978320] NET: Registered PF_VSOCK protocol family
[    2.994191] IPI shorthand broadcast: enabled
[    3.010316] sched_clock: Marking stable (2484073624, 526056359)->(3757697288, -747567305)
[    3.023411] registered taskstats version 1
[    3.024751] Loading compiled-in X.509 certificates
[    3.040047] Demotion targets for Node 0: null
[    3.045861] Key type .fscrypt registered
[    3.049305] Key type fscrypt-provisioning registered
[    3.057833] PM:   Magic number: 14:866:328
[    3.062980] netconsole: network logging started
[    3.067545] cfg80211: Loading compiled-in X.509 certificates for regulatory database
[    3.075246] kworker/u32:0 (98) used greatest stack depth: 14272 bytes left
[    3.079638] Loaded X.509 cert 'sforshee: 00b28ddf47aef9cea7'
[    3.080021] kworker/u32:0 (99) used greatest stack depth: 13936 bytes left
[    3.089022] Loaded X.509 cert 'wens: 61c038651aabdcf94bd0ac7ff06c7248db18c600'
[    3.104756] faux_driver regulatory: Direct firmware load for regulatory.db failed with error -2
[    3.110745] ALSA device list:
[    3.113525] cfg80211: failed to load regulatory.db
[    3.115981]   No soundcards found.
[    3.124493] KTAP version 1
[    3.126927] 1..3
[    3.133445]     KTAP version 1
[    3.134580]     # Subtest: corten
[    3.139275]     # module: corten_test
[    3.139282]     1..25
[    3.147594]     ok 1 corten_test_layout # SKIP corten=on boot
[    3.151656]     ok 2 corten_test_ptdesc_get_put
[    3.164605]     ok 3 corten_test_meta_roundtrip
[    3.171389]     ok 4 corten_test_meta_reinit_cleared
[    3.178962]     ok 5 corten_test_covering_level
[    3.185831]     ok 6 corten_test_covering_base_index
[    3.193479]     ok 7 corten_test_txn_covering
[    3.197093]     ok 8 corten_test_txn_hole
[    3.205097]     ok 9 corten_test_txn_stale_eagain
[    3.212525]     ok 10 corten_test_lock_range_args
[    3.220883]     ok 11 corten_test_txn_state_machine
[    3.227920]     ok 12 corten_test_txn_atomic_validate
[    3.235781]     ok 13 corten_test_txn_real_glue
[    3.297894]     ok 14 corten_test_txn_mutex_overlap
[    3.331608]     ok 15 corten_test_txn_mutex_disjoint
[    3.338367]     ok 16 corten_test_fail_alloc
[    3.347088]     ok 17 corten_test_txn_hole_fill
[    3.356346]     ok 18 corten_test_txn_hole_race
[    3.385345] input: ImExPS/2 Generic Explorer Mouse as /devices/platform/i8042/serio1/input/input3
[    3.592922]     ok 19 corten_test_txn_uninstall_interlock
[    3.596724]     ok 20 corten_test_uninstall_bh_ctx
[    3.604283] ------------[ cut here ]------------
[    3.611940] WARNING: CPU: 6 PID: 153 at mm/corten.c:865 corten_txn_begin+0x191/0x4b0
[    3.622115] Modules linked in:
[    3.623758] CPU: 6 UID: 0 PID: 153 Comm: kunit_try_catch Tainted: G                 N  6.18.32-g82a35da6b541-dirty #342 PREEMPT(voluntary) 
[    3.635286] Tainted: [N]=TEST
[    3.636894] Hardware name: QEMU Standard PC (i440FX + PIIX, 1996), BIOS 1.15.0-1 04/01/2014
[    3.646134] RIP: 0010:corten_txn_begin+0x191/0x4b0
[    3.650116] Code: 02 00 00 4c 89 ff 48 89 04 24 e8 8a e5 f9 00 4c 89 ff e8 92 e7 f9 00 48 8b 04 24 41 0f b6 4f 25 38 48 25 0f 87 65 ff ff ff 90 <0f> 0b 90 41 80 7e 48 04 0f 86 61 ff ff ff 90 0f 0b 90 48 89 c7 e8
[    3.661377] RSP: 0000:ffff9b96005afda0 EFLAGS: 00010246
[    3.664700] RAX: ffff93f0c1f525a0 RBX: 0000000000000fff RCX: 0000000000000002
[    3.669598] RDX: 0000000000000003 RSI: 000000000000003d RDI: ffff93f0c3e958c0
[    3.674462] RBP: 0000000000000000 R08: ffff93f0c3554400 R09: ffff9b96005afe00
[    3.680788] R10: ffff9b96005afd58 R11: 0000000000000000 R12: ffffffffb6c3e990
[    3.689100] R13: ffff93f0c3554400 R14: ffff9b96005afe00 R15: ffff93f0c1f52540
[    3.697473] FS:  0000000000000000(0000) GS:ffff93f185ad9000(0000) knlGS:0000000000000000
[    3.706721] CS:  0010 DS: 0000 ES: 0000 CR0: 0000000080050033
[    3.712466] CR2: 0000000000000000 CR3: 0000000045630001 CR4: 0000000000770ef0
[    3.716732] PKRU: 55555554
[    3.717613] Call Trace:
[    3.720746]  <TASK>
[    3.721938]  ? __pfx_kunit_generic_run_threadfn_adapter+0x10/0x10
[    3.729556]  corten_test_txn_path_overflow+0xb5/0x2a0
[    3.735224]  ? psi_task_switch+0x107/0x290
[    3.738246]  kunit_try_run_case+0x6f/0x150
[    3.743604]  ? __pfx_kunit_generic_run_threadfn_adapter+0x10/0x10
[    3.750174]  kunit_generic_run_threadfn_adapter+0x1c/0x40
[    3.754680]  kthread+0xff/0x1f0
[    3.757537]  ? __pfx_kthread+0x10/0x10
[    3.761653]  ? __pfx_kthread+0x10/0x10
[    3.763407]  ret_from_fork+0x144/0x160
[    3.767730]  ? __pfx_kthread+0x10/0x10
[    3.771346]  ret_from_fork_asm+0x1a/0x30
[    3.776547]  </TASK>
[    3.779173] ---[ end trace 0000000000000000 ]---
[    3.782768] ------------[ cut here ]------------
[    3.788783] WARNING: CPU: 6 PID: 153 at mm/corten.c:812 corten_txn_begin+0x1a0/0x4b0
[    3.795632] Modules linked in:
[    3.798938] CPU: 6 UID: 0 PID: 153 Comm: kunit_try_catch Tainted: G        W        N  6.18.32-g82a35da6b541-dirty #342 PREEMPT(voluntary) 
[    3.809905] Tainted: [W]=WARN, [N]=TEST
[    3.814603] Hardware name: QEMU Standard PC (i440FX + PIIX, 1996), BIOS 1.15.0-1 04/01/2014
[    3.821889] RIP: 0010:corten_txn_begin+0x1a0/0x4b0
[    3.827030] Code: 4c 89 ff e8 92 e7 f9 00 48 8b 04 24 41 0f b6 4f 25 38 48 25 0f 87 65 ff ff ff 90 0f 0b 90 41 80 7e 48 04 0f 86 61 ff ff ff 90 <0f> 0b 90 48 89 c7 e8 c5 f5 ff ff 41 0f b6 46 48 84 c0 74 28 83 e8
[    3.845813] RSP: 0000:ffff9b96005afda0 EFLAGS: 00010202
[    3.851045] RAX: ffff93f0c1f52720 RBX: 0000000000000fff RCX: 0000000000000002
[    3.859220] RDX: 0000000000000003 RSI: 0000000000000007 RDI: ffff93f0c3e958c0
[    3.866559] RBP: 0000000000000000 R08: ffff93f0c3554400 R09: ffff9b96005afe00
[    3.871130] R10: ffff9b96005afd58 R11: 0000000000000000 R12: ffffffffb6c3e990
[    3.875196] R13: ffff93f0c3554400 R14: ffff9b96005afe00 R15: ffff93f0c1f526c0
[    3.880603] FS:  0000000000000000(0000) GS:ffff93f185ad9000(0000) knlGS:0000000000000000
[    3.887248] CS:  0010 DS: 0000 ES: 0000 CR0: 0000000080050033
[    3.891859] CR2: 0000000000000000 CR3: 0000000045630001 CR4: 0000000000770ef0
[    3.894219] PKRU: 55555554
[    3.897407] Call Trace:
[    3.900862]  <TASK>
[    3.903587]  ? __pfx_kunit_generic_run_threadfn_adapter+0x10/0x10
[    3.909895]  corten_test_txn_path_overflow+0xb5/0x2a0
[    3.915021]  ? psi_task_switch+0x107/0x290
[    3.919490]  kunit_try_run_case+0x6f/0x150
[    3.923039]  ? __pfx_kunit_generic_run_threadfn_adapter+0x10/0x10
[    3.929391]  kunit_generic_run_threadfn_adapter+0x1c/0x40
[    3.931668]  kthread+0xff/0x1f0
[    3.934372]  ? __pfx_kthread+0x10/0x10
[    3.937536]  ? __pfx_kthread+0x10/0x10
[    3.938977]  ret_from_fork+0x144/0x160
[    3.942009]  ? __pfx_kthread+0x10/0x10
[    3.945622]  ret_from_fork_asm+0x1a/0x30
[    3.947005]  </TASK>
[    3.948311] ---[ end trace 0000000000000000 ]---
[    3.953180] kunit_try_catch (153) used greatest stack depth: 13520 bytes left
[    3.954225]     ok 21 corten_test_txn_path_overflow
[    3.959988]     ok 22 corten_test_txn_child_err
[    3.966654]     ok 23 corten_test_real_huge_leaf
[    3.971953]     ok 24 corten_test_full_window_atomic
[    3.980531]     ok 25 corten_test_debugfs_content
[    3.985432] # corten: pass:24 fail:0 skip:1 total:25
[    3.989167] # Totals: pass:24 fail:0 skip:1 total:25
[    3.995063] ok 1 corten
[    4.004682]     KTAP version 1
[    4.008474]     # Subtest: corten_arena
[    4.014219]     # module: corten_arena_test
[    4.014226]     1..134
[    4.028785]     ok 1 corten_arena_test_sweep_anon_resident
[    4.037301]     ok 2 corten_arena_test_sweep_file_resident
[    4.050340]     ok 3 corten_arena_test_sweep_skip_taxonomy
[    4.062794]     ok 4 corten_arena_test_sweep_skip_special_mapping
[    4.073780]     ok 5 corten_arena_test_sweep_skip_brk
[    4.081610]     ok 6 corten_arena_test_sweep_empty_anon
[    4.092782]     ok 7 corten_arena_test_sweep_zero_page
[    4.101677]     ok 8 corten_arena_test_sweep_fork_flags
[    4.117236]     ok 9 corten_arena_test_sweep_fork_mirror
[    4.125023]     ok 10 corten_arena_test_sweep_file_exit
[    4.137006]     ok 11 corten_arena_test_sweep_mixed_frame_exit
[    4.147072]     ok 12 corten_arena_test_sweep_exit_refusal
[    4.162401]     ok 13 corten_arena_test_w7_frame_share_adopt
[    4.171817]     ok 14 corten_arena_test_w7_frame_share_fork
[    4.185015]     ok 15 corten_arena_test_w7_frame_share_exit
[    4.199021]     ok 16 corten_arena_test_w7_frame_share_punch
[    4.205328]     ok 17 corten_arena_test_exec_default_off
[    4.214020]     ok 18 corten_arena_test_exec_default_enter
[    4.223511]     ok 19 corten_arena_test_declare_reject
[    4.233802]     ok 20 corten_arena_test_declare_reject_flags
[    4.242629]     ok 21 corten_arena_test_declare_query
[    4.249095]     ok 22 corten_arena_test_range_overlaps
[    4.264483]     ok 23 corten_arena_test_release
[    4.274847]     ok 24 corten_arena_test_ref_born_atomic
[    4.282271]     ok 25 corten_arena_test_release_classify
[    4.291372]     ok 26 corten_arena_test_shadow_vma
[    4.300695]     ok 27 corten_arena_test_exit
[    4.308030]     ok 28 corten_arena_test_prctl
[    4.316511]     ok 29 corten_arena_test_mode
[    4.325125]     ok 30 corten_arena_test_auto_classify
[    4.328823]     ok 31 corten_arena_test_auto_classify_file
[    4.333158]     ok 32 corten_arena_test_auto_place
[    4.350187]     ok 33 corten_arena_test_auto_route
[    4.366393]     ok 34 corten_arena_test_auto_attach_release
[    4.388645]     ok 35 corten_arena_test_file_lifecycle
[    4.394802] ------------[ cut here ]------------
[    4.408490] corten: VM_CORTEN vma reached zap_page_range_single()
[    4.412977] WARNING: CPU: 5 PID: 272 at mm/corten_arena.c:1992 corten_zap_single_guard+0x39/0x50
[    4.421714] Modules linked in:
[    4.423471] CPU: 5 UID: 0 PID: 272 Comm: kunit_try_catch Tainted: G        W        N  6.18.32-g82a35da6b541-dirty #342 PREEMPT(voluntary) 
[    4.433858] Tainted: [W]=WARN, [N]=TEST
[    4.439058] Hardware name: QEMU Standard PC (i440FX + PIIX, 1996), BIOS 1.15.0-1 04/01/2014
[    4.445850] RIP: 0010:corten_zap_single_guard+0x39/0x50
[    4.450933] Code: 05 14 a7 7a 02 0f b6 05 67 e4 d2 01 84 c0 74 05 c3 cc cc cc cc c6 05 57 e4 d2 01 01 90 48 c7 c7 d0 14 2b b7 e8 18 35 cf ff 90 <0f> 0b 90 90 b8 01 00 00 00 e9 49 b8 f8 00 66 0f 1f 84 00 00 00 00
[    4.464922] RSP: 0000:ffff9b9600967d60 EFLAGS: 00010282
[    4.471632] RAX: 0000000000000000 RBX: 0000000000000003 RCX: 00000000ffffdfff
[    4.481803] RDX: 0000000000000000 RSI: 00000000ffffffea RDI: 0000000000000001
[    4.489136] RBP: ffff93f0c2663700 R08: ffffffffb773e6c8 R09: 00000000ffffdfff
[    4.493905] R10: ffffffffb765e6e0 R11: ffffffffb770e6e0 R12: 0000000001801000
[    4.498937] R13: 0000000000001000 R14: 0000000000000000 R15: ffff93f0c2663700
[    4.503519] FS:  0000000000000000(0000) GS:ffff93f185a99000(0000) knlGS:0000000000000000
[    4.511245] CS:  0010 DS: 0000 ES: 0000 CR0: 0000000080050033
[    4.514503] CR2: 0000000000000000 CR3: 0000000045630001 CR4: 0000000000770ef0
[    4.523917] PKRU: 55555554
[    4.525162] Call Trace:
[    4.526199]  <TASK>
[    4.527580]  zap_page_range_single+0x1c/0x50
[    4.529317]  corten_arena_test_truncate_route+0xd8e/0x1dc0
[    4.533830]  ? __pfx_kunit_generic_run_threadfn_adapter+0x10/0x10
[    4.539134]  ? __pfx_corten_arena_test_truncate_route+0x10/0x10
[    4.542078]  ? __pfx_kunit_generic_run_threadfn_adapter+0x10/0x10
[    4.544881]  kunit_try_run_case+0x6f/0x150
[    4.547099]  ? __pfx_kunit_generic_run_threadfn_adapter+0x10/0x10
[    4.550321]  kunit_generic_run_threadfn_adapter+0x1c/0x40
[    4.553829]  kthread+0xff/0x1f0
[    4.557812]  ? __pfx_kthread+0x10/0x10
[    4.561488]  ? __pfx_kthread+0x10/0x10
[    4.564061]  ret_from_fork+0x144/0x160
[    4.568951]  ? __pfx_kthread+0x10/0x10
[    4.571809]  ret_from_fork_asm+0x1a/0x30
[    4.575062]  </TASK>
[    4.577148] ---[ end trace 0000000000000000 ]---
[    4.582532] ------------[ cut here ]------------
[    4.586510] corten: VM_CORTEN vma in a mapping i_mmap walk (stale node)
[    4.590317] WARNING: CPU: 5 PID: 272 at mm/corten_arena.c:1963 corten_arena_imap_stale_guard+0x39/0x50
[    4.598538] Modules linked in:
[    4.601172] CPU: 5 UID: 0 PID: 272 Comm: kunit_try_catch Tainted: G        W        N  6.18.32-g82a35da6b541-dirty #342 PREEMPT(voluntary) 
[    4.612752] Tainted: [W]=WARN, [N]=TEST
[    4.617646] Hardware name: QEMU Standard PC (i440FX + PIIX, 1996), BIOS 1.15.0-1 04/01/2014
[    4.626931] RIP: 0010:corten_arena_imap_stale_guard+0x39/0x50
[    4.631509] Code: 05 6c a7 7a 02 0f b6 05 c8 e4 d2 01 84 c0 74 05 e9 cc b8 f8 00 c6 05 b8 e4 d2 01 01 90 48 c7 c7 90 14 2b b7 e8 78 35 cf ff 90 <0f> 0b 90 90 b8 01 00 00 00 c3 cc cc cc cc 66 0f 1f 84 00 00 00 00
[    4.639744] RSP: 0000:ffff9b9600967d88 EFLAGS: 00010282
[    4.641867] RAX: 0000000000000000 RBX: 0000000000000003 RCX: 00000000ffffdfff
[    4.647373] RDX: 0000000000000000 RSI: 00000000ffffffea RDI: 0000000000000001
[    4.656170] RBP: ffff93f0c255a080 R08: ffffffffb773e6c8 R09: 00000000ffffdfff
[    4.663354] R10: ffffffffb765e6e0 R11: ffffffffb770e6e0 R12: ffff93f0c253e000
[    4.669221] R13: ffff93f0c2560540 R14: ffff9b9600013a88 R15: ffff93f0c2663700
[    4.672452] FS:  0000000000000000(0000) GS:ffff93f185a99000(0000) knlGS:0000000000000000
[    4.680293] CS:  0010 DS: 0000 ES: 0000 CR0: 0000000080050033
[    4.682768] CR2: 0000000000000000 CR3: 0000000045630001 CR4: 0000000000770ef0
[    4.685370] PKRU: 55555554
[    4.686240] Call Trace:
[    4.687956]  <TASK>
[    4.690260]  corten_arena_test_truncate_route+0xecc/0x1dc0
[    4.692937]  ? __pfx_kunit_generic_run_threadfn_adapter+0x10/0x10
[    4.698687]  ? __pfx_corten_arena_test_truncate_route+0x10/0x10
[    4.703985]  ? __pfx_kunit_generic_run_threadfn_adapter+0x10/0x10
[    4.706837]  kunit_try_run_case+0x6f/0x150
[    4.710798]  ? __pfx_kunit_generic_run_threadfn_adapter+0x10/0x10
[    4.717111]  kunit_generic_run_threadfn_adapter+0x1c/0x40
[    4.722494]  kthread+0xff/0x1f0
[    4.726219]  ? __pfx_kthread+0x10/0x10
[    4.729944]  ? __pfx_kthread+0x10/0x10
[    4.733782]  ret_from_fork+0x144/0x160
[    4.737486]  ? __pfx_kthread+0x10/0x10
[    4.739180]  ret_from_fork_asm+0x1a/0x30
[    4.742100]  </TASK>
[    4.744730] ---[ end trace 0000000000000000 ]---
[    4.750999] kunit_try_catch (272) used greatest stack depth: 13456 bytes left
[    4.753853]     ok 36 corten_arena_test_truncate_route
[    4.767905]     ok 37 corten_arena_test_registry_inval
[    4.774801]     ok 38 corten_arena_test_file_read
[    4.785049] BUG: non-zero pgtables_bytes on freeing mm: 8192 mm:00000000468a53cb
[    4.793814]   residue tbl: pgd 32 pud-idx 0 pmd-idx 0 VA 0000000000001000 pmdpg n
[    4.799574]   residue tbl: pgd 295 pud-idx 0 pmd-idx 451 VA 00000070c0009380 pmdpg y
[    4.806829]   residue tbl: pgd 295 pud-idx 0 pmd-idx 452 VA 0000007100009380 pmdpg y
[    4.812831]   residue tbl: pgd 311 pud-idx 0 pmd-idx 88 VA 0000001600009b80 pmdpg y
[    4.821900]   residue tbl: pgd 375 pud-idx 0 pmd-idx 87 VA 00000015c000bb80 pmdpg n
[    4.830277]   residue tbl: pgd 470 pud-idx 0 pmd-idx 41 VA 0000000a4000eb00 pmdpg y
[    4.837359]   residue tbl: pgd 508 pud-idx 0 pmd-idx 0 VA 000000000000fe00 pmdpg y
[    4.846786]   residue tbl: pgd 508 pud-idx 0 pmd-idx 22 VA 000000058000fe00 pmdpg n
[    4.854725]   residue tbl: pgd 508 pud-idx 0 pmd-idx 72 VA 000000120000fe00 pmdpg n
[    4.862629]   residue tbl: pgd 508 pud-idx 0 pmd-idx 112 VA 0000001c0000fe00 pmdpg n
[    4.868704]   residue tbl: pgd 508 pud-idx 0 pmd-idx 176 VA 0000002c0000fe00 pmdpg n
[    4.876040]   residue tbl: pgd 508 pud-idx 0 pmd-idx 188 VA 0000002f0000fe00 pmdpg n
[    4.881062]   residue tbl: pgd 508 pud-idx 0 pmd-idx 278 VA 000000458000fe00 pmdpg n
[    4.884099]   residue tbl: pgd 508 pud-idx 0 pmd-idx 287 VA 00000047c000fe00 pmdpg n
[    4.892125]   residue tbl: pgd 508 pud-idx 0 pmd-idx 511 VA 0000007fc000fe00 pmdpg n
[    4.897349]   residue tbl: pgd 510 pud-idx 0 pmd-idx 464 VA 000000740000ff00 pmdpg y
[    4.904662]   residue tbl: pgd 510 pud-idx 0 pmd-idx 465 VA 000000744000ff00 pmdpg y
[    4.910182]   residue tbl: pgd 510 pud-idx 0 pmd-idx 466 VA 000000748000ff00 pmdpg y
[    4.917475]   residue tbl: pgd 510 pud-idx 0 pmd-idx 467 VA 00000074c000ff00 pmdpg y
[    4.924211]   residue tbl: pgd 511 pud-idx 0 pmd-idx 510 VA 0000007f8000ff80 pmdpg n
[    4.932416]   residue tbl: pgd 511 pud-idx 0 pmd-idx 511 VA 0000007fc000ff80 pmdpg n
[    4.940982] BUG: non-zero pgtables_bytes on freeing mm: 8192 mm:000000007c945ba9
[    4.945880]   residue tbl: pgd 32 pud-idx 0 pmd-idx 0 VA 0000000000001000 pmdpg n
[    4.954003]   residue tbl: pgd 295 pud-idx 0 pmd-idx 451 VA 00000070c0009380 pmdpg y
[    4.959656]   residue tbl: pgd 295 pud-idx 0 pmd-idx 452 VA 0000007100009380 pmdpg y
[    4.967154]   residue tbl: pgd 311 pud-idx 0 pmd-idx 88 VA 0000001600009b80 pmdpg y
[    4.975160]   residue tbl: pgd 375 pud-idx 0 pmd-idx 87 VA 00000015c000bb80 pmdpg n
[    4.979437]   residue tbl: pgd 470 pud-idx 0 pmd-idx 41 VA 0000000a4000eb00 pmdpg y
[    4.984771]   residue tbl: pgd 508 pud-idx 0 pmd-idx 0 VA 000000000000fe00 pmdpg y
[    4.989160]   residue tbl: pgd 508 pud-idx 0 pmd-idx 22 VA 000000058000fe00 pmdpg n
[    4.996109]   residue tbl: pgd 508 pud-idx 0 pmd-idx 72 VA 000000120000fe00 pmdpg n
[    5.001919]   residue tbl: pgd 508 pud-idx 0 pmd-idx 112 VA 0000001c0000fe00 pmdpg n
[    5.008235]   residue tbl: pgd 508 pud-idx 0 pmd-idx 176 VA 0000002c0000fe00 pmdpg n
[    5.012728]   residue tbl: pgd 508 pud-idx 0 pmd-idx 188 VA 0000002f0000fe00 pmdpg n
[    5.018241]   residue tbl: pgd 508 pud-idx 0 pmd-idx 278 VA 000000458000fe00 pmdpg n
[    5.024992]   residue tbl: pgd 508 pud-idx 0 pmd-idx 287 VA 00000047c000fe00 pmdpg n
[    5.032214]   residue tbl: pgd 508 pud-idx 0 pmd-idx 511 VA 0000007fc000fe00 pmdpg n
[    5.041765]   residue tbl: pgd 510 pud-idx 0 pmd-idx 464 VA 000000740000ff00 pmdpg y
[    5.050102]   residue tbl: pgd 510 pud-idx 0 pmd-idx 465 VA 000000744000ff00 pmdpg y
[    5.059955]   residue tbl: pgd 510 pud-idx 0 pmd-idx 466 VA 000000748000ff00 pmdpg y
[    5.068175]   residue tbl: pgd 510 pud-idx 0 pmd-idx 467 VA 00000074c000ff00 pmdpg y
[    5.075786]   residue tbl: pgd 511 pud-idx 0 pmd-idx 510 VA 0000007f8000ff80 pmdpg n
[    5.083818]   residue tbl: pgd 511 pud-idx 0 pmd-idx 511 VA 0000007fc000ff80 pmdpg n
[    5.092187]     ok 39 corten_arena_test_file_cow
[    5.095897] BUG: non-zero pgtables_bytes on freeing mm: 8192 mm:00000000ba4a0bf8
[    5.107473]   residue tbl: pgd 32 pud-idx 0 pmd-idx 0 VA 0000000000001000 pmdpg n
[    5.115511]   residue tbl: pgd 295 pud-idx 0 pmd-idx 451 VA 00000070c0009380 pmdpg y
[    5.121805]   residue tbl: pgd 295 pud-idx 0 pmd-idx 452 VA 0000007100009380 pmdpg y
[    5.129584]   residue tbl: pgd 311 pud-idx 0 pmd-idx 88 VA 0000001600009b80 pmdpg y
[    5.141499]   residue tbl: pgd 375 pud-idx 0 pmd-idx 87 VA 00000015c000bb80 pmdpg n
[    5.150380]   residue tbl: pgd 470 pud-idx 0 pmd-idx 41 VA 0000000a4000eb00 pmdpg y
[    5.159990]   residue tbl: pgd 508 pud-idx 0 pmd-idx 0 VA 000000000000fe00 pmdpg y
[    5.169174]   residue tbl: pgd 508 pud-idx 0 pmd-idx 22 VA 000000058000fe00 pmdpg n
[    5.176304]   residue tbl: pgd 508 pud-idx 0 pmd-idx 72 VA 000000120000fe00 pmdpg n
[    5.183246]   residue tbl: pgd 508 pud-idx 0 pmd-idx 112 VA 0000001c0000fe00 pmdpg n
[    5.189598]   residue tbl: pgd 508 pud-idx 0 pmd-idx 176 VA 0000002c0000fe00 pmdpg n
[    5.195281]   residue tbl: pgd 508 pud-idx 0 pmd-idx 188 VA 0000002f0000fe00 pmdpg n
[    5.200454]   residue tbl: pgd 508 pud-idx 0 pmd-idx 278 VA 000000458000fe00 pmdpg n
[    5.209932]   residue tbl: pgd 508 pud-idx 0 pmd-idx 287 VA 00000047c000fe00 pmdpg n
[    5.219281]   residue tbl: pgd 508 pud-idx 0 pmd-idx 511 VA 0000007fc000fe00 pmdpg n
[    5.237748]   residue tbl: pgd 510 pud-idx 0 pmd-idx 464 VA 000000740000ff00 pmdpg y
[    5.278590]   residue tbl: pgd 510 pud-idx 0 pmd-idx 465 VA 000000744000ff00 pmdpg y
[    5.289703]   residue tbl: pgd 510 pud-idx 0 pmd-idx 466 VA 000000748000ff00 pmdpg y
[    5.299074]   residue tbl: pgd 510 pud-idx 0 pmd-idx 467 VA 00000074c000ff00 pmdpg y
[    5.311801]   residue tbl: pgd 511 pud-idx 0 pmd-idx 510 VA 0000007f8000ff80 pmdpg n
[    5.322181]   residue tbl: pgd 511 pud-idx 0 pmd-idx 511 VA 0000007fc000ff80 pmdpg n
[    5.340289]     ok 40 corten_arena_test_file_rmap_shared
[    5.346538]     ok 41 corten_arena_test_ttu_file_route
[    5.351332] BUG: non-zero pgtables_bytes on freeing mm: 8192 mm:00000000b2ab04bc
[    5.357293]   residue tbl: pgd 32 pud-idx 0 pmd-idx 0 VA 0000000000001000 pmdpg n
[    5.359795]   residue tbl: pgd 295 pud-idx 0 pmd-idx 451 VA 00000070c0009380 pmdpg y
[    5.367324]   residue tbl: pgd 295 pud-idx 0 pmd-idx 452 VA 0000007100009380 pmdpg y
[    5.375234]   residue tbl: pgd 311 pud-idx 0 pmd-idx 88 VA 0000001600009b80 pmdpg y
[    5.380436]   residue tbl: pgd 375 pud-idx 0 pmd-idx 87 VA 00000015c000bb80 pmdpg n
[    5.384447]   residue tbl: pgd 470 pud-idx 0 pmd-idx 41 VA 0000000a4000eb00 pmdpg y
[    5.393050]   residue tbl: pgd 508 pud-idx 0 pmd-idx 0 VA 000000000000fe00 pmdpg y
[    5.402338]   residue tbl: pgd 508 pud-idx 0 pmd-idx 22 VA 000000058000fe00 pmdpg n
[    5.405869]   residue tbl: pgd 508 pud-idx 0 pmd-idx 72 VA 000000120000fe00 pmdpg n
[    5.411076]   residue tbl: pgd 508 pud-idx 0 pmd-idx 112 VA 0000001c0000fe00 pmdpg n
[    5.413623]   residue tbl: pgd 508 pud-idx 0 pmd-idx 176 VA 0000002c0000fe00 pmdpg n
[    5.421072]   residue tbl: pgd 508 pud-idx 0 pmd-idx 188 VA 0000002f0000fe00 pmdpg n
[    5.425228]   residue tbl: pgd 508 pud-idx 0 pmd-idx 278 VA 000000458000fe00 pmdpg n
[    5.430023]   residue tbl: pgd 508 pud-idx 0 pmd-idx 287 VA 00000047c000fe00 pmdpg n
[    5.439458]   residue tbl: pgd 508 pud-idx 0 pmd-idx 511 VA 0000007fc000fe00 pmdpg n
[    5.442651]   residue tbl: pgd 510 pud-idx 0 pmd-idx 464 VA 000000740000ff00 pmdpg y
[    5.447031]   residue tbl: pgd 510 pud-idx 0 pmd-idx 465 VA 000000744000ff00 pmdpg y
[    5.457168]   residue tbl: pgd 510 pud-idx 0 pmd-idx 466 VA 000000748000ff00 pmdpg y
[    5.460470]   residue tbl: pgd 510 pud-idx 0 pmd-idx 467 VA 00000074c000ff00 pmdpg y
[    5.462986]   residue tbl: pgd 511 pud-idx 0 pmd-idx 510 VA 0000007f8000ff80 pmdpg n
[    5.468203]   residue tbl: pgd 511 pud-idx 0 pmd-idx 511 VA 0000007fc000ff80 pmdpg n
[    5.478461] BUG: non-zero pgtables_bytes on freeing mm: 8192 mm:00000000fe28ba10
[    5.484115]   residue tbl: pgd 32 pud-idx 0 pmd-idx 0 VA 0000000000001000 pmdpg n
[    5.489164]   residue tbl: pgd 295 pud-idx 0 pmd-idx 451 VA 00000070c0009380 pmdpg y
[    5.491781]   residue tbl: pgd 295 pud-idx 0 pmd-idx 452 VA 0000007100009380 pmdpg y
[    5.495218]   residue tbl: pgd 311 pud-idx 0 pmd-idx 88 VA 0000001600009b80 pmdpg y
[    5.498548]   residue tbl: pgd 375 pud-idx 0 pmd-idx 87 VA 00000015c000bb80 pmdpg n
[    5.504068]   residue tbl: pgd 470 pud-idx 0 pmd-idx 41 VA 0000000a4000eb00 pmdpg y
[    5.508238]   residue tbl: pgd 508 pud-idx 0 pmd-idx 0 VA 000000000000fe00 pmdpg y
[    5.511646]   residue tbl: pgd 508 pud-idx 0 pmd-idx 22 VA 000000058000fe00 pmdpg n
[    5.515402]   residue tbl: pgd 508 pud-idx 0 pmd-idx 72 VA 000000120000fe00 pmdpg n
[    5.526399]   residue tbl: pgd 508 pud-idx 0 pmd-idx 112 VA 0000001c0000fe00 pmdpg n
[    5.536789]   residue tbl: pgd 508 pud-idx 0 pmd-idx 176 VA 0000002c0000fe00 pmdpg n
[    5.545431]   residue tbl: pgd 508 pud-idx 0 pmd-idx 188 VA 0000002f0000fe00 pmdpg n
[    5.552830]   residue tbl: pgd 508 pud-idx 0 pmd-idx 278 VA 000000458000fe00 pmdpg n
[    5.556126]   residue tbl: pgd 508 pud-idx 0 pmd-idx 287 VA 00000047c000fe00 pmdpg n
[    5.559917]   residue tbl: pgd 508 pud-idx 0 pmd-idx 511 VA 0000007fc000fe00 pmdpg n
[    5.571219]   residue tbl: pgd 510 pud-idx 0 pmd-idx 464 VA 000000740000ff00 pmdpg y
[    5.578895]   residue tbl: pgd 510 pud-idx 0 pmd-idx 465 VA 000000744000ff00 pmdpg y
[    5.587919]   residue tbl: pgd 510 pud-idx 0 pmd-idx 466 VA 000000748000ff00 pmdpg y
[    5.596022]   residue tbl: pgd 510 pud-idx 0 pmd-idx 467 VA 00000074c000ff00 pmdpg y
[    5.604214]   residue tbl: pgd 511 pud-idx 0 pmd-idx 510 VA 0000007f8000ff80 pmdpg n
[    5.609115]   residue tbl: pgd 511 pud-idx 0 pmd-idx 511 VA 0000007fc000ff80 pmdpg n
[    5.619549]     ok 42 corten_arena_test_ttu_declines
[    5.625706]     ok 43 corten_arena_test_file_fork_mirror
[    5.637546]     ok 44 corten_arena_test_file_fork_cow
[    5.643511] BUG: non-zero pgtables_bytes on freeing mm: 8192 mm:00000000b0922d3a
[    5.648556]   residue tbl: pgd 32 pud-idx 0 pmd-idx 0 VA 0000000000001000 pmdpg n
[    5.651608]   residue tbl: pgd 295 pud-idx 0 pmd-idx 451 VA 00000070c0009380 pmdpg y
[    5.654496]   residue tbl: pgd 295 pud-idx 0 pmd-idx 452 VA 0000007100009380 pmdpg y
[    5.658681]   residue tbl: pgd 311 pud-idx 0 pmd-idx 88 VA 0000001600009b80 pmdpg y
[    5.661451]   residue tbl: pgd 375 pud-idx 0 pmd-idx 87 VA 00000015c000bb80 pmdpg n
[    5.665888]   residue tbl: pgd 470 pud-idx 0 pmd-idx 41 VA 0000000a4000eb00 pmdpg y
[    5.669562]   residue tbl: pgd 508 pud-idx 0 pmd-idx 0 VA 000000000000fe00 pmdpg y
[    5.676376]   residue tbl: pgd 508 pud-idx 0 pmd-idx 22 VA 000000058000fe00 pmdpg n
[    5.680687]   residue tbl: pgd 508 pud-idx 0 pmd-idx 72 VA 000000120000fe00 pmdpg n
[    5.683345]   residue tbl: pgd 508 pud-idx 0 pmd-idx 112 VA 0000001c0000fe00 pmdpg n
[    5.685909]   residue tbl: pgd 508 pud-idx 0 pmd-idx 176 VA 0000002c0000fe00 pmdpg n
[    5.691820]   residue tbl: pgd 508 pud-idx 0 pmd-idx 188 VA 0000002f0000fe00 pmdpg n
[    5.700577]   residue tbl: pgd 508 pud-idx 0 pmd-idx 278 VA 000000458000fe00 pmdpg n
[    5.708679]   residue tbl: pgd 508 pud-idx 0 pmd-idx 287 VA 00000047c000fe00 pmdpg n
[    5.717359]   residue tbl: pgd 508 pud-idx 0 pmd-idx 511 VA 0000007fc000fe00 pmdpg n
[    5.725458]   residue tbl: pgd 510 pud-idx 0 pmd-idx 464 VA 000000740000ff00 pmdpg y
[    5.733736]   residue tbl: pgd 510 pud-idx 0 pmd-idx 465 VA 000000744000ff00 pmdpg y
[    5.739708]   residue tbl: pgd 510 pud-idx 0 pmd-idx 466 VA 000000748000ff00 pmdpg y
[    5.745711]   residue tbl: pgd 510 pud-idx 0 pmd-idx 467 VA 00000074c000ff00 pmdpg y
[    5.754720]   residue tbl: pgd 511 pud-idx 0 pmd-idx 510 VA 0000007f8000ff80 pmdpg n
[    5.761958]   residue tbl: pgd 511 pud-idx 0 pmd-idx 511 VA 0000007fc000ff80 pmdpg n
[    5.771024]     ok 45 corten_arena_test_file_fork_pinned
[    5.772029] BUG: non-zero pgtables_bytes on freeing mm: 8192 mm:0000000041728333
[    5.782090]   residue tbl: pgd 32 pud-idx 0 pmd-idx 0 VA 0000000000001000 pmdpg n
[    5.790388]   residue tbl: pgd 295 pud-idx 0 pmd-idx 451 VA 00000070c0009380 pmdpg y
[    5.796167]   residue tbl: pgd 295 pud-idx 0 pmd-idx 452 VA 0000007100009380 pmdpg y
[    5.803598]   residue tbl: pgd 311 pud-idx 0 pmd-idx 88 VA 0000001600009b80 pmdpg y
[    5.812580]   residue tbl: pgd 375 pud-idx 0 pmd-idx 87 VA 00000015c000bb80 pmdpg n
[    5.828583]   residue tbl: pgd 470 pud-idx 0 pmd-idx 41 VA 0000000a4000eb00 pmdpg y
[    5.834298]   residue tbl: pgd 508 pud-idx 0 pmd-idx 0 VA 000000000000fe00 pmdpg y
[    5.842286]   residue tbl: pgd 508 pud-idx 0 pmd-idx 22 VA 000000058000fe00 pmdpg n
[    5.851910]   residue tbl: pgd 508 pud-idx 0 pmd-idx 72 VA 000000120000fe00 pmdpg n
[    5.859111]   residue tbl: pgd 508 pud-idx 0 pmd-idx 112 VA 0000001c0000fe00 pmdpg n
[    5.867019]   residue tbl: pgd 508 pud-idx 0 pmd-idx 176 VA 0000002c0000fe00 pmdpg n
[    5.874923]   residue tbl: pgd 508 pud-idx 0 pmd-idx 188 VA 0000002f0000fe00 pmdpg n
[    5.884380]   residue tbl: pgd 508 pud-idx 0 pmd-idx 278 VA 000000458000fe00 pmdpg n
[    5.892085]   residue tbl: pgd 508 pud-idx 0 pmd-idx 287 VA 00000047c000fe00 pmdpg n
[    5.898369]   residue tbl: pgd 508 pud-idx 0 pmd-idx 511 VA 0000007fc000fe00 pmdpg n
[    5.906125]   residue tbl: pgd 510 pud-idx 0 pmd-idx 464 VA 000000740000ff00 pmdpg y
[    5.915361]   residue tbl: pgd 510 pud-idx 0 pmd-idx 465 VA 000000744000ff00 pmdpg y
[    5.924333]   residue tbl: pgd 510 pud-idx 0 pmd-idx 466 VA 000000748000ff00 pmdpg y
[    5.933238]   residue tbl: pgd 510 pud-idx 0 pmd-idx 467 VA 00000074c000ff00 pmdpg y
[    5.942229]   residue tbl: pgd 511 pud-idx 0 pmd-idx 510 VA 0000007f8000ff80 pmdpg n
[    5.954188]   residue tbl: pgd 511 pud-idx 0 pmd-idx 511 VA 0000007fc000ff80 pmdpg n
[    5.967475]     ok 46 corten_arena_test_file_hugetlb_route
[    5.970514] BUG: non-zero pgtables_bytes on freeing mm: 8192 mm:00000000909d49ea
[    5.981199]   residue tbl: pgd 32 pud-idx 0 pmd-idx 0 VA 0000000000001000 pmdpg n
[    5.986885]   residue tbl: pgd 295 pud-idx 0 pmd-idx 451 VA 00000070c0009380 pmdpg y
[    5.992126]   residue tbl: pgd 295 pud-idx 0 pmd-idx 452 VA 0000007100009380 pmdpg y
[    5.997176]   residue tbl: pgd 311 pud-idx 0 pmd-idx 88 VA 0000001600009b80 pmdpg y
[    6.004938]   residue tbl: pgd 375 pud-idx 0 pmd-idx 87 VA 00000015c000bb80 pmdpg n
[    6.010185]   residue tbl: pgd 470 pud-idx 0 pmd-idx 41 VA 0000000a4000eb00 pmdpg y
[    6.018278]   residue tbl: pgd 508 pud-idx 0 pmd-idx 0 VA 000000000000fe00 pmdpg y
[    6.025415]   residue tbl: pgd 508 pud-idx 0 pmd-idx 22 VA 000000058000fe00 pmdpg n
[    6.032947]   residue tbl: pgd 508 pud-idx 0 pmd-idx 72 VA 000000120000fe00 pmdpg n
[    6.038814]   residue tbl: pgd 508 pud-idx 0 pmd-idx 112 VA 0000001c0000fe00 pmdpg n
[    6.049762]   residue tbl: pgd 508 pud-idx 0 pmd-idx 176 VA 0000002c0000fe00 pmdpg n
[    6.054109]   residue tbl: pgd 508 pud-idx 0 pmd-idx 188 VA 0000002f0000fe00 pmdpg n
[    6.059341]   residue tbl: pgd 508 pud-idx 0 pmd-idx 278 VA 000000458000fe00 pmdpg n
[    6.065227]   residue tbl: pgd 508 pud-idx 0 pmd-idx 287 VA 00000047c000fe00 pmdpg n
[    6.071689]   residue tbl: pgd 508 pud-idx 0 pmd-idx 511 VA 0000007fc000fe00 pmdpg n
[    6.079339]   residue tbl: pgd 510 pud-idx 0 pmd-idx 464 VA 000000740000ff00 pmdpg y
[    6.088171]   residue tbl: pgd 510 pud-idx 0 pmd-idx 465 VA 000000744000ff00 pmdpg y
[    6.097274]   residue tbl: pgd 510 pud-idx 0 pmd-idx 466 VA 000000748000ff00 pmdpg y
[    6.107204]   residue tbl: pgd 510 pud-idx 0 pmd-idx 467 VA 00000074c000ff00 pmdpg y
[    6.115252]   residue tbl: pgd 511 pud-idx 0 pmd-idx 510 VA 0000007f8000ff80 pmdpg n
[    6.120638]   residue tbl: pgd 511 pud-idx 0 pmd-idx 511 VA 0000007fc000ff80 pmdpg n
[    6.129780]     ok 47 corten_arena_test_mag_recycle
[    6.133949]     ok 48 corten_arena_test_mag_marker
[    6.143407] BUG: non-zero pgtables_bytes on freeing mm: 8192 mm:000000000f11ad3e
[    6.158465]   residue tbl: pgd 32 pud-idx 0 pmd-idx 0 VA 0000000000001000 pmdpg n
[    6.163462]   residue tbl: pgd 295 pud-idx 0 pmd-idx 451 VA 00000070c0009380 pmdpg y
[    6.171085]   residue tbl: pgd 295 pud-idx 0 pmd-idx 452 VA 0000007100009380 pmdpg y
[    6.178156]   residue tbl: pgd 311 pud-idx 0 pmd-idx 88 VA 0000001600009b80 pmdpg y
[    6.182793]   residue tbl: pgd 375 pud-idx 0 pmd-idx 87 VA 00000015c000bb80 pmdpg n
[    6.189798]   residue tbl: pgd 470 pud-idx 0 pmd-idx 41 VA 0000000a4000eb00 pmdpg y
[    6.199487]   residue tbl: pgd 508 pud-idx 0 pmd-idx 0 VA 000000000000fe00 pmdpg y
[    6.204175]   residue tbl: pgd 508 pud-idx 0 pmd-idx 22 VA 000000058000fe00 pmdpg n
[    6.213275]   residue tbl: pgd 508 pud-idx 0 pmd-idx 72 VA 000000120000fe00 pmdpg n
[    6.221120]   residue tbl: pgd 508 pud-idx 0 pmd-idx 112 VA 0000001c0000fe00 pmdpg n
[    6.229473]   residue tbl: pgd 508 pud-idx 0 pmd-idx 176 VA 0000002c0000fe00 pmdpg n
[    6.239667]   residue tbl: pgd 508 pud-idx 0 pmd-idx 188 VA 0000002f0000fe00 pmdpg n
[    6.244856]   residue tbl: pgd 508 pud-idx 0 pmd-idx 278 VA 000000458000fe00 pmdpg n
[    6.254616]   residue tbl: pgd 508 pud-idx 0 pmd-idx 287 VA 00000047c000fe00 pmdpg n
[    6.263041]   residue tbl: pgd 508 pud-idx 0 pmd-idx 511 VA 0000007fc000fe00 pmdpg n
[    6.271115]   residue tbl: pgd 510 pud-idx 0 pmd-idx 464 VA 000000740000ff00 pmdpg y
[    6.277606]   residue tbl: pgd 510 pud-idx 0 pmd-idx 465 VA 000000744000ff00 pmdpg y
[    6.287339]   residue tbl: pgd 510 pud-idx 0 pmd-idx 466 VA 000000748000ff00 pmdpg y
[    6.295665]   residue tbl: pgd 510 pud-idx 0 pmd-idx 467 VA 00000074c000ff00 pmdpg y
[    6.304547]   residue tbl: pgd 511 pud-idx 0 pmd-idx 510 VA 0000007f8000ff80 pmdpg n
[    6.313451]   residue tbl: pgd 511 pud-idx 0 pmd-idx 511 VA 0000007fc000ff80 pmdpg n
[    6.325620]     ok 49 corten_arena_test_pool_reuse
[    6.329863] BUG: non-zero pgtables_bytes on freeing mm: 8192 mm:000000007d7b050f
[    6.342242]   residue tbl: pgd 32 pud-idx 0 pmd-idx 0 VA 0000000000001000 pmdpg n
[    6.348754]   residue tbl: pgd 295 pud-idx 0 pmd-idx 451 VA 00000070c0009380 pmdpg y
[    6.355466]   residue tbl: pgd 295 pud-idx 0 pmd-idx 452 VA 0000007100009380 pmdpg y
[    6.364472]   residue tbl: pgd 311 pud-idx 0 pmd-idx 88 VA 0000001600009b80 pmdpg y
[    6.373688]   residue tbl: pgd 375 pud-idx 0 pmd-idx 87 VA 00000015c000bb80 pmdpg n
[    6.378774]   residue tbl: pgd 470 pud-idx 0 pmd-idx 41 VA 0000000a4000eb00 pmdpg y
[    6.381438]   residue tbl: pgd 508 pud-idx 0 pmd-idx 0 VA 000000000000fe00 pmdpg y
[    6.384936]   residue tbl: pgd 508 pud-idx 0 pmd-idx 22 VA 000000058000fe00 pmdpg n
[    6.389682]   residue tbl: pgd 508 pud-idx 0 pmd-idx 72 VA 000000120000fe00 pmdpg n
[    6.395024]   residue tbl: pgd 508 pud-idx 0 pmd-idx 112 VA 0000001c0000fe00 pmdpg n
[    6.399716]   residue tbl: pgd 508 pud-idx 0 pmd-idx 176 VA 0000002c0000fe00 pmdpg n
[    6.402289]   residue tbl: pgd 508 pud-idx 0 pmd-idx 188 VA 0000002f0000fe00 pmdpg n
[    6.404743]   residue tbl: pgd 508 pud-idx 0 pmd-idx 278 VA 000000458000fe00 pmdpg n
[    6.407592]   residue tbl: pgd 508 pud-idx 0 pmd-idx 287 VA 00000047c000fe00 pmdpg n
[    6.410967]   residue tbl: pgd 508 pud-idx 0 pmd-idx 511 VA 0000007fc000fe00 pmdpg n
[    6.415549]   residue tbl: pgd 510 pud-idx 0 pmd-idx 464 VA 000000740000ff00 pmdpg y
[    6.420845]   residue tbl: pgd 510 pud-idx 0 pmd-idx 465 VA 000000744000ff00 pmdpg y
[    6.423497]   residue tbl: pgd 510 pud-idx 0 pmd-idx 466 VA 000000748000ff00 pmdpg y
[    6.429569]   residue tbl: pgd 510 pud-idx 0 pmd-idx 467 VA 00000074c000ff00 pmdpg y
[    6.433715]   residue tbl: pgd 511 pud-idx 0 pmd-idx 510 VA 0000007f8000ff80 pmdpg n
[    6.438164]   residue tbl: pgd 511 pud-idx 0 pmd-idx 511 VA 0000007fc000ff80 pmdpg n
[    6.456313] BUG: non-zero pgtables_bytes on freeing mm: 8192 mm:00000000811b3a7d
[    6.464440]   residue tbl: pgd 32 pud-idx 0 pmd-idx 0 VA 0000000000001000 pmdpg n
[    6.467504]   residue tbl: pgd 295 pud-idx 0 pmd-idx 451 VA 00000070c0009380 pmdpg y
[    6.472540]   residue tbl: pgd 295 pud-idx 0 pmd-idx 452 VA 0000007100009380 pmdpg y
[    6.479026]   residue tbl: pgd 311 pud-idx 0 pmd-idx 88 VA 0000001600009b80 pmdpg y
[    6.486473]   residue tbl: pgd 375 pud-idx 0 pmd-idx 87 VA 00000015c000bb80 pmdpg n
[    6.491597]   residue tbl: pgd 470 pud-idx 0 pmd-idx 41 VA 0000000a4000eb00 pmdpg y
[    6.495001]   residue tbl: pgd 508 pud-idx 0 pmd-idx 0 VA 000000000000fe00 pmdpg y
[    6.498636]   residue tbl: pgd 508 pud-idx 0 pmd-idx 22 VA 000000058000fe00 pmdpg n
[    6.503566]   residue tbl: pgd 508 pud-idx 0 pmd-idx 72 VA 000000120000fe00 pmdpg n
[    6.509434]   residue tbl: pgd 508 pud-idx 0 pmd-idx 112 VA 0000001c0000fe00 pmdpg n
[    6.516784]   residue tbl: pgd 508 pud-idx 0 pmd-idx 176 VA 0000002c0000fe00 pmdpg n
[    6.521018]   residue tbl: pgd 508 pud-idx 0 pmd-idx 188 VA 0000002f0000fe00 pmdpg n
[    6.523657]   residue tbl: pgd 508 pud-idx 0 pmd-idx 278 VA 000000458000fe00 pmdpg n
[    6.529383]   residue tbl: pgd 508 pud-idx 0 pmd-idx 287 VA 00000047c000fe00 pmdpg n
[    6.535255]   residue tbl: pgd 508 pud-idx 0 pmd-idx 511 VA 0000007fc000fe00 pmdpg n
[    6.539999]   residue tbl: pgd 510 pud-idx 0 pmd-idx 464 VA 000000740000ff00 pmdpg y
[    6.543119]   residue tbl: pgd 510 pud-idx 0 pmd-idx 465 VA 000000744000ff00 pmdpg y
[    6.546866]   residue tbl: pgd 510 pud-idx 0 pmd-idx 466 VA 000000748000ff00 pmdpg y
[    6.554298]   residue tbl: pgd 510 pud-idx 0 pmd-idx 467 VA 00000074c000ff00 pmdpg y
[    6.557096]   residue tbl: pgd 511 pud-idx 0 pmd-idx 510 VA 0000007f8000ff80 pmdpg n
[    6.562685]   residue tbl: pgd 511 pud-idx 0 pmd-idx 511 VA 0000007fc000ff80 pmdpg n
[    6.579302]     ok 50 corten_arena_test_pool_limit
[    6.584137]     ok 51 corten_arena_test_pool_mode_exit
[    6.588151] BUG: non-zero pgtables_bytes on freeing mm: 8192 mm:0000000091f92156
[    6.600021]   residue tbl: pgd 32 pud-idx 0 pmd-idx 0 VA 0000000000001000 pmdpg n
[    6.608202]   residue tbl: pgd 295 pud-idx 0 pmd-idx 451 VA 00000070c0009380 pmdpg y
[    6.616319]   residue tbl: pgd 295 pud-idx 0 pmd-idx 452 VA 0000007100009380 pmdpg y
[    6.625174]   residue tbl: pgd 311 pud-idx 0 pmd-idx 88 VA 0000001600009b80 pmdpg y
[    6.635858]   residue tbl: pgd 375 pud-idx 0 pmd-idx 87 VA 00000015c000bb80 pmdpg n
[    6.644555]   residue tbl: pgd 470 pud-idx 0 pmd-idx 41 VA 0000000a4000eb00 pmdpg y
[    6.654107]   residue tbl: pgd 508 pud-idx 0 pmd-idx 0 VA 000000000000fe00 pmdpg y
[    6.661799]   residue tbl: pgd 508 pud-idx 0 pmd-idx 22 VA 000000058000fe00 pmdpg n
[    6.668663]   residue tbl: pgd 508 pud-idx 0 pmd-idx 72 VA 000000120000fe00 pmdpg n
[    6.671754]   residue tbl: pgd 508 pud-idx 0 pmd-idx 112 VA 0000001c0000fe00 pmdpg n
[    6.675976]   residue tbl: pgd 508 pud-idx 0 pmd-idx 176 VA 0000002c0000fe00 pmdpg n
[    6.683061]   residue tbl: pgd 508 pud-idx 0 pmd-idx 188 VA 0000002f0000fe00 pmdpg n
[    6.686577]   residue tbl: pgd 508 pud-idx 0 pmd-idx 278 VA 000000458000fe00 pmdpg n
[    6.693176]   residue tbl: pgd 508 pud-idx 0 pmd-idx 287 VA 00000047c000fe00 pmdpg n
[    6.700371]   residue tbl: pgd 508 pud-idx 0 pmd-idx 511 VA 0000007fc000fe00 pmdpg n
[    6.707600]   residue tbl: pgd 510 pud-idx 0 pmd-idx 464 VA 000000740000ff00 pmdpg y
[    6.714480]   residue tbl: pgd 510 pud-idx 0 pmd-idx 465 VA 000000744000ff00 pmdpg y
[    6.721352]   residue tbl: pgd 510 pud-idx 0 pmd-idx 466 VA 000000748000ff00 pmdpg y
[    6.728528]   residue tbl: pgd 510 pud-idx 0 pmd-idx 467 VA 00000074c000ff00 pmdpg y
[    6.736232]   residue tbl: pgd 511 pud-idx 0 pmd-idx 510 VA 0000007f8000ff80 pmdpg n
[    6.742481]   residue tbl: pgd 511 pud-idx 0 pmd-idx 511 VA 0000007fc000ff80 pmdpg n
[    6.756277]     ok 52 corten_arena_test_pool_fork
[    6.759973]     ok 53 corten_arena_test_noreplace_parked
[    6.770643]     ok 54 corten_arena_test_noreplace_active
[    6.779911]     ok 55 corten_arena_test_mapfixed_over_parked
[    6.791615]     ok 56 corten_arena_test_explicit_anon_region
[    6.802071]     ok 57 corten_arena_test_explicit_file_region
[    6.813450]     ok 58 corten_arena_test_occupied_incl_idle
[    6.821895] BUG: non-zero pgtables_bytes on freeing mm: 12288 mm:0000000005164f28
[    6.836361]   residue tbl: pgd 32 pud-idx 0 pmd-idx 0 VA 0000000000001000 pmdpg y
[    6.845558]   residue tbl: pgd 295 pud-idx 0 pmd-idx 451 VA 00000070c0009380 pmdpg y
[    6.850957]   residue tbl: pgd 295 pud-idx 0 pmd-idx 452 VA 0000007100009380 pmdpg y
[    6.858344]   residue tbl: pgd 311 pud-idx 0 pmd-idx 88 VA 0000001600009b80 pmdpg y
[    6.864813]   residue tbl: pgd 375 pud-idx 0 pmd-idx 87 VA 00000015c000bb80 pmdpg n
[    6.868973]   residue tbl: pgd 470 pud-idx 0 pmd-idx 41 VA 0000000a4000eb00 pmdpg y
[    6.875651]   residue tbl: pgd 508 pud-idx 0 pmd-idx 0 VA 000000000000fe00 pmdpg y
[    6.880948]   residue tbl: pgd 508 pud-idx 0 pmd-idx 22 VA 000000058000fe00 pmdpg n
[    6.885221]   residue tbl: pgd 508 pud-idx 0 pmd-idx 72 VA 000000120000fe00 pmdpg n
[    6.893092]   residue tbl: pgd 508 pud-idx 0 pmd-idx 112 VA 0000001c0000fe00 pmdpg n
[    6.899926]   residue tbl: pgd 508 pud-idx 0 pmd-idx 176 VA 0000002c0000fe00 pmdpg n
[    6.907973]   residue tbl: pgd 508 pud-idx 0 pmd-idx 188 VA 0000002f0000fe00 pmdpg n
[    6.912296]   residue tbl: pgd 508 pud-idx 0 pmd-idx 278 VA 000000458000fe00 pmdpg n
[    6.921621]   residue tbl: pgd 508 pud-idx 0 pmd-idx 287 VA 00000047c000fe00 pmdpg n
[    6.926634]   residue tbl: pgd 508 pud-idx 0 pmd-idx 511 VA 0000007fc000fe00 pmdpg n
[    6.931816]   residue tbl: pgd 510 pud-idx 0 pmd-idx 464 VA 000000740000ff00 pmdpg y
[    6.940074]   residue tbl: pgd 510 pud-idx 0 pmd-idx 465 VA 000000744000ff00 pmdpg y
[    6.945106]   residue tbl: pgd 510 pud-idx 0 pmd-idx 466 VA 000000748000ff00 pmdpg y
[    6.952446]   residue tbl: pgd 510 pud-idx 0 pmd-idx 467 VA 00000074c000ff00 pmdpg y
[    6.962432]   residue tbl: pgd 511 pud-idx 0 pmd-idx 510 VA 0000007f8000ff80 pmdpg n
[    6.971558]   residue tbl: pgd 511 pud-idx 0 pmd-idx 511 VA 0000007fc000ff80 pmdpg n
[    6.981345] ------------[ cut here ]------------
[    6.987050] corten: foreign vma in parked window 800000-1000000
[    6.993744] WARNING: CPU: 2 PID: 384 at mm/corten_arena.c:12400 corten_arena_pool_reactivate+0x16d/0x180
[    7.004698] Modules linked in:
[    7.008358] CPU: 2 UID: 0 PID: 384 Comm: kunit_try_catch Tainted: G        W        N  6.18.32-g82a35da6b541-dirty #342 PREEMPT(voluntary) 
[    7.018890] Tainted: [W]=WARN, [N]=TEST
[    7.025615] Hardware name: QEMU Standard PC (i440FX + PIIX, 1996), BIOS 1.15.0-1 04/01/2014
[    7.037347] RIP: 0010:corten_arena_pool_reactivate+0x16d/0x180
[    7.042290] Code: fc fe ff eb af 41 bc f4 ff ff ff eb a7 c6 05 f5 66 d2 01 01 90 48 8b 55 08 48 8b 75 00 48 c7 c7 f8 15 2b b7 e8 b4 b7 ce ff 90 <0f> 0b 90 90 eb b5 66 66 2e 0f 1f 84 00 00 00 00 00 66 90 90 90 90
[    7.065466] RSP: 0000:ffff9b9600cafd50 EFLAGS: 00010286
[    7.071172] RAX: 0000000000000000 RBX: 000000000000000b RCX: 00000000ffffdfff
[    7.079670] RDX: 0000000000000000 RSI: 00000000ffffffea RDI: 0000000000000001
[    7.087967] RBP: ffff93f0c2118000 R08: ffffffffb773e6c8 R09: 00000000ffffdfff
[    7.096130] R10: ffffffffb765e6e0 R11: ffffffffb770e6e0 R12: 0000000000200073
[    7.100960] R13: ffff93f0c1b0c100 R14: ffff93f0c4820000 R15: 0000000000000800
[    7.107500] FS:  0000000000000000(0000) GS:ffff93f1859d9000(0000) knlGS:0000000000000000
[    7.112569] CS:  0010 DS: 0000 ES: 0000 CR0: 0000000080050033
[    7.117057] CR2: 0000000000000000 CR3: 0000000045630001 CR4: 0000000000770ef0
[    7.122449] PKRU: 55555554
[    7.125213] Call Trace:
[    7.129614]  <TASK>
[    7.133261]  corten_arena_auto_mmap_route+0x3f8/0x480
[    7.139106]  ? __pfx_kunit_generic_run_threadfn_adapter+0x10/0x10
[    7.143332]  corten_arena_test_p4_eject+0x1f6/0x6d0
[    7.149858]  ? finish_task_switch.isra.0+0x76/0x250
[    7.154477]  ? __pfx_kunit_generic_run_threadfn_adapter+0x10/0x10
[    7.159975]  kunit_try_run_case+0x6f/0x150
[    7.163564]  ? __pfx_kunit_generic_run_threadfn_adapter+0x10/0x10
[    7.170666]  kunit_generic_run_threadfn_adapter+0x1c/0x40
[    7.175391]  kthread+0xff/0x1f0
[    7.178578]  ? __pfx_kthread+0x10/0x10
[    7.181000]  ? __pfx_kthread+0x10/0x10
[    7.186599]  ret_from_fork+0x144/0x160
[    7.191060]  ? __pfx_kthread+0x10/0x10
[    7.195537]  ret_from_fork_asm+0x1a/0x30
[    7.197194]  </TASK>
[    7.199925] ---[ end trace 0000000000000000 ]---
[    7.208115] kunit_try_catch (384) used greatest stack depth: 13440 bytes left
[    7.209171]     ok 59 corten_arena_test_p4_eject
[    7.216133] BUG: non-zero pgtables_bytes on freeing mm: 8192 mm:000000005b7b9a9e
[    7.231070]   residue tbl: pgd 32 pud-idx 0 pmd-idx 0 VA 0000000000001000 pmdpg n
[    7.238169]   residue tbl: pgd 295 pud-idx 0 pmd-idx 451 VA 00000070c0009380 pmdpg y
[    7.246766]   residue tbl: pgd 295 pud-idx 0 pmd-idx 452 VA 0000007100009380 pmdpg y
[    7.254144]   residue tbl: pgd 311 pud-idx 0 pmd-idx 88 VA 0000001600009b80 pmdpg y
[    7.263730]   residue tbl: pgd 375 pud-idx 0 pmd-idx 87 VA 00000015c000bb80 pmdpg n
[    7.273014]   residue tbl: pgd 470 pud-idx 0 pmd-idx 41 VA 0000000a4000eb00 pmdpg y
[    7.279765]   residue tbl: pgd 508 pud-idx 0 pmd-idx 0 VA 000000000000fe00 pmdpg y
[    7.286185]   residue tbl: pgd 508 pud-idx 0 pmd-idx 22 VA 000000058000fe00 pmdpg n
[    7.293801]   residue tbl: pgd 508 pud-idx 0 pmd-idx 72 VA 000000120000fe00 pmdpg n
[    7.308391]   residue tbl: pgd 508 pud-idx 0 pmd-idx 112 VA 0000001c0000fe00 pmdpg n
[    7.320810]   residue tbl: pgd 508 pud-idx 0 pmd-idx 176 VA 0000002c0000fe00 pmdpg n
[    7.330438]   residue tbl: pgd 508 pud-idx 0 pmd-idx 188 VA 0000002f0000fe00 pmdpg n
[    7.337300]   residue tbl: pgd 508 pud-idx 0 pmd-idx 278 VA 000000458000fe00 pmdpg n
[    7.342660]   residue tbl: pgd 508 pud-idx 0 pmd-idx 287 VA 00000047c000fe00 pmdpg n
[    7.348259]   residue tbl: pgd 508 pud-idx 0 pmd-idx 511 VA 0000007fc000fe00 pmdpg n
[    7.354401]   residue tbl: pgd 510 pud-idx 0 pmd-idx 464 VA 000000740000ff00 pmdpg y
[    7.362431]   residue tbl: pgd 510 pud-idx 0 pmd-idx 465 VA 000000744000ff00 pmdpg y
[    7.368405]   residue tbl: pgd 510 pud-idx 0 pmd-idx 466 VA 000000748000ff00 pmdpg y
[    7.377507]   residue tbl: pgd 510 pud-idx 0 pmd-idx 467 VA 00000074c000ff00 pmdpg y
[    7.385496]   residue tbl: pgd 511 pud-idx 0 pmd-idx 510 VA 0000007f8000ff80 pmdpg n
[    7.395992]   residue tbl: pgd 511 pud-idx 0 pmd-idx 511 VA 0000007fc000ff80 pmdpg n
[    7.406890]     ok 60 corten_arena_test_hint_fence
[    7.408941]     ok 61 corten_arena_test_j1_hooks
[    7.415811] BUG: non-zero pgtables_bytes on freeing mm: 12288 mm:000000001c7fcaf4
[    7.421805]   residue tbl: pgd 32 pud-idx 0 pmd-idx 0 VA 0000000000001000 pmdpg y
[    7.424653]   residue tbl: pgd 295 pud-idx 0 pmd-idx 451 VA 00000070c0009380 pmdpg y
[    7.427137]   residue tbl: pgd 295 pud-idx 0 pmd-idx 452 VA 0000007100009380 pmdpg y
[    7.429580]   residue tbl: pgd 311 pud-idx 0 pmd-idx 88 VA 0000001600009b80 pmdpg y
[    7.432126]   residue tbl: pgd 375 pud-idx 0 pmd-idx 87 VA 00000015c000bb80 pmdpg n
[    7.434556]   residue tbl: pgd 470 pud-idx 0 pmd-idx 41 VA 0000000a4000eb00 pmdpg y
[    7.437690]   residue tbl: pgd 508 pud-idx 0 pmd-idx 0 VA 000000000000fe00 pmdpg y
[    7.440147]   residue tbl: pgd 508 pud-idx 0 pmd-idx 22 VA 000000058000fe00 pmdpg n
[    7.442604]   residue tbl: pgd 508 pud-idx 0 pmd-idx 72 VA 000000120000fe00 pmdpg n
[    7.446674]   residue tbl: pgd 508 pud-idx 0 pmd-idx 112 VA 0000001c0000fe00 pmdpg n
[    7.449212]   residue tbl: pgd 508 pud-idx 0 pmd-idx 176 VA 0000002c0000fe00 pmdpg n
[    7.451790]   residue tbl: pgd 508 pud-idx 0 pmd-idx 188 VA 0000002f0000fe00 pmdpg n
[    7.454537]   residue tbl: pgd 508 pud-idx 0 pmd-idx 278 VA 000000458000fe00 pmdpg n
[    7.457157]   residue tbl: pgd 508 pud-idx 0 pmd-idx 287 VA 00000047c000fe00 pmdpg n
[    7.459807]   residue tbl: pgd 508 pud-idx 0 pmd-idx 511 VA 0000007fc000fe00 pmdpg n
[    7.462289]   residue tbl: pgd 510 pud-idx 0 pmd-idx 464 VA 000000740000ff00 pmdpg y
[    7.466901]   residue tbl: pgd 510 pud-idx 0 pmd-idx 465 VA 000000744000ff00 pmdpg y
[    7.469408]   residue tbl: pgd 510 pud-idx 0 pmd-idx 466 VA 000000748000ff00 pmdpg y
[    7.474642]   residue tbl: pgd 510 pud-idx 0 pmd-idx 467 VA 00000074c000ff00 pmdpg y
[    7.483921]   residue tbl: pgd 511 pud-idx 0 pmd-idx 510 VA 0000007f8000ff80 pmdpg n
[    7.490712]   residue tbl: pgd 511 pud-idx 0 pmd-idx 511 VA 0000007fc000ff80 pmdpg n
[    7.499704]     ok 62 corten_arena_test_j1_self_exempt
[    7.504933]     ok 63 corten_arena_test_uffd_window_reject
[    7.512926]     ok 64 corten_arena_test_j1_implant_exempt
[    7.521859]     ok 65 corten_arena_test_fault_window_shorts
[    7.527381]     ok 66 corten_arena_test_inv_mv2_clean
[    7.535869] ------------[ cut here ]------------
[    7.546056] corten: INV-MV2 violated: 1 window vma(s) outside the implant registry (first at 100000200000)
[    7.559138] WARNING: CPU: 7 PID: 415 at mm/corten_arena.c:14137 corten_audit_j2_scan+0x1e9/0x200
[    7.576047] Modules linked in:
[    7.580632] CPU: 7 UID: 0 PID: 415 Comm: kunit_try_catch Tainted: G        W        N  6.18.32-g82a35da6b541-dirty #342 PREEMPT(voluntary) 
[    7.597051] Tainted: [W]=WARN, [N]=TEST
[    7.598934] Hardware name: QEMU Standard PC (i440FX + PIIX, 1996), BIOS 1.15.0-1 04/01/2014
[    7.609047] RIP: 0010:corten_audit_j2_scan+0x1e9/0x200
[    7.613399] Code: 5b 5d 41 5c 41 5d 41 5e 41 5f c3 cc cc cc cc c6 05 56 6f d3 01 01 90 48 c7 c7 30 13 2b b7 4c 89 e2 44 89 ee e8 18 c0 cf ff 90 <0f> 0b 90 90 eb ad e8 cc 5e f8 00 66 66 2e 0f 1f 84 00 00 00 00 00
[    7.637308] RSP: 0000:ffff9b9600c27d58 EFLAGS: 00010282
[    7.642985] RAX: 0000000000000000 RBX: ffff93f0c263e1c0 RCX: 00000000ffffdfff
[    7.649192] RDX: 0000000000000000 RSI: 00000000ffffffea RDI: 0000000000000001
[    7.653572] RBP: 00003fffffffffff R08: ffffffffb773e6c8 R09: 00000000ffffdfff
[    7.661145] R10: ffffffffb765e6e0 R11: ffffffffb770e6e0 R12: 0000100000200000
[    7.663967] R13: 0000000000000001 R14: 0000000000000000 R15: 0000000000000000
[    7.671288] FS:  0000000000000000(0000) GS:ffff93f185b19000(0000) knlGS:0000000000000000
[    7.675669] CS:  0010 DS: 0000 ES: 0000 CR0: 0000000080050033
[    7.682351] CR2: 0000000000000000 CR3: 0000000045630004 CR4: 0000000000770ef0
[    7.688006] PKRU: 55555554
[    7.689301] Call Trace:
[    7.691191]  <TASK>
[    7.692913]  ? vma_link+0x11f/0x1d0
[    7.695884]  corten_audit_j2_walk+0x55/0x70
[    7.698140]  corten_arena_test_inv_mv2_inject+0x121/0x740
[    7.704484]  ? finish_task_switch.isra.0+0x76/0x250
[    7.708755]  ? __pfx_kunit_generic_run_threadfn_adapter+0x10/0x10
[    7.712386]  kunit_try_run_case+0x6f/0x150
[    7.716458]  ? __pfx_kunit_generic_run_threadfn_adapter+0x10/0x10
[    7.718589]  kunit_generic_run_threadfn_adapter+0x1c/0x40
[    7.721676]  kthread+0xff/0x1f0
[    7.724841]  ? __pfx_kthread+0x10/0x10
[    7.728172]  ? __pfx_kthread+0x10/0x10
[    7.731411]  ret_from_fork+0x144/0x160
[    7.733794]  ? __pfx_kthread+0x10/0x10
[    7.736241]  ret_from_fork_asm+0x1a/0x30
[    7.740400]  </TASK>
[    7.742695] ---[ end trace 0000000000000000 ]---
[    7.749562]     ok 67 corten_arena_test_inv_mv2_inject
[    7.754858]     ok 68 corten_arena_test_inv_mv2_stale
[    7.762575]     ok 69 corten_arena_test_inv_mv2_implant_fork
[    7.778840]     ok 70 corten_arena_test_j2_triggers
[    7.792746]     ok 71 corten_arena_test_msync_window_segments
[    7.799015] get_swap_device: Bad swap file entry 400000000000077
[    7.810476] get_swap_device: Bad swap file entry 400000000000077
[    7.817945]     ok 72 corten_arena_test_mincore_route
[    7.823418]     ok 73 corten_arena_test_madvise_parked_terminal
[    7.834706]     ok 74 corten_arena_test_move_pages_window
[    7.845099]     ok 75 corten_arena_test_mvc_row_stream
[    7.857745]     ok 76 corten_arena_test_mvc_merge_first_row
[    7.870812]     ok 77 corten_arena_test_mvc_gup_probe
[    7.879611]     ok 78 corten_arena_test_w3_futex_gup_shapes
[    7.888514]     ok 79 corten_arena_test_w3_gup_chunk_promoted_perm
[    7.903989]     ok 80 corten_arena_test_w3_futex_key
[    7.908688] BUG: non-zero pgtables_bytes on freeing mm: 8192 mm:0000000097c55d8b
[    7.917702]   residue tbl: pgd 32 pud-idx 0 pmd-idx 0 VA 0000000000001000 pmdpg n
[    7.924765]   residue tbl: pgd 295 pud-idx 0 pmd-idx 451 VA 00000070c0009380 pmdpg y
[    7.928937]   residue tbl: pgd 295 pud-idx 0 pmd-idx 452 VA 0000007100009380 pmdpg y
[    7.934753]   residue tbl: pgd 311 pud-idx 0 pmd-idx 88 VA 0000001600009b80 pmdpg y
[    7.945895]   residue tbl: pgd 375 pud-idx 0 pmd-idx 87 VA 00000015c000bb80 pmdpg n
[    7.954402]   residue tbl: pgd 470 pud-idx 0 pmd-idx 41 VA 0000000a4000eb00 pmdpg y
[    7.961924]   residue tbl: pgd 508 pud-idx 0 pmd-idx 0 VA 000000000000fe00 pmdpg y
[    7.967018]   residue tbl: pgd 508 pud-idx 0 pmd-idx 22 VA 000000058000fe00 pmdpg n
[    7.974150]   residue tbl: pgd 508 pud-idx 0 pmd-idx 72 VA 000000120000fe00 pmdpg n
[    7.977643]   residue tbl: pgd 508 pud-idx 0 pmd-idx 112 VA 0000001c0000fe00 pmdpg n
[    7.983880]   residue tbl: pgd 508 pud-idx 0 pmd-idx 176 VA 0000002c0000fe00 pmdpg n
[    7.991309]   residue tbl: pgd 508 pud-idx 0 pmd-idx 188 VA 0000002f0000fe00 pmdpg n
[    7.996465]   residue tbl: pgd 508 pud-idx 0 pmd-idx 278 VA 000000458000fe00 pmdpg n
[    8.001985]   residue tbl: pgd 508 pud-idx 0 pmd-idx 287 VA 00000047c000fe00 pmdpg n
[    8.008932]   residue tbl: pgd 508 pud-idx 0 pmd-idx 511 VA 0000007fc000fe00 pmdpg n
[    8.014157]   residue tbl: pgd 510 pud-idx 0 pmd-idx 464 VA 000000740000ff00 pmdpg y
[    8.019537]   residue tbl: pgd 510 pud-idx 0 pmd-idx 465 VA 000000744000ff00 pmdpg y
[    8.028579]   residue tbl: pgd 510 pud-idx 0 pmd-idx 466 VA 000000748000ff00 pmdpg y
[    8.034795]   residue tbl: pgd 510 pud-idx 0 pmd-idx 467 VA 00000074c000ff00 pmdpg y
[    8.041745]   residue tbl: pgd 511 pud-idx 0 pmd-idx 510 VA 0000007f8000ff80 pmdpg n
[    8.047595]   residue tbl: pgd 511 pud-idx 0 pmd-idx 511 VA 0000007fc000ff80 pmdpg n
[    8.054743]     ok 81 corten_arena_test_gup_loop_window
[    8.059801]     ok 82 corten_arena_test_gup_loop_legacy
[    8.071004]     ok 83 corten_arena_test_remote_access_window
[    8.080780]     ok 84 corten_arena_test_remote_poke_cow
[    8.086407]     ok 85 corten_arena_test_punch_bare_frame_pte
[    8.091313] BUG: non-zero pgtables_bytes on freeing mm: 8192 mm:00000000f2e52522
[    8.100861]   residue tbl: pgd 32 pud-idx 0 pmd-idx 0 VA 0000000000001000 pmdpg n
[    8.110062]   residue tbl: pgd 295 pud-idx 0 pmd-idx 451 VA 00000070c0009380 pmdpg y
[    8.120036]   residue tbl: pgd 295 pud-idx 0 pmd-idx 452 VA 0000007100009380 pmdpg y
[    8.129027]   residue tbl: pgd 311 pud-idx 0 pmd-idx 88 VA 0000001600009b80 pmdpg y
[    8.138426]   residue tbl: pgd 375 pud-idx 0 pmd-idx 87 VA 00000015c000bb80 pmdpg n
[    8.147923]   residue tbl: pgd 470 pud-idx 0 pmd-idx 41 VA 0000000a4000eb00 pmdpg y
[    8.156833]   residue tbl: pgd 508 pud-idx 0 pmd-idx 0 VA 000000000000fe00 pmdpg y
[    8.166452]   residue tbl: pgd 508 pud-idx 0 pmd-idx 22 VA 000000058000fe00 pmdpg n
[    8.174982]   residue tbl: pgd 508 pud-idx 0 pmd-idx 72 VA 000000120000fe00 pmdpg n
[    8.184946]   residue tbl: pgd 508 pud-idx 0 pmd-idx 112 VA 0000001c0000fe00 pmdpg n
[    8.193867]   residue tbl: pgd 508 pud-idx 0 pmd-idx 176 VA 0000002c0000fe00 pmdpg n
[    8.204220]   residue tbl: pgd 508 pud-idx 0 pmd-idx 188 VA 0000002f0000fe00 pmdpg n
[    8.214075]   residue tbl: pgd 508 pud-idx 0 pmd-idx 278 VA 000000458000fe00 pmdpg n
[    8.223277]   residue tbl: pgd 508 pud-idx 0 pmd-idx 287 VA 00000047c000fe00 pmdpg n
[    8.232178]   residue tbl: pgd 508 pud-idx 0 pmd-idx 511 VA 0000007fc000fe00 pmdpg n
[    8.242358]   residue tbl: pgd 510 pud-idx 0 pmd-idx 464 VA 000000740000ff00 pmdpg y
[    8.250828]   residue tbl: pgd 510 pud-idx 0 pmd-idx 465 VA 000000744000ff00 pmdpg y
[    8.259862]   residue tbl: pgd 510 pud-idx 0 pmd-idx 466 VA 000000748000ff00 pmdpg y
[    8.268620]   residue tbl: pgd 510 pud-idx 0 pmd-idx 467 VA 00000074c000ff00 pmdpg y
[    8.277557]   residue tbl: pgd 511 pud-idx 0 pmd-idx 510 VA 0000007f8000ff80 pmdpg n
[    8.286499]   residue tbl: pgd 511 pud-idx 0 pmd-idx 511 VA 0000007fc000ff80 pmdpg n
[    8.296319]     ok 86 corten_arena_test_mvc_smaps_pagemap
[    8.300181] get_swap_device: Bad swap file entry 40000000000005d
[    8.314261]     ok 87 corten_arena_test_exit_lifecycle
[    8.320613] ------------[ cut here ]------------
[    8.329091] WARNING: CPU: 3 PID: 497 at mm/corten_arena.c:917 corten_slot_insert+0x1c6/0x230
[    8.336127] Modules linked in:
[    8.337998] CPU: 3 UID: 0 PID: 497 Comm: corten_arena_op Tainted: G        W        N  6.18.32-g82a35da6b541-dirty #342 PREEMPT(voluntary) 
[    8.350151] Tainted: [W]=WARN, [N]=TEST
[    8.354004] Hardware name: QEMU Standard PC (i440FX + PIIX, 1996), BIOS 1.15.0-1 04/01/2014
[    8.364964] RIP: 0010:corten_slot_insert+0x1c6/0x230
[    8.367624] Code: 83 fa 02 0f 85 54 ff ff ff 48 3d 05 c0 ff ff 0f 86 48 ff ff ff 48 c1 f8 02 41 89 c5 85 c0 0f 84 3c ff ff ff e9 54 ff ff ff 90 <0f> 0b 90 41 bd ef ff ff ff 5b 5d 44 89 e8 41 5c 41 5d 41 5e 41 5f
[    8.381780] RSP: 0000:ffff9b9600fe7bf0 EFLAGS: 00010246
[    8.387547] RAX: ffff93f0c351ea00 RBX: ffff93f0c351ea00 RCX: 0000000000000000
[    8.393567] RDX: ffff93f0c15f5ff0 RSI: 0000000000000001 RDI: ffff93f0c4708000
[    8.402812] RBP: ffff93f0c47ce800 R08: 0000000000000001 R09: 0000000000000006
[    8.408778] R10: 0000000000000021 R11: 0000000000000000 R12: 0000100000000000
[    8.415830] R13: ffff93f0c351ea00 R14: ffff93f0c257aa00 R15: 0000000000800001
[    8.422952] FS:  0000000000000000(0000) GS:ffff93f185a19000(0000) knlGS:0000000000000000
[    8.427437] CS:  0010 DS: 0000 ES: 0000 CR0: 0000000080050033
[    8.430385] CR2: 0000000000000000 CR3: 00000000048a9002 CR4: 0000000000770ef0
[    8.438819] PKRU: 55555554
[    8.441730] Call Trace:
[    8.442729]  <TASK>
[    8.443435]  corten_arena_mmap_punch_route+0x27b/0x6a0
[    8.449838]  corten_arena_mmap_route+0x216/0x830
[    8.452751]  ? update_load_avg+0x6f/0x3c0
[    8.454643]  do_mmap+0x1f5/0x7d0
[    8.455746]  ? __pfx_corten_arena_test_op_thread+0x10/0x10
[    8.457486]  corten_arena_test_op_punch+0x76/0x100
[    8.462836]  corten_arena_test_op_thread+0x1c/0x40
[    8.467473]  kthread+0xff/0x1f0
[    8.469185]  ? __pfx_kthread+0x10/0x10
[    8.471664]  ? __pfx_kthread+0x10/0x10
[    8.475729]  ret_from_fork+0x144/0x160
[    8.480206]  ? __pfx_kthread+0x10/0x10
[    8.484737]  ret_from_fork_asm+0x1a/0x30
[    8.489694]  </TASK>
[    8.492597] ---[ end trace 0000000000000000 ]---
[    8.499506] corten_arena_op (497) used greatest stack depth: 13088 bytes left
[    8.540483] BUG: non-zero pgtables_bytes on freeing mm: 8192 mm:00000000c6f7cbef
[    8.543170]   residue tbl: pgd 32 pud-idx 0 pmd-idx 0 VA 0000000000001000 pmdpg n
[    8.545675]   residue tbl: pgd 295 pud-idx 0 pmd-idx 451 VA 00000070c0009380 pmdpg y
[    8.548239]   residue tbl: pgd 295 pud-idx 0 pmd-idx 452 VA 0000007100009380 pmdpg y
[    8.550849]   residue tbl: pgd 311 pud-idx 0 pmd-idx 88 VA 0000001600009b80 pmdpg y
[    8.553467]   residue tbl: pgd 375 pud-idx 0 pmd-idx 87 VA 00000015c000bb80 pmdpg n
[    8.558386]   residue tbl: pgd 470 pud-idx 0 pmd-idx 41 VA 0000000a4000eb00 pmdpg y
[    8.562647]   residue tbl: pgd 508 pud-idx 0 pmd-idx 0 VA 000000000000fe00 pmdpg y
[    8.565157]   residue tbl: pgd 508 pud-idx 0 pmd-idx 22 VA 000000058000fe00 pmdpg n
[    8.568961]   residue tbl: pgd 508 pud-idx 0 pmd-idx 72 VA 000000120000fe00 pmdpg n
[    8.574723]   residue tbl: pgd 508 pud-idx 0 pmd-idx 112 VA 0000001c0000fe00 pmdpg n
[    8.583591]   residue tbl: pgd 508 pud-idx 0 pmd-idx 176 VA 0000002c0000fe00 pmdpg n
[    8.592140]   residue tbl: pgd 508 pud-idx 0 pmd-idx 188 VA 0000002f0000fe00 pmdpg n
[    8.600441]   residue tbl: pgd 508 pud-idx 0 pmd-idx 278 VA 000000458000fe00 pmdpg n
[    8.609385]   residue tbl: pgd 508 pud-idx 0 pmd-idx 287 VA 00000047c000fe00 pmdpg n
[    8.613850]   residue tbl: pgd 508 pud-idx 0 pmd-idx 511 VA 0000007fc000fe00 pmdpg n
[    8.616334]   residue tbl: pgd 510 pud-idx 0 pmd-idx 464 VA 000000740000ff00 pmdpg y
[    8.618769]   residue tbl: pgd 510 pud-idx 0 pmd-idx 465 VA 000000744000ff00 pmdpg y
[    8.621182]   residue tbl: pgd 510 pud-idx 0 pmd-idx 466 VA 000000748000ff00 pmdpg y
[    8.623596]   residue tbl: pgd 510 pud-idx 0 pmd-idx 467 VA 00000074c000ff00 pmdpg y
[    8.629870]   residue tbl: pgd 511 pud-idx 0 pmd-idx 510 VA 0000007f8000ff80 pmdpg n
[    8.639709]   residue tbl: pgd 511 pud-idx 0 pmd-idx 511 VA 0000007fc000ff80 pmdpg n
[    8.655847]     ok 88 corten_arena_test_exit_punchfork
[    8.657577]     ok 89 corten_arena_test_exit_multi_segment
[    8.664206]     ok 90 corten_arena_test_vma_free_reuse
[    8.668557]     ok 91 corten_arena_test_inv_mv3
[    8.672875] BUG: non-zero pgtables_bytes on freeing mm: 8192 mm:000000007f69a12d
[    8.682844]   residue tbl: pgd 32 pud-idx 0 pmd-idx 0 VA 0000000000001000 pmdpg n
[    8.686550]   residue tbl: pgd 295 pud-idx 0 pmd-idx 451 VA 00000070c0009380 pmdpg y
[    8.690441]   residue tbl: pgd 295 pud-idx 0 pmd-idx 452 VA 0000007100009380 pmdpg y
[    8.693896]   residue tbl: pgd 311 pud-idx 0 pmd-idx 88 VA 0000001600009b80 pmdpg y
[    8.698266]   residue tbl: pgd 375 pud-idx 0 pmd-idx 87 VA 00000015c000bb80 pmdpg n
[    8.701077]   residue tbl: pgd 470 pud-idx 0 pmd-idx 41 VA 0000000a4000eb00 pmdpg y
[    8.707664]   residue tbl: pgd 508 pud-idx 0 pmd-idx 0 VA 000000000000fe00 pmdpg y
[    8.710539]   residue tbl: pgd 508 pud-idx 0 pmd-idx 22 VA 000000058000fe00 pmdpg n
[    8.715218]   residue tbl: pgd 508 pud-idx 0 pmd-idx 72 VA 000000120000fe00 pmdpg n
[    8.723289]   residue tbl: pgd 508 pud-idx 0 pmd-idx 112 VA 0000001c0000fe00 pmdpg n
[    8.734595]   residue tbl: pgd 508 pud-idx 0 pmd-idx 176 VA 0000002c0000fe00 pmdpg n
[    8.743439]   residue tbl: pgd 508 pud-idx 0 pmd-idx 188 VA 0000002f0000fe00 pmdpg n
[    8.752212]   residue tbl: pgd 508 pud-idx 0 pmd-idx 278 VA 000000458000fe00 pmdpg n
[    8.756178]   residue tbl: pgd 508 pud-idx 0 pmd-idx 287 VA 00000047c000fe00 pmdpg n
[    8.761493]   residue tbl: pgd 508 pud-idx 0 pmd-idx 511 VA 0000007fc000fe00 pmdpg n
[    8.767425]   residue tbl: pgd 510 pud-idx 0 pmd-idx 464 VA 000000740000ff00 pmdpg y
[    8.773577]   residue tbl: pgd 510 pud-idx 0 pmd-idx 465 VA 000000744000ff00 pmdpg y
[    8.778923]   residue tbl: pgd 510 pud-idx 0 pmd-idx 466 VA 000000748000ff00 pmdpg y
[    8.787749]   residue tbl: pgd 510 pud-idx 0 pmd-idx 467 VA 00000074c000ff00 pmdpg y
[    8.795959]   residue tbl: pgd 511 pud-idx 0 pmd-idx 510 VA 0000007f8000ff80 pmdpg n
[    8.799841]   residue tbl: pgd 511 pud-idx 0 pmd-idx 511 VA 0000007fc000ff80 pmdpg n
[    8.808503] BUG: non-zero pgtables_bytes on freeing mm: 8192 mm:0000000074853365
[    8.815987]   residue tbl: pgd 32 pud-idx 0 pmd-idx 0 VA 0000000000001000 pmdpg n
[    8.824720]   residue tbl: pgd 295 pud-idx 0 pmd-idx 451 VA 00000070c0009380 pmdpg y
[    8.834103]   residue tbl: pgd 295 pud-idx 0 pmd-idx 452 VA 0000007100009380 pmdpg y
[    8.842918]   residue tbl: pgd 311 pud-idx 0 pmd-idx 88 VA 0000001600009b80 pmdpg y
[    8.852653]   residue tbl: pgd 375 pud-idx 0 pmd-idx 87 VA 00000015c000bb80 pmdpg n
[    8.859851]   residue tbl: pgd 470 pud-idx 0 pmd-idx 41 VA 0000000a4000eb00 pmdpg y
[    8.868177]   residue tbl: pgd 508 pud-idx 0 pmd-idx 0 VA 000000000000fe00 pmdpg y
[    8.877680]   residue tbl: pgd 508 pud-idx 0 pmd-idx 22 VA 000000058000fe00 pmdpg n
[    8.926927]   residue tbl: pgd 508 pud-idx 0 pmd-idx 72 VA 000000120000fe00 pmdpg n
[    8.946807]   residue tbl: pgd 508 pud-idx 0 pmd-idx 112 VA 0000001c0000fe00 pmdpg n
[    8.955468]   residue tbl: pgd 508 pud-idx 0 pmd-idx 176 VA 0000002c0000fe00 pmdpg n
[    8.965003]   residue tbl: pgd 508 pud-idx 0 pmd-idx 188 VA 0000002f0000fe00 pmdpg n
[    8.975759]   residue tbl: pgd 508 pud-idx 0 pmd-idx 278 VA 000000458000fe00 pmdpg n
[    8.985562]   residue tbl: pgd 508 pud-idx 0 pmd-idx 287 VA 00000047c000fe00 pmdpg n
[    8.994043]   residue tbl: pgd 508 pud-idx 0 pmd-idx 511 VA 0000007fc000fe00 pmdpg n
[    9.009099]   residue tbl: pgd 510 pud-idx 0 pmd-idx 464 VA 000000740000ff00 pmdpg y
[    9.015575]   residue tbl: pgd 510 pud-idx 0 pmd-idx 465 VA 000000744000ff00 pmdpg y
[    9.023406]   residue tbl: pgd 510 pud-idx 0 pmd-idx 466 VA 000000748000ff00 pmdpg y
[    9.031378]   residue tbl: pgd 510 pud-idx 0 pmd-idx 467 VA 00000074c000ff00 pmdpg y
[    9.039663]   residue tbl: pgd 511 pud-idx 0 pmd-idx 510 VA 0000007f8000ff80 pmdpg n
[    9.043636]   residue tbl: pgd 511 pud-idx 0 pmd-idx 511 VA 0000007fc000ff80 pmdpg n
[    9.054549]     ok 92 corten_arena_test_fork_vma_free
[    9.058726]     ok 93 corten_arena_test_vma_free_shrink_pick
[    9.066331]     ok 94 corten_arena_test_carrier_shrink_pick
[    9.072408]     ok 95 corten_arena_test_auto_validate
[    9.079273] BUG: non-zero pgtables_bytes on freeing mm: 8192 mm:000000002149519b
[    9.090975]   residue tbl: pgd 32 pud-idx 0 pmd-idx 0 VA 0000000000001000 pmdpg n
[    9.096592]   residue tbl: pgd 295 pud-idx 0 pmd-idx 451 VA 00000070c0009380 pmdpg y
[    9.103819]   residue tbl: pgd 295 pud-idx 0 pmd-idx 452 VA 0000007100009380 pmdpg y
[    9.108325]   residue tbl: pgd 311 pud-idx 0 pmd-idx 88 VA 0000001600009b80 pmdpg y
[    9.114690]   residue tbl: pgd 375 pud-idx 0 pmd-idx 87 VA 00000015c000bb80 pmdpg n
[    9.122418]   residue tbl: pgd 470 pud-idx 0 pmd-idx 41 VA 0000000a4000eb00 pmdpg y
[    9.131212]   residue tbl: pgd 508 pud-idx 0 pmd-idx 0 VA 000000000000fe00 pmdpg y
[    9.137825]   residue tbl: pgd 508 pud-idx 0 pmd-idx 22 VA 000000058000fe00 pmdpg n
[    9.145480]   residue tbl: pgd 508 pud-idx 0 pmd-idx 72 VA 000000120000fe00 pmdpg n
[    9.150368]   residue tbl: pgd 508 pud-idx 0 pmd-idx 112 VA 0000001c0000fe00 pmdpg n
[    9.157509]   residue tbl: pgd 508 pud-idx 0 pmd-idx 176 VA 0000002c0000fe00 pmdpg n
[    9.164828]   residue tbl: pgd 508 pud-idx 0 pmd-idx 188 VA 0000002f0000fe00 pmdpg n
[    9.172032]   residue tbl: pgd 508 pud-idx 0 pmd-idx 278 VA 000000458000fe00 pmdpg n
[    9.180040]   residue tbl: pgd 508 pud-idx 0 pmd-idx 287 VA 00000047c000fe00 pmdpg n
[    9.187709]   residue tbl: pgd 508 pud-idx 0 pmd-idx 511 VA 0000007fc000fe00 pmdpg n
[    9.192158]   residue tbl: pgd 510 pud-idx 0 pmd-idx 464 VA 000000740000ff00 pmdpg y
[    9.200036]   residue tbl: pgd 510 pud-idx 0 pmd-idx 465 VA 000000744000ff00 pmdpg y
[    9.205094]   residue tbl: pgd 510 pud-idx 0 pmd-idx 466 VA 000000748000ff00 pmdpg y
[    9.213410]   residue tbl: pgd 510 pud-idx 0 pmd-idx 467 VA 00000074c000ff00 pmdpg y
[    9.222638]   residue tbl: pgd 511 pud-idx 0 pmd-idx 510 VA 0000007f8000ff80 pmdpg n
[    9.230799]   residue tbl: pgd 511 pud-idx 0 pmd-idx 511 VA 0000007fc000ff80 pmdpg n
[    9.242393]     ok 96 corten_arena_test_carrier_vma
[    9.246171]     ok 97 corten_arena_test_fork_punch_novma
[    9.250020] BUG: non-zero pgtables_bytes on freeing mm: 8192 mm:0000000097c55d8b
[    9.263052]   residue tbl: pgd 32 pud-idx 0 pmd-idx 0 VA 0000000000001000 pmdpg n
[    9.268052]   residue tbl: pgd 295 pud-idx 0 pmd-idx 451 VA 00000070c0009380 pmdpg y
[    9.277105]   residue tbl: pgd 295 pud-idx 0 pmd-idx 452 VA 0000007100009380 pmdpg y
[    9.286568]   residue tbl: pgd 311 pud-idx 0 pmd-idx 88 VA 0000001600009b80 pmdpg y
[    9.292152]   residue tbl: pgd 375 pud-idx 0 pmd-idx 87 VA 00000015c000bb80 pmdpg n
[    9.297211]   residue tbl: pgd 470 pud-idx 0 pmd-idx 41 VA 0000000a4000eb00 pmdpg y
[    9.304656]   residue tbl: pgd 508 pud-idx 0 pmd-idx 0 VA 000000000000fe00 pmdpg y
[    9.313707]   residue tbl: pgd 508 pud-idx 0 pmd-idx 22 VA 000000058000fe00 pmdpg n
[    9.321297]   residue tbl: pgd 508 pud-idx 0 pmd-idx 72 VA 000000120000fe00 pmdpg n
[    9.327475]   residue tbl: pgd 508 pud-idx 0 pmd-idx 112 VA 0000001c0000fe00 pmdpg n
[    9.336063]   residue tbl: pgd 508 pud-idx 0 pmd-idx 176 VA 0000002c0000fe00 pmdpg n
[    9.343297]   residue tbl: pgd 508 pud-idx 0 pmd-idx 188 VA 0000002f0000fe00 pmdpg n
[    9.350333]   residue tbl: pgd 508 pud-idx 0 pmd-idx 278 VA 000000458000fe00 pmdpg n
[    9.357160]   residue tbl: pgd 508 pud-idx 0 pmd-idx 287 VA 00000047c000fe00 pmdpg n
[    9.364231]   residue tbl: pgd 508 pud-idx 0 pmd-idx 511 VA 0000007fc000fe00 pmdpg n
[    9.369498]   residue tbl: pgd 510 pud-idx 0 pmd-idx 464 VA 000000740000ff00 pmdpg y
[    9.376367]   residue tbl: pgd 510 pud-idx 0 pmd-idx 465 VA 000000744000ff00 pmdpg y
[    9.382758]   residue tbl: pgd 510 pud-idx 0 pmd-idx 466 VA 000000748000ff00 pmdpg y
[    9.388562]   residue tbl: pgd 510 pud-idx 0 pmd-idx 467 VA 00000074c000ff00 pmdpg y
[    9.395569]   residue tbl: pgd 511 pud-idx 0 pmd-idx 510 VA 0000007f8000ff80 pmdpg n
[    9.398502]   residue tbl: pgd 511 pud-idx 0 pmd-idx 511 VA 0000007fc000ff80 pmdpg n
[    9.404026]     ok 98 corten_arena_test_fork_redeclare_content
[    9.405531]     ok 99 corten_arena_test_region_record
[    9.411935]     ok 100 corten_arena_test_region_iter
[    9.417981] BUG: non-zero pgtables_bytes on freeing mm: 8192 mm:000000004ba55a1e
[    9.426148]   residue tbl: pgd 32 pud-idx 0 pmd-idx 0 VA 0000000000001000 pmdpg n
[    9.430138]   residue tbl: pgd 295 pud-idx 0 pmd-idx 451 VA 00000070c0009380 pmdpg y
[    9.435447]   residue tbl: pgd 295 pud-idx 0 pmd-idx 452 VA 0000007100009380 pmdpg y
[    9.438092]   residue tbl: pgd 311 pud-idx 0 pmd-idx 88 VA 0000001600009b80 pmdpg y
[    9.440723]   residue tbl: pgd 375 pud-idx 0 pmd-idx 87 VA 00000015c000bb80 pmdpg n
[    9.445118]   residue tbl: pgd 470 pud-idx 0 pmd-idx 41 VA 0000000a4000eb00 pmdpg y
[    9.448452]   residue tbl: pgd 508 pud-idx 0 pmd-idx 0 VA 000000000000fe00 pmdpg y
[    9.452090]   residue tbl: pgd 508 pud-idx 0 pmd-idx 22 VA 000000058000fe00 pmdpg n
[    9.454734]   residue tbl: pgd 508 pud-idx 0 pmd-idx 72 VA 000000120000fe00 pmdpg n
[    9.459621]   residue tbl: pgd 508 pud-idx 0 pmd-idx 112 VA 0000001c0000fe00 pmdpg n
[    9.463209]   residue tbl: pgd 508 pud-idx 0 pmd-idx 176 VA 0000002c0000fe00 pmdpg n
[    9.465920]   residue tbl: pgd 508 pud-idx 0 pmd-idx 188 VA 0000002f0000fe00 pmdpg n
[    9.471761]   residue tbl: pgd 508 pud-idx 0 pmd-idx 278 VA 000000458000fe00 pmdpg n
[    9.479700]   residue tbl: pgd 508 pud-idx 0 pmd-idx 287 VA 00000047c000fe00 pmdpg n
[    9.484156]   residue tbl: pgd 508 pud-idx 0 pmd-idx 511 VA 0000007fc000fe00 pmdpg n
[    9.491452]   residue tbl: pgd 510 pud-idx 0 pmd-idx 464 VA 000000740000ff00 pmdpg y
[    9.494354]   residue tbl: pgd 510 pud-idx 0 pmd-idx 465 VA 000000744000ff00 pmdpg y
[    9.498714]   residue tbl: pgd 510 pud-idx 0 pmd-idx 466 VA 000000748000ff00 pmdpg y
[    9.508108]   residue tbl: pgd 510 pud-idx 0 pmd-idx 467 VA 00000074c000ff00 pmdpg y
[    9.517772]   residue tbl: pgd 511 pud-idx 0 pmd-idx 510 VA 0000007f8000ff80 pmdpg n
[    9.523576]   residue tbl: pgd 511 pud-idx 0 pmd-idx 511 VA 0000007fc000ff80 pmdpg n
[    9.536094]     ok 101 corten_arena_test_region_park
[    9.538769]     ok 102 corten_arena_test_region_fork
[    9.548292]     ok 103 corten_arena_test_mprotect_route
[    9.558122]     ok 104 corten_arena_test_protect_flags_kernel_gate
[    9.567532]     ok 105 corten_arena_test_madvise_route
[    9.576050] BUG: non-zero pgtables_bytes on freeing mm: 8192 mm:00000000dac98638
[    9.587247]   residue tbl: pgd 0 pud-idx 0 pmd-idx 0 VA 0000000000000000 pmdpg n
[    9.592925]   residue tbl: pgd 295 pud-idx 0 pmd-idx 451 VA 00000070c0009380 pmdpg y
[    9.602196]   residue tbl: pgd 295 pud-idx 0 pmd-idx 452 VA 0000007100009380 pmdpg y
[    9.611634]   residue tbl: pgd 311 pud-idx 0 pmd-idx 88 VA 0000001600009b80 pmdpg y
[    9.621699]   residue tbl: pgd 375 pud-idx 0 pmd-idx 87 VA 00000015c000bb80 pmdpg n
[    9.632127]   residue tbl: pgd 470 pud-idx 0 pmd-idx 41 VA 0000000a4000eb00 pmdpg y
[    9.641790]   residue tbl: pgd 508 pud-idx 0 pmd-idx 0 VA 000000000000fe00 pmdpg y
[    9.645665]   residue tbl: pgd 508 pud-idx 0 pmd-idx 22 VA 000000058000fe00 pmdpg n
[    9.650029]   residue tbl: pgd 508 pud-idx 0 pmd-idx 72 VA 000000120000fe00 pmdpg n
[    9.655220]   residue tbl: pgd 508 pud-idx 0 pmd-idx 112 VA 0000001c0000fe00 pmdpg n
[    9.660719]   residue tbl: pgd 508 pud-idx 0 pmd-idx 176 VA 0000002c0000fe00 pmdpg n
[    9.665379]   residue tbl: pgd 508 pud-idx 0 pmd-idx 188 VA 0000002f0000fe00 pmdpg n
[    9.668873]   residue tbl: pgd 508 pud-idx 0 pmd-idx 278 VA 000000458000fe00 pmdpg n
[    9.674865]   residue tbl: pgd 508 pud-idx 0 pmd-idx 287 VA 00000047c000fe00 pmdpg n
[    9.680315]   residue tbl: pgd 508 pud-idx 0 pmd-idx 511 VA 0000007fc000fe00 pmdpg n
[    9.689703]   residue tbl: pgd 510 pud-idx 0 pmd-idx 464 VA 000000740000ff00 pmdpg y
[    9.696080]   residue tbl: pgd 510 pud-idx 0 pmd-idx 465 VA 000000744000ff00 pmdpg y
[    9.704890]   residue tbl: pgd 510 pud-idx 0 pmd-idx 466 VA 000000748000ff00 pmdpg y
[    9.712265]   residue tbl: pgd 510 pud-idx 0 pmd-idx 467 VA 00000074c000ff00 pmdpg y
[    9.717918]   residue tbl: pgd 511 pud-idx 0 pmd-idx 510 VA 0000007f8000ff80 pmdpg n
[    9.726465]   residue tbl: pgd 511 pud-idx 0 pmd-idx 511 VA 0000007fc000ff80 pmdpg n
[    9.752517]     ok 106 corten_arena_test_mremap_route
[    9.757316]     ok 107 corten_arena_test_fork_faithful
[    9.766422]     ok 108 corten_arena_test_fork_unwind
[    9.772810]     ok 109 corten_arena_test_fork_multipiece
[    9.783765]     ok 110 corten_arena_test_fork_perm
[    9.794123]     ok 111 corten_arena_test_inv7_shared_ro
[    9.803445]     ok 112 corten_arena_test_inv7_swapped
[    9.807838] get_swap_device: Bad swap file entry 400000000000077
[    9.818618] BUG: Bad rss-counter state mm:000000008d01684f type:MM_SWAPENTS val:-1 Comm:kunit_try_catch Pid:601
[    9.829361]     ok 113 corten_arena_test_shrink_registry_count
[    9.833705]     ok 114 corten_arena_test_shrink_aging_two_pass
[    9.843736]     ok 115 corten_arena_test_shrink_rotation
[    9.851868] get_swap_device: Bad swap file entry 400000000000077
[    9.866832] get_swap_device: Bad swap file entry 400000000000077
[    9.874631]     ok 116 corten_arena_test_fork_swapped
[    9.880285]     ok 117 corten_arena_test_fork_f2_gate
[   20.193473] ------------[ cut here ]------------
[   20.200617] corten: arena [800000,1000000) drain timed out: leaked transaction reference, leaking the descriptor
[   20.209577] WARNING: CPU: 1 PID: 612 at mm/corten_arena.c:1246 corten_arena_drain+0x6f/0x80
[   20.216919] Modules linked in:
[   20.218470] CPU: 1 UID: 0 PID: 612 Comm: kunit_try_catch Tainted: G        W        N  6.18.32-g82a35da6b541-dirty #342 PREEMPT(voluntary) 
[   20.231278] Tainted: [W]=WARN, [N]=TEST
[   20.236056] Hardware name: QEMU Standard PC (i440FX + PIIX, 1996), BIOS 1.15.0-1 04/01/2014
[   20.244210] RIP: 0010:corten_arena_drain+0x6f/0x80
[   20.247926] Code: c4 08 31 c0 5b c3 cc cc cc cc 88 44 24 07 c6 05 9b 74 d3 01 01 90 48 8b 53 08 48 8b 33 48 c7 c7 a8 12 2b b7 e8 52 c5 cf ff 90 <0f> 0b 90 90 0f b6 44 24 07 eb b4 66 0f 1f 44 00 00 90 90 90 90 90
[   20.267308] RSP: 0000:ffff9b960136fd28 EFLAGS: 00010282
[   20.273267] RAX: 0000000000000000 RBX: ffff93f0c22fd600 RCX: 00000000ffffdfff
[   20.278243] RDX: 0000000000000000 RSI: 00000000ffffffea RDI: 0000000000000001
[   20.284217] RBP: ffff93f0c2010720 R08: ffffffffb773e6c8 R09: 00000000ffffdfff
[   20.292822] R10: ffffffffb765e6e0 R11: ffffffffb770e6e0 R12: ffff93f0c2010718
[   20.301400] R13: ffff93f0c3ecc100 R14: ffff93f0c2010778 R15: ffff93f0c22fd600
[   20.308857] FS:  0000000000000000(0000) GS:ffff93f185999000(0000) knlGS:0000000000000000
[   20.314229] CS:  0010 DS: 0000 ES: 0000 CR0: 0000000080050033
[   20.317833] CR2: 0000000000000000 CR3: 0000000001f49004 CR4: 0000000000770ef0
[   20.324569] PKRU: 55555554
[   20.327968] Call Trace:
[   20.329693]  <TASK>
[   20.331185]  corten_arena_fork_begin+0x10a/0x1f0
[   20.334021]  corten_arena_test_fork_begin+0x59/0x140
[   20.338590]  corten_arena_test_fork_drain_leak+0x18a/0x800
[   20.344693]  ? psi_task_switch+0x107/0x290
[   20.349738]  ? finish_task_switch.isra.0+0x76/0x250
[   20.354965]  ? __pfx_kunit_generic_run_threadfn_adapter+0x10/0x10
[   20.361849]  kunit_try_run_case+0x6f/0x150
[   20.367212]  ? __pfx_kunit_generic_run_threadfn_adapter+0x10/0x10
[   20.371198]  kunit_generic_run_threadfn_adapter+0x1c/0x40
[   20.375427]  kthread+0xff/0x1f0
[   20.378985]  ? __pfx_kthread+0x10/0x10
[   20.382372]  ? __pfx_kthread+0x10/0x10
[   20.385627]  ret_from_fork+0x144/0x160
[   20.389905]  ? __pfx_kthread+0x10/0x10
[   20.393472]  ret_from_fork_asm+0x1a/0x30
[   20.396920]  </TASK>
[   20.398310] ---[ end trace 0000000000000000 ]---
[   20.406432]     # corten_arena_test_fork_drain_leak: Test should be marked slow (runtime: 10.520130494s)
[   20.408306]     ok 118 corten_arena_test_fork_drain_leak
[   20.416120]     ok 119 corten_arena_test_unshare_pin
[   20.421988]     ok 120 corten_arena_test_fork_reuse_exclusive
[   20.427433]     ok 121 corten_arena_test_gup_state1_uncommitted
[   20.435271]     ok 122 corten_arena_test_gup_state2_committed_rw
[   20.446709]     ok 123 corten_arena_test_gup_state3_fork_cow
[   20.451429]     ok 124 corten_arena_test_gup_state3b_downgrade_restore
[   20.458249]     ok 125 corten_arena_test_gup_state4_pin_zap
[   20.466737] BUG: Bad rss-counter state mm:000000002149519b type:MM_SWAPENTS val:-1 Comm:corten_arena_w0 Pid:635
[   20.482103]     ok 126 corten_arena_test_concurrent
[   20.485309]     ok 127 corten_arena_test_concurrent_window
[   20.492411]     ok 128 corten_arena_test_obs_ledger
[   20.496107]     ok 129 corten_arena_test_drain_timeout_stat
[   20.499619]     ok 130 corten_arena_test_novma_rmap
[   20.504287]     ok 131 corten_arena_test_brk_delegation
[   20.515439]     ok 132 corten_arena_test_brk_region_route
[   20.523868]     ok 133 corten_arena_test_brk_region_exit
[   20.530005] ------------[ cut here ]------------
[   20.540269] corten: whitelist violated: 1 window vma(s) unclassified as shadow/implant
[   20.546952] WARNING: CPU: 5 PID: 664 at mm/corten_arena.c:14396 corten_whitelist_scan+0x358/0x370
[   20.554495] Modules linked in:
[   20.558610] CPU: 5 UID: 0 PID: 664 Comm: kunit_try_catch Tainted: G        W        N  6.18.32-g82a35da6b541-dirty #342 PREEMPT(voluntary) 
[   20.573215] Tainted: [W]=WARN, [N]=TEST
[   20.577823] Hardware name: QEMU Standard PC (i440FX + PIIX, 1996), BIOS 1.15.0-1 04/01/2014
[   20.587674] RIP: 0010:corten_whitelist_scan+0x358/0x370
[   20.594150] Code: f0 48 01 05 8a 38 7b 02 80 3d 3d 78 d3 01 00 75 86 c6 05 34 78 d3 01 01 90 8b 74 24 04 48 c7 c7 30 12 2b b7 e8 f9 c8 cf ff 90 <0f> 0b 90 90 e9 64 ff ff ff e8 aa 67 f8 00 66 2e 0f 1f 84 00 00 00
[   20.616607] RSP: 0000:ffff9b960150fcd8 EFLAGS: 00010286
[   20.618824] RAX: 0000000000000000 RBX: 0000000000000000 RCX: 00000000ffffdfff
[   20.626242] RDX: 0000000000000000 RSI: 00000000ffffffea RDI: 0000000000000001
[   20.634319] RBP: ffff93f0c255b400 R08: ffffffffb773e6c8 R09: 00000000ffffdfff
[   20.644534] R10: ffffffffb765e6e0 R11: ffffffffb770e6e0 R12: 0000000000000007
[   20.651932] R13: 0000000000000001 R14: ffff93f0c253cb00 R15: 0000000000000000
[   20.658771] FS:  0000000000000000(0000) GS:ffff93f185a99000(0000) knlGS:0000000000000000
[   20.664660] CS:  0010 DS: 0000 ES: 0000 CR0: 0000000080050033
[   20.667671] CR2: 0000000000000000 CR3: 0000000045630003 CR4: 0000000000770ef0
[   20.670035] PKRU: 55555554
[   20.672897] Call Trace:
[   20.675772]  <TASK>
[   20.676540]  corten_audit_whitelist_walk+0x5d/0x80
[   20.680744]  corten_arena_test_whitelist_audit+0x523/0xf10
[   20.685619]  ? __pfx_kunit_generic_run_threadfn_adapter+0x10/0x10
[   20.691456]  kunit_try_run_case+0x6f/0x150
[   20.695805]  ? __pfx_kunit_generic_run_threadfn_adapter+0x10/0x10
[   20.702842]  kunit_generic_run_threadfn_adapter+0x1c/0x40
[   20.709043]  kthread+0xff/0x1f0
[   20.713197]  ? __pfx_kthread+0x10/0x10
[   20.717189]  ? __pfx_kthread+0x10/0x10
[   20.721259]  ret_from_fork+0x144/0x160
[   20.725431]  ? __pfx_kthread+0x10/0x10
[   20.729176]  ret_from_fork_asm+0x1a/0x30
[   20.733227]  </TASK>
[   20.734080] ---[ end trace 0000000000000000 ]---
[   20.740543]     ok 134 corten_arena_test_whitelist_audit
[   20.740548] # corten_arena: pass:134 fail:0 skip:0 total:134
[   20.743132] # Totals: pass:134 fail:0 skip:0 total:134
[   20.747144] ok 2 corten_arena
[   20.753789]     KTAP version 1
[   20.756042]     # Subtest: corten_fault
[   20.758651]     # module: corten_fault_test
[   20.758653]     1..39
[   20.764041]     ok 1 corten_fault_test_dispatch
[   20.765403]     ok 2 corten_fault_test_fig8_cow
[   20.768934]     ok 3 corten_fault_test_unmap_classify
[   20.774839]     ok 4 corten_fault_test_mmap_classify
[   20.783006]     ok 5 corten_fault_test_file_may_matrix
[   20.788409]     ok 6 corten_fault_test_punch_classify
[   20.796880]     ok 7 corten_fault_test_map_anon
[   20.800790]     ok 8 corten_fault_test_zero_page
[   20.803955]     ok 9 corten_fault_test_sigsegv
[   20.812654]     ok 10 corten_fault_test_fresh_fault
[   20.862235]     ok 11 corten_fault_test_churn_repro
[   20.865580]     ok 12 corten_fault_test_untracked_drift
[   20.869644]     ok 13 corten_fault_test_restore
[   20.879755]     ok 14 corten_fault_test_cow_reuse
[   20.883983]     ok 15 corten_fault_test_cow_copy
[   20.886813] ------------[ cut here ]------------
[   20.894139] WARNING: CPU: 6 PID: 697 at ./include/linux/rwsem.h:88 corten_fault_test_foll_force+0x808/0xc50
[   20.900638] Modules linked in:
[   20.902964] CPU: 6 UID: 0 PID: 697 Comm: kunit_try_catch Tainted: G        W        N  6.18.32-g82a35da6b541-dirty #342 PREEMPT(voluntary) 
[   20.910140] Tainted: [W]=WARN, [N]=TEST
[   20.913338] Hardware name: QEMU Standard PC (i440FX + PIIX, 1996), BIOS 1.15.0-1 04/01/2014
[   20.920528] RIP: 0010:corten_fault_test_foll_force+0x808/0xc50
[   20.925249] Code: 0f 00 00 0f 85 18 fe ff ff 49 8b 04 24 a8 40 0f 84 0c fe ff ff 49 8b 44 24 48 48 8d 50 ff a8 01 49 0f 44 d4 e9 f8 fd ff ff 90 <0f> 0b 90 e9 64 f8 ff ff 48 98 45 31 c9 49 c7 c0 90 69 f9 b5 48 89
[   20.943252] RSP: 0000:ffff9b9601617d80 EFLAGS: 00010246
[   20.949661] RAX: ffff93f0c25ca080 RBX: ffff93f0c1f514c0 RCX: 0000000000000000
[   20.954162] RDX: 0000000000000000 RSI: 0000000000000034 RDI: ffff93f0c3eab540
[   20.959394] RBP: ffff9b9600013a88 R08: 0000000000001000 R09: 0000000000000000
[   20.965214] R10: ffff9b9601617c98 R11: 0000000000000000 R12: ffff93f0c2579e00
[   20.971489] R13: ffff93f0c2218438 R14: ffffffffb5f96d70 R15: ffff9b9600013ac8
[   20.979687] FS:  0000000000000000(0000) GS:ffff93f185ad9000(0000) knlGS:0000000000000000
[   20.989415] CS:  0010 DS: 0000 ES: 0000 CR0: 0000000080050033
[   20.996063] CR2: 0000000000000000 CR3: 0000000045630003 CR4: 0000000000770ef0
[   21.003965] PKRU: 55555554
[   21.005204] Call Trace:
[   21.006651]  <TASK>
[   21.009442]  ? psi_group_change+0x116/0x300
[   21.014680]  ? psi_task_switch+0x107/0x290
[   21.018761]  ? finish_task_switch.isra.0+0x76/0x250
[   21.024840]  kunit_try_run_case+0x6f/0x150
[   21.026189]  ? __pfx_kunit_generic_run_threadfn_adapter+0x10/0x10
[   21.033934]  kunit_generic_run_threadfn_adapter+0x1c/0x40
[   21.038473]  kthread+0xff/0x1f0
[   21.042170]  ? __pfx_kthread+0x10/0x10
[   21.047667]  ? __pfx_kthread+0x10/0x10
[   21.052173]  ret_from_fork+0x144/0x160
[   21.056691]  ? __pfx_kthread+0x10/0x10
[   21.061151]  ret_from_fork_asm+0x1a/0x30
[   21.064943]  </TASK>
[   21.067441] ---[ end trace 0000000000000000 ]---
[   21.073059] ------------[ cut here ]------------
[   21.077983] WARNING: CPU: 6 PID: 697 at ./include/linux/rwsem.h:88 corten_fault_test_foll_force+0xb62/0xc50
[   21.087692] Modules linked in:
[   21.088657] CPU: 6 UID: 0 PID: 697 Comm: kunit_try_catch Tainted: G        W        N  6.18.32-g82a35da6b541-dirty #342 PREEMPT(voluntary) 
[   21.102870] Tainted: [W]=WARN, [N]=TEST
[   21.107071] Hardware name: QEMU Standard PC (i440FX + PIIX, 1996), BIOS 1.15.0-1 04/01/2014
[   21.116826] RIP: 0010:corten_fault_test_foll_force+0xb62/0xc50
[   21.123704] Code: c7 c6 70 c4 c5 b6 48 89 ef 48 89 44 24 08 48 c7 04 24 80 c4 c5 b6 48 c7 44 24 10 40 00 00 00 e8 94 f2 36 00 e9 44 fb ff ff 90 <0f> 0b 90 e9 ed fa ff ff 48 98 45 31 c9 49 c7 c0 90 69 f9 b5 48 89
[   21.138975] RSP: 0000:ffff9b9601617d80 EFLAGS: 00010246
[   21.147439] RAX: ffff93f0c25ca080 RBX: ffff93f0c1f514c0 RCX: ffff93f13ddb0340
[   21.156169] RDX: 0000000000000000 RSI: 0000000000000001 RDI: ffff93f0c3eab540
[   21.164738] RBP: ffff9b9600013a88 R08: 0000000000000000 R09: 00000000000000fc
[   21.170751] R10: ffff93f13ddafac0 R11: 0000000000000000 R12: ffff93f0c2579e00
[   21.175255] R13: 0000000000000000 R14: ffffffffb5f96d70 R15: ffff9b9600013ac8
[   21.188704] FS:  0000000000000000(0000) GS:ffff93f185ad9000(0000) knlGS:0000000000000000
[   21.200406] CS:  0010 DS: 0000 ES: 0000 CR0: 0000000080050033
[   21.208667] CR2: 0000000000000000 CR3: 0000000045630003 CR4: 0000000000770ef0
[   21.216981] PKRU: 55555554
[   21.220904] Call Trace:
[   21.223121]  <TASK>
[   21.225914]  ? finish_task_switch.isra.0+0x76/0x250
[   21.231977]  kunit_try_run_case+0x6f/0x150
[   21.237606]  ? __pfx_kunit_generic_run_threadfn_adapter+0x10/0x10
[   21.247113]  kunit_generic_run_threadfn_adapter+0x1c/0x40
[   21.260394]  kthread+0xff/0x1f0
[   21.265332]  ? __pfx_kthread+0x10/0x10
[   21.270286]  ? __pfx_kthread+0x10/0x10
[   21.279020]  ret_from_fork+0x144/0x160
[   21.284878]  ? __pfx_kthread+0x10/0x10
[   21.287385]  ret_from_fork_asm+0x1a/0x30
[   21.288690]  </TASK>
[   21.289698] ---[ end trace 0000000000000000 ]---
[   21.300997]     ok 16 corten_fault_test_foll_force
[   21.313322]     ok 17 corten_fault_test_cow_race
[   21.321129]     ok 18 corten_fault_test_mprotect_pte
[   21.330051]     ok 19 corten_fault_test_mprotect_fresh
[   21.338790]     ok 20 corten_fault_test_zap_keep_perm
[   21.347300]     ok 21 corten_fault_test_zap_keep_perm_downgrade
[   21.352396]     ok 22 corten_fault_test_untracked_rearm
[   21.366950]     ok 23 corten_fault_test_fill_upper_race
[   21.374872]     ok 24 corten_fault_test_map_race
[   21.438640]     ok 25 corten_fault_test_chunk_unmap
[   21.454387]     ok 26 corten_fault_test_punch_hole
[   21.462311]     ok 27 corten_fault_test_punch_head
[   21.467128]     ok 28 corten_fault_test_rmap_guard
[   21.472708]     ok 29 corten_fault_test_ttu_route
[   21.477191]     ok 30 corten_fault_test_ttu_dual_entry
[   21.479894]     ok 31 corten_fault_test_reap_skip
[   21.483724]     ok 32 corten_fault_test_swap_encode
[   21.486459]     ok 33 corten_fault_test_swap_roundtrip # SKIP swap round-trip requires a swap area
[   21.494362]     ok 34 corten_fault_test_swap_zap_free # SKIP swap zap test requires a swap area
[   21.500304]     ok 35 corten_fault_test_driver_keep_noswap
[   21.504917]     ok 36 corten_fault_test_driver_swap_roundtrip # SKIP driver round-trip requires a swap area
[   21.508792]     ok 37 corten_fault_test_swap_mprotect_pending
[   21.513299]     ok 38 corten_fault_test_unuse_windows # SKIP unuse sweep requires a swap area
[   21.516620]     ok 39 corten_fault_test_unuse_windows_cache # SKIP unuse sweep requires a swap area
[   21.520120] # corten_fault: pass:34 fail:0 skip:5 total:39
[   21.524477] # Totals: pass:34 fail:0 skip:5 total:39
[   21.526546] ok 3 corten_fault
[   21.542044] check access for rdinit=/init failed: -2, ignoring
[   21.546557] md: Waiting for all devices to be available before autodetect
[   21.551075] md: If you don't use raid, use raid=noautodetect
[   21.555445] md: Autodetecting RAID arrays.
[   21.558299] md: autorun ...
[   21.558861] md: ... autorun DONE.
[   21.562401] /dev/root: Can't open blockdev
[   21.563127] VFS: Cannot open root device "" or unknown-block(0,0): error -6
[   21.566051] Please append a correct "root=" boot option; here are the available partitions:
[   21.570790] 0b00         1048575 sr0 
[   21.570793]  driver: sr
[   21.572036] List of all bdev filesystems:
[   21.574998]  ext3
[   21.575001]  ext2
[   21.577057]  ext4
[   21.578822]  vfat
[   21.580455]  msdos
[   21.582122]  iso9660
[   21.583630]  f2fs
[   21.585951]  erofs
[   21.587690] 
[   21.590792] Kernel panic - not syncing: VFS: Unable to mount root fs on unknown-block(0,0)
[   21.595938] CPU: 2 UID: 0 PID: 1 Comm: swapper/0 Tainted: G        W        N  6.18.32-g82a35da6b541-dirty #342 PREEMPT(voluntary) 
[   21.602155] Tainted: [W]=WARN, [N]=TEST
[   21.605074] Hardware name: QEMU Standard PC (i440FX + PIIX, 1996), BIOS 1.15.0-1 04/01/2014
[   21.611199] Call Trace:
[   21.612665]  <TASK>
[   21.613335]  vpanic+0x34f/0x360
[   21.615942]  panic+0x56/0x60
[   21.618124]  mount_root_generic+0x1ff/0x320
[   21.622309]  prepare_namespace+0x63/0x270
[   21.625251]  kernel_init_freeable+0x29f/0x2f0
[   21.628624]  ? __pfx_kernel_init+0x10/0x10
[   21.630461]  kernel_init+0x15/0x1c0
[   21.631793]  ret_from_fork+0x144/0x160
[   21.634033]  ? __pfx_kernel_init+0x10/0x10
[   21.637604]  ret_from_fork_asm+0x1a/0x30
[   21.640125]  </TASK>
[   21.647028] Kernel Offset: 0x34600000 from 0xffffffff81000000 (relocation range: 0xffffffff80000000-0xffffffffbfffffff)
