2086  execve("/root/m4t12/bin/mmbench_dyn", ["/root/m4t12/bin/mmbench_dyn", "unmap", "high", "4", "1", "20265075"], 0x7ffe0b249088 /* 30 vars */) = 0
2086  brk(NULL)                         = 0x55e3309f2000
2086  mmap(NULL, 8192, PROT_READ|PROT_WRITE, MAP_PRIVATE|MAP_ANONYMOUS, -1, 0) = 0x7f90666ae000
2086  access("/etc/ld.so.preload", R_OK) = -1 ENOENT (No such file or directory)
2086  openat(AT_FDCWD, "/etc/ld.so.cache", O_RDONLY|O_CLOEXEC) = 3
2086  fstat(3, {st_mode=S_IFREG|0644, st_size=27983, ...}) = 0
2086  mmap(NULL, 27983, PROT_READ, MAP_PRIVATE, 3, 0) = 0x7f90666a7000
2086  close(3)                          = 0
2086  openat(AT_FDCWD, "/lib/x86_64-linux-gnu/libc.so.6", O_RDONLY|O_CLOEXEC) = 3
2086  read(3, "\177ELF\2\1\1\3\0\0\0\0\0\0\0\0\3\0>\0\1\0\0\0p\236\2\0\0\0\0\0@\0\0\0\0\0\0\0\220b\36\0\0\0\0\0\0\0\0\0@\08\0\17\0@\0=\0<\0\6\0\0\0\4\0\0\0@\0\0\0\0\0\0\0@\0\0\0\0\0\0\0@\0\0\0\0\0\0\0"..., 832) = 832
2086  pread64(3, "\6\0\0\0\4\0\0\0@\0\0\0\0\0\0\0@\0\0\0\0\0\0\0@\0\0\0\0\0\0\0H\3\0\0\0\0\0\0H\3\0\0\0\0\0\0\10\0\0\0\0\0\0\0\3\0\0\0\4\0\0\0\240\1\36\0\0\0\0\0\240\1\36\0\0\0\0\0\240\1\36\0\0\0\0\0\34\0\0\0\0\0\0\0"..., 840, 64) = 840
2086  fstat(3, {st_mode=S_IFREG|0755, st_size=1995216, ...}) = 0
2086  pread64(3, "\6\0\0\0\4\0\0\0@\0\0\0\0\0\0\0@\0\0\0\0\0\0\0@\0\0\0\0\0\0\0H\3\0\0\0\0\0\0H\3\0\0\0\0\0\0\10\0\0\0\0\0\0\0\3\0\0\0\4\0\0\0\240\1\36\0\0\0\0\0\240\1\36\0\0\0\0\0\240\1\36\0\0\0\0\0\34\0\0\0\0\0\0\0"..., 840, 64) = 840
2086  mmap(NULL, 2047568, PROT_READ, MAP_PRIVATE|MAP_DENYWRITE, 3, 0) = 0x7f90664b3000
2086  mmap(0x7f90664db000, 1454080, PROT_READ|PROT_EXEC, MAP_PRIVATE|MAP_FIXED|MAP_DENYWRITE, 3, 0x28000) = 0x7f90664db000
2086  mmap(0x7f906663e000, 352256, PROT_READ, MAP_PRIVATE|MAP_FIXED|MAP_DENYWRITE, 3, 0x18b000) = 0x7f906663e000
2086  mmap(0x7f9066694000, 24576, PROT_READ|PROT_WRITE, MAP_PRIVATE|MAP_FIXED|MAP_DENYWRITE, 3, 0x1e0000) = 0x7f9066694000
2086  mmap(0x7f906669a000, 52816, PROT_READ|PROT_WRITE, MAP_PRIVATE|MAP_FIXED|MAP_ANONYMOUS, -1, 0) = 0x7f906669a000
2086  close(3)                          = 0
2086  mmap(NULL, 12288, PROT_READ|PROT_WRITE, MAP_PRIVATE|MAP_ANONYMOUS, -1, 0) = 0x7f90664b0000
2086  arch_prctl(ARCH_SET_FS, 0x7f90664b0740) = 0
2086  set_tid_address(0x7f90664b0a10)   = 2086
2086  set_robust_list(0x7f90664b0a20, 24) = 0
2086  rseq(0x7f90664b0680, 0x20, 0, 0x53053053) = 0
2086  mprotect(0x7f9066694000, 16384, PROT_READ) = 0
2086  mprotect(0x55e32dc93000, 4096, PROT_READ) = 0
2086  mprotect(0x7f9066700000, 8192, PROT_READ) = 0
2086  prlimit64(0, RLIMIT_STACK, NULL, {rlim_cur=8192*1024, rlim_max=RLIM64_INFINITY}) = 0
2086  munmap(0x7f90666a7000, 27983)     = 0
2086  write(2, "mmbench: arena clamped to 718 MB/thread (requested 1024 MB) to keep VA+RSS <= 1500 MB\n", 86) = 86
2086  write(2, "mmbench: bench=unmap contention=high threads=4 arena=718 MB (shared)\n", 69) = 69
2086  prlimit64(0, RLIMIT_AS, NULL, {rlim_cur=RLIM64_INFINITY, rlim_max=RLIM64_INFINITY}) = 0
2086  getrandom("\xab\x27\xcc\x4c\x60\x81\x7d\xae", 8, GRND_NONBLOCK) = 8
2086  brk(NULL)                         = 0x55e3309f2000
2086  brk(0x55e330a13000)               = 0x55e330a13000
2086  mmap(NULL, 752877568, PROT_READ|PROT_WRITE, MAP_PRIVATE|MAP_ANONYMOUS|MAP_NORESERVE, -1, 0) = 0x7f90396b0000
2086  write(2, "mmbench: shared arena 718 MB, 45952 chunks, bitmap 45952 B\n", 59) = 59
2086  rt_sigaction(SIGRT_1, {sa_handler=0x7f90665434b0, sa_mask=[], sa_flags=SA_RESTORER|SA_ONSTACK|SA_RESTART|SA_SIGINFO, sa_restorer=0x7f90664f2df0}, NULL, 8) = 0
2086  rt_sigprocmask(SIG_UNBLOCK, [RTMIN RT_1], NULL, 8) = 0
2086  mmap(NULL, 8392704, PROT_NONE, MAP_PRIVATE|MAP_ANONYMOUS|MAP_STACK, -1, 0) = 0x7f9038eaf000
2086  mprotect(0x7f9038eb0000, 8388608, PROT_READ|PROT_WRITE) = 0
2086  rt_sigprocmask(SIG_BLOCK, ~[], [], 8) = 0
2086  clone3({flags=CLONE_VM|CLONE_FS|CLONE_FILES|CLONE_SIGHAND|CLONE_THREAD|CLONE_SYSVSEM|CLONE_SETTLS|CLONE_PARENT_SETTID|CLONE_CHILD_CLEARTID, child_tid=0x7f90396af990, parent_tid=0x7f90396af990, exit_signal=0, stack=0x7f9038eaf000, stack_size=0x7fff80, tls=0x7f90396af6c0} => {parent_tid=[2095]}, 88) = 2095
2086  rt_sigprocmask(SIG_SETMASK, [],  <unfinished ...>
2095  rseq(0x7f90396af600, 0x20, 0, 0x53053053 <unfinished ...>
2086  <... rt_sigprocmask resumed>NULL, 8) = 0
2086  mmap(NULL, 8392704, PROT_NONE, MAP_PRIVATE|MAP_ANONYMOUS|MAP_STACK, -1, 0) = 0x7f90386ae000
2086  mprotect(0x7f90386af000, 8388608, PROT_READ|PROT_WRITE) = 0
2086  rt_sigprocmask(SIG_BLOCK, ~[], [], 8) = 0
2086  clone3({flags=CLONE_VM|CLONE_FS|CLONE_FILES|CLONE_SIGHAND|CLONE_THREAD|CLONE_SYSVSEM|CLONE_SETTLS|CLONE_PARENT_SETTID|CLONE_CHILD_CLEARTID, child_tid=0x7f9038eae990, parent_tid=0x7f9038eae990, exit_signal=0, stack=0x7f90386ae000, stack_size=0x7fff80, tls=0x7f9038eae6c0} <unfinished ...>
2095  <... rseq resumed>)               = 0
2095  set_robust_list(0x7f90396af9a0, 24) = 0
2095  rt_sigprocmask(SIG_SETMASK, [], NULL, 8) = 0
2095  futex(0x7ffc3afb4c54, FUTEX_WAIT_PRIVATE, 0, NULL <unfinished ...>
2086  <... clone3 resumed> => {parent_tid=[2096]}, 88) = 2096
2086  rt_sigprocmask(SIG_SETMASK, [], NULL, 8) = 0
2086  mmap(NULL, 8392704, PROT_NONE, MAP_PRIVATE|MAP_ANONYMOUS|MAP_STACK, -1, 0) = 0x7f9037ead000
2086  mprotect(0x7f9037eae000, 8388608, PROT_READ|PROT_WRITE) = 0
2096  rseq(0x7f9038eae600, 0x20, 0, 0x53053053 <unfinished ...>
2086  rt_sigprocmask(SIG_BLOCK, ~[],  <unfinished ...>
2096  <... rseq resumed>)               = 0
2086  <... rt_sigprocmask resumed>[], 8) = 0
2096  set_robust_list(0x7f9038eae9a0, 24 <unfinished ...>
2086  clone3({flags=CLONE_VM|CLONE_FS|CLONE_FILES|CLONE_SIGHAND|CLONE_THREAD|CLONE_SYSVSEM|CLONE_SETTLS|CLONE_PARENT_SETTID|CLONE_CHILD_CLEARTID, child_tid=0x7f90386ad990, parent_tid=0x7f90386ad990, exit_signal=0, stack=0x7f9037ead000, stack_size=0x7fff80, tls=0x7f90386ad6c0} <unfinished ...>
2096  <... set_robust_list resumed>)    = 0
2096  rt_sigprocmask(SIG_SETMASK, [],  <unfinished ...>
2086  <... clone3 resumed> => {parent_tid=[2097]}, 88) = 2097
2097  rseq(0x7f90386ad600, 0x20, 0, 0x53053053) = 0
2096  <... rt_sigprocmask resumed>NULL, 8) = 0
2097  set_robust_list(0x7f90386ad9a0, 24 <unfinished ...>
2086  rt_sigprocmask(SIG_SETMASK, [],  <unfinished ...>
2097  <... set_robust_list resumed>)    = 0
2086  <... rt_sigprocmask resumed>NULL, 8) = 0
2086  mmap(NULL, 8392704, PROT_NONE, MAP_PRIVATE|MAP_ANONYMOUS|MAP_STACK, -1, 0 <unfinished ...>
2097  rt_sigprocmask(SIG_SETMASK, [],  <unfinished ...>
2096  futex(0x7ffc3afb4c54, FUTEX_WAIT_PRIVATE, 0, NULL <unfinished ...>
2086  <... mmap resumed>)               = 0x7f90376ac000
2097  <... rt_sigprocmask resumed>NULL, 8) = 0
2086  mprotect(0x7f90376ad000, 8388608, PROT_READ|PROT_WRITE <unfinished ...>
2097  futex(0x7ffc3afb4c54, FUTEX_WAIT_PRIVATE, 0, NULL <unfinished ...>
2086  <... mprotect resumed>)           = 0
2086  rt_sigprocmask(SIG_BLOCK, ~[], [], 8) = 0
2086  clone3({flags=CLONE_VM|CLONE_FS|CLONE_FILES|CLONE_SIGHAND|CLONE_THREAD|CLONE_SYSVSEM|CLONE_SETTLS|CLONE_PARENT_SETTID|CLONE_CHILD_CLEARTID, child_tid=0x7f9037eac990, parent_tid=0x7f9037eac990, exit_signal=0, stack=0x7f90376ac000, stack_size=0x7fff80, tls=0x7f9037eac6c0} => {parent_tid=[2100]}, 88) = 2100
2086  rt_sigprocmask(SIG_SETMASK, [],  <unfinished ...>
2100  rseq(0x7f9037eac600, 0x20, 0, 0x53053053 <unfinished ...>
2086  <... rt_sigprocmask resumed>NULL, 8) = 0
2100  <... rseq resumed>)               = 0
2086  futex(0x7ffc3afb4c54, FUTEX_WAIT_PRIVATE, 0, NULL <unfinished ...>
2100  set_robust_list(0x7f9037eac9a0, 24) = 0
2100  rt_sigprocmask(SIG_SETMASK, [], NULL, 8) = 0
2100  futex(0x7ffc3afb4c54, FUTEX_WAKE_PRIVATE, 2147483647 <unfinished ...>
2086  <... futex resumed>)              = 0
2100  <... futex resumed>)              = 4
2097  <... futex resumed>)              = 0
2095  <... futex resumed>)              = 0
2086  futex(0x7ffc3afb4c74, FUTEX_WAIT_PRIVATE, 0, NULL <unfinished ...>
2096  <... futex resumed>)              = 0
2100  munmap(0x7f90490d8000, 16384 <unfinished ...>
2097  munmap(0x7f9066264000, 16384 <unfinished ...>
2096  munmap(0x7f905b308000, 16384 <unfinished ...>
2095  munmap(0x7f903afd4000, 16384 <unfinished ...>
2100  <... munmap resumed>)             = 0
2097  <... munmap resumed>)             = 0
2096  <... munmap resumed>)             = 0
2095  <... munmap resumed>)             = 0
2100  mmap(0x7f90490d8000, 16384, PROT_READ|PROT_WRITE, MAP_PRIVATE|MAP_FIXED|MAP_ANONYMOUS|MAP_NORESERVE, -1, 0 <unfinished ...>
2097  mmap(0x7f9066264000, 16384, PROT_READ|PROT_WRITE, MAP_PRIVATE|MAP_FIXED|MAP_ANONYMOUS|MAP_NORESERVE, -1, 0 <unfinished ...>
2096  mmap(0x7f905b308000, 16384, PROT_READ|PROT_WRITE, MAP_PRIVATE|MAP_FIXED|MAP_ANONYMOUS|MAP_NORESERVE, -1, 0 <unfinished ...>
2095  mmap(0x7f903afd4000, 16384, PROT_READ|PROT_WRITE, MAP_PRIVATE|MAP_FIXED|MAP_ANONYMOUS|MAP_NORESERVE, -1, 0 <unfinished ...>
2100  <... mmap resumed>)               = 0x7f90490d8000
2097  <... mmap resumed>)               = 0x7f9066264000
2096  <... mmap resumed>)               = 0x7f905b308000
2095  <... mmap resumed>)               = 0x7f903afd4000
2100  munmap(0x7f905a310000, 16384 <unfinished ...>
2097  munmap(0x7f905099c000, 16384 <unfinished ...>
2100  <... munmap resumed>)             = 0
2096  munmap(0x7f904c32c000, 16384 <unfinished ...>
2095  munmap(0x7f903eacc000, 16384 <unfinished ...>
2100  mmap(0x7f905a310000, 16384, PROT_READ|PROT_WRITE, MAP_PRIVATE|MAP_FIXED|MAP_ANONYMOUS|MAP_NORESERVE, -1, 0 <unfinished ...>
2097  <... munmap resumed>)             = 0
2097  mmap(0x7f905099c000, 16384, PROT_READ|PROT_WRITE, MAP_PRIVATE|MAP_FIXED|MAP_ANONYMOUS|MAP_NORESERVE, -1, 0 <unfinished ...>
2096  <... munmap resumed>)             = 0
2097  <... mmap resumed>)               = 0x7f905099c000
2096  mmap(0x7f904c32c000, 16384, PROT_READ|PROT_WRITE, MAP_PRIVATE|MAP_FIXED|MAP_ANONYMOUS|MAP_NORESERVE, -1, 0 <unfinished ...>
2095  <... munmap resumed>)             = 0
2100  <... mmap resumed>)               = 0x7f905a310000
2095  mmap(0x7f903eacc000, 16384, PROT_READ|PROT_WRITE, MAP_PRIVATE|MAP_FIXED|MAP_ANONYMOUS|MAP_NORESERVE, -1, 0 <unfinished ...>
2097  munmap(0x7f9060d3c000, 16384)     = 0
2095  <... mmap resumed>)               = 0x7f903eacc000
2100  munmap(0x7f9058970000, 16384 <unfinished ...>
2097  mmap(0x7f9060d3c000, 16384, PROT_READ|PROT_WRITE, MAP_PRIVATE|MAP_FIXED|MAP_ANONYMOUS|MAP_NORESERVE, -1, 0 <unfinished ...>
2096  <... mmap resumed>)               = 0x7f904c32c000
2100  <... munmap resumed>)             = 0
2097  <... mmap resumed>)               = 0x7f9060d3c000
2096  munmap(0x7f904c2d0000, 16384 <unfinished ...>
2095  munmap(0x7f9056f5c000, 16384 <unfinished ...>
2097  munmap(0x7f9042cbc000, 16384 <unfinished ...>
2096  <... munmap resumed>)             = 0
2095  <... munmap resumed>)             = 0
2096  mmap(0x7f904c2d0000, 16384, PROT_READ|PROT_WRITE, MAP_PRIVATE|MAP_FIXED|MAP_ANONYMOUS|MAP_NORESERVE, -1, 0 <unfinished ...>
2095  mmap(0x7f9056f5c000, 16384, PROT_READ|PROT_WRITE, MAP_PRIVATE|MAP_FIXED|MAP_ANONYMOUS|MAP_NORESERVE, -1, 0 <unfinished ...>
2100  mmap(0x7f9058970000, 16384, PROT_READ|PROT_WRITE, MAP_PRIVATE|MAP_FIXED|MAP_ANONYMOUS|MAP_NORESERVE, -1, 0 <unfinished ...>
2097  <... munmap resumed>)             = 0
2096  <... mmap resumed>)               = 0x7f904c2d0000
2100  <... mmap resumed>)               = 0x7f9058970000
2095  <... mmap resumed>)               = 0x7f9056f5c000
2097  mmap(0x7f9042cbc000, 16384, PROT_READ|PROT_WRITE, MAP_PRIVATE|MAP_FIXED|MAP_ANONYMOUS|MAP_NORESERVE, -1, 0 <unfinished ...>
2100  munmap(0x7f903d9a8000, 16384 <unfinished ...>
2097  <... mmap resumed>)               = 0x7f9042cbc000
2095  munmap(0x7f904ee94000, 16384 <unfinished ...>
2096  munmap(0x7f904ba24000, 16384 <unfinished ...>
2097  munmap(0x7f905c864000, 16384 <unfinished ...>
2096  <... munmap resumed>)             = 0
2095  <... munmap resumed>)             = 0
2100  <... munmap resumed>)             = 0
2097  <... munmap resumed>)             = 0
2100  mmap(0x7f903d9a8000, 16384, PROT_READ|PROT_WRITE, MAP_PRIVATE|MAP_FIXED|MAP_ANONYMOUS|MAP_NORESERVE, -1, 0 <unfinished ...>
2096  mmap(0x7f904ba24000, 16384, PROT_READ|PROT_WRITE, MAP_PRIVATE|MAP_FIXED|MAP_ANONYMOUS|MAP_NORESERVE, -1, 0 <unfinished ...>
2095  mmap(0x7f904ee94000, 16384, PROT_READ|PROT_WRITE, MAP_PRIVATE|MAP_FIXED|MAP_ANONYMOUS|MAP_NORESERVE, -1, 0 <unfinished ...>
2097  mmap(0x7f905c864000, 16384, PROT_READ|PROT_WRITE, MAP_PRIVATE|MAP_FIXED|MAP_ANONYMOUS|MAP_NORESERVE, -1, 0 <unfinished ...>
2096  <... mmap resumed>)               = 0x7f904ba24000
2095  <... mmap resumed>)               = 0x7f904ee94000
2100  <... mmap resumed>)               = 0x7f903d9a8000
2096  munmap(0x7f904c41c000, 16384 <unfinished ...>
2100  munmap(0x7f90467b8000, 16384 <unfinished ...>
2095  munmap(0x7f90648b8000, 16384 <unfinished ...>
2096  <... munmap resumed>)             = 0
2097  <... mmap resumed>)               = 0x7f905c864000
2100  <... munmap resumed>)             = 0
2096  mmap(0x7f904c41c000, 16384, PROT_READ|PROT_WRITE, MAP_PRIVATE|MAP_FIXED|MAP_ANONYMOUS|MAP_NORESERVE, -1, 0 <unfinished ...>
2097  munmap(0x7f90582f4000, 16384 <unfinished ...>
2100  mmap(0x7f90467b8000, 16384, PROT_READ|PROT_WRITE, MAP_PRIVATE|MAP_FIXED|MAP_ANONYMOUS|MAP_NORESERVE, -1, 0 <unfinished ...>
2095  <... munmap resumed>)             = 0
2096  <... mmap resumed>)               = 0x7f904c41c000
2100  <... mmap resumed>)               = 0x7f90467b8000
2097  <... munmap resumed>)             = 0
2095  mmap(0x7f90648b8000, 16384, PROT_READ|PROT_WRITE, MAP_PRIVATE|MAP_FIXED|MAP_ANONYMOUS|MAP_NORESERVE, -1, 0 <unfinished ...>
2100  munmap(0x7f9062d18000, 16384 <unfinished ...>
2096  munmap(0x7f9040d58000, 16384 <unfinished ...>
2097  mmap(0x7f90582f4000, 16384, PROT_READ|PROT_WRITE, MAP_PRIVATE|MAP_FIXED|MAP_ANONYMOUS|MAP_NORESERVE, -1, 0 <unfinished ...>
2095  <... mmap resumed>)               = 0x7f90648b8000
2100  <... munmap resumed>)             = 0
2097  <... mmap resumed>)               = 0x7f90582f4000
2095  munmap(0x7f904351c000, 16384 <unfinished ...>
2100  mmap(0x7f9062d18000, 16384, PROT_READ|PROT_WRITE, MAP_PRIVATE|MAP_FIXED|MAP_ANONYMOUS|MAP_NORESERVE, -1, 0 <unfinished ...>
2097  munmap(0x7f905c4d0000, 16384 <unfinished ...>
2096  <... munmap resumed>)             = 0
2100  <... mmap resumed>)               = 0x7f9062d18000
2097  <... munmap resumed>)             = 0
2095  <... munmap resumed>)             = 0
2100  munmap(0x7f9042c80000, 16384 <unfinished ...>
2097  mmap(0x7f905c4d0000, 16384, PROT_READ|PROT_WRITE, MAP_PRIVATE|MAP_FIXED|MAP_ANONYMOUS|MAP_NORESERVE, -1, 0 <unfinished ...>
2096  mmap(0x7f9040d58000, 16384, PROT_READ|PROT_WRITE, MAP_PRIVATE|MAP_FIXED|MAP_ANONYMOUS|MAP_NORESERVE, -1, 0 <unfinished ...>
2100  <... munmap resumed>)             = 0
2100  mmap(0x7f9042c80000, 16384, PROT_READ|PROT_WRITE, MAP_PRIVATE|MAP_FIXED|MAP_ANONYMOUS|MAP_NORESERVE, -1, 0 <unfinished ...>
2097  <... mmap resumed>)               = 0x7f905c4d0000
2096  <... mmap resumed>)               = 0x7f9040d58000
2100  <... mmap resumed>)               = 0x7f9042c80000
2095  mmap(0x7f904351c000, 16384, PROT_READ|PROT_WRITE, MAP_PRIVATE|MAP_FIXED|MAP_ANONYMOUS|MAP_NORESERVE, -1, 0 <unfinished ...>
2100  munmap(0x7f9054564000, 16384 <unfinished ...>
2097  munmap(0x7f904f650000, 16384 <unfinished ...>
2096  munmap(0x7f9049878000, 16384 <unfinished ...>
2095  <... mmap resumed>)               = 0x7f904351c000
2100  <... munmap resumed>)             = 0
2097  <... munmap resumed>)             = 0
2100  mmap(0x7f9054564000, 16384, PROT_READ|PROT_WRITE, MAP_PRIVATE|MAP_FIXED|MAP_ANONYMOUS|MAP_NORESERVE, -1, 0 <unfinished ...>
2097  mmap(0x7f904f650000, 16384, PROT_READ|PROT_WRITE, MAP_PRIVATE|MAP_FIXED|MAP_ANONYMOUS|MAP_NORESERVE, -1, 0 <unfinished ...>
2096  <... munmap resumed>)             = 0
2095  munmap(0x7f90476dc000, 16384 <unfinished ...>
2100  <... mmap resumed>)               = 0x7f9054564000
2097  <... mmap resumed>)               = 0x7f904f650000
2096  mmap(0x7f9049878000, 16384, PROT_READ|PROT_WRITE, MAP_PRIVATE|MAP_FIXED|MAP_ANONYMOUS|MAP_NORESERVE, -1, 0 <unfinished ...>
2095  <... munmap resumed>)             = 0
2100  munmap(0x7f903d054000, 16384 <unfinished ...>
2097  munmap(0x7f9050840000, 16384 <unfinished ...>
2096  <... mmap resumed>)               = 0x7f9049878000
2095  mmap(0x7f90476dc000, 16384, PROT_READ|PROT_WRITE, MAP_PRIVATE|MAP_FIXED|MAP_ANONYMOUS|MAP_NORESERVE, -1, 0 <unfinished ...>
2100  <... munmap resumed>)             = 0
2097  <... munmap resumed>)             = 0
2096  munmap(0x7f903d834000, 16384 <unfinished ...>
2095  <... mmap resumed>)               = 0x7f90476dc000
2100  mmap(0x7f903d054000, 16384, PROT_READ|PROT_WRITE, MAP_PRIVATE|MAP_FIXED|MAP_ANONYMOUS|MAP_NORESERVE, -1, 0 <unfinished ...>
2097  mmap(0x7f9050840000, 16384, PROT_READ|PROT_WRITE, MAP_PRIVATE|MAP_FIXED|MAP_ANONYMOUS|MAP_NORESERVE, -1, 0 <unfinished ...>
2100  <... mmap resumed>)               = 0x7f903d054000
2097  <... mmap resumed>)               = 0x7f9050840000
2096  <... munmap resumed>)             = 0
2095  munmap(0x7f906508c000, 16384 <unfinished ...>
2100  munmap(0x7f9059678000, 16384 <unfinished ...>
2096  mmap(0x7f903d834000, 16384, PROT_READ|PROT_WRITE, MAP_PRIVATE|MAP_FIXED|MAP_ANONYMOUS|MAP_NORESERVE, -1, 0 <unfinished ...>
2100  <... munmap resumed>)             = 0
2096  <... mmap resumed>)               = 0x7f903d834000
2100  mmap(0x7f9059678000, 16384, PROT_READ|PROT_WRITE, MAP_PRIVATE|MAP_FIXED|MAP_ANONYMOUS|MAP_NORESERVE, -1, 0) = 0x7f9059678000
2097  munmap(0x7f903e534000, 16384 <unfinished ...>
2095  <... munmap resumed>)             = 0
2096  munmap(0x7f90618f8000, 16384 <unfinished ...>
2100  munmap(0x7f904a8a4000, 16384 <unfinished ...>
2097  <... munmap resumed>)             = 0
2095  mmap(0x7f906508c000, 16384, PROT_READ|PROT_WRITE, MAP_PRIVATE|MAP_FIXED|MAP_ANONYMOUS|MAP_NORESERVE, -1, 0 <unfinished ...>
2100  <... munmap resumed>)             = 0
2096  <... munmap resumed>)             = 0
2100  mmap(0x7f904a8a4000, 16384, PROT_READ|PROT_WRITE, MAP_PRIVATE|MAP_FIXED|MAP_ANONYMOUS|MAP_NORESERVE, -1, 0 <unfinished ...>
2096  mmap(0x7f90618f8000, 16384, PROT_READ|PROT_WRITE, MAP_PRIVATE|MAP_FIXED|MAP_ANONYMOUS|MAP_NORESERVE, -1, 0 <unfinished ...>
2100  <... mmap resumed>)               = 0x7f904a8a4000
2097  mmap(0x7f903e534000, 16384, PROT_READ|PROT_WRITE, MAP_PRIVATE|MAP_FIXED|MAP_ANONYMOUS|MAP_NORESERVE, -1, 0 <unfinished ...>
2096  <... mmap resumed>)               = 0x7f90618f8000
2095  <... mmap resumed>)               = 0x7f906508c000
2100  munmap(0x7f904245c000, 16384 <unfinished ...>
2097  <... mmap resumed>)               = 0x7f903e534000
2096  munmap(0x7f9047340000, 16384 <unfinished ...>
2100  <... munmap resumed>)             = 0
2097  munmap(0x7f9061474000, 16384 <unfinished ...>
2096  <... munmap resumed>)             = 0
2095  munmap(0x7f906483c000, 16384 <unfinished ...>
2100  mmap(0x7f904245c000, 16384, PROT_READ|PROT_WRITE, MAP_PRIVATE|MAP_FIXED|MAP_ANONYMOUS|MAP_NORESERVE, -1, 0 <unfinished ...>
2097  <... munmap resumed>)             = 0
2096  mmap(0x7f9047340000, 16384, PROT_READ|PROT_WRITE, MAP_PRIVATE|MAP_FIXED|MAP_ANONYMOUS|MAP_NORESERVE, -1, 0 <unfinished ...>
2097  mmap(0x7f9061474000, 16384, PROT_READ|PROT_WRITE, MAP_PRIVATE|MAP_FIXED|MAP_ANONYMOUS|MAP_NORESERVE, -1, 0 <unfinished ...>
2095  <... munmap resumed>)             = 0
2100  <... mmap resumed>)               = 0x7f904245c000
2096  <... mmap resumed>)               = 0x7f9047340000
2097  <... mmap resumed>)               = 0x7f9061474000
2096  munmap(0x7f903ad4c000, 16384 <unfinished ...>
2095  mmap(0x7f906483c000, 16384, PROT_READ|PROT_WRITE, MAP_PRIVATE|MAP_FIXED|MAP_ANONYMOUS|MAP_NORESERVE, -1, 0 <unfinished ...>
2100  munmap(0x7f9052984000, 16384 <unfinished ...>
2097  munmap(0x7f9054828000, 16384 <unfinished ...>
2100  <... munmap resumed>)             = 0
2096  <... munmap resumed>)             = 0
2095  <... mmap resumed>)               = 0x7f906483c000
2100  mmap(0x7f9052984000, 16384, PROT_READ|PROT_WRITE, MAP_PRIVATE|MAP_FIXED|MAP_ANONYMOUS|MAP_NORESERVE, -1, 0 <unfinished ...>
2097  <... munmap resumed>)             = 0
2096  mmap(0x7f903ad4c000, 16384, PROT_READ|PROT_WRITE, MAP_PRIVATE|MAP_FIXED|MAP_ANONYMOUS|MAP_NORESERVE, -1, 0 <unfinished ...>
2095  munmap(0x7f905af80000, 16384 <unfinished ...>
2100  <... mmap resumed>)               = 0x7f9052984000
2096  <... mmap resumed>)               = 0x7f903ad4c000
2100  munmap(0x7f9042318000, 16384 <unfinished ...>
2096  munmap(0x7f904ff90000, 16384 <unfinished ...>
2100  <... munmap resumed>)             = 0
2097  mmap(0x7f9054828000, 16384, PROT_READ|PROT_WRITE, MAP_PRIVATE|MAP_FIXED|MAP_ANONYMOUS|MAP_NORESERVE, -1, 0 <unfinished ...>
2100  mmap(0x7f9042318000, 16384, PROT_READ|PROT_WRITE, MAP_PRIVATE|MAP_FIXED|MAP_ANONYMOUS|MAP_NORESERVE, -1, 0) = 0x7f9042318000
2097  <... mmap resumed>)               = 0x7f9054828000
2095  <... munmap resumed>)             = 0
2096  <... munmap resumed>)             = 0
2100  munmap(0x7f9046938000, 16384 <unfinished ...>
2097  munmap(0x7f9047c4c000, 16384 <unfinished ...>
2096  mmap(0x7f904ff90000, 16384, PROT_READ|PROT_WRITE, MAP_PRIVATE|MAP_FIXED|MAP_ANONYMOUS|MAP_NORESERVE, -1, 0 <unfinished ...>
2095  mmap(0x7f905af80000, 16384, PROT_READ|PROT_WRITE, MAP_PRIVATE|MAP_FIXED|MAP_ANONYMOUS|MAP_NORESERVE, -1, 0 <unfinished ...>
2100  <... munmap resumed>)             = 0
2096  <... mmap resumed>)               = 0x7f904ff90000
2100  mmap(0x7f9046938000, 16384, PROT_READ|PROT_WRITE, MAP_PRIVATE|MAP_FIXED|MAP_ANONYMOUS|MAP_NORESERVE, -1, 0) = 0x7f9046938000
2097  <... munmap resumed>)             = 0
2096  munmap(0x7f904c9a0000, 16384 <unfinished ...>
2095  <... mmap resumed>)               = 0x7f905af80000
2100  munmap(0x7f90476fc000, 16384 <unfinished ...>
2097  mmap(0x7f9047c4c000, 16384, PROT_READ|PROT_WRITE, MAP_PRIVATE|MAP_FIXED|MAP_ANONYMOUS|MAP_NORESERVE, -1, 0 <unfinished ...>
2096  <... munmap resumed>)             = 0
2095  munmap(0x7f904b2b8000, 16384 <unfinished ...>
2100  <... munmap resumed>)             = 0
2096  mmap(0x7f904c9a0000, 16384, PROT_READ|PROT_WRITE, MAP_PRIVATE|MAP_FIXED|MAP_ANONYMOUS|MAP_NORESERVE, -1, 0 <unfinished ...>
2095  <... munmap resumed>)             = 0
2100  mmap(0x7f90476fc000, 16384, PROT_READ|PROT_WRITE, MAP_PRIVATE|MAP_FIXED|MAP_ANONYMOUS|MAP_NORESERVE, -1, 0) = 0x7f90476fc000
2097  <... mmap resumed>)               = 0x7f9047c4c000
2096  <... mmap resumed>)               = 0x7f904c9a0000
2095  mmap(0x7f904b2b8000, 16384, PROT_READ|PROT_WRITE, MAP_PRIVATE|MAP_FIXED|MAP_ANONYMOUS|MAP_NORESERVE, -1, 0 <unfinished ...>
2100  munmap(0x7f904a8c8000, 16384 <unfinished ...>
2097  munmap(0x7f9042a64000, 16384 <unfinished ...>
2096  munmap(0x7f9052d64000, 16384 <unfinished ...>
2100  <... munmap resumed>)             = 0
2095  <... mmap resumed>)               = 0x7f904b2b8000
2100  mmap(0x7f904a8c8000, 16384, PROT_READ|PROT_WRITE, MAP_PRIVATE|MAP_FIXED|MAP_ANONYMOUS|MAP_NORESERVE, -1, 0) = 0x7f904a8c8000
2096  <... munmap resumed>)             = 0
2095  munmap(0x7f9061d30000, 16384 <unfinished ...>
2096  mmap(0x7f9052d64000, 16384, PROT_READ|PROT_WRITE, MAP_PRIVATE|MAP_FIXED|MAP_ANONYMOUS|MAP_NORESERVE, -1, 0 <unfinished ...>
2100  munmap(0x7f9059788000, 16384)     = 0
2097  <... munmap resumed>)             = 0
2095  <... munmap resumed>)             = 0
2100  mmap(0x7f9059788000, 16384, PROT_READ|PROT_WRITE, MAP_PRIVATE|MAP_FIXED|MAP_ANONYMOUS|MAP_NORESERVE, -1, 0 <unfinished ...>
2097  mmap(0x7f9042a64000, 16384, PROT_READ|PROT_WRITE, MAP_PRIVATE|MAP_FIXED|MAP_ANONYMOUS|MAP_NORESERVE, -1, 0 <unfinished ...>
2096  <... mmap resumed>)               = 0x7f9052d64000
2095  mmap(0x7f9061d30000, 16384, PROT_READ|PROT_WRITE, MAP_PRIVATE|MAP_FIXED|MAP_ANONYMOUS|MAP_NORESERVE, -1, 0 <unfinished ...>
2100  <... mmap resumed>)               = 0x7f9059788000
2097  <... mmap resumed>)               = 0x7f9042a64000
2096  munmap(0x7f904a8a8000, 16384 <unfinished ...>
2095  <... mmap resumed>)               = 0x7f9061d30000
2100  munmap(0x7f9041ee8000, 16384)     = 0
2096  <... munmap resumed>)             = 0
2095  munmap(0x7f903aebc000, 16384 <unfinished ...>
2100  mmap(0x7f9041ee8000, 16384, PROT_READ|PROT_WRITE, MAP_PRIVATE|MAP_FIXED|MAP_ANONYMOUS|MAP_NORESERVE, -1, 0 <unfinished ...>
2097  munmap(0x7f9056b8c000, 16384 <unfinished ...>
2096  mmap(0x7f904a8a8000, 16384, PROT_READ|PROT_WRITE, MAP_PRIVATE|MAP_FIXED|MAP_ANONYMOUS|MAP_NORESERVE, -1, 0 <unfinished ...>
2095  <... munmap resumed>)             = 0
2097  <... munmap resumed>)             = 0
2095  mmap(0x7f903aebc000, 16384, PROT_READ|PROT_WRITE, MAP_PRIVATE|MAP_FIXED|MAP_ANONYMOUS|MAP_NORESERVE, -1, 0 <unfinished ...>
2100  <... mmap resumed>)               = 0x7f9041ee8000
2097  mmap(0x7f9056b8c000, 16384, PROT_READ|PROT_WRITE, MAP_PRIVATE|MAP_FIXED|MAP_ANONYMOUS|MAP_NORESERVE, -1, 0 <unfinished ...>
2100  munmap(0x7f903e47c000, 16384 <unfinished ...>
2095  <... mmap resumed>)               = 0x7f903aebc000
2100  <... munmap resumed>)             = 0
2095  munmap(0x7f9058670000, 16384 <unfinished ...>
2100  mmap(0x7f903e47c000, 16384, PROT_READ|PROT_WRITE, MAP_PRIVATE|MAP_FIXED|MAP_ANONYMOUS|MAP_NORESERVE, -1, 0 <unfinished ...>
2097  <... mmap resumed>)               = 0x7f9056b8c000
2095  <... munmap resumed>)             = 0
2100  <... mmap resumed>)               = 0x7f903e47c000
2097  munmap(0x7f9045360000, 16384 <unfinished ...>
2096  <... mmap resumed>)               = 0x7f904a8a8000
2095  mmap(0x7f9058670000, 16384, PROT_READ|PROT_WRITE, MAP_PRIVATE|MAP_FIXED|MAP_ANONYMOUS|MAP_NORESERVE, -1, 0 <unfinished ...>
2100  munmap(0x7f9057688000, 16384 <unfinished ...>
2097  <... munmap resumed>)             = 0
2096  munmap(0x7f903d24c000, 16384 <unfinished ...>
2100  <... munmap resumed>)             = 0
2097  mmap(0x7f9045360000, 16384, PROT_READ|PROT_WRITE, MAP_PRIVATE|MAP_FIXED|MAP_ANONYMOUS|MAP_NORESERVE, -1, 0 <unfinished ...>
2095  <... mmap resumed>)               = 0x7f9058670000
2100  mmap(0x7f9057688000, 16384, PROT_READ|PROT_WRITE, MAP_PRIVATE|MAP_FIXED|MAP_ANONYMOUS|MAP_NORESERVE, -1, 0 <unfinished ...>
2096  <... munmap resumed>)             = 0
2097  <... mmap resumed>)               = 0x7f9045360000
2100  <... mmap resumed>)               = 0x7f9057688000
2096  mmap(0x7f903d24c000, 16384, PROT_READ|PROT_WRITE, MAP_PRIVATE|MAP_FIXED|MAP_ANONYMOUS|MAP_NORESERVE, -1, 0 <unfinished ...>
2097  munmap(0x7f90567c4000, 16384 <unfinished ...>
2095  munmap(0x7f9042664000, 16384 <unfinished ...>
2100  munmap(0x7f905f2c8000, 16384)     = 0
2097  <... munmap resumed>)             = 0
2096  <... mmap resumed>)               = 0x7f903d24c000
2095  <... munmap resumed>)             = 0
2100  mmap(0x7f905f2c8000, 16384, PROT_READ|PROT_WRITE, MAP_PRIVATE|MAP_FIXED|MAP_ANONYMOUS|MAP_NORESERVE, -1, 0 <unfinished ...>
2097  mmap(0x7f90567c4000, 16384, PROT_READ|PROT_WRITE, MAP_PRIVATE|MAP_FIXED|MAP_ANONYMOUS|MAP_NORESERVE, -1, 0) = 0x7f90567c4000
2096  munmap(0x7f9052d40000, 16384 <unfinished ...>
2095  mmap(0x7f9042664000, 16384, PROT_READ|PROT_WRITE, MAP_PRIVATE|MAP_FIXED|MAP_ANONYMOUS|MAP_NORESERVE, -1, 0 <unfinished ...>
2100  <... mmap resumed>)               = 0x7f905f2c8000
2100  munmap(0x7f903e44c000, 16384 <unfinished ...>
2097  munmap(0x7f903bd5c000, 16384 <unfinished ...>
2096  <... munmap resumed>)             = 0
2095  <... mmap resumed>)               = 0x7f9042664000
2100  <... munmap resumed>)             = 0
2097  <... munmap resumed>)             = 0
2096  mmap(0x7f9052d40000, 16384, PROT_READ|PROT_WRITE, MAP_PRIVATE|MAP_FIXED|MAP_ANONYMOUS|MAP_NORESERVE, -1, 0 <unfinished ...>
2095  munmap(0x7f90519f4000, 16384 <unfinished ...>
2100  mmap(0x7f903e44c000, 16384, PROT_READ|PROT_WRITE, MAP_PRIVATE|MAP_FIXED|MAP_ANONYMOUS|MAP_NORESERVE, -1, 0 <unfinished ...>
2097  mmap(0x7f903bd5c000, 16384, PROT_READ|PROT_WRITE, MAP_PRIVATE|MAP_FIXED|MAP_ANONYMOUS|MAP_NORESERVE, -1, 0 <unfinished ...>
2096  <... mmap resumed>)               = 0x7f9052d40000
2097  <... mmap resumed>)               = 0x7f903bd5c000
2095  <... munmap resumed>)             = 0
2100  <... mmap resumed>)               = 0x7f903e44c000
2097  munmap(0x7f9056360000, 16384 <unfinished ...>
2096  munmap(0x7f905ff30000, 16384 <unfinished ...>
2095  mmap(0x7f90519f4000, 16384, PROT_READ|PROT_WRITE, MAP_PRIVATE|MAP_FIXED|MAP_ANONYMOUS|MAP_NORESERVE, -1, 0 <unfinished ...>
2100  munmap(0x7f903f818000, 16384 <unfinished ...>
2097  <... munmap resumed>)             = 0
2096  <... munmap resumed>)             = 0
2100  <... munmap resumed>)             = 0
2097  mmap(0x7f9056360000, 16384, PROT_READ|PROT_WRITE, MAP_PRIVATE|MAP_FIXED|MAP_ANONYMOUS|MAP_NORESERVE, -1, 0 <unfinished ...>
2096  mmap(0x7f905ff30000, 16384, PROT_READ|PROT_WRITE, MAP_PRIVATE|MAP_FIXED|MAP_ANONYMOUS|MAP_NORESERVE, -1, 0 <unfinished ...>
2095  <... mmap resumed>)               = 0x7f90519f4000
2100  mmap(0x7f903f818000, 16384, PROT_READ|PROT_WRITE, MAP_PRIVATE|MAP_FIXED|MAP_ANONYMOUS|MAP_NORESERVE, -1, 0 <unfinished ...>
2097  <... mmap resumed>)               = 0x7f9056360000
2096  <... mmap resumed>)               = 0x7f905ff30000
2095  munmap(0x7f903ecc0000, 16384 <unfinished ...>
2100  <... mmap resumed>)               = 0x7f903f818000
2097  munmap(0x7f904de94000, 16384 <unfinished ...>
2096  munmap(0x7f9055774000, 16384 <unfinished ...>
2097  <... munmap resumed>)             = 0
2095  <... munmap resumed>)             = 0
2100  munmap(0x7f9039b64000, 16384 <unfinished ...>
2097  mmap(0x7f904de94000, 16384, PROT_READ|PROT_WRITE, MAP_PRIVATE|MAP_FIXED|MAP_ANONYMOUS|MAP_NORESERVE, -1, 0) = 0x7f904de94000
2096  <... munmap resumed>)             = 0
2095  mmap(0x7f903ecc0000, 16384, PROT_READ|PROT_WRITE, MAP_PRIVATE|MAP_FIXED|MAP_ANONYMOUS|MAP_NORESERVE, -1, 0 <unfinished ...>
2097  munmap(0x7f903a9fc000, 16384 <unfinished ...>
2100  <... munmap resumed>)             = 0
2096  mmap(0x7f9055774000, 16384, PROT_READ|PROT_WRITE, MAP_PRIVATE|MAP_FIXED|MAP_ANONYMOUS|MAP_NORESERVE, -1, 0 <unfinished ...>
2097  <... munmap resumed>)             = 0
2100  mmap(0x7f9039b64000, 16384, PROT_READ|PROT_WRITE, MAP_PRIVATE|MAP_FIXED|MAP_ANONYMOUS|MAP_NORESERVE, -1, 0 <unfinished ...>
2095  <... mmap resumed>)               = 0x7f903ecc0000
2097  mmap(0x7f903a9fc000, 16384, PROT_READ|PROT_WRITE, MAP_PRIVATE|MAP_FIXED|MAP_ANONYMOUS|MAP_NORESERVE, -1, 0 <unfinished ...>
2100  <... mmap resumed>)               = 0x7f9039b64000
2095  munmap(0x7f9039ed0000, 16384 <unfinished ...>
2097  <... mmap resumed>)               = 0x7f903a9fc000
2096  <... mmap resumed>)               = 0x7f9055774000
2096  munmap(0x7f9046564000, 16384 <unfinished ...>
2095  <... munmap resumed>)             = 0
2100  munmap(0x7f904e938000, 16384 <unfinished ...>
2097  munmap(0x7f903e758000, 16384 <unfinished ...>
2096  <... munmap resumed>)             = 0
2095  mmap(0x7f9039ed0000, 16384, PROT_READ|PROT_WRITE, MAP_PRIVATE|MAP_FIXED|MAP_ANONYMOUS|MAP_NORESERVE, -1, 0 <unfinished ...>
2100  <... munmap resumed>)             = 0
2096  mmap(0x7f9046564000, 16384, PROT_READ|PROT_WRITE, MAP_PRIVATE|MAP_FIXED|MAP_ANONYMOUS|MAP_NORESERVE, -1, 0 <unfinished ...>
2097  <... munmap resumed>)             = 0
2100  mmap(0x7f904e938000, 16384, PROT_READ|PROT_WRITE, MAP_PRIVATE|MAP_FIXED|MAP_ANONYMOUS|MAP_NORESERVE, -1, 0 <unfinished ...>
2097  mmap(0x7f903e758000, 16384, PROT_READ|PROT_WRITE, MAP_PRIVATE|MAP_FIXED|MAP_ANONYMOUS|MAP_NORESERVE, -1, 0 <unfinished ...>
2100  <... mmap resumed>)               = 0x7f904e938000
2097  <... mmap resumed>)               = 0x7f903e758000
2096  <... mmap resumed>)               = 0x7f9046564000
2095  <... mmap resumed>)               = 0x7f9039ed0000
2100  munmap(0x7f904e130000, 16384 <unfinished ...>
2097  munmap(0x7f906123c000, 16384 <unfinished ...>
2096  munmap(0x7f9065c40000, 16384 <unfinished ...>
2095  munmap(0x7f9052810000, 16384 <unfinished ...>
2097  <... munmap resumed>)             = 0
2096  <... munmap resumed>)             = 0
2100  <... munmap resumed>)             = 0
2097  mmap(0x7f906123c000, 16384, PROT_READ|PROT_WRITE, MAP_PRIVATE|MAP_FIXED|MAP_ANONYMOUS|MAP_NORESERVE, -1, 0 <unfinished ...>
2096  mmap(0x7f9065c40000, 16384, PROT_READ|PROT_WRITE, MAP_PRIVATE|MAP_FIXED|MAP_ANONYMOUS|MAP_NORESERVE, -1, 0 <unfinished ...>
2095  <... munmap resumed>)             = 0
2100  mmap(0x7f904e130000, 16384, PROT_READ|PROT_WRITE, MAP_PRIVATE|MAP_FIXED|MAP_ANONYMOUS|MAP_NORESERVE, -1, 0 <unfinished ...>
2097  <... mmap resumed>)               = 0x7f906123c000
2096  <... mmap resumed>)               = 0x7f9065c40000
2095  mmap(0x7f9052810000, 16384, PROT_READ|PROT_WRITE, MAP_PRIVATE|MAP_FIXED|MAP_ANONYMOUS|MAP_NORESERVE, -1, 0 <unfinished ...>
2100  <... mmap resumed>)               = 0x7f904e130000
2097  munmap(0x7f905990c000, 16384 <unfinished ...>
2100  munmap(0x7f9051fe0000, 16384 <unfinished ...>
2096  munmap(0x7f905d730000, 16384 <unfinished ...>
2095  <... mmap resumed>)               = 0x7f9052810000
2100  <... munmap resumed>)             = 0
2097  <... munmap resumed>)             = 0
2095  munmap(0x7f905509c000, 16384 <unfinished ...>
2100  mmap(0x7f9051fe0000, 16384, PROT_READ|PROT_WRITE, MAP_PRIVATE|MAP_FIXED|MAP_ANONYMOUS|MAP_NORESERVE, -1, 0 <unfinished ...>
2096  <... munmap resumed>)             = 0
2097  mmap(0x7f905990c000, 16384, PROT_READ|PROT_WRITE, MAP_PRIVATE|MAP_FIXED|MAP_ANONYMOUS|MAP_NORESERVE, -1, 0 <unfinished ...>
2096  mmap(0x7f905d730000, 16384, PROT_READ|PROT_WRITE, MAP_PRIVATE|MAP_FIXED|MAP_ANONYMOUS|MAP_NORESERVE, -1, 0 <unfinished ...>
2100  <... mmap resumed>)               = 0x7f9051fe0000
2095  <... munmap resumed>)             = 0
2100  munmap(0x7f90474f8000, 16384 <unfinished ...>
2097  <... mmap resumed>)               = 0x7f905990c000
2096  <... mmap resumed>)               = 0x7f905d730000
2095  mmap(0x7f905509c000, 16384, PROT_READ|PROT_WRITE, MAP_PRIVATE|MAP_FIXED|MAP_ANONYMOUS|MAP_NORESERVE, -1, 0 <unfinished ...>
2097  munmap(0x7f9046410000, 16384 <unfinished ...>
2096  munmap(0x7f904f44c000, 16384 <unfinished ...>
2100  <... munmap resumed>)             = 0
2100  mmap(0x7f90474f8000, 16384, PROT_READ|PROT_WRITE, MAP_PRIVATE|MAP_FIXED|MAP_ANONYMOUS|MAP_NORESERVE, -1, 0 <unfinished ...>
2097  <... munmap resumed>)             = 0
2095  <... mmap resumed>)               = 0x7f905509c000
2100  <... mmap resumed>)               = 0x7f90474f8000
2097  mmap(0x7f9046410000, 16384, PROT_READ|PROT_WRITE, MAP_PRIVATE|MAP_FIXED|MAP_ANONYMOUS|MAP_NORESERVE, -1, 0 <unfinished ...>
2096  <... munmap resumed>)             = 0
2095  munmap(0x7f9048ff4000, 16384 <unfinished ...>
2100  munmap(0x7f904bf5c000, 16384 <unfinished ...>
2097  <... mmap resumed>)               = 0x7f9046410000
2096  mmap(0x7f904f44c000, 16384, PROT_READ|PROT_WRITE, MAP_PRIVATE|MAP_FIXED|MAP_ANONYMOUS|MAP_NORESERVE, -1, 0 <unfinished ...>
2100  <... munmap resumed>)             = 0
2095  <... munmap resumed>)             = 0
2097  munmap(0x7f903cca0000, 16384 <unfinished ...>
2100  mmap(0x7f904bf5c000, 16384, PROT_READ|PROT_WRITE, MAP_PRIVATE|MAP_FIXED|MAP_ANONYMOUS|MAP_NORESERVE, -1, 0 <unfinished ...>
2096  <... mmap resumed>)               = 0x7f904f44c000
2097  <... munmap resumed>)             = 0
2095  mmap(0x7f9048ff4000, 16384, PROT_READ|PROT_WRITE, MAP_PRIVATE|MAP_FIXED|MAP_ANONYMOUS|MAP_NORESERVE, -1, 0 <unfinished ...>
2097  mmap(0x7f903cca0000, 16384, PROT_READ|PROT_WRITE, MAP_PRIVATE|MAP_FIXED|MAP_ANONYMOUS|MAP_NORESERVE, -1, 0 <unfinished ...>
2100  <... mmap resumed>)               = 0x7f904bf5c000
2097  <... mmap resumed>)               = 0x7f903cca0000
2096  munmap(0x7f903d870000, 16384 <unfinished ...>
2095  <... mmap resumed>)               = 0x7f9048ff4000
2100  munmap(0x7f9050aa4000, 16384)     = 0
2097  munmap(0x7f904eefc000, 16384 <unfinished ...>
2095  munmap(0x7f9054ee8000, 16384 <unfinished ...>
2100  mmap(0x7f9050aa4000, 16384, PROT_READ|PROT_WRITE, MAP_PRIVATE|MAP_FIXED|MAP_ANONYMOUS|MAP_NORESERVE, -1, 0 <unfinished ...>
2096  <... munmap resumed>)             = 0
2096  mmap(0x7f903d870000, 16384, PROT_READ|PROT_WRITE, MAP_PRIVATE|MAP_FIXED|MAP_ANONYMOUS|MAP_NORESERVE, -1, 0 <unfinished ...>
2097  <... munmap resumed>)             = 0
2097  mmap(0x7f904eefc000, 16384, PROT_READ|PROT_WRITE, MAP_PRIVATE|MAP_FIXED|MAP_ANONYMOUS|MAP_NORESERVE, -1, 0 <unfinished ...>
2100  <... mmap resumed>)               = 0x7f9050aa4000
2097  <... mmap resumed>)               = 0x7f904eefc000
2097  munmap(0x7f904aa30000, 16384 <unfinished ...>
2100  munmap(0x7f9052600000, 16384 <unfinished ...>
2095  <... munmap resumed>)             = 0
2096  <... mmap resumed>)               = 0x7f903d870000
2097  <... munmap resumed>)             = 0
2095  mmap(0x7f9054ee8000, 16384, PROT_READ|PROT_WRITE, MAP_PRIVATE|MAP_FIXED|MAP_ANONYMOUS|MAP_NORESERVE, -1, 0 <unfinished ...>
2096  munmap(0x7f9052cf0000, 16384 <unfinished ...>
2100  <... munmap resumed>)             = 0
2097  mmap(0x7f904aa30000, 16384, PROT_READ|PROT_WRITE, MAP_PRIVATE|MAP_FIXED|MAP_ANONYMOUS|MAP_NORESERVE, -1, 0 <unfinished ...>
2095  <... mmap resumed>)               = 0x7f9054ee8000
2100  mmap(0x7f9052600000, 16384, PROT_READ|PROT_WRITE, MAP_PRIVATE|MAP_FIXED|MAP_ANONYMOUS|MAP_NORESERVE, -1, 0 <unfinished ...>
2095  munmap(0x7f905be40000, 16384 <unfinished ...>
2100  <... mmap resumed>)               = 0x7f9052600000
2097  <... mmap resumed>)               = 0x7f904aa30000
2096  <... munmap resumed>)             = 0
2095  <... munmap resumed>)             = 0
2100  munmap(0x7f90613f0000, 16384 <unfinished ...>
2097  munmap(0x7f9058e4c000, 16384 <unfinished ...>
2096  mmap(0x7f9052cf0000, 16384, PROT_READ|PROT_WRITE, MAP_PRIVATE|MAP_FIXED|MAP_ANONYMOUS|MAP_NORESERVE, -1, 0 <unfinished ...>
2095  mmap(0x7f905be40000, 16384, PROT_READ|PROT_WRITE, MAP_PRIVATE|MAP_FIXED|MAP_ANONYMOUS|MAP_NORESERVE, -1, 0 <unfinished ...>
2100  <... munmap resumed>)             = 0
2100  mmap(0x7f90613f0000, 16384, PROT_READ|PROT_WRITE, MAP_PRIVATE|MAP_FIXED|MAP_ANONYMOUS|MAP_NORESERVE, -1, 0 <unfinished ...>
2097  <... munmap resumed>)             = 0
2096  <... mmap resumed>)               = 0x7f9052cf0000
2095  <... mmap resumed>)               = 0x7f905be40000
2100  <... mmap resumed>)               = 0x7f90613f0000
2097  mmap(0x7f9058e4c000, 16384, PROT_READ|PROT_WRITE, MAP_PRIVATE|MAP_FIXED|MAP_ANONYMOUS|MAP_NORESERVE, -1, 0 <unfinished ...>
2096  munmap(0x7f903c3cc000, 16384 <unfinished ...>
2095  munmap(0x7f9045674000, 16384 <unfinished ...>
2100  munmap(0x7f9065a60000, 16384 <unfinished ...>
2097  <... mmap resumed>)               = 0x7f9058e4c000
2096  <... munmap resumed>)             = 0
2095  <... munmap resumed>)             = 0
2096  mmap(0x7f903c3cc000, 16384, PROT_READ|PROT_WRITE, MAP_PRIVATE|MAP_FIXED|MAP_ANONYMOUS|MAP_NORESERVE, -1, 0 <unfinished ...>
2095  mmap(0x7f9045674000, 16384, PROT_READ|PROT_WRITE, MAP_PRIVATE|MAP_FIXED|MAP_ANONYMOUS|MAP_NORESERVE, -1, 0 <unfinished ...>
2100  <... munmap resumed>)             = 0
2097  munmap(0x7f9053230000, 16384 <unfinished ...>
2096  <... mmap resumed>)               = 0x7f903c3cc000
2095  <... mmap resumed>)               = 0x7f9045674000
2100  mmap(0x7f9065a60000, 16384, PROT_READ|PROT_WRITE, MAP_PRIVATE|MAP_FIXED|MAP_ANONYMOUS|MAP_NORESERVE, -1, 0 <unfinished ...>
2097  <... munmap resumed>)             = 0
2096  munmap(0x7f9057bdc000, 16384 <unfinished ...>
2095  munmap(0x7f9042224000, 16384 <unfinished ...>
2100  <... mmap resumed>)               = 0x7f9065a60000
2097  mmap(0x7f9053230000, 16384, PROT_READ|PROT_WRITE, MAP_PRIVATE|MAP_FIXED|MAP_ANONYMOUS|MAP_NORESERVE, -1, 0 <unfinished ...>
2096  <... munmap resumed>)             = 0
2100  munmap(0x7f905a918000, 16384 <unfinished ...>
2097  <... mmap resumed>)               = 0x7f9053230000
2096  mmap(0x7f9057bdc000, 16384, PROT_READ|PROT_WRITE, MAP_PRIVATE|MAP_FIXED|MAP_ANONYMOUS|MAP_NORESERVE, -1, 0 <unfinished ...>
2095  <... munmap resumed>)             = 0
2100  <... munmap resumed>)             = 0
2097  munmap(0x7f905dfe0000, 16384 <unfinished ...>
2100  mmap(0x7f905a918000, 16384, PROT_READ|PROT_WRITE, MAP_PRIVATE|MAP_FIXED|MAP_ANONYMOUS|MAP_NORESERVE, -1, 0 <unfinished ...>
2096  <... mmap resumed>)               = 0x7f9057bdc000
2097  <... munmap resumed>)             = 0
2095  mmap(0x7f9042224000, 16384, PROT_READ|PROT_WRITE, MAP_PRIVATE|MAP_FIXED|MAP_ANONYMOUS|MAP_NORESERVE, -1, 0 <unfinished ...>
2100  <... mmap resumed>)               = 0x7f905a918000
2096  munmap(0x7f905d0a8000, 16384 <unfinished ...>
2100  munmap(0x7f904d48c000, 16384 <unfinished ...>
2097  mmap(0x7f905dfe0000, 16384, PROT_READ|PROT_WRITE, MAP_PRIVATE|MAP_FIXED|MAP_ANONYMOUS|MAP_NORESERVE, -1, 0 <unfinished ...>
2095  <... mmap resumed>)               = 0x7f9042224000
2097  <... mmap resumed>)               = 0x7f905dfe0000
2095  munmap(0x7f9062c80000, 16384 <unfinished ...>
2100  <... munmap resumed>)             = 0
2096  <... munmap resumed>)             = 0
2100  mmap(0x7f904d48c000, 16384, PROT_READ|PROT_WRITE, MAP_PRIVATE|MAP_FIXED|MAP_ANONYMOUS|MAP_NORESERVE, -1, 0 <unfinished ...>
2097  munmap(0x7f90448d8000, 16384 <unfinished ...>
2096  mmap(0x7f905d0a8000, 16384, PROT_READ|PROT_WRITE, MAP_PRIVATE|MAP_FIXED|MAP_ANONYMOUS|MAP_NORESERVE, -1, 0 <unfinished ...>
2100  <... mmap resumed>)               = 0x7f904d48c000
2095  <... munmap resumed>)             = 0
2100  munmap(0x7f903c494000, 16384 <unfinished ...>
2097  <... munmap resumed>)             = 0
2100  <... munmap resumed>)             = 0
2096  <... mmap resumed>)               = 0x7f905d0a8000
2095  mmap(0x7f9062c80000, 16384, PROT_READ|PROT_WRITE, MAP_PRIVATE|MAP_FIXED|MAP_ANONYMOUS|MAP_NORESERVE, -1, 0 <unfinished ...>
2100  mmap(0x7f903c494000, 16384, PROT_READ|PROT_WRITE, MAP_PRIVATE|MAP_FIXED|MAP_ANONYMOUS|MAP_NORESERVE, -1, 0 <unfinished ...>
2097  mmap(0x7f90448d8000, 16384, PROT_READ|PROT_WRITE, MAP_PRIVATE|MAP_FIXED|MAP_ANONYMOUS|MAP_NORESERVE, -1, 0 <unfinished ...>
2095  <... mmap resumed>)               = 0x7f9062c80000
2095  munmap(0x7f905b1f0000, 16384 <unfinished ...>
2100  <... mmap resumed>)               = 0x7f903c494000
2096  munmap(0x7f904c1d4000, 16384 <unfinished ...>
2097  <... mmap resumed>)               = 0x7f90448d8000
2100  munmap(0x7f904b158000, 16384 <unfinished ...>
2097  munmap(0x7f9064b00000, 16384 <unfinished ...>
2096  <... munmap resumed>)             = 0
2095  <... munmap resumed>)             = 0
2100  <... munmap resumed>)             = 0
2097  <... munmap resumed>)             = 0
2096  mmap(0x7f904c1d4000, 16384, PROT_READ|PROT_WRITE, MAP_PRIVATE|MAP_FIXED|MAP_ANONYMOUS|MAP_NORESERVE, -1, 0 <unfinished ...>
2095  mmap(0x7f905b1f0000, 16384, PROT_READ|PROT_WRITE, MAP_PRIVATE|MAP_FIXED|MAP_ANONYMOUS|MAP_NORESERVE, -1, 0 <unfinished ...>
2100  mmap(0x7f904b158000, 16384, PROT_READ|PROT_WRITE, MAP_PRIVATE|MAP_FIXED|MAP_ANONYMOUS|MAP_NORESERVE, -1, 0 <unfinished ...>
2097  mmap(0x7f9064b00000, 16384, PROT_READ|PROT_WRITE, MAP_PRIVATE|MAP_FIXED|MAP_ANONYMOUS|MAP_NORESERVE, -1, 0 <unfinished ...>
2096  <... mmap resumed>)               = 0x7f904c1d4000
2100  <... mmap resumed>)               = 0x7f904b158000
2095  <... mmap resumed>)               = 0x7f905b1f0000
2097  <... mmap resumed>)               = 0x7f9064b00000
2100  munmap(0x7f904bc48000, 16384 <unfinished ...>
2096  munmap(0x7f90581a0000, 16384 <unfinished ...>
2095  munmap(0x7f904e0dc000, 16384 <unfinished ...>
2100  <... munmap resumed>)             = 0
2097  munmap(0x7f9057b70000, 16384 <unfinished ...>
2096  <... munmap resumed>)             = 0
2100  mmap(0x7f904bc48000, 16384, PROT_READ|PROT_WRITE, MAP_PRIVATE|MAP_FIXED|MAP_ANONYMOUS|MAP_NORESERVE, -1, 0 <unfinished ...>
2095  <... munmap resumed>)             = 0
2097  <... munmap resumed>)             = 0
2096  mmap(0x7f90581a0000, 16384, PROT_READ|PROT_WRITE, MAP_PRIVATE|MAP_FIXED|MAP_ANONYMOUS|MAP_NORESERVE, -1, 0 <unfinished ...>
2100  <... mmap resumed>)               = 0x7f904bc48000
2095  mmap(0x7f904e0dc000, 16384, PROT_READ|PROT_WRITE, MAP_PRIVATE|MAP_FIXED|MAP_ANONYMOUS|MAP_NORESERVE, -1, 0 <unfinished ...>
2097  mmap(0x7f9057b70000, 16384, PROT_READ|PROT_WRITE, MAP_PRIVATE|MAP_FIXED|MAP_ANONYMOUS|MAP_NORESERVE, -1, 0 <unfinished ...>
2100  munmap(0x7f9042a7c000, 16384 <unfinished ...>
2095  <... mmap resumed>)               = 0x7f904e0dc000
2097  <... mmap resumed>)               = 0x7f9057b70000
2100  <... munmap resumed>)             = 0
2100  mmap(0x7f9042a7c000, 16384, PROT_READ|PROT_WRITE, MAP_PRIVATE|MAP_FIXED|MAP_ANONYMOUS|MAP_NORESERVE, -1, 0 <unfinished ...>
2097  munmap(0x7f90475dc000, 16384 <unfinished ...>
2095  munmap(0x7f9048690000, 16384 <unfinished ...>
2100  <... mmap resumed>)               = 0x7f9042a7c000
2097  <... munmap resumed>)             = 0
2096  <... mmap resumed>)               = 0x7f90581a0000
2100  munmap(0x7f904c044000, 16384 <unfinished ...>
2097  mmap(0x7f90475dc000, 16384, PROT_READ|PROT_WRITE, MAP_PRIVATE|MAP_FIXED|MAP_ANONYMOUS|MAP_NORESERVE, -1, 0 <unfinished ...>
2095  <... munmap resumed>)             = 0
2096  munmap(0x7f9050bbc000, 16384 <unfinished ...>
2100  <... munmap resumed>)             = 0
2097  <... mmap resumed>)               = 0x7f90475dc000
2095  mmap(0x7f9048690000, 16384, PROT_READ|PROT_WRITE, MAP_PRIVATE|MAP_FIXED|MAP_ANONYMOUS|MAP_NORESERVE, -1, 0 <unfinished ...>
2100  mmap(0x7f904c044000, 16384, PROT_READ|PROT_WRITE, MAP_PRIVATE|MAP_FIXED|MAP_ANONYMOUS|MAP_NORESERVE, -1, 0 <unfinished ...>
2097  munmap(0x7f90501a0000, 16384 <unfinished ...>
2100  <... mmap resumed>)               = 0x7f904c044000
2100  munmap(0x7f90657e8000, 16384 <unfinished ...>
2095  <... mmap resumed>)               = 0x7f9048690000
2095  munmap(0x7f905b7b0000, 16384 <unfinished ...>
2096  <... munmap resumed>)             = 0
2097  <... munmap resumed>)             = 0
2100  <... munmap resumed>)             = 0
2096  mmap(0x7f9050bbc000, 16384, PROT_READ|PROT_WRITE, MAP_PRIVATE|MAP_FIXED|MAP_ANONYMOUS|MAP_NORESERVE, -1, 0 <unfinished ...>
2097  mmap(0x7f90501a0000, 16384, PROT_READ|PROT_WRITE, MAP_PRIVATE|MAP_FIXED|MAP_ANONYMOUS|MAP_NORESERVE, -1, 0 <unfinished ...>
2100  mmap(0x7f90657e8000, 16384, PROT_READ|PROT_WRITE, MAP_PRIVATE|MAP_FIXED|MAP_ANONYMOUS|MAP_NORESERVE, -1, 0 <unfinished ...>
2095  <... munmap resumed>)             = 0
2096  <... mmap resumed>)               = 0x7f9050bbc000
2100  <... mmap resumed>)               = 0x7f90657e8000
2097  <... mmap resumed>)               = 0x7f90501a0000
2095  mmap(0x7f905b7b0000, 16384, PROT_READ|PROT_WRITE, MAP_PRIVATE|MAP_FIXED|MAP_ANONYMOUS|MAP_NORESERVE, -1, 0 <unfinished ...>
2100  munmap(0x7f904c444000, 16384 <unfinished ...>
2096  munmap(0x7f9058200000, 16384 <unfinished ...>
2100  <... munmap resumed>)             = 0
2097  munmap(0x7f903ea00000, 16384 <unfinished ...>
2095  <... mmap resumed>)               = 0x7f905b7b0000
2100  mmap(0x7f904c444000, 16384, PROT_READ|PROT_WRITE, MAP_PRIVATE|MAP_FIXED|MAP_ANONYMOUS|MAP_NORESERVE, -1, 0 <unfinished ...>
2096  <... munmap resumed>)             = 0
2097  <... munmap resumed>)             = 0
2095  munmap(0x7f905f530000, 16384 <unfinished ...>
2100  <... mmap resumed>)               = 0x7f904c444000
2097  mmap(0x7f903ea00000, 16384, PROT_READ|PROT_WRITE, MAP_PRIVATE|MAP_FIXED|MAP_ANONYMOUS|MAP_NORESERVE, -1, 0 <unfinished ...>
2096  mmap(0x7f9058200000, 16384, PROT_READ|PROT_WRITE, MAP_PRIVATE|MAP_FIXED|MAP_ANONYMOUS|MAP_NORESERVE, -1, 0 <unfinished ...>
2100  munmap(0x7f905cde8000, 16384 <unfinished ...>
2097  <... mmap resumed>)               = 0x7f903ea00000
2096  <... mmap resumed>)               = 0x7f9058200000
2095  <... munmap resumed>)             = 0
2097  munmap(0x7f9053d58000, 16384 <unfinished ...>
2095  mmap(0x7f905f530000, 16384, PROT_READ|PROT_WRITE, MAP_PRIVATE|MAP_FIXED|MAP_ANONYMOUS|MAP_NORESERVE, -1, 0 <unfinished ...>
2100  <... munmap resumed>)             = 0
2096  munmap(0x7f904bb28000, 16384 <unfinished ...>
2100  mmap(0x7f905cde8000, 16384, PROT_READ|PROT_WRITE, MAP_PRIVATE|MAP_FIXED|MAP_ANONYMOUS|MAP_NORESERVE, -1, 0 <unfinished ...>
2097  <... munmap resumed>)             = 0
2095  <... mmap resumed>)               = 0x7f905f530000
2100  <... mmap resumed>)               = 0x7f905cde8000
2097  mmap(0x7f9053d58000, 16384, PROT_READ|PROT_WRITE, MAP_PRIVATE|MAP_FIXED|MAP_ANONYMOUS|MAP_NORESERVE, -1, 0 <unfinished ...>
2100  munmap(0x7f9042354000, 16384 <unfinished ...>
2097  <... mmap resumed>)               = 0x7f9053d58000
2095  munmap(0x7f90530f4000, 16384 <unfinished ...>
2096  <... munmap resumed>)             = 0
2100  <... munmap resumed>)             = 0
2097  munmap(0x7f9055f3c000, 16384 <unfinished ...>
2095  <... munmap resumed>)             = 0
2100  mmap(0x7f9042354000, 16384, PROT_READ|PROT_WRITE, MAP_PRIVATE|MAP_FIXED|MAP_ANONYMOUS|MAP_NORESERVE, -1, 0 <unfinished ...>
2097  <... munmap resumed>)             = 0
2096  mmap(0x7f904bb28000, 16384, PROT_READ|PROT_WRITE, MAP_PRIVATE|MAP_FIXED|MAP_ANONYMOUS|MAP_NORESERVE, -1, 0 <unfinished ...>
2095  mmap(0x7f90530f4000, 16384, PROT_READ|PROT_WRITE, MAP_PRIVATE|MAP_FIXED|MAP_ANONYMOUS|MAP_NORESERVE, -1, 0 <unfinished ...>
2097  mmap(0x7f9055f3c000, 16384, PROT_READ|PROT_WRITE, MAP_PRIVATE|MAP_FIXED|MAP_ANONYMOUS|MAP_NORESERVE, -1, 0 <unfinished ...>
2100  <... mmap resumed>)               = 0x7f9042354000
2096  <... mmap resumed>)               = 0x7f904bb28000
2095  <... mmap resumed>)               = 0x7f90530f4000
2100  munmap(0x7f9042c90000, 16384 <unfinished ...>
2096  munmap(0x7f904f770000, 16384 <unfinished ...>
2100  <... munmap resumed>)             = 0
2097  <... mmap resumed>)               = 0x7f9055f3c000
2096  <... munmap resumed>)             = 0
2095  munmap(0x7f9054598000, 16384 <unfinished ...>
2100  mmap(0x7f9042c90000, 16384, PROT_READ|PROT_WRITE, MAP_PRIVATE|MAP_FIXED|MAP_ANONYMOUS|MAP_NORESERVE, -1, 0 <unfinished ...>
2097  munmap(0x7f903f038000, 16384 <unfinished ...>
2096  mmap(0x7f904f770000, 16384, PROT_READ|PROT_WRITE, MAP_PRIVATE|MAP_FIXED|MAP_ANONYMOUS|MAP_NORESERVE, -1, 0 <unfinished ...>
2095  <... munmap resumed>)             = 0
2100  <... mmap resumed>)               = 0x7f9042c90000
2095  mmap(0x7f9054598000, 16384, PROT_READ|PROT_WRITE, MAP_PRIVATE|MAP_FIXED|MAP_ANONYMOUS|MAP_NORESERVE, -1, 0 <unfinished ...>
2097  <... munmap resumed>)             = 0
2100  munmap(0x7f90498d8000, 16384 <unfinished ...>
2097  mmap(0x7f903f038000, 16384, PROT_READ|PROT_WRITE, MAP_PRIVATE|MAP_FIXED|MAP_ANONYMOUS|MAP_NORESERVE, -1, 0 <unfinished ...>
2096  <... mmap resumed>)               = 0x7f904f770000
2095  <... mmap resumed>)               = 0x7f9054598000
2100  <... munmap resumed>)             = 0
2100  mmap(0x7f90498d8000, 16384, PROT_READ|PROT_WRITE, MAP_PRIVATE|MAP_FIXED|MAP_ANONYMOUS|MAP_NORESERVE, -1, 0) = 0x7f90498d8000
2100  munmap(0x7f90439e0000, 16384)     = 0
2097  <... mmap resumed>)               = 0x7f903f038000
2096  munmap(0x7f9052bb0000, 16384 <unfinished ...>
2095  munmap(0x7f903c3bc000, 16384 <unfinished ...>
2100  mmap(0x7f90439e0000, 16384, PROT_READ|PROT_WRITE, MAP_PRIVATE|MAP_FIXED|MAP_ANONYMOUS|MAP_NORESERVE, -1, 0 <unfinished ...>
2097  munmap(0x7f903ce9c000, 16384)     = 0
2096  <... munmap resumed>)             = 0
2100  <... mmap resumed>)               = 0x7f90439e0000
2095  <... munmap resumed>)             = 0
2097  mmap(0x7f903ce9c000, 16384, PROT_READ|PROT_WRITE, MAP_PRIVATE|MAP_FIXED|MAP_ANONYMOUS|MAP_NORESERVE, -1, 0 <unfinished ...>
2100  munmap(0x7f904e03c000, 16384 <unfinished ...>
2096  mmap(0x7f9052bb0000, 16384, PROT_READ|PROT_WRITE, MAP_PRIVATE|MAP_FIXED|MAP_ANONYMOUS|MAP_NORESERVE, -1, 0 <unfinished ...>
2095  mmap(0x7f903c3bc000, 16384, PROT_READ|PROT_WRITE, MAP_PRIVATE|MAP_FIXED|MAP_ANONYMOUS|MAP_NORESERVE, -1, 0 <unfinished ...>
2097  <... mmap resumed>)               = 0x7f903ce9c000
2100  <... munmap resumed>)             = 0
2096  <... mmap resumed>)               = 0x7f9052bb0000
2095  <... mmap resumed>)               = 0x7f903c3bc000
2100  mmap(0x7f904e03c000, 16384, PROT_READ|PROT_WRITE, MAP_PRIVATE|MAP_FIXED|MAP_ANONYMOUS|MAP_NORESERVE, -1, 0 <unfinished ...>
2097  munmap(0x7f905b3a4000, 16384 <unfinished ...>
2096  munmap(0x7f904aa14000, 16384 <unfinished ...>
2095  munmap(0x7f904b2a8000, 16384 <unfinished ...>
2100  <... mmap resumed>)               = 0x7f904e03c000
2097  <... munmap resumed>)             = 0
2100  munmap(0x7f905347c000, 16384 <unfinished ...>
2097  mmap(0x7f905b3a4000, 16384, PROT_READ|PROT_WRITE, MAP_PRIVATE|MAP_FIXED|MAP_ANONYMOUS|MAP_NORESERVE, -1, 0 <unfinished ...>
2096  <... munmap resumed>)             = 0
2097  <... mmap resumed>)               = 0x7f905b3a4000
2096  mmap(0x7f904aa14000, 16384, PROT_READ|PROT_WRITE, MAP_PRIVATE|MAP_FIXED|MAP_ANONYMOUS|MAP_NORESERVE, -1, 0 <unfinished ...>
2095  <... munmap resumed>)             = 0
2100  <... munmap resumed>)             = 0
2100  mmap(0x7f905347c000, 16384, PROT_READ|PROT_WRITE, MAP_PRIVATE|MAP_FIXED|MAP_ANONYMOUS|MAP_NORESERVE, -1, 0 <unfinished ...>
2097  munmap(0x7f90597a4000, 16384 <unfinished ...>
2100  <... mmap resumed>)               = 0x7f905347c000
2096  <... mmap resumed>)               = 0x7f904aa14000
2100  munmap(0x7f905c650000, 16384 <unfinished ...>
2096  munmap(0x7f904d0cc000, 16384 <unfinished ...>
2095  mmap(0x7f904b2a8000, 16384, PROT_READ|PROT_WRITE, MAP_PRIVATE|MAP_FIXED|MAP_ANONYMOUS|MAP_NORESERVE, -1, 0 <unfinished ...>
2097  <... munmap resumed>)             = 0
2097  mmap(0x7f90597a4000, 16384, PROT_READ|PROT_WRITE, MAP_PRIVATE|MAP_FIXED|MAP_ANONYMOUS|MAP_NORESERVE, -1, 0 <unfinished ...>
2100  <... munmap resumed>)             = 0
2095  <... mmap resumed>)               = 0x7f904b2a8000
2100  mmap(0x7f905c650000, 16384, PROT_READ|PROT_WRITE, MAP_PRIVATE|MAP_FIXED|MAP_ANONYMOUS|MAP_NORESERVE, -1, 0 <unfinished ...>
2095  munmap(0x7f905cd20000, 16384 <unfinished ...>
2096  <... munmap resumed>)             = 0
2100  <... mmap resumed>)               = 0x7f905c650000
2097  <... mmap resumed>)               = 0x7f90597a4000
2095  <... munmap resumed>)             = 0
2100  munmap(0x7f90500fc000, 16384 <unfinished ...>
2097  munmap(0x7f905baec000, 16384 <unfinished ...>
2096  mmap(0x7f904d0cc000, 16384, PROT_READ|PROT_WRITE, MAP_PRIVATE|MAP_FIXED|MAP_ANONYMOUS|MAP_NORESERVE, -1, 0 <unfinished ...>
2095  mmap(0x7f905cd20000, 16384, PROT_READ|PROT_WRITE, MAP_PRIVATE|MAP_FIXED|MAP_ANONYMOUS|MAP_NORESERVE, -1, 0 <unfinished ...>
2100  <... munmap resumed>)             = 0
2095  <... mmap resumed>)               = 0x7f905cd20000
2100  mmap(0x7f90500fc000, 16384, PROT_READ|PROT_WRITE, MAP_PRIVATE|MAP_FIXED|MAP_ANONYMOUS|MAP_NORESERVE, -1, 0 <unfinished ...>
2095  munmap(0x7f90607c4000, 16384 <unfinished ...>
2097  <... munmap resumed>)             = 0
2100  <... mmap resumed>)               = 0x7f90500fc000
2097  mmap(0x7f905baec000, 16384, PROT_READ|PROT_WRITE, MAP_PRIVATE|MAP_FIXED|MAP_ANONYMOUS|MAP_NORESERVE, -1, 0 <unfinished ...>
2100  munmap(0x7f905353c000, 16384 <unfinished ...>
2095  <... munmap resumed>)             = 0
2100  <... munmap resumed>)             = 0
2097  <... mmap resumed>)               = 0x7f905baec000
2096  <... mmap resumed>)               = 0x7f904d0cc000
2095  mmap(0x7f90607c4000, 16384, PROT_READ|PROT_WRITE, MAP_PRIVATE|MAP_FIXED|MAP_ANONYMOUS|MAP_NORESERVE, -1, 0 <unfinished ...>
2100  mmap(0x7f905353c000, 16384, PROT_READ|PROT_WRITE, MAP_PRIVATE|MAP_FIXED|MAP_ANONYMOUS|MAP_NORESERVE, -1, 0 <unfinished ...>
2097  munmap(0x7f9041b1c000, 16384 <unfinished ...>
2096  munmap(0x7f9055760000, 16384 <unfinished ...>
2097  <... munmap resumed>)             = 0
2095  <... mmap resumed>)               = 0x7f90607c4000
2097  mmap(0x7f9041b1c000, 16384, PROT_READ|PROT_WRITE, MAP_PRIVATE|MAP_FIXED|MAP_ANONYMOUS|MAP_NORESERVE, -1, 0 <unfinished ...>
2096  <... munmap resumed>)             = 0
2095  munmap(0x7f90409fc000, 16384 <unfinished ...>
2100  <... mmap resumed>)               = 0x7f905353c000
2097  <... mmap resumed>)               = 0x7f9041b1c000
2096  mmap(0x7f9055760000, 16384, PROT_READ|PROT_WRITE, MAP_PRIVATE|MAP_FIXED|MAP_ANONYMOUS|MAP_NORESERVE, -1, 0 <unfinished ...>
2095  <... munmap resumed>)             = 0
2100  munmap(0x7f9056f64000, 16384 <unfinished ...>
2097  munmap(0x7f904a1d0000, 16384 <unfinished ...>
2096  <... mmap resumed>)               = 0x7f9055760000
2095  mmap(0x7f90409fc000, 16384, PROT_READ|PROT_WRITE, MAP_PRIVATE|MAP_FIXED|MAP_ANONYMOUS|MAP_NORESERVE, -1, 0 <unfinished ...>
2100  <... munmap resumed>)             = 0
2097  <... munmap resumed>)             = 0
2095  <... mmap resumed>)               = 0x7f90409fc000
2100  mmap(0x7f9056f64000, 16384, PROT_READ|PROT_WRITE, MAP_PRIVATE|MAP_FIXED|MAP_ANONYMOUS|MAP_NORESERVE, -1, 0 <unfinished ...>
2097  mmap(0x7f904a1d0000, 16384, PROT_READ|PROT_WRITE, MAP_PRIVATE|MAP_FIXED|MAP_ANONYMOUS|MAP_NORESERVE, -1, 0 <unfinished ...>
2096  munmap(0x7f9046108000, 16384 <unfinished ...>
2100  <... mmap resumed>)               = 0x7f9056f64000
2097  <... mmap resumed>)               = 0x7f904a1d0000
2095  munmap(0x7f905f5e8000, 16384 <unfinished ...>
2100  munmap(0x7f9051cf8000, 16384 <unfinished ...>
2096  <... munmap resumed>)             = 0
2096  mmap(0x7f9046108000, 16384, PROT_READ|PROT_WRITE, MAP_PRIVATE|MAP_FIXED|MAP_ANONYMOUS|MAP_NORESERVE, -1, 0 <unfinished ...>
2100  <... munmap resumed>)             = 0
2096  <... mmap resumed>)               = 0x7f9046108000
2100  mmap(0x7f9051cf8000, 16384, PROT_READ|PROT_WRITE, MAP_PRIVATE|MAP_FIXED|MAP_ANONYMOUS|MAP_NORESERVE, -1, 0 <unfinished ...>
2097  munmap(0x7f904b68c000, 16384 <unfinished ...>
2095  <... munmap resumed>)             = 0
2095  mmap(0x7f905f5e8000, 16384, PROT_READ|PROT_WRITE, MAP_PRIVATE|MAP_FIXED|MAP_ANONYMOUS|MAP_NORESERVE, -1, 0 <unfinished ...>
2097  <... munmap resumed>)             = 0
2096  munmap(0x7f905fb98000, 16384 <unfinished ...>
2100  <... mmap resumed>)               = 0x7f9051cf8000
2097  mmap(0x7f904b68c000, 16384, PROT_READ|PROT_WRITE, MAP_PRIVATE|MAP_FIXED|MAP_ANONYMOUS|MAP_NORESERVE, -1, 0 <unfinished ...>
2096  <... munmap resumed>)             = 0
2095  <... mmap resumed>)               = 0x7f905f5e8000
2100  munmap(0x7f905716c000, 16384 <unfinished ...>
2097  <... mmap resumed>)               = 0x7f904b68c000
2096  mmap(0x7f905fb98000, 16384, PROT_READ|PROT_WRITE, MAP_PRIVATE|MAP_FIXED|MAP_ANONYMOUS|MAP_NORESERVE, -1, 0 <unfinished ...>
2095  munmap(0x7f90637a8000, 16384 <unfinished ...>
2100  <... munmap resumed>)             = 0
2097  munmap(0x7f90424dc000, 16384 <unfinished ...>
2096  <... mmap resumed>)               = 0x7f905fb98000
2095  <... munmap resumed>)             = 0
2100  mmap(0x7f905716c000, 16384, PROT_READ|PROT_WRITE, MAP_PRIVATE|MAP_FIXED|MAP_ANONYMOUS|MAP_NORESERVE, -1, 0 <unfinished ...>
2097  <... munmap resumed>)             = 0
2096  munmap(0x7f9043bc4000, 16384 <unfinished ...>
2100  <... mmap resumed>)               = 0x7f905716c000
2095  mmap(0x7f90637a8000, 16384, PROT_READ|PROT_WRITE, MAP_PRIVATE|MAP_FIXED|MAP_ANONYMOUS|MAP_NORESERVE, -1, 0 <unfinished ...>
2097  mmap(0x7f90424dc000, 16384, PROT_READ|PROT_WRITE, MAP_PRIVATE|MAP_FIXED|MAP_ANONYMOUS|MAP_NORESERVE, -1, 0 <unfinished ...>
2096  <... munmap resumed>)             = 0
2100  munmap(0x7f904a5b8000, 16384 <unfinished ...>
2095  <... mmap resumed>)               = 0x7f90637a8000
2100  <... munmap resumed>)             = 0
2097  <... mmap resumed>)               = 0x7f90424dc000
2096  mmap(0x7f9043bc4000, 16384, PROT_READ|PROT_WRITE, MAP_PRIVATE|MAP_FIXED|MAP_ANONYMOUS|MAP_NORESERVE, -1, 0 <unfinished ...>
2100  mmap(0x7f904a5b8000, 16384, PROT_READ|PROT_WRITE, MAP_PRIVATE|MAP_FIXED|MAP_ANONYMOUS|MAP_NORESERVE, -1, 0 <unfinished ...>
2097  munmap(0x7f904f400000, 16384 <unfinished ...>
2096  <... mmap resumed>)               = 0x7f9043bc4000
2095  munmap(0x7f9051784000, 16384 <unfinished ...>
2100  <... mmap resumed>)               = 0x7f904a5b8000
2097  <... munmap resumed>)             = 0
2096  munmap(0x7f9054ed4000, 16384 <unfinished ...>
2095  <... munmap resumed>)             = 0
2097  mmap(0x7f904f400000, 16384, PROT_READ|PROT_WRITE, MAP_PRIVATE|MAP_FIXED|MAP_ANONYMOUS|MAP_NORESERVE, -1, 0 <unfinished ...>
2095  mmap(0x7f9051784000, 16384, PROT_READ|PROT_WRITE, MAP_PRIVATE|MAP_FIXED|MAP_ANONYMOUS|MAP_NORESERVE, -1, 0 <unfinished ...>
2100  munmap(0x7f9039ae8000, 16384 <unfinished ...>
2097  <... mmap resumed>)               = 0x7f904f400000
2096  <... munmap resumed>)             = 0
2095  <... mmap resumed>)               = 0x7f9051784000
2097  munmap(0x7f904b004000, 16384 <unfinished ...>
2096  mmap(0x7f9054ed4000, 16384, PROT_READ|PROT_WRITE, MAP_PRIVATE|MAP_FIXED|MAP_ANONYMOUS|MAP_NORESERVE, -1, 0 <unfinished ...>
2095  munmap(0x7f9059490000, 16384 <unfinished ...>
2100  <... munmap resumed>)             = 0
2100  mmap(0x7f9039ae8000, 16384, PROT_READ|PROT_WRITE, MAP_PRIVATE|MAP_FIXED|MAP_ANONYMOUS|MAP_NORESERVE, -1, 0 <unfinished ...>
2097  <... munmap resumed>)             = 0
2100  <... mmap resumed>)               = 0x7f9039ae8000
2097  mmap(0x7f904b004000, 16384, PROT_READ|PROT_WRITE, MAP_PRIVATE|MAP_FIXED|MAP_ANONYMOUS|MAP_NORESERVE, -1, 0 <unfinished ...>
2100  munmap(0x7f9042994000, 16384 <unfinished ...>
2096  <... mmap resumed>)               = 0x7f9054ed4000
2097  <... mmap resumed>)               = 0x7f904b004000
2096  munmap(0x7f9044dfc000, 16384 <unfinished ...>
2095  <... munmap resumed>)             = 0
2100  <... munmap resumed>)             = 0
2097  munmap(0x7f90548c0000, 16384 <unfinished ...>
2096  <... munmap resumed>)             = 0
2095  mmap(0x7f9059490000, 16384, PROT_READ|PROT_WRITE, MAP_PRIVATE|MAP_FIXED|MAP_ANONYMOUS|MAP_NORESERVE, -1, 0 <unfinished ...>
2100  mmap(0x7f9042994000, 16384, PROT_READ|PROT_WRITE, MAP_PRIVATE|MAP_FIXED|MAP_ANONYMOUS|MAP_NORESERVE, -1, 0 <unfinished ...>
2097  <... munmap resumed>)             = 0
2097  mmap(0x7f90548c0000, 16384, PROT_READ|PROT_WRITE, MAP_PRIVATE|MAP_FIXED|MAP_ANONYMOUS|MAP_NORESERVE, -1, 0 <unfinished ...>
2096  mmap(0x7f9044dfc000, 16384, PROT_READ|PROT_WRITE, MAP_PRIVATE|MAP_FIXED|MAP_ANONYMOUS|MAP_NORESERVE, -1, 0 <unfinished ...>
2095  <... mmap resumed>)               = 0x7f9059490000
2100  <... mmap resumed>)               = 0x7f9042994000
2095  munmap(0x7f9053280000, 16384 <unfinished ...>
2096  <... mmap resumed>)               = 0x7f9044dfc000
2095  <... munmap resumed>)             = 0
2100  munmap(0x7f9059174000, 16384 <unfinished ...>
2097  <... mmap resumed>)               = 0x7f90548c0000
2096  munmap(0x7f905b554000, 16384 <unfinished ...>
2095  mmap(0x7f9053280000, 16384, PROT_READ|PROT_WRITE, MAP_PRIVATE|MAP_FIXED|MAP_ANONYMOUS|MAP_NORESERVE, -1, 0 <unfinished ...>
2100  <... munmap resumed>)             = 0
2097  munmap(0x7f904bf9c000, 16384 <unfinished ...>
2100  mmap(0x7f9059174000, 16384, PROT_READ|PROT_WRITE, MAP_PRIVATE|MAP_FIXED|MAP_ANONYMOUS|MAP_NORESERVE, -1, 0 <unfinished ...>
2096  <... munmap resumed>)             = 0
2095  <... mmap resumed>)               = 0x7f9053280000
2097  <... munmap resumed>)             = 0
2100  <... mmap resumed>)               = 0x7f9059174000
2097  mmap(0x7f904bf9c000, 16384, PROT_READ|PROT_WRITE, MAP_PRIVATE|MAP_FIXED|MAP_ANONYMOUS|MAP_NORESERVE, -1, 0 <unfinished ...>
2096  mmap(0x7f905b554000, 16384, PROT_READ|PROT_WRITE, MAP_PRIVATE|MAP_FIXED|MAP_ANONYMOUS|MAP_NORESERVE, -1, 0 <unfinished ...>
2095  munmap(0x7f903f42c000, 16384 <unfinished ...>
2097  <... mmap resumed>)               = 0x7f904bf9c000
2100  munmap(0x7f9051780000, 16384 <unfinished ...>
2096  <... mmap resumed>)               = 0x7f905b554000
2097  munmap(0x7f9045af8000, 16384 <unfinished ...>
2096  munmap(0x7f90576b4000, 16384 <unfinished ...>
2100  <... munmap resumed>)             = 0
2100  mmap(0x7f9051780000, 16384, PROT_READ|PROT_WRITE, MAP_PRIVATE|MAP_FIXED|MAP_ANONYMOUS|MAP_NORESERVE, -1, 0 <unfinished ...>
2097  <... munmap resumed>)             = 0
2100  <... mmap resumed>)               = 0x7f9051780000
2096  <... munmap resumed>)             = 0
2095  <... munmap resumed>)             = 0
2097  mmap(0x7f9045af8000, 16384, PROT_READ|PROT_WRITE, MAP_PRIVATE|MAP_FIXED|MAP_ANONYMOUS|MAP_NORESERVE, -1, 0 <unfinished ...>
2100  munmap(0x7f90556cc000, 16384 <unfinished ...>
2096  mmap(0x7f90576b4000, 16384, PROT_READ|PROT_WRITE, MAP_PRIVATE|MAP_FIXED|MAP_ANONYMOUS|MAP_NORESERVE, -1, 0 <unfinished ...>
2097  <... mmap resumed>)               = 0x7f9045af8000
2095  mmap(0x7f903f42c000, 16384, PROT_READ|PROT_WRITE, MAP_PRIVATE|MAP_FIXED|MAP_ANONYMOUS|MAP_NORESERVE, -1, 0 <unfinished ...>
2097  munmap(0x7f9042300000, 16384 <unfinished ...>
2100  <... munmap resumed>)             = 0
2097  <... munmap resumed>)             = 0
2100  mmap(0x7f90556cc000, 16384, PROT_READ|PROT_WRITE, MAP_PRIVATE|MAP_FIXED|MAP_ANONYMOUS|MAP_NORESERVE, -1, 0 <unfinished ...>
2097  mmap(0x7f9042300000, 16384, PROT_READ|PROT_WRITE, MAP_PRIVATE|MAP_FIXED|MAP_ANONYMOUS|MAP_NORESERVE, -1, 0 <unfinished ...>
2096  <... mmap resumed>)               = 0x7f90576b4000
2097  <... mmap resumed>)               = 0x7f9042300000
2100  <... mmap resumed>)               = 0x7f90556cc000
2097  munmap(0x7f9060a78000, 16384 <unfinished ...>
2095  <... mmap resumed>)               = 0x7f903f42c000
2100  munmap(0x7f90470a0000, 16384 <unfinished ...>
2096  munmap(0x7f904d0f0000, 16384 <unfinished ...>
2097  <... munmap resumed>)             = 0
2095  munmap(0x7f9059968000, 16384 <unfinished ...>
2100  <... munmap resumed>)             = 0
2097  mmap(0x7f9060a78000, 16384, PROT_READ|PROT_WRITE, MAP_PRIVATE|MAP_FIXED|MAP_ANONYMOUS|MAP_NORESERVE, -1, 0 <unfinished ...>
2100  mmap(0x7f90470a0000, 16384, PROT_READ|PROT_WRITE, MAP_PRIVATE|MAP_FIXED|MAP_ANONYMOUS|MAP_NORESERVE, -1, 0 <unfinished ...>
2096  <... munmap resumed>)             = 0
2097  <... mmap resumed>)               = 0x7f9060a78000
2100  <... mmap resumed>)               = 0x7f90470a0000
2096  mmap(0x7f904d0f0000, 16384, PROT_READ|PROT_WRITE, MAP_PRIVATE|MAP_FIXED|MAP_ANONYMOUS|MAP_NORESERVE, -1, 0 <unfinished ...>
2095  <... munmap resumed>)             = 0
2100  munmap(0x7f90457a0000, 16384 <unfinished ...>
2097  munmap(0x7f9055800000, 16384 <unfinished ...>
2096  <... mmap resumed>)               = 0x7f904d0f0000
2095  mmap(0x7f9059968000, 16384, PROT_READ|PROT_WRITE, MAP_PRIVATE|MAP_FIXED|MAP_ANONYMOUS|MAP_NORESERVE, -1, 0 <unfinished ...>
2096  munmap(0x7f90434c4000, 16384 <unfinished ...>
2100  <... munmap resumed>)             = 0
2100  mmap(0x7f90457a0000, 16384, PROT_READ|PROT_WRITE, MAP_PRIVATE|MAP_FIXED|MAP_ANONYMOUS|MAP_NORESERVE, -1, 0 <unfinished ...>
2097  <... munmap resumed>)             = 0
2095  <... mmap resumed>)               = 0x7f9059968000
2097  mmap(0x7f9055800000, 16384, PROT_READ|PROT_WRITE, MAP_PRIVATE|MAP_FIXED|MAP_ANONYMOUS|MAP_NORESERVE, -1, 0 <unfinished ...>
2100  <... mmap resumed>)               = 0x7f90457a0000
2095  munmap(0x7f9059ce8000, 16384 <unfinished ...>
2097  <... mmap resumed>)               = 0x7f9055800000
2097  munmap(0x7f90651f4000, 16384 <unfinished ...>
2100  munmap(0x7f904e1a0000, 16384 <unfinished ...>
2095  <... munmap resumed>)             = 0
2097  <... munmap resumed>)             = 0
2095  mmap(0x7f9059ce8000, 16384, PROT_READ|PROT_WRITE, MAP_PRIVATE|MAP_FIXED|MAP_ANONYMOUS|MAP_NORESERVE, -1, 0 <unfinished ...>
2097  mmap(0x7f90651f4000, 16384, PROT_READ|PROT_WRITE, MAP_PRIVATE|MAP_FIXED|MAP_ANONYMOUS|MAP_NORESERVE, -1, 0 <unfinished ...>
2100  <... munmap resumed>)             = 0
2096  <... munmap resumed>)             = 0
2097  <... mmap resumed>)               = 0x7f90651f4000
2100  mmap(0x7f904e1a0000, 16384, PROT_READ|PROT_WRITE, MAP_PRIVATE|MAP_FIXED|MAP_ANONYMOUS|MAP_NORESERVE, -1, 0 <unfinished ...>
2095  <... mmap resumed>)               = 0x7f9059ce8000
2100  <... mmap resumed>)               = 0x7f904e1a0000
2097  munmap(0x7f9049c5c000, 16384 <unfinished ...>
2096  mmap(0x7f90434c4000, 16384, PROT_READ|PROT_WRITE, MAP_PRIVATE|MAP_FIXED|MAP_ANONYMOUS|MAP_NORESERVE, -1, 0 <unfinished ...>
2100  munmap(0x7f90453f4000, 16384 <unfinished ...>
2095  munmap(0x7f903d698000, 16384 <unfinished ...>
2097  <... munmap resumed>)             = 0
2097  mmap(0x7f9049c5c000, 16384, PROT_READ|PROT_WRITE, MAP_PRIVATE|MAP_FIXED|MAP_ANONYMOUS|MAP_NORESERVE, -1, 0 <unfinished ...>
2100  <... munmap resumed>)             = 0
2100  mmap(0x7f90453f4000, 16384, PROT_READ|PROT_WRITE, MAP_PRIVATE|MAP_FIXED|MAP_ANONYMOUS|MAP_NORESERVE, -1, 0 <unfinished ...>
2097  <... mmap resumed>)               = 0x7f9049c5c000
2100  <... mmap resumed>)               = 0x7f90453f4000
2096  <... mmap resumed>)               = 0x7f90434c4000
2095  <... munmap resumed>)             = 0
2097  munmap(0x7f905ba4c000, 16384 <unfinished ...>
2100  munmap(0x7f9060774000, 16384 <unfinished ...>
2096  munmap(0x7f9063604000, 16384 <unfinished ...>
2095  mmap(0x7f903d698000, 16384, PROT_READ|PROT_WRITE, MAP_PRIVATE|MAP_FIXED|MAP_ANONYMOUS|MAP_NORESERVE, -1, 0 <unfinished ...>
2097  <... munmap resumed>)             = 0
2097  mmap(0x7f905ba4c000, 16384, PROT_READ|PROT_WRITE, MAP_PRIVATE|MAP_FIXED|MAP_ANONYMOUS|MAP_NORESERVE, -1, 0 <unfinished ...>
2096  <... munmap resumed>)             = 0
2095  <... mmap resumed>)               = 0x7f903d698000
2096  mmap(0x7f9063604000, 16384, PROT_READ|PROT_WRITE, MAP_PRIVATE|MAP_FIXED|MAP_ANONYMOUS|MAP_NORESERVE, -1, 0 <unfinished ...>
2095  munmap(0x7f90530ec000, 16384 <unfinished ...>
2100  <... munmap resumed>)             = 0
2100  mmap(0x7f9060774000, 16384, PROT_READ|PROT_WRITE, MAP_PRIVATE|MAP_FIXED|MAP_ANONYMOUS|MAP_NORESERVE, -1, 0 <unfinished ...>
2097  <... mmap resumed>)               = 0x7f905ba4c000
2096  <... mmap resumed>)               = 0x7f9063604000
2095  <... munmap resumed>)             = 0
2100  <... mmap resumed>)               = 0x7f9060774000
2097  munmap(0x7f905365c000, 16384 <unfinished ...>
2096  munmap(0x7f9062094000, 16384 <unfinished ...>
2100  munmap(0x7f9048a6c000, 16384 <unfinished ...>
2095  mmap(0x7f90530ec000, 16384, PROT_READ|PROT_WRITE, MAP_PRIVATE|MAP_FIXED|MAP_ANONYMOUS|MAP_NORESERVE, -1, 0 <unfinished ...>
2100  <... munmap resumed>)             = 0
2097  <... munmap resumed>)             = 0
2096  <... munmap resumed>)             = 0
2095  <... mmap resumed>)               = 0x7f90530ec000
2100  mmap(0x7f9048a6c000, 16384, PROT_READ|PROT_WRITE, MAP_PRIVATE|MAP_FIXED|MAP_ANONYMOUS|MAP_NORESERVE, -1, 0 <unfinished ...>
2097  mmap(0x7f905365c000, 16384, PROT_READ|PROT_WRITE, MAP_PRIVATE|MAP_FIXED|MAP_ANONYMOUS|MAP_NORESERVE, -1, 0 <unfinished ...>
2096  mmap(0x7f9062094000, 16384, PROT_READ|PROT_WRITE, MAP_PRIVATE|MAP_FIXED|MAP_ANONYMOUS|MAP_NORESERVE, -1, 0 <unfinished ...>
2100  <... mmap resumed>)               = 0x7f9048a6c000
2095  munmap(0x7f9057344000, 16384 <unfinished ...>
2097  <... mmap resumed>)               = 0x7f905365c000
2096  <... mmap resumed>)               = 0x7f9062094000
2100  munmap(0x7f90600d4000, 16384 <unfinished ...>
2097  munmap(0x7f9039eb4000, 16384 <unfinished ...>
2096  munmap(0x7f9057094000, 16384 <unfinished ...>
2095  <... munmap resumed>)             = 0
2100  <... munmap resumed>)             = 0
2095  mmap(0x7f9057344000, 16384, PROT_READ|PROT_WRITE, MAP_PRIVATE|MAP_FIXED|MAP_ANONYMOUS|MAP_NORESERVE, -1, 0 <unfinished ...>
2100  mmap(0x7f90600d4000, 16384, PROT_READ|PROT_WRITE, MAP_PRIVATE|MAP_FIXED|MAP_ANONYMOUS|MAP_NORESERVE, -1, 0 <unfinished ...>
2097  <... munmap resumed>)             = 0
2095  <... mmap resumed>)               = 0x7f9057344000
2100  <... mmap resumed>)               = 0x7f90600d4000
2097  mmap(0x7f9039eb4000, 16384, PROT_READ|PROT_WRITE, MAP_PRIVATE|MAP_FIXED|MAP_ANONYMOUS|MAP_NORESERVE, -1, 0 <unfinished ...>
2096  <... munmap resumed>)             = 0
2100  munmap(0x7f904fd88000, 16384 <unfinished ...>
2097  <... mmap resumed>)               = 0x7f9039eb4000
2095  munmap(0x7f90536a4000, 16384 <unfinished ...>
2096  mmap(0x7f9057094000, 16384, PROT_READ|PROT_WRITE, MAP_PRIVATE|MAP_FIXED|MAP_ANONYMOUS|MAP_NORESERVE, -1, 0 <unfinished ...>
2100  <... munmap resumed>)             = 0
2100  mmap(0x7f904fd88000, 16384, PROT_READ|PROT_WRITE, MAP_PRIVATE|MAP_FIXED|MAP_ANONYMOUS|MAP_NORESERVE, -1, 0 <unfinished ...>
2097  munmap(0x7f9059808000, 16384 <unfinished ...>
2100  <... mmap resumed>)               = 0x7f904fd88000
2096  <... mmap resumed>)               = 0x7f9057094000
2095  <... munmap resumed>)             = 0
2096  munmap(0x7f905ee70000, 16384 <unfinished ...>
2095  mmap(0x7f90536a4000, 16384, PROT_READ|PROT_WRITE, MAP_PRIVATE|MAP_FIXED|MAP_ANONYMOUS|MAP_NORESERVE, -1, 0 <unfinished ...>
2097  <... munmap resumed>)             = 0
2100  munmap(0x7f90565c4000, 16384 <unfinished ...>
2096  <... munmap resumed>)             = 0
2097  mmap(0x7f9059808000, 16384, PROT_READ|PROT_WRITE, MAP_PRIVATE|MAP_FIXED|MAP_ANONYMOUS|MAP_NORESERVE, -1, 0 <unfinished ...>
2096  mmap(0x7f905ee70000, 16384, PROT_READ|PROT_WRITE, MAP_PRIVATE|MAP_FIXED|MAP_ANONYMOUS|MAP_NORESERVE, -1, 0 <unfinished ...>
2095  <... mmap resumed>)               = 0x7f90536a4000
2100  <... munmap resumed>)             = 0
2097  <... mmap resumed>)               = 0x7f9059808000
2096  <... mmap resumed>)               = 0x7f905ee70000
2100  mmap(0x7f90565c4000, 16384, PROT_READ|PROT_WRITE, MAP_PRIVATE|MAP_FIXED|MAP_ANONYMOUS|MAP_NORESERVE, -1, 0 <unfinished ...>
2095  munmap(0x7f9056650000, 16384 <unfinished ...>
2096  munmap(0x7f9050188000, 16384 <unfinished ...>
2100  <... mmap resumed>)               = 0x7f90565c4000
2097  munmap(0x7f9054e18000, 16384 <unfinished ...>
2095  <... munmap resumed>)             = 0
2095  mmap(0x7f9056650000, 16384, PROT_READ|PROT_WRITE, MAP_PRIVATE|MAP_FIXED|MAP_ANONYMOUS|MAP_NORESERVE, -1, 0 <unfinished ...>
2096  <... munmap resumed>)             = 0
2096  mmap(0x7f9050188000, 16384, PROT_READ|PROT_WRITE, MAP_PRIVATE|MAP_FIXED|MAP_ANONYMOUS|MAP_NORESERVE, -1, 0 <unfinished ...>
2097  <... munmap resumed>)             = 0
2096  <... mmap resumed>)               = 0x7f9050188000
2100  munmap(0x7f9050258000, 16384 <unfinished ...>
2097  mmap(0x7f9054e18000, 16384, PROT_READ|PROT_WRITE, MAP_PRIVATE|MAP_FIXED|MAP_ANONYMOUS|MAP_NORESERVE, -1, 0 <unfinished ...>
2095  <... mmap resumed>)               = 0x7f9056650000
2096  munmap(0x7f9059784000, 16384 <unfinished ...>
2100  <... munmap resumed>)             = 0
2095  munmap(0x7f90439cc000, 16384 <unfinished ...>
2097  <... mmap resumed>)               = 0x7f9054e18000
2100  mmap(0x7f9050258000, 16384, PROT_READ|PROT_WRITE, MAP_PRIVATE|MAP_FIXED|MAP_ANONYMOUS|MAP_NORESERVE, -1, 0 <unfinished ...>
2096  <... munmap resumed>)             = 0
2095  <... munmap resumed>)             = 0
2097  munmap(0x7f905ded0000, 16384 <unfinished ...>
2100  <... mmap resumed>)               = 0x7f9050258000
2096  mmap(0x7f9059784000, 16384, PROT_READ|PROT_WRITE, MAP_PRIVATE|MAP_FIXED|MAP_ANONYMOUS|MAP_NORESERVE, -1, 0 <unfinished ...>
2100  munmap(0x7f904c564000, 16384 <unfinished ...>
2095  mmap(0x7f90439cc000, 16384, PROT_READ|PROT_WRITE, MAP_PRIVATE|MAP_FIXED|MAP_ANONYMOUS|MAP_NORESERVE, -1, 0 <unfinished ...>
2097  <... munmap resumed>)             = 0
2096  <... mmap resumed>)               = 0x7f9059784000
2100  <... munmap resumed>)             = 0
2097  mmap(0x7f905ded0000, 16384, PROT_READ|PROT_WRITE, MAP_PRIVATE|MAP_FIXED|MAP_ANONYMOUS|MAP_NORESERVE, -1, 0 <unfinished ...>
2096  munmap(0x7f905b058000, 16384 <unfinished ...>
2095  <... mmap resumed>)               = 0x7f90439cc000
2100  mmap(0x7f904c564000, 16384, PROT_READ|PROT_WRITE, MAP_PRIVATE|MAP_FIXED|MAP_ANONYMOUS|MAP_NORESERVE, -1, 0 <unfinished ...>
2097  <... mmap resumed>)               = 0x7f905ded0000
2100  <... mmap resumed>)               = 0x7f904c564000
2096  <... munmap resumed>)             = 0
2095  munmap(0x7f905e820000, 16384 <unfinished ...>
2100  munmap(0x7f9058720000, 16384 <unfinished ...>
2097  munmap(0x7f905db4c000, 16384 <unfinished ...>
2096  mmap(0x7f905b058000, 16384, PROT_READ|PROT_WRITE, MAP_PRIVATE|MAP_FIXED|MAP_ANONYMOUS|MAP_NORESERVE, -1, 0 <unfinished ...>
2095  <... munmap resumed>)             = 0
2096  <... mmap resumed>)               = 0x7f905b058000
2095  mmap(0x7f905e820000, 16384, PROT_READ|PROT_WRITE, MAP_PRIVATE|MAP_FIXED|MAP_ANONYMOUS|MAP_NORESERVE, -1, 0 <unfinished ...>
2100  <... munmap resumed>)             = 0
2097  <... munmap resumed>)             = 0
2096  munmap(0x7f9048558000, 16384 <unfinished ...>
2100  mmap(0x7f9058720000, 16384, PROT_READ|PROT_WRITE, MAP_PRIVATE|MAP_FIXED|MAP_ANONYMOUS|MAP_NORESERVE, -1, 0 <unfinished ...>
2095  <... mmap resumed>)               = 0x7f905e820000
2097  mmap(0x7f905db4c000, 16384, PROT_READ|PROT_WRITE, MAP_PRIVATE|MAP_FIXED|MAP_ANONYMOUS|MAP_NORESERVE, -1, 0 <unfinished ...>
2096  <... munmap resumed>)             = 0
2100  <... mmap resumed>)               = 0x7f9058720000
2097  <... mmap resumed>)               = 0x7f905db4c000
2096  mmap(0x7f9048558000, 16384, PROT_READ|PROT_WRITE, MAP_PRIVATE|MAP_FIXED|MAP_ANONYMOUS|MAP_NORESERVE, -1, 0 <unfinished ...>
2100  munmap(0x7f9052770000, 16384 <unfinished ...>
2097  munmap(0x7f90412ac000, 16384 <unfinished ...>
2095  munmap(0x7f90453b0000, 16384 <unfinished ...>
2096  <... mmap resumed>)               = 0x7f9048558000
2100  <... munmap resumed>)             = 0
2100  mmap(0x7f9052770000, 16384, PROT_READ|PROT_WRITE, MAP_PRIVATE|MAP_FIXED|MAP_ANONYMOUS|MAP_NORESERVE, -1, 0 <unfinished ...>
2096  munmap(0x7f904e118000, 16384 <unfinished ...>
2097  <... munmap resumed>)             = 0
2095  <... munmap resumed>)             = 0
2100  <... mmap resumed>)               = 0x7f9052770000
2097  mmap(0x7f90412ac000, 16384, PROT_READ|PROT_WRITE, MAP_PRIVATE|MAP_FIXED|MAP_ANONYMOUS|MAP_NORESERVE, -1, 0 <unfinished ...>
2096  <... munmap resumed>)             = 0
2100  munmap(0x7f90451c0000, 16384 <unfinished ...>
2095  mmap(0x7f90453b0000, 16384, PROT_READ|PROT_WRITE, MAP_PRIVATE|MAP_FIXED|MAP_ANONYMOUS|MAP_NORESERVE, -1, 0 <unfinished ...>
2097  <... mmap resumed>)               = 0x7f90412ac000
2096  mmap(0x7f904e118000, 16384, PROT_READ|PROT_WRITE, MAP_PRIVATE|MAP_FIXED|MAP_ANONYMOUS|MAP_NORESERVE, -1, 0 <unfinished ...>
2100  <... munmap resumed>)             = 0
2095  <... mmap resumed>)               = 0x7f90453b0000
2100  mmap(0x7f90451c0000, 16384, PROT_READ|PROT_WRITE, MAP_PRIVATE|MAP_FIXED|MAP_ANONYMOUS|MAP_NORESERVE, -1, 0 <unfinished ...>
2097  munmap(0x7f9065ea4000, 16384 <unfinished ...>
2096  <... mmap resumed>)               = 0x7f904e118000
2100  <... mmap resumed>)               = 0x7f90451c0000
2095  munmap(0x7f9051ac4000, 16384 <unfinished ...>
2097  <... munmap resumed>)             = 0
2096  munmap(0x7f9042ddc000, 16384 <unfinished ...>
2100  munmap(0x7f9045008000, 16384 <unfinished ...>
2095  <... munmap resumed>)             = 0
2097  mmap(0x7f9065ea4000, 16384, PROT_READ|PROT_WRITE, MAP_PRIVATE|MAP_FIXED|MAP_ANONYMOUS|MAP_NORESERVE, -1, 0 <unfinished ...>
2100  <... munmap resumed>)             = 0
2096  <... munmap resumed>)             = 0
2095  mmap(0x7f9051ac4000, 16384, PROT_READ|PROT_WRITE, MAP_PRIVATE|MAP_FIXED|MAP_ANONYMOUS|MAP_NORESERVE, -1, 0 <unfinished ...>
2100  mmap(0x7f9045008000, 16384, PROT_READ|PROT_WRITE, MAP_PRIVATE|MAP_FIXED|MAP_ANONYMOUS|MAP_NORESERVE, -1, 0 <unfinished ...>
2097  <... mmap resumed>)               = 0x7f9065ea4000
2096  mmap(0x7f9042ddc000, 16384, PROT_READ|PROT_WRITE, MAP_PRIVATE|MAP_FIXED|MAP_ANONYMOUS|MAP_NORESERVE, -1, 0 <unfinished ...>
2100  <... mmap resumed>)               = 0x7f9045008000
2095  <... mmap resumed>)               = 0x7f9051ac4000
2100  munmap(0x7f903b81c000, 16384 <unfinished ...>
2097  munmap(0x7f904dabc000, 16384 <unfinished ...>
2096  <... mmap resumed>)               = 0x7f9042ddc000
2100  <... munmap resumed>)             = 0
2095  munmap(0x7f9064d90000, 16384 <unfinished ...>
2100  mmap(0x7f903b81c000, 16384, PROT_READ|PROT_WRITE, MAP_PRIVATE|MAP_FIXED|MAP_ANONYMOUS|MAP_NORESERVE, -1, 0 <unfinished ...>
2097  <... munmap resumed>)             = 0
2096  munmap(0x7f90566fc000, 16384 <unfinished ...>
2100  <... mmap resumed>)               = 0x7f903b81c000
2097  mmap(0x7f904dabc000, 16384, PROT_READ|PROT_WRITE, MAP_PRIVATE|MAP_FIXED|MAP_ANONYMOUS|MAP_NORESERVE, -1, 0 <unfinished ...>
2095  <... munmap resumed>)             = 0
2100  munmap(0x7f904e6c0000, 16384 <unfinished ...>
2097  <... mmap resumed>)               = 0x7f904dabc000
2096  <... munmap resumed>)             = 0
2097  munmap(0x7f9041870000, 16384 <unfinished ...>
2096  mmap(0x7f90566fc000, 16384, PROT_READ|PROT_WRITE, MAP_PRIVATE|MAP_FIXED|MAP_ANONYMOUS|MAP_NORESERVE, -1, 0 <unfinished ...>
2095  mmap(0x7f9064d90000, 16384, PROT_READ|PROT_WRITE, MAP_PRIVATE|MAP_FIXED|MAP_ANONYMOUS|MAP_NORESERVE, -1, 0 <unfinished ...>
2097  <... munmap resumed>)             = 0
2095  <... mmap resumed>)               = 0x7f9064d90000
2100  <... munmap resumed>)             = 0
2097  mmap(0x7f9041870000, 16384, PROT_READ|PROT_WRITE, MAP_PRIVATE|MAP_FIXED|MAP_ANONYMOUS|MAP_NORESERVE, -1, 0 <unfinished ...>
2095  munmap(0x7f903cad8000, 16384 <unfinished ...>
2096  <... mmap resumed>)               = 0x7f90566fc000
2100  mmap(0x7f904e6c0000, 16384, PROT_READ|PROT_WRITE, MAP_PRIVATE|MAP_FIXED|MAP_ANONYMOUS|MAP_NORESERVE, -1, 0 <unfinished ...>
2097  <... mmap resumed>)               = 0x7f9041870000
2095  <... munmap resumed>)             = 0
2100  <... mmap resumed>)               = 0x7f904e6c0000
2097  munmap(0x7f9061874000, 16384 <unfinished ...>
2096  munmap(0x7f9057958000, 16384 <unfinished ...>
2095  mmap(0x7f903cad8000, 16384, PROT_READ|PROT_WRITE, MAP_PRIVATE|MAP_FIXED|MAP_ANONYMOUS|MAP_NORESERVE, -1, 0 <unfinished ...>
2097  <... munmap resumed>)             = 0
2096  <... munmap resumed>)             = 0
2095  <... mmap resumed>)               = 0x7f903cad8000
2100  munmap(0x7f9051a48000, 16384 <unfinished ...>
2097  mmap(0x7f9061874000, 16384, PROT_READ|PROT_WRITE, MAP_PRIVATE|MAP_FIXED|MAP_ANONYMOUS|MAP_NORESERVE, -1, 0 <unfinished ...>
2095  munmap(0x7f903dea8000, 16384 <unfinished ...>
2100  <... munmap resumed>)             = 0
2096  mmap(0x7f9057958000, 16384, PROT_READ|PROT_WRITE, MAP_PRIVATE|MAP_FIXED|MAP_ANONYMOUS|MAP_NORESERVE, -1, 0 <unfinished ...>
2097  <... mmap resumed>)               = 0x7f9061874000
2100  mmap(0x7f9051a48000, 16384, PROT_READ|PROT_WRITE, MAP_PRIVATE|MAP_FIXED|MAP_ANONYMOUS|MAP_NORESERVE, -1, 0 <unfinished ...>
2095  <... munmap resumed>)             = 0
2097  munmap(0x7f904ffe4000, 16384 <unfinished ...>
2100  <... mmap resumed>)               = 0x7f9051a48000
2096  <... mmap resumed>)               = 0x7f9057958000
2095  mmap(0x7f903dea8000, 16384, PROT_READ|PROT_WRITE, MAP_PRIVATE|MAP_FIXED|MAP_ANONYMOUS|MAP_NORESERVE, -1, 0 <unfinished ...>
2100  munmap(0x7f903fcc4000, 16384 <unfinished ...>
2097  <... munmap resumed>)             = 0
2100  <... munmap resumed>)             = 0
2097  mmap(0x7f904ffe4000, 16384, PROT_READ|PROT_WRITE, MAP_PRIVATE|MAP_FIXED|MAP_ANONYMOUS|MAP_NORESERVE, -1, 0 <unfinished ...>
2096  munmap(0x7f905a098000, 16384 <unfinished ...>
2095  <... mmap resumed>)               = 0x7f903dea8000
2100  mmap(0x7f903fcc4000, 16384, PROT_READ|PROT_WRITE, MAP_PRIVATE|MAP_FIXED|MAP_ANONYMOUS|MAP_NORESERVE, -1, 0 <unfinished ...>
2096  <... munmap resumed>)             = 0
2097  <... mmap resumed>)               = 0x7f904ffe4000
2100  <... mmap resumed>)               = 0x7f903fcc4000
2096  mmap(0x7f905a098000, 16384, PROT_READ|PROT_WRITE, MAP_PRIVATE|MAP_FIXED|MAP_ANONYMOUS|MAP_NORESERVE, -1, 0 <unfinished ...>
2097  munmap(0x7f9064ee4000, 16384 <unfinished ...>
2095  munmap(0x7f903d95c000, 16384 <unfinished ...>
2096  <... mmap resumed>)               = 0x7f905a098000
2100  munmap(0x7f9042a04000, 16384 <unfinished ...>
2097  <... munmap resumed>)             = 0
2097  mmap(0x7f9064ee4000, 16384, PROT_READ|PROT_WRITE, MAP_PRIVATE|MAP_FIXED|MAP_ANONYMOUS|MAP_NORESERVE, -1, 0 <unfinished ...>
2095  <... munmap resumed>)             = 0
2100  <... munmap resumed>)             = 0
2097  <... mmap resumed>)               = 0x7f9064ee4000
2096  munmap(0x7f90521d4000, 16384 <unfinished ...>
2095  mmap(0x7f903d95c000, 16384, PROT_READ|PROT_WRITE, MAP_PRIVATE|MAP_FIXED|MAP_ANONYMOUS|MAP_NORESERVE, -1, 0 <unfinished ...>
2100  mmap(0x7f9042a04000, 16384, PROT_READ|PROT_WRITE, MAP_PRIVATE|MAP_FIXED|MAP_ANONYMOUS|MAP_NORESERVE, -1, 0 <unfinished ...>
2097  munmap(0x7f9042900000, 16384 <unfinished ...>
2096  <... munmap resumed>)             = 0
2095  <... mmap resumed>)               = 0x7f903d95c000
2097  <... munmap resumed>)             = 0
2100  <... mmap resumed>)               = 0x7f9042a04000
2096  mmap(0x7f90521d4000, 16384, PROT_READ|PROT_WRITE, MAP_PRIVATE|MAP_FIXED|MAP_ANONYMOUS|MAP_NORESERVE, -1, 0 <unfinished ...>
2095  munmap(0x7f9045db0000, 16384 <unfinished ...>
2100  munmap(0x7f903e768000, 16384 <unfinished ...>
2097  mmap(0x7f9042900000, 16384, PROT_READ|PROT_WRITE, MAP_PRIVATE|MAP_FIXED|MAP_ANONYMOUS|MAP_NORESERVE, -1, 0 <unfinished ...>
2095  <... munmap resumed>)             = 0
2100  <... munmap resumed>)             = 0
2096  <... mmap resumed>)               = 0x7f90521d4000
2097  <... mmap resumed>)               = 0x7f9042900000
2100  mmap(0x7f903e768000, 16384, PROT_READ|PROT_WRITE, MAP_PRIVATE|MAP_FIXED|MAP_ANONYMOUS|MAP_NORESERVE, -1, 0 <unfinished ...>
2095  mmap(0x7f9045db0000, 16384, PROT_READ|PROT_WRITE, MAP_PRIVATE|MAP_FIXED|MAP_ANONYMOUS|MAP_NORESERVE, -1, 0 <unfinished ...>
2100  <... mmap resumed>)               = 0x7f903e768000
2096  munmap(0x7f9048384000, 16384 <unfinished ...>
2100  munmap(0x7f9043e20000, 16384 <unfinished ...>
2097  munmap(0x7f90660d0000, 16384 <unfinished ...>
2095  <... mmap resumed>)               = 0x7f9045db0000
2096  <... munmap resumed>)             = 0
2100  <... munmap resumed>)             = 0
2096  mmap(0x7f9048384000, 16384, PROT_READ|PROT_WRITE, MAP_PRIVATE|MAP_FIXED|MAP_ANONYMOUS|MAP_NORESERVE, -1, 0 <unfinished ...>
2100  mmap(0x7f9043e20000, 16384, PROT_READ|PROT_WRITE, MAP_PRIVATE|MAP_FIXED|MAP_ANONYMOUS|MAP_NORESERVE, -1, 0 <unfinished ...>
2097  <... munmap resumed>)             = 0
2097  mmap(0x7f90660d0000, 16384, PROT_READ|PROT_WRITE, MAP_PRIVATE|MAP_FIXED|MAP_ANONYMOUS|MAP_NORESERVE, -1, 0 <unfinished ...>
2095  munmap(0x7f905855c000, 16384 <unfinished ...>
2100  <... mmap resumed>)               = 0x7f9043e20000
2096  <... mmap resumed>)               = 0x7f9048384000
2097  <... mmap resumed>)               = 0x7f90660d0000
2100  munmap(0x7f9056b0c000, 16384 <unfinished ...>
2095  <... munmap resumed>)             = 0
2097  munmap(0x7f9056b94000, 16384 <unfinished ...>
2096  munmap(0x7f903aecc000, 16384 <unfinished ...>
2100  <... munmap resumed>)             = 0
2095  mmap(0x7f905855c000, 16384, PROT_READ|PROT_WRITE, MAP_PRIVATE|MAP_FIXED|MAP_ANONYMOUS|MAP_NORESERVE, -1, 0 <unfinished ...>
2100  mmap(0x7f9056b0c000, 16384, PROT_READ|PROT_WRITE, MAP_PRIVATE|MAP_FIXED|MAP_ANONYMOUS|MAP_NORESERVE, -1, 0 <unfinished ...>
2097  <... munmap resumed>)             = 0
2096  <... munmap resumed>)             = 0
2100  <... mmap resumed>)               = 0x7f9056b0c000
2100  munmap(0x7f9062c34000, 16384 <unfinished ...>
2095  <... mmap resumed>)               = 0x7f905855c000
2097  mmap(0x7f9056b94000, 16384, PROT_READ|PROT_WRITE, MAP_PRIVATE|MAP_FIXED|MAP_ANONYMOUS|MAP_NORESERVE, -1, 0 <unfinished ...>
2096  mmap(0x7f903aecc000, 16384, PROT_READ|PROT_WRITE, MAP_PRIVATE|MAP_FIXED|MAP_ANONYMOUS|MAP_NORESERVE, -1, 0 <unfinished ...>
2100  <... munmap resumed>)             = 0
2095  munmap(0x7f904f344000, 16384 <unfinished ...>
2097  <... mmap resumed>)               = 0x7f9056b94000
2096  <... mmap resumed>)               = 0x7f903aecc000
2100  mmap(0x7f9062c34000, 16384, PROT_READ|PROT_WRITE, MAP_PRIVATE|MAP_FIXED|MAP_ANONYMOUS|MAP_NORESERVE, -1, 0 <unfinished ...>
2097  munmap(0x7f904fe30000, 16384 <unfinished ...>
2096  munmap(0x7f9062294000, 16384 <unfinished ...>
2095  <... munmap resumed>)             = 0
2096  <... munmap resumed>)             = 0
2095  mmap(0x7f904f344000, 16384, PROT_READ|PROT_WRITE, MAP_PRIVATE|MAP_FIXED|MAP_ANONYMOUS|MAP_NORESERVE, -1, 0 <unfinished ...>
2100  <... mmap resumed>)               = 0x7f9062c34000
2096  mmap(0x7f9062294000, 16384, PROT_READ|PROT_WRITE, MAP_PRIVATE|MAP_FIXED|MAP_ANONYMOUS|MAP_NORESERVE, -1, 0 <unfinished ...>
2100  munmap(0x7f90604d0000, 16384 <unfinished ...>
2097  <... munmap resumed>)             = 0
2096  <... mmap resumed>)               = 0x7f9062294000
2095  <... mmap resumed>)               = 0x7f904f344000
2097  mmap(0x7f904fe30000, 16384, PROT_READ|PROT_WRITE, MAP_PRIVATE|MAP_FIXED|MAP_ANONYMOUS|MAP_NORESERVE, -1, 0 <unfinished ...>
2100  <... munmap resumed>)             = 0
2096  munmap(0x7f904e154000, 16384 <unfinished ...>
2100  mmap(0x7f90604d0000, 16384, PROT_READ|PROT_WRITE, MAP_PRIVATE|MAP_FIXED|MAP_ANONYMOUS|MAP_NORESERVE, -1, 0 <unfinished ...>
2097  <... mmap resumed>)               = 0x7f904fe30000
2097  munmap(0x7f904b338000, 16384 <unfinished ...>
2096  <... munmap resumed>)             = 0
2097  <... munmap resumed>)             = 0
2096  mmap(0x7f904e154000, 16384, PROT_READ|PROT_WRITE, MAP_PRIVATE|MAP_FIXED|MAP_ANONYMOUS|MAP_NORESERVE, -1, 0 <unfinished ...>
2097  mmap(0x7f904b338000, 16384, PROT_READ|PROT_WRITE, MAP_PRIVATE|MAP_FIXED|MAP_ANONYMOUS|MAP_NORESERVE, -1, 0 <unfinished ...>
2100  <... mmap resumed>)               = 0x7f90604d0000
2097  <... mmap resumed>)               = 0x7f904b338000
2096  <... mmap resumed>)               = 0x7f904e154000
2095  munmap(0x7f903f6f0000, 16384 <unfinished ...>
2100  munmap(0x7f904e13c000, 16384 <unfinished ...>
2097  munmap(0x7f9054fb0000, 16384 <unfinished ...>
2096  munmap(0x7f903b9b8000, 16384 <unfinished ...>
2095  <... munmap resumed>)             = 0
2097  <... munmap resumed>)             = 0
2096  <... munmap resumed>)             = 0
2095  mmap(0x7f903f6f0000, 16384, PROT_READ|PROT_WRITE, MAP_PRIVATE|MAP_FIXED|MAP_ANONYMOUS|MAP_NORESERVE, -1, 0 <unfinished ...>
2100  <... munmap resumed>)             = 0
2097  mmap(0x7f9054fb0000, 16384, PROT_READ|PROT_WRITE, MAP_PRIVATE|MAP_FIXED|MAP_ANONYMOUS|MAP_NORESERVE, -1, 0 <unfinished ...>
2096  mmap(0x7f903b9b8000, 16384, PROT_READ|PROT_WRITE, MAP_PRIVATE|MAP_FIXED|MAP_ANONYMOUS|MAP_NORESERVE, -1, 0 <unfinished ...>
2100  mmap(0x7f904e13c000, 16384, PROT_READ|PROT_WRITE, MAP_PRIVATE|MAP_FIXED|MAP_ANONYMOUS|MAP_NORESERVE, -1, 0 <unfinished ...>
2095  <... mmap resumed>)               = 0x7f903f6f0000
2097  <... mmap resumed>)               = 0x7f9054fb0000
2100  <... mmap resumed>)               = 0x7f904e13c000
2096  <... mmap resumed>)               = 0x7f903b9b8000
2097  munmap(0x7f90461a0000, 16384 <unfinished ...>
2095  munmap(0x7f904c308000, 16384 <unfinished ...>
2100  munmap(0x7f9053f1c000, 16384 <unfinished ...>
2096  munmap(0x7f905e104000, 16384 <unfinished ...>
2100  <... munmap resumed>)             = 0
2097  <... munmap resumed>)             = 0
2095  <... munmap resumed>)             = 0
2100  mmap(0x7f9053f1c000, 16384, PROT_READ|PROT_WRITE, MAP_PRIVATE|MAP_FIXED|MAP_ANONYMOUS|MAP_NORESERVE, -1, 0 <unfinished ...>
2097  mmap(0x7f90461a0000, 16384, PROT_READ|PROT_WRITE, MAP_PRIVATE|MAP_FIXED|MAP_ANONYMOUS|MAP_NORESERVE, -1, 0 <unfinished ...>
2096  <... munmap resumed>)             = 0
2100  <... mmap resumed>)               = 0x7f9053f1c000
2095  mmap(0x7f904c308000, 16384, PROT_READ|PROT_WRITE, MAP_PRIVATE|MAP_FIXED|MAP_ANONYMOUS|MAP_NORESERVE, -1, 0 <unfinished ...>
2097  <... mmap resumed>)               = 0x7f90461a0000
2096  mmap(0x7f905e104000, 16384, PROT_READ|PROT_WRITE, MAP_PRIVATE|MAP_FIXED|MAP_ANONYMOUS|MAP_NORESERVE, -1, 0 <unfinished ...>
2100  munmap(0x7f906266c000, 16384 <unfinished ...>
2097  munmap(0x7f9044c4c000, 16384 <unfinished ...>
2095  <... mmap resumed>)               = 0x7f904c308000
2100  <... munmap resumed>)             = 0
2095  munmap(0x7f904a3dc000, 16384 <unfinished ...>
2096  <... mmap resumed>)               = 0x7f905e104000
2100  mmap(0x7f906266c000, 16384, PROT_READ|PROT_WRITE, MAP_PRIVATE|MAP_FIXED|MAP_ANONYMOUS|MAP_NORESERVE, -1, 0 <unfinished ...>
2096  munmap(0x7f903ccd8000, 16384 <unfinished ...>
2097  <... munmap resumed>)             = 0
2097  mmap(0x7f9044c4c000, 16384, PROT_READ|PROT_WRITE, MAP_PRIVATE|MAP_FIXED|MAP_ANONYMOUS|MAP_NORESERVE, -1, 0 <unfinished ...>
2095  <... munmap resumed>)             = 0
2100  <... mmap resumed>)               = 0x7f906266c000
2096  <... munmap resumed>)             = 0
2100  munmap(0x7f904bd50000, 16384 <unfinished ...>
2097  <... mmap resumed>)               = 0x7f9044c4c000
2096  mmap(0x7f903ccd8000, 16384, PROT_READ|PROT_WRITE, MAP_PRIVATE|MAP_FIXED|MAP_ANONYMOUS|MAP_NORESERVE, -1, 0 <unfinished ...>
2095  mmap(0x7f904a3dc000, 16384, PROT_READ|PROT_WRITE, MAP_PRIVATE|MAP_FIXED|MAP_ANONYMOUS|MAP_NORESERVE, -1, 0 <unfinished ...>
2100  <... munmap resumed>)             = 0
2097  munmap(0x7f905e9bc000, 16384 <unfinished ...>
2100  mmap(0x7f904bd50000, 16384, PROT_READ|PROT_WRITE, MAP_PRIVATE|MAP_FIXED|MAP_ANONYMOUS|MAP_NORESERVE, -1, 0 <unfinished ...>
2097  <... munmap resumed>)             = 0
2096  <... mmap resumed>)               = 0x7f903ccd8000
2095  <... mmap resumed>)               = 0x7f904a3dc000
2100  <... mmap resumed>)               = 0x7f904bd50000
2097  mmap(0x7f905e9bc000, 16384, PROT_READ|PROT_WRITE, MAP_PRIVATE|MAP_FIXED|MAP_ANONYMOUS|MAP_NORESERVE, -1, 0 <unfinished ...>
2096  munmap(0x7f9064808000, 16384 <unfinished ...>
2100  munmap(0x7f904c684000, 16384 <unfinished ...>
2095  munmap(0x7f90403d4000, 16384 <unfinished ...>
2096  <... munmap resumed>)             = 0
2100  <... munmap resumed>)             = 0
2097  <... mmap resumed>)               = 0x7f905e9bc000
2096  mmap(0x7f9064808000, 16384, PROT_READ|PROT_WRITE, MAP_PRIVATE|MAP_FIXED|MAP_ANONYMOUS|MAP_NORESERVE, -1, 0 <unfinished ...>
2100  mmap(0x7f904c684000, 16384, PROT_READ|PROT_WRITE, MAP_PRIVATE|MAP_FIXED|MAP_ANONYMOUS|MAP_NORESERVE, -1, 0 <unfinished ...>
2097  munmap(0x7f9057978000, 16384 <unfinished ...>
2096  <... mmap resumed>)               = 0x7f9064808000
2095  <... munmap resumed>)             = 0
2100  <... mmap resumed>)               = 0x7f904c684000
2100  munmap(0x7f9047058000, 16384 <unfinished ...>
2095  mmap(0x7f90403d4000, 16384, PROT_READ|PROT_WRITE, MAP_PRIVATE|MAP_FIXED|MAP_ANONYMOUS|MAP_NORESERVE, -1, 0 <unfinished ...>
2097  <... munmap resumed>)             = 0
2096  munmap(0x7f9060cc4000, 16384 <unfinished ...>
2100  <... munmap resumed>)             = 0
2097  mmap(0x7f9057978000, 16384, PROT_READ|PROT_WRITE, MAP_PRIVATE|MAP_FIXED|MAP_ANONYMOUS|MAP_NORESERVE, -1, 0 <unfinished ...>
2095  <... mmap resumed>)               = 0x7f90403d4000
2100  mmap(0x7f9047058000, 16384, PROT_READ|PROT_WRITE, MAP_PRIVATE|MAP_FIXED|MAP_ANONYMOUS|MAP_NORESERVE, -1, 0 <unfinished ...>
2096  <... munmap resumed>)             = 0
2097  <... mmap resumed>)               = 0x7f9057978000
2100  <... mmap resumed>)               = 0x7f9047058000
2097  munmap(0x7f9056d3c000, 16384 <unfinished ...>
2096  mmap(0x7f9060cc4000, 16384, PROT_READ|PROT_WRITE, MAP_PRIVATE|MAP_FIXED|MAP_ANONYMOUS|MAP_NORESERVE, -1, 0 <unfinished ...>
2095  munmap(0x7f9047514000, 16384 <unfinished ...>
2100  munmap(0x7f9048b44000, 16384 <unfinished ...>
2097  <... munmap resumed>)             = 0
2096  <... mmap resumed>)               = 0x7f9060cc4000
2095  <... munmap resumed>)             = 0
2100  <... munmap resumed>)             = 0
2097  mmap(0x7f9056d3c000, 16384, PROT_READ|PROT_WRITE, MAP_PRIVATE|MAP_FIXED|MAP_ANONYMOUS|MAP_NORESERVE, -1, 0 <unfinished ...>
2096  munmap(0x7f904c9a4000, 16384 <unfinished ...>
2095  mmap(0x7f9047514000, 16384, PROT_READ|PROT_WRITE, MAP_PRIVATE|MAP_FIXED|MAP_ANONYMOUS|MAP_NORESERVE, -1, 0 <unfinished ...>
2100  mmap(0x7f9048b44000, 16384, PROT_READ|PROT_WRITE, MAP_PRIVATE|MAP_FIXED|MAP_ANONYMOUS|MAP_NORESERVE, -1, 0) = 0x7f9048b44000
2097  <... mmap resumed>)               = 0x7f9056d3c000
2095  <... mmap resumed>)               = 0x7f9047514000
2100  munmap(0x7f904c19c000, 16384 <unfinished ...>
2096  <... munmap resumed>)             = 0
2097  munmap(0x7f9044928000, 16384 <unfinished ...>
2096  mmap(0x7f904c9a4000, 16384, PROT_READ|PROT_WRITE, MAP_PRIVATE|MAP_FIXED|MAP_ANONYMOUS|MAP_NORESERVE, -1, 0 <unfinished ...>
2095  munmap(0x7f903ef74000, 16384 <unfinished ...>
2100  <... munmap resumed>)             = 0
2100  mmap(0x7f904c19c000, 16384, PROT_READ|PROT_WRITE, MAP_PRIVATE|MAP_FIXED|MAP_ANONYMOUS|MAP_NORESERVE, -1, 0 <unfinished ...>
2097  <... munmap resumed>)             = 0
2096  <... mmap resumed>)               = 0x7f904c9a4000
2095  <... munmap resumed>)             = 0
2100  <... mmap resumed>)               = 0x7f904c19c000
2097  mmap(0x7f9044928000, 16384, PROT_READ|PROT_WRITE, MAP_PRIVATE|MAP_FIXED|MAP_ANONYMOUS|MAP_NORESERVE, -1, 0 <unfinished ...>
2096  munmap(0x7f9063264000, 16384 <unfinished ...>
2095  mmap(0x7f903ef74000, 16384, PROT_READ|PROT_WRITE, MAP_PRIVATE|MAP_FIXED|MAP_ANONYMOUS|MAP_NORESERVE, -1, 0 <unfinished ...>
2100  munmap(0x7f903e8bc000, 16384 <unfinished ...>
2097  <... mmap resumed>)               = 0x7f9044928000
2096  <... munmap resumed>)             = 0
2095  <... mmap resumed>)               = 0x7f903ef74000
2100  <... munmap resumed>)             = 0
2097  munmap(0x7f904341c000, 16384 <unfinished ...>
2096  mmap(0x7f9063264000, 16384, PROT_READ|PROT_WRITE, MAP_PRIVATE|MAP_FIXED|MAP_ANONYMOUS|MAP_NORESERVE, -1, 0 <unfinished ...>
2095  munmap(0x7f904a208000, 16384 <unfinished ...>
2100  mmap(0x7f903e8bc000, 16384, PROT_READ|PROT_WRITE, MAP_PRIVATE|MAP_FIXED|MAP_ANONYMOUS|MAP_NORESERVE, -1, 0 <unfinished ...>
2096  <... mmap resumed>)               = 0x7f9063264000
2096  munmap(0x7f905baf0000, 16384 <unfinished ...>
2097  <... munmap resumed>)             = 0
2097  mmap(0x7f904341c000, 16384, PROT_READ|PROT_WRITE, MAP_PRIVATE|MAP_FIXED|MAP_ANONYMOUS|MAP_NORESERVE, -1, 0 <unfinished ...>
2096  <... munmap resumed>)             = 0
2095  <... munmap resumed>)             = 0
2100  <... mmap resumed>)               = 0x7f903e8bc000
2097  <... mmap resumed>)               = 0x7f904341c000
2096  mmap(0x7f905baf0000, 16384, PROT_READ|PROT_WRITE, MAP_PRIVATE|MAP_FIXED|MAP_ANONYMOUS|MAP_NORESERVE, -1, 0 <unfinished ...>
2100  munmap(0x7f9052d1c000, 16384 <unfinished ...>
2095  mmap(0x7f904a208000, 16384, PROT_READ|PROT_WRITE, MAP_PRIVATE|MAP_FIXED|MAP_ANONYMOUS|MAP_NORESERVE, -1, 0 <unfinished ...>
2100  <... munmap resumed>)             = 0
2097  munmap(0x7f905f45c000, 16384 <unfinished ...>
2096  <... mmap resumed>)               = 0x7f905baf0000
2095  <... mmap resumed>)               = 0x7f904a208000
2100  mmap(0x7f9052d1c000, 16384, PROT_READ|PROT_WRITE, MAP_PRIVATE|MAP_FIXED|MAP_ANONYMOUS|MAP_NORESERVE, -1, 0 <unfinished ...>
2097  <... munmap resumed>)             = 0
2096  munmap(0x7f903c8b4000, 16384 <unfinished ...>
2100  <... mmap resumed>)               = 0x7f9052d1c000
2097  mmap(0x7f905f45c000, 16384, PROT_READ|PROT_WRITE, MAP_PRIVATE|MAP_FIXED|MAP_ANONYMOUS|MAP_NORESERVE, -1, 0 <unfinished ...>
2095  munmap(0x7f904aa64000, 16384 <unfinished ...>
2100  munmap(0x7f9042f68000, 16384 <unfinished ...>
2096  <... munmap resumed>)             = 0
2097  <... mmap resumed>)               = 0x7f905f45c000
2096  mmap(0x7f903c8b4000, 16384, PROT_READ|PROT_WRITE, MAP_PRIVATE|MAP_FIXED|MAP_ANONYMOUS|MAP_NORESERVE, -1, 0 <unfinished ...>
2100  <... munmap resumed>)             = 0
2096  <... mmap resumed>)               = 0x7f903c8b4000
2100  mmap(0x7f9042f68000, 16384, PROT_READ|PROT_WRITE, MAP_PRIVATE|MAP_FIXED|MAP_ANONYMOUS|MAP_NORESERVE, -1, 0) = 0x7f9042f68000
2097  munmap(0x7f9042eac000, 16384 <unfinished ...>
2096  munmap(0x7f905ac40000, 16384 <unfinished ...>
2095  <... munmap resumed>)             = 0
2100  munmap(0x7f905268c000, 16384 <unfinished ...>
2097  <... munmap resumed>)             = 0
2096  <... munmap resumed>)             = 0
2095  mmap(0x7f904aa64000, 16384, PROT_READ|PROT_WRITE, MAP_PRIVATE|MAP_FIXED|MAP_ANONYMOUS|MAP_NORESERVE, -1, 0 <unfinished ...>
2097  mmap(0x7f9042eac000, 16384, PROT_READ|PROT_WRITE, MAP_PRIVATE|MAP_FIXED|MAP_ANONYMOUS|MAP_NORESERVE, -1, 0 <unfinished ...>
2100  <... munmap resumed>)             = 0
2096  mmap(0x7f905ac40000, 16384, PROT_READ|PROT_WRITE, MAP_PRIVATE|MAP_FIXED|MAP_ANONYMOUS|MAP_NORESERVE, -1, 0 <unfinished ...>
2100  mmap(0x7f905268c000, 16384, PROT_READ|PROT_WRITE, MAP_PRIVATE|MAP_FIXED|MAP_ANONYMOUS|MAP_NORESERVE, -1, 0 <unfinished ...>
2095  <... mmap resumed>)               = 0x7f904aa64000
2100  <... mmap resumed>)               = 0x7f905268c000
2095  munmap(0x7f904fff8000, 16384 <unfinished ...>
2100  munmap(0x7f90617bc000, 16384 <unfinished ...>
2096  <... mmap resumed>)               = 0x7f905ac40000
2097  <... mmap resumed>)               = 0x7f9042eac000
2097  munmap(0x7f9044a68000, 16384 <unfinished ...>
2095  <... munmap resumed>)             = 0
2100  <... munmap resumed>)             = 0
2096  munmap(0x7f904a158000, 16384 <unfinished ...>
2097  <... munmap resumed>)             = 0
2100  mmap(0x7f90617bc000, 16384, PROT_READ|PROT_WRITE, MAP_PRIVATE|MAP_FIXED|MAP_ANONYMOUS|MAP_NORESERVE, -1, 0 <unfinished ...>
2095  mmap(0x7f904fff8000, 16384, PROT_READ|PROT_WRITE, MAP_PRIVATE|MAP_FIXED|MAP_ANONYMOUS|MAP_NORESERVE, -1, 0 <unfinished ...>
2100  <... mmap resumed>)               = 0x7f90617bc000
2097  mmap(0x7f9044a68000, 16384, PROT_READ|PROT_WRITE, MAP_PRIVATE|MAP_FIXED|MAP_ANONYMOUS|MAP_NORESERVE, -1, 0 <unfinished ...>
2096  <... munmap resumed>)             = 0
2100  munmap(0x7f903a81c000, 16384 <unfinished ...>
2096  mmap(0x7f904a158000, 16384, PROT_READ|PROT_WRITE, MAP_PRIVATE|MAP_FIXED|MAP_ANONYMOUS|MAP_NORESERVE, -1, 0 <unfinished ...>
2100  <... munmap resumed>)             = 0
2100  mmap(0x7f903a81c000, 16384, PROT_READ|PROT_WRITE, MAP_PRIVATE|MAP_FIXED|MAP_ANONYMOUS|MAP_NORESERVE, -1, 0 <unfinished ...>
2097  <... mmap resumed>)               = 0x7f9044a68000
2100  <... mmap resumed>)               = 0x7f903a81c000
2095  <... mmap resumed>)               = 0x7f904fff8000
2097  munmap(0x7f9058088000, 16384 <unfinished ...>
2100  munmap(0x7f90403d4000, 16384 <unfinished ...>
2096  <... mmap resumed>)               = 0x7f904a158000
2095  munmap(0x7f9054838000, 16384 <unfinished ...>
2100  <... munmap resumed>)             = 0
2097  <... munmap resumed>)             = 0
2100  mmap(0x7f90403d4000, 16384, PROT_READ|PROT_WRITE, MAP_PRIVATE|MAP_FIXED|MAP_ANONYMOUS|MAP_NORESERVE, -1, 0 <unfinished ...>
2096  munmap(0x7f903b8c0000, 16384 <unfinished ...>
2095  <... munmap resumed>)             = 0
2100  <... mmap resumed>)               = 0x7f90403d4000
2097  mmap(0x7f9058088000, 16384, PROT_READ|PROT_WRITE, MAP_PRIVATE|MAP_FIXED|MAP_ANONYMOUS|MAP_NORESERVE, -1, 0 <unfinished ...>
2100  munmap(0x7f905c4f0000, 16384 <unfinished ...>
2096  <... munmap resumed>)             = 0
2095  mmap(0x7f9054838000, 16384, PROT_READ|PROT_WRITE, MAP_PRIVATE|MAP_FIXED|MAP_ANONYMOUS|MAP_NORESERVE, -1, 0 <unfinished ...>
2096  mmap(0x7f903b8c0000, 16384, PROT_READ|PROT_WRITE, MAP_PRIVATE|MAP_FIXED|MAP_ANONYMOUS|MAP_NORESERVE, -1, 0 <unfinished ...>
2100  <... munmap resumed>)             = 0
2097  <... mmap resumed>)               = 0x7f9058088000
2095  <... mmap resumed>)               = 0x7f9054838000
2100  mmap(0x7f905c4f0000, 16384, PROT_READ|PROT_WRITE, MAP_PRIVATE|MAP_FIXED|MAP_ANONYMOUS|MAP_NORESERVE, -1, 0 <unfinished ...>
2097  munmap(0x7f903ce10000, 16384 <unfinished ...>
2096  <... mmap resumed>)               = 0x7f903b8c0000
2095  munmap(0x7f903c8ac000, 16384 <unfinished ...>
2100  <... mmap resumed>)               = 0x7f905c4f0000
2097  <... munmap resumed>)             = 0
2096  munmap(0x7f9041d9c000, 16384 <unfinished ...>
2100  munmap(0x7f9059f2c000, 16384 <unfinished ...>
2097  mmap(0x7f903ce10000, 16384, PROT_READ|PROT_WRITE, MAP_PRIVATE|MAP_FIXED|MAP_ANONYMOUS|MAP_NORESERVE, -1, 0 <unfinished ...>
2100  <... munmap resumed>)             = 0
2095  <... munmap resumed>)             = 0
2096  <... munmap resumed>)             = 0
2100  mmap(0x7f9059f2c000, 16384, PROT_READ|PROT_WRITE, MAP_PRIVATE|MAP_FIXED|MAP_ANONYMOUS|MAP_NORESERVE, -1, 0 <unfinished ...>
2095  mmap(0x7f903c8ac000, 16384, PROT_READ|PROT_WRITE, MAP_PRIVATE|MAP_FIXED|MAP_ANONYMOUS|MAP_NORESERVE, -1, 0 <unfinished ...>
2100  <... mmap resumed>)               = 0x7f9059f2c000
2096  mmap(0x7f9041d9c000, 16384, PROT_READ|PROT_WRITE, MAP_PRIVATE|MAP_FIXED|MAP_ANONYMOUS|MAP_NORESERVE, -1, 0 <unfinished ...>
2097  <... mmap resumed>)               = 0x7f903ce10000
2095  <... mmap resumed>)               = 0x7f903c8ac000
2100  munmap(0x7f90427b8000, 16384 <unfinished ...>
2096  <... mmap resumed>)               = 0x7f9041d9c000
2100  <... munmap resumed>)             = 0
2096  munmap(0x7f904ab24000, 16384 <unfinished ...>
2097  munmap(0x7f904b3b0000, 16384 <unfinished ...>
2100  mmap(0x7f90427b8000, 16384, PROT_READ|PROT_WRITE, MAP_PRIVATE|MAP_FIXED|MAP_ANONYMOUS|MAP_NORESERVE, -1, 0) = 0x7f90427b8000
2096  <... munmap resumed>)             = 0
2095  munmap(0x7f904542c000, 16384 <unfinished ...>
2096  mmap(0x7f904ab24000, 16384, PROT_READ|PROT_WRITE, MAP_PRIVATE|MAP_FIXED|MAP_ANONYMOUS|MAP_NORESERVE, -1, 0 <unfinished ...>
2100  munmap(0x7f90503a8000, 16384 <unfinished ...>
2097  <... munmap resumed>)             = 0
2100  <... munmap resumed>)             = 0
2095  <... munmap resumed>)             = 0
2100  mmap(0x7f90503a8000, 16384, PROT_READ|PROT_WRITE, MAP_PRIVATE|MAP_FIXED|MAP_ANONYMOUS|MAP_NORESERVE, -1, 0 <unfinished ...>
2097  mmap(0x7f904b3b0000, 16384, PROT_READ|PROT_WRITE, MAP_PRIVATE|MAP_FIXED|MAP_ANONYMOUS|MAP_NORESERVE, -1, 0 <unfinished ...>
2096  <... mmap resumed>)               = 0x7f904ab24000
2095  mmap(0x7f904542c000, 16384, PROT_READ|PROT_WRITE, MAP_PRIVATE|MAP_FIXED|MAP_ANONYMOUS|MAP_NORESERVE, -1, 0 <unfinished ...>
2100  <... mmap resumed>)               = 0x7f90503a8000
2097  <... mmap resumed>)               = 0x7f904b3b0000
2097  munmap(0x7f9052ac8000, 16384 <unfinished ...>
2096  munmap(0x7f903f75c000, 16384 <unfinished ...>
2100  munmap(0x7f905bf28000, 16384 <unfinished ...>
2097  <... munmap resumed>)             = 0
2095  <... mmap resumed>)               = 0x7f904542c000
2100  <... munmap resumed>)             = 0
2096  <... munmap resumed>)             = 0
2100  mmap(0x7f905bf28000, 16384, PROT_READ|PROT_WRITE, MAP_PRIVATE|MAP_FIXED|MAP_ANONYMOUS|MAP_NORESERVE, -1, 0 <unfinished ...>
2097  mmap(0x7f9052ac8000, 16384, PROT_READ|PROT_WRITE, MAP_PRIVATE|MAP_FIXED|MAP_ANONYMOUS|MAP_NORESERVE, -1, 0 <unfinished ...>
2095  munmap(0x7f9050b78000, 16384 <unfinished ...>
2100  <... mmap resumed>)               = 0x7f905bf28000
2096  mmap(0x7f903f75c000, 16384, PROT_READ|PROT_WRITE, MAP_PRIVATE|MAP_FIXED|MAP_ANONYMOUS|MAP_NORESERVE, -1, 0 <unfinished ...>
2100  munmap(0x7f904eb40000, 16384 <unfinished ...>
2096  <... mmap resumed>)               = 0x7f903f75c000
2096  munmap(0x7f9049488000, 16384 <unfinished ...>
2100  <... munmap resumed>)             = 0
2097  <... mmap resumed>)               = 0x7f9052ac8000
2096  <... munmap resumed>)             = 0
2100  mmap(0x7f904eb40000, 16384, PROT_READ|PROT_WRITE, MAP_PRIVATE|MAP_FIXED|MAP_ANONYMOUS|MAP_NORESERVE, -1, 0 <unfinished ...>
2095  <... munmap resumed>)             = 0
2097  munmap(0x7f9064d5c000, 16384 <unfinished ...>
2096  mmap(0x7f9049488000, 16384, PROT_READ|PROT_WRITE, MAP_PRIVATE|MAP_FIXED|MAP_ANONYMOUS|MAP_NORESERVE, -1, 0 <unfinished ...>
2100  <... mmap resumed>)               = 0x7f904eb40000
2095  mmap(0x7f9050b78000, 16384, PROT_READ|PROT_WRITE, MAP_PRIVATE|MAP_FIXED|MAP_ANONYMOUS|MAP_NORESERVE, -1, 0 <unfinished ...>
2097  <... munmap resumed>)             = 0
2100  munmap(0x7f9065b2c000, 16384 <unfinished ...>
2097  mmap(0x7f9064d5c000, 16384, PROT_READ|PROT_WRITE, MAP_PRIVATE|MAP_FIXED|MAP_ANONYMOUS|MAP_NORESERVE, -1, 0 <unfinished ...>
2100  <... munmap resumed>)             = 0
2096  <... mmap resumed>)               = 0x7f9049488000
2100  mmap(0x7f9065b2c000, 16384, PROT_READ|PROT_WRITE, MAP_PRIVATE|MAP_FIXED|MAP_ANONYMOUS|MAP_NORESERVE, -1, 0 <unfinished ...>
2097  <... mmap resumed>)               = 0x7f9064d5c000
2096  munmap(0x7f903f4c0000, 16384 <unfinished ...>
2095  <... mmap resumed>)               = 0x7f9050b78000
2100  <... mmap resumed>)               = 0x7f9065b2c000
2097  munmap(0x7f903b570000, 16384 <unfinished ...>
2100  munmap(0x7f9052238000, 16384 <unfinished ...>
2097  <... munmap resumed>)             = 0
2095  munmap(0x7f90472a8000, 16384 <unfinished ...>
2096  <... munmap resumed>)             = 0
2100  <... munmap resumed>)             = 0
2096  mmap(0x7f903f4c0000, 16384, PROT_READ|PROT_WRITE, MAP_PRIVATE|MAP_FIXED|MAP_ANONYMOUS|MAP_NORESERVE, -1, 0 <unfinished ...>
2100  mmap(0x7f9052238000, 16384, PROT_READ|PROT_WRITE, MAP_PRIVATE|MAP_FIXED|MAP_ANONYMOUS|MAP_NORESERVE, -1, 0 <unfinished ...>
2097  mmap(0x7f903b570000, 16384, PROT_READ|PROT_WRITE, MAP_PRIVATE|MAP_FIXED|MAP_ANONYMOUS|MAP_NORESERVE, -1, 0 <unfinished ...>
2095  <... munmap resumed>)             = 0
2096  <... mmap resumed>)               = 0x7f903f4c0000
2100  <... mmap resumed>)               = 0x7f9052238000
2097  <... mmap resumed>)               = 0x7f903b570000
2096  munmap(0x7f90618e8000, 16384 <unfinished ...>
2095  mmap(0x7f90472a8000, 16384, PROT_READ|PROT_WRITE, MAP_PRIVATE|MAP_FIXED|MAP_ANONYMOUS|MAP_NORESERVE, -1, 0 <unfinished ...>
2100  munmap(0x7f9057630000, 16384 <unfinished ...>
2097  munmap(0x7f905fe54000, 16384 <unfinished ...>
2100  <... munmap resumed>)             = 0
2096  <... munmap resumed>)             = 0
2095  <... mmap resumed>)               = 0x7f90472a8000
2097  <... munmap resumed>)             = 0
2100  mmap(0x7f9057630000, 16384, PROT_READ|PROT_WRITE, MAP_PRIVATE|MAP_FIXED|MAP_ANONYMOUS|MAP_NORESERVE, -1, 0 <unfinished ...>
2095  munmap(0x7f9052bd0000, 16384 <unfinished ...>
2100  <... mmap resumed>)               = 0x7f9057630000
2095  <... munmap resumed>)             = 0
2100  munmap(0x7f9045ec8000, 16384 <unfinished ...>
2097  mmap(0x7f905fe54000, 16384, PROT_READ|PROT_WRITE, MAP_PRIVATE|MAP_FIXED|MAP_ANONYMOUS|MAP_NORESERVE, -1, 0 <unfinished ...>
2095  mmap(0x7f9052bd0000, 16384, PROT_READ|PROT_WRITE, MAP_PRIVATE|MAP_FIXED|MAP_ANONYMOUS|MAP_NORESERVE, -1, 0 <unfinished ...>
2100  <... munmap resumed>)             = 0
2096  mmap(0x7f90618e8000, 16384, PROT_READ|PROT_WRITE, MAP_PRIVATE|MAP_FIXED|MAP_ANONYMOUS|MAP_NORESERVE, -1, 0 <unfinished ...>
2100  mmap(0x7f9045ec8000, 16384, PROT_READ|PROT_WRITE, MAP_PRIVATE|MAP_FIXED|MAP_ANONYMOUS|MAP_NORESERVE, -1, 0 <unfinished ...>
2097  <... mmap resumed>)               = 0x7f905fe54000
2095  <... mmap resumed>)               = 0x7f9052bd0000
2100  <... mmap resumed>)               = 0x7f9045ec8000
2096  <... mmap resumed>)               = 0x7f90618e8000
2097  munmap(0x7f9066424000, 16384 <unfinished ...>
2100  munmap(0x7f90610e8000, 16384 <unfinished ...>
2096  munmap(0x7f9055dec000, 16384 <unfinished ...>
2097  <... munmap resumed>)             = 0
2100  <... munmap resumed>)             = 0
2100  mmap(0x7f90610e8000, 16384, PROT_READ|PROT_WRITE, MAP_PRIVATE|MAP_FIXED|MAP_ANONYMOUS|MAP_NORESERVE, -1, 0 <unfinished ...>
2097  mmap(0x7f9066424000, 16384, PROT_READ|PROT_WRITE, MAP_PRIVATE|MAP_FIXED|MAP_ANONYMOUS|MAP_NORESERVE, -1, 0 <unfinished ...>
2100  <... mmap resumed>)               = 0x7f90610e8000
2096  <... munmap resumed>)             = 0
2095  munmap(0x7f904c83c000, 16384 <unfinished ...>
2100  munmap(0x7f905c474000, 16384 <unfinished ...>
2096  mmap(0x7f9055dec000, 16384, PROT_READ|PROT_WRITE, MAP_PRIVATE|MAP_FIXED|MAP_ANONYMOUS|MAP_NORESERVE, -1, 0 <unfinished ...>
2100  <... munmap resumed>)             = 0
2100  mmap(0x7f905c474000, 16384, PROT_READ|PROT_WRITE, MAP_PRIVATE|MAP_FIXED|MAP_ANONYMOUS|MAP_NORESERVE, -1, 0 <unfinished ...>
2097  <... mmap resumed>)               = 0x7f9066424000
2096  <... mmap resumed>)               = 0x7f9055dec000
2095  <... munmap resumed>)             = 0
2100  <... mmap resumed>)               = 0x7f905c474000
2097  munmap(0x7f903e740000, 16384 <unfinished ...>
2096  munmap(0x7f9062098000, 16384 <unfinished ...>
2095  mmap(0x7f904c83c000, 16384, PROT_READ|PROT_WRITE, MAP_PRIVATE|MAP_FIXED|MAP_ANONYMOUS|MAP_NORESERVE, -1, 0 <unfinished ...>
2100  munmap(0x7f90631a4000, 16384 <unfinished ...>
2097  <... munmap resumed>)             = 0
2096  <... munmap resumed>)             = 0
2100  <... munmap resumed>)             = 0
2096  mmap(0x7f9062098000, 16384, PROT_READ|PROT_WRITE, MAP_PRIVATE|MAP_FIXED|MAP_ANONYMOUS|MAP_NORESERVE, -1, 0 <unfinished ...>
2095  <... mmap resumed>)               = 0x7f904c83c000
2097  mmap(0x7f903e740000, 16384, PROT_READ|PROT_WRITE, MAP_PRIVATE|MAP_FIXED|MAP_ANONYMOUS|MAP_NORESERVE, -1, 0 <unfinished ...>
2100  mmap(0x7f90631a4000, 16384, PROT_READ|PROT_WRITE, MAP_PRIVATE|MAP_FIXED|MAP_ANONYMOUS|MAP_NORESERVE, -1, 0 <unfinished ...>
2096  <... mmap resumed>)               = 0x7f9062098000
2100  <... mmap resumed>)               = 0x7f90631a4000
2096  munmap(0x7f9055840000, 16384 <unfinished ...>
2095  munmap(0x7f903c684000, 16384 <unfinished ...>
2096  <... munmap resumed>)             = 0
2100  munmap(0x7f90519b8000, 16384 <unfinished ...>
2097  <... mmap resumed>)               = 0x7f903e740000
2096  mmap(0x7f9055840000, 16384, PROT_READ|PROT_WRITE, MAP_PRIVATE|MAP_FIXED|MAP_ANONYMOUS|MAP_NORESERVE, -1, 0 <unfinished ...>
2095  <... munmap resumed>)             = 0
2100  <... munmap resumed>)             = 0
2097  munmap(0x7f903b6dc000, 16384 <unfinished ...>
2096  <... mmap resumed>)               = 0x7f9055840000
2100  mmap(0x7f90519b8000, 16384, PROT_READ|PROT_WRITE, MAP_PRIVATE|MAP_FIXED|MAP_ANONYMOUS|MAP_NORESERVE, -1, 0 <unfinished ...>
2097  <... munmap resumed>)             = 0
2095  mmap(0x7f903c684000, 16384, PROT_READ|PROT_WRITE, MAP_PRIVATE|MAP_FIXED|MAP_ANONYMOUS|MAP_NORESERVE, -1, 0 <unfinished ...>
2100  <... mmap resumed>)               = 0x7f90519b8000
2095  <... mmap resumed>)               = 0x7f903c684000
2100  munmap(0x7f904c828000, 16384 <unfinished ...>
2097  mmap(0x7f903b6dc000, 16384, PROT_READ|PROT_WRITE, MAP_PRIVATE|MAP_FIXED|MAP_ANONYMOUS|MAP_NORESERVE, -1, 0 <unfinished ...>
2096  munmap(0x7f90401a8000, 16384 <unfinished ...>
2095  munmap(0x7f903beb0000, 16384 <unfinished ...>
2100  <... munmap resumed>)             = 0
2097  <... mmap resumed>)               = 0x7f903b6dc000
2100  mmap(0x7f904c828000, 16384, PROT_READ|PROT_WRITE, MAP_PRIVATE|MAP_FIXED|MAP_ANONYMOUS|MAP_NORESERVE, -1, 0 <unfinished ...>
2096  <... munmap resumed>)             = 0
2095  <... munmap resumed>)             = 0
2100  <... mmap resumed>)               = 0x7f904c828000
2096  mmap(0x7f90401a8000, 16384, PROT_READ|PROT_WRITE, MAP_PRIVATE|MAP_FIXED|MAP_ANONYMOUS|MAP_NORESERVE, -1, 0 <unfinished ...>
2100  munmap(0x7f903f5d8000, 16384 <unfinished ...>
2097  munmap(0x7f90471a4000, 16384 <unfinished ...>
2095  mmap(0x7f903beb0000, 16384, PROT_READ|PROT_WRITE, MAP_PRIVATE|MAP_FIXED|MAP_ANONYMOUS|MAP_NORESERVE, -1, 0 <unfinished ...>
2100  <... munmap resumed>)             = 0
2097  <... munmap resumed>)             = 0
2096  <... mmap resumed>)               = 0x7f90401a8000
2095  <... mmap resumed>)               = 0x7f903beb0000
2100  mmap(0x7f903f5d8000, 16384, PROT_READ|PROT_WRITE, MAP_PRIVATE|MAP_FIXED|MAP_ANONYMOUS|MAP_NORESERVE, -1, 0 <unfinished ...>
2097  mmap(0x7f90471a4000, 16384, PROT_READ|PROT_WRITE, MAP_PRIVATE|MAP_FIXED|MAP_ANONYMOUS|MAP_NORESERVE, -1, 0 <unfinished ...>
2096  munmap(0x7f9065a6c000, 16384 <unfinished ...>
2095  munmap(0x7f9061e74000, 16384 <unfinished ...>
2100  <... mmap resumed>)               = 0x7f903f5d8000
2097  <... mmap resumed>)               = 0x7f90471a4000
2096  <... munmap resumed>)             = 0
2095  <... munmap resumed>)             = 0
2100  munmap(0x7f9051ca0000, 16384)     = 0
2097  munmap(0x7f9039ce0000, 16384 <unfinished ...>
2095  mmap(0x7f9061e74000, 16384, PROT_READ|PROT_WRITE, MAP_PRIVATE|MAP_FIXED|MAP_ANONYMOUS|MAP_NORESERVE, -1, 0 <unfinished ...>
2100  mmap(0x7f9051ca0000, 16384, PROT_READ|PROT_WRITE, MAP_PRIVATE|MAP_FIXED|MAP_ANONYMOUS|MAP_NORESERVE, -1, 0 <unfinished ...>
2097  <... munmap resumed>)             = 0
2096  mmap(0x7f9065a6c000, 16384, PROT_READ|PROT_WRITE, MAP_PRIVATE|MAP_FIXED|MAP_ANONYMOUS|MAP_NORESERVE, -1, 0 <unfinished ...>
2095  <... mmap resumed>)               = 0x7f9061e74000
2100  <... mmap resumed>)               = 0x7f9051ca0000
2097  mmap(0x7f9039ce0000, 16384, PROT_READ|PROT_WRITE, MAP_PRIVATE|MAP_FIXED|MAP_ANONYMOUS|MAP_NORESERVE, -1, 0 <unfinished ...>
2095  munmap(0x7f903b064000, 16384 <unfinished ...>
2097  <... mmap resumed>)               = 0x7f9039ce0000
2096  <... mmap resumed>)               = 0x7f9065a6c000
2097  munmap(0x7f904a460000, 16384 <unfinished ...>
2096  munmap(0x7f90639dc000, 16384 <unfinished ...>
2100  munmap(0x7f9059390000, 16384 <unfinished ...>
2095  <... munmap resumed>)             = 0
2097  <... munmap resumed>)             = 0
2095  mmap(0x7f903b064000, 16384, PROT_READ|PROT_WRITE, MAP_PRIVATE|MAP_FIXED|MAP_ANONYMOUS|MAP_NORESERVE, -1, 0 <unfinished ...>
2100  <... munmap resumed>)             = 0
2100  mmap(0x7f9059390000, 16384, PROT_READ|PROT_WRITE, MAP_PRIVATE|MAP_FIXED|MAP_ANONYMOUS|MAP_NORESERVE, -1, 0 <unfinished ...>
2096  <... munmap resumed>)             = 0
2100  <... mmap resumed>)               = 0x7f9059390000
2096  mmap(0x7f90639dc000, 16384, PROT_READ|PROT_WRITE, MAP_PRIVATE|MAP_FIXED|MAP_ANONYMOUS|MAP_NORESERVE, -1, 0 <unfinished ...>
2095  <... mmap resumed>)               = 0x7f903b064000
2100  munmap(0x7f903b1a4000, 16384 <unfinished ...>
2097  mmap(0x7f904a460000, 16384, PROT_READ|PROT_WRITE, MAP_PRIVATE|MAP_FIXED|MAP_ANONYMOUS|MAP_NORESERVE, -1, 0 <unfinished ...>
2100  <... munmap resumed>)             = 0
2096  <... mmap resumed>)               = 0x7f90639dc000
2100  mmap(0x7f903b1a4000, 16384, PROT_READ|PROT_WRITE, MAP_PRIVATE|MAP_FIXED|MAP_ANONYMOUS|MAP_NORESERVE, -1, 0 <unfinished ...>
2097  <... mmap resumed>)               = 0x7f904a460000
2096  munmap(0x7f904533c000, 16384 <unfinished ...>
2095  munmap(0x7f9054028000, 16384 <unfinished ...>
2100  <... mmap resumed>)               = 0x7f903b1a4000
2097  munmap(0x7f903cbd4000, 16384 <unfinished ...>
2100  munmap(0x7f90426b4000, 16384 <unfinished ...>
2095  <... munmap resumed>)             = 0
2096  <... munmap resumed>)             = 0
2097  <... munmap resumed>)             = 0
2095  mmap(0x7f9054028000, 16384, PROT_READ|PROT_WRITE, MAP_PRIVATE|MAP_FIXED|MAP_ANONYMOUS|MAP_NORESERVE, -1, 0 <unfinished ...>
2100  <... munmap resumed>)             = 0
2097  mmap(0x7f903cbd4000, 16384, PROT_READ|PROT_WRITE, MAP_PRIVATE|MAP_FIXED|MAP_ANONYMOUS|MAP_NORESERVE, -1, 0 <unfinished ...>
2095  <... mmap resumed>)               = 0x7f9054028000
2100  mmap(0x7f90426b4000, 16384, PROT_READ|PROT_WRITE, MAP_PRIVATE|MAP_FIXED|MAP_ANONYMOUS|MAP_NORESERVE, -1, 0 <unfinished ...>
2096  mmap(0x7f904533c000, 16384, PROT_READ|PROT_WRITE, MAP_PRIVATE|MAP_FIXED|MAP_ANONYMOUS|MAP_NORESERVE, -1, 0 <unfinished ...>
2100  <... mmap resumed>)               = 0x7f90426b4000
2097  <... mmap resumed>)               = 0x7f903cbd4000
2096  <... mmap resumed>)               = 0x7f904533c000
2095  munmap(0x7f905cdd0000, 16384 <unfinished ...>
2100  munmap(0x7f9049f8c000, 16384 <unfinished ...>
2097  munmap(0x7f905c2b8000, 16384 <unfinished ...>
2096  munmap(0x7f9052510000, 16384 <unfinished ...>
2095  <... munmap resumed>)             = 0
2096  <... munmap resumed>)             = 0
2096  mmap(0x7f9052510000, 16384, PROT_READ|PROT_WRITE, MAP_PRIVATE|MAP_FIXED|MAP_ANONYMOUS|MAP_NORESERVE, -1, 0 <unfinished ...>
2095  mmap(0x7f905cdd0000, 16384, PROT_READ|PROT_WRITE, MAP_PRIVATE|MAP_FIXED|MAP_ANONYMOUS|MAP_NORESERVE, -1, 0 <unfinished ...>
2100  <... munmap resumed>)             = 0
2095  <... mmap resumed>)               = 0x7f905cdd0000
2100  mmap(0x7f9049f8c000, 16384, PROT_READ|PROT_WRITE, MAP_PRIVATE|MAP_FIXED|MAP_ANONYMOUS|MAP_NORESERVE, -1, 0 <unfinished ...>
2097  <... munmap resumed>)             = 0
2096  <... mmap resumed>)               = 0x7f9052510000
2097  mmap(0x7f905c2b8000, 16384, PROT_READ|PROT_WRITE, MAP_PRIVATE|MAP_FIXED|MAP_ANONYMOUS|MAP_NORESERVE, -1, 0) = 0x7f905c2b8000
2097  munmap(0x7f904dc84000, 16384 <unfinished ...>
2096  munmap(0x7f904a6b4000, 16384 <unfinished ...>
2095  munmap(0x7f905f7b0000, 16384 <unfinished ...>
2100  <... mmap resumed>)               = 0x7f9049f8c000
2097  <... munmap resumed>)             = 0
2095  <... munmap resumed>)             = 0
2100  munmap(0x7f904cb00000, 16384 <unfinished ...>
2097  mmap(0x7f904dc84000, 16384, PROT_READ|PROT_WRITE, MAP_PRIVATE|MAP_FIXED|MAP_ANONYMOUS|MAP_NORESERVE, -1, 0 <unfinished ...>
2096  <... munmap resumed>)             = 0
2095  mmap(0x7f905f7b0000, 16384, PROT_READ|PROT_WRITE, MAP_PRIVATE|MAP_FIXED|MAP_ANONYMOUS|MAP_NORESERVE, -1, 0 <unfinished ...>
2100  <... munmap resumed>)             = 0
2097  <... mmap resumed>)               = 0x7f904dc84000
2096  mmap(0x7f904a6b4000, 16384, PROT_READ|PROT_WRITE, MAP_PRIVATE|MAP_FIXED|MAP_ANONYMOUS|MAP_NORESERVE, -1, 0 <unfinished ...>
2095  <... mmap resumed>)               = 0x7f905f7b0000
2097  munmap(0x7f90574fc000, 16384 <unfinished ...>
2100  mmap(0x7f904cb00000, 16384, PROT_READ|PROT_WRITE, MAP_PRIVATE|MAP_FIXED|MAP_ANONYMOUS|MAP_NORESERVE, -1, 0 <unfinished ...>
2095  munmap(0x7f9047d00000, 16384 <unfinished ...>
2100  <... mmap resumed>)               = 0x7f904cb00000
2097  <... munmap resumed>)             = 0
2100  munmap(0x7f9052a40000, 16384 <unfinished ...>
2096  <... mmap resumed>)               = 0x7f904a6b4000
2097  mmap(0x7f90574fc000, 16384, PROT_READ|PROT_WRITE, MAP_PRIVATE|MAP_FIXED|MAP_ANONYMOUS|MAP_NORESERVE, -1, 0) = 0x7f90574fc000
2100  <... munmap resumed>)             = 0
2097  munmap(0x7f904896c000, 16384 <unfinished ...>
2096  munmap(0x7f904d114000, 16384 <unfinished ...>
2100  mmap(0x7f9052a40000, 16384, PROT_READ|PROT_WRITE, MAP_PRIVATE|MAP_FIXED|MAP_ANONYMOUS|MAP_NORESERVE, -1, 0 <unfinished ...>
2097  <... munmap resumed>)             = 0
2097  mmap(0x7f904896c000, 16384, PROT_READ|PROT_WRITE, MAP_PRIVATE|MAP_FIXED|MAP_ANONYMOUS|MAP_NORESERVE, -1, 0 <unfinished ...>
2100  <... mmap resumed>)               = 0x7f9052a40000
2095  <... munmap resumed>)             = 0
2100  munmap(0x7f90657d8000, 16384 <unfinished ...>
2097  <... mmap resumed>)               = 0x7f904896c000
2096  <... munmap resumed>)             = 0
2095  mmap(0x7f9047d00000, 16384, PROT_READ|PROT_WRITE, MAP_PRIVATE|MAP_FIXED|MAP_ANONYMOUS|MAP_NORESERVE, -1, 0 <unfinished ...>
2097  munmap(0x7f9055640000, 16384 <unfinished ...>
2096  mmap(0x7f904d114000, 16384, PROT_READ|PROT_WRITE, MAP_PRIVATE|MAP_FIXED|MAP_ANONYMOUS|MAP_NORESERVE, -1, 0 <unfinished ...>
2095  <... mmap resumed>)               = 0x7f9047d00000
2097  <... munmap resumed>)             = 0
2096  <... mmap resumed>)               = 0x7f904d114000
2095  munmap(0x7f904c354000, 16384 <unfinished ...>
2097  mmap(0x7f9055640000, 16384, PROT_READ|PROT_WRITE, MAP_PRIVATE|MAP_FIXED|MAP_ANONYMOUS|MAP_NORESERVE, -1, 0 <unfinished ...>
2096  munmap(0x7f905ef5c000, 16384 <unfinished ...>
2100  <... munmap resumed>)             = 0
2100  mmap(0x7f90657d8000, 16384, PROT_READ|PROT_WRITE, MAP_PRIVATE|MAP_FIXED|MAP_ANONYMOUS|MAP_NORESERVE, -1, 0 <unfinished ...>
2095  <... munmap resumed>)             = 0
2097  <... mmap resumed>)               = 0x7f9055640000
2096  <... munmap resumed>)             = 0
2100  <... mmap resumed>)               = 0x7f90657d8000
2097  munmap(0x7f90418c4000, 16384 <unfinished ...>
2096  mmap(0x7f905ef5c000, 16384, PROT_READ|PROT_WRITE, MAP_PRIVATE|MAP_FIXED|MAP_ANONYMOUS|MAP_NORESERVE, -1, 0 <unfinished ...>
2095  mmap(0x7f904c354000, 16384, PROT_READ|PROT_WRITE, MAP_PRIVATE|MAP_FIXED|MAP_ANONYMOUS|MAP_NORESERVE, -1, 0 <unfinished ...>
2100  munmap(0x7f9057ec4000, 16384 <unfinished ...>
2097  <... munmap resumed>)             = 0
2096  <... mmap resumed>)               = 0x7f905ef5c000
2095  <... mmap resumed>)               = 0x7f904c354000
2100  <... munmap resumed>)             = 0
2097  mmap(0x7f90418c4000, 16384, PROT_READ|PROT_WRITE, MAP_PRIVATE|MAP_FIXED|MAP_ANONYMOUS|MAP_NORESERVE, -1, 0 <unfinished ...>
2096  munmap(0x7f905aa14000, 16384 <unfinished ...>
2100  mmap(0x7f9057ec4000, 16384, PROT_READ|PROT_WRITE, MAP_PRIVATE|MAP_FIXED|MAP_ANONYMOUS|MAP_NORESERVE, -1, 0 <unfinished ...>
2095  munmap(0x7f9052b78000, 16384 <unfinished ...>
2097  <... mmap resumed>)               = 0x7f90418c4000
2096  <... munmap resumed>)             = 0
2100  <... mmap resumed>)               = 0x7f9057ec4000
2095  <... munmap resumed>)             = 0
2097  munmap(0x7f904277c000, 16384 <unfinished ...>
2100  munmap(0x7f90411d4000, 16384 <unfinished ...>
2096  mmap(0x7f905aa14000, 16384, PROT_READ|PROT_WRITE, MAP_PRIVATE|MAP_FIXED|MAP_ANONYMOUS|MAP_NORESERVE, -1, 0 <unfinished ...>
2095  mmap(0x7f9052b78000, 16384, PROT_READ|PROT_WRITE, MAP_PRIVATE|MAP_FIXED|MAP_ANONYMOUS|MAP_NORESERVE, -1, 0 <unfinished ...>
2100  <... munmap resumed>)             = 0
2097  <... munmap resumed>)             = 0
2100  mmap(0x7f90411d4000, 16384, PROT_READ|PROT_WRITE, MAP_PRIVATE|MAP_FIXED|MAP_ANONYMOUS|MAP_NORESERVE, -1, 0 <unfinished ...>
2096  <... mmap resumed>)               = 0x7f905aa14000
2097  mmap(0x7f904277c000, 16384, PROT_READ|PROT_WRITE, MAP_PRIVATE|MAP_FIXED|MAP_ANONYMOUS|MAP_NORESERVE, -1, 0 <unfinished ...>
2095  <... mmap resumed>)               = 0x7f9052b78000
2096  munmap(0x7f90489b8000, 16384 <unfinished ...>
2097  <... mmap resumed>)               = 0x7f904277c000
2097  munmap(0x7f9043478000, 16384 <unfinished ...>
2096  <... munmap resumed>)             = 0
2100  <... mmap resumed>)               = 0x7f90411d4000
2100  munmap(0x7f9065288000, 16384 <unfinished ...>
2095  munmap(0x7f9052fb8000, 16384 <unfinished ...>
2096  mmap(0x7f90489b8000, 16384, PROT_READ|PROT_WRITE, MAP_PRIVATE|MAP_FIXED|MAP_ANONYMOUS|MAP_NORESERVE, -1, 0 <unfinished ...>
2097  <... munmap resumed>)             = 0
2100  <... munmap resumed>)             = 0
2097  mmap(0x7f9043478000, 16384, PROT_READ|PROT_WRITE, MAP_PRIVATE|MAP_FIXED|MAP_ANONYMOUS|MAP_NORESERVE, -1, 0 <unfinished ...>
2096  <... mmap resumed>)               = 0x7f90489b8000
2100  mmap(0x7f9065288000, 16384, PROT_READ|PROT_WRITE, MAP_PRIVATE|MAP_FIXED|MAP_ANONYMOUS|MAP_NORESERVE, -1, 0 <unfinished ...>
2095  <... munmap resumed>)             = 0
2100  <... mmap resumed>)               = 0x7f9065288000
2097  <... mmap resumed>)               = 0x7f9043478000
2096  munmap(0x7f9045e44000, 16384 <unfinished ...>
2095  mmap(0x7f9052fb8000, 16384, PROT_READ|PROT_WRITE, MAP_PRIVATE|MAP_FIXED|MAP_ANONYMOUS|MAP_NORESERVE, -1, 0 <unfinished ...>
2100  munmap(0x7f904bcf4000, 16384 <unfinished ...>
2097  munmap(0x7f9049998000, 16384 <unfinished ...>
2096  <... munmap resumed>)             = 0
2095  <... mmap resumed>)               = 0x7f9052fb8000
2096  mmap(0x7f9045e44000, 16384, PROT_READ|PROT_WRITE, MAP_PRIVATE|MAP_FIXED|MAP_ANONYMOUS|MAP_NORESERVE, -1, 0 <unfinished ...>
2097  <... munmap resumed>)             = 0
2096  <... mmap resumed>)               = 0x7f9045e44000
2095  munmap(0x7f905e86c000, 16384 <unfinished ...>
2100  <... munmap resumed>)             = 0
2097  mmap(0x7f9049998000, 16384, PROT_READ|PROT_WRITE, MAP_PRIVATE|MAP_FIXED|MAP_ANONYMOUS|MAP_NORESERVE, -1, 0 <unfinished ...>
2096  munmap(0x7f903d668000, 16384 <unfinished ...>
2095  <... munmap resumed>)             = 0
2095  mmap(0x7f905e86c000, 16384, PROT_READ|PROT_WRITE, MAP_PRIVATE|MAP_FIXED|MAP_ANONYMOUS|MAP_NORESERVE, -1, 0 <unfinished ...>
2100  mmap(0x7f904bcf4000, 16384, PROT_READ|PROT_WRITE, MAP_PRIVATE|MAP_FIXED|MAP_ANONYMOUS|MAP_NORESERVE, -1, 0 <unfinished ...>
2097  <... mmap resumed>)               = 0x7f9049998000
2096  <... munmap resumed>)             = 0
2095  <... mmap resumed>)               = 0x7f905e86c000
2100  <... mmap resumed>)               = 0x7f904bcf4000
2100  munmap(0x7f9063ce8000, 16384 <unfinished ...>
2097  munmap(0x7f904f0dc000, 16384 <unfinished ...>
2096  mmap(0x7f903d668000, 16384, PROT_READ|PROT_WRITE, MAP_PRIVATE|MAP_FIXED|MAP_ANONYMOUS|MAP_NORESERVE, -1, 0 <unfinished ...>
2095  munmap(0x7f903c41c000, 16384 <unfinished ...>
2100  <... munmap resumed>)             = 0
2097  <... munmap resumed>)             = 0
2096  <... mmap resumed>)               = 0x7f903d668000
2095  <... munmap resumed>)             = 0
2097  mmap(0x7f904f0dc000, 16384, PROT_READ|PROT_WRITE, MAP_PRIVATE|MAP_FIXED|MAP_ANONYMOUS|MAP_NORESERVE, -1, 0 <unfinished ...>
2096  munmap(0x7f90550c0000, 16384 <unfinished ...>
2097  <... mmap resumed>)               = 0x7f904f0dc000
2100  mmap(0x7f9063ce8000, 16384, PROT_READ|PROT_WRITE, MAP_PRIVATE|MAP_FIXED|MAP_ANONYMOUS|MAP_NORESERVE, -1, 0 <unfinished ...>
2095  mmap(0x7f903c41c000, 16384, PROT_READ|PROT_WRITE, MAP_PRIVATE|MAP_FIXED|MAP_ANONYMOUS|MAP_NORESERVE, -1, 0 <unfinished ...>
2097  munmap(0x7f903b290000, 16384 <unfinished ...>
2096  <... munmap resumed>)             = 0
2097  <... munmap resumed>)             = 0
2096  mmap(0x7f90550c0000, 16384, PROT_READ|PROT_WRITE, MAP_PRIVATE|MAP_FIXED|MAP_ANONYMOUS|MAP_NORESERVE, -1, 0 <unfinished ...>
2100  <... mmap resumed>)               = 0x7f9063ce8000
2096  <... mmap resumed>)               = 0x7f90550c0000
2095  <... mmap resumed>)               = 0x7f903c41c000
2100  munmap(0x7f9050dd0000, 16384 <unfinished ...>
2097  mmap(0x7f903b290000, 16384, PROT_READ|PROT_WRITE, MAP_PRIVATE|MAP_FIXED|MAP_ANONYMOUS|MAP_NORESERVE, -1, 0 <unfinished ...>
2096  munmap(0x7f904d2bc000, 16384 <unfinished ...>
2095  munmap(0x7f905211c000, 16384 <unfinished ...>
2100  <... munmap resumed>)             = 0
2096  <... munmap resumed>)             = 0
2095  <... munmap resumed>)             = 0
2096  mmap(0x7f904d2bc000, 16384, PROT_READ|PROT_WRITE, MAP_PRIVATE|MAP_FIXED|MAP_ANONYMOUS|MAP_NORESERVE, -1, 0 <unfinished ...>
2100  mmap(0x7f9050dd0000, 16384, PROT_READ|PROT_WRITE, MAP_PRIVATE|MAP_FIXED|MAP_ANONYMOUS|MAP_NORESERVE, -1, 0 <unfinished ...>
2096  <... mmap resumed>)               = 0x7f904d2bc000
2096  munmap(0x7f9042adc000, 16384 <unfinished ...>
2095  mmap(0x7f905211c000, 16384, PROT_READ|PROT_WRITE, MAP_PRIVATE|MAP_FIXED|MAP_ANONYMOUS|MAP_NORESERVE, -1, 0 <unfinished ...>
2096  <... munmap resumed>)             = 0
2096  mmap(0x7f9042adc000, 16384, PROT_READ|PROT_WRITE, MAP_PRIVATE|MAP_FIXED|MAP_ANONYMOUS|MAP_NORESERVE, -1, 0 <unfinished ...>
2097  <... mmap resumed>)               = 0x7f903b290000
2096  <... mmap resumed>)               = 0x7f9042adc000
2096  munmap(0x7f905bd54000, 16384)     = 0
2100  <... mmap resumed>)               = 0x7f9050dd0000
2097  munmap(0x7f9041770000, 16384 <unfinished ...>
2096  mmap(0x7f905bd54000, 16384, PROT_READ|PROT_WRITE, MAP_PRIVATE|MAP_FIXED|MAP_ANONYMOUS|MAP_NORESERVE, -1, 0 <unfinished ...>
2097  <... munmap resumed>)             = 0
2100  munmap(0x7f904dd84000, 16384 <unfinished ...>
2097  mmap(0x7f9041770000, 16384, PROT_READ|PROT_WRITE, MAP_PRIVATE|MAP_FIXED|MAP_ANONYMOUS|MAP_NORESERVE, -1, 0 <unfinished ...>
2096  <... mmap resumed>)               = 0x7f905bd54000
2095  <... mmap resumed>)               = 0x7f905211c000
2100  <... munmap resumed>)             = 0
2097  <... mmap resumed>)               = 0x7f9041770000
2096  munmap(0x7f9043b2c000, 16384 <unfinished ...>
2097  munmap(0x7f9063498000, 16384 <unfinished ...>
2100  mmap(0x7f904dd84000, 16384, PROT_READ|PROT_WRITE, MAP_PRIVATE|MAP_FIXED|MAP_ANONYMOUS|MAP_NORESERVE, -1, 0 <unfinished ...>
2095  munmap(0x7f9055fdc000, 16384 <unfinished ...>
2097  <... munmap resumed>)             = 0
2096  <... munmap resumed>)             = 0
2100  <... mmap resumed>)               = 0x7f904dd84000
2095  <... munmap resumed>)             = 0
2100  munmap(0x7f904fe70000, 16384 <unfinished ...>
2096  mmap(0x7f9043b2c000, 16384, PROT_READ|PROT_WRITE, MAP_PRIVATE|MAP_FIXED|MAP_ANONYMOUS|MAP_NORESERVE, -1, 0 <unfinished ...>
2095  mmap(0x7f9055fdc000, 16384, PROT_READ|PROT_WRITE, MAP_PRIVATE|MAP_FIXED|MAP_ANONYMOUS|MAP_NORESERVE, -1, 0 <unfinished ...>
2100  <... munmap resumed>)             = 0
2097  mmap(0x7f9063498000, 16384, PROT_READ|PROT_WRITE, MAP_PRIVATE|MAP_FIXED|MAP_ANONYMOUS|MAP_NORESERVE, -1, 0 <unfinished ...>
2096  <... mmap resumed>)               = 0x7f9043b2c000
2100  mmap(0x7f904fe70000, 16384, PROT_READ|PROT_WRITE, MAP_PRIVATE|MAP_FIXED|MAP_ANONYMOUS|MAP_NORESERVE, -1, 0 <unfinished ...>
2095  <... mmap resumed>)               = 0x7f9055fdc000
2096  munmap(0x7f905db50000, 16384)     = 0
2097  <... mmap resumed>)               = 0x7f9063498000
2096  mmap(0x7f905db50000, 16384, PROT_READ|PROT_WRITE, MAP_PRIVATE|MAP_FIXED|MAP_ANONYMOUS|MAP_NORESERVE, -1, 0 <unfinished ...>
2100  <... mmap resumed>)               = 0x7f904fe70000
2097  munmap(0x7f90576b8000, 16384 <unfinished ...>
2096  <... mmap resumed>)               = 0x7f905db50000
2095  munmap(0x7f905425c000, 16384 <unfinished ...>
2100  munmap(0x7f905e9cc000, 16384 <unfinished ...>
2097  <... munmap resumed>)             = 0
2096  munmap(0x7f90474f4000, 16384 <unfinished ...>
2100  <... munmap resumed>)             = 0
2097  mmap(0x7f90576b8000, 16384, PROT_READ|PROT_WRITE, MAP_PRIVATE|MAP_FIXED|MAP_ANONYMOUS|MAP_NORESERVE, -1, 0 <unfinished ...>
2095  <... munmap resumed>)             = 0
2100  mmap(0x7f905e9cc000, 16384, PROT_READ|PROT_WRITE, MAP_PRIVATE|MAP_FIXED|MAP_ANONYMOUS|MAP_NORESERVE, -1, 0 <unfinished ...>
2096  <... munmap resumed>)             = 0
2095  mmap(0x7f905425c000, 16384, PROT_READ|PROT_WRITE, MAP_PRIVATE|MAP_FIXED|MAP_ANONYMOUS|MAP_NORESERVE, -1, 0 <unfinished ...>
2100  <... mmap resumed>)               = 0x7f905e9cc000
2097  <... mmap resumed>)               = 0x7f90576b8000
2096  mmap(0x7f90474f4000, 16384, PROT_READ|PROT_WRITE, MAP_PRIVATE|MAP_FIXED|MAP_ANONYMOUS|MAP_NORESERVE, -1, 0 <unfinished ...>
2095  <... mmap resumed>)               = 0x7f905425c000
2100  munmap(0x7f9043b88000, 16384 <unfinished ...>
2097  munmap(0x7f903a0e0000, 16384 <unfinished ...>
2096  <... mmap resumed>)               = 0x7f90474f4000
2095  munmap(0x7f903a28c000, 16384 <unfinished ...>
2100  <... munmap resumed>)             = 0
2097  <... munmap resumed>)             = 0
2096  munmap(0x7f905a66c000, 16384 <unfinished ...>
2095  <... munmap resumed>)             = 0
2100  mmap(0x7f9043b88000, 16384, PROT_READ|PROT_WRITE, MAP_PRIVATE|MAP_FIXED|MAP_ANONYMOUS|MAP_NORESERVE, -1, 0 <unfinished ...>
2097  mmap(0x7f903a0e0000, 16384, PROT_READ|PROT_WRITE, MAP_PRIVATE|MAP_FIXED|MAP_ANONYMOUS|MAP_NORESERVE, -1, 0 <unfinished ...>
2100  <... mmap resumed>)               = 0x7f9043b88000
2096  <... munmap resumed>)             = 0
2095  mmap(0x7f903a28c000, 16384, PROT_READ|PROT_WRITE, MAP_PRIVATE|MAP_FIXED|MAP_ANONYMOUS|MAP_NORESERVE, -1, 0 <unfinished ...>
2100  munmap(0x7f9050ed8000, 16384 <unfinished ...>
2097  <... mmap resumed>)               = 0x7f903a0e0000
2096  mmap(0x7f905a66c000, 16384, PROT_READ|PROT_WRITE, MAP_PRIVATE|MAP_FIXED|MAP_ANONYMOUS|MAP_NORESERVE, -1, 0 <unfinished ...>
2097  munmap(0x7f9057770000, 16384 <unfinished ...>
2095  <... mmap resumed>)               = 0x7f903a28c000
2100  <... munmap resumed>)             = 0
2096  <... mmap resumed>)               = 0x7f905a66c000
2100  mmap(0x7f9050ed8000, 16384, PROT_READ|PROT_WRITE, MAP_PRIVATE|MAP_FIXED|MAP_ANONYMOUS|MAP_NORESERVE, -1, 0 <unfinished ...>
2097  <... munmap resumed>)             = 0
2100  <... mmap resumed>)               = 0x7f9050ed8000
2096  munmap(0x7f9040a1c000, 16384 <unfinished ...>
2095  munmap(0x7f9044a4c000, 16384 <unfinished ...>
2100  munmap(0x7f9060018000, 16384 <unfinished ...>
2097  mmap(0x7f9057770000, 16384, PROT_READ|PROT_WRITE, MAP_PRIVATE|MAP_FIXED|MAP_ANONYMOUS|MAP_NORESERVE, -1, 0 <unfinished ...>
2095  <... munmap resumed>)             = 0
2100  <... munmap resumed>)             = 0
2097  <... mmap resumed>)               = 0x7f9057770000
2096  <... munmap resumed>)             = 0
2095  mmap(0x7f9044a4c000, 16384, PROT_READ|PROT_WRITE, MAP_PRIVATE|MAP_FIXED|MAP_ANONYMOUS|MAP_NORESERVE, -1, 0) = 0x7f9044a4c000
2097  munmap(0x7f9053d54000, 16384 <unfinished ...>
2096  mmap(0x7f9040a1c000, 16384, PROT_READ|PROT_WRITE, MAP_PRIVATE|MAP_FIXED|MAP_ANONYMOUS|MAP_NORESERVE, -1, 0 <unfinished ...>
2100  mmap(0x7f9060018000, 16384, PROT_READ|PROT_WRITE, MAP_PRIVATE|MAP_FIXED|MAP_ANONYMOUS|MAP_NORESERVE, -1, 0 <unfinished ...>
2096  <... mmap resumed>)               = 0x7f9040a1c000
2095  munmap(0x7f9047744000, 16384 <unfinished ...>
2097  <... munmap resumed>)             = 0
2096  munmap(0x7f9049860000, 16384 <unfinished ...>
2100  <... mmap resumed>)               = 0x7f9060018000
2095  <... munmap resumed>)             = 0
2097  mmap(0x7f9053d54000, 16384, PROT_READ|PROT_WRITE, MAP_PRIVATE|MAP_FIXED|MAP_ANONYMOUS|MAP_NORESERVE, -1, 0 <unfinished ...>
2096  <... munmap resumed>)             = 0
2100  munmap(0x7f9048920000, 16384 <unfinished ...>
2096  mmap(0x7f9049860000, 16384, PROT_READ|PROT_WRITE, MAP_PRIVATE|MAP_FIXED|MAP_ANONYMOUS|MAP_NORESERVE, -1, 0 <unfinished ...>
2100  <... munmap resumed>)             = 0
2097  <... mmap resumed>)               = 0x7f9053d54000
2095  mmap(0x7f9047744000, 16384, PROT_READ|PROT_WRITE, MAP_PRIVATE|MAP_FIXED|MAP_ANONYMOUS|MAP_NORESERVE, -1, 0 <unfinished ...>
2100  mmap(0x7f9048920000, 16384, PROT_READ|PROT_WRITE, MAP_PRIVATE|MAP_FIXED|MAP_ANONYMOUS|MAP_NORESERVE, -1, 0 <unfinished ...>
2097  munmap(0x7f905ac00000, 16384 <unfinished ...>
2100  <... mmap resumed>)               = 0x7f9048920000
2096  <... mmap resumed>)               = 0x7f9049860000
2095  <... mmap resumed>)               = 0x7f9047744000
2100  munmap(0x7f905f2f8000, 16384 <unfinished ...>
2097  <... munmap resumed>)             = 0
2096  munmap(0x7f903b134000, 16384 <unfinished ...>
2095  munmap(0x7f903ad10000, 16384 <unfinished ...>
2100  <... munmap resumed>)             = 0
2097  mmap(0x7f905ac00000, 16384, PROT_READ|PROT_WRITE, MAP_PRIVATE|MAP_FIXED|MAP_ANONYMOUS|MAP_NORESERVE, -1, 0 <unfinished ...>
2100  mmap(0x7f905f2f8000, 16384, PROT_READ|PROT_WRITE, MAP_PRIVATE|MAP_FIXED|MAP_ANONYMOUS|MAP_NORESERVE, -1, 0 <unfinished ...>
2096  <... munmap resumed>)             = 0
2100  <... mmap resumed>)               = 0x7f905f2f8000
2097  <... mmap resumed>)               = 0x7f905ac00000
2096  mmap(0x7f903b134000, 16384, PROT_READ|PROT_WRITE, MAP_PRIVATE|MAP_FIXED|MAP_ANONYMOUS|MAP_NORESERVE, -1, 0 <unfinished ...>
2095  <... munmap resumed>)             = 0
2100  munmap(0x7f905753c000, 16384 <unfinished ...>
2097  munmap(0x7f9064ca8000, 16384 <unfinished ...>
2096  <... mmap resumed>)               = 0x7f903b134000
2100  <... munmap resumed>)             = 0
2097  <... munmap resumed>)             = 0
2095  mmap(0x7f903ad10000, 16384, PROT_READ|PROT_WRITE, MAP_PRIVATE|MAP_FIXED|MAP_ANONYMOUS|MAP_NORESERVE, -1, 0 <unfinished ...>
2097  mmap(0x7f9064ca8000, 16384, PROT_READ|PROT_WRITE, MAP_PRIVATE|MAP_FIXED|MAP_ANONYMOUS|MAP_NORESERVE, -1, 0 <unfinished ...>
2096  munmap(0x7f9063700000, 16384 <unfinished ...>
2097  <... mmap resumed>)               = 0x7f9064ca8000
2100  mmap(0x7f905753c000, 16384, PROT_READ|PROT_WRITE, MAP_PRIVATE|MAP_FIXED|MAP_ANONYMOUS|MAP_NORESERVE, -1, 0 <unfinished ...>
2095  <... mmap resumed>)               = 0x7f903ad10000
2100  <... mmap resumed>)               = 0x7f905753c000
2097  munmap(0x7f905b958000, 16384 <unfinished ...>
2096  <... munmap resumed>)             = 0
2095  munmap(0x7f9065920000, 16384 <unfinished ...>
2100  munmap(0x7f903a17c000, 16384 <unfinished ...>
2096  mmap(0x7f9063700000, 16384, PROT_READ|PROT_WRITE, MAP_PRIVATE|MAP_FIXED|MAP_ANONYMOUS|MAP_NORESERVE, -1, 0 <unfinished ...>
2095  <... munmap resumed>)             = 0
2100  <... munmap resumed>)             = 0
2097  <... munmap resumed>)             = 0
2096  <... mmap resumed>)               = 0x7f9063700000
2095  mmap(0x7f9065920000, 16384, PROT_READ|PROT_WRITE, MAP_PRIVATE|MAP_FIXED|MAP_ANONYMOUS|MAP_NORESERVE, -1, 0 <unfinished ...>
2100  mmap(0x7f903a17c000, 16384, PROT_READ|PROT_WRITE, MAP_PRIVATE|MAP_FIXED|MAP_ANONYMOUS|MAP_NORESERVE, -1, 0 <unfinished ...>
2097  mmap(0x7f905b958000, 16384, PROT_READ|PROT_WRITE, MAP_PRIVATE|MAP_FIXED|MAP_ANONYMOUS|MAP_NORESERVE, -1, 0 <unfinished ...>
2096  munmap(0x7f903dac0000, 16384 <unfinished ...>
2100  <... mmap resumed>)               = 0x7f903a17c000
2097  <... mmap resumed>)               = 0x7f905b958000
2096  <... munmap resumed>)             = 0
2095  <... mmap resumed>)               = 0x7f9065920000
2100  munmap(0x7f90430d4000, 16384 <unfinished ...>
2097  munmap(0x7f904298c000, 16384 <unfinished ...>
2096  mmap(0x7f903dac0000, 16384, PROT_READ|PROT_WRITE, MAP_PRIVATE|MAP_FIXED|MAP_ANONYMOUS|MAP_NORESERVE, -1, 0 <unfinished ...>
2095  munmap(0x7f9061244000, 16384 <unfinished ...>
2100  <... munmap resumed>)             = 0
2097  <... munmap resumed>)             = 0
2096  <... mmap resumed>)               = 0x7f903dac0000
2095  <... munmap resumed>)             = 0
2100  mmap(0x7f90430d4000, 16384, PROT_READ|PROT_WRITE, MAP_PRIVATE|MAP_FIXED|MAP_ANONYMOUS|MAP_NORESERVE, -1, 0 <unfinished ...>
2097  mmap(0x7f904298c000, 16384, PROT_READ|PROT_WRITE, MAP_PRIVATE|MAP_FIXED|MAP_ANONYMOUS|MAP_NORESERVE, -1, 0 <unfinished ...>
2096  munmap(0x7f9053be8000, 16384 <unfinished ...>
2095  mmap(0x7f9061244000, 16384, PROT_READ|PROT_WRITE, MAP_PRIVATE|MAP_FIXED|MAP_ANONYMOUS|MAP_NORESERVE, -1, 0 <unfinished ...>
2100  <... mmap resumed>)               = 0x7f90430d4000
2097  <... mmap resumed>)               = 0x7f904298c000
2096  <... munmap resumed>)             = 0
2095  <... mmap resumed>)               = 0x7f9061244000
2100  munmap(0x7f9060324000, 16384 <unfinished ...>
2097  munmap(0x7f905c410000, 16384 <unfinished ...>
2096  mmap(0x7f9053be8000, 16384, PROT_READ|PROT_WRITE, MAP_PRIVATE|MAP_FIXED|MAP_ANONYMOUS|MAP_NORESERVE, -1, 0 <unfinished ...>
2095  munmap(0x7f9057c90000, 16384 <unfinished ...>
2097  <... munmap resumed>)             = 0
2096  <... mmap resumed>)               = 0x7f9053be8000
2100  <... munmap resumed>)             = 0
2097  mmap(0x7f905c410000, 16384, PROT_READ|PROT_WRITE, MAP_PRIVATE|MAP_FIXED|MAP_ANONYMOUS|MAP_NORESERVE, -1, 0 <unfinished ...>
2100  mmap(0x7f9060324000, 16384, PROT_READ|PROT_WRITE, MAP_PRIVATE|MAP_FIXED|MAP_ANONYMOUS|MAP_NORESERVE, -1, 0 <unfinished ...>
2096  munmap(0x7f9062d14000, 16384 <unfinished ...>
2095  <... munmap resumed>)             = 0
2100  <... mmap resumed>)               = 0x7f9060324000
2096  <... munmap resumed>)             = 0
2100  munmap(0x7f903f34c000, 16384 <unfinished ...>
2096  mmap(0x7f9062d14000, 16384, PROT_READ|PROT_WRITE, MAP_PRIVATE|MAP_FIXED|MAP_ANONYMOUS|MAP_NORESERVE, -1, 0 <unfinished ...>
2100  <... munmap resumed>)             = 0
2097  <... mmap resumed>)               = 0x7f905c410000
2096  <... mmap resumed>)               = 0x7f9062d14000
2095  mmap(0x7f9057c90000, 16384, PROT_READ|PROT_WRITE, MAP_PRIVATE|MAP_FIXED|MAP_ANONYMOUS|MAP_NORESERVE, -1, 0 <unfinished ...>
2100  mmap(0x7f903f34c000, 16384, PROT_READ|PROT_WRITE, MAP_PRIVATE|MAP_FIXED|MAP_ANONYMOUS|MAP_NORESERVE, -1, 0 <unfinished ...>
2097  munmap(0x7f903d6dc000, 16384 <unfinished ...>
2096  munmap(0x7f905b2b8000, 16384 <unfinished ...>
2100  <... mmap resumed>)               = 0x7f903f34c000
2100  munmap(0x7f9060b90000, 16384 <unfinished ...>
2096  <... munmap resumed>)             = 0
2097  <... munmap resumed>)             = 0
2095  <... mmap resumed>)               = 0x7f9057c90000
2100  <... munmap resumed>)             = 0
2097  mmap(0x7f903d6dc000, 16384, PROT_READ|PROT_WRITE, MAP_PRIVATE|MAP_FIXED|MAP_ANONYMOUS|MAP_NORESERVE, -1, 0 <unfinished ...>
2096  mmap(0x7f905b2b8000, 16384, PROT_READ|PROT_WRITE, MAP_PRIVATE|MAP_FIXED|MAP_ANONYMOUS|MAP_NORESERVE, -1, 0 <unfinished ...>
2100  mmap(0x7f9060b90000, 16384, PROT_READ|PROT_WRITE, MAP_PRIVATE|MAP_FIXED|MAP_ANONYMOUS|MAP_NORESERVE, -1, 0 <unfinished ...>
2095  munmap(0x7f9052ebc000, 16384 <unfinished ...>
2100  <... mmap resumed>)               = 0x7f9060b90000
2097  <... mmap resumed>)               = 0x7f903d6dc000
2096  <... mmap resumed>)               = 0x7f905b2b8000
2100  munmap(0x7f90515a4000, 16384 <unfinished ...>
2096  munmap(0x7f9061e38000, 16384 <unfinished ...>
2100  <... munmap resumed>)             = 0
2097  munmap(0x7f9051f40000, 16384 <unfinished ...>
2100  mmap(0x7f90515a4000, 16384, PROT_READ|PROT_WRITE, MAP_PRIVATE|MAP_FIXED|MAP_ANONYMOUS|MAP_NORESERVE, -1, 0 <unfinished ...>
2096  <... munmap resumed>)             = 0
2095  <... munmap resumed>)             = 0
2100  <... mmap resumed>)               = 0x7f90515a4000
2097  <... munmap resumed>)             = 0
2096  mmap(0x7f9061e38000, 16384, PROT_READ|PROT_WRITE, MAP_PRIVATE|MAP_FIXED|MAP_ANONYMOUS|MAP_NORESERVE, -1, 0 <unfinished ...>
2095  mmap(0x7f9052ebc000, 16384, PROT_READ|PROT_WRITE, MAP_PRIVATE|MAP_FIXED|MAP_ANONYMOUS|MAP_NORESERVE, -1, 0 <unfinished ...>
2096  <... mmap resumed>)               = 0x7f9061e38000
2100  munmap(0x7f9054490000, 16384 <unfinished ...>
2096  munmap(0x7f905ebc4000, 16384 <unfinished ...>
2097  mmap(0x7f9051f40000, 16384, PROT_READ|PROT_WRITE, MAP_PRIVATE|MAP_FIXED|MAP_ANONYMOUS|MAP_NORESERVE, -1, 0 <unfinished ...>
2100  <... munmap resumed>)             = 0
2097  <... mmap resumed>)               = 0x7f9051f40000
2095  <... mmap resumed>)               = 0x7f9052ebc000
2100  mmap(0x7f9054490000, 16384, PROT_READ|PROT_WRITE, MAP_PRIVATE|MAP_FIXED|MAP_ANONYMOUS|MAP_NORESERVE, -1, 0 <unfinished ...>
2097  munmap(0x7f905d318000, 16384 <unfinished ...>
2096  <... munmap resumed>)             = 0
2095  munmap(0x7f9058030000, 16384 <unfinished ...>
2100  <... mmap resumed>)               = 0x7f9054490000
2097  <... munmap resumed>)             = 0
2096  mmap(0x7f905ebc4000, 16384, PROT_READ|PROT_WRITE, MAP_PRIVATE|MAP_FIXED|MAP_ANONYMOUS|MAP_NORESERVE, -1, 0 <unfinished ...>
2095  <... munmap resumed>)             = 0
2100  munmap(0x7f904e07c000, 16384 <unfinished ...>
2097  mmap(0x7f905d318000, 16384, PROT_READ|PROT_WRITE, MAP_PRIVATE|MAP_FIXED|MAP_ANONYMOUS|MAP_NORESERVE, -1, 0 <unfinished ...>
2096  <... mmap resumed>)               = 0x7f905ebc4000
2100  <... munmap resumed>)             = 0
2095  mmap(0x7f9058030000, 16384, PROT_READ|PROT_WRITE, MAP_PRIVATE|MAP_FIXED|MAP_ANONYMOUS|MAP_NORESERVE, -1, 0 <unfinished ...>
2100  mmap(0x7f904e07c000, 16384, PROT_READ|PROT_WRITE, MAP_PRIVATE|MAP_FIXED|MAP_ANONYMOUS|MAP_NORESERVE, -1, 0 <unfinished ...>
2096  munmap(0x7f905b060000, 16384 <unfinished ...>
2100  <... mmap resumed>)               = 0x7f904e07c000
2096  <... munmap resumed>)             = 0
2100  munmap(0x7f90406c0000, 16384 <unfinished ...>
2096  mmap(0x7f905b060000, 16384, PROT_READ|PROT_WRITE, MAP_PRIVATE|MAP_FIXED|MAP_ANONYMOUS|MAP_NORESERVE, -1, 0 <unfinished ...>
2100  <... munmap resumed>)             = 0
2097  <... mmap resumed>)               = 0x7f905d318000
2095  <... mmap resumed>)               = 0x7f9058030000
2100  mmap(0x7f90406c0000, 16384, PROT_READ|PROT_WRITE, MAP_PRIVATE|MAP_FIXED|MAP_ANONYMOUS|MAP_NORESERVE, -1, 0 <unfinished ...>
2097  munmap(0x7f905f2ac000, 16384 <unfinished ...>
2096  <... mmap resumed>)               = 0x7f905b060000
2095  munmap(0x7f906407c000, 16384 <unfinished ...>
2100  <... mmap resumed>)               = 0x7f90406c0000
2097  <... munmap resumed>)             = 0
2096  munmap(0x7f903bb8c000, 16384 <unfinished ...>
2097  mmap(0x7f905f2ac000, 16384, PROT_READ|PROT_WRITE, MAP_PRIVATE|MAP_FIXED|MAP_ANONYMOUS|MAP_NORESERVE, -1, 0 <unfinished ...>
2096  <... munmap resumed>)             = 0
2100  munmap(0x7f904fd10000, 16384 <unfinished ...>
2097  <... mmap resumed>)               = 0x7f905f2ac000
2096  mmap(0x7f903bb8c000, 16384, PROT_READ|PROT_WRITE, MAP_PRIVATE|MAP_FIXED|MAP_ANONYMOUS|MAP_NORESERVE, -1, 0 <unfinished ...>
2095  <... munmap resumed>)             = 0
2100  <... munmap resumed>)             = 0
2097  munmap(0x7f904fe98000, 16384 <unfinished ...>
2096  <... mmap resumed>)               = 0x7f903bb8c000
2095  mmap(0x7f906407c000, 16384, PROT_READ|PROT_WRITE, MAP_PRIVATE|MAP_FIXED|MAP_ANONYMOUS|MAP_NORESERVE, -1, 0 <unfinished ...>
2100  mmap(0x7f904fd10000, 16384, PROT_READ|PROT_WRITE, MAP_PRIVATE|MAP_FIXED|MAP_ANONYMOUS|MAP_NORESERVE, -1, 0 <unfinished ...>
2097  <... munmap resumed>)             = 0
2096  munmap(0x7f9062308000, 16384 <unfinished ...>
2095  <... mmap resumed>)               = 0x7f906407c000
2100  <... mmap resumed>)               = 0x7f904fd10000
2097  mmap(0x7f904fe98000, 16384, PROT_READ|PROT_WRITE, MAP_PRIVATE|MAP_FIXED|MAP_ANONYMOUS|MAP_NORESERVE, -1, 0 <unfinished ...>
2096  <... munmap resumed>)             = 0
2100  munmap(0x7f9054398000, 16384 <unfinished ...>
2097  <... mmap resumed>)               = 0x7f904fe98000
2096  mmap(0x7f9062308000, 16384, PROT_READ|PROT_WRITE, MAP_PRIVATE|MAP_FIXED|MAP_ANONYMOUS|MAP_NORESERVE, -1, 0 <unfinished ...>
2095  munmap(0x7f904cc30000, 16384 <unfinished ...>
2097  munmap(0x7f9054108000, 16384 <unfinished ...>
2100  <... munmap resumed>)             = 0
2096  <... mmap resumed>)               = 0x7f9062308000
2095  <... munmap resumed>)             = 0
2100  mmap(0x7f9054398000, 16384, PROT_READ|PROT_WRITE, MAP_PRIVATE|MAP_FIXED|MAP_ANONYMOUS|MAP_NORESERVE, -1, 0 <unfinished ...>
2097  <... munmap resumed>)             = 0
2096  munmap(0x7f9044a0c000, 16384 <unfinished ...>
2097  mmap(0x7f9054108000, 16384, PROT_READ|PROT_WRITE, MAP_PRIVATE|MAP_FIXED|MAP_ANONYMOUS|MAP_NORESERVE, -1, 0 <unfinished ...>
2100  <... mmap resumed>)               = 0x7f9054398000
2097  <... mmap resumed>)               = 0x7f9054108000
2096  <... munmap resumed>)             = 0
2095  mmap(0x7f904cc30000, 16384, PROT_READ|PROT_WRITE, MAP_PRIVATE|MAP_FIXED|MAP_ANONYMOUS|MAP_NORESERVE, -1, 0 <unfinished ...>
2100  munmap(0x7f9059028000, 16384 <unfinished ...>
2097  munmap(0x7f9047124000, 16384 <unfinished ...>
2095  <... mmap resumed>)               = 0x7f904cc30000
2096  mmap(0x7f9044a0c000, 16384, PROT_READ|PROT_WRITE, MAP_PRIVATE|MAP_FIXED|MAP_ANONYMOUS|MAP_NORESERVE, -1, 0 <unfinished ...>
2100  <... munmap resumed>)             = 0
2096  <... mmap resumed>)               = 0x7f9044a0c000
2095  munmap(0x7f905b040000, 16384 <unfinished ...>
2097  <... munmap resumed>)             = 0
2100  mmap(0x7f9059028000, 16384, PROT_READ|PROT_WRITE, MAP_PRIVATE|MAP_FIXED|MAP_ANONYMOUS|MAP_NORESERVE, -1, 0 <unfinished ...>
2096  munmap(0x7f9053d58000, 16384 <unfinished ...>
2097  mmap(0x7f9047124000, 16384, PROT_READ|PROT_WRITE, MAP_PRIVATE|MAP_FIXED|MAP_ANONYMOUS|MAP_NORESERVE, -1, 0 <unfinished ...>
2095  <... munmap resumed>)             = 0
2096  <... munmap resumed>)             = 0
2095  mmap(0x7f905b040000, 16384, PROT_READ|PROT_WRITE, MAP_PRIVATE|MAP_FIXED|MAP_ANONYMOUS|MAP_NORESERVE, -1, 0 <unfinished ...>
2100  <... mmap resumed>)               = 0x7f9059028000
2097  <... mmap resumed>)               = 0x7f9047124000
2096  mmap(0x7f9053d58000, 16384, PROT_READ|PROT_WRITE, MAP_PRIVATE|MAP_FIXED|MAP_ANONYMOUS|MAP_NORESERVE, -1, 0 <unfinished ...>
2095  <... mmap resumed>)               = 0x7f905b040000
2100  munmap(0x7f9052bd4000, 16384 <unfinished ...>
2095  munmap(0x7f9047ac4000, 16384 <unfinished ...>
2100  <... munmap resumed>)             = 0
2096  <... mmap resumed>)               = 0x7f9053d58000
2100  mmap(0x7f9052bd4000, 16384, PROT_READ|PROT_WRITE, MAP_PRIVATE|MAP_FIXED|MAP_ANONYMOUS|MAP_NORESERVE, -1, 0 <unfinished ...>
2095  <... munmap resumed>)             = 0
2100  <... mmap resumed>)               = 0x7f9052bd4000
2097  munmap(0x7f904cc48000, 16384 <unfinished ...>
2096  munmap(0x7f905927c000, 16384 <unfinished ...>
2100  munmap(0x7f903a2b0000, 16384 <unfinished ...>
2095  mmap(0x7f9047ac4000, 16384, PROT_READ|PROT_WRITE, MAP_PRIVATE|MAP_FIXED|MAP_ANONYMOUS|MAP_NORESERVE, -1, 0 <unfinished ...>
2097  <... munmap resumed>)             = 0
2097  mmap(0x7f904cc48000, 16384, PROT_READ|PROT_WRITE, MAP_PRIVATE|MAP_FIXED|MAP_ANONYMOUS|MAP_NORESERVE, -1, 0 <unfinished ...>
2096  <... munmap resumed>)             = 0
2097  <... mmap resumed>)               = 0x7f904cc48000
2096  mmap(0x7f905927c000, 16384, PROT_READ|PROT_WRITE, MAP_PRIVATE|MAP_FIXED|MAP_ANONYMOUS|MAP_NORESERVE, -1, 0 <unfinished ...>
2100  <... munmap resumed>)             = 0
2100  mmap(0x7f903a2b0000, 16384, PROT_READ|PROT_WRITE, MAP_PRIVATE|MAP_FIXED|MAP_ANONYMOUS|MAP_NORESERVE, -1, 0 <unfinished ...>
2097  munmap(0x7f9058754000, 16384 <unfinished ...>
2095  <... mmap resumed>)               = 0x7f9047ac4000
2100  <... mmap resumed>)               = 0x7f903a2b0000
2097  <... munmap resumed>)             = 0
2096  <... mmap resumed>)               = 0x7f905927c000
2095  munmap(0x7f905e0c0000, 16384 <unfinished ...>
2100  munmap(0x7f904c154000, 16384 <unfinished ...>
2096  munmap(0x7f9056800000, 16384 <unfinished ...>
2097  mmap(0x7f9058754000, 16384, PROT_READ|PROT_WRITE, MAP_PRIVATE|MAP_FIXED|MAP_ANONYMOUS|MAP_NORESERVE, -1, 0) = 0x7f9058754000
2095  <... munmap resumed>)             = 0
2097  munmap(0x7f904b590000, 16384 <unfinished ...>
2095  mmap(0x7f905e0c0000, 16384, PROT_READ|PROT_WRITE, MAP_PRIVATE|MAP_FIXED|MAP_ANONYMOUS|MAP_NORESERVE, -1, 0 <unfinished ...>
2100  <... munmap resumed>)             = 0
2096  <... munmap resumed>)             = 0
2097  <... munmap resumed>)             = 0
2100  mmap(0x7f904c154000, 16384, PROT_READ|PROT_WRITE, MAP_PRIVATE|MAP_FIXED|MAP_ANONYMOUS|MAP_NORESERVE, -1, 0 <unfinished ...>
2095  <... mmap resumed>)               = 0x7f905e0c0000
2096  mmap(0x7f9056800000, 16384, PROT_READ|PROT_WRITE, MAP_PRIVATE|MAP_FIXED|MAP_ANONYMOUS|MAP_NORESERVE, -1, 0 <unfinished ...>
2097  mmap(0x7f904b590000, 16384, PROT_READ|PROT_WRITE, MAP_PRIVATE|MAP_FIXED|MAP_ANONYMOUS|MAP_NORESERVE, -1, 0 <unfinished ...>
2100  <... mmap resumed>)               = 0x7f904c154000
2096  <... mmap resumed>)               = 0x7f9056800000
2097  <... mmap resumed>)               = 0x7f904b590000
2095  munmap(0x7f9057a44000, 16384 <unfinished ...>
2100  munmap(0x7f90511bc000, 16384 <unfinished ...>
2096  munmap(0x7f9059c38000, 16384 <unfinished ...>
2095  <... munmap resumed>)             = 0
2097  munmap(0x7f9060bf8000, 16384 <unfinished ...>
2095  mmap(0x7f9057a44000, 16384, PROT_READ|PROT_WRITE, MAP_PRIVATE|MAP_FIXED|MAP_ANONYMOUS|MAP_NORESERVE, -1, 0 <unfinished ...>
2100  <... munmap resumed>)             = 0
2100  mmap(0x7f90511bc000, 16384, PROT_READ|PROT_WRITE, MAP_PRIVATE|MAP_FIXED|MAP_ANONYMOUS|MAP_NORESERVE, -1, 0 <unfinished ...>
2097  <... munmap resumed>)             = 0
2100  <... mmap resumed>)               = 0x7f90511bc000
2097  mmap(0x7f9060bf8000, 16384, PROT_READ|PROT_WRITE, MAP_PRIVATE|MAP_FIXED|MAP_ANONYMOUS|MAP_NORESERVE, -1, 0 <unfinished ...>
2100  munmap(0x7f90449e8000, 16384 <unfinished ...>
2095  <... mmap resumed>)               = 0x7f9057a44000
2097  <... mmap resumed>)               = 0x7f9060bf8000
2095  munmap(0x7f9040b44000, 16384 <unfinished ...>
2097  munmap(0x7f90571bc000, 16384 <unfinished ...>
2096  <... munmap resumed>)             = 0
2100  <... munmap resumed>)             = 0
2100  mmap(0x7f90449e8000, 16384, PROT_READ|PROT_WRITE, MAP_PRIVATE|MAP_FIXED|MAP_ANONYMOUS|MAP_NORESERVE, -1, 0 <unfinished ...>
2096  mmap(0x7f9059c38000, 16384, PROT_READ|PROT_WRITE, MAP_PRIVATE|MAP_FIXED|MAP_ANONYMOUS|MAP_NORESERVE, -1, 0 <unfinished ...>
2100  <... mmap resumed>)               = 0x7f90449e8000
2097  <... munmap resumed>)             = 0
2097  mmap(0x7f90571bc000, 16384, PROT_READ|PROT_WRITE, MAP_PRIVATE|MAP_FIXED|MAP_ANONYMOUS|MAP_NORESERVE, -1, 0 <unfinished ...>
2095  <... munmap resumed>)             = 0
2097  <... mmap resumed>)               = 0x7f90571bc000
2096  <... mmap resumed>)               = 0x7f9059c38000
2100  munmap(0x7f90423d4000, 16384 <unfinished ...>
2095  mmap(0x7f9040b44000, 16384, PROT_READ|PROT_WRITE, MAP_PRIVATE|MAP_FIXED|MAP_ANONYMOUS|MAP_NORESERVE, -1, 0 <unfinished ...>
2100  <... munmap resumed>)             = 0
2097  munmap(0x7f904800c000, 16384 <unfinished ...>
2100  mmap(0x7f90423d4000, 16384, PROT_READ|PROT_WRITE, MAP_PRIVATE|MAP_FIXED|MAP_ANONYMOUS|MAP_NORESERVE, -1, 0 <unfinished ...>
2096  munmap(0x7f903f1f8000, 16384 <unfinished ...>
2095  <... mmap resumed>)               = 0x7f9040b44000
2100  <... mmap resumed>)               = 0x7f90423d4000
2096  <... munmap resumed>)             = 0
2100  munmap(0x7f904ac9c000, 16384 <unfinished ...>
2097  <... munmap resumed>)             = 0
2095  munmap(0x7f90609f8000, 16384 <unfinished ...>
2100  <... munmap resumed>)             = 0
2096  mmap(0x7f903f1f8000, 16384, PROT_READ|PROT_WRITE, MAP_PRIVATE|MAP_FIXED|MAP_ANONYMOUS|MAP_NORESERVE, -1, 0 <unfinished ...>
2100  mmap(0x7f904ac9c000, 16384, PROT_READ|PROT_WRITE, MAP_PRIVATE|MAP_FIXED|MAP_ANONYMOUS|MAP_NORESERVE, -1, 0 <unfinished ...>
2097  mmap(0x7f904800c000, 16384, PROT_READ|PROT_WRITE, MAP_PRIVATE|MAP_FIXED|MAP_ANONYMOUS|MAP_NORESERVE, -1, 0 <unfinished ...>
2095  <... munmap resumed>)             = 0
2100  <... mmap resumed>)               = 0x7f904ac9c000
2100  munmap(0x7f904b2d8000, 16384 <unfinished ...>
2096  <... mmap resumed>)               = 0x7f903f1f8000
2095  mmap(0x7f90609f8000, 16384, PROT_READ|PROT_WRITE, MAP_PRIVATE|MAP_FIXED|MAP_ANONYMOUS|MAP_NORESERVE, -1, 0 <unfinished ...>
2097  <... mmap resumed>)               = 0x7f904800c000
2100  <... munmap resumed>)             = 0
2096  munmap(0x7f903f274000, 16384 <unfinished ...>
2100  mmap(0x7f904b2d8000, 16384, PROT_READ|PROT_WRITE, MAP_PRIVATE|MAP_FIXED|MAP_ANONYMOUS|MAP_NORESERVE, -1, 0 <unfinished ...>
2095  <... mmap resumed>)               = 0x7f90609f8000
2100  <... mmap resumed>)               = 0x7f904b2d8000
2097  munmap(0x7f9063e68000, 16384 <unfinished ...>
2095  munmap(0x7f90434e4000, 16384 <unfinished ...>
2100  munmap(0x7f9049a64000, 16384 <unfinished ...>
2097  <... munmap resumed>)             = 0
2096  <... munmap resumed>)             = 0
2095  <... munmap resumed>)             = 0
2097  mmap(0x7f9063e68000, 16384, PROT_READ|PROT_WRITE, MAP_PRIVATE|MAP_FIXED|MAP_ANONYMOUS|MAP_NORESERVE, -1, 0 <unfinished ...>
2096  mmap(0x7f903f274000, 16384, PROT_READ|PROT_WRITE, MAP_PRIVATE|MAP_FIXED|MAP_ANONYMOUS|MAP_NORESERVE, -1, 0 <unfinished ...>
2100  <... munmap resumed>)             = 0
2095  mmap(0x7f90434e4000, 16384, PROT_READ|PROT_WRITE, MAP_PRIVATE|MAP_FIXED|MAP_ANONYMOUS|MAP_NORESERVE, -1, 0 <unfinished ...>
2096  <... mmap resumed>)               = 0x7f903f274000
2100  mmap(0x7f9049a64000, 16384, PROT_READ|PROT_WRITE, MAP_PRIVATE|MAP_FIXED|MAP_ANONYMOUS|MAP_NORESERVE, -1, 0 <unfinished ...>
2097  <... mmap resumed>)               = 0x7f9063e68000
2096  munmap(0x7f9041060000, 16384 <unfinished ...>
2097  munmap(0x7f9042a84000, 16384 <unfinished ...>
2095  <... mmap resumed>)               = 0x7f90434e4000
2096  <... munmap resumed>)             = 0
2100  <... mmap resumed>)               = 0x7f9049a64000
2097  <... munmap resumed>)             = 0
2095  munmap(0x7f905ab44000, 16384 <unfinished ...>
2096  mmap(0x7f9041060000, 16384, PROT_READ|PROT_WRITE, MAP_PRIVATE|MAP_FIXED|MAP_ANONYMOUS|MAP_NORESERVE, -1, 0 <unfinished ...>
2100  munmap(0x7f905d418000, 16384 <unfinished ...>
2097  mmap(0x7f9042a84000, 16384, PROT_READ|PROT_WRITE, MAP_PRIVATE|MAP_FIXED|MAP_ANONYMOUS|MAP_NORESERVE, -1, 0 <unfinished ...>
2100  <... munmap resumed>)             = 0
2095  <... munmap resumed>)             = 0
2096  <... mmap resumed>)               = 0x7f9041060000
2100  mmap(0x7f905d418000, 16384, PROT_READ|PROT_WRITE, MAP_PRIVATE|MAP_FIXED|MAP_ANONYMOUS|MAP_NORESERVE, -1, 0 <unfinished ...>
2097  <... mmap resumed>)               = 0x7f9042a84000
2095  mmap(0x7f905ab44000, 16384, PROT_READ|PROT_WRITE, MAP_PRIVATE|MAP_FIXED|MAP_ANONYMOUS|MAP_NORESERVE, -1, 0 <unfinished ...>
2096  munmap(0x7f9064780000, 16384 <unfinished ...>
2100  <... mmap resumed>)               = 0x7f905d418000
2097  munmap(0x7f9053fa0000, 16384 <unfinished ...>
2096  <... munmap resumed>)             = 0
2095  <... mmap resumed>)               = 0x7f905ab44000
2100  munmap(0x7f9040898000, 16384)     = 0
2097  <... munmap resumed>)             = 0
2095  munmap(0x7f9042778000, 16384 <unfinished ...>
2096  mmap(0x7f9064780000, 16384, PROT_READ|PROT_WRITE, MAP_PRIVATE|MAP_FIXED|MAP_ANONYMOUS|MAP_NORESERVE, -1, 0 <unfinished ...>
2097  mmap(0x7f9053fa0000, 16384, PROT_READ|PROT_WRITE, MAP_PRIVATE|MAP_FIXED|MAP_ANONYMOUS|MAP_NORESERVE, -1, 0 <unfinished ...>
2100  mmap(0x7f9040898000, 16384, PROT_READ|PROT_WRITE, MAP_PRIVATE|MAP_FIXED|MAP_ANONYMOUS|MAP_NORESERVE, -1, 0 <unfinished ...>
2096  <... mmap resumed>)               = 0x7f9064780000
2095  <... munmap resumed>)             = 0
2100  <... mmap resumed>)               = 0x7f9040898000
2097  <... mmap resumed>)               = 0x7f9053fa0000
2095  mmap(0x7f9042778000, 16384, PROT_READ|PROT_WRITE, MAP_PRIVATE|MAP_FIXED|MAP_ANONYMOUS|MAP_NORESERVE, -1, 0 <unfinished ...>
2096  munmap(0x7f9040684000, 16384 <unfinished ...>
2097  munmap(0x7f903e064000, 16384 <unfinished ...>
2100  munmap(0x7f9064608000, 16384 <unfinished ...>
2095  <... mmap resumed>)               = 0x7f9042778000
2096  <... munmap resumed>)             = 0
2100  <... munmap resumed>)             = 0
2097  <... munmap resumed>)             = 0
2096  mmap(0x7f9040684000, 16384, PROT_READ|PROT_WRITE, MAP_PRIVATE|MAP_FIXED|MAP_ANONYMOUS|MAP_NORESERVE, -1, 0 <unfinished ...>
2095  munmap(0x7f9042318000, 16384 <unfinished ...>
2100  mmap(0x7f9064608000, 16384, PROT_READ|PROT_WRITE, MAP_PRIVATE|MAP_FIXED|MAP_ANONYMOUS|MAP_NORESERVE, -1, 0 <unfinished ...>
2097  mmap(0x7f903e064000, 16384, PROT_READ|PROT_WRITE, MAP_PRIVATE|MAP_FIXED|MAP_ANONYMOUS|MAP_NORESERVE, -1, 0 <unfinished ...>
2096  <... mmap resumed>)               = 0x7f9040684000
2100  <... mmap resumed>)               = 0x7f9064608000
2097  <... mmap resumed>)               = 0x7f903e064000
2095  <... munmap resumed>)             = 0
2100  munmap(0x7f903af14000, 16384 <unfinished ...>
2096  munmap(0x7f9060b54000, 16384 <unfinished ...>
2097  munmap(0x7f905a7b4000, 16384 <unfinished ...>
2095  mmap(0x7f9042318000, 16384, PROT_READ|PROT_WRITE, MAP_PRIVATE|MAP_FIXED|MAP_ANONYMOUS|MAP_NORESERVE, -1, 0 <unfinished ...>
2100  <... munmap resumed>)             = 0
2096  <... munmap resumed>)             = 0
2096  mmap(0x7f9060b54000, 16384, PROT_READ|PROT_WRITE, MAP_PRIVATE|MAP_FIXED|MAP_ANONYMOUS|MAP_NORESERVE, -1, 0 <unfinished ...>
2100  mmap(0x7f903af14000, 16384, PROT_READ|PROT_WRITE, MAP_PRIVATE|MAP_FIXED|MAP_ANONYMOUS|MAP_NORESERVE, -1, 0 <unfinished ...>
2097  <... munmap resumed>)             = 0
2096  <... mmap resumed>)               = 0x7f9060b54000
2095  <... mmap resumed>)               = 0x7f9042318000
2100  <... mmap resumed>)               = 0x7f903af14000
2096  munmap(0x7f9043470000, 16384 <unfinished ...>
2095  munmap(0x7f90655cc000, 16384 <unfinished ...>
2097  mmap(0x7f905a7b4000, 16384, PROT_READ|PROT_WRITE, MAP_PRIVATE|MAP_FIXED|MAP_ANONYMOUS|MAP_NORESERVE, -1, 0 <unfinished ...>
2100  munmap(0x7f903cdec000, 16384 <unfinished ...>
2095  <... munmap resumed>)             = 0
2095  mmap(0x7f90655cc000, 16384, PROT_READ|PROT_WRITE, MAP_PRIVATE|MAP_FIXED|MAP_ANONYMOUS|MAP_NORESERVE, -1, 0 <unfinished ...>
2097  <... mmap resumed>)               = 0x7f905a7b4000
2100  <... munmap resumed>)             = 0
2097  munmap(0x7f9057624000, 16384 <unfinished ...>
2096  <... munmap resumed>)             = 0
2095  <... mmap resumed>)               = 0x7f90655cc000
2100  mmap(0x7f903cdec000, 16384, PROT_READ|PROT_WRITE, MAP_PRIVATE|MAP_FIXED|MAP_ANONYMOUS|MAP_NORESERVE, -1, 0 <unfinished ...>
2096  mmap(0x7f9043470000, 16384, PROT_READ|PROT_WRITE, MAP_PRIVATE|MAP_FIXED|MAP_ANONYMOUS|MAP_NORESERVE, -1, 0 <unfinished ...>
2095  munmap(0x7f903f39c000, 16384 <unfinished ...>
2097  <... munmap resumed>)             = 0
2096  <... mmap resumed>)               = 0x7f9043470000
2100  <... mmap resumed>)               = 0x7f903cdec000
2097  mmap(0x7f9057624000, 16384, PROT_READ|PROT_WRITE, MAP_PRIVATE|MAP_FIXED|MAP_ANONYMOUS|MAP_NORESERVE, -1, 0 <unfinished ...>
2095  <... munmap resumed>)             = 0
2100  munmap(0x7f9040b28000, 16384 <unfinished ...>
2097  <... mmap resumed>)               = 0x7f9057624000
2096  munmap(0x7f903e008000, 16384 <unfinished ...>
2095  mmap(0x7f903f39c000, 16384, PROT_READ|PROT_WRITE, MAP_PRIVATE|MAP_FIXED|MAP_ANONYMOUS|MAP_NORESERVE, -1, 0 <unfinished ...>
2100  <... munmap resumed>)             = 0
2100  mmap(0x7f9040b28000, 16384, PROT_READ|PROT_WRITE, MAP_PRIVATE|MAP_FIXED|MAP_ANONYMOUS|MAP_NORESERVE, -1, 0 <unfinished ...>
2097  munmap(0x7f903eba4000, 16384 <unfinished ...>
2100  <... mmap resumed>)               = 0x7f9040b28000
2097  <... munmap resumed>)             = 0
2096  <... munmap resumed>)             = 0
2100  munmap(0x7f905d798000, 16384 <unfinished ...>
2095  <... mmap resumed>)               = 0x7f903f39c000
2096  mmap(0x7f903e008000, 16384, PROT_READ|PROT_WRITE, MAP_PRIVATE|MAP_FIXED|MAP_ANONYMOUS|MAP_NORESERVE, -1, 0 <unfinished ...>
2097  mmap(0x7f903eba4000, 16384, PROT_READ|PROT_WRITE, MAP_PRIVATE|MAP_FIXED|MAP_ANONYMOUS|MAP_NORESERVE, -1, 0 <unfinished ...>
2095  munmap(0x7f904c440000, 16384 <unfinished ...>
2100  <... munmap resumed>)             = 0
2096  <... mmap resumed>)               = 0x7f903e008000
2097  <... mmap resumed>)               = 0x7f903eba4000
2095  <... munmap resumed>)             = 0
2100  mmap(0x7f905d798000, 16384, PROT_READ|PROT_WRITE, MAP_PRIVATE|MAP_FIXED|MAP_ANONYMOUS|MAP_NORESERVE, -1, 0 <unfinished ...>
2096  munmap(0x7f90468f4000, 16384 <unfinished ...>
2100  <... mmap resumed>)               = 0x7f905d798000
2097  munmap(0x7f9061b6c000, 16384 <unfinished ...>
2095  mmap(0x7f904c440000, 16384, PROT_READ|PROT_WRITE, MAP_PRIVATE|MAP_FIXED|MAP_ANONYMOUS|MAP_NORESERVE, -1, 0 <unfinished ...>
2096  <... munmap resumed>)             = 0
2100  munmap(0x7f9055bc8000, 16384 <unfinished ...>
2096  mmap(0x7f90468f4000, 16384, PROT_READ|PROT_WRITE, MAP_PRIVATE|MAP_FIXED|MAP_ANONYMOUS|MAP_NORESERVE, -1, 0 <unfinished ...>
2097  <... munmap resumed>)             = 0
2096  <... mmap resumed>)               = 0x7f90468f4000
2095  <... mmap resumed>)               = 0x7f904c440000
2097  mmap(0x7f9061b6c000, 16384, PROT_READ|PROT_WRITE, MAP_PRIVATE|MAP_FIXED|MAP_ANONYMOUS|MAP_NORESERVE, -1, 0 <unfinished ...>
2096  munmap(0x7f9048e78000, 16384 <unfinished ...>
2095  munmap(0x7f904a7d8000, 16384 <unfinished ...>
2100  <... munmap resumed>)             = 0
2100  mmap(0x7f9055bc8000, 16384, PROT_READ|PROT_WRITE, MAP_PRIVATE|MAP_FIXED|MAP_ANONYMOUS|MAP_NORESERVE, -1, 0 <unfinished ...>
2096  <... munmap resumed>)             = 0
2097  <... mmap resumed>)               = 0x7f9061b6c000
2095  <... munmap resumed>)             = 0
2100  <... mmap resumed>)               = 0x7f9055bc8000
2097  munmap(0x7f905afd0000, 16384 <unfinished ...>
2100  munmap(0x7f9039ff8000, 16384 <unfinished ...>
2096  mmap(0x7f9048e78000, 16384, PROT_READ|PROT_WRITE, MAP_PRIVATE|MAP_FIXED|MAP_ANONYMOUS|MAP_NORESERVE, -1, 0 <unfinished ...>
2095  mmap(0x7f904a7d8000, 16384, PROT_READ|PROT_WRITE, MAP_PRIVATE|MAP_FIXED|MAP_ANONYMOUS|MAP_NORESERVE, -1, 0 <unfinished ...>
2097  <... munmap resumed>)             = 0
2100  <... munmap resumed>)             = 0
2096  <... mmap resumed>)               = 0x7f9048e78000
2100  mmap(0x7f9039ff8000, 16384, PROT_READ|PROT_WRITE, MAP_PRIVATE|MAP_FIXED|MAP_ANONYMOUS|MAP_NORESERVE, -1, 0 <unfinished ...>
2097  mmap(0x7f905afd0000, 16384, PROT_READ|PROT_WRITE, MAP_PRIVATE|MAP_FIXED|MAP_ANONYMOUS|MAP_NORESERVE, -1, 0 <unfinished ...>
2095  <... mmap resumed>)               = 0x7f904a7d8000
2100  <... mmap resumed>)               = 0x7f9039ff8000
2097  <... mmap resumed>)               = 0x7f905afd0000
2096  munmap(0x7f9058b00000, 16384 <unfinished ...>
2100  munmap(0x7f9052bc8000, 16384 <unfinished ...>
2095  munmap(0x7f90469c4000, 16384 <unfinished ...>
2097  munmap(0x7f905004c000, 16384 <unfinished ...>
2100  <... munmap resumed>)             = 0
2100  mmap(0x7f9052bc8000, 16384, PROT_READ|PROT_WRITE, MAP_PRIVATE|MAP_FIXED|MAP_ANONYMOUS|MAP_NORESERVE, -1, 0 <unfinished ...>
2097  <... munmap resumed>)             = 0
2095  <... munmap resumed>)             = 0
2097  mmap(0x7f905004c000, 16384, PROT_READ|PROT_WRITE, MAP_PRIVATE|MAP_FIXED|MAP_ANONYMOUS|MAP_NORESERVE, -1, 0 <unfinished ...>
2095  mmap(0x7f90469c4000, 16384, PROT_READ|PROT_WRITE, MAP_PRIVATE|MAP_FIXED|MAP_ANONYMOUS|MAP_NORESERVE, -1, 0 <unfinished ...>
2097  <... mmap resumed>)               = 0x7f905004c000
2095  <... mmap resumed>)               = 0x7f90469c4000
2096  <... munmap resumed>)             = 0
2097  munmap(0x7f90457f4000, 16384 <unfinished ...>
2096  mmap(0x7f9058b00000, 16384, PROT_READ|PROT_WRITE, MAP_PRIVATE|MAP_FIXED|MAP_ANONYMOUS|MAP_NORESERVE, -1, 0 <unfinished ...>
2095  munmap(0x7f90659e4000, 16384 <unfinished ...>
2100  <... mmap resumed>)               = 0x7f9052bc8000
2096  <... mmap resumed>)               = 0x7f9058b00000
2100  munmap(0x7f90443e4000, 16384 <unfinished ...>
2097  <... munmap resumed>)             = 0
2095  <... munmap resumed>)             = 0
2100  <... munmap resumed>)             = 0
2097  mmap(0x7f90457f4000, 16384, PROT_READ|PROT_WRITE, MAP_PRIVATE|MAP_FIXED|MAP_ANONYMOUS|MAP_NORESERVE, -1, 0 <unfinished ...>
2096  munmap(0x7f904d990000, 16384 <unfinished ...>
2095  mmap(0x7f90659e4000, 16384, PROT_READ|PROT_WRITE, MAP_PRIVATE|MAP_FIXED|MAP_ANONYMOUS|MAP_NORESERVE, -1, 0 <unfinished ...>
2100  mmap(0x7f90443e4000, 16384, PROT_READ|PROT_WRITE, MAP_PRIVATE|MAP_FIXED|MAP_ANONYMOUS|MAP_NORESERVE, -1, 0 <unfinished ...>
2097  <... mmap resumed>)               = 0x7f90457f4000
2097  munmap(0x7f9062544000, 16384 <unfinished ...>
2096  <... munmap resumed>)             = 0
2096  mmap(0x7f904d990000, 16384, PROT_READ|PROT_WRITE, MAP_PRIVATE|MAP_FIXED|MAP_ANONYMOUS|MAP_NORESERVE, -1, 0 <unfinished ...>
2095  <... mmap resumed>)               = 0x7f90659e4000
2097  <... munmap resumed>)             = 0
2096  <... mmap resumed>)               = 0x7f904d990000
2097  mmap(0x7f9062544000, 16384, PROT_READ|PROT_WRITE, MAP_PRIVATE|MAP_FIXED|MAP_ANONYMOUS|MAP_NORESERVE, -1, 0 <unfinished ...>
2100  <... mmap resumed>)               = 0x7f90443e4000
2096  munmap(0x7f9065678000, 16384 <unfinished ...>
2095  munmap(0x7f90593a4000, 16384 <unfinished ...>
2097  <... mmap resumed>)               = 0x7f9062544000
2100  munmap(0x7f90474ec000, 16384 <unfinished ...>
2097  munmap(0x7f903ba40000, 16384 <unfinished ...>
2096  <... munmap resumed>)             = 0
2096  mmap(0x7f9065678000, 16384, PROT_READ|PROT_WRITE, MAP_PRIVATE|MAP_FIXED|MAP_ANONYMOUS|MAP_NORESERVE, -1, 0 <unfinished ...>
2097  <... munmap resumed>)             = 0
2095  <... munmap resumed>)             = 0
2100  <... munmap resumed>)             = 0
2096  <... mmap resumed>)               = 0x7f9065678000
2097  mmap(0x7f903ba40000, 16384, PROT_READ|PROT_WRITE, MAP_PRIVATE|MAP_FIXED|MAP_ANONYMOUS|MAP_NORESERVE, -1, 0 <unfinished ...>
2095  mmap(0x7f90593a4000, 16384, PROT_READ|PROT_WRITE, MAP_PRIVATE|MAP_FIXED|MAP_ANONYMOUS|MAP_NORESERVE, -1, 0 <unfinished ...>
2100  mmap(0x7f90474ec000, 16384, PROT_READ|PROT_WRITE, MAP_PRIVATE|MAP_FIXED|MAP_ANONYMOUS|MAP_NORESERVE, -1, 0 <unfinished ...>
2097  <... mmap resumed>)               = 0x7f903ba40000
2096  munmap(0x7f903d884000, 16384 <unfinished ...>
2095  <... mmap resumed>)               = 0x7f90593a4000
2100  <... mmap resumed>)               = 0x7f90474ec000
2097  munmap(0x7f9051564000, 16384 <unfinished ...>
2096  <... munmap resumed>)             = 0
2100  munmap(0x7f90588e0000, 16384 <unfinished ...>
2095  munmap(0x7f9046178000, 16384 <unfinished ...>
2100  <... munmap resumed>)             = 0
2097  <... munmap resumed>)             = 0
2096  mmap(0x7f903d884000, 16384, PROT_READ|PROT_WRITE, MAP_PRIVATE|MAP_FIXED|MAP_ANONYMOUS|MAP_NORESERVE, -1, 0 <unfinished ...>
2100  mmap(0x7f90588e0000, 16384, PROT_READ|PROT_WRITE, MAP_PRIVATE|MAP_FIXED|MAP_ANONYMOUS|MAP_NORESERVE, -1, 0 <unfinished ...>
2097  mmap(0x7f9051564000, 16384, PROT_READ|PROT_WRITE, MAP_PRIVATE|MAP_FIXED|MAP_ANONYMOUS|MAP_NORESERVE, -1, 0 <unfinished ...>
2095  <... munmap resumed>)             = 0
2096  <... mmap resumed>)               = 0x7f903d884000
2100  <... mmap resumed>)               = 0x7f90588e0000
2095  mmap(0x7f9046178000, 16384, PROT_READ|PROT_WRITE, MAP_PRIVATE|MAP_FIXED|MAP_ANONYMOUS|MAP_NORESERVE, -1, 0 <unfinished ...>
2097  <... mmap resumed>)               = 0x7f9051564000
2100  munmap(0x7f9044ff0000, 16384 <unfinished ...>
2096  munmap(0x7f9064de0000, 16384 <unfinished ...>
2095  <... mmap resumed>)               = 0x7f9046178000
2100  <... munmap resumed>)             = 0
2097  munmap(0x7f9047fdc000, 16384 <unfinished ...>
2095  munmap(0x7f9065284000, 16384 <unfinished ...>
2100  mmap(0x7f9044ff0000, 16384, PROT_READ|PROT_WRITE, MAP_PRIVATE|MAP_FIXED|MAP_ANONYMOUS|MAP_NORESERVE, -1, 0 <unfinished ...>
2097  <... munmap resumed>)             = 0
2096  <... munmap resumed>)             = 0
2097  mmap(0x7f9047fdc000, 16384, PROT_READ|PROT_WRITE, MAP_PRIVATE|MAP_FIXED|MAP_ANONYMOUS|MAP_NORESERVE, -1, 0 <unfinished ...>
2096  mmap(0x7f9064de0000, 16384, PROT_READ|PROT_WRITE, MAP_PRIVATE|MAP_FIXED|MAP_ANONYMOUS|MAP_NORESERVE, -1, 0 <unfinished ...>
2095  <... munmap resumed>)             = 0
2100  <... mmap resumed>)               = 0x7f9044ff0000
2095  mmap(0x7f9065284000, 16384, PROT_READ|PROT_WRITE, MAP_PRIVATE|MAP_FIXED|MAP_ANONYMOUS|MAP_NORESERVE, -1, 0 <unfinished ...>
2096  <... mmap resumed>)               = 0x7f9064de0000
2097  <... mmap resumed>)               = 0x7f9047fdc000
2100  munmap(0x7f9042708000, 16384 <unfinished ...>
2095  <... mmap resumed>)               = 0x7f9065284000
2096  munmap(0x7f9053188000, 16384 <unfinished ...>
2100  <... munmap resumed>)             = 0
2097  munmap(0x7f9057f58000, 16384 <unfinished ...>
2096  <... munmap resumed>)             = 0
2095  munmap(0x7f905042c000, 16384 <unfinished ...>
2100  mmap(0x7f9042708000, 16384, PROT_READ|PROT_WRITE, MAP_PRIVATE|MAP_FIXED|MAP_ANONYMOUS|MAP_NORESERVE, -1, 0 <unfinished ...>
2096  mmap(0x7f9053188000, 16384, PROT_READ|PROT_WRITE, MAP_PRIVATE|MAP_FIXED|MAP_ANONYMOUS|MAP_NORESERVE, -1, 0) = 0x7f9053188000
2097  <... munmap resumed>)             = 0
2100  <... mmap resumed>)               = 0x7f9042708000
2096  munmap(0x7f9049ea8000, 16384 <unfinished ...>
2097  mmap(0x7f9057f58000, 16384, PROT_READ|PROT_WRITE, MAP_PRIVATE|MAP_FIXED|MAP_ANONYMOUS|MAP_NORESERVE, -1, 0 <unfinished ...>
2100  munmap(0x7f90562f4000, 16384 <unfinished ...>
2097  <... mmap resumed>)               = 0x7f9057f58000
2096  <... munmap resumed>)             = 0
2095  <... munmap resumed>)             = 0
2097  munmap(0x7f9056f9c000, 16384 <unfinished ...>
2100  <... munmap resumed>)             = 0
2096  mmap(0x7f9049ea8000, 16384, PROT_READ|PROT_WRITE, MAP_PRIVATE|MAP_FIXED|MAP_ANONYMOUS|MAP_NORESERVE, -1, 0 <unfinished ...>
2095  mmap(0x7f905042c000, 16384, PROT_READ|PROT_WRITE, MAP_PRIVATE|MAP_FIXED|MAP_ANONYMOUS|MAP_NORESERVE, -1, 0 <unfinished ...>
2100  mmap(0x7f90562f4000, 16384, PROT_READ|PROT_WRITE, MAP_PRIVATE|MAP_FIXED|MAP_ANONYMOUS|MAP_NORESERVE, -1, 0 <unfinished ...>
2097  <... munmap resumed>)             = 0
2100  <... mmap resumed>)               = 0x7f90562f4000
2097  mmap(0x7f9056f9c000, 16384, PROT_READ|PROT_WRITE, MAP_PRIVATE|MAP_FIXED|MAP_ANONYMOUS|MAP_NORESERVE, -1, 0 <unfinished ...>
2096  <... mmap resumed>)               = 0x7f9049ea8000
2095  <... mmap resumed>)               = 0x7f905042c000
2100  munmap(0x7f905e7ac000, 16384 <unfinished ...>
2097  <... mmap resumed>)               = 0x7f9056f9c000
2096  munmap(0x7f903b030000, 16384 <unfinished ...>
2100  <... munmap resumed>)             = 0
2095  munmap(0x7f9045024000, 16384 <unfinished ...>
2100  mmap(0x7f905e7ac000, 16384, PROT_READ|PROT_WRITE, MAP_PRIVATE|MAP_FIXED|MAP_ANONYMOUS|MAP_NORESERVE, -1, 0) = 0x7f905e7ac000
2097  munmap(0x7f9051944000, 16384 <unfinished ...>
2095  <... munmap resumed>)             = 0
2096  <... munmap resumed>)             = 0
2100  munmap(0x7f9039a58000, 16384 <unfinished ...>
2096  mmap(0x7f903b030000, 16384, PROT_READ|PROT_WRITE, MAP_PRIVATE|MAP_FIXED|MAP_ANONYMOUS|MAP_NORESERVE, -1, 0 <unfinished ...>
2095  mmap(0x7f9045024000, 16384, PROT_READ|PROT_WRITE, MAP_PRIVATE|MAP_FIXED|MAP_ANONYMOUS|MAP_NORESERVE, -1, 0 <unfinished ...>
2100  <... munmap resumed>)             = 0
2097  <... munmap resumed>)             = 0
2100  mmap(0x7f9039a58000, 16384, PROT_READ|PROT_WRITE, MAP_PRIVATE|MAP_FIXED|MAP_ANONYMOUS|MAP_NORESERVE, -1, 0 <unfinished ...>
2097  mmap(0x7f9051944000, 16384, PROT_READ|PROT_WRITE, MAP_PRIVATE|MAP_FIXED|MAP_ANONYMOUS|MAP_NORESERVE, -1, 0 <unfinished ...>
2100  <... mmap resumed>)               = 0x7f9039a58000
2095  <... mmap resumed>)               = 0x7f9045024000
2097  <... mmap resumed>)               = 0x7f9051944000
2096  <... mmap resumed>)               = 0x7f903b030000
2100  munmap(0x7f905b294000, 16384 <unfinished ...>
2097  munmap(0x7f905ea40000, 16384 <unfinished ...>
2095  munmap(0x7f9059c34000, 16384 <unfinished ...>
2096  munmap(0x7f90417cc000, 16384 <unfinished ...>
2100  <... munmap resumed>)             = 0
2096  <... munmap resumed>)             = 0
2097  <... munmap resumed>)             = 0
2100  mmap(0x7f905b294000, 16384, PROT_READ|PROT_WRITE, MAP_PRIVATE|MAP_FIXED|MAP_ANONYMOUS|MAP_NORESERVE, -1, 0 <unfinished ...>
2095  <... munmap resumed>)             = 0
2100  <... mmap resumed>)               = 0x7f905b294000
2097  mmap(0x7f905ea40000, 16384, PROT_READ|PROT_WRITE, MAP_PRIVATE|MAP_FIXED|MAP_ANONYMOUS|MAP_NORESERVE, -1, 0 <unfinished ...>
2096  mmap(0x7f90417cc000, 16384, PROT_READ|PROT_WRITE, MAP_PRIVATE|MAP_FIXED|MAP_ANONYMOUS|MAP_NORESERVE, -1, 0 <unfinished ...>
2100  munmap(0x7f903a418000, 16384 <unfinished ...>
2095  mmap(0x7f9059c34000, 16384, PROT_READ|PROT_WRITE, MAP_PRIVATE|MAP_FIXED|MAP_ANONYMOUS|MAP_NORESERVE, -1, 0 <unfinished ...>
2097  <... mmap resumed>)               = 0x7f905ea40000
2097  munmap(0x7f9040f7c000, 16384 <unfinished ...>
2095  <... mmap resumed>)               = 0x7f9059c34000
2100  <... munmap resumed>)             = 0
2097  <... munmap resumed>)             = 0
2096  <... mmap resumed>)               = 0x7f90417cc000
2100  mmap(0x7f903a418000, 16384, PROT_READ|PROT_WRITE, MAP_PRIVATE|MAP_FIXED|MAP_ANONYMOUS|MAP_NORESERVE, -1, 0 <unfinished ...>
2095  munmap(0x7f9050b50000, 16384 <unfinished ...>
2100  <... mmap resumed>)               = 0x7f903a418000
2097  mmap(0x7f9040f7c000, 16384, PROT_READ|PROT_WRITE, MAP_PRIVATE|MAP_FIXED|MAP_ANONYMOUS|MAP_NORESERVE, -1, 0 <unfinished ...>
2096  munmap(0x7f9063dd4000, 16384 <unfinished ...>
2095  <... munmap resumed>)             = 0
2100  munmap(0x7f9045ca4000, 16384 <unfinished ...>
2097  <... mmap resumed>)               = 0x7f9040f7c000
2096  <... munmap resumed>)             = 0
2095  mmap(0x7f9050b50000, 16384, PROT_READ|PROT_WRITE, MAP_PRIVATE|MAP_FIXED|MAP_ANONYMOUS|MAP_NORESERVE, -1, 0 <unfinished ...>
2096  mmap(0x7f9063dd4000, 16384, PROT_READ|PROT_WRITE, MAP_PRIVATE|MAP_FIXED|MAP_ANONYMOUS|MAP_NORESERVE, -1, 0 <unfinished ...>
2095  <... mmap resumed>)               = 0x7f9050b50000
2100  <... munmap resumed>)             = 0
2097  munmap(0x7f9051160000, 16384 <unfinished ...>
2095  munmap(0x7f90657c0000, 16384 <unfinished ...>
2096  <... mmap resumed>)               = 0x7f9063dd4000
2100  mmap(0x7f9045ca4000, 16384, PROT_READ|PROT_WRITE, MAP_PRIVATE|MAP_FIXED|MAP_ANONYMOUS|MAP_NORESERVE, -1, 0 <unfinished ...>
2096  munmap(0x7f9057610000, 16384 <unfinished ...>
2097  <... munmap resumed>)             = 0
2095  <... munmap resumed>)             = 0
2100  <... mmap resumed>)               = 0x7f9045ca4000
2097  mmap(0x7f9051160000, 16384, PROT_READ|PROT_WRITE, MAP_PRIVATE|MAP_FIXED|MAP_ANONYMOUS|MAP_NORESERVE, -1, 0 <unfinished ...>
2100  munmap(0x7f905dbc4000, 16384 <unfinished ...>
2096  <... munmap resumed>)             = 0
2095  mmap(0x7f90657c0000, 16384, PROT_READ|PROT_WRITE, MAP_PRIVATE|MAP_FIXED|MAP_ANONYMOUS|MAP_NORESERVE, -1, 0 <unfinished ...>
2100  <... munmap resumed>)             = 0
2097  <... mmap resumed>)               = 0x7f9051160000
2096  mmap(0x7f9057610000, 16384, PROT_READ|PROT_WRITE, MAP_PRIVATE|MAP_FIXED|MAP_ANONYMOUS|MAP_NORESERVE, -1, 0 <unfinished ...>
2100  mmap(0x7f905dbc4000, 16384, PROT_READ|PROT_WRITE, MAP_PRIVATE|MAP_FIXED|MAP_ANONYMOUS|MAP_NORESERVE, -1, 0 <unfinished ...>
2096  <... mmap resumed>)               = 0x7f9057610000
2095  <... mmap resumed>)               = 0x7f90657c0000
2100  <... mmap resumed>)               = 0x7f905dbc4000
2097  munmap(0x7f9047810000, 16384 <unfinished ...>
2096  munmap(0x7f904195c000, 16384 <unfinished ...>
2095  munmap(0x7f9048760000, 16384 <unfinished ...>
2097  <... munmap resumed>)             = 0
2097  mmap(0x7f9047810000, 16384, PROT_READ|PROT_WRITE, MAP_PRIVATE|MAP_FIXED|MAP_ANONYMOUS|MAP_NORESERVE, -1, 0 <unfinished ...>
2100  munmap(0x7f904e994000, 16384 <unfinished ...>
2096  <... munmap resumed>)             = 0
2095  <... munmap resumed>)             = 0
2100  <... munmap resumed>)             = 0
2097  <... mmap resumed>)               = 0x7f9047810000
2096  mmap(0x7f904195c000, 16384, PROT_READ|PROT_WRITE, MAP_PRIVATE|MAP_FIXED|MAP_ANONYMOUS|MAP_NORESERVE, -1, 0 <unfinished ...>
2095  mmap(0x7f9048760000, 16384, PROT_READ|PROT_WRITE, MAP_PRIVATE|MAP_FIXED|MAP_ANONYMOUS|MAP_NORESERVE, -1, 0 <unfinished ...>
2100  mmap(0x7f904e994000, 16384, PROT_READ|PROT_WRITE, MAP_PRIVATE|MAP_FIXED|MAP_ANONYMOUS|MAP_NORESERVE, -1, 0) = 0x7f904e994000
2095  <... mmap resumed>)               = 0x7f9048760000
2096  <... mmap resumed>)               = 0x7f904195c000
2097  munmap(0x7f904acb0000, 16384 <unfinished ...>
2096  munmap(0x7f90484c4000, 16384 <unfinished ...>
2097  <... munmap resumed>)             = 0
2096  <... munmap resumed>)             = 0
2100  munmap(0x7f9057088000, 16384 <unfinished ...>
2095  munmap(0x7f905d834000, 16384 <unfinished ...>
2097  mmap(0x7f904acb0000, 16384, PROT_READ|PROT_WRITE, MAP_PRIVATE|MAP_FIXED|MAP_ANONYMOUS|MAP_NORESERVE, -1, 0 <unfinished ...>
2096  mmap(0x7f90484c4000, 16384, PROT_READ|PROT_WRITE, MAP_PRIVATE|MAP_FIXED|MAP_ANONYMOUS|MAP_NORESERVE, -1, 0 <unfinished ...>
2095  <... munmap resumed>)             = 0
2100  <... munmap resumed>)             = 0
2097  <... mmap resumed>)               = 0x7f904acb0000
2097  munmap(0x7f9055118000, 16384 <unfinished ...>
2096  <... mmap resumed>)               = 0x7f90484c4000
2095  mmap(0x7f905d834000, 16384, PROT_READ|PROT_WRITE, MAP_PRIVATE|MAP_FIXED|MAP_ANONYMOUS|MAP_NORESERVE, -1, 0 <unfinished ...>
2100  mmap(0x7f9057088000, 16384, PROT_READ|PROT_WRITE, MAP_PRIVATE|MAP_FIXED|MAP_ANONYMOUS|MAP_NORESERVE, -1, 0 <unfinished ...>
2096  munmap(0x7f904ac68000, 16384 <unfinished ...>
2100  <... mmap resumed>)               = 0x7f9057088000
2097  <... munmap resumed>)             = 0
2095  <... mmap resumed>)               = 0x7f905d834000
2096  <... munmap resumed>)             = 0
2097  mmap(0x7f9055118000, 16384, PROT_READ|PROT_WRITE, MAP_PRIVATE|MAP_FIXED|MAP_ANONYMOUS|MAP_NORESERVE, -1, 0 <unfinished ...>
2100  munmap(0x7f903bb34000, 16384 <unfinished ...>
2095  munmap(0x7f904974c000, 16384 <unfinished ...>
2097  <... mmap resumed>)               = 0x7f9055118000
2096  mmap(0x7f904ac68000, 16384, PROT_READ|PROT_WRITE, MAP_PRIVATE|MAP_FIXED|MAP_ANONYMOUS|MAP_NORESERVE, -1, 0 <unfinished ...>
2097  munmap(0x7f905c8c4000, 16384 <unfinished ...>
2100  <... munmap resumed>)             = 0
2096  <... mmap resumed>)               = 0x7f904ac68000
2100  mmap(0x7f903bb34000, 16384, PROT_READ|PROT_WRITE, MAP_PRIVATE|MAP_FIXED|MAP_ANONYMOUS|MAP_NORESERVE, -1, 0 <unfinished ...>
2096  munmap(0x7f9060fec000, 16384 <unfinished ...>
2097  <... munmap resumed>)             = 0
2095  <... munmap resumed>)             = 0
2100  <... mmap resumed>)               = 0x7f903bb34000
2096  <... munmap resumed>)             = 0
2100  munmap(0x7f904c0c0000, 16384 <unfinished ...>
2096  mmap(0x7f9060fec000, 16384, PROT_READ|PROT_WRITE, MAP_PRIVATE|MAP_FIXED|MAP_ANONYMOUS|MAP_NORESERVE, -1, 0 <unfinished ...>
2095  mmap(0x7f904974c000, 16384, PROT_READ|PROT_WRITE, MAP_PRIVATE|MAP_FIXED|MAP_ANONYMOUS|MAP_NORESERVE, -1, 0 <unfinished ...>
2100  <... munmap resumed>)             = 0
2097  mmap(0x7f905c8c4000, 16384, PROT_READ|PROT_WRITE, MAP_PRIVATE|MAP_FIXED|MAP_ANONYMOUS|MAP_NORESERVE, -1, 0 <unfinished ...>
2096  <... mmap resumed>)               = 0x7f9060fec000
2095  <... mmap resumed>)               = 0x7f904974c000
2100  mmap(0x7f904c0c0000, 16384, PROT_READ|PROT_WRITE, MAP_PRIVATE|MAP_FIXED|MAP_ANONYMOUS|MAP_NORESERVE, -1, 0 <unfinished ...>
2096  munmap(0x7f904a718000, 16384 <unfinished ...>
2097  <... mmap resumed>)               = 0x7f905c8c4000
2095  munmap(0x7f904b6f0000, 16384 <unfinished ...>
2097  munmap(0x7f90529ac000, 16384 <unfinished ...>
2096  <... munmap resumed>)             = 0
2095  <... munmap resumed>)             = 0
2100  <... mmap resumed>)               = 0x7f904c0c0000
2100  munmap(0x7f90626dc000, 16384 <unfinished ...>
2097  <... munmap resumed>)             = 0
2096  mmap(0x7f904a718000, 16384, PROT_READ|PROT_WRITE, MAP_PRIVATE|MAP_FIXED|MAP_ANONYMOUS|MAP_NORESERVE, -1, 0 <unfinished ...>
2095  mmap(0x7f904b6f0000, 16384, PROT_READ|PROT_WRITE, MAP_PRIVATE|MAP_FIXED|MAP_ANONYMOUS|MAP_NORESERVE, -1, 0 <unfinished ...>
2100  <... munmap resumed>)             = 0
2097  mmap(0x7f90529ac000, 16384, PROT_READ|PROT_WRITE, MAP_PRIVATE|MAP_FIXED|MAP_ANONYMOUS|MAP_NORESERVE, -1, 0 <unfinished ...>
2100  mmap(0x7f90626dc000, 16384, PROT_READ|PROT_WRITE, MAP_PRIVATE|MAP_FIXED|MAP_ANONYMOUS|MAP_NORESERVE, -1, 0 <unfinished ...>
2097  <... mmap resumed>)               = 0x7f90529ac000
2095  <... mmap resumed>)               = 0x7f904b6f0000
2100  <... mmap resumed>)               = 0x7f90626dc000
2097  munmap(0x7f903b45c000, 16384 <unfinished ...>
2096  <... mmap resumed>)               = 0x7f904a718000
2100  munmap(0x7f9062610000, 16384 <unfinished ...>
2095  munmap(0x7f904f4dc000, 16384 <unfinished ...>
2096  munmap(0x7f9056e40000, 16384 <unfinished ...>
2100  <... munmap resumed>)             = 0
2097  <... munmap resumed>)             = 0
2100  mmap(0x7f9062610000, 16384, PROT_READ|PROT_WRITE, MAP_PRIVATE|MAP_FIXED|MAP_ANONYMOUS|MAP_NORESERVE, -1, 0 <unfinished ...>
2095  <... munmap resumed>)             = 0
2100  <... mmap resumed>)               = 0x7f9062610000
2097  mmap(0x7f903b45c000, 16384, PROT_READ|PROT_WRITE, MAP_PRIVATE|MAP_FIXED|MAP_ANONYMOUS|MAP_NORESERVE, -1, 0 <unfinished ...>
2096  <... munmap resumed>)             = 0
2100  munmap(0x7f903f9ec000, 16384 <unfinished ...>
2097  <... mmap resumed>)               = 0x7f903b45c000
2095  mmap(0x7f904f4dc000, 16384, PROT_READ|PROT_WRITE, MAP_PRIVATE|MAP_FIXED|MAP_ANONYMOUS|MAP_NORESERVE, -1, 0 <unfinished ...>
2096  mmap(0x7f9056e40000, 16384, PROT_READ|PROT_WRITE, MAP_PRIVATE|MAP_FIXED|MAP_ANONYMOUS|MAP_NORESERVE, -1, 0 <unfinished ...>
2100  <... munmap resumed>)             = 0
2097  munmap(0x7f9039af0000, 16384 <unfinished ...>
2096  <... mmap resumed>)               = 0x7f9056e40000
2095  <... mmap resumed>)               = 0x7f904f4dc000
2097  <... munmap resumed>)             = 0
2096  munmap(0x7f9054f3c000, 16384 <unfinished ...>
2100  mmap(0x7f903f9ec000, 16384, PROT_READ|PROT_WRITE, MAP_PRIVATE|MAP_FIXED|MAP_ANONYMOUS|MAP_NORESERVE, -1, 0 <unfinished ...>
2097  mmap(0x7f9039af0000, 16384, PROT_READ|PROT_WRITE, MAP_PRIVATE|MAP_FIXED|MAP_ANONYMOUS|MAP_NORESERVE, -1, 0 <unfinished ...>
2095  munmap(0x7f905a5d4000, 16384 <unfinished ...>
2100  <... mmap resumed>)               = 0x7f903f9ec000
2097  <... mmap resumed>)               = 0x7f9039af0000
2096  <... munmap resumed>)             = 0
2100  munmap(0x7f905c188000, 16384 <unfinished ...>
2097  munmap(0x7f904e2d0000, 16384 <unfinished ...>
2095  <... munmap resumed>)             = 0
2097  <... munmap resumed>)             = 0
2097  mmap(0x7f904e2d0000, 16384, PROT_READ|PROT_WRITE, MAP_PRIVATE|MAP_FIXED|MAP_ANONYMOUS|MAP_NORESERVE, -1, 0 <unfinished ...>
2100  <... munmap resumed>)             = 0
2095  mmap(0x7f905a5d4000, 16384, PROT_READ|PROT_WRITE, MAP_PRIVATE|MAP_FIXED|MAP_ANONYMOUS|MAP_NORESERVE, -1, 0 <unfinished ...>
2100  mmap(0x7f905c188000, 16384, PROT_READ|PROT_WRITE, MAP_PRIVATE|MAP_FIXED|MAP_ANONYMOUS|MAP_NORESERVE, -1, 0 <unfinished ...>
2096  mmap(0x7f9054f3c000, 16384, PROT_READ|PROT_WRITE, MAP_PRIVATE|MAP_FIXED|MAP_ANONYMOUS|MAP_NORESERVE, -1, 0 <unfinished ...>
2097  <... mmap resumed>)               = 0x7f904e2d0000
2100  <... mmap resumed>)               = 0x7f905c188000
2095  <... mmap resumed>)               = 0x7f905a5d4000
2100  munmap(0x7f9047504000, 16384 <unfinished ...>
2097  munmap(0x7f9057eac000, 16384 <unfinished ...>
2095  munmap(0x7f904a7a8000, 16384 <unfinished ...>
2096  <... mmap resumed>)               = 0x7f9054f3c000
2097  <... munmap resumed>)             = 0
2097  mmap(0x7f9057eac000, 16384, PROT_READ|PROT_WRITE, MAP_PRIVATE|MAP_FIXED|MAP_ANONYMOUS|MAP_NORESERVE, -1, 0 <unfinished ...>
2100  <... munmap resumed>)             = 0
2097  <... mmap resumed>)               = 0x7f9057eac000
2100  mmap(0x7f9047504000, 16384, PROT_READ|PROT_WRITE, MAP_PRIVATE|MAP_FIXED|MAP_ANONYMOUS|MAP_NORESERVE, -1, 0 <unfinished ...>
2097  munmap(0x7f9043ce4000, 16384 <unfinished ...>
2096  munmap(0x7f90484ac000, 16384 <unfinished ...>
2100  <... mmap resumed>)               = 0x7f9047504000
2095  <... munmap resumed>)             = 0
2097  <... munmap resumed>)             = 0
2100  munmap(0x7f903f24c000, 16384 <unfinished ...>
2097  mmap(0x7f9043ce4000, 16384, PROT_READ|PROT_WRITE, MAP_PRIVATE|MAP_FIXED|MAP_ANONYMOUS|MAP_NORESERVE, -1, 0 <unfinished ...>
2095  mmap(0x7f904a7a8000, 16384, PROT_READ|PROT_WRITE, MAP_PRIVATE|MAP_FIXED|MAP_ANONYMOUS|MAP_NORESERVE, -1, 0 <unfinished ...>
2096  <... munmap resumed>)             = 0
2100  <... munmap resumed>)             = 0
2097  <... mmap resumed>)               = 0x7f9043ce4000
2096  mmap(0x7f90484ac000, 16384, PROT_READ|PROT_WRITE, MAP_PRIVATE|MAP_FIXED|MAP_ANONYMOUS|MAP_NORESERVE, -1, 0 <unfinished ...>
2095  <... mmap resumed>)               = 0x7f904a7a8000
2100  mmap(0x7f903f24c000, 16384, PROT_READ|PROT_WRITE, MAP_PRIVATE|MAP_FIXED|MAP_ANONYMOUS|MAP_NORESERVE, -1, 0 <unfinished ...>
2097  munmap(0x7f9063108000, 16384 <unfinished ...>
2096  <... mmap resumed>)               = 0x7f90484ac000
2095  munmap(0x7f9040c48000, 16384 <unfinished ...>
2100  <... mmap resumed>)               = 0x7f903f24c000
2097  <... munmap resumed>)             = 0
2096  munmap(0x7f9054498000, 16384 <unfinished ...>
2097  mmap(0x7f9063108000, 16384, PROT_READ|PROT_WRITE, MAP_PRIVATE|MAP_FIXED|MAP_ANONYMOUS|MAP_NORESERVE, -1, 0 <unfinished ...>
2095  <... munmap resumed>)             = 0
2100  munmap(0x7f9040f80000, 16384 <unfinished ...>
2097  <... mmap resumed>)               = 0x7f9063108000
2097  munmap(0x7f9052d94000, 16384 <unfinished ...>
2095  mmap(0x7f9040c48000, 16384, PROT_READ|PROT_WRITE, MAP_PRIVATE|MAP_FIXED|MAP_ANONYMOUS|MAP_NORESERVE, -1, 0 <unfinished ...>
2100  <... munmap resumed>)             = 0
2096  <... munmap resumed>)             = 0
2097  <... munmap resumed>)             = 0
2097  mmap(0x7f9052d94000, 16384, PROT_READ|PROT_WRITE, MAP_PRIVATE|MAP_FIXED|MAP_ANONYMOUS|MAP_NORESERVE, -1, 0 <unfinished ...>
2095  <... mmap resumed>)               = 0x7f9040c48000
2100  mmap(0x7f9040f80000, 16384, PROT_READ|PROT_WRITE, MAP_PRIVATE|MAP_FIXED|MAP_ANONYMOUS|MAP_NORESERVE, -1, 0 <unfinished ...>
2097  <... mmap resumed>)               = 0x7f9052d94000
2096  mmap(0x7f9054498000, 16384, PROT_READ|PROT_WRITE, MAP_PRIVATE|MAP_FIXED|MAP_ANONYMOUS|MAP_NORESERVE, -1, 0 <unfinished ...>
2095  munmap(0x7f903ec18000, 16384 <unfinished ...>
2100  <... mmap resumed>)               = 0x7f9040f80000
2100  munmap(0x7f9056438000, 16384 <unfinished ...>
2097  munmap(0x7f9052cf8000, 16384 <unfinished ...>
2096  <... mmap resumed>)               = 0x7f9054498000
2096  munmap(0x7f9048930000, 16384 <unfinished ...>
2095  <... munmap resumed>)             = 0
2095  mmap(0x7f903ec18000, 16384, PROT_READ|PROT_WRITE, MAP_PRIVATE|MAP_FIXED|MAP_ANONYMOUS|MAP_NORESERVE, -1, 0 <unfinished ...>
2097  <... munmap resumed>)             = 0
2095  <... mmap resumed>)               = 0x7f903ec18000
2100  <... munmap resumed>)             = 0
2100  mmap(0x7f9056438000, 16384, PROT_READ|PROT_WRITE, MAP_PRIVATE|MAP_FIXED|MAP_ANONYMOUS|MAP_NORESERVE, -1, 0 <unfinished ...>
2097  mmap(0x7f9052cf8000, 16384, PROT_READ|PROT_WRITE, MAP_PRIVATE|MAP_FIXED|MAP_ANONYMOUS|MAP_NORESERVE, -1, 0 <unfinished ...>
2096  <... munmap resumed>)             = 0
2095  munmap(0x7f90558ac000, 16384 <unfinished ...>
2100  <... mmap resumed>)               = 0x7f9056438000
2097  <... mmap resumed>)               = 0x7f9052cf8000
2100  munmap(0x7f9039750000, 16384 <unfinished ...>
2097  munmap(0x7f90448b0000, 16384 <unfinished ...>
2096  mmap(0x7f9048930000, 16384, PROT_READ|PROT_WRITE, MAP_PRIVATE|MAP_FIXED|MAP_ANONYMOUS|MAP_NORESERVE, -1, 0 <unfinished ...>
2095  <... munmap resumed>)             = 0
2095  mmap(0x7f90558ac000, 16384, PROT_READ|PROT_WRITE, MAP_PRIVATE|MAP_FIXED|MAP_ANONYMOUS|MAP_NORESERVE, -1, 0 <unfinished ...>
2097  <... munmap resumed>)             = 0
2095  <... mmap resumed>)               = 0x7f90558ac000
2100  <... munmap resumed>)             = 0
2097  mmap(0x7f90448b0000, 16384, PROT_READ|PROT_WRITE, MAP_PRIVATE|MAP_FIXED|MAP_ANONYMOUS|MAP_NORESERVE, -1, 0 <unfinished ...>
2096  <... mmap resumed>)               = 0x7f9048930000
2095  munmap(0x7f90586a0000, 16384 <unfinished ...>
2100  mmap(0x7f9039750000, 16384, PROT_READ|PROT_WRITE, MAP_PRIVATE|MAP_FIXED|MAP_ANONYMOUS|MAP_NORESERVE, -1, 0 <unfinished ...>
2097  <... mmap resumed>)               = 0x7f90448b0000
2096  munmap(0x7f90590e8000, 16384 <unfinished ...>
2100  <... mmap resumed>)               = 0x7f9039750000
2097  munmap(0x7f9049dc0000, 16384 <unfinished ...>
2100  munmap(0x7f904a298000, 16384 <unfinished ...>
2096  <... munmap resumed>)             = 0
2095  <... munmap resumed>)             = 0
2100  <... munmap resumed>)             = 0
2097  <... munmap resumed>)             = 0
2100  mmap(0x7f904a298000, 16384, PROT_READ|PROT_WRITE, MAP_PRIVATE|MAP_FIXED|MAP_ANONYMOUS|MAP_NORESERVE, -1, 0 <unfinished ...>
2097  mmap(0x7f9049dc0000, 16384, PROT_READ|PROT_WRITE, MAP_PRIVATE|MAP_FIXED|MAP_ANONYMOUS|MAP_NORESERVE, -1, 0 <unfinished ...>
2100  <... mmap resumed>)               = 0x7f904a298000
2100  munmap(0x7f90595e0000, 16384 <unfinished ...>
2097  <... mmap resumed>)               = 0x7f9049dc0000
2095  mmap(0x7f90586a0000, 16384, PROT_READ|PROT_WRITE, MAP_PRIVATE|MAP_FIXED|MAP_ANONYMOUS|MAP_NORESERVE, -1, 0 <unfinished ...>
2100  <... munmap resumed>)             = 0
2097  munmap(0x7f9046160000, 16384 <unfinished ...>
2100  mmap(0x7f90595e0000, 16384, PROT_READ|PROT_WRITE, MAP_PRIVATE|MAP_FIXED|MAP_ANONYMOUS|MAP_NORESERVE, -1, 0) = 0x7f90595e0000
2097  <... munmap resumed>)             = 0
2096  mmap(0x7f90590e8000, 16384, PROT_READ|PROT_WRITE, MAP_PRIVATE|MAP_FIXED|MAP_ANONYMOUS|MAP_NORESERVE, -1, 0 <unfinished ...>
2095  <... mmap resumed>)               = 0x7f90586a0000
2100  munmap(0x7f90556e4000, 16384 <unfinished ...>
2097  mmap(0x7f9046160000, 16384, PROT_READ|PROT_WRITE, MAP_PRIVATE|MAP_FIXED|MAP_ANONYMOUS|MAP_NORESERVE, -1, 0 <unfinished ...>
2100  <... munmap resumed>)             = 0
2095  munmap(0x7f904cdc4000, 16384 <unfinished ...>
2100  mmap(0x7f90556e4000, 16384, PROT_READ|PROT_WRITE, MAP_PRIVATE|MAP_FIXED|MAP_ANONYMOUS|MAP_NORESERVE, -1, 0 <unfinished ...>
2095  <... munmap resumed>)             = 0
2100  <... mmap resumed>)               = 0x7f90556e4000
2095  mmap(0x7f904cdc4000, 16384, PROT_READ|PROT_WRITE, MAP_PRIVATE|MAP_FIXED|MAP_ANONYMOUS|MAP_NORESERVE, -1, 0 <unfinished ...>
2100  munmap(0x7f9064450000, 16384 <unfinished ...>
2095  <... mmap resumed>)               = 0x7f904cdc4000
2100  <... munmap resumed>)             = 0
2097  <... mmap resumed>)               = 0x7f9046160000
2096  <... mmap resumed>)               = 0x7f90590e8000
2095  munmap(0x7f904d094000, 16384 <unfinished ...>
2100  mmap(0x7f9064450000, 16384, PROT_READ|PROT_WRITE, MAP_PRIVATE|MAP_FIXED|MAP_ANONYMOUS|MAP_NORESERVE, -1, 0 <unfinished ...>
2097  munmap(0x7f9047b30000, 16384 <unfinished ...>
2100  <... mmap resumed>)               = 0x7f9064450000
2095  <... munmap resumed>)             = 0
2096  munmap(0x7f9040344000, 16384 <unfinished ...>
2097  <... munmap resumed>)             = 0
2100  munmap(0x7f9058660000, 16384 <unfinished ...>
2095  mmap(0x7f904d094000, 16384, PROT_READ|PROT_WRITE, MAP_PRIVATE|MAP_FIXED|MAP_ANONYMOUS|MAP_NORESERVE, -1, 0 <unfinished ...>
2097  mmap(0x7f9047b30000, 16384, PROT_READ|PROT_WRITE, MAP_PRIVATE|MAP_FIXED|MAP_ANONYMOUS|MAP_NORESERVE, -1, 0 <unfinished ...>
2100  <... munmap resumed>)             = 0
2096  <... munmap resumed>)             = 0
2100  mmap(0x7f9058660000, 16384, PROT_READ|PROT_WRITE, MAP_PRIVATE|MAP_FIXED|MAP_ANONYMOUS|MAP_NORESERVE, -1, 0 <unfinished ...>
2097  <... mmap resumed>)               = 0x7f9047b30000
2096  mmap(0x7f9040344000, 16384, PROT_READ|PROT_WRITE, MAP_PRIVATE|MAP_FIXED|MAP_ANONYMOUS|MAP_NORESERVE, -1, 0 <unfinished ...>
2100  <... mmap resumed>)               = 0x7f9058660000
2097  munmap(0x7f90564f4000, 16384 <unfinished ...>
2096  <... mmap resumed>)               = 0x7f9040344000
2095  <... mmap resumed>)               = 0x7f904d094000
2100  munmap(0x7f905eb08000, 16384 <unfinished ...>
2097  <... munmap resumed>)             = 0
2096  munmap(0x7f904de64000, 16384 <unfinished ...>
2095  munmap(0x7f9048c1c000, 16384 <unfinished ...>
2100  <... munmap resumed>)             = 0
2096  <... munmap resumed>)             = 0
2095  <... munmap resumed>)             = 0
2100  mmap(0x7f905eb08000, 16384, PROT_READ|PROT_WRITE, MAP_PRIVATE|MAP_FIXED|MAP_ANONYMOUS|MAP_NORESERVE, -1, 0 <unfinished ...>
2097  mmap(0x7f90564f4000, 16384, PROT_READ|PROT_WRITE, MAP_PRIVATE|MAP_FIXED|MAP_ANONYMOUS|MAP_NORESERVE, -1, 0 <unfinished ...>
2096  mmap(0x7f904de64000, 16384, PROT_READ|PROT_WRITE, MAP_PRIVATE|MAP_FIXED|MAP_ANONYMOUS|MAP_NORESERVE, -1, 0 <unfinished ...>
2095  mmap(0x7f9048c1c000, 16384, PROT_READ|PROT_WRITE, MAP_PRIVATE|MAP_FIXED|MAP_ANONYMOUS|MAP_NORESERVE, -1, 0 <unfinished ...>
2100  <... mmap resumed>)               = 0x7f905eb08000
2100  munmap(0x7f9057f4c000, 16384 <unfinished ...>
2097  <... mmap resumed>)               = 0x7f90564f4000
2096  <... mmap resumed>)               = 0x7f904de64000
2100  <... munmap resumed>)             = 0
2097  munmap(0x7f903da28000, 16384 <unfinished ...>
2100  mmap(0x7f9057f4c000, 16384, PROT_READ|PROT_WRITE, MAP_PRIVATE|MAP_FIXED|MAP_ANONYMOUS|MAP_NORESERVE, -1, 0 <unfinished ...>
2096  munmap(0x7f9052b88000, 16384 <unfinished ...>
2100  <... mmap resumed>)               = 0x7f9057f4c000
2097  <... munmap resumed>)             = 0
2095  <... mmap resumed>)               = 0x7f9048c1c000
2096  <... munmap resumed>)             = 0
2100  munmap(0x7f9061b98000, 16384 <unfinished ...>
2097  mmap(0x7f903da28000, 16384, PROT_READ|PROT_WRITE, MAP_PRIVATE|MAP_FIXED|MAP_ANONYMOUS|MAP_NORESERVE, -1, 0 <unfinished ...>
2096  mmap(0x7f9052b88000, 16384, PROT_READ|PROT_WRITE, MAP_PRIVATE|MAP_FIXED|MAP_ANONYMOUS|MAP_NORESERVE, -1, 0 <unfinished ...>
2095  munmap(0x7f903a4ec000, 16384 <unfinished ...>
2100  <... munmap resumed>)             = 0
2100  mmap(0x7f9061b98000, 16384, PROT_READ|PROT_WRITE, MAP_PRIVATE|MAP_FIXED|MAP_ANONYMOUS|MAP_NORESERVE, -1, 0 <unfinished ...>
2096  <... mmap resumed>)               = 0x7f9052b88000
2100  <... mmap resumed>)               = 0x7f9061b98000
2097  <... mmap resumed>)               = 0x7f903da28000
2095  <... munmap resumed>)             = 0
2100  munmap(0x7f9058b80000, 16384 <unfinished ...>
2096  munmap(0x7f9039880000, 16384 <unfinished ...>
2097  munmap(0x7f9040bcc000, 16384 <unfinished ...>
2100  <... munmap resumed>)             = 0
2095  mmap(0x7f903a4ec000, 16384, PROT_READ|PROT_WRITE, MAP_PRIVATE|MAP_FIXED|MAP_ANONYMOUS|MAP_NORESERVE, -1, 0 <unfinished ...>
2100  mmap(0x7f9058b80000, 16384, PROT_READ|PROT_WRITE, MAP_PRIVATE|MAP_FIXED|MAP_ANONYMOUS|MAP_NORESERVE, -1, 0 <unfinished ...>
2096  <... munmap resumed>)             = 0
2097  <... munmap resumed>)             = 0
2100  <... mmap resumed>)               = 0x7f9058b80000
2095  <... mmap resumed>)               = 0x7f903a4ec000
2097  mmap(0x7f9040bcc000, 16384, PROT_READ|PROT_WRITE, MAP_PRIVATE|MAP_FIXED|MAP_ANONYMOUS|MAP_NORESERVE, -1, 0 <unfinished ...>
2096  mmap(0x7f9039880000, 16384, PROT_READ|PROT_WRITE, MAP_PRIVATE|MAP_FIXED|MAP_ANONYMOUS|MAP_NORESERVE, -1, 0 <unfinished ...>
2100  munmap(0x7f905a8e8000, 16384 <unfinished ...>
2097  <... mmap resumed>)               = 0x7f9040bcc000
2095  munmap(0x7f9061b94000, 16384 <unfinished ...>
2097  munmap(0x7f9052b5c000, 16384 <unfinished ...>
2100  <... munmap resumed>)             = 0
2096  <... mmap resumed>)               = 0x7f9039880000
2100  mmap(0x7f905a8e8000, 16384, PROT_READ|PROT_WRITE, MAP_PRIVATE|MAP_FIXED|MAP_ANONYMOUS|MAP_NORESERVE, -1, 0 <unfinished ...>
2096  munmap(0x7f903f67c000, 16384 <unfinished ...>
2100  <... mmap resumed>)               = 0x7f905a8e8000
2097  <... munmap resumed>)             = 0
2096  <... munmap resumed>)             = 0
2095  <... munmap resumed>)             = 0
2100  munmap(0x7f9059674000, 16384 <unfinished ...>
2096  mmap(0x7f903f67c000, 16384, PROT_READ|PROT_WRITE, MAP_PRIVATE|MAP_FIXED|MAP_ANONYMOUS|MAP_NORESERVE, -1, 0 <unfinished ...>
2100  <... munmap resumed>)             = 0
2095  mmap(0x7f9061b94000, 16384, PROT_READ|PROT_WRITE, MAP_PRIVATE|MAP_FIXED|MAP_ANONYMOUS|MAP_NORESERVE, -1, 0 <unfinished ...>
2097  mmap(0x7f9052b5c000, 16384, PROT_READ|PROT_WRITE, MAP_PRIVATE|MAP_FIXED|MAP_ANONYMOUS|MAP_NORESERVE, -1, 0 <unfinished ...>
2096  <... mmap resumed>)               = 0x7f903f67c000
2100  mmap(0x7f9059674000, 16384, PROT_READ|PROT_WRITE, MAP_PRIVATE|MAP_FIXED|MAP_ANONYMOUS|MAP_NORESERVE, -1, 0 <unfinished ...>
2097  <... mmap resumed>)               = 0x7f9052b5c000
2095  <... mmap resumed>)               = 0x7f9061b94000
2100  <... mmap resumed>)               = 0x7f9059674000
2096  munmap(0x7f9041204000, 16384 <unfinished ...>
2097  munmap(0x7f903d890000, 16384 <unfinished ...>
2100  munmap(0x7f9053e68000, 16384 <unfinished ...>
2095  munmap(0x7f9053538000, 16384 <unfinished ...>
2097  <... munmap resumed>)             = 0
2096  <... munmap resumed>)             = 0
2100  <... munmap resumed>)             = 0
2095  <... munmap resumed>)             = 0
2097  mmap(0x7f903d890000, 16384, PROT_READ|PROT_WRITE, MAP_PRIVATE|MAP_FIXED|MAP_ANONYMOUS|MAP_NORESERVE, -1, 0 <unfinished ...>
2096  mmap(0x7f9041204000, 16384, PROT_READ|PROT_WRITE, MAP_PRIVATE|MAP_FIXED|MAP_ANONYMOUS|MAP_NORESERVE, -1, 0 <unfinished ...>
2100  mmap(0x7f9053e68000, 16384, PROT_READ|PROT_WRITE, MAP_PRIVATE|MAP_FIXED|MAP_ANONYMOUS|MAP_NORESERVE, -1, 0 <unfinished ...>
2096  <... mmap resumed>)               = 0x7f9041204000
2100  <... mmap resumed>)               = 0x7f9053e68000
2097  <... mmap resumed>)               = 0x7f903d890000
2095  mmap(0x7f9053538000, 16384, PROT_READ|PROT_WRITE, MAP_PRIVATE|MAP_FIXED|MAP_ANONYMOUS|MAP_NORESERVE, -1, 0 <unfinished ...>
2100  munmap(0x7f905cc60000, 16384 <unfinished ...>
2096  munmap(0x7f9064708000, 16384 <unfinished ...>
2097  munmap(0x7f9061558000, 16384 <unfinished ...>
2100  <... munmap resumed>)             = 0
2097  <... munmap resumed>)             = 0
2095  <... mmap resumed>)               = 0x7f9053538000
2096  <... munmap resumed>)             = 0
2100  mmap(0x7f905cc60000, 16384, PROT_READ|PROT_WRITE, MAP_PRIVATE|MAP_FIXED|MAP_ANONYMOUS|MAP_NORESERVE, -1, 0 <unfinished ...>
2097  mmap(0x7f9061558000, 16384, PROT_READ|PROT_WRITE, MAP_PRIVATE|MAP_FIXED|MAP_ANONYMOUS|MAP_NORESERVE, -1, 0 <unfinished ...>
2096  mmap(0x7f9064708000, 16384, PROT_READ|PROT_WRITE, MAP_PRIVATE|MAP_FIXED|MAP_ANONYMOUS|MAP_NORESERVE, -1, 0 <unfinished ...>
2097  <... mmap resumed>)               = 0x7f9061558000
2100  <... mmap resumed>)               = 0x7f905cc60000
2097  munmap(0x7f90584f8000, 16384 <unfinished ...>
2096  <... mmap resumed>)               = 0x7f9064708000
2095  munmap(0x7f903d08c000, 16384 <unfinished ...>
2100  munmap(0x7f9045f18000, 16384 <unfinished ...>
2097  <... munmap resumed>)             = 0
2096  munmap(0x7f905830c000, 16384 <unfinished ...>
2100  <... munmap resumed>)             = 0
2095  <... munmap resumed>)             = 0
2097  mmap(0x7f90584f8000, 16384, PROT_READ|PROT_WRITE, MAP_PRIVATE|MAP_FIXED|MAP_ANONYMOUS|MAP_NORESERVE, -1, 0 <unfinished ...>
2100  mmap(0x7f9045f18000, 16384, PROT_READ|PROT_WRITE, MAP_PRIVATE|MAP_FIXED|MAP_ANONYMOUS|MAP_NORESERVE, -1, 0 <unfinished ...>
2097  <... mmap resumed>)               = 0x7f90584f8000
2096  <... munmap resumed>)             = 0
2095  mmap(0x7f903d08c000, 16384, PROT_READ|PROT_WRITE, MAP_PRIVATE|MAP_FIXED|MAP_ANONYMOUS|MAP_NORESERVE, -1, 0 <unfinished ...>
2100  <... mmap resumed>)               = 0x7f9045f18000
2096  mmap(0x7f905830c000, 16384, PROT_READ|PROT_WRITE, MAP_PRIVATE|MAP_FIXED|MAP_ANONYMOUS|MAP_NORESERVE, -1, 0 <unfinished ...>
2097  munmap(0x7f9059ea0000, 16384 <unfinished ...>
2095  <... mmap resumed>)               = 0x7f903d08c000
2096  <... mmap resumed>)               = 0x7f905830c000
2096  munmap(0x7f9054c50000, 16384 <unfinished ...>
2095  munmap(0x7f905610c000, 16384 <unfinished ...>
2100  munmap(0x7f90484a8000, 16384 <unfinished ...>
2097  <... munmap resumed>)             = 0
2096  <... munmap resumed>)             = 0
2100  <... munmap resumed>)             = 0
2097  mmap(0x7f9059ea0000, 16384, PROT_READ|PROT_WRITE, MAP_PRIVATE|MAP_FIXED|MAP_ANONYMOUS|MAP_NORESERVE, -1, 0 <unfinished ...>
2100  mmap(0x7f90484a8000, 16384, PROT_READ|PROT_WRITE, MAP_PRIVATE|MAP_FIXED|MAP_ANONYMOUS|MAP_NORESERVE, -1, 0 <unfinished ...>
2097  <... mmap resumed>)               = 0x7f9059ea0000
2095  <... munmap resumed>)             = 0
2100  <... mmap resumed>)               = 0x7f90484a8000
2097  munmap(0x7f9040c34000, 16384 <unfinished ...>
2096  mmap(0x7f9054c50000, 16384, PROT_READ|PROT_WRITE, MAP_PRIVATE|MAP_FIXED|MAP_ANONYMOUS|MAP_NORESERVE, -1, 0 <unfinished ...>
2095  mmap(0x7f905610c000, 16384, PROT_READ|PROT_WRITE, MAP_PRIVATE|MAP_FIXED|MAP_ANONYMOUS|MAP_NORESERVE, -1, 0 <unfinished ...>
2100  munmap(0x7f904dabc000, 16384 <unfinished ...>
2096  <... mmap resumed>)               = 0x7f9054c50000
2097  <... munmap resumed>)             = 0
2100  <... munmap resumed>)             = 0
2100  mmap(0x7f904dabc000, 16384, PROT_READ|PROT_WRITE, MAP_PRIVATE|MAP_FIXED|MAP_ANONYMOUS|MAP_NORESERVE, -1, 0 <unfinished ...>
2097  mmap(0x7f9040c34000, 16384, PROT_READ|PROT_WRITE, MAP_PRIVATE|MAP_FIXED|MAP_ANONYMOUS|MAP_NORESERVE, -1, 0 <unfinished ...>
2096  munmap(0x7f90428f0000, 16384 <unfinished ...>
2095  <... mmap resumed>)               = 0x7f905610c000
2097  <... mmap resumed>)               = 0x7f9040c34000
2100  <... mmap resumed>)               = 0x7f904dabc000
2097  munmap(0x7f903c36c000, 16384 <unfinished ...>
2096  <... munmap resumed>)             = 0
2100  munmap(0x7f903be14000, 16384 <unfinished ...>
2095  munmap(0x7f9063b04000, 16384 <unfinished ...>
2097  <... munmap resumed>)             = 0
2096  mmap(0x7f90428f0000, 16384, PROT_READ|PROT_WRITE, MAP_PRIVATE|MAP_FIXED|MAP_ANONYMOUS|MAP_NORESERVE, -1, 0 <unfinished ...>
2100  <... munmap resumed>)             = 0
2097  mmap(0x7f903c36c000, 16384, PROT_READ|PROT_WRITE, MAP_PRIVATE|MAP_FIXED|MAP_ANONYMOUS|MAP_NORESERVE, -1, 0 <unfinished ...>
2095  <... munmap resumed>)             = 0
2100  mmap(0x7f903be14000, 16384, PROT_READ|PROT_WRITE, MAP_PRIVATE|MAP_FIXED|MAP_ANONYMOUS|MAP_NORESERVE, -1, 0 <unfinished ...>
2097  <... mmap resumed>)               = 0x7f903c36c000
2100  <... mmap resumed>)               = 0x7f903be14000
2097  munmap(0x7f9058b58000, 16384 <unfinished ...>
2096  <... mmap resumed>)               = 0x7f90428f0000
2095  mmap(0x7f9063b04000, 16384, PROT_READ|PROT_WRITE, MAP_PRIVATE|MAP_FIXED|MAP_ANONYMOUS|MAP_NORESERVE, -1, 0 <unfinished ...>
2100  munmap(0x7f9048e6c000, 16384 <unfinished ...>
2097  <... munmap resumed>)             = 0
2096  munmap(0x7f90565f4000, 16384 <unfinished ...>
2095  <... mmap resumed>)               = 0x7f9063b04000
2100  <... munmap resumed>)             = 0
2097  mmap(0x7f9058b58000, 16384, PROT_READ|PROT_WRITE, MAP_PRIVATE|MAP_FIXED|MAP_ANONYMOUS|MAP_NORESERVE, -1, 0 <unfinished ...>
2096  <... munmap resumed>)             = 0
2100  mmap(0x7f9048e6c000, 16384, PROT_READ|PROT_WRITE, MAP_PRIVATE|MAP_FIXED|MAP_ANONYMOUS|MAP_NORESERVE, -1, 0 <unfinished ...>
2095  munmap(0x7f9051944000, 16384 <unfinished ...>
2100  <... mmap resumed>)               = 0x7f9048e6c000
2097  <... mmap resumed>)               = 0x7f9058b58000
2096  mmap(0x7f90565f4000, 16384, PROT_READ|PROT_WRITE, MAP_PRIVATE|MAP_FIXED|MAP_ANONYMOUS|MAP_NORESERVE, -1, 0 <unfinished ...>
2100  munmap(0x7f90621ec000, 16384 <unfinished ...>
2095  <... munmap resumed>)             = 0
2100  <... munmap resumed>)             = 0
2097  munmap(0x7f905abe4000, 16384 <unfinished ...>
2100  mmap(0x7f90621ec000, 16384, PROT_READ|PROT_WRITE, MAP_PRIVATE|MAP_FIXED|MAP_ANONYMOUS|MAP_NORESERVE, -1, 0 <unfinished ...>
2097  <... munmap resumed>)             = 0
2096  <... mmap resumed>)               = 0x7f90565f4000
2095  mmap(0x7f9051944000, 16384, PROT_READ|PROT_WRITE, MAP_PRIVATE|MAP_FIXED|MAP_ANONYMOUS|MAP_NORESERVE, -1, 0 <unfinished ...>
2100  <... mmap resumed>)               = 0x7f90621ec000
2097  mmap(0x7f905abe4000, 16384, PROT_READ|PROT_WRITE, MAP_PRIVATE|MAP_FIXED|MAP_ANONYMOUS|MAP_NORESERVE, -1, 0 <unfinished ...>
2100  munmap(0x7f9054724000, 16384 <unfinished ...>
2096  munmap(0x7f905dae4000, 16384 <unfinished ...>
2097  <... mmap resumed>)               = 0x7f905abe4000
2095  <... mmap resumed>)               = 0x7f9051944000
2100  <... munmap resumed>)             = 0
2097  munmap(0x7f903c00c000, 16384 <unfinished ...>
2096  <... munmap resumed>)             = 0
2100  mmap(0x7f9054724000, 16384, PROT_READ|PROT_WRITE, MAP_PRIVATE|MAP_FIXED|MAP_ANONYMOUS|MAP_NORESERVE, -1, 0 <unfinished ...>
2096  mmap(0x7f905dae4000, 16384, PROT_READ|PROT_WRITE, MAP_PRIVATE|MAP_FIXED|MAP_ANONYMOUS|MAP_NORESERVE, -1, 0 <unfinished ...>
2095  munmap(0x7f9062bc0000, 16384 <unfinished ...>
2100  <... mmap resumed>)               = 0x7f9054724000
2097  <... munmap resumed>)             = 0
2096  <... mmap resumed>)               = 0x7f905dae4000
2097  mmap(0x7f903c00c000, 16384, PROT_READ|PROT_WRITE, MAP_PRIVATE|MAP_FIXED|MAP_ANONYMOUS|MAP_NORESERVE, -1, 0 <unfinished ...>
2096  munmap(0x7f90593a8000, 16384 <unfinished ...>
2095  <... munmap resumed>)             = 0
2100  munmap(0x7f903c3a0000, 16384 <unfinished ...>
2097  <... mmap resumed>)               = 0x7f903c00c000
2100  <... munmap resumed>)             = 0
2096  <... munmap resumed>)             = 0
2100  mmap(0x7f903c3a0000, 16384, PROT_READ|PROT_WRITE, MAP_PRIVATE|MAP_FIXED|MAP_ANONYMOUS|MAP_NORESERVE, -1, 0 <unfinished ...>
2097  munmap(0x7f905ddfc000, 16384 <unfinished ...>
2095  mmap(0x7f9062bc0000, 16384, PROT_READ|PROT_WRITE, MAP_PRIVATE|MAP_FIXED|MAP_ANONYMOUS|MAP_NORESERVE, -1, 0 <unfinished ...>
2100  <... mmap resumed>)               = 0x7f903c3a0000
2096  mmap(0x7f90593a8000, 16384, PROT_READ|PROT_WRITE, MAP_PRIVATE|MAP_FIXED|MAP_ANONYMOUS|MAP_NORESERVE, -1, 0 <unfinished ...>
2100  munmap(0x7f905ad70000, 16384 <unfinished ...>
2097  <... munmap resumed>)             = 0
2100  <... munmap resumed>)             = 0
2097  mmap(0x7f905ddfc000, 16384, PROT_READ|PROT_WRITE, MAP_PRIVATE|MAP_FIXED|MAP_ANONYMOUS|MAP_NORESERVE, -1, 0 <unfinished ...>
2096  <... mmap resumed>)               = 0x7f90593a8000
2095  <... mmap resumed>)               = 0x7f9062bc0000
2100  mmap(0x7f905ad70000, 16384, PROT_READ|PROT_WRITE, MAP_PRIVATE|MAP_FIXED|MAP_ANONYMOUS|MAP_NORESERVE, -1, 0 <unfinished ...>
2097  <... mmap resumed>)               = 0x7f905ddfc000
2096  munmap(0x7f90427e0000, 16384 <unfinished ...>
2100  <... mmap resumed>)               = 0x7f905ad70000
2095  munmap(0x7f903ce88000, 16384 <unfinished ...>
2096  <... munmap resumed>)             = 0
2100  munmap(0x7f9045a18000, 16384 <unfinished ...>
2097  munmap(0x7f903fc38000, 16384 <unfinished ...>
2096  mmap(0x7f90427e0000, 16384, PROT_READ|PROT_WRITE, MAP_PRIVATE|MAP_FIXED|MAP_ANONYMOUS|MAP_NORESERVE, -1, 0 <unfinished ...>
2100  <... munmap resumed>)             = 0
2096  <... mmap resumed>)               = 0x7f90427e0000
2100  mmap(0x7f9045a18000, 16384, PROT_READ|PROT_WRITE, MAP_PRIVATE|MAP_FIXED|MAP_ANONYMOUS|MAP_NORESERVE, -1, 0 <unfinished ...>
2096  munmap(0x7f904a610000, 16384 <unfinished ...>
2100  <... mmap resumed>)               = 0x7f9045a18000
2096  <... munmap resumed>)             = 0
2095  <... munmap resumed>)             = 0
2100  munmap(0x7f905bc48000, 16384 <unfinished ...>
2097  <... munmap resumed>)             = 0
2096  mmap(0x7f904a610000, 16384, PROT_READ|PROT_WRITE, MAP_PRIVATE|MAP_FIXED|MAP_ANONYMOUS|MAP_NORESERVE, -1, 0 <unfinished ...>
2095  mmap(0x7f903ce88000, 16384, PROT_READ|PROT_WRITE, MAP_PRIVATE|MAP_FIXED|MAP_ANONYMOUS|MAP_NORESERVE, -1, 0 <unfinished ...>
2100  <... munmap resumed>)             = 0
2097  mmap(0x7f903fc38000, 16384, PROT_READ|PROT_WRITE, MAP_PRIVATE|MAP_FIXED|MAP_ANONYMOUS|MAP_NORESERVE, -1, 0 <unfinished ...>
2096  <... mmap resumed>)               = 0x7f904a610000
2100  mmap(0x7f905bc48000, 16384, PROT_READ|PROT_WRITE, MAP_PRIVATE|MAP_FIXED|MAP_ANONYMOUS|MAP_NORESERVE, -1, 0 <unfinished ...>
2097  <... mmap resumed>)               = 0x7f903fc38000
2096  munmap(0x7f9054710000, 16384 <unfinished ...>
2095  <... mmap resumed>)               = 0x7f903ce88000
2100  <... mmap resumed>)               = 0x7f905bc48000
2096  <... munmap resumed>)             = 0
2100  munmap(0x7f905d800000, 16384 <unfinished ...>
2097  munmap(0x7f903f3c4000, 16384 <unfinished ...>
2095  munmap(0x7f9058198000, 16384 <unfinished ...>
2096  mmap(0x7f9054710000, 16384, PROT_READ|PROT_WRITE, MAP_PRIVATE|MAP_FIXED|MAP_ANONYMOUS|MAP_NORESERVE, -1, 0 <unfinished ...>
2100  <... munmap resumed>)             = 0
2095  <... munmap resumed>)             = 0
2100  mmap(0x7f905d800000, 16384, PROT_READ|PROT_WRITE, MAP_PRIVATE|MAP_FIXED|MAP_ANONYMOUS|MAP_NORESERVE, -1, 0 <unfinished ...>
2097  <... munmap resumed>)             = 0
2096  <... mmap resumed>)               = 0x7f9054710000
2100  <... mmap resumed>)               = 0x7f905d800000
2097  mmap(0x7f903f3c4000, 16384, PROT_READ|PROT_WRITE, MAP_PRIVATE|MAP_FIXED|MAP_ANONYMOUS|MAP_NORESERVE, -1, 0 <unfinished ...>
2096  munmap(0x7f905269c000, 16384 <unfinished ...>
2095  mmap(0x7f9058198000, 16384, PROT_READ|PROT_WRITE, MAP_PRIVATE|MAP_FIXED|MAP_ANONYMOUS|MAP_NORESERVE, -1, 0 <unfinished ...>
2100  munmap(0x7f90625dc000, 16384 <unfinished ...>
2096  <... munmap resumed>)             = 0
2100  <... munmap resumed>)             = 0
2097  <... mmap resumed>)               = 0x7f903f3c4000
2100  mmap(0x7f90625dc000, 16384, PROT_READ|PROT_WRITE, MAP_PRIVATE|MAP_FIXED|MAP_ANONYMOUS|MAP_NORESERVE, -1, 0) = 0x7f90625dc000
2097  munmap(0x7f904e1e4000, 16384 <unfinished ...>
2096  mmap(0x7f905269c000, 16384, PROT_READ|PROT_WRITE, MAP_PRIVATE|MAP_FIXED|MAP_ANONYMOUS|MAP_NORESERVE, -1, 0 <unfinished ...>
2100  munmap(0x7f905cc90000, 16384)     = 0
2100  mmap(0x7f905cc90000, 16384, PROT_READ|PROT_WRITE, MAP_PRIVATE|MAP_FIXED|MAP_ANONYMOUS|MAP_NORESERVE, -1, 0 <unfinished ...>
2097  <... munmap resumed>)             = 0
2097  mmap(0x7f904e1e4000, 16384, PROT_READ|PROT_WRITE, MAP_PRIVATE|MAP_FIXED|MAP_ANONYMOUS|MAP_NORESERVE, -1, 0) = 0x7f904e1e4000
2097  munmap(0x7f903ee10000, 16384)     = 0
2096  <... mmap resumed>)               = 0x7f905269c000
2097  mmap(0x7f903ee10000, 16384, PROT_READ|PROT_WRITE, MAP_PRIVATE|MAP_FIXED|MAP_ANONYMOUS|MAP_NORESERVE, -1, 0) = 0x7f903ee10000
2096  munmap(0x7f903f574000, 16384 <unfinished ...>
2095  <... mmap resumed>)               = 0x7f9058198000
2097  munmap(0x7f904bcf4000, 16384 <unfinished ...>
2096  <... munmap resumed>)             = 0
2100  <... mmap resumed>)               = 0x7f905cc90000
2100  munmap(0x7f903b9d4000, 16384 <unfinished ...>
2096  mmap(0x7f903f574000, 16384, PROT_READ|PROT_WRITE, MAP_PRIVATE|MAP_FIXED|MAP_ANONYMOUS|MAP_NORESERVE, -1, 0 <unfinished ...>
2095  munmap(0x7f903dab8000, 16384 <unfinished ...>
2100  <... munmap resumed>)             = 0
2096  <... mmap resumed>)               = 0x7f903f574000
2100  mmap(0x7f903b9d4000, 16384, PROT_READ|PROT_WRITE, MAP_PRIVATE|MAP_FIXED|MAP_ANONYMOUS|MAP_NORESERVE, -1, 0 <unfinished ...>
2095  <... munmap resumed>)             = 0
2097  <... munmap resumed>)             = 0
2095  mmap(0x7f903dab8000, 16384, PROT_READ|PROT_WRITE, MAP_PRIVATE|MAP_FIXED|MAP_ANONYMOUS|MAP_NORESERVE, -1, 0 <unfinished ...>
2097  mmap(0x7f904bcf4000, 16384, PROT_READ|PROT_WRITE, MAP_PRIVATE|MAP_FIXED|MAP_ANONYMOUS|MAP_NORESERVE, -1, 0 <unfinished ...>
2096  munmap(0x7f90596c4000, 16384 <unfinished ...>
2095  <... mmap resumed>)               = 0x7f903dab8000
2100  <... mmap resumed>)               = 0x7f903b9d4000
2097  <... mmap resumed>)               = 0x7f904bcf4000
2095  munmap(0x7f903e498000, 16384 <unfinished ...>
2097  munmap(0x7f903e438000, 16384 <unfinished ...>
2100  munmap(0x7f904e230000, 16384 <unfinished ...>
2096  <... munmap resumed>)             = 0
2095  <... munmap resumed>)             = 0
2095  mmap(0x7f903e498000, 16384, PROT_READ|PROT_WRITE, MAP_PRIVATE|MAP_FIXED|MAP_ANONYMOUS|MAP_NORESERVE, -1, 0) = 0x7f903e498000
2096  mmap(0x7f90596c4000, 16384, PROT_READ|PROT_WRITE, MAP_PRIVATE|MAP_FIXED|MAP_ANONYMOUS|MAP_NORESERVE, -1, 0 <unfinished ...>
2097  <... munmap resumed>)             = 0
2097  mmap(0x7f903e438000, 16384, PROT_READ|PROT_WRITE, MAP_PRIVATE|MAP_FIXED|MAP_ANONYMOUS|MAP_NORESERVE, -1, 0 <unfinished ...>
2095  munmap(0x7f904153c000, 16384 <unfinished ...>
2100  <... munmap resumed>)             = 0
2096  <... mmap resumed>)               = 0x7f90596c4000
2100  mmap(0x7f904e230000, 16384, PROT_READ|PROT_WRITE, MAP_PRIVATE|MAP_FIXED|MAP_ANONYMOUS|MAP_NORESERVE, -1, 0 <unfinished ...>
2097  <... mmap resumed>)               = 0x7f903e438000
2095  <... munmap resumed>)             = 0
2100  <... mmap resumed>)               = 0x7f904e230000
2097  munmap(0x7f905bb5c000, 16384 <unfinished ...>
2096  munmap(0x7f904925c000, 16384 <unfinished ...>
2100  munmap(0x7f9060fe0000, 16384 <unfinished ...>
2095  mmap(0x7f904153c000, 16384, PROT_READ|PROT_WRITE, MAP_PRIVATE|MAP_FIXED|MAP_ANONYMOUS|MAP_NORESERVE, -1, 0 <unfinished ...>
2096  <... munmap resumed>)             = 0
2095  <... mmap resumed>)               = 0x7f904153c000
2100  <... munmap resumed>)             = 0
2097  <... munmap resumed>)             = 0
2096  mmap(0x7f904925c000, 16384, PROT_READ|PROT_WRITE, MAP_PRIVATE|MAP_FIXED|MAP_ANONYMOUS|MAP_NORESERVE, -1, 0 <unfinished ...>
2095  munmap(0x7f9061614000, 16384 <unfinished ...>
2100  mmap(0x7f9060fe0000, 16384, PROT_READ|PROT_WRITE, MAP_PRIVATE|MAP_FIXED|MAP_ANONYMOUS|MAP_NORESERVE, -1, 0) = 0x7f9060fe0000
2097  mmap(0x7f905bb5c000, 16384, PROT_READ|PROT_WRITE, MAP_PRIVATE|MAP_FIXED|MAP_ANONYMOUS|MAP_NORESERVE, -1, 0 <unfinished ...>
2096  <... mmap resumed>)               = 0x7f904925c000
2095  <... munmap resumed>)             = 0
2096  munmap(0x7f9056b40000, 16384)     = 0
2100  munmap(0x7f9056118000, 16384 <unfinished ...>
2096  mmap(0x7f9056b40000, 16384, PROT_READ|PROT_WRITE, MAP_PRIVATE|MAP_FIXED|MAP_ANONYMOUS|MAP_NORESERVE, -1, 0 <unfinished ...>
2095  mmap(0x7f9061614000, 16384, PROT_READ|PROT_WRITE, MAP_PRIVATE|MAP_FIXED|MAP_ANONYMOUS|MAP_NORESERVE, -1, 0 <unfinished ...>
2100  <... munmap resumed>)             = 0
2097  <... mmap resumed>)               = 0x7f905bb5c000
2095  <... mmap resumed>)               = 0x7f9061614000
2100  mmap(0x7f9056118000, 16384, PROT_READ|PROT_WRITE, MAP_PRIVATE|MAP_FIXED|MAP_ANONYMOUS|MAP_NORESERVE, -1, 0 <unfinished ...>
2097  munmap(0x7f9050fc4000, 16384 <unfinished ...>
2095  munmap(0x7f905306c000, 16384 <unfinished ...>
2096  <... mmap resumed>)               = 0x7f9056b40000
2100  <... mmap resumed>)               = 0x7f9056118000
2097  <... munmap resumed>)             = 0
2097  mmap(0x7f9050fc4000, 16384, PROT_READ|PROT_WRITE, MAP_PRIVATE|MAP_FIXED|MAP_ANONYMOUS|MAP_NORESERVE, -1, 0 <unfinished ...>
2096  munmap(0x7f9046844000, 16384 <unfinished ...>
2095  <... munmap resumed>)             = 0
2100  munmap(0x7f903cb84000, 16384 <unfinished ...>
2095  mmap(0x7f905306c000, 16384, PROT_READ|PROT_WRITE, MAP_PRIVATE|MAP_FIXED|MAP_ANONYMOUS|MAP_NORESERVE, -1, 0 <unfinished ...>
2100  <... munmap resumed>)             = 0
2097  <... mmap resumed>)               = 0x7f9050fc4000
2095  <... mmap resumed>)               = 0x7f905306c000
2096  <... munmap resumed>)             = 0
2100  mmap(0x7f903cb84000, 16384, PROT_READ|PROT_WRITE, MAP_PRIVATE|MAP_FIXED|MAP_ANONYMOUS|MAP_NORESERVE, -1, 0 <unfinished ...>
2095  munmap(0x7f9054dc0000, 16384 <unfinished ...>
2097  munmap(0x7f9062884000, 16384 <unfinished ...>
2096  mmap(0x7f9046844000, 16384, PROT_READ|PROT_WRITE, MAP_PRIVATE|MAP_FIXED|MAP_ANONYMOUS|MAP_NORESERVE, -1, 0 <unfinished ...>
2097  <... munmap resumed>)             = 0
2095  <... munmap resumed>)             = 0
2100  <... mmap resumed>)               = 0x7f903cb84000
2097  mmap(0x7f9062884000, 16384, PROT_READ|PROT_WRITE, MAP_PRIVATE|MAP_FIXED|MAP_ANONYMOUS|MAP_NORESERVE, -1, 0 <unfinished ...>
2096  <... mmap resumed>)               = 0x7f9046844000
2095  mmap(0x7f9054dc0000, 16384, PROT_READ|PROT_WRITE, MAP_PRIVATE|MAP_FIXED|MAP_ANONYMOUS|MAP_NORESERVE, -1, 0 <unfinished ...>
2100  munmap(0x7f904e888000, 16384 <unfinished ...>
2097  <... mmap resumed>)               = 0x7f9062884000
2096  munmap(0x7f9053014000, 16384 <unfinished ...>
2095  <... mmap resumed>)               = 0x7f9054dc0000
2097  munmap(0x7f9049978000, 16384 <unfinished ...>
2095  munmap(0x7f9042d88000, 16384 <unfinished ...>
2100  <... munmap resumed>)             = 0
2096  <... munmap resumed>)             = 0
2096  mmap(0x7f9053014000, 16384, PROT_READ|PROT_WRITE, MAP_PRIVATE|MAP_FIXED|MAP_ANONYMOUS|MAP_NORESERVE, -1, 0 <unfinished ...>
2097  <... munmap resumed>)             = 0
2100  mmap(0x7f904e888000, 16384, PROT_READ|PROT_WRITE, MAP_PRIVATE|MAP_FIXED|MAP_ANONYMOUS|MAP_NORESERVE, -1, 0 <unfinished ...>
2097  mmap(0x7f9049978000, 16384, PROT_READ|PROT_WRITE, MAP_PRIVATE|MAP_FIXED|MAP_ANONYMOUS|MAP_NORESERVE, -1, 0 <unfinished ...>
2095  <... munmap resumed>)             = 0
2096  <... mmap resumed>)               = 0x7f9053014000
2100  <... mmap resumed>)               = 0x7f904e888000
2097  <... mmap resumed>)               = 0x7f9049978000
2097  munmap(0x7f903f468000, 16384 <unfinished ...>
2100  munmap(0x7f90570a8000, 16384 <unfinished ...>
2095  mmap(0x7f9042d88000, 16384, PROT_READ|PROT_WRITE, MAP_PRIVATE|MAP_FIXED|MAP_ANONYMOUS|MAP_NORESERVE, -1, 0 <unfinished ...>
2100  <... munmap resumed>)             = 0
2097  <... munmap resumed>)             = 0
2096  munmap(0x7f9053804000, 16384 <unfinished ...>
2095  <... mmap resumed>)               = 0x7f9042d88000
2100  mmap(0x7f90570a8000, 16384, PROT_READ|PROT_WRITE, MAP_PRIVATE|MAP_FIXED|MAP_ANONYMOUS|MAP_NORESERVE, -1, 0) = 0x7f90570a8000
2097  mmap(0x7f903f468000, 16384, PROT_READ|PROT_WRITE, MAP_PRIVATE|MAP_FIXED|MAP_ANONYMOUS|MAP_NORESERVE, -1, 0 <unfinished ...>
2095  munmap(0x7f905bd18000, 16384 <unfinished ...>
2100  munmap(0x7f9043d50000, 16384 <unfinished ...>
2097  <... mmap resumed>)               = 0x7f903f468000
2096  <... munmap resumed>)             = 0
2096  mmap(0x7f9053804000, 16384, PROT_READ|PROT_WRITE, MAP_PRIVATE|MAP_FIXED|MAP_ANONYMOUS|MAP_NORESERVE, -1, 0 <unfinished ...>
2095  <... munmap resumed>)             = 0
2100  <... munmap resumed>)             = 0
2095  mmap(0x7f905bd18000, 16384, PROT_READ|PROT_WRITE, MAP_PRIVATE|MAP_FIXED|MAP_ANONYMOUS|MAP_NORESERVE, -1, 0 <unfinished ...>
2100  mmap(0x7f9043d50000, 16384, PROT_READ|PROT_WRITE, MAP_PRIVATE|MAP_FIXED|MAP_ANONYMOUS|MAP_NORESERVE, -1, 0 <unfinished ...>
2097  munmap(0x7f9058dbc000, 16384 <unfinished ...>
2096  <... mmap resumed>)               = 0x7f9053804000
2095  <... mmap resumed>)               = 0x7f905bd18000
2100  <... mmap resumed>)               = 0x7f9043d50000
2100  munmap(0x7f9042964000, 16384 <unfinished ...>
2095  munmap(0x7f904ea18000, 16384 <unfinished ...>
2097  <... munmap resumed>)             = 0
2097  mmap(0x7f9058dbc000, 16384, PROT_READ|PROT_WRITE, MAP_PRIVATE|MAP_FIXED|MAP_ANONYMOUS|MAP_NORESERVE, -1, 0 <unfinished ...>
2096  munmap(0x7f905f980000, 16384 <unfinished ...>
2100  <... munmap resumed>)             = 0
2095  <... munmap resumed>)             = 0
2100  mmap(0x7f9042964000, 16384, PROT_READ|PROT_WRITE, MAP_PRIVATE|MAP_FIXED|MAP_ANONYMOUS|MAP_NORESERVE, -1, 0 <unfinished ...>
2097  <... mmap resumed>)               = 0x7f9058dbc000
2096  <... munmap resumed>)             = 0
2100  <... mmap resumed>)               = 0x7f9042964000
2095  mmap(0x7f904ea18000, 16384, PROT_READ|PROT_WRITE, MAP_PRIVATE|MAP_FIXED|MAP_ANONYMOUS|MAP_NORESERVE, -1, 0 <unfinished ...>
2096  mmap(0x7f905f980000, 16384, PROT_READ|PROT_WRITE, MAP_PRIVATE|MAP_FIXED|MAP_ANONYMOUS|MAP_NORESERVE, -1, 0 <unfinished ...>
2100  munmap(0x7f90477a0000, 16384 <unfinished ...>
2096  <... mmap resumed>)               = 0x7f905f980000
2095  <... mmap resumed>)               = 0x7f904ea18000
2100  <... munmap resumed>)             = 0
2097  munmap(0x7f9046f6c000, 16384 <unfinished ...>
2095  munmap(0x7f90578ec000, 16384 <unfinished ...>
2096  munmap(0x7f90663c8000, 16384 <unfinished ...>
2100  mmap(0x7f90477a0000, 16384, PROT_READ|PROT_WRITE, MAP_PRIVATE|MAP_FIXED|MAP_ANONYMOUS|MAP_NORESERVE, -1, 0 <unfinished ...>
2097  <... munmap resumed>)             = 0
2097  mmap(0x7f9046f6c000, 16384, PROT_READ|PROT_WRITE, MAP_PRIVATE|MAP_FIXED|MAP_ANONYMOUS|MAP_NORESERVE, -1, 0 <unfinished ...>
2100  <... mmap resumed>)               = 0x7f90477a0000
2097  <... mmap resumed>)               = 0x7f9046f6c000
2097  munmap(0x7f903ed88000, 16384 <unfinished ...>
2095  <... munmap resumed>)             = 0
2100  munmap(0x7f905c8a8000, 16384 <unfinished ...>
2095  mmap(0x7f90578ec000, 16384, PROT_READ|PROT_WRITE, MAP_PRIVATE|MAP_FIXED|MAP_ANONYMOUS|MAP_NORESERVE, -1, 0 <unfinished ...>
2096  <... munmap resumed>)             = 0
2100  <... munmap resumed>)             = 0
2096  mmap(0x7f90663c8000, 16384, PROT_READ|PROT_WRITE, MAP_PRIVATE|MAP_FIXED|MAP_ANONYMOUS|MAP_NORESERVE, -1, 0 <unfinished ...>
2100  mmap(0x7f905c8a8000, 16384, PROT_READ|PROT_WRITE, MAP_PRIVATE|MAP_FIXED|MAP_ANONYMOUS|MAP_NORESERVE, -1, 0) = 0x7f905c8a8000
2097  <... munmap resumed>)             = 0
2095  <... mmap resumed>)               = 0x7f90578ec000
2100  munmap(0x7f9060a64000, 16384 <unfinished ...>
2097  mmap(0x7f903ed88000, 16384, PROT_READ|PROT_WRITE, MAP_PRIVATE|MAP_FIXED|MAP_ANONYMOUS|MAP_NORESERVE, -1, 0 <unfinished ...>
2096  <... mmap resumed>)               = 0x7f90663c8000
2095  munmap(0x7f9044b0c000, 16384 <unfinished ...>
2096  munmap(0x7f906559c000, 16384 <unfinished ...>
2100  <... munmap resumed>)             = 0
2100  mmap(0x7f9060a64000, 16384, PROT_READ|PROT_WRITE, MAP_PRIVATE|MAP_FIXED|MAP_ANONYMOUS|MAP_NORESERVE, -1, 0 <unfinished ...>
2096  <... munmap resumed>)             = 0
2097  <... mmap resumed>)               = 0x7f903ed88000
2095  <... munmap resumed>)             = 0
2100  <... mmap resumed>)               = 0x7f9060a64000
2097  munmap(0x7f904fd20000, 16384 <unfinished ...>
2096  mmap(0x7f906559c000, 16384, PROT_READ|PROT_WRITE, MAP_PRIVATE|MAP_FIXED|MAP_ANONYMOUS|MAP_NORESERVE, -1, 0 <unfinished ...>
2095  mmap(0x7f9044b0c000, 16384, PROT_READ|PROT_WRITE, MAP_PRIVATE|MAP_FIXED|MAP_ANONYMOUS|MAP_NORESERVE, -1, 0 <unfinished ...>
2097  <... munmap resumed>)             = 0
2096  <... mmap resumed>)               = 0x7f906559c000
2097  mmap(0x7f904fd20000, 16384, PROT_READ|PROT_WRITE, MAP_PRIVATE|MAP_FIXED|MAP_ANONYMOUS|MAP_NORESERVE, -1, 0) = 0x7f904fd20000
2096  munmap(0x7f9054104000, 16384 <unfinished ...>
2095  <... mmap resumed>)               = 0x7f9044b0c000
2095  munmap(0x7f904b784000, 16384 <unfinished ...>
2100  munmap(0x7f9061f60000, 16384)     = 0
2097  munmap(0x7f904e580000, 16384 <unfinished ...>
2096  <... munmap resumed>)             = 0
2100  mmap(0x7f9061f60000, 16384, PROT_READ|PROT_WRITE, MAP_PRIVATE|MAP_FIXED|MAP_ANONYMOUS|MAP_NORESERVE, -1, 0 <unfinished ...>
2096  mmap(0x7f9054104000, 16384, PROT_READ|PROT_WRITE, MAP_PRIVATE|MAP_FIXED|MAP_ANONYMOUS|MAP_NORESERVE, -1, 0 <unfinished ...>
2100  <... mmap resumed>)               = 0x7f9061f60000
2097  <... munmap resumed>)             = 0
2096  <... mmap resumed>)               = 0x7f9054104000
2095  <... munmap resumed>)             = 0
2100  munmap(0x7f904ca0c000, 16384 <unfinished ...>
2097  mmap(0x7f904e580000, 16384, PROT_READ|PROT_WRITE, MAP_PRIVATE|MAP_FIXED|MAP_ANONYMOUS|MAP_NORESERVE, -1, 0 <unfinished ...>
2100  <... munmap resumed>)             = 0
2097  <... mmap resumed>)               = 0x7f904e580000
2096  munmap(0x7f9065554000, 16384 <unfinished ...>
2100  mmap(0x7f904ca0c000, 16384, PROT_READ|PROT_WRITE, MAP_PRIVATE|MAP_FIXED|MAP_ANONYMOUS|MAP_NORESERVE, -1, 0 <unfinished ...>
2095  mmap(0x7f904b784000, 16384, PROT_READ|PROT_WRITE, MAP_PRIVATE|MAP_FIXED|MAP_ANONYMOUS|MAP_NORESERVE, -1, 0 <unfinished ...>
2097  munmap(0x7f9041ca4000, 16384 <unfinished ...>
2096  <... munmap resumed>)             = 0
2100  <... mmap resumed>)               = 0x7f904ca0c000
2097  <... munmap resumed>)             = 0
2096  mmap(0x7f9065554000, 16384, PROT_READ|PROT_WRITE, MAP_PRIVATE|MAP_FIXED|MAP_ANONYMOUS|MAP_NORESERVE, -1, 0 <unfinished ...>
2095  <... mmap resumed>)               = 0x7f904b784000
2100  munmap(0x7f9045b24000, 16384 <unfinished ...>
2097  mmap(0x7f9041ca4000, 16384, PROT_READ|PROT_WRITE, MAP_PRIVATE|MAP_FIXED|MAP_ANONYMOUS|MAP_NORESERVE, -1, 0 <unfinished ...>
2096  <... mmap resumed>)               = 0x7f9065554000
2095  munmap(0x7f904dd0c000, 16384 <unfinished ...>
2100  <... munmap resumed>)             = 0
2100  mmap(0x7f9045b24000, 16384, PROT_READ|PROT_WRITE, MAP_PRIVATE|MAP_FIXED|MAP_ANONYMOUS|MAP_NORESERVE, -1, 0 <unfinished ...>
2097  <... mmap resumed>)               = 0x7f9041ca4000
2096  munmap(0x7f903b488000, 16384 <unfinished ...>
2097  munmap(0x7f905abf8000, 16384 <unfinished ...>
2095  <... munmap resumed>)             = 0
2100  <... mmap resumed>)               = 0x7f9045b24000
2097  <... munmap resumed>)             = 0
2096  <... munmap resumed>)             = 0
2100  munmap(0x7f90639a4000, 16384 <unfinished ...>
2097  mmap(0x7f905abf8000, 16384, PROT_READ|PROT_WRITE, MAP_PRIVATE|MAP_FIXED|MAP_ANONYMOUS|MAP_NORESERVE, -1, 0 <unfinished ...>
2095  mmap(0x7f904dd0c000, 16384, PROT_READ|PROT_WRITE, MAP_PRIVATE|MAP_FIXED|MAP_ANONYMOUS|MAP_NORESERVE, -1, 0 <unfinished ...>
2100  <... munmap resumed>)             = 0
2097  <... mmap resumed>)               = 0x7f905abf8000
2096  mmap(0x7f903b488000, 16384, PROT_READ|PROT_WRITE, MAP_PRIVATE|MAP_FIXED|MAP_ANONYMOUS|MAP_NORESERVE, -1, 0 <unfinished ...>
2100  mmap(0x7f90639a4000, 16384, PROT_READ|PROT_WRITE, MAP_PRIVATE|MAP_FIXED|MAP_ANONYMOUS|MAP_NORESERVE, -1, 0 <unfinished ...>
2095  <... mmap resumed>)               = 0x7f904dd0c000
2097  munmap(0x7f9063400000, 16384 <unfinished ...>
2096  <... mmap resumed>)               = 0x7f903b488000
2100  <... mmap resumed>)               = 0x7f90639a4000
2100  munmap(0x7f9052a58000, 16384 <unfinished ...>
2097  <... munmap resumed>)             = 0
2096  munmap(0x7f904a9bc000, 16384 <unfinished ...>
2095  munmap(0x7f9042020000, 16384 <unfinished ...>
2097  mmap(0x7f9063400000, 16384, PROT_READ|PROT_WRITE, MAP_PRIVATE|MAP_FIXED|MAP_ANONYMOUS|MAP_NORESERVE, -1, 0 <unfinished ...>
2100  <... munmap resumed>)             = 0
2097  <... mmap resumed>)               = 0x7f9063400000
2095  <... munmap resumed>)             = 0
2096  <... munmap resumed>)             = 0
2097  munmap(0x7f905751c000, 16384 <unfinished ...>
2095  mmap(0x7f9042020000, 16384, PROT_READ|PROT_WRITE, MAP_PRIVATE|MAP_FIXED|MAP_ANONYMOUS|MAP_NORESERVE, -1, 0 <unfinished ...>
2100  mmap(0x7f9052a58000, 16384, PROT_READ|PROT_WRITE, MAP_PRIVATE|MAP_FIXED|MAP_ANONYMOUS|MAP_NORESERVE, -1, 0 <unfinished ...>
2097  <... munmap resumed>)             = 0
2100  <... mmap resumed>)               = 0x7f9052a58000
2095  <... mmap resumed>)               = 0x7f9042020000
2097  mmap(0x7f905751c000, 16384, PROT_READ|PROT_WRITE, MAP_PRIVATE|MAP_FIXED|MAP_ANONYMOUS|MAP_NORESERVE, -1, 0 <unfinished ...>
2100  munmap(0x7f903b9e8000, 16384 <unfinished ...>
2095  munmap(0x7f904f820000, 16384 <unfinished ...>
2100  <... munmap resumed>)             = 0
2096  mmap(0x7f904a9bc000, 16384, PROT_READ|PROT_WRITE, MAP_PRIVATE|MAP_FIXED|MAP_ANONYMOUS|MAP_NORESERVE, -1, 0 <unfinished ...>
2100  mmap(0x7f903b9e8000, 16384, PROT_READ|PROT_WRITE, MAP_PRIVATE|MAP_FIXED|MAP_ANONYMOUS|MAP_NORESERVE, -1, 0) = 0x7f903b9e8000
2096  <... mmap resumed>)               = 0x7f904a9bc000
2095  <... munmap resumed>)             = 0
2100  munmap(0x7f905a4f8000, 16384 <unfinished ...>
2096  munmap(0x7f90564e4000, 16384 <unfinished ...>
2095  mmap(0x7f904f820000, 16384, PROT_READ|PROT_WRITE, MAP_PRIVATE|MAP_FIXED|MAP_ANONYMOUS|MAP_NORESERVE, -1, 0 <unfinished ...>
2100  <... munmap resumed>)             = 0
2100  mmap(0x7f905a4f8000, 16384, PROT_READ|PROT_WRITE, MAP_PRIVATE|MAP_FIXED|MAP_ANONYMOUS|MAP_NORESERVE, -1, 0) = 0x7f905a4f8000
2097  <... mmap resumed>)               = 0x7f905751c000
2096  <... munmap resumed>)             = 0
2095  <... mmap resumed>)               = 0x7f904f820000
2097  munmap(0x7f9041dac000, 16384 <unfinished ...>
2096  mmap(0x7f90564e4000, 16384, PROT_READ|PROT_WRITE, MAP_PRIVATE|MAP_FIXED|MAP_ANONYMOUS|MAP_NORESERVE, -1, 0 <unfinished ...>
2100  munmap(0x7f904b4f0000, 16384 <unfinished ...>
2097  <... munmap resumed>)             = 0
2095  munmap(0x7f9044764000, 16384 <unfinished ...>
2096  <... mmap resumed>)               = 0x7f90564e4000
2100  <... munmap resumed>)             = 0
2100  mmap(0x7f904b4f0000, 16384, PROT_READ|PROT_WRITE, MAP_PRIVATE|MAP_FIXED|MAP_ANONYMOUS|MAP_NORESERVE, -1, 0 <unfinished ...>
2096  munmap(0x7f9040614000, 16384 <unfinished ...>
2097  mmap(0x7f9041dac000, 16384, PROT_READ|PROT_WRITE, MAP_PRIVATE|MAP_FIXED|MAP_ANONYMOUS|MAP_NORESERVE, -1, 0 <unfinished ...>
2100  <... mmap resumed>)               = 0x7f904b4f0000
2096  <... munmap resumed>)             = 0
2096  mmap(0x7f9040614000, 16384, PROT_READ|PROT_WRITE, MAP_PRIVATE|MAP_FIXED|MAP_ANONYMOUS|MAP_NORESERVE, -1, 0 <unfinished ...>
2095  <... munmap resumed>)             = 0
2095  mmap(0x7f9044764000, 16384, PROT_READ|PROT_WRITE, MAP_PRIVATE|MAP_FIXED|MAP_ANONYMOUS|MAP_NORESERVE, -1, 0 <unfinished ...>
2096  <... mmap resumed>)               = 0x7f9040614000
2097  <... mmap resumed>)               = 0x7f9041dac000
2096  munmap(0x7f903e664000, 16384 <unfinished ...>
2100  munmap(0x7f903bb00000, 16384 <unfinished ...>
2097  munmap(0x7f9054320000, 16384 <unfinished ...>
2095  <... mmap resumed>)               = 0x7f9044764000
2096  <... munmap resumed>)             = 0
2100  <... munmap resumed>)             = 0
2097  <... munmap resumed>)             = 0
2096  mmap(0x7f903e664000, 16384, PROT_READ|PROT_WRITE, MAP_PRIVATE|MAP_FIXED|MAP_ANONYMOUS|MAP_NORESERVE, -1, 0 <unfinished ...>
2100  mmap(0x7f903bb00000, 16384, PROT_READ|PROT_WRITE, MAP_PRIVATE|MAP_FIXED|MAP_ANONYMOUS|MAP_NORESERVE, -1, 0 <unfinished ...>
2095  munmap(0x7f906304c000, 16384 <unfinished ...>
2100  <... mmap resumed>)               = 0x7f903bb00000
2097  mmap(0x7f9054320000, 16384, PROT_READ|PROT_WRITE, MAP_PRIVATE|MAP_FIXED|MAP_ANONYMOUS|MAP_NORESERVE, -1, 0 <unfinished ...>
2096  <... mmap resumed>)               = 0x7f903e664000
2100  munmap(0x7f903a47c000, 16384 <unfinished ...>
2097  <... mmap resumed>)               = 0x7f9054320000
2095  <... munmap resumed>)             = 0
2096  munmap(0x7f9039744000, 16384 <unfinished ...>
2100  <... munmap resumed>)             = 0
2100  mmap(0x7f903a47c000, 16384, PROT_READ|PROT_WRITE, MAP_PRIVATE|MAP_FIXED|MAP_ANONYMOUS|MAP_NORESERVE, -1, 0 <unfinished ...>
2096  <... munmap resumed>)             = 0
2095  mmap(0x7f906304c000, 16384, PROT_READ|PROT_WRITE, MAP_PRIVATE|MAP_FIXED|MAP_ANONYMOUS|MAP_NORESERVE, -1, 0 <unfinished ...>
2100  <... mmap resumed>)               = 0x7f903a47c000
2097  munmap(0x7f903c758000, 16384 <unfinished ...>
2096  mmap(0x7f9039744000, 16384, PROT_READ|PROT_WRITE, MAP_PRIVATE|MAP_FIXED|MAP_ANONYMOUS|MAP_NORESERVE, -1, 0 <unfinished ...>
2100  munmap(0x7f9043c44000, 16384 <unfinished ...>
2095  <... mmap resumed>)               = 0x7f906304c000
2096  <... mmap resumed>)               = 0x7f9039744000
2100  <... munmap resumed>)             = 0
2096  munmap(0x7f90510fc000, 16384 <unfinished ...>
2095  munmap(0x7f903dbac000, 16384 <unfinished ...>
2100  mmap(0x7f9043c44000, 16384, PROT_READ|PROT_WRITE, MAP_PRIVATE|MAP_FIXED|MAP_ANONYMOUS|MAP_NORESERVE, -1, 0 <unfinished ...>
2097  <... munmap resumed>)             = 0
2097  mmap(0x7f903c758000, 16384, PROT_READ|PROT_WRITE, MAP_PRIVATE|MAP_FIXED|MAP_ANONYMOUS|MAP_NORESERVE, -1, 0 <unfinished ...>
2100  <... mmap resumed>)               = 0x7f9043c44000
2096  <... munmap resumed>)             = 0
2097  <... mmap resumed>)               = 0x7f903c758000
2095  <... munmap resumed>)             = 0
2100  munmap(0x7f903f46c000, 16384 <unfinished ...>
2096  mmap(0x7f90510fc000, 16384, PROT_READ|PROT_WRITE, MAP_PRIVATE|MAP_FIXED|MAP_ANONYMOUS|MAP_NORESERVE, -1, 0 <unfinished ...>
2097  munmap(0x7f9048a9c000, 16384 <unfinished ...>
2095  mmap(0x7f903dbac000, 16384, PROT_READ|PROT_WRITE, MAP_PRIVATE|MAP_FIXED|MAP_ANONYMOUS|MAP_NORESERVE, -1, 0 <unfinished ...>
2100  <... munmap resumed>)             = 0
2096  <... mmap resumed>)               = 0x7f90510fc000
2097  <... munmap resumed>)             = 0
2100  mmap(0x7f903f46c000, 16384, PROT_READ|PROT_WRITE, MAP_PRIVATE|MAP_FIXED|MAP_ANONYMOUS|MAP_NORESERVE, -1, 0 <unfinished ...>
2095  <... mmap resumed>)               = 0x7f903dbac000
2097  mmap(0x7f9048a9c000, 16384, PROT_READ|PROT_WRITE, MAP_PRIVATE|MAP_FIXED|MAP_ANONYMOUS|MAP_NORESERVE, -1, 0 <unfinished ...>
2096  munmap(0x7f9053b38000, 16384 <unfinished ...>
2100  <... mmap resumed>)               = 0x7f903f46c000
2095  munmap(0x7f90424f0000, 16384 <unfinished ...>
2097  <... mmap resumed>)               = 0x7f9048a9c000
2096  <... munmap resumed>)             = 0
2100  munmap(0x7f90662a8000, 16384 <unfinished ...>
2095  <... munmap resumed>)             = 0
2096  mmap(0x7f9053b38000, 16384, PROT_READ|PROT_WRITE, MAP_PRIVATE|MAP_FIXED|MAP_ANONYMOUS|MAP_NORESERVE, -1, 0 <unfinished ...>
2097  munmap(0x7f903e6dc000, 16384 <unfinished ...>
2100  <... munmap resumed>)             = 0
2095  mmap(0x7f90424f0000, 16384, PROT_READ|PROT_WRITE, MAP_PRIVATE|MAP_FIXED|MAP_ANONYMOUS|MAP_NORESERVE, -1, 0 <unfinished ...>
2096  <... mmap resumed>)               = 0x7f9053b38000
2100  mmap(0x7f90662a8000, 16384, PROT_READ|PROT_WRITE, MAP_PRIVATE|MAP_FIXED|MAP_ANONYMOUS|MAP_NORESERVE, -1, 0 <unfinished ...>
2096  munmap(0x7f905a0b8000, 16384 <unfinished ...>
2095  <... mmap resumed>)               = 0x7f90424f0000
2097  <... munmap resumed>)             = 0
2095  munmap(0x7f904bdf0000, 16384 <unfinished ...>
2100  <... mmap resumed>)               = 0x7f90662a8000
2097  mmap(0x7f903e6dc000, 16384, PROT_READ|PROT_WRITE, MAP_PRIVATE|MAP_FIXED|MAP_ANONYMOUS|MAP_NORESERVE, -1, 0 <unfinished ...>
2096  <... munmap resumed>)             = 0
2100  munmap(0x7f9058598000, 16384 <unfinished ...>
2096  mmap(0x7f905a0b8000, 16384, PROT_READ|PROT_WRITE, MAP_PRIVATE|MAP_FIXED|MAP_ANONYMOUS|MAP_NORESERVE, -1, 0) = 0x7f905a0b8000
2096  munmap(0x7f905177c000, 16384)     = 0
2100  <... munmap resumed>)             = 0
2096  mmap(0x7f905177c000, 16384, PROT_READ|PROT_WRITE, MAP_PRIVATE|MAP_FIXED|MAP_ANONYMOUS|MAP_NORESERVE, -1, 0 <unfinished ...>
2100  mmap(0x7f9058598000, 16384, PROT_READ|PROT_WRITE, MAP_PRIVATE|MAP_FIXED|MAP_ANONYMOUS|MAP_NORESERVE, -1, 0 <unfinished ...>
2095  <... munmap resumed>)             = 0
2097  <... mmap resumed>)               = 0x7f903e6dc000
2095  mmap(0x7f904bdf0000, 16384, PROT_READ|PROT_WRITE, MAP_PRIVATE|MAP_FIXED|MAP_ANONYMOUS|MAP_NORESERVE, -1, 0 <unfinished ...>
2097  munmap(0x7f904d530000, 16384 <unfinished ...>
2096  <... mmap resumed>)               = 0x7f905177c000
2095  <... mmap resumed>)               = 0x7f904bdf0000
2100  <... mmap resumed>)               = 0x7f9058598000
2096  munmap(0x7f9059588000, 16384 <unfinished ...>
2097  <... munmap resumed>)             = 0
2095  munmap(0x7f90584b4000, 16384 <unfinished ...>
2097  mmap(0x7f904d530000, 16384, PROT_READ|PROT_WRITE, MAP_PRIVATE|MAP_FIXED|MAP_ANONYMOUS|MAP_NORESERVE, -1, 0 <unfinished ...>
2100  munmap(0x7f9048a5c000, 16384 <unfinished ...>
2095  <... munmap resumed>)             = 0
2100  <... munmap resumed>)             = 0
2095  mmap(0x7f90584b4000, 16384, PROT_READ|PROT_WRITE, MAP_PRIVATE|MAP_FIXED|MAP_ANONYMOUS|MAP_NORESERVE, -1, 0 <unfinished ...>
2100  mmap(0x7f9048a5c000, 16384, PROT_READ|PROT_WRITE, MAP_PRIVATE|MAP_FIXED|MAP_ANONYMOUS|MAP_NORESERVE, -1, 0 <unfinished ...>
2096  <... munmap resumed>)             = 0
2095  <... mmap resumed>)               = 0x7f90584b4000
2100  <... mmap resumed>)               = 0x7f9048a5c000
2096  mmap(0x7f9059588000, 16384, PROT_READ|PROT_WRITE, MAP_PRIVATE|MAP_FIXED|MAP_ANONYMOUS|MAP_NORESERVE, -1, 0 <unfinished ...>
2097  <... mmap resumed>)               = 0x7f904d530000
2095  munmap(0x7f9056be8000, 16384 <unfinished ...>
2097  munmap(0x7f9061628000, 16384 <unfinished ...>
2100  munmap(0x7f905a038000, 16384 <unfinished ...>
2096  <... mmap resumed>)               = 0x7f9059588000
2095  <... munmap resumed>)             = 0
2097  <... munmap resumed>)             = 0
2096  munmap(0x7f9053228000, 16384 <unfinished ...>
2095  mmap(0x7f9056be8000, 16384, PROT_READ|PROT_WRITE, MAP_PRIVATE|MAP_FIXED|MAP_ANONYMOUS|MAP_NORESERVE, -1, 0 <unfinished ...>
2100  <... munmap resumed>)             = 0
2097  mmap(0x7f9061628000, 16384, PROT_READ|PROT_WRITE, MAP_PRIVATE|MAP_FIXED|MAP_ANONYMOUS|MAP_NORESERVE, -1, 0 <unfinished ...>
2096  <... munmap resumed>)             = 0
2100  mmap(0x7f905a038000, 16384, PROT_READ|PROT_WRITE, MAP_PRIVATE|MAP_FIXED|MAP_ANONYMOUS|MAP_NORESERVE, -1, 0 <unfinished ...>
2096  mmap(0x7f9053228000, 16384, PROT_READ|PROT_WRITE, MAP_PRIVATE|MAP_FIXED|MAP_ANONYMOUS|MAP_NORESERVE, -1, 0 <unfinished ...>
2095  <... mmap resumed>)               = 0x7f9056be8000
2097  <... mmap resumed>)               = 0x7f9061628000
2100  <... mmap resumed>)               = 0x7f905a038000
2096  <... mmap resumed>)               = 0x7f9053228000
2095  munmap(0x7f904c0e4000, 16384 <unfinished ...>
2100  munmap(0x7f9042280000, 16384 <unfinished ...>
2097  munmap(0x7f9053e38000, 16384 <unfinished ...>
2096  munmap(0x7f903be88000, 16384 <unfinished ...>
2095  <... munmap resumed>)             = 0
2097  <... munmap resumed>)             = 0
2097  mmap(0x7f9053e38000, 16384, PROT_READ|PROT_WRITE, MAP_PRIVATE|MAP_FIXED|MAP_ANONYMOUS|MAP_NORESERVE, -1, 0 <unfinished ...>
2095  mmap(0x7f904c0e4000, 16384, PROT_READ|PROT_WRITE, MAP_PRIVATE|MAP_FIXED|MAP_ANONYMOUS|MAP_NORESERVE, -1, 0 <unfinished ...>
2100  <... munmap resumed>)             = 0
2095  <... mmap resumed>)               = 0x7f904c0e4000
2100  mmap(0x7f9042280000, 16384, PROT_READ|PROT_WRITE, MAP_PRIVATE|MAP_FIXED|MAP_ANONYMOUS|MAP_NORESERVE, -1, 0 <unfinished ...>
2096  <... munmap resumed>)             = 0
2097  <... mmap resumed>)               = 0x7f9053e38000
2100  <... mmap resumed>)               = 0x7f9042280000
2096  mmap(0x7f903be88000, 16384, PROT_READ|PROT_WRITE, MAP_PRIVATE|MAP_FIXED|MAP_ANONYMOUS|MAP_NORESERVE, -1, 0 <unfinished ...>
2100  munmap(0x7f9049de0000, 16384 <unfinished ...>
2097  munmap(0x7f904efe4000, 16384 <unfinished ...>
2095  munmap(0x7f9063d70000, 16384 <unfinished ...>
2100  <... munmap resumed>)             = 0
2100  mmap(0x7f9049de0000, 16384, PROT_READ|PROT_WRITE, MAP_PRIVATE|MAP_FIXED|MAP_ANONYMOUS|MAP_NORESERVE, -1, 0 <unfinished ...>
2095  <... munmap resumed>)             = 0
2096  <... mmap resumed>)               = 0x7f903be88000
2096  munmap(0x7f9049038000, 16384 <unfinished ...>
2095  mmap(0x7f9063d70000, 16384, PROT_READ|PROT_WRITE, MAP_PRIVATE|MAP_FIXED|MAP_ANONYMOUS|MAP_NORESERVE, -1, 0 <unfinished ...>
2097  <... munmap resumed>)             = 0
2100  <... mmap resumed>)               = 0x7f9049de0000
2097  mmap(0x7f904efe4000, 16384, PROT_READ|PROT_WRITE, MAP_PRIVATE|MAP_FIXED|MAP_ANONYMOUS|MAP_NORESERVE, -1, 0 <unfinished ...>
2096  <... munmap resumed>)             = 0
2100  munmap(0x7f9054a84000, 16384 <unfinished ...>
2095  <... mmap resumed>)               = 0x7f9063d70000
2096  mmap(0x7f9049038000, 16384, PROT_READ|PROT_WRITE, MAP_PRIVATE|MAP_FIXED|MAP_ANONYMOUS|MAP_NORESERVE, -1, 0 <unfinished ...>
2100  <... munmap resumed>)             = 0
2097  <... mmap resumed>)               = 0x7f904efe4000
2095  munmap(0x7f906502c000, 16384 <unfinished ...>
2100  mmap(0x7f9054a84000, 16384, PROT_READ|PROT_WRITE, MAP_PRIVATE|MAP_FIXED|MAP_ANONYMOUS|MAP_NORESERVE, -1, 0 <unfinished ...>
2097  munmap(0x7f904f960000, 16384 <unfinished ...>
2096  <... mmap resumed>)               = 0x7f9049038000
2100  <... mmap resumed>)               = 0x7f9054a84000
2095  <... munmap resumed>)             = 0
2097  <... munmap resumed>)             = 0
2096  munmap(0x7f903cee0000, 16384 <unfinished ...>
2100  munmap(0x7f904cbb4000, 16384 <unfinished ...>
2097  mmap(0x7f904f960000, 16384, PROT_READ|PROT_WRITE, MAP_PRIVATE|MAP_FIXED|MAP_ANONYMOUS|MAP_NORESERVE, -1, 0 <unfinished ...>
2095  mmap(0x7f906502c000, 16384, PROT_READ|PROT_WRITE, MAP_PRIVATE|MAP_FIXED|MAP_ANONYMOUS|MAP_NORESERVE, -1, 0 <unfinished ...>
2100  <... munmap resumed>)             = 0
2096  <... munmap resumed>)             = 0
2097  <... mmap resumed>)               = 0x7f904f960000
2100  mmap(0x7f904cbb4000, 16384, PROT_READ|PROT_WRITE, MAP_PRIVATE|MAP_FIXED|MAP_ANONYMOUS|MAP_NORESERVE, -1, 0 <unfinished ...>
2097  munmap(0x7f903e864000, 16384 <unfinished ...>
2096  mmap(0x7f903cee0000, 16384, PROT_READ|PROT_WRITE, MAP_PRIVATE|MAP_FIXED|MAP_ANONYMOUS|MAP_NORESERVE, -1, 0 <unfinished ...>
2095  <... mmap resumed>)               = 0x7f906502c000
2100  <... mmap resumed>)               = 0x7f904cbb4000
2097  <... munmap resumed>)             = 0
2096  <... mmap resumed>)               = 0x7f903cee0000
2095  munmap(0x7f9050fb8000, 16384 <unfinished ...>
2097  mmap(0x7f903e864000, 16384, PROT_READ|PROT_WRITE, MAP_PRIVATE|MAP_FIXED|MAP_ANONYMOUS|MAP_NORESERVE, -1, 0 <unfinished ...>
2096  munmap(0x7f903c3e8000, 16384 <unfinished ...>
2100  munmap(0x7f904be2c000, 16384 <unfinished ...>
2095  <... munmap resumed>)             = 0
2096  <... munmap resumed>)             = 0
2095  mmap(0x7f9050fb8000, 16384, PROT_READ|PROT_WRITE, MAP_PRIVATE|MAP_FIXED|MAP_ANONYMOUS|MAP_NORESERVE, -1, 0 <unfinished ...>
2100  <... munmap resumed>)             = 0
2097  <... mmap resumed>)               = 0x7f903e864000
2096  mmap(0x7f903c3e8000, 16384, PROT_READ|PROT_WRITE, MAP_PRIVATE|MAP_FIXED|MAP_ANONYMOUS|MAP_NORESERVE, -1, 0 <unfinished ...>
2100  mmap(0x7f904be2c000, 16384, PROT_READ|PROT_WRITE, MAP_PRIVATE|MAP_FIXED|MAP_ANONYMOUS|MAP_NORESERVE, -1, 0 <unfinished ...>
2095  <... mmap resumed>)               = 0x7f9050fb8000
2097  munmap(0x7f9061090000, 16384 <unfinished ...>
2096  <... mmap resumed>)               = 0x7f903c3e8000
2100  <... mmap resumed>)               = 0x7f904be2c000
2097  <... munmap resumed>)             = 0
2096  munmap(0x7f9039a1c000, 16384 <unfinished ...>
2095  munmap(0x7f904a59c000, 16384 <unfinished ...>
2100  munmap(0x7f904ed10000, 16384 <unfinished ...>
2096  <... munmap resumed>)             = 0
2095  <... munmap resumed>)             = 0
2096  mmap(0x7f9039a1c000, 16384, PROT_READ|PROT_WRITE, MAP_PRIVATE|MAP_FIXED|MAP_ANONYMOUS|MAP_NORESERVE, -1, 0 <unfinished ...>
2095  mmap(0x7f904a59c000, 16384, PROT_READ|PROT_WRITE, MAP_PRIVATE|MAP_FIXED|MAP_ANONYMOUS|MAP_NORESERVE, -1, 0 <unfinished ...>
2096  <... mmap resumed>)               = 0x7f9039a1c000
2096  munmap(0x7f90445c4000, 16384 <unfinished ...>
2095  <... mmap resumed>)               = 0x7f904a59c000
2100  <... munmap resumed>)             = 0
2097  mmap(0x7f9061090000, 16384, PROT_READ|PROT_WRITE, MAP_PRIVATE|MAP_FIXED|MAP_ANONYMOUS|MAP_NORESERVE, -1, 0 <unfinished ...>
2096  <... munmap resumed>)             = 0
2095  munmap(0x7f905f8d4000, 16384 <unfinished ...>
2100  mmap(0x7f904ed10000, 16384, PROT_READ|PROT_WRITE, MAP_PRIVATE|MAP_FIXED|MAP_ANONYMOUS|MAP_NORESERVE, -1, 0 <unfinished ...>
2097  <... mmap resumed>)               = 0x7f9061090000
2096  mmap(0x7f90445c4000, 16384, PROT_READ|PROT_WRITE, MAP_PRIVATE|MAP_FIXED|MAP_ANONYMOUS|MAP_NORESERVE, -1, 0 <unfinished ...>
2097  munmap(0x7f903b44c000, 16384 <unfinished ...>
2096  <... mmap resumed>)               = 0x7f90445c4000
2095  <... munmap resumed>)             = 0
2100  <... mmap resumed>)               = 0x7f904ed10000
2097  <... munmap resumed>)             = 0
2096  munmap(0x7f904f2bc000, 16384 <unfinished ...>
2095  mmap(0x7f905f8d4000, 16384, PROT_READ|PROT_WRITE, MAP_PRIVATE|MAP_FIXED|MAP_ANONYMOUS|MAP_NORESERVE, -1, 0 <unfinished ...>
2100  munmap(0x7f9056214000, 16384 <unfinished ...>
2097  mmap(0x7f903b44c000, 16384, PROT_READ|PROT_WRITE, MAP_PRIVATE|MAP_FIXED|MAP_ANONYMOUS|MAP_NORESERVE, -1, 0 <unfinished ...>
2096  <... munmap resumed>)             = 0
2095  <... mmap resumed>)               = 0x7f905f8d4000
2100  <... munmap resumed>)             = 0
2096  mmap(0x7f904f2bc000, 16384, PROT_READ|PROT_WRITE, MAP_PRIVATE|MAP_FIXED|MAP_ANONYMOUS|MAP_NORESERVE, -1, 0) = 0x7f904f2bc000
2100  mmap(0x7f9056214000, 16384, PROT_READ|PROT_WRITE, MAP_PRIVATE|MAP_FIXED|MAP_ANONYMOUS|MAP_NORESERVE, -1, 0 <unfinished ...>
2096  munmap(0x7f904faec000, 16384 <unfinished ...>
2095  munmap(0x7f904e65c000, 16384 <unfinished ...>
2097  <... mmap resumed>)               = 0x7f903b44c000
2100  <... mmap resumed>)               = 0x7f9056214000
2096  <... munmap resumed>)             = 0
2095  <... munmap resumed>)             = 0
2100  munmap(0x7f9051fd8000, 16384 <unfinished ...>
2097  munmap(0x7f9052700000, 16384 <unfinished ...>
2100  <... munmap resumed>)             = 0
2096  mmap(0x7f904faec000, 16384, PROT_READ|PROT_WRITE, MAP_PRIVATE|MAP_FIXED|MAP_ANONYMOUS|MAP_NORESERVE, -1, 0 <unfinished ...>
2095  mmap(0x7f904e65c000, 16384, PROT_READ|PROT_WRITE, MAP_PRIVATE|MAP_FIXED|MAP_ANONYMOUS|MAP_NORESERVE, -1, 0 <unfinished ...>
2100  mmap(0x7f9051fd8000, 16384, PROT_READ|PROT_WRITE, MAP_PRIVATE|MAP_FIXED|MAP_ANONYMOUS|MAP_NORESERVE, -1, 0 <unfinished ...>
2097  <... munmap resumed>)             = 0
2096  <... mmap resumed>)               = 0x7f904faec000
2095  <... mmap resumed>)               = 0x7f904e65c000
2100  <... mmap resumed>)               = 0x7f9051fd8000
2097  mmap(0x7f9052700000, 16384, PROT_READ|PROT_WRITE, MAP_PRIVATE|MAP_FIXED|MAP_ANONYMOUS|MAP_NORESERVE, -1, 0 <unfinished ...>
2096  munmap(0x7f905ae94000, 16384 <unfinished ...>
2095  munmap(0x7f90420d0000, 16384 <unfinished ...>
2097  <... mmap resumed>)               = 0x7f9052700000
2100  munmap(0x7f90421e8000, 16384 <unfinished ...>
2096  <... munmap resumed>)             = 0
2097  munmap(0x7f9063994000, 16384 <unfinished ...>
2100  <... munmap resumed>)             = 0
2096  mmap(0x7f905ae94000, 16384, PROT_READ|PROT_WRITE, MAP_PRIVATE|MAP_FIXED|MAP_ANONYMOUS|MAP_NORESERVE, -1, 0 <unfinished ...>
2100  mmap(0x7f90421e8000, 16384, PROT_READ|PROT_WRITE, MAP_PRIVATE|MAP_FIXED|MAP_ANONYMOUS|MAP_NORESERVE, -1, 0 <unfinished ...>
2097  <... munmap resumed>)             = 0
2096  <... mmap resumed>)               = 0x7f905ae94000
2100  <... mmap resumed>)               = 0x7f90421e8000
2097  mmap(0x7f9063994000, 16384, PROT_READ|PROT_WRITE, MAP_PRIVATE|MAP_FIXED|MAP_ANONYMOUS|MAP_NORESERVE, -1, 0 <unfinished ...>
2095  <... munmap resumed>)             = 0
2100  munmap(0x7f9052cc4000, 16384 <unfinished ...>
2097  <... mmap resumed>)               = 0x7f9063994000
2096  munmap(0x7f903f2f8000, 16384 <unfinished ...>
2100  <... munmap resumed>)             = 0
2095  mmap(0x7f90420d0000, 16384, PROT_READ|PROT_WRITE, MAP_PRIVATE|MAP_FIXED|MAP_ANONYMOUS|MAP_NORESERVE, -1, 0 <unfinished ...>
2097  munmap(0x7f9058d20000, 16384 <unfinished ...>
2100  mmap(0x7f9052cc4000, 16384, PROT_READ|PROT_WRITE, MAP_PRIVATE|MAP_FIXED|MAP_ANONYMOUS|MAP_NORESERVE, -1, 0 <unfinished ...>
2097  <... munmap resumed>)             = 0
2100  <... mmap resumed>)               = 0x7f9052cc4000
2097  mmap(0x7f9058d20000, 16384, PROT_READ|PROT_WRITE, MAP_PRIVATE|MAP_FIXED|MAP_ANONYMOUS|MAP_NORESERVE, -1, 0 <unfinished ...>
2100  munmap(0x7f905f040000, 16384 <unfinished ...>
2096  <... munmap resumed>)             = 0
2100  <... munmap resumed>)             = 0
2097  <... mmap resumed>)               = 0x7f9058d20000
2096  mmap(0x7f903f2f8000, 16384, PROT_READ|PROT_WRITE, MAP_PRIVATE|MAP_FIXED|MAP_ANONYMOUS|MAP_NORESERVE, -1, 0 <unfinished ...>
2095  <... mmap resumed>)               = 0x7f90420d0000
2100  mmap(0x7f905f040000, 16384, PROT_READ|PROT_WRITE, MAP_PRIVATE|MAP_FIXED|MAP_ANONYMOUS|MAP_NORESERVE, -1, 0) = 0x7f905f040000
2097  munmap(0x7f9042e2c000, 16384 <unfinished ...>
2096  <... mmap resumed>)               = 0x7f903f2f8000
2095  munmap(0x7f9046354000, 16384 <unfinished ...>
2100  munmap(0x7f905a6cc000, 16384 <unfinished ...>
2096  munmap(0x7f9051ba8000, 16384)     = 0
2097  <... munmap resumed>)             = 0
2100  <... munmap resumed>)             = 0
2097  mmap(0x7f9042e2c000, 16384, PROT_READ|PROT_WRITE, MAP_PRIVATE|MAP_FIXED|MAP_ANONYMOUS|MAP_NORESERVE, -1, 0 <unfinished ...>
2096  mmap(0x7f9051ba8000, 16384, PROT_READ|PROT_WRITE, MAP_PRIVATE|MAP_FIXED|MAP_ANONYMOUS|MAP_NORESERVE, -1, 0 <unfinished ...>
2095  <... munmap resumed>)             = 0
2100  mmap(0x7f905a6cc000, 16384, PROT_READ|PROT_WRITE, MAP_PRIVATE|MAP_FIXED|MAP_ANONYMOUS|MAP_NORESERVE, -1, 0 <unfinished ...>
2095  mmap(0x7f9046354000, 16384, PROT_READ|PROT_WRITE, MAP_PRIVATE|MAP_FIXED|MAP_ANONYMOUS|MAP_NORESERVE, -1, 0 <unfinished ...>
2100  <... mmap resumed>)               = 0x7f905a6cc000
2097  <... mmap resumed>)               = 0x7f9042e2c000
2096  <... mmap resumed>)               = 0x7f9051ba8000
2095  <... mmap resumed>)               = 0x7f9046354000
2100  munmap(0x7f905a62c000, 16384 <unfinished ...>
2097  munmap(0x7f903e9d8000, 16384 <unfinished ...>
2096  munmap(0x7f9066200000, 16384 <unfinished ...>
2097  <... munmap resumed>)             = 0
2095  munmap(0x7f9059604000, 16384 <unfinished ...>
2100  <... munmap resumed>)             = 0
2096  <... munmap resumed>)             = 0
2095  <... munmap resumed>)             = 0
2100  mmap(0x7f905a62c000, 16384, PROT_READ|PROT_WRITE, MAP_PRIVATE|MAP_FIXED|MAP_ANONYMOUS|MAP_NORESERVE, -1, 0 <unfinished ...>
2097  mmap(0x7f903e9d8000, 16384, PROT_READ|PROT_WRITE, MAP_PRIVATE|MAP_FIXED|MAP_ANONYMOUS|MAP_NORESERVE, -1, 0 <unfinished ...>
2096  mmap(0x7f9066200000, 16384, PROT_READ|PROT_WRITE, MAP_PRIVATE|MAP_FIXED|MAP_ANONYMOUS|MAP_NORESERVE, -1, 0 <unfinished ...>
2100  <... mmap resumed>)               = 0x7f905a62c000
2095  mmap(0x7f9059604000, 16384, PROT_READ|PROT_WRITE, MAP_PRIVATE|MAP_FIXED|MAP_ANONYMOUS|MAP_NORESERVE, -1, 0 <unfinished ...>
2097  <... mmap resumed>)               = 0x7f903e9d8000
2096  <... mmap resumed>)               = 0x7f9066200000
2100  munmap(0x7f904bf1c000, 16384 <unfinished ...>
2095  <... mmap resumed>)               = 0x7f9059604000
2097  munmap(0x7f9055b24000, 16384 <unfinished ...>
2096  munmap(0x7f9065d08000, 16384 <unfinished ...>
2097  <... munmap resumed>)             = 0
2095  munmap(0x7f904f448000, 16384 <unfinished ...>
2097  mmap(0x7f9055b24000, 16384, PROT_READ|PROT_WRITE, MAP_PRIVATE|MAP_FIXED|MAP_ANONYMOUS|MAP_NORESERVE, -1, 0 <unfinished ...>
2096  <... munmap resumed>)             = 0
2100  <... munmap resumed>)             = 0
2100  mmap(0x7f904bf1c000, 16384, PROT_READ|PROT_WRITE, MAP_PRIVATE|MAP_FIXED|MAP_ANONYMOUS|MAP_NORESERVE, -1, 0 <unfinished ...>
2096  mmap(0x7f9065d08000, 16384, PROT_READ|PROT_WRITE, MAP_PRIVATE|MAP_FIXED|MAP_ANONYMOUS|MAP_NORESERVE, -1, 0 <unfinished ...>
2097  <... mmap resumed>)               = 0x7f9055b24000
2095  <... munmap resumed>)             = 0
2100  <... mmap resumed>)               = 0x7f904bf1c000
2096  <... mmap resumed>)               = 0x7f9065d08000
2097  munmap(0x7f9044438000, 16384 <unfinished ...>
2095  mmap(0x7f904f448000, 16384, PROT_READ|PROT_WRITE, MAP_PRIVATE|MAP_FIXED|MAP_ANONYMOUS|MAP_NORESERVE, -1, 0 <unfinished ...>
2100  munmap(0x7f905e5b8000, 16384 <unfinished ...>
2097  <... munmap resumed>)             = 0
2096  munmap(0x7f9064778000, 16384 <unfinished ...>
2100  <... munmap resumed>)             = 0
2097  mmap(0x7f9044438000, 16384, PROT_READ|PROT_WRITE, MAP_PRIVATE|MAP_FIXED|MAP_ANONYMOUS|MAP_NORESERVE, -1, 0 <unfinished ...>
2100  mmap(0x7f905e5b8000, 16384, PROT_READ|PROT_WRITE, MAP_PRIVATE|MAP_FIXED|MAP_ANONYMOUS|MAP_NORESERVE, -1, 0) = 0x7f905e5b8000
2096  <... munmap resumed>)             = 0
2097  <... mmap resumed>)               = 0x7f9044438000
2100  munmap(0x7f9048f6c000, 16384 <unfinished ...>
2097  munmap(0x7f90450b0000, 16384 <unfinished ...>
2096  mmap(0x7f9064778000, 16384, PROT_READ|PROT_WRITE, MAP_PRIVATE|MAP_FIXED|MAP_ANONYMOUS|MAP_NORESERVE, -1, 0 <unfinished ...>
2095  <... mmap resumed>)               = 0x7f904f448000
2100  <... munmap resumed>)             = 0
2100  mmap(0x7f9048f6c000, 16384, PROT_READ|PROT_WRITE, MAP_PRIVATE|MAP_FIXED|MAP_ANONYMOUS|MAP_NORESERVE, -1, 0 <unfinished ...>
2097  <... munmap resumed>)             = 0
2096  <... mmap resumed>)               = 0x7f9064778000
2095  munmap(0x7f9056824000, 16384 <unfinished ...>
2100  <... mmap resumed>)               = 0x7f9048f6c000
2097  mmap(0x7f90450b0000, 16384, PROT_READ|PROT_WRITE, MAP_PRIVATE|MAP_FIXED|MAP_ANONYMOUS|MAP_NORESERVE, -1, 0 <unfinished ...>
2096  munmap(0x7f90401c4000, 16384 <unfinished ...>
2100  munmap(0x7f904e1a0000, 16384 <unfinished ...>
2097  <... mmap resumed>)               = 0x7f90450b0000
2096  <... munmap resumed>)             = 0
2095  <... munmap resumed>)             = 0
2100  <... munmap resumed>)             = 0
2096  mmap(0x7f90401c4000, 16384, PROT_READ|PROT_WRITE, MAP_PRIVATE|MAP_FIXED|MAP_ANONYMOUS|MAP_NORESERVE, -1, 0 <unfinished ...>
2095  mmap(0x7f9056824000, 16384, PROT_READ|PROT_WRITE, MAP_PRIVATE|MAP_FIXED|MAP_ANONYMOUS|MAP_NORESERVE, -1, 0 <unfinished ...>
2100  mmap(0x7f904e1a0000, 16384, PROT_READ|PROT_WRITE, MAP_PRIVATE|MAP_FIXED|MAP_ANONYMOUS|MAP_NORESERVE, -1, 0 <unfinished ...>
2096  <... mmap resumed>)               = 0x7f90401c4000
2095  <... mmap resumed>)               = 0x7f9056824000
2100  <... mmap resumed>)               = 0x7f904e1a0000
2097  munmap(0x7f9053978000, 16384 <unfinished ...>
2096  munmap(0x7f9051fbc000, 16384 <unfinished ...>
2095  munmap(0x7f905d9bc000, 16384 <unfinished ...>
2100  munmap(0x7f90428a0000, 16384 <unfinished ...>
2097  <... munmap resumed>)             = 0
2096  <... munmap resumed>)             = 0
2095  <... munmap resumed>)             = 0
2095  mmap(0x7f905d9bc000, 16384, PROT_READ|PROT_WRITE, MAP_PRIVATE|MAP_FIXED|MAP_ANONYMOUS|MAP_NORESERVE, -1, 0 <unfinished ...>
2097  mmap(0x7f9053978000, 16384, PROT_READ|PROT_WRITE, MAP_PRIVATE|MAP_FIXED|MAP_ANONYMOUS|MAP_NORESERVE, -1, 0 <unfinished ...>
2096  mmap(0x7f9051fbc000, 16384, PROT_READ|PROT_WRITE, MAP_PRIVATE|MAP_FIXED|MAP_ANONYMOUS|MAP_NORESERVE, -1, 0 <unfinished ...>
2100  <... munmap resumed>)             = 0
2097  <... mmap resumed>)               = 0x7f9053978000
2095  <... mmap resumed>)               = 0x7f905d9bc000
2096  <... mmap resumed>)               = 0x7f9051fbc000
2100  mmap(0x7f90428a0000, 16384, PROT_READ|PROT_WRITE, MAP_PRIVATE|MAP_FIXED|MAP_ANONYMOUS|MAP_NORESERVE, -1, 0) = 0x7f90428a0000
2097  munmap(0x7f903fb64000, 16384 <unfinished ...>
2096  munmap(0x7f906414c000, 16384 <unfinished ...>
2095  munmap(0x7f905b4e8000, 16384 <unfinished ...>
2100  munmap(0x7f903dcf8000, 16384 <unfinished ...>
2097  <... munmap resumed>)             = 0
2096  <... munmap resumed>)             = 0
2097  mmap(0x7f903fb64000, 16384, PROT_READ|PROT_WRITE, MAP_PRIVATE|MAP_FIXED|MAP_ANONYMOUS|MAP_NORESERVE, -1, 0 <unfinished ...>
2095  <... munmap resumed>)             = 0
2100  <... munmap resumed>)             = 0
2096  mmap(0x7f906414c000, 16384, PROT_READ|PROT_WRITE, MAP_PRIVATE|MAP_FIXED|MAP_ANONYMOUS|MAP_NORESERVE, -1, 0 <unfinished ...>
2100  mmap(0x7f903dcf8000, 16384, PROT_READ|PROT_WRITE, MAP_PRIVATE|MAP_FIXED|MAP_ANONYMOUS|MAP_NORESERVE, -1, 0 <unfinished ...>
2097  <... mmap resumed>)               = 0x7f903fb64000
2095  mmap(0x7f905b4e8000, 16384, PROT_READ|PROT_WRITE, MAP_PRIVATE|MAP_FIXED|MAP_ANONYMOUS|MAP_NORESERVE, -1, 0 <unfinished ...>
2100  <... mmap resumed>)               = 0x7f903dcf8000
2097  munmap(0x7f905c1f0000, 16384 <unfinished ...>
2096  <... mmap resumed>)               = 0x7f906414c000
2100  munmap(0x7f9047808000, 16384)     = 0
2097  <... munmap resumed>)             = 0
2096  munmap(0x7f9066298000, 16384 <unfinished ...>
2095  <... mmap resumed>)               = 0x7f905b4e8000
2100  mmap(0x7f9047808000, 16384, PROT_READ|PROT_WRITE, MAP_PRIVATE|MAP_FIXED|MAP_ANONYMOUS|MAP_NORESERVE, -1, 0 <unfinished ...>
2097  mmap(0x7f905c1f0000, 16384, PROT_READ|PROT_WRITE, MAP_PRIVATE|MAP_FIXED|MAP_ANONYMOUS|MAP_NORESERVE, -1, 0 <unfinished ...>
2100  <... mmap resumed>)               = 0x7f9047808000
2095  munmap(0x7f903aca4000, 16384 <unfinished ...>
2100  munmap(0x7f90546d4000, 16384 <unfinished ...>
2097  <... mmap resumed>)               = 0x7f905c1f0000
2096  <... munmap resumed>)             = 0
2100  <... munmap resumed>)             = 0
2095  <... munmap resumed>)             = 0
2100  mmap(0x7f90546d4000, 16384, PROT_READ|PROT_WRITE, MAP_PRIVATE|MAP_FIXED|MAP_ANONYMOUS|MAP_NORESERVE, -1, 0 <unfinished ...>
2096  mmap(0x7f9066298000, 16384, PROT_READ|PROT_WRITE, MAP_PRIVATE|MAP_FIXED|MAP_ANONYMOUS|MAP_NORESERVE, -1, 0 <unfinished ...>
2100  <... mmap resumed>)               = 0x7f90546d4000
2097  munmap(0x7f905b99c000, 16384 <unfinished ...>
2095  mmap(0x7f903aca4000, 16384, PROT_READ|PROT_WRITE, MAP_PRIVATE|MAP_FIXED|MAP_ANONYMOUS|MAP_NORESERVE, -1, 0 <unfinished ...>
2100  munmap(0x7f9058918000, 16384 <unfinished ...>
2096  <... mmap resumed>)               = 0x7f9066298000
2097  <... munmap resumed>)             = 0
2095  <... mmap resumed>)               = 0x7f903aca4000
2100  <... munmap resumed>)             = 0
2097  mmap(0x7f905b99c000, 16384, PROT_READ|PROT_WRITE, MAP_PRIVATE|MAP_FIXED|MAP_ANONYMOUS|MAP_NORESERVE, -1, 0 <unfinished ...>
2096  munmap(0x7f9045e04000, 16384 <unfinished ...>
2100  mmap(0x7f9058918000, 16384, PROT_READ|PROT_WRITE, MAP_PRIVATE|MAP_FIXED|MAP_ANONYMOUS|MAP_NORESERVE, -1, 0 <unfinished ...>
2097  <... mmap resumed>)               = 0x7f905b99c000
2095  munmap(0x7f905b4cc000, 16384 <unfinished ...>
2100  <... mmap resumed>)               = 0x7f9058918000
2100  munmap(0x7f9051844000, 16384 <unfinished ...>
2096  <... munmap resumed>)             = 0
2096  mmap(0x7f9045e04000, 16384, PROT_READ|PROT_WRITE, MAP_PRIVATE|MAP_FIXED|MAP_ANONYMOUS|MAP_NORESERVE, -1, 0 <unfinished ...>
2095  <... munmap resumed>)             = 0
2097  munmap(0x7f904d840000, 16384 <unfinished ...>
2095  mmap(0x7f905b4cc000, 16384, PROT_READ|PROT_WRITE, MAP_PRIVATE|MAP_FIXED|MAP_ANONYMOUS|MAP_NORESERVE, -1, 0 <unfinished ...>
2097  <... munmap resumed>)             = 0
2095  <... mmap resumed>)               = 0x7f905b4cc000
2100  <... munmap resumed>)             = 0
2096  <... mmap resumed>)               = 0x7f9045e04000
2097  mmap(0x7f904d840000, 16384, PROT_READ|PROT_WRITE, MAP_PRIVATE|MAP_FIXED|MAP_ANONYMOUS|MAP_NORESERVE, -1, 0 <unfinished ...>
2100  mmap(0x7f9051844000, 16384, PROT_READ|PROT_WRITE, MAP_PRIVATE|MAP_FIXED|MAP_ANONYMOUS|MAP_NORESERVE, -1, 0 <unfinished ...>
2095  munmap(0x7f905f764000, 16384 <unfinished ...>
2096  munmap(0x7f906602c000, 16384 <unfinished ...>
2100  <... mmap resumed>)               = 0x7f9051844000
2097  <... mmap resumed>)               = 0x7f904d840000
2096  <... munmap resumed>)             = 0
2100  munmap(0x7f9041920000, 16384 <unfinished ...>
2095  <... munmap resumed>)             = 0
2096  mmap(0x7f906602c000, 16384, PROT_READ|PROT_WRITE, MAP_PRIVATE|MAP_FIXED|MAP_ANONYMOUS|MAP_NORESERVE, -1, 0 <unfinished ...>
2097  munmap(0x7f9058cf8000, 16384 <unfinished ...>
2095  mmap(0x7f905f764000, 16384, PROT_READ|PROT_WRITE, MAP_PRIVATE|MAP_FIXED|MAP_ANONYMOUS|MAP_NORESERVE, -1, 0 <unfinished ...>
2100  <... munmap resumed>)             = 0
2096  <... mmap resumed>)               = 0x7f906602c000
2100  mmap(0x7f9041920000, 16384, PROT_READ|PROT_WRITE, MAP_PRIVATE|MAP_FIXED|MAP_ANONYMOUS|MAP_NORESERVE, -1, 0 <unfinished ...>
2097  <... munmap resumed>)             = 0
2096  munmap(0x7f904eb1c000, 16384 <unfinished ...>
2100  <... mmap resumed>)               = 0x7f9041920000
2097  mmap(0x7f9058cf8000, 16384, PROT_READ|PROT_WRITE, MAP_PRIVATE|MAP_FIXED|MAP_ANONYMOUS|MAP_NORESERVE, -1, 0 <unfinished ...>
2095  <... mmap resumed>)               = 0x7f905f764000
2096  <... munmap resumed>)             = 0
2095  munmap(0x7f9050034000, 16384 <unfinished ...>
2100  munmap(0x7f9059aec000, 16384 <unfinished ...>
2097  <... mmap resumed>)               = 0x7f9058cf8000
2096  mmap(0x7f904eb1c000, 16384, PROT_READ|PROT_WRITE, MAP_PRIVATE|MAP_FIXED|MAP_ANONYMOUS|MAP_NORESERVE, -1, 0 <unfinished ...>
2095  <... munmap resumed>)             = 0
2100  <... munmap resumed>)             = 0
2096  <... mmap resumed>)               = 0x7f904eb1c000
2100  mmap(0x7f9059aec000, 16384, PROT_READ|PROT_WRITE, MAP_PRIVATE|MAP_FIXED|MAP_ANONYMOUS|MAP_NORESERVE, -1, 0 <unfinished ...>
2097  munmap(0x7f9057ffc000, 16384 <unfinished ...>
2095  mmap(0x7f9050034000, 16384, PROT_READ|PROT_WRITE, MAP_PRIVATE|MAP_FIXED|MAP_ANONYMOUS|MAP_NORESERVE, -1, 0 <unfinished ...>
2100  <... mmap resumed>)               = 0x7f9059aec000
2096  munmap(0x7f9050f18000, 16384 <unfinished ...>
2100  munmap(0x7f9052474000, 16384 <unfinished ...>
2097  <... munmap resumed>)             = 0
2096  <... munmap resumed>)             = 0
2095  <... mmap resumed>)               = 0x7f9050034000
2097  mmap(0x7f9057ffc000, 16384, PROT_READ|PROT_WRITE, MAP_PRIVATE|MAP_FIXED|MAP_ANONYMOUS|MAP_NORESERVE, -1, 0 <unfinished ...>
2096  mmap(0x7f9050f18000, 16384, PROT_READ|PROT_WRITE, MAP_PRIVATE|MAP_FIXED|MAP_ANONYMOUS|MAP_NORESERVE, -1, 0 <unfinished ...>
2097  <... mmap resumed>)               = 0x7f9057ffc000
2096  <... mmap resumed>)               = 0x7f9050f18000
2100  <... munmap resumed>)             = 0
2097  munmap(0x7f9054290000, 16384 <unfinished ...>
2096  munmap(0x7f9053df0000, 16384 <unfinished ...>
2095  munmap(0x7f905e7f4000, 16384 <unfinished ...>
2100  mmap(0x7f9052474000, 16384, PROT_READ|PROT_WRITE, MAP_PRIVATE|MAP_FIXED|MAP_ANONYMOUS|MAP_NORESERVE, -1, 0 <unfinished ...>
2097  <... munmap resumed>)             = 0
2096  <... munmap resumed>)             = 0
2100  <... mmap resumed>)               = 0x7f9052474000
2097  mmap(0x7f9054290000, 16384, PROT_READ|PROT_WRITE, MAP_PRIVATE|MAP_FIXED|MAP_ANONYMOUS|MAP_NORESERVE, -1, 0 <unfinished ...>
2096  mmap(0x7f9053df0000, 16384, PROT_READ|PROT_WRITE, MAP_PRIVATE|MAP_FIXED|MAP_ANONYMOUS|MAP_NORESERVE, -1, 0 <unfinished ...>
2095  <... munmap resumed>)             = 0
2100  munmap(0x7f9044664000, 16384 <unfinished ...>
2097  <... mmap resumed>)               = 0x7f9054290000
2100  <... munmap resumed>)             = 0
2097  munmap(0x7f9059f30000, 16384 <unfinished ...>
2096  <... mmap resumed>)               = 0x7f9053df0000
2095  mmap(0x7f905e7f4000, 16384, PROT_READ|PROT_WRITE, MAP_PRIVATE|MAP_FIXED|MAP_ANONYMOUS|MAP_NORESERVE, -1, 0 <unfinished ...>
2100  mmap(0x7f9044664000, 16384, PROT_READ|PROT_WRITE, MAP_PRIVATE|MAP_FIXED|MAP_ANONYMOUS|MAP_NORESERVE, -1, 0 <unfinished ...>
2097  <... munmap resumed>)             = 0
2096  munmap(0x7f905d9ac000, 16384 <unfinished ...>
2100  <... mmap resumed>)               = 0x7f9044664000
2095  <... mmap resumed>)               = 0x7f905e7f4000
2097  mmap(0x7f9059f30000, 16384, PROT_READ|PROT_WRITE, MAP_PRIVATE|MAP_FIXED|MAP_ANONYMOUS|MAP_NORESERVE, -1, 0 <unfinished ...>
2100  munmap(0x7f9064e24000, 16384)     = 0
2097  <... mmap resumed>)               = 0x7f9059f30000
2096  <... munmap resumed>)             = 0
2095  munmap(0x7f903f754000, 16384 <unfinished ...>
2100  mmap(0x7f9064e24000, 16384, PROT_READ|PROT_WRITE, MAP_PRIVATE|MAP_FIXED|MAP_ANONYMOUS|MAP_NORESERVE, -1, 0 <unfinished ...>
2097  munmap(0x7f90569c4000, 16384 <unfinished ...>
2100  <... mmap resumed>)               = 0x7f9064e24000
2096  mmap(0x7f905d9ac000, 16384, PROT_READ|PROT_WRITE, MAP_PRIVATE|MAP_FIXED|MAP_ANONYMOUS|MAP_NORESERVE, -1, 0 <unfinished ...>
2097  <... munmap resumed>)             = 0
2100  munmap(0x7f9064150000, 16384 <unfinished ...>
2095  <... munmap resumed>)             = 0
2100  <... munmap resumed>)             = 0
2097  mmap(0x7f90569c4000, 16384, PROT_READ|PROT_WRITE, MAP_PRIVATE|MAP_FIXED|MAP_ANONYMOUS|MAP_NORESERVE, -1, 0 <unfinished ...>
2096  <... mmap resumed>)               = 0x7f905d9ac000
2100  mmap(0x7f9064150000, 16384, PROT_READ|PROT_WRITE, MAP_PRIVATE|MAP_FIXED|MAP_ANONYMOUS|MAP_NORESERVE, -1, 0 <unfinished ...>
2095  mmap(0x7f903f754000, 16384, PROT_READ|PROT_WRITE, MAP_PRIVATE|MAP_FIXED|MAP_ANONYMOUS|MAP_NORESERVE, -1, 0 <unfinished ...>
2097  <... mmap resumed>)               = 0x7f90569c4000
2096  munmap(0x7f905700c000, 16384 <unfinished ...>
2100  <... mmap resumed>)               = 0x7f9064150000
2095  <... mmap resumed>)               = 0x7f903f754000
2097  munmap(0x7f903ae50000, 16384 <unfinished ...>
2096  <... munmap resumed>)             = 0
2100  munmap(0x7f90572b4000, 16384 <unfinished ...>
2097  <... munmap resumed>)             = 0
2096  mmap(0x7f905700c000, 16384, PROT_READ|PROT_WRITE, MAP_PRIVATE|MAP_FIXED|MAP_ANONYMOUS|MAP_NORESERVE, -1, 0 <unfinished ...>
2095  munmap(0x7f9061b88000, 16384 <unfinished ...>
2100  <... munmap resumed>)             = 0
2097  mmap(0x7f903ae50000, 16384, PROT_READ|PROT_WRITE, MAP_PRIVATE|MAP_FIXED|MAP_ANONYMOUS|MAP_NORESERVE, -1, 0 <unfinished ...>
2100  mmap(0x7f90572b4000, 16384, PROT_READ|PROT_WRITE, MAP_PRIVATE|MAP_FIXED|MAP_ANONYMOUS|MAP_NORESERVE, -1, 0 <unfinished ...>
2097  <... mmap resumed>)               = 0x7f903ae50000
2100  <... mmap resumed>)               = 0x7f90572b4000
2096  <... mmap resumed>)               = 0x7f905700c000
2095  <... munmap resumed>)             = 0
2100  munmap(0x7f9042010000, 16384 <unfinished ...>
2097  munmap(0x7f9053a6c000, 16384 <unfinished ...>
2096  munmap(0x7f904be58000, 16384 <unfinished ...>
2095  mmap(0x7f9061b88000, 16384, PROT_READ|PROT_WRITE, MAP_PRIVATE|MAP_FIXED|MAP_ANONYMOUS|MAP_NORESERVE, -1, 0 <unfinished ...>
2100  <... munmap resumed>)             = 0
2097  <... munmap resumed>)             = 0
2095  <... mmap resumed>)               = 0x7f9061b88000
2100  mmap(0x7f9042010000, 16384, PROT_READ|PROT_WRITE, MAP_PRIVATE|MAP_FIXED|MAP_ANONYMOUS|MAP_NORESERVE, -1, 0 <unfinished ...>
2097  mmap(0x7f9053a6c000, 16384, PROT_READ|PROT_WRITE, MAP_PRIVATE|MAP_FIXED|MAP_ANONYMOUS|MAP_NORESERVE, -1, 0 <unfinished ...>
2096  <... munmap resumed>)             = 0
2100  <... mmap resumed>)               = 0x7f9042010000
2095  munmap(0x7f9054654000, 16384 <unfinished ...>
2097  <... mmap resumed>)               = 0x7f9053a6c000
2096  mmap(0x7f904be58000, 16384, PROT_READ|PROT_WRITE, MAP_PRIVATE|MAP_FIXED|MAP_ANONYMOUS|MAP_NORESERVE, -1, 0 <unfinished ...>
2100  munmap(0x7f903b5b8000, 16384 <unfinished ...>
2095  <... munmap resumed>)             = 0
2100  <... munmap resumed>)             = 0
2097  munmap(0x7f9042ac0000, 16384 <unfinished ...>
2096  <... mmap resumed>)               = 0x7f904be58000
2095  mmap(0x7f9054654000, 16384, PROT_READ|PROT_WRITE, MAP_PRIVATE|MAP_FIXED|MAP_ANONYMOUS|MAP_NORESERVE, -1, 0 <unfinished ...>
2100  mmap(0x7f903b5b8000, 16384, PROT_READ|PROT_WRITE, MAP_PRIVATE|MAP_FIXED|MAP_ANONYMOUS|MAP_NORESERVE, -1, 0 <unfinished ...>
2097  <... munmap resumed>)             = 0
2096  munmap(0x7f905d794000, 16384 <unfinished ...>
2095  <... mmap resumed>)               = 0x7f9054654000
2100  <... mmap resumed>)               = 0x7f903b5b8000
2097  mmap(0x7f9042ac0000, 16384, PROT_READ|PROT_WRITE, MAP_PRIVATE|MAP_FIXED|MAP_ANONYMOUS|MAP_NORESERVE, -1, 0 <unfinished ...>
2096  <... munmap resumed>)             = 0
2100  munmap(0x7f90523c0000, 16384 <unfinished ...>
2095  munmap(0x7f9059d18000, 16384 <unfinished ...>
2097  <... mmap resumed>)               = 0x7f9042ac0000
2096  mmap(0x7f905d794000, 16384, PROT_READ|PROT_WRITE, MAP_PRIVATE|MAP_FIXED|MAP_ANONYMOUS|MAP_NORESERVE, -1, 0 <unfinished ...>
2097  munmap(0x7f903d778000, 16384 <unfinished ...>
2095  <... munmap resumed>)             = 0
2100  <... munmap resumed>)             = 0
2096  <... mmap resumed>)               = 0x7f905d794000
2095  mmap(0x7f9059d18000, 16384, PROT_READ|PROT_WRITE, MAP_PRIVATE|MAP_FIXED|MAP_ANONYMOUS|MAP_NORESERVE, -1, 0 <unfinished ...>
2097  <... munmap resumed>)             = 0
2100  mmap(0x7f90523c0000, 16384, PROT_READ|PROT_WRITE, MAP_PRIVATE|MAP_FIXED|MAP_ANONYMOUS|MAP_NORESERVE, -1, 0 <unfinished ...>
2097  mmap(0x7f903d778000, 16384, PROT_READ|PROT_WRITE, MAP_PRIVATE|MAP_FIXED|MAP_ANONYMOUS|MAP_NORESERVE, -1, 0 <unfinished ...>
2096  munmap(0x7f905f1f4000, 16384 <unfinished ...>
2095  <... mmap resumed>)               = 0x7f9059d18000
2100  <... mmap resumed>)               = 0x7f90523c0000
2096  <... munmap resumed>)             = 0
2097  <... mmap resumed>)               = 0x7f903d778000
2096  mmap(0x7f905f1f4000, 16384, PROT_READ|PROT_WRITE, MAP_PRIVATE|MAP_FIXED|MAP_ANONYMOUS|MAP_NORESERVE, -1, 0 <unfinished ...>
2100  munmap(0x7f9056594000, 16384 <unfinished ...>
2097  munmap(0x7f90640f0000, 16384 <unfinished ...>
2095  munmap(0x7f90438e4000, 16384 <unfinished ...>
2100  <... munmap resumed>)             = 0
2096  <... mmap resumed>)               = 0x7f905f1f4000
2100  mmap(0x7f9056594000, 16384, PROT_READ|PROT_WRITE, MAP_PRIVATE|MAP_FIXED|MAP_ANONYMOUS|MAP_NORESERVE, -1, 0 <unfinished ...>
2097  <... munmap resumed>)             = 0
2095  <... munmap resumed>)             = 0
2100  <... mmap resumed>)               = 0x7f9056594000
2097  mmap(0x7f90640f0000, 16384, PROT_READ|PROT_WRITE, MAP_PRIVATE|MAP_FIXED|MAP_ANONYMOUS|MAP_NORESERVE, -1, 0 <unfinished ...>
2096  munmap(0x7f903e2e8000, 16384 <unfinished ...>
2095  mmap(0x7f90438e4000, 16384, PROT_READ|PROT_WRITE, MAP_PRIVATE|MAP_FIXED|MAP_ANONYMOUS|MAP_NORESERVE, -1, 0 <unfinished ...>
2100  munmap(0x7f905c100000, 16384 <unfinished ...>
2097  <... mmap resumed>)               = 0x7f90640f0000
2096  <... munmap resumed>)             = 0
2100  <... munmap resumed>)             = 0
2095  <... mmap resumed>)               = 0x7f90438e4000
2100  mmap(0x7f905c100000, 16384, PROT_READ|PROT_WRITE, MAP_PRIVATE|MAP_FIXED|MAP_ANONYMOUS|MAP_NORESERVE, -1, 0 <unfinished ...>
2097  munmap(0x7f9059a58000, 16384 <unfinished ...>
2096  mmap(0x7f903e2e8000, 16384, PROT_READ|PROT_WRITE, MAP_PRIVATE|MAP_FIXED|MAP_ANONYMOUS|MAP_NORESERVE, -1, 0 <unfinished ...>
2100  <... mmap resumed>)               = 0x7f905c100000
2097  <... munmap resumed>)             = 0
2095  munmap(0x7f903adc0000, 16384 <unfinished ...>
2100  munmap(0x7f9040ed0000, 16384 <unfinished ...>
2096  <... mmap resumed>)               = 0x7f903e2e8000
2097  mmap(0x7f9059a58000, 16384, PROT_READ|PROT_WRITE, MAP_PRIVATE|MAP_FIXED|MAP_ANONYMOUS|MAP_NORESERVE, -1, 0 <unfinished ...>
2100  <... munmap resumed>)             = 0
2100  mmap(0x7f9040ed0000, 16384, PROT_READ|PROT_WRITE, MAP_PRIVATE|MAP_FIXED|MAP_ANONYMOUS|MAP_NORESERVE, -1, 0 <unfinished ...>
2096  munmap(0x7f90550d4000, 16384 <unfinished ...>
2095  <... munmap resumed>)             = 0
2100  <... mmap resumed>)               = 0x7f9040ed0000
2097  <... mmap resumed>)               = 0x7f9059a58000
2096  <... munmap resumed>)             = 0
2100  munmap(0x7f90446d0000, 16384 <unfinished ...>
2095  mmap(0x7f903adc0000, 16384, PROT_READ|PROT_WRITE, MAP_PRIVATE|MAP_FIXED|MAP_ANONYMOUS|MAP_NORESERVE, -1, 0 <unfinished ...>
2100  <... munmap resumed>)             = 0
2097  munmap(0x7f903a058000, 16384 <unfinished ...>
2096  mmap(0x7f90550d4000, 16384, PROT_READ|PROT_WRITE, MAP_PRIVATE|MAP_FIXED|MAP_ANONYMOUS|MAP_NORESERVE, -1, 0 <unfinished ...>
2095  <... mmap resumed>)               = 0x7f903adc0000
2100  mmap(0x7f90446d0000, 16384, PROT_READ|PROT_WRITE, MAP_PRIVATE|MAP_FIXED|MAP_ANONYMOUS|MAP_NORESERVE, -1, 0 <unfinished ...>
2097  <... munmap resumed>)             = 0
2096  <... mmap resumed>)               = 0x7f90550d4000
2095  munmap(0x7f905ff44000, 16384 <unfinished ...>
2100  <... mmap resumed>)               = 0x7f90446d0000
2097  mmap(0x7f903a058000, 16384, PROT_READ|PROT_WRITE, MAP_PRIVATE|MAP_FIXED|MAP_ANONYMOUS|MAP_NORESERVE, -1, 0 <unfinished ...>
2096  munmap(0x7f90647cc000, 16384 <unfinished ...>
2095  <... munmap resumed>)             = 0
2095  mmap(0x7f905ff44000, 16384, PROT_READ|PROT_WRITE, MAP_PRIVATE|MAP_FIXED|MAP_ANONYMOUS|MAP_NORESERVE, -1, 0 <unfinished ...>
2100  munmap(0x7f90529b4000, 16384 <unfinished ...>
2095  <... mmap resumed>)               = 0x7f905ff44000
2100  <... munmap resumed>)             = 0
2100  mmap(0x7f90529b4000, 16384, PROT_READ|PROT_WRITE, MAP_PRIVATE|MAP_FIXED|MAP_ANONYMOUS|MAP_NORESERVE, -1, 0 <unfinished ...>
2095  munmap(0x7f905eccc000, 16384 <unfinished ...>
2100  <... mmap resumed>)               = 0x7f90529b4000
2096  <... munmap resumed>)             = 0
2100  munmap(0x7f9062cb8000, 16384 <unfinished ...>
2097  <... mmap resumed>)               = 0x7f903a058000
2096  mmap(0x7f90647cc000, 16384, PROT_READ|PROT_WRITE, MAP_PRIVATE|MAP_FIXED|MAP_ANONYMOUS|MAP_NORESERVE, -1, 0 <unfinished ...>
2095  <... munmap resumed>)             = 0
2100  <... munmap resumed>)             = 0
2097  munmap(0x7f903fc3c000, 16384 <unfinished ...>
2096  <... mmap resumed>)               = 0x7f90647cc000
2095  mmap(0x7f905eccc000, 16384, PROT_READ|PROT_WRITE, MAP_PRIVATE|MAP_FIXED|MAP_ANONYMOUS|MAP_NORESERVE, -1, 0 <unfinished ...>
2100  mmap(0x7f9062cb8000, 16384, PROT_READ|PROT_WRITE, MAP_PRIVATE|MAP_FIXED|MAP_ANONYMOUS|MAP_NORESERVE, -1, 0 <unfinished ...>
2096  munmap(0x7f903b41c000, 16384 <unfinished ...>
2097  <... munmap resumed>)             = 0
2100  <... mmap resumed>)               = 0x7f9062cb8000
2096  <... munmap resumed>)             = 0
2100  munmap(0x7f904b8b8000, 16384 <unfinished ...>
2097  mmap(0x7f903fc3c000, 16384, PROT_READ|PROT_WRITE, MAP_PRIVATE|MAP_FIXED|MAP_ANONYMOUS|MAP_NORESERVE, -1, 0 <unfinished ...>
2095  <... mmap resumed>)               = 0x7f905eccc000
2100  <... munmap resumed>)             = 0
2096  mmap(0x7f903b41c000, 16384, PROT_READ|PROT_WRITE, MAP_PRIVATE|MAP_FIXED|MAP_ANONYMOUS|MAP_NORESERVE, -1, 0 <unfinished ...>
2097  <... mmap resumed>)               = 0x7f903fc3c000
2100  mmap(0x7f904b8b8000, 16384, PROT_READ|PROT_WRITE, MAP_PRIVATE|MAP_FIXED|MAP_ANONYMOUS|MAP_NORESERVE, -1, 0 <unfinished ...>
2096  <... mmap resumed>)               = 0x7f903b41c000
2095  munmap(0x7f906094c000, 16384 <unfinished ...>
2100  <... mmap resumed>)               = 0x7f904b8b8000
2097  munmap(0x7f903f4c8000, 16384 <unfinished ...>
2096  munmap(0x7f904d784000, 16384 <unfinished ...>
2100  munmap(0x7f9053ba0000, 16384 <unfinished ...>
2097  <... munmap resumed>)             = 0
2096  <... munmap resumed>)             = 0
2097  mmap(0x7f903f4c8000, 16384, PROT_READ|PROT_WRITE, MAP_PRIVATE|MAP_FIXED|MAP_ANONYMOUS|MAP_NORESERVE, -1, 0 <unfinished ...>
2095  <... munmap resumed>)             = 0
2097  <... mmap resumed>)               = 0x7f903f4c8000
2096  mmap(0x7f904d784000, 16384, PROT_READ|PROT_WRITE, MAP_PRIVATE|MAP_FIXED|MAP_ANONYMOUS|MAP_NORESERVE, -1, 0 <unfinished ...>
2100  <... munmap resumed>)             = 0
2097  munmap(0x7f9049754000, 16384 <unfinished ...>
2096  <... mmap resumed>)               = 0x7f904d784000
2095  mmap(0x7f906094c000, 16384, PROT_READ|PROT_WRITE, MAP_PRIVATE|MAP_FIXED|MAP_ANONYMOUS|MAP_NORESERVE, -1, 0 <unfinished ...>
2100  mmap(0x7f9053ba0000, 16384, PROT_READ|PROT_WRITE, MAP_PRIVATE|MAP_FIXED|MAP_ANONYMOUS|MAP_NORESERVE, -1, 0 <unfinished ...>
2097  <... munmap resumed>)             = 0
2096  munmap(0x7f9040958000, 16384 <unfinished ...>
2100  <... mmap resumed>)               = 0x7f9053ba0000
2095  <... mmap resumed>)               = 0x7f906094c000
2097  mmap(0x7f9049754000, 16384, PROT_READ|PROT_WRITE, MAP_PRIVATE|MAP_FIXED|MAP_ANONYMOUS|MAP_NORESERVE, -1, 0 <unfinished ...>
2096  <... munmap resumed>)             = 0
2095  munmap(0x7f9059020000, 16384 <unfinished ...>
2100  munmap(0x7f90625f4000, 16384 <unfinished ...>
2097  <... mmap resumed>)               = 0x7f9049754000
2096  mmap(0x7f9040958000, 16384, PROT_READ|PROT_WRITE, MAP_PRIVATE|MAP_FIXED|MAP_ANONYMOUS|MAP_NORESERVE, -1, 0 <unfinished ...>
2095  <... munmap resumed>)             = 0
2100  <... munmap resumed>)             = 0
2097  munmap(0x7f905bec0000, 16384 <unfinished ...>
2096  <... mmap resumed>)               = 0x7f9040958000
2100  mmap(0x7f90625f4000, 16384, PROT_READ|PROT_WRITE, MAP_PRIVATE|MAP_FIXED|MAP_ANONYMOUS|MAP_NORESERVE, -1, 0 <unfinished ...>
2097  <... munmap resumed>)             = 0
2095  mmap(0x7f9059020000, 16384, PROT_READ|PROT_WRITE, MAP_PRIVATE|MAP_FIXED|MAP_ANONYMOUS|MAP_NORESERVE, -1, 0 <unfinished ...>
2100  <... mmap resumed>)               = 0x7f90625f4000
2097  mmap(0x7f905bec0000, 16384, PROT_READ|PROT_WRITE, MAP_PRIVATE|MAP_FIXED|MAP_ANONYMOUS|MAP_NORESERVE, -1, 0 <unfinished ...>
2096  munmap(0x7f905bbc4000, 16384 <unfinished ...>
2100  munmap(0x7f904dad4000, 16384 <unfinished ...>
2097  <... mmap resumed>)               = 0x7f905bec0000
2095  <... mmap resumed>)               = 0x7f9059020000
2100  <... munmap resumed>)             = 0
2097  munmap(0x7f905c030000, 16384 <unfinished ...>
2096  <... munmap resumed>)             = 0
2100  mmap(0x7f904dad4000, 16384, PROT_READ|PROT_WRITE, MAP_PRIVATE|MAP_FIXED|MAP_ANONYMOUS|MAP_NORESERVE, -1, 0 <unfinished ...>
2097  <... munmap resumed>)             = 0
2095  munmap(0x7f903c62c000, 16384 <unfinished ...>
2096  mmap(0x7f905bbc4000, 16384, PROT_READ|PROT_WRITE, MAP_PRIVATE|MAP_FIXED|MAP_ANONYMOUS|MAP_NORESERVE, -1, 0 <unfinished ...>
2100  <... mmap resumed>)               = 0x7f904dad4000
2097  mmap(0x7f905c030000, 16384, PROT_READ|PROT_WRITE, MAP_PRIVATE|MAP_FIXED|MAP_ANONYMOUS|MAP_NORESERVE, -1, 0 <unfinished ...>
2100  munmap(0x7f9057a88000, 16384 <unfinished ...>
2096  <... mmap resumed>)               = 0x7f905bbc4000
2097  <... mmap resumed>)               = 0x7f905c030000
2097  munmap(0x7f9040b04000, 16384 <unfinished ...>
2096  munmap(0x7f904412c000, 16384 <unfinished ...>
2095  <... munmap resumed>)             = 0
2100  <... munmap resumed>)             = 0
2097  <... munmap resumed>)             = 0
2096  <... munmap resumed>)             = 0
2095  mmap(0x7f903c62c000, 16384, PROT_READ|PROT_WRITE, MAP_PRIVATE|MAP_FIXED|MAP_ANONYMOUS|MAP_NORESERVE, -1, 0 <unfinished ...>
2100  mmap(0x7f9057a88000, 16384, PROT_READ|PROT_WRITE, MAP_PRIVATE|MAP_FIXED|MAP_ANONYMOUS|MAP_NORESERVE, -1, 0 <unfinished ...>
2097  mmap(0x7f9040b04000, 16384, PROT_READ|PROT_WRITE, MAP_PRIVATE|MAP_FIXED|MAP_ANONYMOUS|MAP_NORESERVE, -1, 0 <unfinished ...>
2096  mmap(0x7f904412c000, 16384, PROT_READ|PROT_WRITE, MAP_PRIVATE|MAP_FIXED|MAP_ANONYMOUS|MAP_NORESERVE, -1, 0 <unfinished ...>
2100  <... mmap resumed>)               = 0x7f9057a88000
2095  <... mmap resumed>)               = 0x7f903c62c000
2097  <... mmap resumed>)               = 0x7f9040b04000
2096  <... mmap resumed>)               = 0x7f904412c000
2097  munmap(0x7f9041fec000, 16384 <unfinished ...>
2096  munmap(0x7f904eddc000, 16384 <unfinished ...>
2100  munmap(0x7f9045fbc000, 16384 <unfinished ...>
2097  <... munmap resumed>)             = 0
2095  munmap(0x7f90557a0000, 16384 <unfinished ...>
2096  <... munmap resumed>)             = 0
2100  <... munmap resumed>)             = 0
2097  mmap(0x7f9041fec000, 16384, PROT_READ|PROT_WRITE, MAP_PRIVATE|MAP_FIXED|MAP_ANONYMOUS|MAP_NORESERVE, -1, 0 <unfinished ...>
2096  mmap(0x7f904eddc000, 16384, PROT_READ|PROT_WRITE, MAP_PRIVATE|MAP_FIXED|MAP_ANONYMOUS|MAP_NORESERVE, -1, 0 <unfinished ...>
2095  <... munmap resumed>)             = 0
2097  <... mmap resumed>)               = 0x7f9041fec000
2096  <... mmap resumed>)               = 0x7f904eddc000
2095  mmap(0x7f90557a0000, 16384, PROT_READ|PROT_WRITE, MAP_PRIVATE|MAP_FIXED|MAP_ANONYMOUS|MAP_NORESERVE, -1, 0 <unfinished ...>
2097  munmap(0x7f905cde0000, 16384 <unfinished ...>
2096  munmap(0x7f904bae0000, 16384 <unfinished ...>
2100  mmap(0x7f9045fbc000, 16384, PROT_READ|PROT_WRITE, MAP_PRIVATE|MAP_FIXED|MAP_ANONYMOUS|MAP_NORESERVE, -1, 0 <unfinished ...>
2097  <... munmap resumed>)             = 0
2096  <... munmap resumed>)             = 0
2100  <... mmap resumed>)               = 0x7f9045fbc000
2095  <... mmap resumed>)               = 0x7f90557a0000
2097  mmap(0x7f905cde0000, 16384, PROT_READ|PROT_WRITE, MAP_PRIVATE|MAP_FIXED|MAP_ANONYMOUS|MAP_NORESERVE, -1, 0 <unfinished ...>
2096  mmap(0x7f904bae0000, 16384, PROT_READ|PROT_WRITE, MAP_PRIVATE|MAP_FIXED|MAP_ANONYMOUS|MAP_NORESERVE, -1, 0 <unfinished ...>
2100  munmap(0x7f905a4fc000, 16384 <unfinished ...>
2097  <... mmap resumed>)               = 0x7f905cde0000
2095  munmap(0x7f9058ae8000, 16384 <unfinished ...>
2097  munmap(0x7f9057188000, 16384 <unfinished ...>
2100  <... munmap resumed>)             = 0
2097  <... munmap resumed>)             = 0
2100  mmap(0x7f905a4fc000, 16384, PROT_READ|PROT_WRITE, MAP_PRIVATE|MAP_FIXED|MAP_ANONYMOUS|MAP_NORESERVE, -1, 0 <unfinished ...>
2097  mmap(0x7f9057188000, 16384, PROT_READ|PROT_WRITE, MAP_PRIVATE|MAP_FIXED|MAP_ANONYMOUS|MAP_NORESERVE, -1, 0) = 0x7f9057188000
2096  <... mmap resumed>)               = 0x7f904bae0000
2095  <... munmap resumed>)             = 0
2100  <... mmap resumed>)               = 0x7f905a4fc000
2097  munmap(0x7f903cc08000, 16384 <unfinished ...>
2100  munmap(0x7f90521b8000, 16384 <unfinished ...>
2096  munmap(0x7f904c5b0000, 16384 <unfinished ...>
2095  mmap(0x7f9058ae8000, 16384, PROT_READ|PROT_WRITE, MAP_PRIVATE|MAP_FIXED|MAP_ANONYMOUS|MAP_NORESERVE, -1, 0 <unfinished ...>
2097  <... munmap resumed>)             = 0
2100  <... munmap resumed>)             = 0
2097  mmap(0x7f903cc08000, 16384, PROT_READ|PROT_WRITE, MAP_PRIVATE|MAP_FIXED|MAP_ANONYMOUS|MAP_NORESERVE, -1, 0 <unfinished ...>
2100  mmap(0x7f90521b8000, 16384, PROT_READ|PROT_WRITE, MAP_PRIVATE|MAP_FIXED|MAP_ANONYMOUS|MAP_NORESERVE, -1, 0) = 0x7f90521b8000
2097  <... mmap resumed>)               = 0x7f903cc08000
2096  <... munmap resumed>)             = 0
2097  munmap(0x7f904975c000, 16384 <unfinished ...>
2096  mmap(0x7f904c5b0000, 16384, PROT_READ|PROT_WRITE, MAP_PRIVATE|MAP_FIXED|MAP_ANONYMOUS|MAP_NORESERVE, -1, 0 <unfinished ...>
2095  <... mmap resumed>)               = 0x7f9058ae8000
2100  munmap(0x7f90572a0000, 16384 <unfinished ...>
2097  <... munmap resumed>)             = 0
2096  <... mmap resumed>)               = 0x7f904c5b0000
2097  mmap(0x7f904975c000, 16384, PROT_READ|PROT_WRITE, MAP_PRIVATE|MAP_FIXED|MAP_ANONYMOUS|MAP_NORESERVE, -1, 0 <unfinished ...>
2095  munmap(0x7f904a560000, 16384 <unfinished ...>
2100  <... munmap resumed>)             = 0
2097  <... mmap resumed>)               = 0x7f904975c000
2096  munmap(0x7f9060adc000, 16384 <unfinished ...>
2095  <... munmap resumed>)             = 0
2100  mmap(0x7f90572a0000, 16384, PROT_READ|PROT_WRITE, MAP_PRIVATE|MAP_FIXED|MAP_ANONYMOUS|MAP_NORESERVE, -1, 0 <unfinished ...>
2097  munmap(0x7f90594f4000, 16384 <unfinished ...>
2096  <... munmap resumed>)             = 0
2095  mmap(0x7f904a560000, 16384, PROT_READ|PROT_WRITE, MAP_PRIVATE|MAP_FIXED|MAP_ANONYMOUS|MAP_NORESERVE, -1, 0 <unfinished ...>
2100  <... mmap resumed>)               = 0x7f90572a0000
2097  <... munmap resumed>)             = 0
2096  mmap(0x7f9060adc000, 16384, PROT_READ|PROT_WRITE, MAP_PRIVATE|MAP_FIXED|MAP_ANONYMOUS|MAP_NORESERVE, -1, 0 <unfinished ...>
2095  <... mmap resumed>)               = 0x7f904a560000
2097  mmap(0x7f90594f4000, 16384, PROT_READ|PROT_WRITE, MAP_PRIVATE|MAP_FIXED|MAP_ANONYMOUS|MAP_NORESERVE, -1, 0 <unfinished ...>
2096  <... mmap resumed>)               = 0x7f9060adc000
2100  munmap(0x7f904e950000, 16384 <unfinished ...>
2097  <... mmap resumed>)               = 0x7f90594f4000
2095  munmap(0x7f9041ed0000, 16384 <unfinished ...>
2100  <... munmap resumed>)             = 0
2096  munmap(0x7f904f188000, 16384 <unfinished ...>
2100  mmap(0x7f904e950000, 16384, PROT_READ|PROT_WRITE, MAP_PRIVATE|MAP_FIXED|MAP_ANONYMOUS|MAP_NORESERVE, -1, 0 <unfinished ...>
2097  munmap(0x7f9053788000, 16384 <unfinished ...>
2095  <... munmap resumed>)             = 0
2100  <... mmap resumed>)               = 0x7f904e950000
2096  <... munmap resumed>)             = 0
2100  munmap(0x7f905634c000, 16384 <unfinished ...>
2097  <... munmap resumed>)             = 0
2095  mmap(0x7f9041ed0000, 16384, PROT_READ|PROT_WRITE, MAP_PRIVATE|MAP_FIXED|MAP_ANONYMOUS|MAP_NORESERVE, -1, 0 <unfinished ...>
2100  <... munmap resumed>)             = 0
2097  mmap(0x7f9053788000, 16384, PROT_READ|PROT_WRITE, MAP_PRIVATE|MAP_FIXED|MAP_ANONYMOUS|MAP_NORESERVE, -1, 0 <unfinished ...>
2096  mmap(0x7f904f188000, 16384, PROT_READ|PROT_WRITE, MAP_PRIVATE|MAP_FIXED|MAP_ANONYMOUS|MAP_NORESERVE, -1, 0 <unfinished ...>
2100  mmap(0x7f905634c000, 16384, PROT_READ|PROT_WRITE, MAP_PRIVATE|MAP_FIXED|MAP_ANONYMOUS|MAP_NORESERVE, -1, 0 <unfinished ...>
2097  <... mmap resumed>)               = 0x7f9053788000
2095  <... mmap resumed>)               = 0x7f9041ed0000
2100  <... mmap resumed>)               = 0x7f905634c000
2096  <... mmap resumed>)               = 0x7f904f188000
2100  munmap(0x7f903af24000, 16384 <unfinished ...>
2097  munmap(0x7f904506c000, 16384 <unfinished ...>
2096  munmap(0x7f9061708000, 16384 <unfinished ...>
2095  munmap(0x7f90400a8000, 16384 <unfinished ...>
2100  <... munmap resumed>)             = 0
2100  mmap(0x7f903af24000, 16384, PROT_READ|PROT_WRITE, MAP_PRIVATE|MAP_FIXED|MAP_ANONYMOUS|MAP_NORESERVE, -1, 0 <unfinished ...>
2097  <... munmap resumed>)             = 0
2096  <... munmap resumed>)             = 0
2100  <... mmap resumed>)               = 0x7f903af24000
2097  mmap(0x7f904506c000, 16384, PROT_READ|PROT_WRITE, MAP_PRIVATE|MAP_FIXED|MAP_ANONYMOUS|MAP_NORESERVE, -1, 0 <unfinished ...>
2096  mmap(0x7f9061708000, 16384, PROT_READ|PROT_WRITE, MAP_PRIVATE|MAP_FIXED|MAP_ANONYMOUS|MAP_NORESERVE, -1, 0 <unfinished ...>
2095  <... munmap resumed>)             = 0
2100  munmap(0x7f9050068000, 16384 <unfinished ...>
2097  <... mmap resumed>)               = 0x7f904506c000
2096  <... mmap resumed>)               = 0x7f9061708000
2095  mmap(0x7f90400a8000, 16384, PROT_READ|PROT_WRITE, MAP_PRIVATE|MAP_FIXED|MAP_ANONYMOUS|MAP_NORESERVE, -1, 0 <unfinished ...>
2100  <... munmap resumed>)             = 0
2097  munmap(0x7f9063fb0000, 16384 <unfinished ...>
2096  munmap(0x7f904acf0000, 16384 <unfinished ...>
2100  mmap(0x7f9050068000, 16384, PROT_READ|PROT_WRITE, MAP_PRIVATE|MAP_FIXED|MAP_ANONYMOUS|MAP_NORESERVE, -1, 0 <unfinished ...>
2095  <... mmap resumed>)               = 0x7f90400a8000
2097  <... munmap resumed>)             = 0
2100  <... mmap resumed>)               = 0x7f9050068000
2097  mmap(0x7f9063fb0000, 16384, PROT_READ|PROT_WRITE, MAP_PRIVATE|MAP_FIXED|MAP_ANONYMOUS|MAP_NORESERVE, -1, 0 <unfinished ...>
2096  <... munmap resumed>)             = 0
2095  munmap(0x7f905981c000, 16384 <unfinished ...>
2100  munmap(0x7f9065bd4000, 16384 <unfinished ...>
2097  <... mmap resumed>)               = 0x7f9063fb0000
2096  mmap(0x7f904acf0000, 16384, PROT_READ|PROT_WRITE, MAP_PRIVATE|MAP_FIXED|MAP_ANONYMOUS|MAP_NORESERVE, -1, 0 <unfinished ...>
2097  munmap(0x7f9048014000, 16384 <unfinished ...>
2100  <... munmap resumed>)             = 0
2096  <... mmap resumed>)               = 0x7f904acf0000
2100  mmap(0x7f9065bd4000, 16384, PROT_READ|PROT_WRITE, MAP_PRIVATE|MAP_FIXED|MAP_ANONYMOUS|MAP_NORESERVE, -1, 0) = 0x7f9065bd4000
2096  munmap(0x7f905b89c000, 16384 <unfinished ...>
2097  <... munmap resumed>)             = 0
2096  <... munmap resumed>)             = 0
2095  <... munmap resumed>)             = 0
2100  munmap(0x7f9059f4c000, 16384 <unfinished ...>
2097  mmap(0x7f9048014000, 16384, PROT_READ|PROT_WRITE, MAP_PRIVATE|MAP_FIXED|MAP_ANONYMOUS|MAP_NORESERVE, -1, 0 <unfinished ...>
2096  mmap(0x7f905b89c000, 16384, PROT_READ|PROT_WRITE, MAP_PRIVATE|MAP_FIXED|MAP_ANONYMOUS|MAP_NORESERVE, -1, 0 <unfinished ...>
2095  mmap(0x7f905981c000, 16384, PROT_READ|PROT_WRITE, MAP_PRIVATE|MAP_FIXED|MAP_ANONYMOUS|MAP_NORESERVE, -1, 0 <unfinished ...>
2100  <... munmap resumed>)             = 0
2097  <... mmap resumed>)               = 0x7f9048014000
2096  <... mmap resumed>)               = 0x7f905b89c000
2095  <... mmap resumed>)               = 0x7f905981c000
2100  mmap(0x7f9059f4c000, 16384, PROT_READ|PROT_WRITE, MAP_PRIVATE|MAP_FIXED|MAP_ANONYMOUS|MAP_NORESERVE, -1, 0) = 0x7f9059f4c000
2097  munmap(0x7f9042c50000, 16384 <unfinished ...>
2096  munmap(0x7f903e3e0000, 16384 <unfinished ...>
2095  munmap(0x7f903b3e4000, 16384 <unfinished ...>
2097  <... munmap resumed>)             = 0
2095  <... munmap resumed>)             = 0
2095  mmap(0x7f903b3e4000, 16384, PROT_READ|PROT_WRITE, MAP_PRIVATE|MAP_FIXED|MAP_ANONYMOUS|MAP_NORESERVE, -1, 0 <unfinished ...>
2100  munmap(0x7f905d80c000, 16384 <unfinished ...>
2097  mmap(0x7f9042c50000, 16384, PROT_READ|PROT_WRITE, MAP_PRIVATE|MAP_FIXED|MAP_ANONYMOUS|MAP_NORESERVE, -1, 0 <unfinished ...>
2096  <... munmap resumed>)             = 0
2100  <... munmap resumed>)             = 0
2095  <... mmap resumed>)               = 0x7f903b3e4000
2097  <... mmap resumed>)               = 0x7f9042c50000
2096  mmap(0x7f903e3e0000, 16384, PROT_READ|PROT_WRITE, MAP_PRIVATE|MAP_FIXED|MAP_ANONYMOUS|MAP_NORESERVE, -1, 0 <unfinished ...>
2100  mmap(0x7f905d80c000, 16384, PROT_READ|PROT_WRITE, MAP_PRIVATE|MAP_FIXED|MAP_ANONYMOUS|MAP_NORESERVE, -1, 0 <unfinished ...>
2097  munmap(0x7f9063300000, 16384 <unfinished ...>
2096  <... mmap resumed>)               = 0x7f903e3e0000
2095  munmap(0x7f9064454000, 16384 <unfinished ...>
2100  <... mmap resumed>)               = 0x7f905d80c000
2100  munmap(0x7f9046aac000, 16384 <unfinished ...>
2097  <... munmap resumed>)             = 0
2096  munmap(0x7f903f5d8000, 16384 <unfinished ...>
2097  mmap(0x7f9063300000, 16384, PROT_READ|PROT_WRITE, MAP_PRIVATE|MAP_FIXED|MAP_ANONYMOUS|MAP_NORESERVE, -1, 0 <unfinished ...>
2100  <... munmap resumed>)             = 0
2097  <... mmap resumed>)               = 0x7f9063300000
2096  <... munmap resumed>)             = 0
2095  <... munmap resumed>)             = 0
2100  mmap(0x7f9046aac000, 16384, PROT_READ|PROT_WRITE, MAP_PRIVATE|MAP_FIXED|MAP_ANONYMOUS|MAP_NORESERVE, -1, 0 <unfinished ...>
2097  munmap(0x7f90641cc000, 16384 <unfinished ...>
2096  mmap(0x7f903f5d8000, 16384, PROT_READ|PROT_WRITE, MAP_PRIVATE|MAP_FIXED|MAP_ANONYMOUS|MAP_NORESERVE, -1, 0 <unfinished ...>
2095  mmap(0x7f9064454000, 16384, PROT_READ|PROT_WRITE, MAP_PRIVATE|MAP_FIXED|MAP_ANONYMOUS|MAP_NORESERVE, -1, 0 <unfinished ...>
2100  <... mmap resumed>)               = 0x7f9046aac000
2100  munmap(0x7f904bd78000, 16384 <unfinished ...>
2097  <... munmap resumed>)             = 0
2096  <... mmap resumed>)               = 0x7f903f5d8000
2095  <... mmap resumed>)               = 0x7f9064454000
2100  <... munmap resumed>)             = 0
2097  mmap(0x7f90641cc000, 16384, PROT_READ|PROT_WRITE, MAP_PRIVATE|MAP_FIXED|MAP_ANONYMOUS|MAP_NORESERVE, -1, 0 <unfinished ...>
2100  mmap(0x7f904bd78000, 16384, PROT_READ|PROT_WRITE, MAP_PRIVATE|MAP_FIXED|MAP_ANONYMOUS|MAP_NORESERVE, -1, 0 <unfinished ...>
2096  munmap(0x7f90416f8000, 16384 <unfinished ...>
2095  munmap(0x7f9044060000, 16384 <unfinished ...>
2100  <... mmap resumed>)               = 0x7f904bd78000
2097  <... mmap resumed>)               = 0x7f90641cc000
2100  munmap(0x7f9053a20000, 16384 <unfinished ...>
2096  <... munmap resumed>)             = 0
2095  <... munmap resumed>)             = 0
2100  <... munmap resumed>)             = 0
2097  munmap(0x7f9039b7c000, 16384 <unfinished ...>
2096  mmap(0x7f90416f8000, 16384, PROT_READ|PROT_WRITE, MAP_PRIVATE|MAP_FIXED|MAP_ANONYMOUS|MAP_NORESERVE, -1, 0 <unfinished ...>
2095  mmap(0x7f9044060000, 16384, PROT_READ|PROT_WRITE, MAP_PRIVATE|MAP_FIXED|MAP_ANONYMOUS|MAP_NORESERVE, -1, 0 <unfinished ...>
2100  mmap(0x7f9053a20000, 16384, PROT_READ|PROT_WRITE, MAP_PRIVATE|MAP_FIXED|MAP_ANONYMOUS|MAP_NORESERVE, -1, 0) = 0x7f9053a20000
2097  <... munmap resumed>)             = 0
2096  <... mmap resumed>)               = 0x7f90416f8000
2100  munmap(0x7f9048e18000, 16384 <unfinished ...>
2095  <... mmap resumed>)               = 0x7f9044060000
2096  munmap(0x7f905c054000, 16384 <unfinished ...>
2100  <... munmap resumed>)             = 0
2097  mmap(0x7f9039b7c000, 16384, PROT_READ|PROT_WRITE, MAP_PRIVATE|MAP_FIXED|MAP_ANONYMOUS|MAP_NORESERVE, -1, 0 <unfinished ...>
2100  mmap(0x7f9048e18000, 16384, PROT_READ|PROT_WRITE, MAP_PRIVATE|MAP_FIXED|MAP_ANONYMOUS|MAP_NORESERVE, -1, 0 <unfinished ...>
2097  <... mmap resumed>)               = 0x7f9039b7c000
2096  <... munmap resumed>)             = 0
2095  munmap(0x7f9060a04000, 16384 <unfinished ...>
2100  <... mmap resumed>)               = 0x7f9048e18000
2097  munmap(0x7f9060c80000, 16384 <unfinished ...>
2096  mmap(0x7f905c054000, 16384, PROT_READ|PROT_WRITE, MAP_PRIVATE|MAP_FIXED|MAP_ANONYMOUS|MAP_NORESERVE, -1, 0 <unfinished ...>
2095  <... munmap resumed>)             = 0
2100  munmap(0x7f905b4d4000, 16384 <unfinished ...>
2095  mmap(0x7f9060a04000, 16384, PROT_READ|PROT_WRITE, MAP_PRIVATE|MAP_FIXED|MAP_ANONYMOUS|MAP_NORESERVE, -1, 0 <unfinished ...>
2097  <... munmap resumed>)             = 0
2097  mmap(0x7f9060c80000, 16384, PROT_READ|PROT_WRITE, MAP_PRIVATE|MAP_FIXED|MAP_ANONYMOUS|MAP_NORESERVE, -1, 0 <unfinished ...>
2100  <... munmap resumed>)             = 0
2096  <... mmap resumed>)               = 0x7f905c054000
2095  <... mmap resumed>)               = 0x7f9060a04000
2096  munmap(0x7f905da08000, 16384 <unfinished ...>
2097  <... mmap resumed>)               = 0x7f9060c80000
2100  mmap(0x7f905b4d4000, 16384, PROT_READ|PROT_WRITE, MAP_PRIVATE|MAP_FIXED|MAP_ANONYMOUS|MAP_NORESERVE, -1, 0 <unfinished ...>
2097  munmap(0x7f904fe60000, 16384 <unfinished ...>
2096  <... munmap resumed>)             = 0
2095  munmap(0x7f90577f0000, 16384 <unfinished ...>
2097  <... munmap resumed>)             = 0
2097  mmap(0x7f904fe60000, 16384, PROT_READ|PROT_WRITE, MAP_PRIVATE|MAP_FIXED|MAP_ANONYMOUS|MAP_NORESERVE, -1, 0 <unfinished ...>
2096  mmap(0x7f905da08000, 16384, PROT_READ|PROT_WRITE, MAP_PRIVATE|MAP_FIXED|MAP_ANONYMOUS|MAP_NORESERVE, -1, 0 <unfinished ...>
2100  <... mmap resumed>)               = 0x7f905b4d4000
2097  <... mmap resumed>)               = 0x7f904fe60000
2096  <... mmap resumed>)               = 0x7f905da08000
2095  <... munmap resumed>)             = 0
2097  munmap(0x7f90409b4000, 16384 <unfinished ...>
2100  munmap(0x7f90408cc000, 16384 <unfinished ...>
2096  munmap(0x7f90522f4000, 16384 <unfinished ...>
2095  mmap(0x7f90577f0000, 16384, PROT_READ|PROT_WRITE, MAP_PRIVATE|MAP_FIXED|MAP_ANONYMOUS|MAP_NORESERVE, -1, 0 <unfinished ...>
2097  <... munmap resumed>)             = 0
2100  <... munmap resumed>)             = 0
2097  mmap(0x7f90409b4000, 16384, PROT_READ|PROT_WRITE, MAP_PRIVATE|MAP_FIXED|MAP_ANONYMOUS|MAP_NORESERVE, -1, 0 <unfinished ...>
2100  mmap(0x7f90408cc000, 16384, PROT_READ|PROT_WRITE, MAP_PRIVATE|MAP_FIXED|MAP_ANONYMOUS|MAP_NORESERVE, -1, 0 <unfinished ...>
2096  <... munmap resumed>)             = 0
2095  <... mmap resumed>)               = 0x7f90577f0000
2100  <... mmap resumed>)               = 0x7f90408cc000
2097  <... mmap resumed>)               = 0x7f90409b4000
2096  mmap(0x7f90522f4000, 16384, PROT_READ|PROT_WRITE, MAP_PRIVATE|MAP_FIXED|MAP_ANONYMOUS|MAP_NORESERVE, -1, 0 <unfinished ...>
2100  munmap(0x7f904ddac000, 16384 <unfinished ...>
2097  munmap(0x7f9050cdc000, 16384 <unfinished ...>
2095  munmap(0x7f904d32c000, 16384 <unfinished ...>
2096  <... mmap resumed>)               = 0x7f90522f4000
2100  <... munmap resumed>)             = 0
2100  mmap(0x7f904ddac000, 16384, PROT_READ|PROT_WRITE, MAP_PRIVATE|MAP_FIXED|MAP_ANONYMOUS|MAP_NORESERVE, -1, 0 <unfinished ...>
2096  munmap(0x7f905b63c000, 16384 <unfinished ...>
2097  <... munmap resumed>)             = 0
2095  <... munmap resumed>)             = 0
2100  <... mmap resumed>)               = 0x7f904ddac000
2097  mmap(0x7f9050cdc000, 16384, PROT_READ|PROT_WRITE, MAP_PRIVATE|MAP_FIXED|MAP_ANONYMOUS|MAP_NORESERVE, -1, 0 <unfinished ...>
2095  mmap(0x7f904d32c000, 16384, PROT_READ|PROT_WRITE, MAP_PRIVATE|MAP_FIXED|MAP_ANONYMOUS|MAP_NORESERVE, -1, 0 <unfinished ...>
2100  munmap(0x7f9049688000, 16384 <unfinished ...>
2096  <... munmap resumed>)             = 0
2095  <... mmap resumed>)               = 0x7f904d32c000
2100  <... munmap resumed>)             = 0
2100  mmap(0x7f9049688000, 16384, PROT_READ|PROT_WRITE, MAP_PRIVATE|MAP_FIXED|MAP_ANONYMOUS|MAP_NORESERVE, -1, 0 <unfinished ...>
2096  mmap(0x7f905b63c000, 16384, PROT_READ|PROT_WRITE, MAP_PRIVATE|MAP_FIXED|MAP_ANONYMOUS|MAP_NORESERVE, -1, 0 <unfinished ...>
2095  munmap(0x7f905a2cc000, 16384 <unfinished ...>
2100  <... mmap resumed>)               = 0x7f9049688000
2097  <... mmap resumed>)               = 0x7f9050cdc000
2096  <... mmap resumed>)               = 0x7f905b63c000
2095  <... munmap resumed>)             = 0
2100  munmap(0x7f903a7d0000, 16384)     = 0
2100  mmap(0x7f903a7d0000, 16384, PROT_READ|PROT_WRITE, MAP_PRIVATE|MAP_FIXED|MAP_ANONYMOUS|MAP_NORESERVE, -1, 0 <unfinished ...>
2096  munmap(0x7f903aac8000, 16384 <unfinished ...>
2095  mmap(0x7f905a2cc000, 16384, PROT_READ|PROT_WRITE, MAP_PRIVATE|MAP_FIXED|MAP_ANONYMOUS|MAP_NORESERVE, -1, 0 <unfinished ...>
2100  <... mmap resumed>)               = 0x7f903a7d0000
2097  munmap(0x7f90568b8000, 16384 <unfinished ...>
2096  <... munmap resumed>)             = 0
2095  <... mmap resumed>)               = 0x7f905a2cc000
2100  munmap(0x7f904fbd4000, 16384 <unfinished ...>
2095  munmap(0x7f9056588000, 16384 <unfinished ...>
2097  <... munmap resumed>)             = 0
2096  mmap(0x7f903aac8000, 16384, PROT_READ|PROT_WRITE, MAP_PRIVATE|MAP_FIXED|MAP_ANONYMOUS|MAP_NORESERVE, -1, 0 <unfinished ...>
2097  mmap(0x7f90568b8000, 16384, PROT_READ|PROT_WRITE, MAP_PRIVATE|MAP_FIXED|MAP_ANONYMOUS|MAP_NORESERVE, -1, 0 <unfinished ...>
2100  <... munmap resumed>)             = 0
2100  mmap(0x7f904fbd4000, 16384, PROT_READ|PROT_WRITE, MAP_PRIVATE|MAP_FIXED|MAP_ANONYMOUS|MAP_NORESERVE, -1, 0 <unfinished ...>
2097  <... mmap resumed>)               = 0x7f90568b8000
2100  <... mmap resumed>)               = 0x7f904fbd4000
2097  munmap(0x7f9040a74000, 16384 <unfinished ...>
2096  <... mmap resumed>)               = 0x7f903aac8000
2095  <... munmap resumed>)             = 0
2100  munmap(0x7f9062430000, 16384 <unfinished ...>
2097  <... munmap resumed>)             = 0
2096  munmap(0x7f9051598000, 16384 <unfinished ...>
2097  mmap(0x7f9040a74000, 16384, PROT_READ|PROT_WRITE, MAP_PRIVATE|MAP_FIXED|MAP_ANONYMOUS|MAP_NORESERVE, -1, 0 <unfinished ...>
2095  mmap(0x7f9056588000, 16384, PROT_READ|PROT_WRITE, MAP_PRIVATE|MAP_FIXED|MAP_ANONYMOUS|MAP_NORESERVE, -1, 0 <unfinished ...>
2100  <... munmap resumed>)             = 0
2097  <... mmap resumed>)               = 0x7f9040a74000
2096  <... munmap resumed>)             = 0
2095  <... mmap resumed>)               = 0x7f9056588000
2100  mmap(0x7f9062430000, 16384, PROT_READ|PROT_WRITE, MAP_PRIVATE|MAP_FIXED|MAP_ANONYMOUS|MAP_NORESERVE, -1, 0) = 0x7f9062430000
2097  munmap(0x7f90477e0000, 16384 <unfinished ...>
2095  munmap(0x7f905caac000, 16384 <unfinished ...>
2096  mmap(0x7f9051598000, 16384, PROT_READ|PROT_WRITE, MAP_PRIVATE|MAP_FIXED|MAP_ANONYMOUS|MAP_NORESERVE, -1, 0 <unfinished ...>
2097  <... munmap resumed>)             = 0
2100  munmap(0x7f903c758000, 16384 <unfinished ...>
2097  mmap(0x7f90477e0000, 16384, PROT_READ|PROT_WRITE, MAP_PRIVATE|MAP_FIXED|MAP_ANONYMOUS|MAP_NORESERVE, -1, 0 <unfinished ...>
2096  <... mmap resumed>)               = 0x7f9051598000
2096  munmap(0x7f904bd08000, 16384 <unfinished ...>
2100  <... munmap resumed>)             = 0
2096  <... munmap resumed>)             = 0
2100  mmap(0x7f903c758000, 16384, PROT_READ|PROT_WRITE, MAP_PRIVATE|MAP_FIXED|MAP_ANONYMOUS|MAP_NORESERVE, -1, 0 <unfinished ...>
2096  mmap(0x7f904bd08000, 16384, PROT_READ|PROT_WRITE, MAP_PRIVATE|MAP_FIXED|MAP_ANONYMOUS|MAP_NORESERVE, -1, 0 <unfinished ...>
2100  <... mmap resumed>)               = 0x7f903c758000
2095  <... munmap resumed>)             = 0
2096  <... mmap resumed>)               = 0x7f904bd08000
2095  mmap(0x7f905caac000, 16384, PROT_READ|PROT_WRITE, MAP_PRIVATE|MAP_FIXED|MAP_ANONYMOUS|MAP_NORESERVE, -1, 0 <unfinished ...>
2100  munmap(0x7f904855c000, 16384 <unfinished ...>
2097  <... mmap resumed>)               = 0x7f90477e0000
2096  munmap(0x7f9047b88000, 16384 <unfinished ...>
2095  <... mmap resumed>)               = 0x7f905caac000
2100  <... munmap resumed>)             = 0
2097  munmap(0x7f9056f18000, 16384 <unfinished ...>
2096  <... munmap resumed>)             = 0
2095  munmap(0x7f905fc94000, 16384 <unfinished ...>
2100  mmap(0x7f904855c000, 16384, PROT_READ|PROT_WRITE, MAP_PRIVATE|MAP_FIXED|MAP_ANONYMOUS|MAP_NORESERVE, -1, 0 <unfinished ...>
2097  <... munmap resumed>)             = 0
2096  mmap(0x7f9047b88000, 16384, PROT_READ|PROT_WRITE, MAP_PRIVATE|MAP_FIXED|MAP_ANONYMOUS|MAP_NORESERVE, -1, 0 <unfinished ...>
2100  <... mmap resumed>)               = 0x7f904855c000
2095  <... munmap resumed>)             = 0
2097  mmap(0x7f9056f18000, 16384, PROT_READ|PROT_WRITE, MAP_PRIVATE|MAP_FIXED|MAP_ANONYMOUS|MAP_NORESERVE, -1, 0) = 0x7f9056f18000
2100  munmap(0x7f9050574000, 16384 <unfinished ...>
2096  <... mmap resumed>)               = 0x7f9047b88000
2095  mmap(0x7f905fc94000, 16384, PROT_READ|PROT_WRITE, MAP_PRIVATE|MAP_FIXED|MAP_ANONYMOUS|MAP_NORESERVE, -1, 0 <unfinished ...>
2100  <... munmap resumed>)             = 0
2097  munmap(0x7f9064a50000, 16384 <unfinished ...>
2096  munmap(0x7f903f440000, 16384 <unfinished ...>
2095  <... mmap resumed>)               = 0x7f905fc94000
2100  mmap(0x7f9050574000, 16384, PROT_READ|PROT_WRITE, MAP_PRIVATE|MAP_FIXED|MAP_ANONYMOUS|MAP_NORESERVE, -1, 0 <unfinished ...>
2096  <... munmap resumed>)             = 0
2095  munmap(0x7f903ee00000, 16384 <unfinished ...>
2097  <... munmap resumed>)             = 0
2096  mmap(0x7f903f440000, 16384, PROT_READ|PROT_WRITE, MAP_PRIVATE|MAP_FIXED|MAP_ANONYMOUS|MAP_NORESERVE, -1, 0 <unfinished ...>
2095  <... munmap resumed>)             = 0
2100  <... mmap resumed>)               = 0x7f9050574000
2096  <... mmap resumed>)               = 0x7f903f440000
2095  mmap(0x7f903ee00000, 16384, PROT_READ|PROT_WRITE, MAP_PRIVATE|MAP_FIXED|MAP_ANONYMOUS|MAP_NORESERVE, -1, 0 <unfinished ...>
2100  munmap(0x7f904e970000, 16384 <unfinished ...>
2097  mmap(0x7f9064a50000, 16384, PROT_READ|PROT_WRITE, MAP_PRIVATE|MAP_FIXED|MAP_ANONYMOUS|MAP_NORESERVE, -1, 0 <unfinished ...>
2096  munmap(0x7f9056f20000, 16384 <unfinished ...>
2100  <... munmap resumed>)             = 0
2097  <... mmap resumed>)               = 0x7f9064a50000
2095  <... mmap resumed>)               = 0x7f903ee00000
2096  <... munmap resumed>)             = 0
2100  mmap(0x7f904e970000, 16384, PROT_READ|PROT_WRITE, MAP_PRIVATE|MAP_FIXED|MAP_ANONYMOUS|MAP_NORESERVE, -1, 0 <unfinished ...>
2096  mmap(0x7f9056f20000, 16384, PROT_READ|PROT_WRITE, MAP_PRIVATE|MAP_FIXED|MAP_ANONYMOUS|MAP_NORESERVE, -1, 0 <unfinished ...>
2095  munmap(0x7f903b4bc000, 16384 <unfinished ...>
2100  <... mmap resumed>)               = 0x7f904e970000
2097  munmap(0x7f905e440000, 16384 <unfinished ...>
2096  <... mmap resumed>)               = 0x7f9056f20000
2096  munmap(0x7f905669c000, 16384 <unfinished ...>
2095  <... munmap resumed>)             = 0
2100  munmap(0x7f9046c50000, 16384 <unfinished ...>
2097  <... munmap resumed>)             = 0
2096  <... munmap resumed>)             = 0
2100  <... munmap resumed>)             = 0
2097  mmap(0x7f905e440000, 16384, PROT_READ|PROT_WRITE, MAP_PRIVATE|MAP_FIXED|MAP_ANONYMOUS|MAP_NORESERVE, -1, 0 <unfinished ...>
2095  mmap(0x7f903b4bc000, 16384, PROT_READ|PROT_WRITE, MAP_PRIVATE|MAP_FIXED|MAP_ANONYMOUS|MAP_NORESERVE, -1, 0 <unfinished ...>
2096  mmap(0x7f905669c000, 16384, PROT_READ|PROT_WRITE, MAP_PRIVATE|MAP_FIXED|MAP_ANONYMOUS|MAP_NORESERVE, -1, 0 <unfinished ...>
2100  mmap(0x7f9046c50000, 16384, PROT_READ|PROT_WRITE, MAP_PRIVATE|MAP_FIXED|MAP_ANONYMOUS|MAP_NORESERVE, -1, 0 <unfinished ...>
2097  <... mmap resumed>)               = 0x7f905e440000
2096  <... mmap resumed>)               = 0x7f905669c000
2100  <... mmap resumed>)               = 0x7f9046c50000
2100  munmap(0x7f905c1f4000, 16384 <unfinished ...>
2097  munmap(0x7f90549b0000, 16384 <unfinished ...>
2096  munmap(0x7f904cd8c000, 16384 <unfinished ...>
2095  <... mmap resumed>)               = 0x7f903b4bc000
2100  <... munmap resumed>)             = 0
2096  <... munmap resumed>)             = 0
2095  munmap(0x7f904ff44000, 16384 <unfinished ...>
2097  <... munmap resumed>)             = 0
2100  mmap(0x7f905c1f4000, 16384, PROT_READ|PROT_WRITE, MAP_PRIVATE|MAP_FIXED|MAP_ANONYMOUS|MAP_NORESERVE, -1, 0 <unfinished ...>
2097  mmap(0x7f90549b0000, 16384, PROT_READ|PROT_WRITE, MAP_PRIVATE|MAP_FIXED|MAP_ANONYMOUS|MAP_NORESERVE, -1, 0 <unfinished ...>
2096  mmap(0x7f904cd8c000, 16384, PROT_READ|PROT_WRITE, MAP_PRIVATE|MAP_FIXED|MAP_ANONYMOUS|MAP_NORESERVE, -1, 0 <unfinished ...>
2100  <... mmap resumed>)               = 0x7f905c1f4000
2095  <... munmap resumed>)             = 0
2100  munmap(0x7f905d610000, 16384 <unfinished ...>
2097  <... mmap resumed>)               = 0x7f90549b0000
2096  <... mmap resumed>)               = 0x7f904cd8c000
2095  mmap(0x7f904ff44000, 16384, PROT_READ|PROT_WRITE, MAP_PRIVATE|MAP_FIXED|MAP_ANONYMOUS|MAP_NORESERVE, -1, 0 <unfinished ...>
2097  munmap(0x7f905504c000, 16384 <unfinished ...>
2100  <... munmap resumed>)             = 0
2096  munmap(0x7f903ed54000, 16384 <unfinished ...>
2095  <... mmap resumed>)               = 0x7f904ff44000
2097  <... munmap resumed>)             = 0
2097  mmap(0x7f905504c000, 16384, PROT_READ|PROT_WRITE, MAP_PRIVATE|MAP_FIXED|MAP_ANONYMOUS|MAP_NORESERVE, -1, 0 <unfinished ...>
2096  <... munmap resumed>)             = 0
2095  munmap(0x7f90625bc000, 16384 <unfinished ...>
2100  mmap(0x7f905d610000, 16384, PROT_READ|PROT_WRITE, MAP_PRIVATE|MAP_FIXED|MAP_ANONYMOUS|MAP_NORESERVE, -1, 0 <unfinished ...>
2097  <... mmap resumed>)               = 0x7f905504c000
2096  mmap(0x7f903ed54000, 16384, PROT_READ|PROT_WRITE, MAP_PRIVATE|MAP_FIXED|MAP_ANONYMOUS|MAP_NORESERVE, -1, 0 <unfinished ...>
2095  <... munmap resumed>)             = 0
2100  <... mmap resumed>)               = 0x7f905d610000
2097  munmap(0x7f904e4b8000, 16384 <unfinished ...>
2095  mmap(0x7f90625bc000, 16384, PROT_READ|PROT_WRITE, MAP_PRIVATE|MAP_FIXED|MAP_ANONYMOUS|MAP_NORESERVE, -1, 0 <unfinished ...>
2100  munmap(0x7f9046a90000, 16384 <unfinished ...>
2096  <... mmap resumed>)               = 0x7f903ed54000
2100  <... munmap resumed>)             = 0
2097  <... munmap resumed>)             = 0
2095  <... mmap resumed>)               = 0x7f90625bc000
2100  mmap(0x7f9046a90000, 16384, PROT_READ|PROT_WRITE, MAP_PRIVATE|MAP_FIXED|MAP_ANONYMOUS|MAP_NORESERVE, -1, 0 <unfinished ...>
2097  mmap(0x7f904e4b8000, 16384, PROT_READ|PROT_WRITE, MAP_PRIVATE|MAP_FIXED|MAP_ANONYMOUS|MAP_NORESERVE, -1, 0 <unfinished ...>
2096  munmap(0x7f9044470000, 16384 <unfinished ...>
2100  <... mmap resumed>)               = 0x7f9046a90000
2095  munmap(0x7f904a504000, 16384 <unfinished ...>
2097  <... mmap resumed>)               = 0x7f904e4b8000
2096  <... munmap resumed>)             = 0
2100  munmap(0x7f9065270000, 16384 <unfinished ...>
2097  munmap(0x7f9051150000, 16384 <unfinished ...>
2096  mmap(0x7f9044470000, 16384, PROT_READ|PROT_WRITE, MAP_PRIVATE|MAP_FIXED|MAP_ANONYMOUS|MAP_NORESERVE, -1, 0 <unfinished ...>
2100  <... munmap resumed>)             = 0
2095  <... munmap resumed>)             = 0
2097  <... munmap resumed>)             = 0
2100  mmap(0x7f9065270000, 16384, PROT_READ|PROT_WRITE, MAP_PRIVATE|MAP_FIXED|MAP_ANONYMOUS|MAP_NORESERVE, -1, 0) = 0x7f9065270000
2097  mmap(0x7f9051150000, 16384, PROT_READ|PROT_WRITE, MAP_PRIVATE|MAP_FIXED|MAP_ANONYMOUS|MAP_NORESERVE, -1, 0 <unfinished ...>
2096  <... mmap resumed>)               = 0x7f9044470000
2095  mmap(0x7f904a504000, 16384, PROT_READ|PROT_WRITE, MAP_PRIVATE|MAP_FIXED|MAP_ANONYMOUS|MAP_NORESERVE, -1, 0 <unfinished ...>
2100  munmap(0x7f904f39c000, 16384 <unfinished ...>
2097  <... mmap resumed>)               = 0x7f9051150000
2100  <... munmap resumed>)             = 0
2096  munmap(0x7f905e2ec000, 16384 <unfinished ...>
2100  mmap(0x7f904f39c000, 16384, PROT_READ|PROT_WRITE, MAP_PRIVATE|MAP_FIXED|MAP_ANONYMOUS|MAP_NORESERVE, -1, 0 <unfinished ...>
2097  munmap(0x7f9055280000, 16384 <unfinished ...>
2100  <... mmap resumed>)               = 0x7f904f39c000
2100  munmap(0x7f904cb30000, 16384 <unfinished ...>
2097  <... munmap resumed>)             = 0
2095  <... mmap resumed>)               = 0x7f904a504000
2097  mmap(0x7f9055280000, 16384, PROT_READ|PROT_WRITE, MAP_PRIVATE|MAP_FIXED|MAP_ANONYMOUS|MAP_NORESERVE, -1, 0 <unfinished ...>
2096  <... munmap resumed>)             = 0
2097  <... mmap resumed>)               = 0x7f9055280000
2096  mmap(0x7f905e2ec000, 16384, PROT_READ|PROT_WRITE, MAP_PRIVATE|MAP_FIXED|MAP_ANONYMOUS|MAP_NORESERVE, -1, 0 <unfinished ...>
2097  munmap(0x7f9046ffc000, 16384 <unfinished ...>
2096  <... mmap resumed>)               = 0x7f905e2ec000
2096  munmap(0x7f9053c2c000, 16384 <unfinished ...>
2095  munmap(0x7f904a0e8000, 16384 <unfinished ...>
2100  <... munmap resumed>)             = 0
2095  <... munmap resumed>)             = 0
2100  mmap(0x7f904cb30000, 16384, PROT_READ|PROT_WRITE, MAP_PRIVATE|MAP_FIXED|MAP_ANONYMOUS|MAP_NORESERVE, -1, 0 <unfinished ...>
2097  <... munmap resumed>)             = 0
2096  <... munmap resumed>)             = 0
2100  <... mmap resumed>)               = 0x7f904cb30000
2097  mmap(0x7f9046ffc000, 16384, PROT_READ|PROT_WRITE, MAP_PRIVATE|MAP_FIXED|MAP_ANONYMOUS|MAP_NORESERVE, -1, 0 <unfinished ...>
2095  mmap(0x7f904a0e8000, 16384, PROT_READ|PROT_WRITE, MAP_PRIVATE|MAP_FIXED|MAP_ANONYMOUS|MAP_NORESERVE, -1, 0 <unfinished ...>
2100  munmap(0x7f903f2e0000, 16384 <unfinished ...>
2097  <... mmap resumed>)               = 0x7f9046ffc000
2096  mmap(0x7f9053c2c000, 16384, PROT_READ|PROT_WRITE, MAP_PRIVATE|MAP_FIXED|MAP_ANONYMOUS|MAP_NORESERVE, -1, 0 <unfinished ...>
2100  <... munmap resumed>)             = 0
2097  munmap(0x7f90585b8000, 16384 <unfinished ...>
2095  <... mmap resumed>)               = 0x7f904a0e8000
2100  mmap(0x7f903f2e0000, 16384, PROT_READ|PROT_WRITE, MAP_PRIVATE|MAP_FIXED|MAP_ANONYMOUS|MAP_NORESERVE, -1, 0 <unfinished ...>
2096  <... mmap resumed>)               = 0x7f9053c2c000
2097  <... munmap resumed>)             = 0
2100  <... mmap resumed>)               = 0x7f903f2e0000
2096  munmap(0x7f903a64c000, 16384 <unfinished ...>
2095  munmap(0x7f90588a0000, 16384 <unfinished ...>
2100  munmap(0x7f9045f54000, 16384 <unfinished ...>
2097  mmap(0x7f90585b8000, 16384, PROT_READ|PROT_WRITE, MAP_PRIVATE|MAP_FIXED|MAP_ANONYMOUS|MAP_NORESERVE, -1, 0 <unfinished ...>
2096  <... munmap resumed>)             = 0
2100  <... munmap resumed>)             = 0
2096  mmap(0x7f903a64c000, 16384, PROT_READ|PROT_WRITE, MAP_PRIVATE|MAP_FIXED|MAP_ANONYMOUS|MAP_NORESERVE, -1, 0 <unfinished ...>
2100  mmap(0x7f9045f54000, 16384, PROT_READ|PROT_WRITE, MAP_PRIVATE|MAP_FIXED|MAP_ANONYMOUS|MAP_NORESERVE, -1, 0 <unfinished ...>
2096  <... mmap resumed>)               = 0x7f903a64c000
2095  <... munmap resumed>)             = 0
2100  <... mmap resumed>)               = 0x7f9045f54000
2097  <... mmap resumed>)               = 0x7f90585b8000
2096  munmap(0x7f90472a0000, 16384 <unfinished ...>
2095  mmap(0x7f90588a0000, 16384, PROT_READ|PROT_WRITE, MAP_PRIVATE|MAP_FIXED|MAP_ANONYMOUS|MAP_NORESERVE, -1, 0 <unfinished ...>
2096  <... munmap resumed>)             = 0
2100  munmap(0x7f9059974000, 16384 <unfinished ...>
2096  mmap(0x7f90472a0000, 16384, PROT_READ|PROT_WRITE, MAP_PRIVATE|MAP_FIXED|MAP_ANONYMOUS|MAP_NORESERVE, -1, 0 <unfinished ...>
2097  munmap(0x7f9041988000, 16384)     = 0
2097  mmap(0x7f9041988000, 16384, PROT_READ|PROT_WRITE, MAP_PRIVATE|MAP_FIXED|MAP_ANONYMOUS|MAP_NORESERVE, -1, 0 <unfinished ...>
2096  <... mmap resumed>)               = 0x7f90472a0000
2097  <... mmap resumed>)               = 0x7f9041988000
2096  munmap(0x7f9061b28000, 16384 <unfinished ...>
2100  <... munmap resumed>)             = 0
2095  <... mmap resumed>)               = 0x7f90588a0000
2100  mmap(0x7f9059974000, 16384, PROT_READ|PROT_WRITE, MAP_PRIVATE|MAP_FIXED|MAP_ANONYMOUS|MAP_NORESERVE, -1, 0 <unfinished ...>
2097  munmap(0x7f903ed98000, 16384 <unfinished ...>
2096  <... munmap resumed>)             = 0
2100  <... mmap resumed>)               = 0x7f9059974000
2100  munmap(0x7f9054fa8000, 16384 <unfinished ...>
2097  <... munmap resumed>)             = 0
2096  mmap(0x7f9061b28000, 16384, PROT_READ|PROT_WRITE, MAP_PRIVATE|MAP_FIXED|MAP_ANONYMOUS|MAP_NORESERVE, -1, 0 <unfinished ...>
2095  munmap(0x7f905d364000, 16384 <unfinished ...>
2100  <... munmap resumed>)             = 0
2096  <... mmap resumed>)               = 0x7f9061b28000
2097  mmap(0x7f903ed98000, 16384, PROT_READ|PROT_WRITE, MAP_PRIVATE|MAP_FIXED|MAP_ANONYMOUS|MAP_NORESERVE, -1, 0 <unfinished ...>
2100  mmap(0x7f9054fa8000, 16384, PROT_READ|PROT_WRITE, MAP_PRIVATE|MAP_FIXED|MAP_ANONYMOUS|MAP_NORESERVE, -1, 0 <unfinished ...>
2095  <... munmap resumed>)             = 0
2100  <... mmap resumed>)               = 0x7f9054fa8000
2096  munmap(0x7f905d70c000, 16384 <unfinished ...>
2095  mmap(0x7f905d364000, 16384, PROT_READ|PROT_WRITE, MAP_PRIVATE|MAP_FIXED|MAP_ANONYMOUS|MAP_NORESERVE, -1, 0 <unfinished ...>
2100  munmap(0x7f9048f74000, 16384 <unfinished ...>
2097  <... mmap resumed>)               = 0x7f903ed98000
2100  <... munmap resumed>)             = 0
2097  munmap(0x7f905d6c8000, 16384 <unfinished ...>
2096  <... munmap resumed>)             = 0
2095  <... mmap resumed>)               = 0x7f905d364000
2100  mmap(0x7f9048f74000, 16384, PROT_READ|PROT_WRITE, MAP_PRIVATE|MAP_FIXED|MAP_ANONYMOUS|MAP_NORESERVE, -1, 0 <unfinished ...>
2096  mmap(0x7f905d70c000, 16384, PROT_READ|PROT_WRITE, MAP_PRIVATE|MAP_FIXED|MAP_ANONYMOUS|MAP_NORESERVE, -1, 0 <unfinished ...>
2100  <... mmap resumed>)               = 0x7f9048f74000
2100  munmap(0x7f90640d0000, 16384 <unfinished ...>
2095  munmap(0x7f9045a08000, 16384 <unfinished ...>
2097  <... munmap resumed>)             = 0
2097  mmap(0x7f905d6c8000, 16384, PROT_READ|PROT_WRITE, MAP_PRIVATE|MAP_FIXED|MAP_ANONYMOUS|MAP_NORESERVE, -1, 0 <unfinished ...>
2095  <... munmap resumed>)             = 0
2100  <... munmap resumed>)             = 0
2100  mmap(0x7f90640d0000, 16384, PROT_READ|PROT_WRITE, MAP_PRIVATE|MAP_FIXED|MAP_ANONYMOUS|MAP_NORESERVE, -1, 0 <unfinished ...>
2097  <... mmap resumed>)               = 0x7f905d6c8000
2095  mmap(0x7f9045a08000, 16384, PROT_READ|PROT_WRITE, MAP_PRIVATE|MAP_FIXED|MAP_ANONYMOUS|MAP_NORESERVE, -1, 0 <unfinished ...>
2100  <... mmap resumed>)               = 0x7f90640d0000
2096  <... mmap resumed>)               = 0x7f905d70c000
2100  munmap(0x7f9059b28000, 16384 <unfinished ...>
2097  munmap(0x7f9045920000, 16384 <unfinished ...>
2096  munmap(0x7f904e198000, 16384 <unfinished ...>
2095  <... mmap resumed>)               = 0x7f9045a08000
2100  <... munmap resumed>)             = 0
2097  <... munmap resumed>)             = 0
2096  <... munmap resumed>)             = 0
2095  munmap(0x7f9040cdc000, 16384 <unfinished ...>
2100  mmap(0x7f9059b28000, 16384, PROT_READ|PROT_WRITE, MAP_PRIVATE|MAP_FIXED|MAP_ANONYMOUS|MAP_NORESERVE, -1, 0 <unfinished ...>
2096  mmap(0x7f904e198000, 16384, PROT_READ|PROT_WRITE, MAP_PRIVATE|MAP_FIXED|MAP_ANONYMOUS|MAP_NORESERVE, -1, 0 <unfinished ...>
2097  mmap(0x7f9045920000, 16384, PROT_READ|PROT_WRITE, MAP_PRIVATE|MAP_FIXED|MAP_ANONYMOUS|MAP_NORESERVE, -1, 0 <unfinished ...>
2095  <... munmap resumed>)             = 0
2100  <... mmap resumed>)               = 0x7f9059b28000
2097  <... mmap resumed>)               = 0x7f9045920000
2096  <... mmap resumed>)               = 0x7f904e198000
2100  munmap(0x7f9047da8000, 16384 <unfinished ...>
2097  munmap(0x7f9056ef8000, 16384 <unfinished ...>
2095  mmap(0x7f9040cdc000, 16384, PROT_READ|PROT_WRITE, MAP_PRIVATE|MAP_FIXED|MAP_ANONYMOUS|MAP_NORESERVE, -1, 0 <unfinished ...>
2100  <... munmap resumed>)             = 0
2096  munmap(0x7f9052360000, 16384 <unfinished ...>
2097  <... munmap resumed>)             = 0
2100  mmap(0x7f9047da8000, 16384, PROT_READ|PROT_WRITE, MAP_PRIVATE|MAP_FIXED|MAP_ANONYMOUS|MAP_NORESERVE, -1, 0 <unfinished ...>
2095  <... mmap resumed>)               = 0x7f9040cdc000
2097  mmap(0x7f9056ef8000, 16384, PROT_READ|PROT_WRITE, MAP_PRIVATE|MAP_FIXED|MAP_ANONYMOUS|MAP_NORESERVE, -1, 0 <unfinished ...>
2096  <... munmap resumed>)             = 0
2096  mmap(0x7f9052360000, 16384, PROT_READ|PROT_WRITE, MAP_PRIVATE|MAP_FIXED|MAP_ANONYMOUS|MAP_NORESERVE, -1, 0 <unfinished ...>
2100  <... mmap resumed>)               = 0x7f9047da8000
2100  munmap(0x7f9041e68000, 16384 <unfinished ...>
2097  <... mmap resumed>)               = 0x7f9056ef8000
2097  munmap(0x7f90511a4000, 16384 <unfinished ...>
2100  <... munmap resumed>)             = 0
2097  <... munmap resumed>)             = 0
2095  munmap(0x7f9055670000, 16384 <unfinished ...>
2100  mmap(0x7f9041e68000, 16384, PROT_READ|PROT_WRITE, MAP_PRIVATE|MAP_FIXED|MAP_ANONYMOUS|MAP_NORESERVE, -1, 0 <unfinished ...>
2097  mmap(0x7f90511a4000, 16384, PROT_READ|PROT_WRITE, MAP_PRIVATE|MAP_FIXED|MAP_ANONYMOUS|MAP_NORESERVE, -1, 0 <unfinished ...>
2096  <... mmap resumed>)               = 0x7f9052360000
2100  <... mmap resumed>)               = 0x7f9041e68000
2097  <... mmap resumed>)               = 0x7f90511a4000
2096  munmap(0x7f903e098000, 16384 <unfinished ...>
2095  <... munmap resumed>)             = 0
2100  munmap(0x7f9044048000, 16384 <unfinished ...>
2096  <... munmap resumed>)             = 0
2097  munmap(0x7f904b16c000, 16384 <unfinished ...>
2095  mmap(0x7f9055670000, 16384, PROT_READ|PROT_WRITE, MAP_PRIVATE|MAP_FIXED|MAP_ANONYMOUS|MAP_NORESERVE, -1, 0 <unfinished ...>
2096  mmap(0x7f903e098000, 16384, PROT_READ|PROT_WRITE, MAP_PRIVATE|MAP_FIXED|MAP_ANONYMOUS|MAP_NORESERVE, -1, 0 <unfinished ...>
2100  <... munmap resumed>)             = 0
2095  <... mmap resumed>)               = 0x7f9055670000
2100  mmap(0x7f9044048000, 16384, PROT_READ|PROT_WRITE, MAP_PRIVATE|MAP_FIXED|MAP_ANONYMOUS|MAP_NORESERVE, -1, 0 <unfinished ...>
2097  <... munmap resumed>)             = 0
2095  munmap(0x7f9051710000, 16384 <unfinished ...>
2100  <... mmap resumed>)               = 0x7f9044048000
2097  mmap(0x7f904b16c000, 16384, PROT_READ|PROT_WRITE, MAP_PRIVATE|MAP_FIXED|MAP_ANONYMOUS|MAP_NORESERVE, -1, 0 <unfinished ...>
2096  <... mmap resumed>)               = 0x7f903e098000
2095  <... munmap resumed>)             = 0
2100  munmap(0x7f9061e1c000, 16384 <unfinished ...>
2097  <... mmap resumed>)               = 0x7f904b16c000
2096  munmap(0x7f904d2f8000, 16384 <unfinished ...>
2095  mmap(0x7f9051710000, 16384, PROT_READ|PROT_WRITE, MAP_PRIVATE|MAP_FIXED|MAP_ANONYMOUS|MAP_NORESERVE, -1, 0 <unfinished ...>
2100  <... munmap resumed>)             = 0
2097  munmap(0x7f904bf40000, 16384 <unfinished ...>
2096  <... munmap resumed>)             = 0
2100  mmap(0x7f9061e1c000, 16384, PROT_READ|PROT_WRITE, MAP_PRIVATE|MAP_FIXED|MAP_ANONYMOUS|MAP_NORESERVE, -1, 0 <unfinished ...>
2095  <... mmap resumed>)               = 0x7f9051710000
2097  <... munmap resumed>)             = 0
2096  mmap(0x7f904d2f8000, 16384, PROT_READ|PROT_WRITE, MAP_PRIVATE|MAP_FIXED|MAP_ANONYMOUS|MAP_NORESERVE, -1, 0 <unfinished ...>
2097  mmap(0x7f904bf40000, 16384, PROT_READ|PROT_WRITE, MAP_PRIVATE|MAP_FIXED|MAP_ANONYMOUS|MAP_NORESERVE, -1, 0 <unfinished ...>
2100  <... mmap resumed>)               = 0x7f9061e1c000
2095  munmap(0x7f9057284000, 16384 <unfinished ...>
2096  <... mmap resumed>)               = 0x7f904d2f8000
2096  munmap(0x7f9047860000, 16384 <unfinished ...>
2095  <... munmap resumed>)             = 0
2097  <... mmap resumed>)               = 0x7f904bf40000
2095  mmap(0x7f9057284000, 16384, PROT_READ|PROT_WRITE, MAP_PRIVATE|MAP_FIXED|MAP_ANONYMOUS|MAP_NORESERVE, -1, 0 <unfinished ...>
2097  munmap(0x7f9065a14000, 16384)     = 0
2100  munmap(0x7f9050890000, 16384 <unfinished ...>
2097  mmap(0x7f9065a14000, 16384, PROT_READ|PROT_WRITE, MAP_PRIVATE|MAP_FIXED|MAP_ANONYMOUS|MAP_NORESERVE, -1, 0 <unfinished ...>
2096  <... munmap resumed>)             = 0
2095  <... mmap resumed>)               = 0x7f9057284000
2096  mmap(0x7f9047860000, 16384, PROT_READ|PROT_WRITE, MAP_PRIVATE|MAP_FIXED|MAP_ANONYMOUS|MAP_NORESERVE, -1, 0 <unfinished ...>
2095  munmap(0x7f90404f0000, 16384 <unfinished ...>
2100  <... munmap resumed>)             = 0
2097  <... mmap resumed>)               = 0x7f9065a14000
2096  <... mmap resumed>)               = 0x7f9047860000
2095  <... munmap resumed>)             = 0
2100  mmap(0x7f9050890000, 16384, PROT_READ|PROT_WRITE, MAP_PRIVATE|MAP_FIXED|MAP_ANONYMOUS|MAP_NORESERVE, -1, 0 <unfinished ...>
2095  mmap(0x7f90404f0000, 16384, PROT_READ|PROT_WRITE, MAP_PRIVATE|MAP_FIXED|MAP_ANONYMOUS|MAP_NORESERVE, -1, 0 <unfinished ...>
2100  <... mmap resumed>)               = 0x7f9050890000
2097  munmap(0x7f9043d00000, 16384 <unfinished ...>
2095  <... mmap resumed>)               = 0x7f90404f0000
2096  munmap(0x7f904071c000, 16384 <unfinished ...>
2095  munmap(0x7f905b9f0000, 16384 <unfinished ...>
2100  munmap(0x7f905b4d0000, 16384 <unfinished ...>
2097  <... munmap resumed>)             = 0
2100  <... munmap resumed>)             = 0
2097  mmap(0x7f9043d00000, 16384, PROT_READ|PROT_WRITE, MAP_PRIVATE|MAP_FIXED|MAP_ANONYMOUS|MAP_NORESERVE, -1, 0 <unfinished ...>
2100  mmap(0x7f905b4d0000, 16384, PROT_READ|PROT_WRITE, MAP_PRIVATE|MAP_FIXED|MAP_ANONYMOUS|MAP_NORESERVE, -1, 0 <unfinished ...>
2097  <... mmap resumed>)               = 0x7f9043d00000
2100  <... mmap resumed>)               = 0x7f905b4d0000
2096  <... munmap resumed>)             = 0
2097  munmap(0x7f9046d50000, 16384 <unfinished ...>
2100  munmap(0x7f904016c000, 16384 <unfinished ...>
2096  mmap(0x7f904071c000, 16384, PROT_READ|PROT_WRITE, MAP_PRIVATE|MAP_FIXED|MAP_ANONYMOUS|MAP_NORESERVE, -1, 0) = 0x7f904071c000
2095  <... munmap resumed>)             = 0
2097  <... munmap resumed>)             = 0
2096  munmap(0x7f90585b0000, 16384 <unfinished ...>
2100  <... munmap resumed>)             = 0
2097  mmap(0x7f9046d50000, 16384, PROT_READ|PROT_WRITE, MAP_PRIVATE|MAP_FIXED|MAP_ANONYMOUS|MAP_NORESERVE, -1, 0 <unfinished ...>
2095  mmap(0x7f905b9f0000, 16384, PROT_READ|PROT_WRITE, MAP_PRIVATE|MAP_FIXED|MAP_ANONYMOUS|MAP_NORESERVE, -1, 0 <unfinished ...>
2100  mmap(0x7f904016c000, 16384, PROT_READ|PROT_WRITE, MAP_PRIVATE|MAP_FIXED|MAP_ANONYMOUS|MAP_NORESERVE, -1, 0 <unfinished ...>
2097  <... mmap resumed>)               = 0x7f9046d50000
2095  <... mmap resumed>)               = 0x7f905b9f0000
2100  <... mmap resumed>)               = 0x7f904016c000
2097  munmap(0x7f9050080000, 16384 <unfinished ...>
2096  <... munmap resumed>)             = 0
2095  munmap(0x7f9051938000, 16384 <unfinished ...>
2100  munmap(0x7f904474c000, 16384 <unfinished ...>
2097  <... munmap resumed>)             = 0
2096  mmap(0x7f90585b0000, 16384, PROT_READ|PROT_WRITE, MAP_PRIVATE|MAP_FIXED|MAP_ANONYMOUS|MAP_NORESERVE, -1, 0 <unfinished ...>
2095  <... munmap resumed>)             = 0
2100  <... munmap resumed>)             = 0
2097  mmap(0x7f9050080000, 16384, PROT_READ|PROT_WRITE, MAP_PRIVATE|MAP_FIXED|MAP_ANONYMOUS|MAP_NORESERVE, -1, 0 <unfinished ...>
2096  <... mmap resumed>)               = 0x7f90585b0000
2095  mmap(0x7f9051938000, 16384, PROT_READ|PROT_WRITE, MAP_PRIVATE|MAP_FIXED|MAP_ANONYMOUS|MAP_NORESERVE, -1, 0 <unfinished ...>
2100  mmap(0x7f904474c000, 16384, PROT_READ|PROT_WRITE, MAP_PRIVATE|MAP_FIXED|MAP_ANONYMOUS|MAP_NORESERVE, -1, 0 <unfinished ...>
2097  <... mmap resumed>)               = 0x7f9050080000
2096  munmap(0x7f904cf10000, 16384 <unfinished ...>
2095  <... mmap resumed>)               = 0x7f9051938000
2100  <... mmap resumed>)               = 0x7f904474c000
2097  munmap(0x7f905efc4000, 16384 <unfinished ...>
2096  <... munmap resumed>)             = 0
2100  munmap(0x7f905b268000, 16384 <unfinished ...>
2095  munmap(0x7f903d5bc000, 16384 <unfinished ...>
2097  <... munmap resumed>)             = 0
2100  <... munmap resumed>)             = 0
2100  mmap(0x7f905b268000, 16384, PROT_READ|PROT_WRITE, MAP_PRIVATE|MAP_FIXED|MAP_ANONYMOUS|MAP_NORESERVE, -1, 0 <unfinished ...>
2096  mmap(0x7f904cf10000, 16384, PROT_READ|PROT_WRITE, MAP_PRIVATE|MAP_FIXED|MAP_ANONYMOUS|MAP_NORESERVE, -1, 0 <unfinished ...>
2097  mmap(0x7f905efc4000, 16384, PROT_READ|PROT_WRITE, MAP_PRIVATE|MAP_FIXED|MAP_ANONYMOUS|MAP_NORESERVE, -1, 0 <unfinished ...>
2095  <... munmap resumed>)             = 0
2095  mmap(0x7f903d5bc000, 16384, PROT_READ|PROT_WRITE, MAP_PRIVATE|MAP_FIXED|MAP_ANONYMOUS|MAP_NORESERVE, -1, 0 <unfinished ...>
2100  <... mmap resumed>)               = 0x7f905b268000
2097  <... mmap resumed>)               = 0x7f905efc4000
2096  <... mmap resumed>)               = 0x7f904cf10000
2095  <... mmap resumed>)               = 0x7f903d5bc000
2100  munmap(0x7f9041094000, 16384 <unfinished ...>
2097  munmap(0x7f90650b4000, 16384 <unfinished ...>
2096  munmap(0x7f9066140000, 16384 <unfinished ...>
2095  munmap(0x7f9059cfc000, 16384 <unfinished ...>
2100  <... munmap resumed>)             = 0
2100  mmap(0x7f9041094000, 16384, PROT_READ|PROT_WRITE, MAP_PRIVATE|MAP_FIXED|MAP_ANONYMOUS|MAP_NORESERVE, -1, 0 <unfinished ...>
2096  <... munmap resumed>)             = 0
2097  <... munmap resumed>)             = 0
2095  <... munmap resumed>)             = 0
2100  <... mmap resumed>)               = 0x7f9041094000
2097  mmap(0x7f90650b4000, 16384, PROT_READ|PROT_WRITE, MAP_PRIVATE|MAP_FIXED|MAP_ANONYMOUS|MAP_NORESERVE, -1, 0 <unfinished ...>
2096  mmap(0x7f9066140000, 16384, PROT_READ|PROT_WRITE, MAP_PRIVATE|MAP_FIXED|MAP_ANONYMOUS|MAP_NORESERVE, -1, 0 <unfinished ...>
2095  mmap(0x7f9059cfc000, 16384, PROT_READ|PROT_WRITE, MAP_PRIVATE|MAP_FIXED|MAP_ANONYMOUS|MAP_NORESERVE, -1, 0 <unfinished ...>
2100  munmap(0x7f9060b40000, 16384 <unfinished ...>
2095  <... mmap resumed>)               = 0x7f9059cfc000
2096  <... mmap resumed>)               = 0x7f9066140000
2100  <... munmap resumed>)             = 0
2097  <... mmap resumed>)               = 0x7f90650b4000
2095  munmap(0x7f904faf0000, 16384 <unfinished ...>
2100  mmap(0x7f9060b40000, 16384, PROT_READ|PROT_WRITE, MAP_PRIVATE|MAP_FIXED|MAP_ANONYMOUS|MAP_NORESERVE, -1, 0 <unfinished ...>
2096  munmap(0x7f9041408000, 16384 <unfinished ...>
2097  munmap(0x7f906075c000, 16384 <unfinished ...>
2095  <... munmap resumed>)             = 0
2100  <... mmap resumed>)               = 0x7f9060b40000
2097  <... munmap resumed>)             = 0
2097  mmap(0x7f906075c000, 16384, PROT_READ|PROT_WRITE, MAP_PRIVATE|MAP_FIXED|MAP_ANONYMOUS|MAP_NORESERVE, -1, 0 <unfinished ...>
2096  <... munmap resumed>)             = 0
2100  munmap(0x7f9040a0c000, 16384 <unfinished ...>
2095  mmap(0x7f904faf0000, 16384, PROT_READ|PROT_WRITE, MAP_PRIVATE|MAP_FIXED|MAP_ANONYMOUS|MAP_NORESERVE, -1, 0 <unfinished ...>
2097  <... mmap resumed>)               = 0x7f906075c000
2096  mmap(0x7f9041408000, 16384, PROT_READ|PROT_WRITE, MAP_PRIVATE|MAP_FIXED|MAP_ANONYMOUS|MAP_NORESERVE, -1, 0 <unfinished ...>
2100  <... munmap resumed>)             = 0
2095  <... mmap resumed>)               = 0x7f904faf0000
2100  mmap(0x7f9040a0c000, 16384, PROT_READ|PROT_WRITE, MAP_PRIVATE|MAP_FIXED|MAP_ANONYMOUS|MAP_NORESERVE, -1, 0 <unfinished ...>
2096  <... mmap resumed>)               = 0x7f9041408000
2095  munmap(0x7f905de3c000, 16384 <unfinished ...>
2097  munmap(0x7f9040ab4000, 16384 <unfinished ...>
2100  <... mmap resumed>)               = 0x7f9040a0c000
2096  munmap(0x7f90580f0000, 16384 <unfinished ...>
2095  <... munmap resumed>)             = 0
2100  munmap(0x7f904f99c000, 16384 <unfinished ...>
2095  mmap(0x7f905de3c000, 16384, PROT_READ|PROT_WRITE, MAP_PRIVATE|MAP_FIXED|MAP_ANONYMOUS|MAP_NORESERVE, -1, 0 <unfinished ...>
2097  <... munmap resumed>)             = 0
2100  <... munmap resumed>)             = 0
2100  mmap(0x7f904f99c000, 16384, PROT_READ|PROT_WRITE, MAP_PRIVATE|MAP_FIXED|MAP_ANONYMOUS|MAP_NORESERVE, -1, 0 <unfinished ...>
2097  mmap(0x7f9040ab4000, 16384, PROT_READ|PROT_WRITE, MAP_PRIVATE|MAP_FIXED|MAP_ANONYMOUS|MAP_NORESERVE, -1, 0 <unfinished ...>
2100  <... mmap resumed>)               = 0x7f904f99c000
2096  <... munmap resumed>)             = 0
2095  <... mmap resumed>)               = 0x7f905de3c000
2100  munmap(0x7f90571d0000, 16384 <unfinished ...>
2097  <... mmap resumed>)               = 0x7f9040ab4000
2095  munmap(0x7f9047678000, 16384 <unfinished ...>
2096  mmap(0x7f90580f0000, 16384, PROT_READ|PROT_WRITE, MAP_PRIVATE|MAP_FIXED|MAP_ANONYMOUS|MAP_NORESERVE, -1, 0 <unfinished ...>
2100  <... munmap resumed>)             = 0
2097  munmap(0x7f904cddc000, 16384 <unfinished ...>
2095  <... munmap resumed>)             = 0
2100  mmap(0x7f90571d0000, 16384, PROT_READ|PROT_WRITE, MAP_PRIVATE|MAP_FIXED|MAP_ANONYMOUS|MAP_NORESERVE, -1, 0 <unfinished ...>
2096  <... mmap resumed>)               = 0x7f90580f0000
2100  <... mmap resumed>)               = 0x7f90571d0000
2096  munmap(0x7f903b1c4000, 16384 <unfinished ...>
2095  mmap(0x7f9047678000, 16384, PROT_READ|PROT_WRITE, MAP_PRIVATE|MAP_FIXED|MAP_ANONYMOUS|MAP_NORESERVE, -1, 0 <unfinished ...>
2100  munmap(0x7f904fab8000, 16384 <unfinished ...>
2097  <... munmap resumed>)             = 0
2096  <... munmap resumed>)             = 0
2097  mmap(0x7f904cddc000, 16384, PROT_READ|PROT_WRITE, MAP_PRIVATE|MAP_FIXED|MAP_ANONYMOUS|MAP_NORESERVE, -1, 0 <unfinished ...>
2096  mmap(0x7f903b1c4000, 16384, PROT_READ|PROT_WRITE, MAP_PRIVATE|MAP_FIXED|MAP_ANONYMOUS|MAP_NORESERVE, -1, 0 <unfinished ...>
2095  <... mmap resumed>)               = 0x7f9047678000
2100  <... munmap resumed>)             = 0
2100  mmap(0x7f904fab8000, 16384, PROT_READ|PROT_WRITE, MAP_PRIVATE|MAP_FIXED|MAP_ANONYMOUS|MAP_NORESERVE, -1, 0 <unfinished ...>
2097  <... mmap resumed>)               = 0x7f904cddc000
2096  <... mmap resumed>)               = 0x7f903b1c4000
2095  munmap(0x7f903c370000, 16384 <unfinished ...>
2097  munmap(0x7f903b8a4000, 16384 <unfinished ...>
2100  <... mmap resumed>)               = 0x7f904fab8000
2096  munmap(0x7f9048810000, 16384 <unfinished ...>
2095  <... munmap resumed>)             = 0
2100  munmap(0x7f903a7e8000, 16384 <unfinished ...>
2097  <... munmap resumed>)             = 0
2096  <... munmap resumed>)             = 0
2100  <... munmap resumed>)             = 0
2097  mmap(0x7f903b8a4000, 16384, PROT_READ|PROT_WRITE, MAP_PRIVATE|MAP_FIXED|MAP_ANONYMOUS|MAP_NORESERVE, -1, 0 <unfinished ...>
2096  mmap(0x7f9048810000, 16384, PROT_READ|PROT_WRITE, MAP_PRIVATE|MAP_FIXED|MAP_ANONYMOUS|MAP_NORESERVE, -1, 0 <unfinished ...>
2095  mmap(0x7f903c370000, 16384, PROT_READ|PROT_WRITE, MAP_PRIVATE|MAP_FIXED|MAP_ANONYMOUS|MAP_NORESERVE, -1, 0 <unfinished ...>
2100  mmap(0x7f903a7e8000, 16384, PROT_READ|PROT_WRITE, MAP_PRIVATE|MAP_FIXED|MAP_ANONYMOUS|MAP_NORESERVE, -1, 0 <unfinished ...>
2097  <... mmap resumed>)               = 0x7f903b8a4000
2095  <... mmap resumed>)               = 0x7f903c370000
2100  <... mmap resumed>)               = 0x7f903a7e8000
2096  <... mmap resumed>)               = 0x7f9048810000
2097  munmap(0x7f905d9dc000, 16384 <unfinished ...>
2095  munmap(0x7f904ed90000, 16384 <unfinished ...>
2100  munmap(0x7f903a50c000, 16384 <unfinished ...>
2097  <... munmap resumed>)             = 0
2096  munmap(0x7f904124c000, 16384 <unfinished ...>
2097  mmap(0x7f905d9dc000, 16384, PROT_READ|PROT_WRITE, MAP_PRIVATE|MAP_FIXED|MAP_ANONYMOUS|MAP_NORESERVE, -1, 0 <unfinished ...>
2095  <... munmap resumed>)             = 0
2100  <... munmap resumed>)             = 0
2100  mmap(0x7f903a50c000, 16384, PROT_READ|PROT_WRITE, MAP_PRIVATE|MAP_FIXED|MAP_ANONYMOUS|MAP_NORESERVE, -1, 0 <unfinished ...>
2097  <... mmap resumed>)               = 0x7f905d9dc000
2095  mmap(0x7f904ed90000, 16384, PROT_READ|PROT_WRITE, MAP_PRIVATE|MAP_FIXED|MAP_ANONYMOUS|MAP_NORESERVE, -1, 0 <unfinished ...>
2100  <... mmap resumed>)               = 0x7f903a50c000
2097  munmap(0x7f905e57c000, 16384 <unfinished ...>
2096  <... munmap resumed>)             = 0
2095  <... mmap resumed>)               = 0x7f904ed90000
2100  munmap(0x7f9058f18000, 16384 <unfinished ...>
2096  mmap(0x7f904124c000, 16384, PROT_READ|PROT_WRITE, MAP_PRIVATE|MAP_FIXED|MAP_ANONYMOUS|MAP_NORESERVE, -1, 0 <unfinished ...>
2100  <... munmap resumed>)             = 0
2097  <... munmap resumed>)             = 0
2096  <... mmap resumed>)               = 0x7f904124c000
2095  munmap(0x7f9049f30000, 16384 <unfinished ...>
2100  mmap(0x7f9058f18000, 16384, PROT_READ|PROT_WRITE, MAP_PRIVATE|MAP_FIXED|MAP_ANONYMOUS|MAP_NORESERVE, -1, 0 <unfinished ...>
2097  mmap(0x7f905e57c000, 16384, PROT_READ|PROT_WRITE, MAP_PRIVATE|MAP_FIXED|MAP_ANONYMOUS|MAP_NORESERVE, -1, 0 <unfinished ...>
2096  munmap(0x7f9040684000, 16384 <unfinished ...>
2095  <... munmap resumed>)             = 0
2100  <... mmap resumed>)               = 0x7f9058f18000
2095  mmap(0x7f9049f30000, 16384, PROT_READ|PROT_WRITE, MAP_PRIVATE|MAP_FIXED|MAP_ANONYMOUS|MAP_NORESERVE, -1, 0 <unfinished ...>
2097  <... mmap resumed>)               = 0x7f905e57c000
2096  <... munmap resumed>)             = 0
2100  munmap(0x7f9046a20000, 16384)     = 0
2097  munmap(0x7f90467e8000, 16384 <unfinished ...>
2096  mmap(0x7f9040684000, 16384, PROT_READ|PROT_WRITE, MAP_PRIVATE|MAP_FIXED|MAP_ANONYMOUS|MAP_NORESERVE, -1, 0 <unfinished ...>
2095  <... mmap resumed>)               = 0x7f9049f30000
2100  mmap(0x7f9046a20000, 16384, PROT_READ|PROT_WRITE, MAP_PRIVATE|MAP_FIXED|MAP_ANONYMOUS|MAP_NORESERVE, -1, 0 <unfinished ...>
2097  <... munmap resumed>)             = 0
2096  <... mmap resumed>)               = 0x7f9040684000
2100  <... mmap resumed>)               = 0x7f9046a20000
2097  mmap(0x7f90467e8000, 16384, PROT_READ|PROT_WRITE, MAP_PRIVATE|MAP_FIXED|MAP_ANONYMOUS|MAP_NORESERVE, -1, 0 <unfinished ...>
2096  munmap(0x7f9039b8c000, 16384 <unfinished ...>
2095  munmap(0x7f9054ce0000, 16384 <unfinished ...>
2100  munmap(0x7f903abd8000, 16384 <unfinished ...>
2097  <... mmap resumed>)               = 0x7f90467e8000
2100  <... munmap resumed>)             = 0
2097  munmap(0x7f905a4c8000, 16384 <unfinished ...>
2100  mmap(0x7f903abd8000, 16384, PROT_READ|PROT_WRITE, MAP_PRIVATE|MAP_FIXED|MAP_ANONYMOUS|MAP_NORESERVE, -1, 0 <unfinished ...>
2096  <... munmap resumed>)             = 0
2095  <... munmap resumed>)             = 0
2100  <... mmap resumed>)               = 0x7f903abd8000
2097  <... munmap resumed>)             = 0
2096  mmap(0x7f9039b8c000, 16384, PROT_READ|PROT_WRITE, MAP_PRIVATE|MAP_FIXED|MAP_ANONYMOUS|MAP_NORESERVE, -1, 0 <unfinished ...>
2095  mmap(0x7f9054ce0000, 16384, PROT_READ|PROT_WRITE, MAP_PRIVATE|MAP_FIXED|MAP_ANONYMOUS|MAP_NORESERVE, -1, 0 <unfinished ...>
2100  munmap(0x7f9060f78000, 16384)     = 0
2097  mmap(0x7f905a4c8000, 16384, PROT_READ|PROT_WRITE, MAP_PRIVATE|MAP_FIXED|MAP_ANONYMOUS|MAP_NORESERVE, -1, 0 <unfinished ...>
2096  <... mmap resumed>)               = 0x7f9039b8c000
2095  <... mmap resumed>)               = 0x7f9054ce0000
2100  mmap(0x7f9060f78000, 16384, PROT_READ|PROT_WRITE, MAP_PRIVATE|MAP_FIXED|MAP_ANONYMOUS|MAP_NORESERVE, -1, 0 <unfinished ...>
2097  <... mmap resumed>)               = 0x7f905a4c8000
2096  munmap(0x7f90532cc000, 16384 <unfinished ...>
2095  munmap(0x7f905ddb0000, 16384 <unfinished ...>
2100  <... mmap resumed>)               = 0x7f9060f78000
2097  munmap(0x7f90602a0000, 16384 <unfinished ...>
2096  <... munmap resumed>)             = 0
2095  <... munmap resumed>)             = 0
2100  munmap(0x7f904fe28000, 16384 <unfinished ...>
2096  mmap(0x7f90532cc000, 16384, PROT_READ|PROT_WRITE, MAP_PRIVATE|MAP_FIXED|MAP_ANONYMOUS|MAP_NORESERVE, -1, 0 <unfinished ...>
2095  mmap(0x7f905ddb0000, 16384, PROT_READ|PROT_WRITE, MAP_PRIVATE|MAP_FIXED|MAP_ANONYMOUS|MAP_NORESERVE, -1, 0 <unfinished ...>
2100  <... munmap resumed>)             = 0
2097  <... munmap resumed>)             = 0
2096  <... mmap resumed>)               = 0x7f90532cc000
2095  <... mmap resumed>)               = 0x7f905ddb0000
2100  mmap(0x7f904fe28000, 16384, PROT_READ|PROT_WRITE, MAP_PRIVATE|MAP_FIXED|MAP_ANONYMOUS|MAP_NORESERVE, -1, 0 <unfinished ...>
2097  mmap(0x7f90602a0000, 16384, PROT_READ|PROT_WRITE, MAP_PRIVATE|MAP_FIXED|MAP_ANONYMOUS|MAP_NORESERVE, -1, 0 <unfinished ...>
2096  munmap(0x7f903a114000, 16384 <unfinished ...>
2095  munmap(0x7f90538a8000, 16384 <unfinished ...>
2100  <... mmap resumed>)               = 0x7f904fe28000
2100  munmap(0x7f9040d9c000, 16384 <unfinished ...>
2095  <... munmap resumed>)             = 0
2097  <... mmap resumed>)               = 0x7f90602a0000
2095  mmap(0x7f90538a8000, 16384, PROT_READ|PROT_WRITE, MAP_PRIVATE|MAP_FIXED|MAP_ANONYMOUS|MAP_NORESERVE, -1, 0 <unfinished ...>
2097  munmap(0x7f90452b8000, 16384 <unfinished ...>
2100  <... munmap resumed>)             = 0
2096  <... munmap resumed>)             = 0
2097  <... munmap resumed>)             = 0
2095  <... mmap resumed>)               = 0x7f90538a8000
2100  mmap(0x7f9040d9c000, 16384, PROT_READ|PROT_WRITE, MAP_PRIVATE|MAP_FIXED|MAP_ANONYMOUS|MAP_NORESERVE, -1, 0 <unfinished ...>
2097  mmap(0x7f90452b8000, 16384, PROT_READ|PROT_WRITE, MAP_PRIVATE|MAP_FIXED|MAP_ANONYMOUS|MAP_NORESERVE, -1, 0 <unfinished ...>
2096  mmap(0x7f903a114000, 16384, PROT_READ|PROT_WRITE, MAP_PRIVATE|MAP_FIXED|MAP_ANONYMOUS|MAP_NORESERVE, -1, 0 <unfinished ...>
2095  munmap(0x7f90595f0000, 16384 <unfinished ...>
2100  <... mmap resumed>)               = 0x7f9040d9c000
2097  <... mmap resumed>)               = 0x7f90452b8000
2096  <... mmap resumed>)               = 0x7f903a114000
2095  <... munmap resumed>)             = 0
2100  munmap(0x7f903ec90000, 16384 <unfinished ...>
2097  munmap(0x7f9042afc000, 16384 <unfinished ...>
2096  munmap(0x7f90524f0000, 16384 <unfinished ...>
2095  mmap(0x7f90595f0000, 16384, PROT_READ|PROT_WRITE, MAP_PRIVATE|MAP_FIXED|MAP_ANONYMOUS|MAP_NORESERVE, -1, 0 <unfinished ...>
2096  <... munmap resumed>)             = 0
2097  <... munmap resumed>)             = 0
2100  <... munmap resumed>)             = 0
2095  <... mmap resumed>)               = 0x7f90595f0000
2100  mmap(0x7f903ec90000, 16384, PROT_READ|PROT_WRITE, MAP_PRIVATE|MAP_FIXED|MAP_ANONYMOUS|MAP_NORESERVE, -1, 0 <unfinished ...>
2097  mmap(0x7f9042afc000, 16384, PROT_READ|PROT_WRITE, MAP_PRIVATE|MAP_FIXED|MAP_ANONYMOUS|MAP_NORESERVE, -1, 0 <unfinished ...>
2096  mmap(0x7f90524f0000, 16384, PROT_READ|PROT_WRITE, MAP_PRIVATE|MAP_FIXED|MAP_ANONYMOUS|MAP_NORESERVE, -1, 0 <unfinished ...>
2100  <... mmap resumed>)               = 0x7f903ec90000
2095  munmap(0x7f9064c48000, 16384 <unfinished ...>
2097  <... mmap resumed>)               = 0x7f9042afc000
2096  <... mmap resumed>)               = 0x7f90524f0000
2100  munmap(0x7f9040b24000, 16384 <unfinished ...>
2095  <... munmap resumed>)             = 0
2096  munmap(0x7f9051b0c000, 16384 <unfinished ...>
2100  <... munmap resumed>)             = 0
2097  munmap(0x7f90589f0000, 16384 <unfinished ...>
2096  <... munmap resumed>)             = 0
2095  mmap(0x7f9064c48000, 16384, PROT_READ|PROT_WRITE, MAP_PRIVATE|MAP_FIXED|MAP_ANONYMOUS|MAP_NORESERVE, -1, 0 <unfinished ...>
2096  mmap(0x7f9051b0c000, 16384, PROT_READ|PROT_WRITE, MAP_PRIVATE|MAP_FIXED|MAP_ANONYMOUS|MAP_NORESERVE, -1, 0 <unfinished ...>
2100  mmap(0x7f9040b24000, 16384, PROT_READ|PROT_WRITE, MAP_PRIVATE|MAP_FIXED|MAP_ANONYMOUS|MAP_NORESERVE, -1, 0 <unfinished ...>
2097  <... munmap resumed>)             = 0
2100  <... mmap resumed>)               = 0x7f9040b24000
2096  <... mmap resumed>)               = 0x7f9051b0c000
2095  <... mmap resumed>)               = 0x7f9064c48000
2097  mmap(0x7f90589f0000, 16384, PROT_READ|PROT_WRITE, MAP_PRIVATE|MAP_FIXED|MAP_ANONYMOUS|MAP_NORESERVE, -1, 0 <unfinished ...>
2100  munmap(0x7f9053440000, 16384 <unfinished ...>
2096  munmap(0x7f906295c000, 16384 <unfinished ...>
2095  munmap(0x7f903b1c4000, 16384 <unfinished ...>
2100  <... munmap resumed>)             = 0
2097  <... mmap resumed>)               = 0x7f90589f0000
2096  <... munmap resumed>)             = 0
2100  mmap(0x7f9053440000, 16384, PROT_READ|PROT_WRITE, MAP_PRIVATE|MAP_FIXED|MAP_ANONYMOUS|MAP_NORESERVE, -1, 0 <unfinished ...>
2097  munmap(0x7f9050398000, 16384 <unfinished ...>
2095  <... munmap resumed>)             = 0
2096  mmap(0x7f906295c000, 16384, PROT_READ|PROT_WRITE, MAP_PRIVATE|MAP_FIXED|MAP_ANONYMOUS|MAP_NORESERVE, -1, 0 <unfinished ...>
2095  mmap(0x7f903b1c4000, 16384, PROT_READ|PROT_WRITE, MAP_PRIVATE|MAP_FIXED|MAP_ANONYMOUS|MAP_NORESERVE, -1, 0 <unfinished ...>
2097  <... munmap resumed>)             = 0
2096  <... mmap resumed>)               = 0x7f906295c000
2100  <... mmap resumed>)               = 0x7f9053440000
2097  mmap(0x7f9050398000, 16384, PROT_READ|PROT_WRITE, MAP_PRIVATE|MAP_FIXED|MAP_ANONYMOUS|MAP_NORESERVE, -1, 0 <unfinished ...>
2096  munmap(0x7f905d92c000, 16384 <unfinished ...>
2100  munmap(0x7f904e83c000, 16384 <unfinished ...>
2095  <... mmap resumed>)               = 0x7f903b1c4000
2097  <... mmap resumed>)               = 0x7f9050398000
2097  munmap(0x7f904da1c000, 16384 <unfinished ...>
2096  <... munmap resumed>)             = 0
2095  munmap(0x7f9060d5c000, 16384 <unfinished ...>
2100  <... munmap resumed>)             = 0
2097  <... munmap resumed>)             = 0
2097  mmap(0x7f904da1c000, 16384, PROT_READ|PROT_WRITE, MAP_PRIVATE|MAP_FIXED|MAP_ANONYMOUS|MAP_NORESERVE, -1, 0 <unfinished ...>
2096  mmap(0x7f905d92c000, 16384, PROT_READ|PROT_WRITE, MAP_PRIVATE|MAP_FIXED|MAP_ANONYMOUS|MAP_NORESERVE, -1, 0 <unfinished ...>
2095  <... munmap resumed>)             = 0
2100  mmap(0x7f904e83c000, 16384, PROT_READ|PROT_WRITE, MAP_PRIVATE|MAP_FIXED|MAP_ANONYMOUS|MAP_NORESERVE, -1, 0 <unfinished ...>
2096  <... mmap resumed>)               = 0x7f905d92c000
2097  <... mmap resumed>)               = 0x7f904da1c000
2095  mmap(0x7f9060d5c000, 16384, PROT_READ|PROT_WRITE, MAP_PRIVATE|MAP_FIXED|MAP_ANONYMOUS|MAP_NORESERVE, -1, 0 <unfinished ...>
2096  munmap(0x7f9064878000, 16384 <unfinished ...>
2100  <... mmap resumed>)               = 0x7f904e83c000
2097  munmap(0x7f906133c000, 16384 <unfinished ...>
2095  <... mmap resumed>)               = 0x7f9060d5c000
2100  munmap(0x7f904bcb0000, 16384 <unfinished ...>
2097  <... munmap resumed>)             = 0
2096  <... munmap resumed>)             = 0
2095  munmap(0x7f9057d64000, 16384 <unfinished ...>
2100  <... munmap resumed>)             = 0
2097  mmap(0x7f906133c000, 16384, PROT_READ|PROT_WRITE, MAP_PRIVATE|MAP_FIXED|MAP_ANONYMOUS|MAP_NORESERVE, -1, 0 <unfinished ...>
2096  mmap(0x7f9064878000, 16384, PROT_READ|PROT_WRITE, MAP_PRIVATE|MAP_FIXED|MAP_ANONYMOUS|MAP_NORESERVE, -1, 0 <unfinished ...>
2100  mmap(0x7f904bcb0000, 16384, PROT_READ|PROT_WRITE, MAP_PRIVATE|MAP_FIXED|MAP_ANONYMOUS|MAP_NORESERVE, -1, 0 <unfinished ...>
2097  <... mmap resumed>)               = 0x7f906133c000
2096  <... mmap resumed>)               = 0x7f9064878000
2095  <... munmap resumed>)             = 0
2100  <... mmap resumed>)               = 0x7f904bcb0000
2097  munmap(0x7f905cf4c000, 16384 <unfinished ...>
2096  munmap(0x7f903f460000, 16384 <unfinished ...>
2095  mmap(0x7f9057d64000, 16384, PROT_READ|PROT_WRITE, MAP_PRIVATE|MAP_FIXED|MAP_ANONYMOUS|MAP_NORESERVE, -1, 0 <unfinished ...>
2100  munmap(0x7f904eaa8000, 16384 <unfinished ...>
2097  <... munmap resumed>)             = 0
2100  <... munmap resumed>)             = 0
2097  mmap(0x7f905cf4c000, 16384, PROT_READ|PROT_WRITE, MAP_PRIVATE|MAP_FIXED|MAP_ANONYMOUS|MAP_NORESERVE, -1, 0 <unfinished ...>
2096  <... munmap resumed>)             = 0
2095  <... mmap resumed>)               = 0x7f9057d64000
2097  <... mmap resumed>)               = 0x7f905cf4c000
2100  mmap(0x7f904eaa8000, 16384, PROT_READ|PROT_WRITE, MAP_PRIVATE|MAP_FIXED|MAP_ANONYMOUS|MAP_NORESERVE, -1, 0 <unfinished ...>
2097  munmap(0x7f90632e4000, 16384 <unfinished ...>
2096  mmap(0x7f903f460000, 16384, PROT_READ|PROT_WRITE, MAP_PRIVATE|MAP_FIXED|MAP_ANONYMOUS|MAP_NORESERVE, -1, 0 <unfinished ...>
2095  munmap(0x7f9051ac0000, 16384 <unfinished ...>
2100  <... mmap resumed>)               = 0x7f904eaa8000
2097  <... munmap resumed>)             = 0
2096  <... mmap resumed>)               = 0x7f903f460000
2095  <... munmap resumed>)             = 0
2100  munmap(0x7f9056160000, 16384 <unfinished ...>
2097  mmap(0x7f90632e4000, 16384, PROT_READ|PROT_WRITE, MAP_PRIVATE|MAP_FIXED|MAP_ANONYMOUS|MAP_NORESERVE, -1, 0 <unfinished ...>
2100  <... munmap resumed>)             = 0
2096  munmap(0x7f9040f80000, 16384 <unfinished ...>
2095  mmap(0x7f9051ac0000, 16384, PROT_READ|PROT_WRITE, MAP_PRIVATE|MAP_FIXED|MAP_ANONYMOUS|MAP_NORESERVE, -1, 0 <unfinished ...>
2100  mmap(0x7f9056160000, 16384, PROT_READ|PROT_WRITE, MAP_PRIVATE|MAP_FIXED|MAP_ANONYMOUS|MAP_NORESERVE, -1, 0) = 0x7f9056160000
2097  <... mmap resumed>)               = 0x7f90632e4000
2096  <... munmap resumed>)             = 0
2095  <... mmap resumed>)               = 0x7f9051ac0000
2100  munmap(0x7f9049bc4000, 16384 <unfinished ...>
2097  munmap(0x7f9059fa0000, 16384 <unfinished ...>
2096  mmap(0x7f9040f80000, 16384, PROT_READ|PROT_WRITE, MAP_PRIVATE|MAP_FIXED|MAP_ANONYMOUS|MAP_NORESERVE, -1, 0 <unfinished ...>
2100  <... munmap resumed>)             = 0
2095  munmap(0x7f9041464000, 16384 <unfinished ...>
2097  <... munmap resumed>)             = 0
2100  mmap(0x7f9049bc4000, 16384, PROT_READ|PROT_WRITE, MAP_PRIVATE|MAP_FIXED|MAP_ANONYMOUS|MAP_NORESERVE, -1, 0 <unfinished ...>
2097  mmap(0x7f9059fa0000, 16384, PROT_READ|PROT_WRITE, MAP_PRIVATE|MAP_FIXED|MAP_ANONYMOUS|MAP_NORESERVE, -1, 0 <unfinished ...>
2096  <... mmap resumed>)               = 0x7f9040f80000
2095  <... munmap resumed>)             = 0
2100  <... mmap resumed>)               = 0x7f9049bc4000
2097  <... mmap resumed>)               = 0x7f9059fa0000
2096  munmap(0x7f9065cf4000, 16384 <unfinished ...>
2100  munmap(0x7f904f51c000, 16384 <unfinished ...>
2095  mmap(0x7f9041464000, 16384, PROT_READ|PROT_WRITE, MAP_PRIVATE|MAP_FIXED|MAP_ANONYMOUS|MAP_NORESERVE, -1, 0 <unfinished ...>
2100  <... munmap resumed>)             = 0
2097  munmap(0x7f9049604000, 16384 <unfinished ...>
2096  <... munmap resumed>)             = 0
2100  mmap(0x7f904f51c000, 16384, PROT_READ|PROT_WRITE, MAP_PRIVATE|MAP_FIXED|MAP_ANONYMOUS|MAP_NORESERVE, -1, 0 <unfinished ...>
2095  <... mmap resumed>)               = 0x7f9041464000
2100  <... mmap resumed>)               = 0x7f904f51c000
2096  mmap(0x7f9065cf4000, 16384, PROT_READ|PROT_WRITE, MAP_PRIVATE|MAP_FIXED|MAP_ANONYMOUS|MAP_NORESERVE, -1, 0 <unfinished ...>
2100  munmap(0x7f90464ec000, 16384 <unfinished ...>
2097  <... munmap resumed>)             = 0
2097  mmap(0x7f9049604000, 16384, PROT_READ|PROT_WRITE, MAP_PRIVATE|MAP_FIXED|MAP_ANONYMOUS|MAP_NORESERVE, -1, 0 <unfinished ...>
2100  <... munmap resumed>)             = 0
2096  <... mmap resumed>)               = 0x7f9065cf4000
2097  <... mmap resumed>)               = 0x7f9049604000
2097  munmap(0x7f9062adc000, 16384 <unfinished ...>
2095  munmap(0x7f903c600000, 16384 <unfinished ...>
2097  <... munmap resumed>)             = 0
2097  mmap(0x7f9062adc000, 16384, PROT_READ|PROT_WRITE, MAP_PRIVATE|MAP_FIXED|MAP_ANONYMOUS|MAP_NORESERVE, -1, 0 <unfinished ...>
2100  mmap(0x7f90464ec000, 16384, PROT_READ|PROT_WRITE, MAP_PRIVATE|MAP_FIXED|MAP_ANONYMOUS|MAP_NORESERVE, -1, 0 <unfinished ...>
2096  munmap(0x7f904a874000, 16384 <unfinished ...>
2095  <... munmap resumed>)             = 0
2100  <... mmap resumed>)               = 0x7f90464ec000
2097  <... mmap resumed>)               = 0x7f9062adc000
2096  <... munmap resumed>)             = 0
2097  munmap(0x7f9064458000, 16384 <unfinished ...>
2095  mmap(0x7f903c600000, 16384, PROT_READ|PROT_WRITE, MAP_PRIVATE|MAP_FIXED|MAP_ANONYMOUS|MAP_NORESERVE, -1, 0 <unfinished ...>
2100  munmap(0x7f905dcec000, 16384 <unfinished ...>
2097  <... munmap resumed>)             = 0
2097  mmap(0x7f9064458000, 16384, PROT_READ|PROT_WRITE, MAP_PRIVATE|MAP_FIXED|MAP_ANONYMOUS|MAP_NORESERVE, -1, 0 <unfinished ...>
2096  mmap(0x7f904a874000, 16384, PROT_READ|PROT_WRITE, MAP_PRIVATE|MAP_FIXED|MAP_ANONYMOUS|MAP_NORESERVE, -1, 0 <unfinished ...>
2100  <... munmap resumed>)             = 0
2097  <... mmap resumed>)               = 0x7f9064458000
2095  <... mmap resumed>)               = 0x7f903c600000
2100  mmap(0x7f905dcec000, 16384, PROT_READ|PROT_WRITE, MAP_PRIVATE|MAP_FIXED|MAP_ANONYMOUS|MAP_NORESERVE, -1, 0 <unfinished ...>
2096  <... mmap resumed>)               = 0x7f904a874000
2097  munmap(0x7f903b0c8000, 16384 <unfinished ...>
2100  <... mmap resumed>)               = 0x7f905dcec000
2096  munmap(0x7f9039d38000, 16384 <unfinished ...>
2095  munmap(0x7f9052f50000, 16384 <unfinished ...>
2100  munmap(0x7f9056b88000, 16384 <unfinished ...>
2097  <... munmap resumed>)             = 0
2096  <... munmap resumed>)             = 0
2100  <... munmap resumed>)             = 0
2095  <... munmap resumed>)             = 0
2097  mmap(0x7f903b0c8000, 16384, PROT_READ|PROT_WRITE, MAP_PRIVATE|MAP_FIXED|MAP_ANONYMOUS|MAP_NORESERVE, -1, 0 <unfinished ...>
2096  mmap(0x7f9039d38000, 16384, PROT_READ|PROT_WRITE, MAP_PRIVATE|MAP_FIXED|MAP_ANONYMOUS|MAP_NORESERVE, -1, 0 <unfinished ...>
2100  mmap(0x7f9056b88000, 16384, PROT_READ|PROT_WRITE, MAP_PRIVATE|MAP_FIXED|MAP_ANONYMOUS|MAP_NORESERVE, -1, 0 <unfinished ...>
2095  mmap(0x7f9052f50000, 16384, PROT_READ|PROT_WRITE, MAP_PRIVATE|MAP_FIXED|MAP_ANONYMOUS|MAP_NORESERVE, -1, 0 <unfinished ...>
2097  <... mmap resumed>)               = 0x7f903b0c8000
2096  <... mmap resumed>)               = 0x7f9039d38000
2097  munmap(0x7f905b444000, 16384 <unfinished ...>
2095  <... mmap resumed>)               = 0x7f9052f50000
2096  munmap(0x7f9042dd0000, 16384 <unfinished ...>
2095  munmap(0x7f904de58000, 16384 <unfinished ...>
2097  <... munmap resumed>)             = 0
2096  <... munmap resumed>)             = 0
2097  mmap(0x7f905b444000, 16384, PROT_READ|PROT_WRITE, MAP_PRIVATE|MAP_FIXED|MAP_ANONYMOUS|MAP_NORESERVE, -1, 0 <unfinished ...>
2095  <... munmap resumed>)             = 0
2097  <... mmap resumed>)               = 0x7f905b444000
2100  <... mmap resumed>)               = 0x7f9056b88000
2096  mmap(0x7f9042dd0000, 16384, PROT_READ|PROT_WRITE, MAP_PRIVATE|MAP_FIXED|MAP_ANONYMOUS|MAP_NORESERVE, -1, 0 <unfinished ...>
2095  mmap(0x7f904de58000, 16384, PROT_READ|PROT_WRITE, MAP_PRIVATE|MAP_FIXED|MAP_ANONYMOUS|MAP_NORESERVE, -1, 0 <unfinished ...>
2097  munmap(0x7f9047994000, 16384 <unfinished ...>
2100  munmap(0x7f904f8a0000, 16384 <unfinished ...>
2096  <... mmap resumed>)               = 0x7f9042dd0000
2100  <... munmap resumed>)             = 0
2097  <... munmap resumed>)             = 0
2096  munmap(0x7f9056b3c000, 16384 <unfinished ...>
2100  mmap(0x7f904f8a0000, 16384, PROT_READ|PROT_WRITE, MAP_PRIVATE|MAP_FIXED|MAP_ANONYMOUS|MAP_NORESERVE, -1, 0 <unfinished ...>
2097  mmap(0x7f9047994000, 16384, PROT_READ|PROT_WRITE, MAP_PRIVATE|MAP_FIXED|MAP_ANONYMOUS|MAP_NORESERVE, -1, 0 <unfinished ...>
2095  <... mmap resumed>)               = 0x7f904de58000
2100  <... mmap resumed>)               = 0x7f904f8a0000
2096  <... munmap resumed>)             = 0
2100  munmap(0x7f90520f4000, 16384 <unfinished ...>
2097  <... mmap resumed>)               = 0x7f9047994000
2095  munmap(0x7f905f080000, 16384 <unfinished ...>
2100  <... munmap resumed>)             = 0
2096  mmap(0x7f9056b3c000, 16384, PROT_READ|PROT_WRITE, MAP_PRIVATE|MAP_FIXED|MAP_ANONYMOUS|MAP_NORESERVE, -1, 0 <unfinished ...>
2097  munmap(0x7f9059e9c000, 16384 <unfinished ...>
2100  mmap(0x7f90520f4000, 16384, PROT_READ|PROT_WRITE, MAP_PRIVATE|MAP_FIXED|MAP_ANONYMOUS|MAP_NORESERVE, -1, 0 <unfinished ...>
2095  <... munmap resumed>)             = 0
2095  mmap(0x7f905f080000, 16384, PROT_READ|PROT_WRITE, MAP_PRIVATE|MAP_FIXED|MAP_ANONYMOUS|MAP_NORESERVE, -1, 0 <unfinished ...>
2097  <... munmap resumed>)             = 0
2095  <... mmap resumed>)               = 0x7f905f080000
2100  <... mmap resumed>)               = 0x7f90520f4000
2097  mmap(0x7f9059e9c000, 16384, PROT_READ|PROT_WRITE, MAP_PRIVATE|MAP_FIXED|MAP_ANONYMOUS|MAP_NORESERVE, -1, 0 <unfinished ...>
2100  munmap(0x7f903f644000, 16384 <unfinished ...>
2096  <... mmap resumed>)               = 0x7f9056b3c000
2095  munmap(0x7f905a690000, 16384 <unfinished ...>
2097  <... mmap resumed>)               = 0x7f9059e9c000
2096  munmap(0x7f9053518000, 16384 <unfinished ...>
2100  <... munmap resumed>)             = 0
2097  munmap(0x7f9061054000, 16384 <unfinished ...>
2100  mmap(0x7f903f644000, 16384, PROT_READ|PROT_WRITE, MAP_PRIVATE|MAP_FIXED|MAP_ANONYMOUS|MAP_NORESERVE, -1, 0 <unfinished ...>
2097  <... munmap resumed>)             = 0
2100  <... mmap resumed>)               = 0x7f903f644000
2096  <... munmap resumed>)             = 0
2095  <... munmap resumed>)             = 0
2100  munmap(0x7f905e744000, 16384 <unfinished ...>
2097  mmap(0x7f9061054000, 16384, PROT_READ|PROT_WRITE, MAP_PRIVATE|MAP_FIXED|MAP_ANONYMOUS|MAP_NORESERVE, -1, 0 <unfinished ...>
2100  <... munmap resumed>)             = 0
2096  mmap(0x7f9053518000, 16384, PROT_READ|PROT_WRITE, MAP_PRIVATE|MAP_FIXED|MAP_ANONYMOUS|MAP_NORESERVE, -1, 0 <unfinished ...>
2095  mmap(0x7f905a690000, 16384, PROT_READ|PROT_WRITE, MAP_PRIVATE|MAP_FIXED|MAP_ANONYMOUS|MAP_NORESERVE, -1, 0 <unfinished ...>
2100  mmap(0x7f905e744000, 16384, PROT_READ|PROT_WRITE, MAP_PRIVATE|MAP_FIXED|MAP_ANONYMOUS|MAP_NORESERVE, -1, 0 <unfinished ...>
2097  <... mmap resumed>)               = 0x7f9061054000
2096  <... mmap resumed>)               = 0x7f9053518000
2100  <... mmap resumed>)               = 0x7f905e744000
2097  munmap(0x7f906418c000, 16384 <unfinished ...>
2095  <... mmap resumed>)               = 0x7f905a690000
2100  munmap(0x7f9060798000, 16384 <unfinished ...>
2096  munmap(0x7f9053d70000, 16384 <unfinished ...>
2095  munmap(0x7f905c1a0000, 16384 <unfinished ...>
2100  <... munmap resumed>)             = 0
2097  <... munmap resumed>)             = 0
2095  <... munmap resumed>)             = 0
2096  <... munmap resumed>)             = 0
2100  mmap(0x7f9060798000, 16384, PROT_READ|PROT_WRITE, MAP_PRIVATE|MAP_FIXED|MAP_ANONYMOUS|MAP_NORESERVE, -1, 0 <unfinished ...>
2097  mmap(0x7f906418c000, 16384, PROT_READ|PROT_WRITE, MAP_PRIVATE|MAP_FIXED|MAP_ANONYMOUS|MAP_NORESERVE, -1, 0 <unfinished ...>
2096  mmap(0x7f9053d70000, 16384, PROT_READ|PROT_WRITE, MAP_PRIVATE|MAP_FIXED|MAP_ANONYMOUS|MAP_NORESERVE, -1, 0 <unfinished ...>
2095  mmap(0x7f905c1a0000, 16384, PROT_READ|PROT_WRITE, MAP_PRIVATE|MAP_FIXED|MAP_ANONYMOUS|MAP_NORESERVE, -1, 0 <unfinished ...>
2100  <... mmap resumed>)               = 0x7f9060798000
2097  <... mmap resumed>)               = 0x7f906418c000
2096  <... mmap resumed>)               = 0x7f9053d70000
2095  <... mmap resumed>)               = 0x7f905c1a0000
2100  munmap(0x7f9052bbc000, 16384 <unfinished ...>
2097  munmap(0x7f905415c000, 16384 <unfinished ...>
2096  munmap(0x7f904bcb4000, 16384 <unfinished ...>
2095  munmap(0x7f903f570000, 16384 <unfinished ...>
2100  <... munmap resumed>)             = 0
2097  <... munmap resumed>)             = 0
2096  <... munmap resumed>)             = 0
2100  mmap(0x7f9052bbc000, 16384, PROT_READ|PROT_WRITE, MAP_PRIVATE|MAP_FIXED|MAP_ANONYMOUS|MAP_NORESERVE, -1, 0 <unfinished ...>
2097  mmap(0x7f905415c000, 16384, PROT_READ|PROT_WRITE, MAP_PRIVATE|MAP_FIXED|MAP_ANONYMOUS|MAP_NORESERVE, -1, 0 <unfinished ...>
2095  <... munmap resumed>)             = 0
2100  <... mmap resumed>)               = 0x7f9052bbc000
2096  mmap(0x7f904bcb4000, 16384, PROT_READ|PROT_WRITE, MAP_PRIVATE|MAP_FIXED|MAP_ANONYMOUS|MAP_NORESERVE, -1, 0) = 0x7f904bcb4000
2095  mmap(0x7f903f570000, 16384, PROT_READ|PROT_WRITE, MAP_PRIVATE|MAP_FIXED|MAP_ANONYMOUS|MAP_NORESERVE, -1, 0 <unfinished ...>
2100  munmap(0x7f9043d64000, 16384 <unfinished ...>
2097  <... mmap resumed>)               = 0x7f905415c000
2096  munmap(0x7f9061448000, 16384 <unfinished ...>
2097  munmap(0x7f9050dac000, 16384 <unfinished ...>
2096  <... munmap resumed>)             = 0
2100  <... munmap resumed>)             = 0
2096  mmap(0x7f9061448000, 16384, PROT_READ|PROT_WRITE, MAP_PRIVATE|MAP_FIXED|MAP_ANONYMOUS|MAP_NORESERVE, -1, 0 <unfinished ...>
2100  mmap(0x7f9043d64000, 16384, PROT_READ|PROT_WRITE, MAP_PRIVATE|MAP_FIXED|MAP_ANONYMOUS|MAP_NORESERVE, -1, 0 <unfinished ...>
2095  <... mmap resumed>)               = 0x7f903f570000
2100  <... mmap resumed>)               = 0x7f9043d64000
2097  <... munmap resumed>)             = 0
2096  <... mmap resumed>)               = 0x7f9061448000
2095  munmap(0x7f9056d94000, 16384 <unfinished ...>
2100  munmap(0x7f90621d4000, 16384 <unfinished ...>
2097  mmap(0x7f9050dac000, 16384, PROT_READ|PROT_WRITE, MAP_PRIVATE|MAP_FIXED|MAP_ANONYMOUS|MAP_NORESERVE, -1, 0 <unfinished ...>
2096  munmap(0x7f90521f4000, 16384 <unfinished ...>
2095  <... munmap resumed>)             = 0
2100  <... munmap resumed>)             = 0
2097  <... mmap resumed>)               = 0x7f9050dac000
2096  <... munmap resumed>)             = 0
2095  mmap(0x7f9056d94000, 16384, PROT_READ|PROT_WRITE, MAP_PRIVATE|MAP_FIXED|MAP_ANONYMOUS|MAP_NORESERVE, -1, 0 <unfinished ...>
2100  mmap(0x7f90621d4000, 16384, PROT_READ|PROT_WRITE, MAP_PRIVATE|MAP_FIXED|MAP_ANONYMOUS|MAP_NORESERVE, -1, 0 <unfinished ...>
2097  munmap(0x7f903c8d0000, 16384 <unfinished ...>
2096  mmap(0x7f90521f4000, 16384, PROT_READ|PROT_WRITE, MAP_PRIVATE|MAP_FIXED|MAP_ANONYMOUS|MAP_NORESERVE, -1, 0 <unfinished ...>
2095  <... mmap resumed>)               = 0x7f9056d94000
2100  <... mmap resumed>)               = 0x7f90621d4000
2097  <... munmap resumed>)             = 0
2096  <... mmap resumed>)               = 0x7f90521f4000
2095  munmap(0x7f9043368000, 16384 <unfinished ...>
2100  munmap(0x7f9039e84000, 16384 <unfinished ...>
2097  mmap(0x7f903c8d0000, 16384, PROT_READ|PROT_WRITE, MAP_PRIVATE|MAP_FIXED|MAP_ANONYMOUS|MAP_NORESERVE, -1, 0 <unfinished ...>
2096  munmap(0x7f904c398000, 16384 <unfinished ...>
2095  <... munmap resumed>)             = 0
2100  <... munmap resumed>)             = 0
2095  mmap(0x7f9043368000, 16384, PROT_READ|PROT_WRITE, MAP_PRIVATE|MAP_FIXED|MAP_ANONYMOUS|MAP_NORESERVE, -1, 0 <unfinished ...>
2100  mmap(0x7f9039e84000, 16384, PROT_READ|PROT_WRITE, MAP_PRIVATE|MAP_FIXED|MAP_ANONYMOUS|MAP_NORESERVE, -1, 0 <unfinished ...>
2097  <... mmap resumed>)               = 0x7f903c8d0000
2096  <... munmap resumed>)             = 0
2100  <... mmap resumed>)               = 0x7f9039e84000
2095  <... mmap resumed>)               = 0x7f9043368000
2097  munmap(0x7f9062690000, 16384 <unfinished ...>
2096  mmap(0x7f904c398000, 16384, PROT_READ|PROT_WRITE, MAP_PRIVATE|MAP_FIXED|MAP_ANONYMOUS|MAP_NORESERVE, -1, 0 <unfinished ...>
2100  munmap(0x7f9060738000, 16384 <unfinished ...>
2096  <... mmap resumed>)               = 0x7f904c398000
2095  munmap(0x7f9062f1c000, 16384 <unfinished ...>
2100  <... munmap resumed>)             = 0
2096  munmap(0x7f904d3e0000, 16384 <unfinished ...>
2095  <... munmap resumed>)             = 0
2100  mmap(0x7f9060738000, 16384, PROT_READ|PROT_WRITE, MAP_PRIVATE|MAP_FIXED|MAP_ANONYMOUS|MAP_NORESERVE, -1, 0) = 0x7f9060738000
2097  <... munmap resumed>)             = 0
2095  mmap(0x7f9062f1c000, 16384, PROT_READ|PROT_WRITE, MAP_PRIVATE|MAP_FIXED|MAP_ANONYMOUS|MAP_NORESERVE, -1, 0 <unfinished ...>
2097  mmap(0x7f9062690000, 16384, PROT_READ|PROT_WRITE, MAP_PRIVATE|MAP_FIXED|MAP_ANONYMOUS|MAP_NORESERVE, -1, 0 <unfinished ...>
2096  <... munmap resumed>)             = 0
2100  munmap(0x7f90662a8000, 16384 <unfinished ...>
2095  <... mmap resumed>)               = 0x7f9062f1c000
2100  <... munmap resumed>)             = 0
2097  <... mmap resumed>)               = 0x7f9062690000
2096  mmap(0x7f904d3e0000, 16384, PROT_READ|PROT_WRITE, MAP_PRIVATE|MAP_FIXED|MAP_ANONYMOUS|MAP_NORESERVE, -1, 0 <unfinished ...>
2100  mmap(0x7f90662a8000, 16384, PROT_READ|PROT_WRITE, MAP_PRIVATE|MAP_FIXED|MAP_ANONYMOUS|MAP_NORESERVE, -1, 0 <unfinished ...>
2097  munmap(0x7f9049e88000, 16384 <unfinished ...>
2096  <... mmap resumed>)               = 0x7f904d3e0000
2095  munmap(0x7f905f968000, 16384 <unfinished ...>
2100  <... mmap resumed>)               = 0x7f90662a8000
2100  munmap(0x7f905abd8000, 16384 <unfinished ...>
2097  <... munmap resumed>)             = 0
2096  munmap(0x7f905fd1c000, 16384 <unfinished ...>
2100  <... munmap resumed>)             = 0
2095  <... munmap resumed>)             = 0
2097  mmap(0x7f9049e88000, 16384, PROT_READ|PROT_WRITE, MAP_PRIVATE|MAP_FIXED|MAP_ANONYMOUS|MAP_NORESERVE, -1, 0 <unfinished ...>
2096  <... munmap resumed>)             = 0
2100  mmap(0x7f905abd8000, 16384, PROT_READ|PROT_WRITE, MAP_PRIVATE|MAP_FIXED|MAP_ANONYMOUS|MAP_NORESERVE, -1, 0 <unfinished ...>
2097  <... mmap resumed>)               = 0x7f9049e88000
2096  mmap(0x7f905fd1c000, 16384, PROT_READ|PROT_WRITE, MAP_PRIVATE|MAP_FIXED|MAP_ANONYMOUS|MAP_NORESERVE, -1, 0 <unfinished ...>
2095  mmap(0x7f905f968000, 16384, PROT_READ|PROT_WRITE, MAP_PRIVATE|MAP_FIXED|MAP_ANONYMOUS|MAP_NORESERVE, -1, 0 <unfinished ...>
2097  munmap(0x7f90516a0000, 16384 <unfinished ...>
2096  <... mmap resumed>)               = 0x7f905fd1c000
2100  <... mmap resumed>)               = 0x7f905abd8000
2100  munmap(0x7f903b33c000, 16384 <unfinished ...>
2097  <... munmap resumed>)             = 0
2096  munmap(0x7f90655f4000, 16384 <unfinished ...>
2100  <... munmap resumed>)             = 0
2097  mmap(0x7f90516a0000, 16384, PROT_READ|PROT_WRITE, MAP_PRIVATE|MAP_FIXED|MAP_ANONYMOUS|MAP_NORESERVE, -1, 0 <unfinished ...>
2095  <... mmap resumed>)               = 0x7f905f968000
2100  mmap(0x7f903b33c000, 16384, PROT_READ|PROT_WRITE, MAP_PRIVATE|MAP_FIXED|MAP_ANONYMOUS|MAP_NORESERVE, -1, 0 <unfinished ...>
2097  <... mmap resumed>)               = 0x7f90516a0000
2100  <... mmap resumed>)               = 0x7f903b33c000
2097  munmap(0x7f9047cb0000, 16384 <unfinished ...>
2100  munmap(0x7f903d4e8000, 16384 <unfinished ...>
2096  <... munmap resumed>)             = 0
2095  munmap(0x7f9046c58000, 16384 <unfinished ...>
2100  <... munmap resumed>)             = 0
2097  <... munmap resumed>)             = 0
2096  mmap(0x7f90655f4000, 16384, PROT_READ|PROT_WRITE, MAP_PRIVATE|MAP_FIXED|MAP_ANONYMOUS|MAP_NORESERVE, -1, 0 <unfinished ...>
2100  mmap(0x7f903d4e8000, 16384, PROT_READ|PROT_WRITE, MAP_PRIVATE|MAP_FIXED|MAP_ANONYMOUS|MAP_NORESERVE, -1, 0 <unfinished ...>
2097  mmap(0x7f9047cb0000, 16384, PROT_READ|PROT_WRITE, MAP_PRIVATE|MAP_FIXED|MAP_ANONYMOUS|MAP_NORESERVE, -1, 0 <unfinished ...>
2096  <... mmap resumed>)               = 0x7f90655f4000
2095  <... munmap resumed>)             = 0
2100  <... mmap resumed>)               = 0x7f903d4e8000
2097  <... mmap resumed>)               = 0x7f9047cb0000
2095  mmap(0x7f9046c58000, 16384, PROT_READ|PROT_WRITE, MAP_PRIVATE|MAP_FIXED|MAP_ANONYMOUS|MAP_NORESERVE, -1, 0 <unfinished ...>
2100  munmap(0x7f9044be0000, 16384 <unfinished ...>
2096  munmap(0x7f90483c8000, 16384 <unfinished ...>
2097  munmap(0x7f9050810000, 16384 <unfinished ...>
2095  <... mmap resumed>)               = 0x7f9046c58000
2100  <... munmap resumed>)             = 0
2096  <... munmap resumed>)             = 0
2100  mmap(0x7f9044be0000, 16384, PROT_READ|PROT_WRITE, MAP_PRIVATE|MAP_FIXED|MAP_ANONYMOUS|MAP_NORESERVE, -1, 0 <unfinished ...>
2096  mmap(0x7f90483c8000, 16384, PROT_READ|PROT_WRITE, MAP_PRIVATE|MAP_FIXED|MAP_ANONYMOUS|MAP_NORESERVE, -1, 0 <unfinished ...>
2095  munmap(0x7f90422d8000, 16384 <unfinished ...>
2100  <... mmap resumed>)               = 0x7f9044be0000
2097  <... munmap resumed>)             = 0
2096  <... mmap resumed>)               = 0x7f90483c8000
2095  <... munmap resumed>)             = 0
2097  mmap(0x7f9050810000, 16384, PROT_READ|PROT_WRITE, MAP_PRIVATE|MAP_FIXED|MAP_ANONYMOUS|MAP_NORESERVE, -1, 0 <unfinished ...>
2100  munmap(0x7f9057a80000, 16384 <unfinished ...>
2096  munmap(0x7f904d754000, 16384 <unfinished ...>
2095  mmap(0x7f90422d8000, 16384, PROT_READ|PROT_WRITE, MAP_PRIVATE|MAP_FIXED|MAP_ANONYMOUS|MAP_NORESERVE, -1, 0 <unfinished ...>
2100  <... munmap resumed>)             = 0
2100  mmap(0x7f9057a80000, 16384, PROT_READ|PROT_WRITE, MAP_PRIVATE|MAP_FIXED|MAP_ANONYMOUS|MAP_NORESERVE, -1, 0 <unfinished ...>
2096  <... munmap resumed>)             = 0
2095  <... mmap resumed>)               = 0x7f90422d8000
2097  <... mmap resumed>)               = 0x7f9050810000
2096  mmap(0x7f904d754000, 16384, PROT_READ|PROT_WRITE, MAP_PRIVATE|MAP_FIXED|MAP_ANONYMOUS|MAP_NORESERVE, -1, 0 <unfinished ...>
2100  <... mmap resumed>)               = 0x7f9057a80000
2097  munmap(0x7f903b540000, 16384 <unfinished ...>
2095  munmap(0x7f904e28c000, 16384 <unfinished ...>
2096  <... mmap resumed>)               = 0x7f904d754000
2096  munmap(0x7f904c590000, 16384 <unfinished ...>
2100  munmap(0x7f9048cf0000, 16384 <unfinished ...>
2096  <... munmap resumed>)             = 0
2100  <... munmap resumed>)             = 0
2097  <... munmap resumed>)             = 0
2096  mmap(0x7f904c590000, 16384, PROT_READ|PROT_WRITE, MAP_PRIVATE|MAP_FIXED|MAP_ANONYMOUS|MAP_NORESERVE, -1, 0 <unfinished ...>
2100  mmap(0x7f9048cf0000, 16384, PROT_READ|PROT_WRITE, MAP_PRIVATE|MAP_FIXED|MAP_ANONYMOUS|MAP_NORESERVE, -1, 0 <unfinished ...>
2097  mmap(0x7f903b540000, 16384, PROT_READ|PROT_WRITE, MAP_PRIVATE|MAP_FIXED|MAP_ANONYMOUS|MAP_NORESERVE, -1, 0 <unfinished ...>
2096  <... mmap resumed>)               = 0x7f904c590000
2095  <... munmap resumed>)             = 0
2100  <... mmap resumed>)               = 0x7f9048cf0000
2097  <... mmap resumed>)               = 0x7f903b540000
2095  mmap(0x7f904e28c000, 16384, PROT_READ|PROT_WRITE, MAP_PRIVATE|MAP_FIXED|MAP_ANONYMOUS|MAP_NORESERVE, -1, 0 <unfinished ...>
2096  munmap(0x7f9048700000, 16384 <unfinished ...>
2100  munmap(0x7f90443e4000, 16384 <unfinished ...>
2097  munmap(0x7f905c204000, 16384 <unfinished ...>
2095  <... mmap resumed>)               = 0x7f904e28c000
2100  <... munmap resumed>)             = 0
2100  mmap(0x7f90443e4000, 16384, PROT_READ|PROT_WRITE, MAP_PRIVATE|MAP_FIXED|MAP_ANONYMOUS|MAP_NORESERVE, -1, 0 <unfinished ...>
2096  <... munmap resumed>)             = 0
2100  <... mmap resumed>)               = 0x7f90443e4000
2097  <... munmap resumed>)             = 0
2095  munmap(0x7f9065bcc000, 16384 <unfinished ...>
2097  mmap(0x7f905c204000, 16384, PROT_READ|PROT_WRITE, MAP_PRIVATE|MAP_FIXED|MAP_ANONYMOUS|MAP_NORESERVE, -1, 0 <unfinished ...>
2096  mmap(0x7f9048700000, 16384, PROT_READ|PROT_WRITE, MAP_PRIVATE|MAP_FIXED|MAP_ANONYMOUS|MAP_NORESERVE, -1, 0 <unfinished ...>
2095  <... munmap resumed>)             = 0
2100  munmap(0x7f904c628000, 16384 <unfinished ...>
2096  <... mmap resumed>)               = 0x7f9048700000
2095  mmap(0x7f9065bcc000, 16384, PROT_READ|PROT_WRITE, MAP_PRIVATE|MAP_FIXED|MAP_ANONYMOUS|MAP_NORESERVE, -1, 0 <unfinished ...>
2100  <... munmap resumed>)             = 0
2097  <... mmap resumed>)               = 0x7f905c204000
2096  munmap(0x7f905c6e8000, 16384 <unfinished ...>
2100  mmap(0x7f904c628000, 16384, PROT_READ|PROT_WRITE, MAP_PRIVATE|MAP_FIXED|MAP_ANONYMOUS|MAP_NORESERVE, -1, 0 <unfinished ...>
2095  <... mmap resumed>)               = 0x7f9065bcc000
2100  <... mmap resumed>)               = 0x7f904c628000
2097  munmap(0x7f904bcbc000, 16384 <unfinished ...>
2096  <... munmap resumed>)             = 0
2095  munmap(0x7f903f100000, 16384 <unfinished ...>
2100  munmap(0x7f90515ac000, 16384 <unfinished ...>
2097  <... munmap resumed>)             = 0
2100  <... munmap resumed>)             = 0
2097  mmap(0x7f904bcbc000, 16384, PROT_READ|PROT_WRITE, MAP_PRIVATE|MAP_FIXED|MAP_ANONYMOUS|MAP_NORESERVE, -1, 0 <unfinished ...>
2096  mmap(0x7f905c6e8000, 16384, PROT_READ|PROT_WRITE, MAP_PRIVATE|MAP_FIXED|MAP_ANONYMOUS|MAP_NORESERVE, -1, 0 <unfinished ...>
2100  mmap(0x7f90515ac000, 16384, PROT_READ|PROT_WRITE, MAP_PRIVATE|MAP_FIXED|MAP_ANONYMOUS|MAP_NORESERVE, -1, 0 <unfinished ...>
2097  <... mmap resumed>)               = 0x7f904bcbc000
2095  <... munmap resumed>)             = 0
2100  <... mmap resumed>)               = 0x7f90515ac000
2096  <... mmap resumed>)               = 0x7f905c6e8000
2097  munmap(0x7f905b818000, 16384 <unfinished ...>
2095  mmap(0x7f903f100000, 16384, PROT_READ|PROT_WRITE, MAP_PRIVATE|MAP_FIXED|MAP_ANONYMOUS|MAP_NORESERVE, -1, 0 <unfinished ...>
2100  munmap(0x7f9044c0c000, 16384 <unfinished ...>
2096  munmap(0x7f903ec30000, 16384 <unfinished ...>
2097  <... munmap resumed>)             = 0
2100  <... munmap resumed>)             = 0
2097  mmap(0x7f905b818000, 16384, PROT_READ|PROT_WRITE, MAP_PRIVATE|MAP_FIXED|MAP_ANONYMOUS|MAP_NORESERVE, -1, 0 <unfinished ...>
2100  mmap(0x7f9044c0c000, 16384, PROT_READ|PROT_WRITE, MAP_PRIVATE|MAP_FIXED|MAP_ANONYMOUS|MAP_NORESERVE, -1, 0) = 0x7f9044c0c000
2096  <... munmap resumed>)             = 0
2100  munmap(0x7f905ef18000, 16384 <unfinished ...>
2095  <... mmap resumed>)               = 0x7f903f100000
2097  <... mmap resumed>)               = 0x7f905b818000
2096  mmap(0x7f903ec30000, 16384, PROT_READ|PROT_WRITE, MAP_PRIVATE|MAP_FIXED|MAP_ANONYMOUS|MAP_NORESERVE, -1, 0 <unfinished ...>
2100  <... munmap resumed>)             = 0
2097  munmap(0x7f9048a64000, 16384 <unfinished ...>
2095  munmap(0x7f904784c000, 16384 <unfinished ...>
2100  mmap(0x7f905ef18000, 16384, PROT_READ|PROT_WRITE, MAP_PRIVATE|MAP_FIXED|MAP_ANONYMOUS|MAP_NORESERVE, -1, 0 <unfinished ...>
2097  <... munmap resumed>)             = 0
2096  <... mmap resumed>)               = 0x7f903ec30000
2100  <... mmap resumed>)               = 0x7f905ef18000
2095  <... munmap resumed>)             = 0
2100  munmap(0x7f9043d1c000, 16384 <unfinished ...>
2097  mmap(0x7f9048a64000, 16384, PROT_READ|PROT_WRITE, MAP_PRIVATE|MAP_FIXED|MAP_ANONYMOUS|MAP_NORESERVE, -1, 0 <unfinished ...>
2096  munmap(0x7f9057f18000, 16384 <unfinished ...>
2095  mmap(0x7f904784c000, 16384, PROT_READ|PROT_WRITE, MAP_PRIVATE|MAP_FIXED|MAP_ANONYMOUS|MAP_NORESERVE, -1, 0 <unfinished ...>
2100  <... munmap resumed>)             = 0
2097  <... mmap resumed>)               = 0x7f9048a64000
2100  mmap(0x7f9043d1c000, 16384, PROT_READ|PROT_WRITE, MAP_PRIVATE|MAP_FIXED|MAP_ANONYMOUS|MAP_NORESERVE, -1, 0 <unfinished ...>
2096  <... munmap resumed>)             = 0
2097  munmap(0x7f9046dc0000, 16384 <unfinished ...>
2095  <... mmap resumed>)               = 0x7f904784c000
2100  <... mmap resumed>)               = 0x7f9043d1c000
2096  mmap(0x7f9057f18000, 16384, PROT_READ|PROT_WRITE, MAP_PRIVATE|MAP_FIXED|MAP_ANONYMOUS|MAP_NORESERVE, -1, 0 <unfinished ...>
2100  munmap(0x7f904b978000, 16384 <unfinished ...>
2097  <... munmap resumed>)             = 0
2095  munmap(0x7f903af24000, 16384 <unfinished ...>
2100  <... munmap resumed>)             = 0
2096  <... mmap resumed>)               = 0x7f9057f18000
2097  mmap(0x7f9046dc0000, 16384, PROT_READ|PROT_WRITE, MAP_PRIVATE|MAP_FIXED|MAP_ANONYMOUS|MAP_NORESERVE, -1, 0 <unfinished ...>
2100  mmap(0x7f904b978000, 16384, PROT_READ|PROT_WRITE, MAP_PRIVATE|MAP_FIXED|MAP_ANONYMOUS|MAP_NORESERVE, -1, 0 <unfinished ...>
2097  <... mmap resumed>)               = 0x7f9046dc0000
2096  munmap(0x7f9041658000, 16384 <unfinished ...>
2095  <... munmap resumed>)             = 0
2100  <... mmap resumed>)               = 0x7f904b978000
2097  munmap(0x7f9048ed8000, 16384 <unfinished ...>
2096  <... munmap resumed>)             = 0
2095  mmap(0x7f903af24000, 16384, PROT_READ|PROT_WRITE, MAP_PRIVATE|MAP_FIXED|MAP_ANONYMOUS|MAP_NORESERVE, -1, 0 <unfinished ...>
2100  munmap(0x7f9042204000, 16384 <unfinished ...>
2097  <... munmap resumed>)             = 0
2096  mmap(0x7f9041658000, 16384, PROT_READ|PROT_WRITE, MAP_PRIVATE|MAP_FIXED|MAP_ANONYMOUS|MAP_NORESERVE, -1, 0 <unfinished ...>
2095  <... mmap resumed>)               = 0x7f903af24000
2100  <... munmap resumed>)             = 0
2097  mmap(0x7f9048ed8000, 16384, PROT_READ|PROT_WRITE, MAP_PRIVATE|MAP_FIXED|MAP_ANONYMOUS|MAP_NORESERVE, -1, 0 <unfinished ...>
2096  <... mmap resumed>)               = 0x7f9041658000
2100  mmap(0x7f9042204000, 16384, PROT_READ|PROT_WRITE, MAP_PRIVATE|MAP_FIXED|MAP_ANONYMOUS|MAP_NORESERVE, -1, 0 <unfinished ...>
2095  munmap(0x7f9046294000, 16384 <unfinished ...>
2100  <... mmap resumed>)               = 0x7f9042204000
2097  <... mmap resumed>)               = 0x7f9048ed8000
2096  munmap(0x7f9040524000, 16384 <unfinished ...>
2100  munmap(0x7f9065b3c000, 16384 <unfinished ...>
2095  <... munmap resumed>)             = 0
2100  <... munmap resumed>)             = 0
2097  munmap(0x7f9060ac8000, 16384 <unfinished ...>
2095  mmap(0x7f9046294000, 16384, PROT_READ|PROT_WRITE, MAP_PRIVATE|MAP_FIXED|MAP_ANONYMOUS|MAP_NORESERVE, -1, 0 <unfinished ...>
2100  mmap(0x7f9065b3c000, 16384, PROT_READ|PROT_WRITE, MAP_PRIVATE|MAP_FIXED|MAP_ANONYMOUS|MAP_NORESERVE, -1, 0 <unfinished ...>
2097  <... munmap resumed>)             = 0
2096  <... munmap resumed>)             = 0
2100  <... mmap resumed>)               = 0x7f9065b3c000
2095  <... mmap resumed>)               = 0x7f9046294000
2097  mmap(0x7f9060ac8000, 16384, PROT_READ|PROT_WRITE, MAP_PRIVATE|MAP_FIXED|MAP_ANONYMOUS|MAP_NORESERVE, -1, 0 <unfinished ...>
2100  munmap(0x7f9055e2c000, 16384 <unfinished ...>
2096  mmap(0x7f9040524000, 16384, PROT_READ|PROT_WRITE, MAP_PRIVATE|MAP_FIXED|MAP_ANONYMOUS|MAP_NORESERVE, -1, 0 <unfinished ...>
2095  munmap(0x7f90549f0000, 16384 <unfinished ...>
2097  <... mmap resumed>)               = 0x7f9060ac8000
2096  <... mmap resumed>)               = 0x7f9040524000
2097  munmap(0x7f9044434000, 16384 <unfinished ...>
2096  munmap(0x7f9057cac000, 16384 <unfinished ...>
2095  <... munmap resumed>)             = 0
2100  <... munmap resumed>)             = 0
2100  mmap(0x7f9055e2c000, 16384, PROT_READ|PROT_WRITE, MAP_PRIVATE|MAP_FIXED|MAP_ANONYMOUS|MAP_NORESERVE, -1, 0 <unfinished ...>
2097  <... munmap resumed>)             = 0
2095  mmap(0x7f90549f0000, 16384, PROT_READ|PROT_WRITE, MAP_PRIVATE|MAP_FIXED|MAP_ANONYMOUS|MAP_NORESERVE, -1, 0 <unfinished ...>
2096  <... munmap resumed>)             = 0
2100  <... mmap resumed>)               = 0x7f9055e2c000
2097  mmap(0x7f9044434000, 16384, PROT_READ|PROT_WRITE, MAP_PRIVATE|MAP_FIXED|MAP_ANONYMOUS|MAP_NORESERVE, -1, 0 <unfinished ...>
2095  <... mmap resumed>)               = 0x7f90549f0000
2100  munmap(0x7f9054204000, 16384 <unfinished ...>
2097  <... mmap resumed>)               = 0x7f9044434000
2097  munmap(0x7f9043088000, 16384 <unfinished ...>
2095  munmap(0x7f903fcd4000, 16384 <unfinished ...>
2100  <... munmap resumed>)             = 0
2097  <... munmap resumed>)             = 0
2100  mmap(0x7f9054204000, 16384, PROT_READ|PROT_WRITE, MAP_PRIVATE|MAP_FIXED|MAP_ANONYMOUS|MAP_NORESERVE, -1, 0 <unfinished ...>
2097  mmap(0x7f9043088000, 16384, PROT_READ|PROT_WRITE, MAP_PRIVATE|MAP_FIXED|MAP_ANONYMOUS|MAP_NORESERVE, -1, 0 <unfinished ...>
2100  <... mmap resumed>)               = 0x7f9054204000
2097  <... mmap resumed>)               = 0x7f9043088000
2096  mmap(0x7f9057cac000, 16384, PROT_READ|PROT_WRITE, MAP_PRIVATE|MAP_FIXED|MAP_ANONYMOUS|MAP_NORESERVE, -1, 0 <unfinished ...>
2095  <... munmap resumed>)             = 0
2100  munmap(0x7f90451f0000, 16384 <unfinished ...>
2095  mmap(0x7f903fcd4000, 16384, PROT_READ|PROT_WRITE, MAP_PRIVATE|MAP_FIXED|MAP_ANONYMOUS|MAP_NORESERVE, -1, 0 <unfinished ...>
2097  munmap(0x7f9052d18000, 16384 <unfinished ...>
2096  <... mmap resumed>)               = 0x7f9057cac000
2100  <... munmap resumed>)             = 0
2096  munmap(0x7f905bbdc000, 16384 <unfinished ...>
2100  mmap(0x7f90451f0000, 16384, PROT_READ|PROT_WRITE, MAP_PRIVATE|MAP_FIXED|MAP_ANONYMOUS|MAP_NORESERVE, -1, 0 <unfinished ...>
2095  <... mmap resumed>)               = 0x7f903fcd4000
2097  <... munmap resumed>)             = 0
2100  <... mmap resumed>)               = 0x7f90451f0000
2096  <... munmap resumed>)             = 0
2095  munmap(0x7f903fde8000, 16384 <unfinished ...>
2100  munmap(0x7f90593c8000, 16384 <unfinished ...>
2097  mmap(0x7f9052d18000, 16384, PROT_READ|PROT_WRITE, MAP_PRIVATE|MAP_FIXED|MAP_ANONYMOUS|MAP_NORESERVE, -1, 0 <unfinished ...>
2096  mmap(0x7f905bbdc000, 16384, PROT_READ|PROT_WRITE, MAP_PRIVATE|MAP_FIXED|MAP_ANONYMOUS|MAP_NORESERVE, -1, 0 <unfinished ...>
2095  <... munmap resumed>)             = 0
2100  <... munmap resumed>)             = 0
2096  <... mmap resumed>)               = 0x7f905bbdc000
2097  <... mmap resumed>)               = 0x7f9052d18000
2100  mmap(0x7f90593c8000, 16384, PROT_READ|PROT_WRITE, MAP_PRIVATE|MAP_FIXED|MAP_ANONYMOUS|MAP_NORESERVE, -1, 0 <unfinished ...>
2095  mmap(0x7f903fde8000, 16384, PROT_READ|PROT_WRITE, MAP_PRIVATE|MAP_FIXED|MAP_ANONYMOUS|MAP_NORESERVE, -1, 0 <unfinished ...>
2097  munmap(0x7f904b76c000, 16384 <unfinished ...>
2096  munmap(0x7f905f5dc000, 16384 <unfinished ...>
2100  <... mmap resumed>)               = 0x7f90593c8000
2100  munmap(0x7f903c288000, 16384 <unfinished ...>
2096  <... munmap resumed>)             = 0
2095  <... mmap resumed>)               = 0x7f903fde8000
2097  <... munmap resumed>)             = 0
2096  mmap(0x7f905f5dc000, 16384, PROT_READ|PROT_WRITE, MAP_PRIVATE|MAP_FIXED|MAP_ANONYMOUS|MAP_NORESERVE, -1, 0 <unfinished ...>
2100  <... munmap resumed>)             = 0
2097  mmap(0x7f904b76c000, 16384, PROT_READ|PROT_WRITE, MAP_PRIVATE|MAP_FIXED|MAP_ANONYMOUS|MAP_NORESERVE, -1, 0 <unfinished ...>
2095  munmap(0x7f9050d24000, 16384 <unfinished ...>
2100  mmap(0x7f903c288000, 16384, PROT_READ|PROT_WRITE, MAP_PRIVATE|MAP_FIXED|MAP_ANONYMOUS|MAP_NORESERVE, -1, 0 <unfinished ...>
2097  <... mmap resumed>)               = 0x7f904b76c000
2096  <... mmap resumed>)               = 0x7f905f5dc000
2097  munmap(0x7f90485a4000, 16384 <unfinished ...>
2095  <... munmap resumed>)             = 0
2100  <... mmap resumed>)               = 0x7f903c288000
2095  mmap(0x7f9050d24000, 16384, PROT_READ|PROT_WRITE, MAP_PRIVATE|MAP_FIXED|MAP_ANONYMOUS|MAP_NORESERVE, -1, 0 <unfinished ...>
2097  <... munmap resumed>)             = 0
2096  munmap(0x7f90498c8000, 16384 <unfinished ...>
2100  munmap(0x7f9051030000, 16384 <unfinished ...>
2097  mmap(0x7f90485a4000, 16384, PROT_READ|PROT_WRITE, MAP_PRIVATE|MAP_FIXED|MAP_ANONYMOUS|MAP_NORESERVE, -1, 0 <unfinished ...>
2096  <... munmap resumed>)             = 0
2095  <... mmap resumed>)               = 0x7f9050d24000
2096  mmap(0x7f90498c8000, 16384, PROT_READ|PROT_WRITE, MAP_PRIVATE|MAP_FIXED|MAP_ANONYMOUS|MAP_NORESERVE, -1, 0 <unfinished ...>
2100  <... munmap resumed>)             = 0
2097  <... mmap resumed>)               = 0x7f90485a4000
2100  mmap(0x7f9051030000, 16384, PROT_READ|PROT_WRITE, MAP_PRIVATE|MAP_FIXED|MAP_ANONYMOUS|MAP_NORESERVE, -1, 0 <unfinished ...>
2096  <... mmap resumed>)               = 0x7f90498c8000
2095  munmap(0x7f905ac00000, 16384 <unfinished ...>
2097  munmap(0x7f9053f38000, 16384 <unfinished ...>
2100  <... mmap resumed>)               = 0x7f9051030000
2096  munmap(0x7f905e430000, 16384 <unfinished ...>
2100  munmap(0x7f905eb4c000, 16384 <unfinished ...>
2095  <... munmap resumed>)             = 0
2097  <... munmap resumed>)             = 0
2100  <... munmap resumed>)             = 0
2097  mmap(0x7f9053f38000, 16384, PROT_READ|PROT_WRITE, MAP_PRIVATE|MAP_FIXED|MAP_ANONYMOUS|MAP_NORESERVE, -1, 0 <unfinished ...>
2095  mmap(0x7f905ac00000, 16384, PROT_READ|PROT_WRITE, MAP_PRIVATE|MAP_FIXED|MAP_ANONYMOUS|MAP_NORESERVE, -1, 0 <unfinished ...>
2096  <... munmap resumed>)             = 0
2100  mmap(0x7f905eb4c000, 16384, PROT_READ|PROT_WRITE, MAP_PRIVATE|MAP_FIXED|MAP_ANONYMOUS|MAP_NORESERVE, -1, 0 <unfinished ...>
2097  <... mmap resumed>)               = 0x7f9053f38000
2096  mmap(0x7f905e430000, 16384, PROT_READ|PROT_WRITE, MAP_PRIVATE|MAP_FIXED|MAP_ANONYMOUS|MAP_NORESERVE, -1, 0 <unfinished ...>
2095  <... mmap resumed>)               = 0x7f905ac00000
2100  <... mmap resumed>)               = 0x7f905eb4c000
2100  munmap(0x7f9046b88000, 16384 <unfinished ...>
2097  munmap(0x7f905f1f0000, 16384 <unfinished ...>
2095  munmap(0x7f9042128000, 16384 <unfinished ...>
2100  <... munmap resumed>)             = 0
2100  mmap(0x7f9046b88000, 16384, PROT_READ|PROT_WRITE, MAP_PRIVATE|MAP_FIXED|MAP_ANONYMOUS|MAP_NORESERVE, -1, 0 <unfinished ...>
2097  <... munmap resumed>)             = 0
2096  <... mmap resumed>)               = 0x7f905e430000
2097  mmap(0x7f905f1f0000, 16384, PROT_READ|PROT_WRITE, MAP_PRIVATE|MAP_FIXED|MAP_ANONYMOUS|MAP_NORESERVE, -1, 0 <unfinished ...>
2095  <... munmap resumed>)             = 0
2100  <... mmap resumed>)               = 0x7f9046b88000
2096  munmap(0x7f9050388000, 16384 <unfinished ...>
2095  mmap(0x7f9042128000, 16384, PROT_READ|PROT_WRITE, MAP_PRIVATE|MAP_FIXED|MAP_ANONYMOUS|MAP_NORESERVE, -1, 0 <unfinished ...>
2097  <... mmap resumed>)               = 0x7f905f1f0000
2100  munmap(0x7f903cf30000, 16384 <unfinished ...>
2096  <... munmap resumed>)             = 0
2097  munmap(0x7f9041f80000, 16384 <unfinished ...>
2096  mmap(0x7f9050388000, 16384, PROT_READ|PROT_WRITE, MAP_PRIVATE|MAP_FIXED|MAP_ANONYMOUS|MAP_NORESERVE, -1, 0 <unfinished ...>
2100  <... munmap resumed>)             = 0
2100  mmap(0x7f903cf30000, 16384, PROT_READ|PROT_WRITE, MAP_PRIVATE|MAP_FIXED|MAP_ANONYMOUS|MAP_NORESERVE, -1, 0 <unfinished ...>
2097  <... munmap resumed>)             = 0
2100  <... mmap resumed>)               = 0x7f903cf30000
2100  munmap(0x7f90597d8000, 16384 <unfinished ...>
2097  mmap(0x7f9041f80000, 16384, PROT_READ|PROT_WRITE, MAP_PRIVATE|MAP_FIXED|MAP_ANONYMOUS|MAP_NORESERVE, -1, 0 <unfinished ...>
2096  <... mmap resumed>)               = 0x7f9050388000
2095  <... mmap resumed>)               = 0x7f9042128000
2100  <... munmap resumed>)             = 0
2097  <... mmap resumed>)               = 0x7f9041f80000
2096  munmap(0x7f903fba0000, 16384 <unfinished ...>
2095  munmap(0x7f90410e0000, 16384 <unfinished ...>
2100  mmap(0x7f90597d8000, 16384, PROT_READ|PROT_WRITE, MAP_PRIVATE|MAP_FIXED|MAP_ANONYMOUS|MAP_NORESERVE, -1, 0 <unfinished ...>
2097  munmap(0x7f9054050000, 16384)     = 0
2095  <... munmap resumed>)             = 0
2100  <... mmap resumed>)               = 0x7f90597d8000
2097  mmap(0x7f9054050000, 16384, PROT_READ|PROT_WRITE, MAP_PRIVATE|MAP_FIXED|MAP_ANONYMOUS|MAP_NORESERVE, -1, 0 <unfinished ...>
2096  <... munmap resumed>)             = 0
2095  mmap(0x7f90410e0000, 16384, PROT_READ|PROT_WRITE, MAP_PRIVATE|MAP_FIXED|MAP_ANONYMOUS|MAP_NORESERVE, -1, 0 <unfinished ...>
2100  munmap(0x7f903bd88000, 16384 <unfinished ...>
2097  <... mmap resumed>)               = 0x7f9054050000
2096  mmap(0x7f903fba0000, 16384, PROT_READ|PROT_WRITE, MAP_PRIVATE|MAP_FIXED|MAP_ANONYMOUS|MAP_NORESERVE, -1, 0 <unfinished ...>
2100  <... munmap resumed>)             = 0
2095  <... mmap resumed>)               = 0x7f90410e0000
2097  munmap(0x7f9049c9c000, 16384 <unfinished ...>
2096  <... mmap resumed>)               = 0x7f903fba0000
2100  mmap(0x7f903bd88000, 16384, PROT_READ|PROT_WRITE, MAP_PRIVATE|MAP_FIXED|MAP_ANONYMOUS|MAP_NORESERVE, -1, 0 <unfinished ...>
2097  <... munmap resumed>)             = 0
2100  <... mmap resumed>)               = 0x7f903bd88000
2097  mmap(0x7f9049c9c000, 16384, PROT_READ|PROT_WRITE, MAP_PRIVATE|MAP_FIXED|MAP_ANONYMOUS|MAP_NORESERVE, -1, 0 <unfinished ...>
2096  munmap(0x7f9044948000, 16384 <unfinished ...>
2095  munmap(0x7f905f5c4000, 16384 <unfinished ...>
2097  <... mmap resumed>)               = 0x7f9049c9c000
2096  <... munmap resumed>)             = 0
2095  <... munmap resumed>)             = 0
2100  munmap(0x7f9039fac000, 16384 <unfinished ...>
2097  munmap(0x7f905ef88000, 16384 <unfinished ...>
2096  mmap(0x7f9044948000, 16384, PROT_READ|PROT_WRITE, MAP_PRIVATE|MAP_FIXED|MAP_ANONYMOUS|MAP_NORESERVE, -1, 0 <unfinished ...>
2095  mmap(0x7f905f5c4000, 16384, PROT_READ|PROT_WRITE, MAP_PRIVATE|MAP_FIXED|MAP_ANONYMOUS|MAP_NORESERVE, -1, 0 <unfinished ...>
2100  <... munmap resumed>)             = 0
2100  mmap(0x7f9039fac000, 16384, PROT_READ|PROT_WRITE, MAP_PRIVATE|MAP_FIXED|MAP_ANONYMOUS|MAP_NORESERVE, -1, 0 <unfinished ...>
2096  <... mmap resumed>)               = 0x7f9044948000
2100  <... mmap resumed>)               = 0x7f9039fac000
2100  munmap(0x7f905739c000, 16384)     = 0
2100  mmap(0x7f905739c000, 16384, PROT_READ|PROT_WRITE, MAP_PRIVATE|MAP_FIXED|MAP_ANONYMOUS|MAP_NORESERVE, -1, 0 <unfinished ...>
2097  <... munmap resumed>)             = 0
2096  munmap(0x7f9052ed4000, 16384 <unfinished ...>
2100  <... mmap resumed>)               = 0x7f905739c000
2097  mmap(0x7f905ef88000, 16384, PROT_READ|PROT_WRITE, MAP_PRIVATE|MAP_FIXED|MAP_ANONYMOUS|MAP_NORESERVE, -1, 0 <unfinished ...>
2100  munmap(0x7f9058fa0000, 16384 <unfinished ...>
2096  <... munmap resumed>)             = 0
2095  <... mmap resumed>)               = 0x7f905f5c4000
2100  <... munmap resumed>)             = 0
2097  <... mmap resumed>)               = 0x7f905ef88000
2096  mmap(0x7f9052ed4000, 16384, PROT_READ|PROT_WRITE, MAP_PRIVATE|MAP_FIXED|MAP_ANONYMOUS|MAP_NORESERVE, -1, 0 <unfinished ...>
2095  munmap(0x7f905fed0000, 16384 <unfinished ...>
2100  mmap(0x7f9058fa0000, 16384, PROT_READ|PROT_WRITE, MAP_PRIVATE|MAP_FIXED|MAP_ANONYMOUS|MAP_NORESERVE, -1, 0 <unfinished ...>
2097  munmap(0x7f9044b4c000, 16384 <unfinished ...>
2095  <... munmap resumed>)             = 0
2100  <... mmap resumed>)               = 0x7f9058fa0000
2095  mmap(0x7f905fed0000, 16384, PROT_READ|PROT_WRITE, MAP_PRIVATE|MAP_FIXED|MAP_ANONYMOUS|MAP_NORESERVE, -1, 0 <unfinished ...>
2097  <... munmap resumed>)             = 0
2096  <... mmap resumed>)               = 0x7f9052ed4000
2100  munmap(0x7f90399ec000, 16384 <unfinished ...>
2097  mmap(0x7f9044b4c000, 16384, PROT_READ|PROT_WRITE, MAP_PRIVATE|MAP_FIXED|MAP_ANONYMOUS|MAP_NORESERVE, -1, 0 <unfinished ...>
2096  munmap(0x7f9043d68000, 16384 <unfinished ...>
2095  <... mmap resumed>)               = 0x7f905fed0000
2100  <... munmap resumed>)             = 0
2097  <... mmap resumed>)               = 0x7f9044b4c000
2096  <... munmap resumed>)             = 0
2100  mmap(0x7f90399ec000, 16384, PROT_READ|PROT_WRITE, MAP_PRIVATE|MAP_FIXED|MAP_ANONYMOUS|MAP_NORESERVE, -1, 0 <unfinished ...>
2095  munmap(0x7f9055118000, 16384 <unfinished ...>
2100  <... mmap resumed>)               = 0x7f90399ec000
2097  munmap(0x7f9066424000, 16384 <unfinished ...>
2096  mmap(0x7f9043d68000, 16384, PROT_READ|PROT_WRITE, MAP_PRIVATE|MAP_FIXED|MAP_ANONYMOUS|MAP_NORESERVE, -1, 0 <unfinished ...>
2095  <... munmap resumed>)             = 0
2100  munmap(0x7f904f6f8000, 16384 <unfinished ...>
2097  <... munmap resumed>)             = 0
2096  <... mmap resumed>)               = 0x7f9043d68000
2100  <... munmap resumed>)             = 0
2097  mmap(0x7f9066424000, 16384, PROT_READ|PROT_WRITE, MAP_PRIVATE|MAP_FIXED|MAP_ANONYMOUS|MAP_NORESERVE, -1, 0 <unfinished ...>
2095  mmap(0x7f9055118000, 16384, PROT_READ|PROT_WRITE, MAP_PRIVATE|MAP_FIXED|MAP_ANONYMOUS|MAP_NORESERVE, -1, 0 <unfinished ...>
2100  mmap(0x7f904f6f8000, 16384, PROT_READ|PROT_WRITE, MAP_PRIVATE|MAP_FIXED|MAP_ANONYMOUS|MAP_NORESERVE, -1, 0 <unfinished ...>
2096  munmap(0x7f903e5c8000, 16384 <unfinished ...>
2100  <... mmap resumed>)               = 0x7f904f6f8000
2097  <... mmap resumed>)               = 0x7f9066424000
2096  <... munmap resumed>)             = 0
2095  <... mmap resumed>)               = 0x7f9055118000
2100  munmap(0x7f9060ae4000, 16384 <unfinished ...>
2097  munmap(0x7f903d6d4000, 16384 <unfinished ...>
2096  mmap(0x7f903e5c8000, 16384, PROT_READ|PROT_WRITE, MAP_PRIVATE|MAP_FIXED|MAP_ANONYMOUS|MAP_NORESERVE, -1, 0 <unfinished ...>
2100  <... munmap resumed>)             = 0
2095  munmap(0x7f9066214000, 16384 <unfinished ...>
2100  mmap(0x7f9060ae4000, 16384, PROT_READ|PROT_WRITE, MAP_PRIVATE|MAP_FIXED|MAP_ANONYMOUS|MAP_NORESERVE, -1, 0 <unfinished ...>
2097  <... munmap resumed>)             = 0
2100  <... mmap resumed>)               = 0x7f9060ae4000
2097  mmap(0x7f903d6d4000, 16384, PROT_READ|PROT_WRITE, MAP_PRIVATE|MAP_FIXED|MAP_ANONYMOUS|MAP_NORESERVE, -1, 0 <unfinished ...>
2095  <... munmap resumed>)             = 0
2096  <... mmap resumed>)               = 0x7f903e5c8000
2097  <... mmap resumed>)               = 0x7f903d6d4000
2100  munmap(0x7f90564f8000, 16384 <unfinished ...>
2097  munmap(0x7f903beac000, 16384 <unfinished ...>
2096  munmap(0x7f903a868000, 16384 <unfinished ...>
2095  mmap(0x7f9066214000, 16384, PROT_READ|PROT_WRITE, MAP_PRIVATE|MAP_FIXED|MAP_ANONYMOUS|MAP_NORESERVE, -1, 0 <unfinished ...>
2100  <... munmap resumed>)             = 0
2097  <... munmap resumed>)             = 0
2100  mmap(0x7f90564f8000, 16384, PROT_READ|PROT_WRITE, MAP_PRIVATE|MAP_FIXED|MAP_ANONYMOUS|MAP_NORESERVE, -1, 0 <unfinished ...>
2097  mmap(0x7f903beac000, 16384, PROT_READ|PROT_WRITE, MAP_PRIVATE|MAP_FIXED|MAP_ANONYMOUS|MAP_NORESERVE, -1, 0 <unfinished ...>
2096  <... munmap resumed>)             = 0
2095  <... mmap resumed>)               = 0x7f9066214000
2100  <... mmap resumed>)               = 0x7f90564f8000
2097  <... mmap resumed>)               = 0x7f903beac000
2096  mmap(0x7f903a868000, 16384, PROT_READ|PROT_WRITE, MAP_PRIVATE|MAP_FIXED|MAP_ANONYMOUS|MAP_NORESERVE, -1, 0 <unfinished ...>
2100  munmap(0x7f903c408000, 16384 <unfinished ...>
2095  munmap(0x7f90564cc000, 16384 <unfinished ...>
2097  munmap(0x7f9066330000, 16384 <unfinished ...>
2096  <... mmap resumed>)               = 0x7f903a868000
2100  <... munmap resumed>)             = 0
2096  munmap(0x7f904d780000, 16384 <unfinished ...>
2100  mmap(0x7f903c408000, 16384, PROT_READ|PROT_WRITE, MAP_PRIVATE|MAP_FIXED|MAP_ANONYMOUS|MAP_NORESERVE, -1, 0 <unfinished ...>
2097  <... munmap resumed>)             = 0
2097  mmap(0x7f9066330000, 16384, PROT_READ|PROT_WRITE, MAP_PRIVATE|MAP_FIXED|MAP_ANONYMOUS|MAP_NORESERVE, -1, 0) = 0x7f9066330000
2096  <... munmap resumed>)             = 0
2095  <... munmap resumed>)             = 0
2100  <... mmap resumed>)               = 0x7f903c408000
2097  munmap(0x7f905c438000, 16384 <unfinished ...>
2096  mmap(0x7f904d780000, 16384, PROT_READ|PROT_WRITE, MAP_PRIVATE|MAP_FIXED|MAP_ANONYMOUS|MAP_NORESERVE, -1, 0 <unfinished ...>
2095  mmap(0x7f90564cc000, 16384, PROT_READ|PROT_WRITE, MAP_PRIVATE|MAP_FIXED|MAP_ANONYMOUS|MAP_NORESERVE, -1, 0 <unfinished ...>
2097  <... munmap resumed>)             = 0
2096  <... mmap resumed>)               = 0x7f904d780000
2100  munmap(0x7f905e740000, 16384 <unfinished ...>
2095  <... mmap resumed>)               = 0x7f90564cc000
2096  munmap(0x7f9064a90000, 16384)     = 0
2095  munmap(0x7f9059ef0000, 16384 <unfinished ...>
2097  mmap(0x7f905c438000, 16384, PROT_READ|PROT_WRITE, MAP_PRIVATE|MAP_FIXED|MAP_ANONYMOUS|MAP_NORESERVE, -1, 0 <unfinished ...>
2096  mmap(0x7f9064a90000, 16384, PROT_READ|PROT_WRITE, MAP_PRIVATE|MAP_FIXED|MAP_ANONYMOUS|MAP_NORESERVE, -1, 0 <unfinished ...>
2100  <... munmap resumed>)             = 0
2097  <... mmap resumed>)               = 0x7f905c438000
2096  <... mmap resumed>)               = 0x7f9064a90000
2100  mmap(0x7f905e740000, 16384, PROT_READ|PROT_WRITE, MAP_PRIVATE|MAP_FIXED|MAP_ANONYMOUS|MAP_NORESERVE, -1, 0 <unfinished ...>
2096  munmap(0x7f9054de8000, 16384 <unfinished ...>
2100  <... mmap resumed>)               = 0x7f905e740000
2097  munmap(0x7f9040790000, 16384 <unfinished ...>
2095  <... munmap resumed>)             = 0
2100  munmap(0x7f90495d4000, 16384 <unfinished ...>
2097  <... munmap resumed>)             = 0
2096  <... munmap resumed>)             = 0
2095  mmap(0x7f9059ef0000, 16384, PROT_READ|PROT_WRITE, MAP_PRIVATE|MAP_FIXED|MAP_ANONYMOUS|MAP_NORESERVE, -1, 0 <unfinished ...>
2100  <... munmap resumed>)             = 0
2097  mmap(0x7f9040790000, 16384, PROT_READ|PROT_WRITE, MAP_PRIVATE|MAP_FIXED|MAP_ANONYMOUS|MAP_NORESERVE, -1, 0 <unfinished ...>
2096  mmap(0x7f9054de8000, 16384, PROT_READ|PROT_WRITE, MAP_PRIVATE|MAP_FIXED|MAP_ANONYMOUS|MAP_NORESERVE, -1, 0 <unfinished ...>
2095  <... mmap resumed>)               = 0x7f9059ef0000
2100  mmap(0x7f90495d4000, 16384, PROT_READ|PROT_WRITE, MAP_PRIVATE|MAP_FIXED|MAP_ANONYMOUS|MAP_NORESERVE, -1, 0 <unfinished ...>
2097  <... mmap resumed>)               = 0x7f9040790000
2096  <... mmap resumed>)               = 0x7f9054de8000
2095  munmap(0x7f9048d80000, 16384 <unfinished ...>
2100  <... mmap resumed>)               = 0x7f90495d4000
2100  munmap(0x7f9064a48000, 16384 <unfinished ...>
2097  munmap(0x7f903df04000, 16384 <unfinished ...>
2096  munmap(0x7f9050084000, 16384 <unfinished ...>
2095  <... munmap resumed>)             = 0
2095  mmap(0x7f9048d80000, 16384, PROT_READ|PROT_WRITE, MAP_PRIVATE|MAP_FIXED|MAP_ANONYMOUS|MAP_NORESERVE, -1, 0 <unfinished ...>
2100  <... munmap resumed>)             = 0
2097  <... munmap resumed>)             = 0
2096  <... munmap resumed>)             = 0
2095  <... mmap resumed>)               = 0x7f9048d80000
2100  mmap(0x7f9064a48000, 16384, PROT_READ|PROT_WRITE, MAP_PRIVATE|MAP_FIXED|MAP_ANONYMOUS|MAP_NORESERVE, -1, 0 <unfinished ...>
2097  mmap(0x7f903df04000, 16384, PROT_READ|PROT_WRITE, MAP_PRIVATE|MAP_FIXED|MAP_ANONYMOUS|MAP_NORESERVE, -1, 0 <unfinished ...>
2096  mmap(0x7f9050084000, 16384, PROT_READ|PROT_WRITE, MAP_PRIVATE|MAP_FIXED|MAP_ANONYMOUS|MAP_NORESERVE, -1, 0 <unfinished ...>
2095  munmap(0x7f90650c8000, 16384 <unfinished ...>
2100  <... mmap resumed>)               = 0x7f9064a48000
2097  <... mmap resumed>)               = 0x7f903df04000
2095  <... munmap resumed>)             = 0
2097  munmap(0x7f9050b7c000, 16384 <unfinished ...>
2100  munmap(0x7f90614a8000, 16384 <unfinished ...>
2096  <... mmap resumed>)               = 0x7f9050084000
2095  mmap(0x7f90650c8000, 16384, PROT_READ|PROT_WRITE, MAP_PRIVATE|MAP_FIXED|MAP_ANONYMOUS|MAP_NORESERVE, -1, 0 <unfinished ...>
2096  munmap(0x7f905fca8000, 16384 <unfinished ...>
2100  <... munmap resumed>)             = 0
2096  <... munmap resumed>)             = 0
2100  mmap(0x7f90614a8000, 16384, PROT_READ|PROT_WRITE, MAP_PRIVATE|MAP_FIXED|MAP_ANONYMOUS|MAP_NORESERVE, -1, 0 <unfinished ...>
2096  mmap(0x7f905fca8000, 16384, PROT_READ|PROT_WRITE, MAP_PRIVATE|MAP_FIXED|MAP_ANONYMOUS|MAP_NORESERVE, -1, 0 <unfinished ...>
2097  <... munmap resumed>)             = 0
2095  <... mmap resumed>)               = 0x7f90650c8000
2100  <... mmap resumed>)               = 0x7f90614a8000
2096  <... mmap resumed>)               = 0x7f905fca8000
2097  mmap(0x7f9050b7c000, 16384, PROT_READ|PROT_WRITE, MAP_PRIVATE|MAP_FIXED|MAP_ANONYMOUS|MAP_NORESERVE, -1, 0 <unfinished ...>
2095  munmap(0x7f9049774000, 16384 <unfinished ...>
2100  munmap(0x7f904c658000, 16384 <unfinished ...>
2096  munmap(0x7f904b030000, 16384 <unfinished ...>
2097  <... mmap resumed>)               = 0x7f9050b7c000
2100  <... munmap resumed>)             = 0
2097  munmap(0x7f903c16c000, 16384 <unfinished ...>
2100  mmap(0x7f904c658000, 16384, PROT_READ|PROT_WRITE, MAP_PRIVATE|MAP_FIXED|MAP_ANONYMOUS|MAP_NORESERVE, -1, 0 <unfinished ...>
2097  <... munmap resumed>)             = 0
2095  <... munmap resumed>)             = 0
2097  mmap(0x7f903c16c000, 16384, PROT_READ|PROT_WRITE, MAP_PRIVATE|MAP_FIXED|MAP_ANONYMOUS|MAP_NORESERVE, -1, 0 <unfinished ...>
2095  mmap(0x7f9049774000, 16384, PROT_READ|PROT_WRITE, MAP_PRIVATE|MAP_FIXED|MAP_ANONYMOUS|MAP_NORESERVE, -1, 0 <unfinished ...>
2100  <... mmap resumed>)               = 0x7f904c658000
2097  <... mmap resumed>)               = 0x7f903c16c000
2096  <... munmap resumed>)             = 0
2095  <... mmap resumed>)               = 0x7f9049774000
2100  munmap(0x7f90522f0000, 16384 <unfinished ...>
2097  munmap(0x7f9048298000, 16384 <unfinished ...>
2096  mmap(0x7f904b030000, 16384, PROT_READ|PROT_WRITE, MAP_PRIVATE|MAP_FIXED|MAP_ANONYMOUS|MAP_NORESERVE, -1, 0 <unfinished ...>
2095  munmap(0x7f9049640000, 16384 <unfinished ...>
2100  <... munmap resumed>)             = 0
2097  <... munmap resumed>)             = 0
2096  <... mmap resumed>)               = 0x7f904b030000
2095  <... munmap resumed>)             = 0
2097  mmap(0x7f9048298000, 16384, PROT_READ|PROT_WRITE, MAP_PRIVATE|MAP_FIXED|MAP_ANONYMOUS|MAP_NORESERVE, -1, 0 <unfinished ...>
2100  mmap(0x7f90522f0000, 16384, PROT_READ|PROT_WRITE, MAP_PRIVATE|MAP_FIXED|MAP_ANONYMOUS|MAP_NORESERVE, -1, 0 <unfinished ...>
2096  munmap(0x7f904ab9c000, 16384 <unfinished ...>
2095  mmap(0x7f9049640000, 16384, PROT_READ|PROT_WRITE, MAP_PRIVATE|MAP_FIXED|MAP_ANONYMOUS|MAP_NORESERVE, -1, 0 <unfinished ...>
2100  <... mmap resumed>)               = 0x7f90522f0000
2097  <... mmap resumed>)               = 0x7f9048298000
2100  munmap(0x7f905bc78000, 16384 <unfinished ...>
2096  <... munmap resumed>)             = 0
2095  <... mmap resumed>)               = 0x7f9049640000
2100  <... munmap resumed>)             = 0
2097  munmap(0x7f9049eac000, 16384 <unfinished ...>
2096  mmap(0x7f904ab9c000, 16384, PROT_READ|PROT_WRITE, MAP_PRIVATE|MAP_FIXED|MAP_ANONYMOUS|MAP_NORESERVE, -1, 0 <unfinished ...>
2100  mmap(0x7f905bc78000, 16384, PROT_READ|PROT_WRITE, MAP_PRIVATE|MAP_FIXED|MAP_ANONYMOUS|MAP_NORESERVE, -1, 0 <unfinished ...>
2095  munmap(0x7f905550c000, 16384 <unfinished ...>
2097  <... munmap resumed>)             = 0
2096  <... mmap resumed>)               = 0x7f904ab9c000
2100  <... mmap resumed>)               = 0x7f905bc78000
2097  mmap(0x7f9049eac000, 16384, PROT_READ|PROT_WRITE, MAP_PRIVATE|MAP_FIXED|MAP_ANONYMOUS|MAP_NORESERVE, -1, 0 <unfinished ...>
2095  <... munmap resumed>)             = 0
2096  munmap(0x7f904f678000, 16384 <unfinished ...>
2100  munmap(0x7f9054058000, 16384 <unfinished ...>
2097  <... mmap resumed>)               = 0x7f9049eac000
2095  mmap(0x7f905550c000, 16384, PROT_READ|PROT_WRITE, MAP_PRIVATE|MAP_FIXED|MAP_ANONYMOUS|MAP_NORESERVE, -1, 0 <unfinished ...>
2097  munmap(0x7f9054cfc000, 16384 <unfinished ...>
2095  <... mmap resumed>)               = 0x7f905550c000
2100  <... munmap resumed>)             = 0
2100  mmap(0x7f9054058000, 16384, PROT_READ|PROT_WRITE, MAP_PRIVATE|MAP_FIXED|MAP_ANONYMOUS|MAP_NORESERVE, -1, 0 <unfinished ...>
2096  <... munmap resumed>)             = 0
2095  munmap(0x7f904316c000, 16384 <unfinished ...>
2100  <... mmap resumed>)               = 0x7f9054058000
2100  munmap(0x7f9061120000, 16384 <unfinished ...>
2096  mmap(0x7f904f678000, 16384, PROT_READ|PROT_WRITE, MAP_PRIVATE|MAP_FIXED|MAP_ANONYMOUS|MAP_NORESERVE, -1, 0 <unfinished ...>
2095  <... munmap resumed>)             = 0
2097  <... munmap resumed>)             = 0
2096  <... mmap resumed>)               = 0x7f904f678000
2100  <... munmap resumed>)             = 0
2096  munmap(0x7f905d614000, 16384)     = 0
2100  mmap(0x7f9061120000, 16384, PROT_READ|PROT_WRITE, MAP_PRIVATE|MAP_FIXED|MAP_ANONYMOUS|MAP_NORESERVE, -1, 0 <unfinished ...>
2097  mmap(0x7f9054cfc000, 16384, PROT_READ|PROT_WRITE, MAP_PRIVATE|MAP_FIXED|MAP_ANONYMOUS|MAP_NORESERVE, -1, 0 <unfinished ...>
2096  mmap(0x7f905d614000, 16384, PROT_READ|PROT_WRITE, MAP_PRIVATE|MAP_FIXED|MAP_ANONYMOUS|MAP_NORESERVE, -1, 0 <unfinished ...>
2095  mmap(0x7f904316c000, 16384, PROT_READ|PROT_WRITE, MAP_PRIVATE|MAP_FIXED|MAP_ANONYMOUS|MAP_NORESERVE, -1, 0 <unfinished ...>
2096  <... mmap resumed>)               = 0x7f905d614000
2096  munmap(0x7f905a280000, 16384 <unfinished ...>
2097  <... mmap resumed>)               = 0x7f9054cfc000
2096  <... munmap resumed>)             = 0
2100  <... mmap resumed>)               = 0x7f9061120000
2095  <... mmap resumed>)               = 0x7f904316c000
2097  munmap(0x7f905d000000, 16384 <unfinished ...>
2096  mmap(0x7f905a280000, 16384, PROT_READ|PROT_WRITE, MAP_PRIVATE|MAP_FIXED|MAP_ANONYMOUS|MAP_NORESERVE, -1, 0 <unfinished ...>
2100  munmap(0x7f903a99c000, 16384 <unfinished ...>
2095  munmap(0x7f9051c98000, 16384 <unfinished ...>
2097  <... munmap resumed>)             = 0
2096  <... mmap resumed>)               = 0x7f905a280000
2100  <... munmap resumed>)             = 0
2097  mmap(0x7f905d000000, 16384, PROT_READ|PROT_WRITE, MAP_PRIVATE|MAP_FIXED|MAP_ANONYMOUS|MAP_NORESERVE, -1, 0 <unfinished ...>
2095  <... munmap resumed>)             = 0
2100  mmap(0x7f903a99c000, 16384, PROT_READ|PROT_WRITE, MAP_PRIVATE|MAP_FIXED|MAP_ANONYMOUS|MAP_NORESERVE, -1, 0 <unfinished ...>
2097  <... mmap resumed>)               = 0x7f905d000000
2100  <... mmap resumed>)               = 0x7f903a99c000
2096  munmap(0x7f9060764000, 16384 <unfinished ...>
2095  mmap(0x7f9051c98000, 16384, PROT_READ|PROT_WRITE, MAP_PRIVATE|MAP_FIXED|MAP_ANONYMOUS|MAP_NORESERVE, -1, 0 <unfinished ...>
2100  munmap(0x7f90514d8000, 16384 <unfinished ...>
2097  munmap(0x7f9042fa4000, 16384 <unfinished ...>
2096  <... munmap resumed>)             = 0
2095  <... mmap resumed>)               = 0x7f9051c98000
2100  <... munmap resumed>)             = 0
2097  <... munmap resumed>)             = 0
2096  mmap(0x7f9060764000, 16384, PROT_READ|PROT_WRITE, MAP_PRIVATE|MAP_FIXED|MAP_ANONYMOUS|MAP_NORESERVE, -1, 0 <unfinished ...>
2100  mmap(0x7f90514d8000, 16384, PROT_READ|PROT_WRITE, MAP_PRIVATE|MAP_FIXED|MAP_ANONYMOUS|MAP_NORESERVE, -1, 0 <unfinished ...>
2095  munmap(0x7f905df6c000, 16384 <unfinished ...>
2100  <... mmap resumed>)               = 0x7f90514d8000
2097  mmap(0x7f9042fa4000, 16384, PROT_READ|PROT_WRITE, MAP_PRIVATE|MAP_FIXED|MAP_ANONYMOUS|MAP_NORESERVE, -1, 0 <unfinished ...>
2096  <... mmap resumed>)               = 0x7f9060764000
2100  munmap(0x7f904e9fc000, 16384 <unfinished ...>
2097  <... mmap resumed>)               = 0x7f9042fa4000
2095  <... munmap resumed>)             = 0
2100  <... munmap resumed>)             = 0
2096  munmap(0x7f9044358000, 16384 <unfinished ...>
2100  mmap(0x7f904e9fc000, 16384, PROT_READ|PROT_WRITE, MAP_PRIVATE|MAP_FIXED|MAP_ANONYMOUS|MAP_NORESERVE, -1, 0 <unfinished ...>
2097  munmap(0x7f90450d8000, 16384 <unfinished ...>
2095  mmap(0x7f905df6c000, 16384, PROT_READ|PROT_WRITE, MAP_PRIVATE|MAP_FIXED|MAP_ANONYMOUS|MAP_NORESERVE, -1, 0 <unfinished ...>
2100  <... mmap resumed>)               = 0x7f904e9fc000
2097  <... munmap resumed>)             = 0
2096  <... munmap resumed>)             = 0
2095  <... mmap resumed>)               = 0x7f905df6c000
2100  munmap(0x7f903fed4000, 16384 <unfinished ...>
2097  mmap(0x7f90450d8000, 16384, PROT_READ|PROT_WRITE, MAP_PRIVATE|MAP_FIXED|MAP_ANONYMOUS|MAP_NORESERVE, -1, 0 <unfinished ...>
2096  mmap(0x7f9044358000, 16384, PROT_READ|PROT_WRITE, MAP_PRIVATE|MAP_FIXED|MAP_ANONYMOUS|MAP_NORESERVE, -1, 0 <unfinished ...>
2100  <... munmap resumed>)             = 0
2095  munmap(0x7f905de68000, 16384 <unfinished ...>
2097  <... mmap resumed>)               = 0x7f90450d8000
2096  <... mmap resumed>)               = 0x7f9044358000
2100  mmap(0x7f903fed4000, 16384, PROT_READ|PROT_WRITE, MAP_PRIVATE|MAP_FIXED|MAP_ANONYMOUS|MAP_NORESERVE, -1, 0 <unfinished ...>
2095  <... munmap resumed>)             = 0
2097  munmap(0x7f903ed0c000, 16384 <unfinished ...>
2095  mmap(0x7f905de68000, 16384, PROT_READ|PROT_WRITE, MAP_PRIVATE|MAP_FIXED|MAP_ANONYMOUS|MAP_NORESERVE, -1, 0 <unfinished ...>
2100  <... mmap resumed>)               = 0x7f903fed4000
2097  <... munmap resumed>)             = 0
2096  munmap(0x7f9048168000, 16384 <unfinished ...>
2100  munmap(0x7f903bd4c000, 16384 <unfinished ...>
2097  mmap(0x7f903ed0c000, 16384, PROT_READ|PROT_WRITE, MAP_PRIVATE|MAP_FIXED|MAP_ANONYMOUS|MAP_NORESERVE, -1, 0 <unfinished ...>
2095  <... mmap resumed>)               = 0x7f905de68000
2096  <... munmap resumed>)             = 0
2100  <... munmap resumed>)             = 0
2097  <... mmap resumed>)               = 0x7f903ed0c000
2095  munmap(0x7f9052fe8000, 16384 <unfinished ...>
2096  mmap(0x7f9048168000, 16384, PROT_READ|PROT_WRITE, MAP_PRIVATE|MAP_FIXED|MAP_ANONYMOUS|MAP_NORESERVE, -1, 0 <unfinished ...>
2097  munmap(0x7f905a0f4000, 16384 <unfinished ...>
2095  <... munmap resumed>)             = 0
2096  <... mmap resumed>)               = 0x7f9048168000
2100  mmap(0x7f903bd4c000, 16384, PROT_READ|PROT_WRITE, MAP_PRIVATE|MAP_FIXED|MAP_ANONYMOUS|MAP_NORESERVE, -1, 0 <unfinished ...>
2095  mmap(0x7f9052fe8000, 16384, PROT_READ|PROT_WRITE, MAP_PRIVATE|MAP_FIXED|MAP_ANONYMOUS|MAP_NORESERVE, -1, 0 <unfinished ...>
2097  <... munmap resumed>)             = 0
2100  <... mmap resumed>)               = 0x7f903bd4c000
2095  <... mmap resumed>)               = 0x7f9052fe8000
2100  munmap(0x7f903c75c000, 16384 <unfinished ...>
2097  mmap(0x7f905a0f4000, 16384, PROT_READ|PROT_WRITE, MAP_PRIVATE|MAP_FIXED|MAP_ANONYMOUS|MAP_NORESERVE, -1, 0 <unfinished ...>
2096  munmap(0x7f9061e7c000, 16384 <unfinished ...>
2100  <... munmap resumed>)             = 0
2095  munmap(0x7f904dea0000, 16384 <unfinished ...>
2097  <... mmap resumed>)               = 0x7f905a0f4000
2100  mmap(0x7f903c75c000, 16384, PROT_READ|PROT_WRITE, MAP_PRIVATE|MAP_FIXED|MAP_ANONYMOUS|MAP_NORESERVE, -1, 0 <unfinished ...>
2096  <... munmap resumed>)             = 0
2095  <... munmap resumed>)             = 0
2097  munmap(0x7f9040658000, 16384 <unfinished ...>
2096  mmap(0x7f9061e7c000, 16384, PROT_READ|PROT_WRITE, MAP_PRIVATE|MAP_FIXED|MAP_ANONYMOUS|MAP_NORESERVE, -1, 0 <unfinished ...>
2095  mmap(0x7f904dea0000, 16384, PROT_READ|PROT_WRITE, MAP_PRIVATE|MAP_FIXED|MAP_ANONYMOUS|MAP_NORESERVE, -1, 0) = 0x7f904dea0000
2100  <... mmap resumed>)               = 0x7f903c75c000
2097  <... munmap resumed>)             = 0
2095  munmap(0x7f905ff8c000, 16384 <unfinished ...>
2100  munmap(0x7f904f070000, 16384 <unfinished ...>
2096  <... mmap resumed>)               = 0x7f9061e7c000
2097  mmap(0x7f9040658000, 16384, PROT_READ|PROT_WRITE, MAP_PRIVATE|MAP_FIXED|MAP_ANONYMOUS|MAP_NORESERVE, -1, 0 <unfinished ...>
2100  <... munmap resumed>)             = 0
2100  mmap(0x7f904f070000, 16384, PROT_READ|PROT_WRITE, MAP_PRIVATE|MAP_FIXED|MAP_ANONYMOUS|MAP_NORESERVE, -1, 0 <unfinished ...>
2097  <... mmap resumed>)               = 0x7f9040658000
2096  munmap(0x7f904e7b8000, 16384 <unfinished ...>
2095  <... munmap resumed>)             = 0
2100  <... mmap resumed>)               = 0x7f904f070000
2095  mmap(0x7f905ff8c000, 16384, PROT_READ|PROT_WRITE, MAP_PRIVATE|MAP_FIXED|MAP_ANONYMOUS|MAP_NORESERVE, -1, 0 <unfinished ...>
2097  munmap(0x7f904eacc000, 16384 <unfinished ...>
2100  munmap(0x7f9063ffc000, 16384 <unfinished ...>
2096  <... munmap resumed>)             = 0
2097  <... munmap resumed>)             = 0
2095  <... mmap resumed>)               = 0x7f905ff8c000
2100  <... munmap resumed>)             = 0
2097  mmap(0x7f904eacc000, 16384, PROT_READ|PROT_WRITE, MAP_PRIVATE|MAP_FIXED|MAP_ANONYMOUS|MAP_NORESERVE, -1, 0 <unfinished ...>
2096  mmap(0x7f904e7b8000, 16384, PROT_READ|PROT_WRITE, MAP_PRIVATE|MAP_FIXED|MAP_ANONYMOUS|MAP_NORESERVE, -1, 0 <unfinished ...>
2095  munmap(0x7f904e558000, 16384 <unfinished ...>
2100  mmap(0x7f9063ffc000, 16384, PROT_READ|PROT_WRITE, MAP_PRIVATE|MAP_FIXED|MAP_ANONYMOUS|MAP_NORESERVE, -1, 0 <unfinished ...>
2096  <... mmap resumed>)               = 0x7f904e7b8000
2097  <... mmap resumed>)               = 0x7f904eacc000
2096  munmap(0x7f905ce4c000, 16384 <unfinished ...>
2097  munmap(0x7f9053894000, 16384 <unfinished ...>
2095  <... munmap resumed>)             = 0
2097  <... munmap resumed>)             = 0
2095  mmap(0x7f904e558000, 16384, PROT_READ|PROT_WRITE, MAP_PRIVATE|MAP_FIXED|MAP_ANONYMOUS|MAP_NORESERVE, -1, 0) = 0x7f904e558000
2100  <... mmap resumed>)               = 0x7f9063ffc000
2097  mmap(0x7f9053894000, 16384, PROT_READ|PROT_WRITE, MAP_PRIVATE|MAP_FIXED|MAP_ANONYMOUS|MAP_NORESERVE, -1, 0 <unfinished ...>
2100  munmap(0x7f9051bdc000, 16384 <unfinished ...>
2095  munmap(0x7f903b254000, 16384 <unfinished ...>
2096  <... munmap resumed>)             = 0
2096  mmap(0x7f905ce4c000, 16384, PROT_READ|PROT_WRITE, MAP_PRIVATE|MAP_FIXED|MAP_ANONYMOUS|MAP_NORESERVE, -1, 0 <unfinished ...>
2100  <... munmap resumed>)             = 0
2100  mmap(0x7f9051bdc000, 16384, PROT_READ|PROT_WRITE, MAP_PRIVATE|MAP_FIXED|MAP_ANONYMOUS|MAP_NORESERVE, -1, 0 <unfinished ...>
2095  <... munmap resumed>)             = 0
2100  <... mmap resumed>)               = 0x7f9051bdc000
2097  <... mmap resumed>)               = 0x7f9053894000
2095  mmap(0x7f903b254000, 16384, PROT_READ|PROT_WRITE, MAP_PRIVATE|MAP_FIXED|MAP_ANONYMOUS|MAP_NORESERVE, -1, 0 <unfinished ...>
2100  munmap(0x7f90407a8000, 16384 <unfinished ...>
2096  <... mmap resumed>)               = 0x7f905ce4c000
2100  <... munmap resumed>)             = 0
2097  munmap(0x7f903ee50000, 16384 <unfinished ...>
2096  munmap(0x7f9059ab0000, 16384 <unfinished ...>
2095  <... mmap resumed>)               = 0x7f903b254000
2100  mmap(0x7f90407a8000, 16384, PROT_READ|PROT_WRITE, MAP_PRIVATE|MAP_FIXED|MAP_ANONYMOUS|MAP_NORESERVE, -1, 0 <unfinished ...>
2097  <... munmap resumed>)             = 0
2100  <... mmap resumed>)               = 0x7f90407a8000
2097  mmap(0x7f903ee50000, 16384, PROT_READ|PROT_WRITE, MAP_PRIVATE|MAP_FIXED|MAP_ANONYMOUS|MAP_NORESERVE, -1, 0 <unfinished ...>
2096  <... munmap resumed>)             = 0
2095  munmap(0x7f903d52c000, 16384 <unfinished ...>
2100  munmap(0x7f9040d8c000, 16384 <unfinished ...>
2097  <... mmap resumed>)               = 0x7f903ee50000
2096  mmap(0x7f9059ab0000, 16384, PROT_READ|PROT_WRITE, MAP_PRIVATE|MAP_FIXED|MAP_ANONYMOUS|MAP_NORESERVE, -1, 0 <unfinished ...>
2095  <... munmap resumed>)             = 0
2100  <... munmap resumed>)             = 0
2097  munmap(0x7f903e8ac000, 16384 <unfinished ...>
2096  <... mmap resumed>)               = 0x7f9059ab0000
2095  mmap(0x7f903d52c000, 16384, PROT_READ|PROT_WRITE, MAP_PRIVATE|MAP_FIXED|MAP_ANONYMOUS|MAP_NORESERVE, -1, 0 <unfinished ...>
2100  mmap(0x7f9040d8c000, 16384, PROT_READ|PROT_WRITE, MAP_PRIVATE|MAP_FIXED|MAP_ANONYMOUS|MAP_NORESERVE, -1, 0) = 0x7f9040d8c000
2097  <... munmap resumed>)             = 0
2096  munmap(0x7f904f5cc000, 16384 <unfinished ...>
2095  <... mmap resumed>)               = 0x7f903d52c000
2100  munmap(0x7f905caf8000, 16384 <unfinished ...>
2097  mmap(0x7f903e8ac000, 16384, PROT_READ|PROT_WRITE, MAP_PRIVATE|MAP_FIXED|MAP_ANONYMOUS|MAP_NORESERVE, -1, 0 <unfinished ...>
2095  munmap(0x7f9047104000, 16384 <unfinished ...>
2096  <... munmap resumed>)             = 0
2095  <... munmap resumed>)             = 0
2100  <... munmap resumed>)             = 0
2096  mmap(0x7f904f5cc000, 16384, PROT_READ|PROT_WRITE, MAP_PRIVATE|MAP_FIXED|MAP_ANONYMOUS|MAP_NORESERVE, -1, 0 <unfinished ...>
2100  mmap(0x7f905caf8000, 16384, PROT_READ|PROT_WRITE, MAP_PRIVATE|MAP_FIXED|MAP_ANONYMOUS|MAP_NORESERVE, -1, 0 <unfinished ...>
2097  <... mmap resumed>)               = 0x7f903e8ac000
2100  <... mmap resumed>)               = 0x7f905caf8000
2096  <... mmap resumed>)               = 0x7f904f5cc000
2095  mmap(0x7f9047104000, 16384, PROT_READ|PROT_WRITE, MAP_PRIVATE|MAP_FIXED|MAP_ANONYMOUS|MAP_NORESERVE, -1, 0 <unfinished ...>
2100  munmap(0x7f9064040000, 16384 <unfinished ...>
2097  munmap(0x7f905a0f8000, 16384 <unfinished ...>
2096  munmap(0x7f9060b28000, 16384 <unfinished ...>
2095  <... mmap resumed>)               = 0x7f9047104000
2100  <... munmap resumed>)             = 0
2097  <... munmap resumed>)             = 0
2096  <... munmap resumed>)             = 0
2100  mmap(0x7f9064040000, 16384, PROT_READ|PROT_WRITE, MAP_PRIVATE|MAP_FIXED|MAP_ANONYMOUS|MAP_NORESERVE, -1, 0 <unfinished ...>
2097  mmap(0x7f905a0f8000, 16384, PROT_READ|PROT_WRITE, MAP_PRIVATE|MAP_FIXED|MAP_ANONYMOUS|MAP_NORESERVE, -1, 0 <unfinished ...>
2100  <... mmap resumed>)               = 0x7f9064040000
2096  mmap(0x7f9060b28000, 16384, PROT_READ|PROT_WRITE, MAP_PRIVATE|MAP_FIXED|MAP_ANONYMOUS|MAP_NORESERVE, -1, 0 <unfinished ...>
2100  munmap(0x7f903c0c8000, 16384 <unfinished ...>
2095  munmap(0x7f904ba70000, 16384 <unfinished ...>
2097  <... mmap resumed>)               = 0x7f905a0f8000
2100  <... munmap resumed>)             = 0
2097  munmap(0x7f9055328000, 16384 <unfinished ...>
2096  <... mmap resumed>)               = 0x7f9060b28000
2097  <... munmap resumed>)             = 0
2100  mmap(0x7f903c0c8000, 16384, PROT_READ|PROT_WRITE, MAP_PRIVATE|MAP_FIXED|MAP_ANONYMOUS|MAP_NORESERVE, -1, 0 <unfinished ...>
2097  mmap(0x7f9055328000, 16384, PROT_READ|PROT_WRITE, MAP_PRIVATE|MAP_FIXED|MAP_ANONYMOUS|MAP_NORESERVE, -1, 0 <unfinished ...>
2096  munmap(0x7f9043118000, 16384 <unfinished ...>
2095  <... munmap resumed>)             = 0
2100  <... mmap resumed>)               = 0x7f903c0c8000
2097  <... mmap resumed>)               = 0x7f9055328000
2096  <... munmap resumed>)             = 0
2095  mmap(0x7f904ba70000, 16384, PROT_READ|PROT_WRITE, MAP_PRIVATE|MAP_FIXED|MAP_ANONYMOUS|MAP_NORESERVE, -1, 0 <unfinished ...>
2100  munmap(0x7f90653c4000, 16384 <unfinished ...>
2097  munmap(0x7f90411a0000, 16384 <unfinished ...>
2096  mmap(0x7f9043118000, 16384, PROT_READ|PROT_WRITE, MAP_PRIVATE|MAP_FIXED|MAP_ANONYMOUS|MAP_NORESERVE, -1, 0 <unfinished ...>
2100  <... munmap resumed>)             = 0
2097  <... munmap resumed>)             = 0
2096  <... mmap resumed>)               = 0x7f9043118000
2095  <... mmap resumed>)               = 0x7f904ba70000
2100  mmap(0x7f90653c4000, 16384, PROT_READ|PROT_WRITE, MAP_PRIVATE|MAP_FIXED|MAP_ANONYMOUS|MAP_NORESERVE, -1, 0 <unfinished ...>
2097  mmap(0x7f90411a0000, 16384, PROT_READ|PROT_WRITE, MAP_PRIVATE|MAP_FIXED|MAP_ANONYMOUS|MAP_NORESERVE, -1, 0 <unfinished ...>
2096  munmap(0x7f9058144000, 16384 <unfinished ...>
2095  munmap(0x7f9041df0000, 16384 <unfinished ...>
2097  <... mmap resumed>)               = 0x7f90411a0000
2096  <... munmap resumed>)             = 0
2100  <... mmap resumed>)               = 0x7f90653c4000
2097  munmap(0x7f9062764000, 16384 <unfinished ...>
2096  mmap(0x7f9058144000, 16384, PROT_READ|PROT_WRITE, MAP_PRIVATE|MAP_FIXED|MAP_ANONYMOUS|MAP_NORESERVE, -1, 0 <unfinished ...>
2100  munmap(0x7f903b35c000, 16384 <unfinished ...>
2096  <... mmap resumed>)               = 0x7f9058144000
2095  <... munmap resumed>)             = 0
2100  <... munmap resumed>)             = 0
2100  mmap(0x7f903b35c000, 16384, PROT_READ|PROT_WRITE, MAP_PRIVATE|MAP_FIXED|MAP_ANONYMOUS|MAP_NORESERVE, -1, 0 <unfinished ...>
2097  <... munmap resumed>)             = 0
2096  munmap(0x7f903f1e0000, 16384 <unfinished ...>
2095  mmap(0x7f9041df0000, 16384, PROT_READ|PROT_WRITE, MAP_PRIVATE|MAP_FIXED|MAP_ANONYMOUS|MAP_NORESERVE, -1, 0 <unfinished ...>
2100  <... mmap resumed>)               = 0x7f903b35c000
2097  mmap(0x7f9062764000, 16384, PROT_READ|PROT_WRITE, MAP_PRIVATE|MAP_FIXED|MAP_ANONYMOUS|MAP_NORESERVE, -1, 0 <unfinished ...>
2100  munmap(0x7f9043e78000, 16384 <unfinished ...>
2097  <... mmap resumed>)               = 0x7f9062764000
2096  <... munmap resumed>)             = 0
2095  <... mmap resumed>)               = 0x7f9041df0000
2100  <... munmap resumed>)             = 0
2096  mmap(0x7f903f1e0000, 16384, PROT_READ|PROT_WRITE, MAP_PRIVATE|MAP_FIXED|MAP_ANONYMOUS|MAP_NORESERVE, -1, 0 <unfinished ...>
2097  munmap(0x7f906020c000, 16384 <unfinished ...>
2100  mmap(0x7f9043e78000, 16384, PROT_READ|PROT_WRITE, MAP_PRIVATE|MAP_FIXED|MAP_ANONYMOUS|MAP_NORESERVE, -1, 0 <unfinished ...>
2096  <... mmap resumed>)               = 0x7f903f1e0000
2095  munmap(0x7f9057c3c000, 16384 <unfinished ...>
2100  <... mmap resumed>)               = 0x7f9043e78000
2097  <... munmap resumed>)             = 0
2096  munmap(0x7f9052a00000, 16384 <unfinished ...>
2097  mmap(0x7f906020c000, 16384, PROT_READ|PROT_WRITE, MAP_PRIVATE|MAP_FIXED|MAP_ANONYMOUS|MAP_NORESERVE, -1, 0 <unfinished ...>
2095  <... munmap resumed>)             = 0
2100  munmap(0x7f905f878000, 16384 <unfinished ...>
2096  <... munmap resumed>)             = 0
2100  <... munmap resumed>)             = 0
2097  <... mmap resumed>)               = 0x7f906020c000
2095  mmap(0x7f9057c3c000, 16384, PROT_READ|PROT_WRITE, MAP_PRIVATE|MAP_FIXED|MAP_ANONYMOUS|MAP_NORESERVE, -1, 0 <unfinished ...>
2100  mmap(0x7f905f878000, 16384, PROT_READ|PROT_WRITE, MAP_PRIVATE|MAP_FIXED|MAP_ANONYMOUS|MAP_NORESERVE, -1, 0 <unfinished ...>
2097  munmap(0x7f904b214000, 16384 <unfinished ...>
2096  mmap(0x7f9052a00000, 16384, PROT_READ|PROT_WRITE, MAP_PRIVATE|MAP_FIXED|MAP_ANONYMOUS|MAP_NORESERVE, -1, 0 <unfinished ...>
2095  <... mmap resumed>)               = 0x7f9057c3c000
2100  <... mmap resumed>)               = 0x7f905f878000
2097  <... munmap resumed>)             = 0
2095  munmap(0x7f903c0c0000, 16384 <unfinished ...>
2100  munmap(0x7f9063a14000, 16384 <unfinished ...>
2096  <... mmap resumed>)               = 0x7f9052a00000
2100  <... munmap resumed>)             = 0
2097  mmap(0x7f904b214000, 16384, PROT_READ|PROT_WRITE, MAP_PRIVATE|MAP_FIXED|MAP_ANONYMOUS|MAP_NORESERVE, -1, 0 <unfinished ...>
2096  munmap(0x7f903f56c000, 16384 <unfinished ...>
2095  <... munmap resumed>)             = 0
2100  mmap(0x7f9063a14000, 16384, PROT_READ|PROT_WRITE, MAP_PRIVATE|MAP_FIXED|MAP_ANONYMOUS|MAP_NORESERVE, -1, 0) = 0x7f9063a14000
2097  <... mmap resumed>)               = 0x7f904b214000
2096  <... munmap resumed>)             = 0
2095  mmap(0x7f903c0c0000, 16384, PROT_READ|PROT_WRITE, MAP_PRIVATE|MAP_FIXED|MAP_ANONYMOUS|MAP_NORESERVE, -1, 0 <unfinished ...>
2100  munmap(0x7f9053f1c000, 16384 <unfinished ...>
2097  munmap(0x7f9062fbc000, 16384 <unfinished ...>
2096  mmap(0x7f903f56c000, 16384, PROT_READ|PROT_WRITE, MAP_PRIVATE|MAP_FIXED|MAP_ANONYMOUS|MAP_NORESERVE, -1, 0 <unfinished ...>
2097  <... munmap resumed>)             = 0
2096  <... mmap resumed>)               = 0x7f903f56c000
2095  <... mmap resumed>)               = 0x7f903c0c0000
2100  <... munmap resumed>)             = 0
2097  mmap(0x7f9062fbc000, 16384, PROT_READ|PROT_WRITE, MAP_PRIVATE|MAP_FIXED|MAP_ANONYMOUS|MAP_NORESERVE, -1, 0 <unfinished ...>
2096  munmap(0x7f905d428000, 16384 <unfinished ...>
2095  munmap(0x7f905c528000, 16384 <unfinished ...>
2097  <... mmap resumed>)               = 0x7f9062fbc000
2100  mmap(0x7f9053f1c000, 16384, PROT_READ|PROT_WRITE, MAP_PRIVATE|MAP_FIXED|MAP_ANONYMOUS|MAP_NORESERVE, -1, 0 <unfinished ...>
2096  <... munmap resumed>)             = 0
2097  munmap(0x7f9060088000, 16384 <unfinished ...>
2095  <... munmap resumed>)             = 0
2100  <... mmap resumed>)               = 0x7f9053f1c000
2097  <... munmap resumed>)             = 0
2096  mmap(0x7f905d428000, 16384, PROT_READ|PROT_WRITE, MAP_PRIVATE|MAP_FIXED|MAP_ANONYMOUS|MAP_NORESERVE, -1, 0 <unfinished ...>
2095  mmap(0x7f905c528000, 16384, PROT_READ|PROT_WRITE, MAP_PRIVATE|MAP_FIXED|MAP_ANONYMOUS|MAP_NORESERVE, -1, 0 <unfinished ...>
2097  mmap(0x7f9060088000, 16384, PROT_READ|PROT_WRITE, MAP_PRIVATE|MAP_FIXED|MAP_ANONYMOUS|MAP_NORESERVE, -1, 0 <unfinished ...>
2100  munmap(0x7f9059fa8000, 16384)     = 0
2097  <... mmap resumed>)               = 0x7f9060088000
2096  <... mmap resumed>)               = 0x7f905d428000
2095  <... mmap resumed>)               = 0x7f905c528000
2097  munmap(0x7f9061894000, 16384 <unfinished ...>
2096  munmap(0x7f9049e30000, 16384 <unfinished ...>
2095  munmap(0x7f904cd00000, 16384 <unfinished ...>
2100  mmap(0x7f9059fa8000, 16384, PROT_READ|PROT_WRITE, MAP_PRIVATE|MAP_FIXED|MAP_ANONYMOUS|MAP_NORESERVE, -1, 0 <unfinished ...>
2097  <... munmap resumed>)             = 0
2097  mmap(0x7f9061894000, 16384, PROT_READ|PROT_WRITE, MAP_PRIVATE|MAP_FIXED|MAP_ANONYMOUS|MAP_NORESERVE, -1, 0 <unfinished ...>
2100  <... mmap resumed>)               = 0x7f9059fa8000
2096  <... munmap resumed>)             = 0
2095  <... munmap resumed>)             = 0
2096  mmap(0x7f9049e30000, 16384, PROT_READ|PROT_WRITE, MAP_PRIVATE|MAP_FIXED|MAP_ANONYMOUS|MAP_NORESERVE, -1, 0 <unfinished ...>
2100  munmap(0x7f9041a0c000, 16384 <unfinished ...>
2097  <... mmap resumed>)               = 0x7f9061894000
2096  <... mmap resumed>)               = 0x7f9049e30000
2095  mmap(0x7f904cd00000, 16384, PROT_READ|PROT_WRITE, MAP_PRIVATE|MAP_FIXED|MAP_ANONYMOUS|MAP_NORESERVE, -1, 0 <unfinished ...>
2100  <... munmap resumed>)             = 0
2097  munmap(0x7f904c7e4000, 16384 <unfinished ...>
2096  munmap(0x7f9051594000, 16384 <unfinished ...>
2095  <... mmap resumed>)               = 0x7f904cd00000
2100  mmap(0x7f9041a0c000, 16384, PROT_READ|PROT_WRITE, MAP_PRIVATE|MAP_FIXED|MAP_ANONYMOUS|MAP_NORESERVE, -1, 0 <unfinished ...>
2097  <... munmap resumed>)             = 0
2095  munmap(0x7f904de3c000, 16384 <unfinished ...>
2096  <... munmap resumed>)             = 0
2097  mmap(0x7f904c7e4000, 16384, PROT_READ|PROT_WRITE, MAP_PRIVATE|MAP_FIXED|MAP_ANONYMOUS|MAP_NORESERVE, -1, 0 <unfinished ...>
2096  mmap(0x7f9051594000, 16384, PROT_READ|PROT_WRITE, MAP_PRIVATE|MAP_FIXED|MAP_ANONYMOUS|MAP_NORESERVE, -1, 0 <unfinished ...>
2100  <... mmap resumed>)               = 0x7f9041a0c000
2097  <... mmap resumed>)               = 0x7f904c7e4000
2096  <... mmap resumed>)               = 0x7f9051594000
2095  <... munmap resumed>)             = 0
2097  munmap(0x7f9042cb4000, 16384 <unfinished ...>
2095  mmap(0x7f904de3c000, 16384, PROT_READ|PROT_WRITE, MAP_PRIVATE|MAP_FIXED|MAP_ANONYMOUS|MAP_NORESERVE, -1, 0 <unfinished ...>
2100  munmap(0x7f905c62c000, 16384 <unfinished ...>
2096  munmap(0x7f9065738000, 16384 <unfinished ...>
2095  <... mmap resumed>)               = 0x7f904de3c000
2097  <... munmap resumed>)             = 0
2095  munmap(0x7f9057a58000, 16384 <unfinished ...>
2096  <... munmap resumed>)             = 0
2097  mmap(0x7f9042cb4000, 16384, PROT_READ|PROT_WRITE, MAP_PRIVATE|MAP_FIXED|MAP_ANONYMOUS|MAP_NORESERVE, -1, 0 <unfinished ...>
2100  <... munmap resumed>)             = 0
2096  mmap(0x7f9065738000, 16384, PROT_READ|PROT_WRITE, MAP_PRIVATE|MAP_FIXED|MAP_ANONYMOUS|MAP_NORESERVE, -1, 0 <unfinished ...>
2095  <... munmap resumed>)             = 0
2097  <... mmap resumed>)               = 0x7f9042cb4000
2096  <... mmap resumed>)               = 0x7f9065738000
2095  mmap(0x7f9057a58000, 16384, PROT_READ|PROT_WRITE, MAP_PRIVATE|MAP_FIXED|MAP_ANONYMOUS|MAP_NORESERVE, -1, 0 <unfinished ...>
2100  mmap(0x7f905c62c000, 16384, PROT_READ|PROT_WRITE, MAP_PRIVATE|MAP_FIXED|MAP_ANONYMOUS|MAP_NORESERVE, -1, 0 <unfinished ...>
2097  munmap(0x7f9041cc0000, 16384 <unfinished ...>
2096  munmap(0x7f90418c4000, 16384 <unfinished ...>
2100  <... mmap resumed>)               = 0x7f905c62c000
2095  <... mmap resumed>)               = 0x7f9057a58000
2097  <... munmap resumed>)             = 0
2100  munmap(0x7f903bad8000, 16384 <unfinished ...>
2096  <... munmap resumed>)             = 0
2095  munmap(0x7f905c498000, 16384 <unfinished ...>
2097  mmap(0x7f9041cc0000, 16384, PROT_READ|PROT_WRITE, MAP_PRIVATE|MAP_FIXED|MAP_ANONYMOUS|MAP_NORESERVE, -1, 0 <unfinished ...>
2100  <... munmap resumed>)             = 0
2096  mmap(0x7f90418c4000, 16384, PROT_READ|PROT_WRITE, MAP_PRIVATE|MAP_FIXED|MAP_ANONYMOUS|MAP_NORESERVE, -1, 0 <unfinished ...>
2100  mmap(0x7f903bad8000, 16384, PROT_READ|PROT_WRITE, MAP_PRIVATE|MAP_FIXED|MAP_ANONYMOUS|MAP_NORESERVE, -1, 0 <unfinished ...>
2097  <... mmap resumed>)               = 0x7f9041cc0000
2100  <... mmap resumed>)               = 0x7f903bad8000
2100  munmap(0x7f90527a8000, 16384 <unfinished ...>
2097  munmap(0x7f903f2a4000, 16384 <unfinished ...>
2096  <... mmap resumed>)               = 0x7f90418c4000
2095  <... munmap resumed>)             = 0
2100  <... munmap resumed>)             = 0
2100  mmap(0x7f90527a8000, 16384, PROT_READ|PROT_WRITE, MAP_PRIVATE|MAP_FIXED|MAP_ANONYMOUS|MAP_NORESERVE, -1, 0) = 0x7f90527a8000
2100  munmap(0x7f904c244000, 16384 <unfinished ...>
2096  munmap(0x7f904d5d8000, 16384 <unfinished ...>
2097  <... munmap resumed>)             = 0
2095  mmap(0x7f905c498000, 16384, PROT_READ|PROT_WRITE, MAP_PRIVATE|MAP_FIXED|MAP_ANONYMOUS|MAP_NORESERVE, -1, 0 <unfinished ...>
2097  mmap(0x7f903f2a4000, 16384, PROT_READ|PROT_WRITE, MAP_PRIVATE|MAP_FIXED|MAP_ANONYMOUS|MAP_NORESERVE, -1, 0 <unfinished ...>
2100  <... munmap resumed>)             = 0
2097  <... mmap resumed>)               = 0x7f903f2a4000
2096  <... munmap resumed>)             = 0
2100  mmap(0x7f904c244000, 16384, PROT_READ|PROT_WRITE, MAP_PRIVATE|MAP_FIXED|MAP_ANONYMOUS|MAP_NORESERVE, -1, 0 <unfinished ...>
2095  <... mmap resumed>)               = 0x7f905c498000
2097  munmap(0x7f904311c000, 16384 <unfinished ...>
2096  mmap(0x7f904d5d8000, 16384, PROT_READ|PROT_WRITE, MAP_PRIVATE|MAP_FIXED|MAP_ANONYMOUS|MAP_NORESERVE, -1, 0 <unfinished ...>
2100  <... mmap resumed>)               = 0x7f904c244000
2095  munmap(0x7f905e5a4000, 16384 <unfinished ...>
2097  <... munmap resumed>)             = 0
2096  <... mmap resumed>)               = 0x7f904d5d8000
2100  munmap(0x7f904fd58000, 16384 <unfinished ...>
2097  mmap(0x7f904311c000, 16384, PROT_READ|PROT_WRITE, MAP_PRIVATE|MAP_FIXED|MAP_ANONYMOUS|MAP_NORESERVE, -1, 0 <unfinished ...>
2095  <... munmap resumed>)             = 0
2096  munmap(0x7f9039a94000, 16384 <unfinished ...>
2095  mmap(0x7f905e5a4000, 16384, PROT_READ|PROT_WRITE, MAP_PRIVATE|MAP_FIXED|MAP_ANONYMOUS|MAP_NORESERVE, -1, 0 <unfinished ...>
2100  <... munmap resumed>)             = 0
2097  <... mmap resumed>)               = 0x7f904311c000
2100  mmap(0x7f904fd58000, 16384, PROT_READ|PROT_WRITE, MAP_PRIVATE|MAP_FIXED|MAP_ANONYMOUS|MAP_NORESERVE, -1, 0 <unfinished ...>
2095  <... mmap resumed>)               = 0x7f905e5a4000
2097  munmap(0x7f9040324000, 16384 <unfinished ...>
2096  <... munmap resumed>)             = 0
2100  <... mmap resumed>)               = 0x7f904fd58000
2097  <... munmap resumed>)             = 0
2095  munmap(0x7f9052868000, 16384 <unfinished ...>
2096  mmap(0x7f9039a94000, 16384, PROT_READ|PROT_WRITE, MAP_PRIVATE|MAP_FIXED|MAP_ANONYMOUS|MAP_NORESERVE, -1, 0 <unfinished ...>
2097  mmap(0x7f9040324000, 16384, PROT_READ|PROT_WRITE, MAP_PRIVATE|MAP_FIXED|MAP_ANONYMOUS|MAP_NORESERVE, -1, 0 <unfinished ...>
2095  <... munmap resumed>)             = 0
2100  munmap(0x7f9063d7c000, 16384 <unfinished ...>
2095  mmap(0x7f9052868000, 16384, PROT_READ|PROT_WRITE, MAP_PRIVATE|MAP_FIXED|MAP_ANONYMOUS|MAP_NORESERVE, -1, 0 <unfinished ...>
2097  <... mmap resumed>)               = 0x7f9040324000
2096  <... mmap resumed>)               = 0x7f9039a94000
2100  <... munmap resumed>)             = 0
2097  munmap(0x7f9043ccc000, 16384 <unfinished ...>
2096  munmap(0x7f903fa14000, 16384 <unfinished ...>
2095  <... mmap resumed>)               = 0x7f9052868000
2100  mmap(0x7f9063d7c000, 16384, PROT_READ|PROT_WRITE, MAP_PRIVATE|MAP_FIXED|MAP_ANONYMOUS|MAP_NORESERVE, -1, 0 <unfinished ...>
2097  <... munmap resumed>)             = 0
2096  <... munmap resumed>)             = 0
2095  munmap(0x7f905cce0000, 16384 <unfinished ...>
2100  <... mmap resumed>)               = 0x7f9063d7c000
2097  mmap(0x7f9043ccc000, 16384, PROT_READ|PROT_WRITE, MAP_PRIVATE|MAP_FIXED|MAP_ANONYMOUS|MAP_NORESERVE, -1, 0 <unfinished ...>
2096  mmap(0x7f903fa14000, 16384, PROT_READ|PROT_WRITE, MAP_PRIVATE|MAP_FIXED|MAP_ANONYMOUS|MAP_NORESERVE, -1, 0 <unfinished ...>
2100  munmap(0x7f9063640000, 16384 <unfinished ...>
2097  <... mmap resumed>)               = 0x7f9043ccc000
2096  <... mmap resumed>)               = 0x7f903fa14000
2095  <... munmap resumed>)             = 0
2100  <... munmap resumed>)             = 0
2097  munmap(0x7f903d9c0000, 16384 <unfinished ...>
2096  munmap(0x7f903c3cc000, 16384 <unfinished ...>
2095  mmap(0x7f905cce0000, 16384, PROT_READ|PROT_WRITE, MAP_PRIVATE|MAP_FIXED|MAP_ANONYMOUS|MAP_NORESERVE, -1, 0 <unfinished ...>
2100  mmap(0x7f9063640000, 16384, PROT_READ|PROT_WRITE, MAP_PRIVATE|MAP_FIXED|MAP_ANONYMOUS|MAP_NORESERVE, -1, 0 <unfinished ...>
2097  <... munmap resumed>)             = 0
2100  <... mmap resumed>)               = 0x7f9063640000
2097  mmap(0x7f903d9c0000, 16384, PROT_READ|PROT_WRITE, MAP_PRIVATE|MAP_FIXED|MAP_ANONYMOUS|MAP_NORESERVE, -1, 0 <unfinished ...>
2095  <... mmap resumed>)               = 0x7f905cce0000
2100  munmap(0x7f904e518000, 16384 <unfinished ...>
2095  munmap(0x7f904fc84000, 16384 <unfinished ...>
2097  <... mmap resumed>)               = 0x7f903d9c0000
2096  <... munmap resumed>)             = 0
2100  <... munmap resumed>)             = 0
2097  munmap(0x7f9065014000, 16384 <unfinished ...>
2100  mmap(0x7f904e518000, 16384, PROT_READ|PROT_WRITE, MAP_PRIVATE|MAP_FIXED|MAP_ANONYMOUS|MAP_NORESERVE, -1, 0 <unfinished ...>
2096  mmap(0x7f903c3cc000, 16384, PROT_READ|PROT_WRITE, MAP_PRIVATE|MAP_FIXED|MAP_ANONYMOUS|MAP_NORESERVE, -1, 0 <unfinished ...>
2100  <... mmap resumed>)               = 0x7f904e518000
2096  <... mmap resumed>)               = 0x7f903c3cc000
2100  munmap(0x7f90580c4000, 16384 <unfinished ...>
2097  <... munmap resumed>)             = 0
2096  munmap(0x7f90520f0000, 16384 <unfinished ...>
2100  <... munmap resumed>)             = 0
2097  mmap(0x7f9065014000, 16384, PROT_READ|PROT_WRITE, MAP_PRIVATE|MAP_FIXED|MAP_ANONYMOUS|MAP_NORESERVE, -1, 0 <unfinished ...>
2096  <... munmap resumed>)             = 0
2095  <... munmap resumed>)             = 0
2100  mmap(0x7f90580c4000, 16384, PROT_READ|PROT_WRITE, MAP_PRIVATE|MAP_FIXED|MAP_ANONYMOUS|MAP_NORESERVE, -1, 0 <unfinished ...>
2097  <... mmap resumed>)               = 0x7f9065014000
2096  mmap(0x7f90520f0000, 16384, PROT_READ|PROT_WRITE, MAP_PRIVATE|MAP_FIXED|MAP_ANONYMOUS|MAP_NORESERVE, -1, 0 <unfinished ...>
2095  mmap(0x7f904fc84000, 16384, PROT_READ|PROT_WRITE, MAP_PRIVATE|MAP_FIXED|MAP_ANONYMOUS|MAP_NORESERVE, -1, 0 <unfinished ...>
2100  <... mmap resumed>)               = 0x7f90580c4000
2097  munmap(0x7f9049ce0000, 16384 <unfinished ...>
2096  <... mmap resumed>)               = 0x7f90520f0000
2095  <... mmap resumed>)               = 0x7f904fc84000
2100  munmap(0x7f905d294000, 16384)     = 0
2097  <... munmap resumed>)             = 0
2096  munmap(0x7f9057348000, 16384 <unfinished ...>
2095  munmap(0x7f9051510000, 16384 <unfinished ...>
2100  mmap(0x7f905d294000, 16384, PROT_READ|PROT_WRITE, MAP_PRIVATE|MAP_FIXED|MAP_ANONYMOUS|MAP_NORESERVE, -1, 0 <unfinished ...>
2097  mmap(0x7f9049ce0000, 16384, PROT_READ|PROT_WRITE, MAP_PRIVATE|MAP_FIXED|MAP_ANONYMOUS|MAP_NORESERVE, -1, 0 <unfinished ...>
2100  <... mmap resumed>)               = 0x7f905d294000
2097  <... mmap resumed>)               = 0x7f9049ce0000
2096  <... munmap resumed>)             = 0
2095  <... munmap resumed>)             = 0
2100  munmap(0x7f9046c98000, 16384 <unfinished ...>
2097  munmap(0x7f9043620000, 16384 <unfinished ...>
2096  mmap(0x7f9057348000, 16384, PROT_READ|PROT_WRITE, MAP_PRIVATE|MAP_FIXED|MAP_ANONYMOUS|MAP_NORESERVE, -1, 0 <unfinished ...>
2095  mmap(0x7f9051510000, 16384, PROT_READ|PROT_WRITE, MAP_PRIVATE|MAP_FIXED|MAP_ANONYMOUS|MAP_NORESERVE, -1, 0 <unfinished ...>
2100  <... munmap resumed>)             = 0
2100  mmap(0x7f9046c98000, 16384, PROT_READ|PROT_WRITE, MAP_PRIVATE|MAP_FIXED|MAP_ANONYMOUS|MAP_NORESERVE, -1, 0 <unfinished ...>
2097  <... munmap resumed>)             = 0
2100  <... mmap resumed>)               = 0x7f9046c98000
2096  <... mmap resumed>)               = 0x7f9057348000
2095  <... mmap resumed>)               = 0x7f9051510000
2100  munmap(0x7f9060c24000, 16384 <unfinished ...>
2097  mmap(0x7f9043620000, 16384, PROT_READ|PROT_WRITE, MAP_PRIVATE|MAP_FIXED|MAP_ANONYMOUS|MAP_NORESERVE, -1, 0 <unfinished ...>
2096  munmap(0x7f904f740000, 16384 <unfinished ...>
2095  munmap(0x7f9045ff8000, 16384 <unfinished ...>
2097  <... mmap resumed>)               = 0x7f9043620000
2100  <... munmap resumed>)             = 0
2096  <... munmap resumed>)             = 0
2097  munmap(0x7f9042380000, 16384 <unfinished ...>
2095  <... munmap resumed>)             = 0
2100  mmap(0x7f9060c24000, 16384, PROT_READ|PROT_WRITE, MAP_PRIVATE|MAP_FIXED|MAP_ANONYMOUS|MAP_NORESERVE, -1, 0) = 0x7f9060c24000
2095  mmap(0x7f9045ff8000, 16384, PROT_READ|PROT_WRITE, MAP_PRIVATE|MAP_FIXED|MAP_ANONYMOUS|MAP_NORESERVE, -1, 0 <unfinished ...>
2097  <... munmap resumed>)             = 0
2096  mmap(0x7f904f740000, 16384, PROT_READ|PROT_WRITE, MAP_PRIVATE|MAP_FIXED|MAP_ANONYMOUS|MAP_NORESERVE, -1, 0 <unfinished ...>
2100  munmap(0x7f90402c4000, 16384 <unfinished ...>
2097  mmap(0x7f9042380000, 16384, PROT_READ|PROT_WRITE, MAP_PRIVATE|MAP_FIXED|MAP_ANONYMOUS|MAP_NORESERVE, -1, 0 <unfinished ...>
2100  <... munmap resumed>)             = 0
2096  <... mmap resumed>)               = 0x7f904f740000
2095  <... mmap resumed>)               = 0x7f9045ff8000
2097  <... mmap resumed>)               = 0x7f9042380000
2100  mmap(0x7f90402c4000, 16384, PROT_READ|PROT_WRITE, MAP_PRIVATE|MAP_FIXED|MAP_ANONYMOUS|MAP_NORESERVE, -1, 0 <unfinished ...>
2097  munmap(0x7f904dfc4000, 16384 <unfinished ...>
2096  munmap(0x7f9043b70000, 16384 <unfinished ...>
2095  munmap(0x7f905ef6c000, 16384 <unfinished ...>
2096  <... munmap resumed>)             = 0
2095  <... munmap resumed>)             = 0
2096  mmap(0x7f9043b70000, 16384, PROT_READ|PROT_WRITE, MAP_PRIVATE|MAP_FIXED|MAP_ANONYMOUS|MAP_NORESERVE, -1, 0 <unfinished ...>
2095  mmap(0x7f905ef6c000, 16384, PROT_READ|PROT_WRITE, MAP_PRIVATE|MAP_FIXED|MAP_ANONYMOUS|MAP_NORESERVE, -1, 0 <unfinished ...>
2096  <... mmap resumed>)               = 0x7f9043b70000
2100  <... mmap resumed>)               = 0x7f90402c4000
2097  <... munmap resumed>)             = 0
2095  <... mmap resumed>)               = 0x7f905ef6c000
2097  mmap(0x7f904dfc4000, 16384, PROT_READ|PROT_WRITE, MAP_PRIVATE|MAP_FIXED|MAP_ANONYMOUS|MAP_NORESERVE, -1, 0 <unfinished ...>
2100  munmap(0x7f904c140000, 16384 <unfinished ...>
2097  <... mmap resumed>)               = 0x7f904dfc4000
2100  <... munmap resumed>)             = 0
2097  munmap(0x7f903f078000, 16384 <unfinished ...>
2096  munmap(0x7f9048750000, 16384 <unfinished ...>
2095  munmap(0x7f904e678000, 16384 <unfinished ...>
2100  mmap(0x7f904c140000, 16384, PROT_READ|PROT_WRITE, MAP_PRIVATE|MAP_FIXED|MAP_ANONYMOUS|MAP_NORESERVE, -1, 0 <unfinished ...>
2097  <... munmap resumed>)             = 0
2096  <... munmap resumed>)             = 0
2095  <... munmap resumed>)             = 0
2100  <... mmap resumed>)               = 0x7f904c140000
2096  mmap(0x7f9048750000, 16384, PROT_READ|PROT_WRITE, MAP_PRIVATE|MAP_FIXED|MAP_ANONYMOUS|MAP_NORESERVE, -1, 0 <unfinished ...>
2095  mmap(0x7f904e678000, 16384, PROT_READ|PROT_WRITE, MAP_PRIVATE|MAP_FIXED|MAP_ANONYMOUS|MAP_NORESERVE, -1, 0 <unfinished ...>
2100  munmap(0x7f90443c8000, 16384 <unfinished ...>
2097  mmap(0x7f903f078000, 16384, PROT_READ|PROT_WRITE, MAP_PRIVATE|MAP_FIXED|MAP_ANONYMOUS|MAP_NORESERVE, -1, 0 <unfinished ...>
2100  <... munmap resumed>)             = 0
2097  <... mmap resumed>)               = 0x7f903f078000
2096  <... mmap resumed>)               = 0x7f9048750000
2100  mmap(0x7f90443c8000, 16384, PROT_READ|PROT_WRITE, MAP_PRIVATE|MAP_FIXED|MAP_ANONYMOUS|MAP_NORESERVE, -1, 0) = 0x7f90443c8000
2097  munmap(0x7f9048fec000, 16384 <unfinished ...>
2096  munmap(0x7f9057b00000, 16384 <unfinished ...>
2095  <... mmap resumed>)               = 0x7f904e678000
2100  munmap(0x7f904fb64000, 16384 <unfinished ...>
2096  <... munmap resumed>)             = 0
2097  <... munmap resumed>)             = 0
2100  <... munmap resumed>)             = 0
2096  mmap(0x7f9057b00000, 16384, PROT_READ|PROT_WRITE, MAP_PRIVATE|MAP_FIXED|MAP_ANONYMOUS|MAP_NORESERVE, -1, 0 <unfinished ...>
2100  mmap(0x7f904fb64000, 16384, PROT_READ|PROT_WRITE, MAP_PRIVATE|MAP_FIXED|MAP_ANONYMOUS|MAP_NORESERVE, -1, 0 <unfinished ...>
2097  mmap(0x7f9048fec000, 16384, PROT_READ|PROT_WRITE, MAP_PRIVATE|MAP_FIXED|MAP_ANONYMOUS|MAP_NORESERVE, -1, 0 <unfinished ...>
2096  <... mmap resumed>)               = 0x7f9057b00000
2095  munmap(0x7f9040fac000, 16384 <unfinished ...>
2100  <... mmap resumed>)               = 0x7f904fb64000
2097  <... mmap resumed>)               = 0x7f9048fec000
2100  munmap(0x7f9061e48000, 16384 <unfinished ...>
2096  munmap(0x7f90565a8000, 16384 <unfinished ...>
2100  <... munmap resumed>)             = 0
2097  munmap(0x7f905af5c000, 16384 <unfinished ...>
2100  mmap(0x7f9061e48000, 16384, PROT_READ|PROT_WRITE, MAP_PRIVATE|MAP_FIXED|MAP_ANONYMOUS|MAP_NORESERVE, -1, 0 <unfinished ...>
2096  <... munmap resumed>)             = 0
2096  mmap(0x7f90565a8000, 16384, PROT_READ|PROT_WRITE, MAP_PRIVATE|MAP_FIXED|MAP_ANONYMOUS|MAP_NORESERVE, -1, 0 <unfinished ...>
2095  <... munmap resumed>)             = 0
2100  <... mmap resumed>)               = 0x7f9061e48000
2097  <... munmap resumed>)             = 0
2100  munmap(0x7f903cb84000, 16384 <unfinished ...>
2095  mmap(0x7f9040fac000, 16384, PROT_READ|PROT_WRITE, MAP_PRIVATE|MAP_FIXED|MAP_ANONYMOUS|MAP_NORESERVE, -1, 0 <unfinished ...>
2097  mmap(0x7f905af5c000, 16384, PROT_READ|PROT_WRITE, MAP_PRIVATE|MAP_FIXED|MAP_ANONYMOUS|MAP_NORESERVE, -1, 0 <unfinished ...>
2100  <... munmap resumed>)             = 0
2100  mmap(0x7f903cb84000, 16384, PROT_READ|PROT_WRITE, MAP_PRIVATE|MAP_FIXED|MAP_ANONYMOUS|MAP_NORESERVE, -1, 0) = 0x7f903cb84000
2097  <... mmap resumed>)               = 0x7f905af5c000
2096  <... mmap resumed>)               = 0x7f90565a8000
2095  <... mmap resumed>)               = 0x7f9040fac000
2100  munmap(0x7f9062960000, 16384 <unfinished ...>
2097  munmap(0x7f9054d98000, 16384 <unfinished ...>
2096  munmap(0x7f903c1dc000, 16384 <unfinished ...>
2095  munmap(0x7f90577ec000, 16384 <unfinished ...>
2100  <... munmap resumed>)             = 0
2100  mmap(0x7f9062960000, 16384, PROT_READ|PROT_WRITE, MAP_PRIVATE|MAP_FIXED|MAP_ANONYMOUS|MAP_NORESERVE, -1, 0 <unfinished ...>
2095  <... munmap resumed>)             = 0
2100  <... mmap resumed>)               = 0x7f9062960000
2097  <... munmap resumed>)             = 0
2095  mmap(0x7f90577ec000, 16384, PROT_READ|PROT_WRITE, MAP_PRIVATE|MAP_FIXED|MAP_ANONYMOUS|MAP_NORESERVE, -1, 0 <unfinished ...>
2100  munmap(0x7f9041d6c000, 16384 <unfinished ...>
2097  mmap(0x7f9054d98000, 16384, PROT_READ|PROT_WRITE, MAP_PRIVATE|MAP_FIXED|MAP_ANONYMOUS|MAP_NORESERVE, -1, 0 <unfinished ...>
2096  <... munmap resumed>)             = 0
2100  <... munmap resumed>)             = 0
2097  <... mmap resumed>)               = 0x7f9054d98000
2095  <... mmap resumed>)               = 0x7f90577ec000
2096  mmap(0x7f903c1dc000, 16384, PROT_READ|PROT_WRITE, MAP_PRIVATE|MAP_FIXED|MAP_ANONYMOUS|MAP_NORESERVE, -1, 0 <unfinished ...>
2100  mmap(0x7f9041d6c000, 16384, PROT_READ|PROT_WRITE, MAP_PRIVATE|MAP_FIXED|MAP_ANONYMOUS|MAP_NORESERVE, -1, 0) = 0x7f9041d6c000
2097  munmap(0x7f904b4b4000, 16384 <unfinished ...>
2095  munmap(0x7f903d6e0000, 16384 <unfinished ...>
2100  munmap(0x7f904d960000, 16384 <unfinished ...>
2097  <... munmap resumed>)             = 0
2096  <... mmap resumed>)               = 0x7f903c1dc000
2100  <... munmap resumed>)             = 0
2095  <... munmap resumed>)             = 0
2097  mmap(0x7f904b4b4000, 16384, PROT_READ|PROT_WRITE, MAP_PRIVATE|MAP_FIXED|MAP_ANONYMOUS|MAP_NORESERVE, -1, 0 <unfinished ...>
2096  munmap(0x7f9040264000, 16384 <unfinished ...>
2100  mmap(0x7f904d960000, 16384, PROT_READ|PROT_WRITE, MAP_PRIVATE|MAP_FIXED|MAP_ANONYMOUS|MAP_NORESERVE, -1, 0 <unfinished ...>
2095  mmap(0x7f903d6e0000, 16384, PROT_READ|PROT_WRITE, MAP_PRIVATE|MAP_FIXED|MAP_ANONYMOUS|MAP_NORESERVE, -1, 0 <unfinished ...>
2100  <... mmap resumed>)               = 0x7f904d960000
2097  <... mmap resumed>)               = 0x7f904b4b4000
2095  <... mmap resumed>)               = 0x7f903d6e0000
2097  munmap(0x7f905611c000, 16384 <unfinished ...>
2096  <... munmap resumed>)             = 0
2095  munmap(0x7f90661c8000, 16384 <unfinished ...>
2100  munmap(0x7f904d980000, 16384 <unfinished ...>
2097  <... munmap resumed>)             = 0
2096  mmap(0x7f9040264000, 16384, PROT_READ|PROT_WRITE, MAP_PRIVATE|MAP_FIXED|MAP_ANONYMOUS|MAP_NORESERVE, -1, 0 <unfinished ...>
2095  <... munmap resumed>)             = 0
2097  mmap(0x7f905611c000, 16384, PROT_READ|PROT_WRITE, MAP_PRIVATE|MAP_FIXED|MAP_ANONYMOUS|MAP_NORESERVE, -1, 0 <unfinished ...>
2095  mmap(0x7f90661c8000, 16384, PROT_READ|PROT_WRITE, MAP_PRIVATE|MAP_FIXED|MAP_ANONYMOUS|MAP_NORESERVE, -1, 0 <unfinished ...>
2100  <... munmap resumed>)             = 0
2097  <... mmap resumed>)               = 0x7f905611c000
2095  <... mmap resumed>)               = 0x7f90661c8000
2100  mmap(0x7f904d980000, 16384, PROT_READ|PROT_WRITE, MAP_PRIVATE|MAP_FIXED|MAP_ANONYMOUS|MAP_NORESERVE, -1, 0 <unfinished ...>
2096  <... mmap resumed>)               = 0x7f9040264000
2097  munmap(0x7f9049b94000, 16384 <unfinished ...>
2095  munmap(0x7f90556f4000, 16384 <unfinished ...>
2100  <... mmap resumed>)               = 0x7f904d980000
2096  munmap(0x7f9050688000, 16384 <unfinished ...>
2100  munmap(0x7f9053b6c000, 16384 <unfinished ...>
2097  <... munmap resumed>)             = 0
2100  <... munmap resumed>)             = 0
2097  mmap(0x7f9049b94000, 16384, PROT_READ|PROT_WRITE, MAP_PRIVATE|MAP_FIXED|MAP_ANONYMOUS|MAP_NORESERVE, -1, 0 <unfinished ...>
2096  <... munmap resumed>)             = 0
2095  <... munmap resumed>)             = 0
2100  mmap(0x7f9053b6c000, 16384, PROT_READ|PROT_WRITE, MAP_PRIVATE|MAP_FIXED|MAP_ANONYMOUS|MAP_NORESERVE, -1, 0 <unfinished ...>
2097  <... mmap resumed>)               = 0x7f9049b94000
2096  mmap(0x7f9050688000, 16384, PROT_READ|PROT_WRITE, MAP_PRIVATE|MAP_FIXED|MAP_ANONYMOUS|MAP_NORESERVE, -1, 0 <unfinished ...>
2095  mmap(0x7f90556f4000, 16384, PROT_READ|PROT_WRITE, MAP_PRIVATE|MAP_FIXED|MAP_ANONYMOUS|MAP_NORESERVE, -1, 0 <unfinished ...>
2097  munmap(0x7f905c1dc000, 16384 <unfinished ...>
2100  <... mmap resumed>)               = 0x7f9053b6c000
2096  <... mmap resumed>)               = 0x7f9050688000
2095  <... mmap resumed>)               = 0x7f90556f4000
2097  <... munmap resumed>)             = 0
2096  munmap(0x7f904f5f4000, 16384 <unfinished ...>
2095  munmap(0x7f90555bc000, 16384 <unfinished ...>
2100  munmap(0x7f9061b80000, 16384 <unfinished ...>
2097  mmap(0x7f905c1dc000, 16384, PROT_READ|PROT_WRITE, MAP_PRIVATE|MAP_FIXED|MAP_ANONYMOUS|MAP_NORESERVE, -1, 0 <unfinished ...>
2095  <... munmap resumed>)             = 0
2097  <... mmap resumed>)               = 0x7f905c1dc000
2096  <... munmap resumed>)             = 0
2100  <... munmap resumed>)             = 0
2096  mmap(0x7f904f5f4000, 16384, PROT_READ|PROT_WRITE, MAP_PRIVATE|MAP_FIXED|MAP_ANONYMOUS|MAP_NORESERVE, -1, 0 <unfinished ...>
2095  mmap(0x7f90555bc000, 16384, PROT_READ|PROT_WRITE, MAP_PRIVATE|MAP_FIXED|MAP_ANONYMOUS|MAP_NORESERVE, -1, 0 <unfinished ...>
2097  futex(0x7ffc3afb4c74, FUTEX_WAIT_PRIVATE, 0, NULL <unfinished ...>
2100  mmap(0x7f9061b80000, 16384, PROT_READ|PROT_WRITE, MAP_PRIVATE|MAP_FIXED|MAP_ANONYMOUS|MAP_NORESERVE, -1, 0 <unfinished ...>
2096  <... mmap resumed>)               = 0x7f904f5f4000
2095  <... mmap resumed>)               = 0x7f90555bc000
2100  <... mmap resumed>)               = 0x7f9061b80000
2096  futex(0x7ffc3afb4c74, FUTEX_WAIT_PRIVATE, 0, NULL <unfinished ...>
2095  futex(0x7ffc3afb4c74, FUTEX_WAIT_PRIVATE, 0, NULL <unfinished ...>
2100  futex(0x7ffc3afb4c74, FUTEX_WAKE_PRIVATE, 2147483647 <unfinished ...>
2086  <... futex resumed>)              = 0
2100  <... futex resumed>)              = 2
2097  <... futex resumed>)              = 0
2096  <... futex resumed>)              = -1 EAGAIN (Resource temporarily unavailable)
2095  <... futex resumed>)              = -1 EAGAIN (Resource temporarily unavailable)
2086  futex(0x7f90396af990, FUTEX_WAIT_BITSET|FUTEX_CLOCK_REALTIME, 2095, NULL, FUTEX_BITSET_MATCH_ANY <unfinished ...>
2100  rt_sigprocmask(SIG_BLOCK, ~[RT_1],  <unfinished ...>
2097  rt_sigprocmask(SIG_BLOCK, ~[RT_1],  <unfinished ...>
2096  rt_sigprocmask(SIG_BLOCK, ~[RT_1],  <unfinished ...>
2095  rt_sigprocmask(SIG_BLOCK, ~[RT_1],  <unfinished ...>
2100  <... rt_sigprocmask resumed>NULL, 8) = 0
2096  <... rt_sigprocmask resumed>NULL, 8) = 0
2097  <... rt_sigprocmask resumed>NULL, 8) = 0
2095  <... rt_sigprocmask resumed>NULL, 8) = 0
2100  madvise(0x7f90376ac000, 8368128, MADV_DONTNEED <unfinished ...>
2097  madvise(0x7f9037ead000, 8368128, MADV_DONTNEED <unfinished ...>
2096  madvise(0x7f90386ae000, 8368128, MADV_DONTNEED <unfinished ...>
2100  <... madvise resumed>)            = 0
2095  madvise(0x7f9038eaf000, 8368128, MADV_DONTNEED <unfinished ...>
2100  exit(0 <unfinished ...>
2097  <... madvise resumed>)            = 0
2096  <... madvise resumed>)            = 0
2095  <... madvise resumed>)            = 0
2100  <... exit resumed>)               = ?
2097  exit(0 <unfinished ...>
2096  exit(0 <unfinished ...>
2095  exit(0 <unfinished ...>
2096  <... exit resumed>)               = ?
2095  <... exit resumed>)               = ?
2086  <... futex resumed>)              = 0
2097  <... exit resumed>)               = ?
2086  openat(AT_FDCWD, "/proc/self/statm", O_RDONLY) = 3
2086  fstat(3, {st_mode=S_IFREG|0444, st_size=0, ...}) = 0
2086  read(3, "192666 184278 425 2 0 192089 0\n", 1024) = 31
2086  write(2, "mmbench: peak RSS ~719 MB\n", 26) = 26
2086  close(3)                          = 0
2086  uname({sysname="Linux", nodename="syzkaller", ...}) = 0
2086  uname({sysname="Linux", nodename="syzkaller", ...}) = 0
2086  fstat(1, {st_mode=S_IFCHR|0666, st_rdev=makedev(0x1, 0x3), ...}) = 0
2086  ioctl(1, TCGETS, 0x7ffc3afb4220)  = -1 ENOTTY (Inappropriate ioctl for device)
2086  write(1, "{\"bench\":\"unmap\",\"contention\":\"high\",\"threads\":4,\"ops\":1570,\"elapsed_s\":1.005,\"ops_per_us\":0.000"..., 191) = 191
2086  munmap(0x7f90396b0000, 752877568) = 0
2086  exit_group(0)                     = ?
